NAME,B19013_001E,B01003_001E,B01002_001E,B15003_001E,B15003_022E,B15003_023E,B25003_001E,B25003_002E,B25077_001E,metropolitan statistical area/micropolitan statistical area,metropolitan division,geo_level,geo_code,parent_cbsa,year
"Homosassa Springs, FL Metro Area",38109,139771,55.0,110151,11853,4466,60670,49432,113500,26140,,msa,26140,,2014
"Hickory-Lenoir-Morganton, NC Metro Area",40820,363936,41.4,251692,30300,10648,138096,98877,120200,25860,,msa,25860,,2014
"Hobbs, NM Micro Area",55248,66876,31.5,40156,3148,1541,21331,15050,101400,26020,,msa,26020,,2014
"Holland, MI Micro Area",52472,112266,39.8,75010,10568,3891,41767,34133,137500,26090,,msa,26090,,2014
"Hood River, OR Micro Area",56417,22620,39.1,15081,3251,977,8251,5294,309500,26220,,msa,26220,,2014
"Hot Springs, AR Metro Area",39558,96804,44.1,68941,8765,4026,39876,27022,130200,26300,,msa,26300,,2014
"Houghton, MI Micro Area",36608,38936,34.2,23245,4107,1654,14962,10539,90700,26340,,msa,26340,,2014
"Houma-Thibodaux, LA Metro Area",50138,209402,35.9,136139,13007,4014,74964,55681,132900,26380,,msa,26380,,2014
"Houston-The Woodlands-Sugar Land, TX Metro Area",58689,6204141,33.5,3908384,762519,283151,2112447,1295275,144000,26420,,msa,26420,,2014
"Hudson, NY Micro Area",58625,62525,46.5,45648,6492,4889,25095,18067,222800,26460,,msa,26460,,2014
"Huntingdon, PA Micro Area",44163,45950,42.4,32658,2933,1169,17231,13133,115900,26500,,msa,26500,,2014
"Huntington, IN Micro Area",47356,36959,39.9,24785,2749,1377,14413,11005,97100,26540,,msa,26540,,2014
"Huntington-Ashland, WV-KY-OH Metro Area",42448,364514,40.9,252960,28366,14358,143943,103381,103400,26580,,msa,26580,,2014
"Huntsville, AL Metro Area",55881,430396,37.9,289378,64490,29715,167565,117875,161000,26620,,msa,26620,,2014
"Huntsville, TX Micro Area",38129,83334,36.8,55105,6341,2210,25759,15998,107000,26660,,msa,26660,,2014
"Huron, SD Micro Area",44258,17922,38.2,12096,1967,424,7460,4871,91600,26700,,msa,26700,,2014
"Hutchinson, KS Micro Area",44673,64223,39.7,43326,5714,2315,25335,17292,92500,26740,,msa,26740,,2014
"Hutchinson, MN Micro Area",56234,36172,39.6,24615,3320,1023,14727,11211,151400,26780,,msa,26780,,2014
"Idaho Falls, ID Metro Area",50987,136057,32.2,81303,14497,4153,45605,34349,153400,26820,,msa,26820,,2014
"Indiana, PA Micro Area",45168,88301,38.8,56409,7929,3513,34398,24553,107000,26860,,msa,26860,,2014
"Indianapolis-Carmel-Anderson, IN Metro Area",52434,1931182,36.0,1265836,253927,96306,734934,484053,139900,26900,,msa,26900,,2014
"Indianola, MS Micro Area",27941,28314,33.7,18180,1602,768,8451,4946,70600,26940,,msa,26940,,2014
"Ionia, MI Micro Area",48100,63976,37.3,42469,4310,1473,22140,17367,109100,26960,,msa,26960,,2014
"Iowa City, IA Metro Area",55030,158708,31.0,95259,24305,11554,63906,39356,180800,26980,,msa,26980,,2014
"Iron Mountain, MI-WI Micro Area",45340,30570,46.9,22287,2976,1226,13107,10830,90500,27020,,msa,27020,,2014
"Ithaca, NY Metro Area",52836,103179,29.8,58536,12409,9837,38340,21501,171000,27060,,msa,27060,,2014
"Jackson, MI Metro Area",45452,159927,40.2,108955,14172,4956,60485,43916,110500,27100,,msa,27100,,2014
"Jackson, MS Metro Area",45366,574998,35.3,370983,65690,27469,206923,139355,129800,27140,,msa,27140,,2014
"Jackson, OH Micro Area",37393,32952,39.6,22296,2466,1280,13204,9089,90700,27160,,msa,27160,,2014
"Jackson, TN Metro Area",41346,130233,37.5,84955,12301,4200,47768,31612,108900,27180,,msa,27180,,2014
"Jackson, WY-ID Micro Area",66590,32168,36.5,22955,7835,2373,11431,7178,396000,27220,,msa,27220,,2014
"Jacksonville, FL Metro Area",52067,1380995,37.7,928973,176272,58604,516599,339808,158300,27260,,msa,27260,,2014
"Jacksonville, IL Micro Area",46760,40532,41.2,27805,3605,1643,16035,11245,93100,27300,,msa,27300,,2014
"Jacksonville, NC Metro Area",46141,182921,25.9,96034,12257,4026,61147,32832,154100,27340,,msa,27340,,2014
"Jacksonville, TX Micro Area",38949,50971,37.8,33005,3843,1109,17527,12487,81800,27380,,msa,27380,,2014
"Jamestown, ND Micro Area",50926,21056,41.1,14541,2652,414,9050,6059,102000,27420,,msa,27420,,2014
"Jamestown-Dunkirk-Fredonia, NY Micro Area",42720,133556,41.2,90260,10359,6939,54226,37908,84100,27460,,msa,27460,,2014
"Janesville-Beloit, WI Metro Area",49645,160465,38.8,107485,14021,5761,63385,44212,131500,27500,,msa,27500,,2014
"Jasper, IN Micro Area",52332,54903,41.5,37671,4050,1760,21019,16613,121900,27540,,msa,27540,,2014
"Jayuya, PR Micro Area",16111,16183,34.5,10190,1202,375,4712,3292,93000,27580,,msa,27580,,2014
"Jefferson, GA Micro Area",52857,60928,38.0,40137,5005,1762,20927,16228,156700,27600,,msa,27600,,2014
"Jefferson City, MO Metro Area",51025,150440,38.1,100997,17119,6297,56404,40379,136100,27620,,msa,27620,,2014
"Jesup, GA Micro Area",37970,30170,37.3,20409,1539,641,10226,7046,85300,27700,,msa,27700,,2014
"Johnson City, TN Metro Area",39084,200271,40.9,139044,20782,9027,83999,57454,128500,27740,,msa,27740,,2014
"Johnstown, PA Metro Area",42304,140835,44.1,100239,12117,4849,57959,42792,86800,27780,,msa,27780,,2014
"Jonesboro, AR Metro Area",40358,124194,34.6,79001,11008,3947,47395,28183,111200,27860,,msa,27860,,2014
"Joplin, MO Metro Area",41562,175679,36.6,114201,15709,5426,67433,45770,103800,27900,,msa,27900,,2014
"Junction City, KS Micro Area",45660,36458,26.4,19762,2508,1119,12782,5702,136900,27920,,msa,27920,,2014
"Juneau, AK Micro Area",84750,32200,37.3,21948,5113,2347,12081,7692,318000,27940,,msa,27940,,2014
"Kahului-Wailuku-Lahaina, HI Metro Area",64563,158887,40.0,110836,19381,5947,53177,30442,510300,27980,,msa,27980,,2014
"Aberdeen, SD Micro Area",52641,41564,39.2,27658,5288,1447,17383,12374,136000,10100,,msa,10100,,2014
"Aberdeen, WA Micro Area",43379,71734,42.5,50758,5326,1758,27318,18846,158500,10140,,msa,10140,,2014
"Abilene, TX Metro Area",44249,167171,34.1,105223,15483,5036,60343,38204,91900,10180,,msa,10180,,2014
"Ada, OK Micro Area",42566,37873,35.3,24193,3980,2012,14650,9667,102000,10220,,msa,10220,,2014
"Adjuntas, PR Micro Area",10550,19188,37.1,12567,1649,241,6178,3530,103500,10260,,msa,10260,,2014
"Adrian, MI Micro Area",48118,99257,40.6,67368,8633,3775,37859,29241,113900,10300,,msa,10300,,2014
"Aguadilla-Isabela, PR Metro Area",15681,331146,39.1,223889,32605,7444,109620,73926,106700,10380,,msa,10380,,2014
"Akron, OH Metro Area",50776,703017,40.0,475037,88763,34933,281752,190131,137600,10420,,msa,10420,,2014
"Alamogordo, NM Micro Area",40614,65415,35.6,42006,4250,2419,23907,15475,101400,10460,,msa,10460,,2014
"Albany, GA Metro Area",36805,156706,35.7,99770,9655,4480,58250,32825,103900,10500,,msa,10500,,2014
"Albany, OR Metro Area",44965,118270,39.4,80413,9722,3231,44942,29529,171700,10540,,msa,10540,,2014
"Albany-Schenectady-Troy, NY Metro Area",61841,875567,39.9,595704,112463,68299,347401,226423,196800,10580,,msa,10580,,2014
"Albemarle, NC Micro Area",42010,60553,41.6,41508,4545,1498,23484,17020,128000,10620,,msa,10620,,2014
"Albert Lea, MN Micro Area",45569,31034,44.5,21944,2326,711,13077,9935,102700,10660,,msa,10660,,2014
"Albertville, AL Micro Area",39473,94121,38.6,62506,6459,2728,34524,24768,114600,10700,,msa,10700,,2014
"Albuquerque, NM Metro Area",48875,899137,36.9,597546,101561,54464,344168,229093,177100,10740,,msa,10740,,2014
"Alexandria, LA Metro Area",41032,154562,37.3,101860,11535,3846,54908,36475,115900,10780,,msa,10780,,2014
"Alexandria, MN Micro Area",52485,36413,44.1,25786,4461,1135,15639,11922,189800,10820,,msa,10820,,2014
"Alice, TX Micro Area",42463,41348,34.2,25547,1662,804,13488,9607,67400,10860,,msa,10860,,2014
"Allentown-Bethlehem-Easton, PA-NJ Metro Area",58681,826260,41.0,568319,95644,42240,313786,221920,202900,10900,,msa,10900,,2014
"Alma, MI Micro Area",41833,42057,39.0,28385,2490,1089,14705,10941,87300,10940,,msa,10940,,2014
"Alpena, MI Micro Area",38353,29242,46.6,21177,1989,1041,12860,9960,94900,10980,,msa,10980,,2014
"Altoona, PA Metro Area",43871,126708,42.6,88648,11084,3878,50948,36708,108500,11020,,msa,11020,,2014
"Altus, OK Micro Area",42029,26275,34.0,16583,2127,838,10407,6165,88100,11060,,msa,11060,,2014
"Amarillo, TX Metro Area",49553,257038,34.3,164003,26029,8868,95576,61670,118500,11100,,msa,11100,,2014
"Americus, GA Micro Area",34415,36858,35.1,22873,2139,1245,13541,8146,86000,11140,,msa,11140,,2014
"Ames, IA Metro Area",51270,91939,26.5,48013,13350,5650,35666,19202,164200,11180,,msa,11180,,2014
"Amsterdam, NY Micro Area",44167,49951,41.0,34299,3379,1668,19655,13231,101100,11220,,msa,11220,,2014
"Anchorage, AK Metro Area",76453,392021,33.0,247251,47946,18663,136268,86636,268200,11260,,msa,11260,,2014
"Andrews, TX Micro Area",61250,16126,33.1,9780,1036,218,5412,4161,95500,11380,,msa,11380,,2014
"Angola, IN Micro Area",48750,34190,41.2,23022,3197,1138,13409,10414,124300,11420,,msa,11420,,2014
"Ann Arbor, MI Metro Area",60805,351454,33.3,217885,54494,36742,136471,82742,199200,11460,,msa,11460,,2014
"Anniston-Oxford-Jacksonville, AL Metro Area",40919,117186,38.8,78667,8434,3664,45348,31077,103300,11500,,msa,11500,,2014
"Appleton, WI Metro Area",60413,228641,38.0,152422,29587,9016,88750,65442,158400,11540,,msa,11540,,2014
"Arcadia, FL Micro Area",36114,34785,39.2,23548,1544,580,10964,7911,83800,11580,,msa,11580,,2014
"Ardmore, OK Micro Area",43280,48288,38.4,32019,3986,1347,17475,12223,94600,11620,,msa,11620,,2014
"Arecibo, PR Metro Area",17566,195749,39.1,132382,21137,4905,67223,47233,107500,11640,,msa,11640,,2014
"Arkadelphia, AR Micro Area",34109,22800,34.1,13292,1713,853,8467,5378,84300,11660,,msa,11660,,2014
"Arkansas City-Winfield, KS Micro Area",42157,36201,38.2,23436,2969,1247,13783,9585,79900,11680,,msa,11680,,2014
"Asheville, NC Metro Area",44820,433204,43.0,312899,61465,25333,181793,123751,179700,11700,,msa,11700,,2014
"Ashland, OH Micro Area",47034,53202,40.0,35059,4297,1924,20339,14644,119900,11740,,msa,11740,,2014
"Ashtabula, OH Micro Area",40304,100346,41.6,69248,6074,2534,38933,28158,107300,11780,,msa,11780,,2014
"Astoria, OR Micro Area",47337,37236,43.8,26677,3954,1838,15746,9870,248300,11820,,msa,11820,,2014
"Atchison, KS Micro Area",44648,16737,36.5,10241,1146,616,6180,4496,85800,11860,,msa,11860,,2014
"Athens, OH Micro Area",33773,64840,27.0,34239,4680,3516,22208,12549,113900,11900,,msa,11900,,2014
"Athens, TN Micro Area",39644,52409,42.2,36400,3374,1331,20187,15062,116200,11940,,msa,11940,,2014
"Athens, TX Micro Area",40299,78836,43.2,54833,5883,2222,29820,22507,88100,11980,,msa,11980,,2014
"Athens-Clarke County, GA Metro Area",41624,196287,30.7,115287,20050,12018,68975,38585,158600,12020,,msa,12020,,2014
"Atlanta-Sandy Springs-Roswell, GA Metro Area",56618,5455053,35.4,3531779,803174,317404,1936823,1250064,167400,12060,,msa,12060,,2014
"Atlantic City-Hammonton, NJ Metro Area",54392,275325,40.5,186811,30807,10587,101166,68479,230200,12100,,msa,12100,,2014
"Auburn, IN Micro Area",49561,42321,38.3,28023,3194,1328,16235,12836,108400,12140,,msa,12140,,2014
"Auburn, NY Micro Area",51792,79481,42.3,55677,6594,3699,30907,22243,109000,12180,,msa,12180,,2014
"Auburn-Opelika, AL Metro Area",43641,147790,30.2,85595,16049,7911,56637,34197,150100,12220,,msa,12220,,2014
"Augusta-Richmond County, GA-SC Metro Area",46144,575669,37.0,379294,56546,23198,208736,140911,125900,12260,,msa,12260,,2014
"Augusta-Waterville, ME Micro Area",46559,121507,43.6,86319,12486,5736,51242,35994,151400,12300,,msa,12300,,2014
"Austin, MN Micro Area",47623,39312,39.0,26085,3453,837,15511,11155,108300,12380,,msa,12380,,2014
"Austin-Round Rock, TX Metro Area",61900,1835016,33.3,1182550,316670,119146,673901,390412,196500,12420,,msa,12420,,2014
"Bainbridge, GA Micro Area",31090,27508,38.3,18022,1611,801,10473,6632,99800,12460,,msa,12460,,2014
"Bakersfield, CA Metro Area",48574,857730,31.0,506477,51067,17956,257737,147334,161800,12540,,msa,12540,,2014
"Baltimore-Columbia-Towson, MD Metro Area",70311,2753396,38.2,1866079,385227,210380,1032863,686405,277600,12580,,msa,12580,,2014
"Bangor, ME Metro Area",44543,153627,40.8,105346,16180,6405,62215,41918,137700,12620,,msa,12620,,2014
"Baraboo, WI Micro Area",50982,62681,40.2,43310,6501,2224,25400,17481,168200,12660,,msa,12660,,2014
"Bardstown, KY Micro Area",45655,44254,37.9,29371,2948,1432,16660,12443,125200,12680,,msa,12680,,2014
"Barnstable Town, MA Metro Area",61597,215167,50.8,164363,37716,20087,94371,74245,362800,12700,,msa,12700,,2014
"Barre, VT Micro Area",58293,59333,42.9,41984,9580,5118,24704,18030,207100,12740,,msa,12740,,2014
"Bartlesville, OK Micro Area",48870,51564,40.1,35071,6281,2213,21109,15465,109900,12780,,msa,12780,,2014
"Bastrop, LA Micro Area",28304,27319,38.8,18253,1782,421,10383,6718,77400,12820,,msa,12820,,2014
"Batavia, NY Micro Area",50573,59702,42.3,41569,5182,2764,23967,17513,105200,12860,,msa,12860,,2014
"Batesville, AR Micro Area",36186,36861,38.5,24801,2408,900,14405,10084,91300,12900,,msa,12900,,2014
"Baton Rouge, LA Metro Area",51829,814805,34.5,520286,93989,30983,299156,204029,158600,12940,,msa,12940,,2014
"Battle Creek, MI Metro Area",43199,135150,40.0,91028,11714,4660,52842,36908,97100,12980,,msa,12980,,2014
"Blackfoot, ID Micro Area",48088,45558,32.5,26974,3364,921,14840,10931,136300,13940,,msa,13940,,2014
"Beatrice, NE Micro Area",49021,21889,44.4,15418,2260,602,9119,6582,107900,13100,,msa,13100,,2014
"Blacksburg-Christiansburg-Radford, VA Metro Area",44564,179908,32.8,107490,18070,9415,68600,42677,159300,13980,,msa,13980,,2014
"Bay City, MI Metro Area",45715,107074,42.3,74904,9499,3292,43712,34145,93300,13020,,msa,13020,,2014
"Bay City, TX Micro Area",40410,36611,37.4,23862,2762,635,13143,8972,91300,13060,,msa,13060,,2014
"Beaumont-Port Arthur, TX Metro Area",44845,404741,36.9,267558,31403,9173,149713,102905,95500,13140,,msa,13140,,2014
"Beaver Dam, WI Micro Area",53189,88589,41.5,62662,6850,2234,32979,24239,152900,13180,,msa,13180,,2014
"Beckley, WV Metro Area",38606,124536,41.5,88945,9338,3824,48730,36447,86900,13220,,msa,13220,,2014
"Bedford, IN Micro Area",44553,45970,41.7,32015,3059,1233,18561,14564,103000,13260,,msa,13260,,2014
"Beeville, TX Micro Area",41738,32462,36.2,22027,1332,498,8933,5753,72300,13300,,msa,13300,,2014
"Bellefontaine, OH Micro Area",48416,45564,40.1,30874,2963,1238,18471,13647,117100,13340,,msa,13340,,2014
"Bellingham, WA Metro Area",53025,204855,36.5,132477,28409,9950,79837,50008,273000,13380,,msa,13380,,2014
"Bemidji, MN Micro Area",43990,45236,33.4,27268,4925,1608,16793,11758,147200,13420,,msa,13420,,2014
"Bend-Redmond, OR Metro Area",49584,163141,41.4,115139,23323,9357,64917,42175,243400,13460,,msa,13460,,2014
"Bennettsville, SC Micro Area",28765,28294,39.6,19916,1091,582,9645,6458,58400,13500,,msa,13500,,2014
"Bennington, VT Micro Area",49303,36739,45.8,26102,5234,2237,15477,10861,210600,13540,,msa,13540,,2014
"Berlin, NH-VT Micro Area",40877,38433,48.0,29066,3278,1246,17147,12340,125500,13620,,msa,13620,,2014
"Big Rapids, MI Micro Area",40396,43226,34.8,25975,3482,1709,15529,11468,110700,13660,,msa,13660,,2014
"Big Spring, TX Micro Area",48768,36892,37.1,24896,2381,682,11662,7952,72300,13700,,msa,13700,,2014
"Big Stone Gap, VA Micro Area",35880,60499,40.4,42181,3386,1364,23372,16453,82800,13720,,msa,13720,,2014
"Billings, MT Metro Area",51481,162892,38.9,111263,22803,5944,66009,45601,187100,13740,,msa,13740,,2014
"Binghamton, NY Metro Area",48290,249261,40.6,167325,24021,14584,99616,68367,108800,13780,,msa,13780,,2014
"Birmingham-Hoover, AL Metro Area",48438,1135534,38.1,766908,133142,52861,435724,303258,144000,13820,,msa,13820,,2014
"Bismarck, ND Metro Area",62375,120688,37.0,80902,17273,5114,49468,35482,171000,13900,,msa,13900,,2014
"Bloomington, IL Metro Area",61173,188851,33.2,114596,32215,10740,71161,48111,154000,14010,,msa,14010,,2014
"Bloomington, IN Metro Area",42416,162422,29.7,92831,17947,12151,62317,35780,150800,14020,,msa,14020,,2014
"Bloomsburg-Berwick, PA Metro Area",47909,85564,40.8,57121,7859,3463,33793,23977,142000,14100,,msa,14100,,2014
"Bluefield, WV-VA Micro Area",35910,106492,42.7,75606,8498,2542,43896,32092,86200,14140,,msa,14140,,2014
"Blytheville, AR Micro Area",34424,45385,35.2,28735,2336,1144,17188,10068,78000,14180,,msa,14180,,2014
"Bogalusa, LA Micro Area",31750,46723,39.1,31374,2408,788,17589,12772,79200,14220,,msa,14220,,2014
"Boise City, ID Metro Area",50776,639616,34.9,408520,82552,27336,232248,158062,164400,14260,,msa,14260,,2014
"Boone, IA Micro Area",52714,26326,41.1,18156,3009,734,10619,8038,119800,14340,,msa,14340,,2014
"Boone, NC Micro Area",35491,51903,29.3,28662,6066,3251,20224,11609,225600,14380,,msa,14380,,2014
"Borger, TX Micro Area",47191,21947,37.2,14501,1352,392,8390,6446,68200,14420,,msa,14420,,2014
"Boston-Cambridge-Newton, MA-NH Metro Area",74494,4650876,38.7,3192773,782406,431594,1764845,1085718,363600,14460,,msa,14460,,2014
"Boulder, CO Metro Area",69407,305166,35.7,195716,61713,34828,121526,76007,358000,14500,,msa,14500,,2014
"Bowling Green, KY Metro Area",43396,162322,34.9,102291,13644,6903,62821,39536,124300,14540,,msa,14540,,2014
"Bozeman, MT Micro Area",54298,93108,33.0,58743,18330,5780,37495,22987,263200,14580,,msa,14580,,2014
"Bradford, PA Micro Area",42913,43024,42.5,30264,2870,1502,17340,12732,74700,14620,,msa,14620,,2014
"Brainerd, MN Micro Area",47742,91399,44.7,64714,9762,3313,39530,30373,175800,14660,,msa,14660,,2014
"Branson, MO Micro Area",38360,84679,45.3,60196,6972,2320,33733,23085,133800,14700,,msa,14700,,2014
"Breckenridge, CO Micro Area",64521,28482,36.6,20896,6736,2468,10386,7008,461100,14720,,msa,14720,,2014
"Bremerton-Silverdale, WA Metro Area",62473,253614,39.3,172157,33302,12951,97993,65511,259000,14740,,msa,14740,,2014
"Brenham, TX Micro Area",49236,34039,41.6,22745,3733,1075,11917,8783,141700,14780,,msa,14780,,2014
"Brevard, NC Micro Area",43959,32943,49.9,24445,4169,1829,13735,10642,181300,14820,,msa,14820,,2014
"Bridgeport-Stamford-Norwalk, CT Metro Area",83163,934215,39.6,630525,160572,92566,333502,228331,422400,14860,,msa,14860,,2014
"Brownwood, TX Micro Area",40982,37903,39.8,25422,3021,800,13329,9294,86500,15220,,msa,15220,,2014
"Brunswick, GA Metro Area",44055,113572,40.6,77488,10017,4790,43257,28523,130900,15260,,msa,15260,,2014
"Bucyrus, OH Micro Area",41377,43036,42.5,29905,2411,1027,17625,12339,87100,15340,,msa,15340,,2014
"Buffalo-Cheektowaga-Niagara Falls, NY Metro Area",50726,1135667,40.9,780817,128514,77737,470035,311308,122600,15380,,msa,15380,,2014
"Burley, ID Micro Area",44467,43466,33.6,26217,2708,683,14848,10562,116700,15420,,msa,15420,,2014
"Burlington, IA-IL Micro Area",42750,47339,42.8,33104,4520,1321,19997,14758,93100,15460,,msa,15460,,2014
"Burlington, NC Metro Area",42592,153713,39.1,102239,14783,4790,61046,40306,135800,15500,,msa,15500,,2014
"Burlington-South Burlington, VT Metro Area",62175,213891,37.7,141212,35956,15608,84818,57418,252000,15540,,msa,15540,,2014
"Butte-Silver Bow, MT Micro Area",37503,34462,40.8,23285,3663,1216,15275,9778,122100,15580,,msa,15580,,2014
"Cadillac, MI Micro Area",40566,47685,41.9,32802,3436,1281,18587,14436,96700,15620,,msa,15620,,2014
"Calhoun, GA Micro Area",42414,55666,36.6,36097,3049,1275,19320,12870,113100,15660,,msa,15660,,2014
"California-Lexington Park, MD Metro Area",88190,108472,36.1,70246,12100,7224,37947,27535,300200,15680,,msa,15680,,2014
"Cambridge, MD Micro Area",45628,32614,43.4,23154,2711,1282,13419,8836,188100,15700,,msa,15700,,2014
"Cambridge, OH Micro Area",40420,39794,41.9,27413,2294,1063,15564,11529,94400,15740,,msa,15740,,2014
"Camden, AR Micro Area",32516,30687,42.9,21321,2226,793,12564,8812,67800,15780,,msa,15780,,2014
"Campbellsville, KY Micro Area",35521,25059,39.3,16320,1362,732,9491,6549,96300,15820,,msa,15820,,2014
"Cañon City, CO Micro Area",40569,46879,43.3,35756,3549,1671,16600,11944,157400,15860,,msa,15860,,2014
"Canton, IL Micro Area",45938,36616,42.4,26183,2963,876,14501,10936,81300,15900,,msa,15900,,2014
"Canton-Massillon, OH Metro Area",46233,403629,41.8,278118,37983,14475,160678,112481,120900,15940,,msa,15940,,2014
"Cape Coral-Fort Myers, FL Metro Area",47908,647554,46.4,475182,75812,30397,246061,170487,150000,15980,,msa,15980,,2014
"Cape Girardeau, MO-IL Metro Area",42889,97246,37.2,63019,9981,3905,37288,24944,123700,16020,,msa,16020,,2014
"Carbondale-Marion, IL Metro Area",39227,126933,35.4,81326,12542,6539,50229,31735,98800,16060,,msa,16060,,2014
"Carlsbad-Artesia, NM Micro Area",51303,54834,36.7,35687,3626,2013,20190,14849,116200,16100,,msa,16100,,2014
"Carson City, NV Metro Area",50108,54634,42.3,38327,4721,2201,21225,12346,188000,16180,,msa,16180,,2014
"Casper, WY Metro Area",56769,78667,36.2,52446,7564,2608,31790,21582,183100,16220,,msa,16220,,2014
"Cedar City, UT Micro Area",42305,46725,27.6,25038,4615,1789,15135,9513,165400,16260,,msa,16260,,2014
"Cedar Rapids, IA Metro Area",59000,261429,37.8,174172,35479,11442,105376,78486,144000,16300,,msa,16300,,2014
"Cedartown, GA Micro Area",39121,41250,37.2,26817,1943,1023,14778,10176,102000,16340,,msa,16340,,2014
"Celina, OH Micro Area",52033,40789,39.8,27077,2723,1406,15923,12320,127200,16380,,msa,16380,,2014
"Centralia, IL Micro Area",41783,38922,41.5,26707,2502,991,15835,11908,68500,16460,,msa,16460,,2014
"Centralia, WA Micro Area",42917,75382,42.6,52157,4491,2234,29450,19966,178200,16500,,msa,16500,,2014
"Chambersburg-Waynesboro, PA Metro Area",53394,151517,40.6,103988,12709,5797,58298,42320,174300,16540,,msa,16540,,2014
"Champaign-Urbana, IL Metro Area",48182,234672,30.6,137936,28821,16321,91858,53449,142100,16580,,msa,16580,,2014
"Charleston, WV Metro Area",45692,225248,42.4,160613,21420,9802,95619,68292,97700,16620,,msa,16620,,2014
"Charleston-Mattoon, IL Micro Area",39363,64605,34.2,39406,5366,2380,25247,16341,89700,16660,,msa,16660,,2014
"Charleston-North Charleston, SC Metro Area",52517,697281,35.8,465461,95963,37899,264864,170985,186700,16700,,msa,16700,,2014
"Charlotte-Concord-Gastonia, NC-SC Metro Area",52591,2298915,36.7,1518055,327585,113378,857926,570946,164900,16740,,msa,16740,,2014
"Charlottesville, VA Metro Area",59189,223063,37.5,149183,32233,17951,85076,55113,260300,16820,,msa,16820,,2014
"Chattanooga, TN-GA Metro Area",46228,537397,39.8,369116,56443,21616,209002,141708,143200,16860,,msa,16860,,2014
"Cheyenne, WY Metro Area",58324,94412,36.9,62674,10894,4132,37364,25428,186600,16940,,msa,16940,,2014
"Chicago-Naperville-Elgin, IL-IN-WI Metro Area",61497,9516448,36.3,6298440,1356862,616775,3438560,2242742,217300,16980,,msa,16980,,2014
"Brookhaven, MS Micro Area",35502,34824,38.1,22795,1951,1027,13091,9712,84200,15020,,msa,15020,,2014
"Brookings, OR Micro Area",41939,22341,54.1,17579,2430,1029,10296,6731,211300,15060,,msa,15060,,2014
"Brookings, SD Micro Area",48406,32647,26.2,16954,4648,1435,12318,7280,152000,15100,,msa,15100,,2014
"Brownsville-Harlingen, TX Metro Area",33390,415103,31.0,237917,27313,7401,119695,80361,77400,15180,,msa,15180,,2014
"Chico, CA Metro Area",43165,221578,36.9,141823,23653,7585,85215,50593,220100,17020,,msa,17020,,2014
"Clarksburg, WV Micro Area",42555,94320,42.2,67218,8308,3086,37317,28196,91800,17220,,msa,17220,,2014
"Chillicothe, OH Micro Area",43450,77552,40.2,54217,5159,2354,28209,20067,109400,17060,,msa,17060,,2014
"Cincinnati, OH-KY-IN Metro Area",55204,2131793,37.4,1406776,271337,115123,817460,548573,152600,17140,,msa,17140,,2014
"Claremont-Lebanon, NH-VT Micro Area",54733,217906,44.0,155195,30022,14650,89481,64163,198700,17200,,msa,17200,,2014
"Clarksdale, MS Micro Area",27735,25527,33.5,15425,2006,589,9350,5028,58100,17260,,msa,17260,,2014
"Clarksville, TN-KY Metro Area",46653,270751,30.2,162525,23443,8785,96607,57077,135600,17300,,msa,17300,,2014
"Clearlake, CA Micro Area",35997,64209,45.2,45971,4935,1745,26771,16795,167900,17340,,msa,17340,,2014
"Cleveland, MS Micro Area",29255,33961,34.6,21268,2983,1214,12377,6960,84900,17380,,msa,17380,,2014
"Cleveland, TN Metro Area",41301,117719,39.5,79487,9088,3762,44442,30632,137600,17420,,msa,17420,,2014
"Cleveland-Elyria, OH Metro Area",49551,2067490,41.0,1424361,251498,111627,846647,558141,139800,17460,,msa,17410,,2014
"Clewiston, FL Micro Area",36504,38360,33.3,23629,1652,722,11156,7832,72400,17500,,msa,17500,,2014
"Clinton, IA Micro Area",49849,48663,42.2,33526,4693,1292,19977,14801,110100,17540,,msa,17540,,2014
"Clovis, NM Micro Area",40318,50173,30.7,30308,3867,2006,18223,10830,129000,17580,,msa,17580,,2014
"Coamo, PR Micro Area",17938,40496,36.6,26507,3722,1176,13568,10703,92100,17620,,msa,17620,,2014
"Coco, PR Micro Area",13871,30506,35.9,19586,2401,714,11013,8882,85500,17640,,msa,17640,,2014
"Coeur d'Alene, ID Metro Area",49292,142783,39.4,96099,15019,4833,55807,39177,184200,17660,,msa,17660,,2014
"Coffeyville, KS Micro Area",40716,34602,39.7,22979,2435,1109,13706,9605,72400,17700,,msa,17700,,2014
"Coldwater, MI Micro Area",42538,43965,40.3,29964,2565,1050,15863,12329,94800,17740,,msa,17740,,2014
"College Station-Bryan, TX Metro Area",39915,235316,26.4,123576,22551,11450,84436,42073,143000,17780,,msa,17780,,2014
"Colorado Springs, CO Metro Area",57735,669070,34.1,425035,90770,45397,249765,159627,215300,17820,,msa,17820,,2014
"Columbia, MO Metro Area",49059,168268,29.9,97793,26635,12306,66136,37513,165900,17860,,msa,17860,,2014
"Columbia, SC Metro Area",49238,784698,35.9,509433,96499,43428,296439,199204,138500,17900,,msa,17900,,2014
"Columbus, GA-AL Metro Area",42278,308363,34.1,196919,28043,11212,111394,62301,134700,17980,,msa,17980,,2014
"Columbus, IN Metro Area",54488,78628,38.0,52856,9105,4515,30516,21300,135900,18020,,msa,18020,,2014
"Columbus, MS Micro Area",38672,59736,36.0,38658,5471,1997,23431,14528,113400,18060,,msa,18060,,2014
"Columbus, NE Micro Area",55391,32485,38.1,21129,3009,1043,12666,9111,122700,18100,,msa,18100,,2014
"Columbus, OH Metro Area",55115,1948188,35.6,1279632,273798,107831,748544,464755,158000,18140,,msa,18140,,2014
"Concord, NH Micro Area",65226,146880,42.2,102489,21524,9649,57040,41063,227300,18180,,msa,18180,,2014
"Connersville, IN Micro Area",37833,23955,41.5,16670,1102,435,9336,6518,80900,18220,,msa,18220,,2014
"Cookeville, TN Micro Area",34654,106901,38.8,70115,8477,3040,42694,28520,122900,18260,,msa,18260,,2014
"Coos Bay, OR Micro Area",39193,62678,47.9,46215,5521,2062,25847,17108,172100,18300,,msa,18300,,2014
"Cordele, GA Micro Area",36280,23403,38.3,15370,1448,525,8574,5208,89100,18380,,msa,18380,,2014
"Corinth, MS Micro Area",33790,37279,40.0,25153,2754,825,14651,10310,82100,18420,,msa,18420,,2014
"Cornelia, GA Micro Area",40689,43342,38.9,29215,2747,1480,14613,11033,129800,18460,,msa,18460,,2014
"Corning, NY Micro Area",47733,98917,41.8,68326,7372,5367,41285,28949,89800,18500,,msa,18500,,2014
"Corpus Christi, TX Metro Area",49359,437528,35.8,282290,35191,14746,157629,95220,108500,18580,,msa,18580,,2014
"Corsicana, TX Micro Area",40976,48073,37.8,30917,3659,1057,17660,12033,79600,18620,,msa,18620,,2014
"Cortland, NY Micro Area",48404,49231,36.0,30346,3998,2190,18045,11936,105200,18660,,msa,18660,,2014
"Corvallis, OR Metro Area",49338,86034,32.4,51458,14413,7231,33376,19168,268400,18700,,msa,18700,,2014
"Coshocton, OH Micro Area",41569,36768,41.3,25219,2099,842,14561,10757,95600,18740,,msa,18740,,2014
"Craig, CO Micro Area",50123,13286,36.7,8668,942,223,4890,3607,177700,18780,,msa,18780,,2014
"Crawfordsville, IN Micro Area",46286,38183,40.1,25416,2695,1171,14574,10399,108200,18820,,msa,18820,,2014
"Crescent City, CA Micro Area",39302,28066,39.2,19350,2022,642,9527,5678,180100,18860,,msa,18860,,2014
"Crestview-Fort Walton Beach-Destin, FL Metro Area",53083,246805,38.7,169597,28921,13215,96293,64020,177100,18880,,msa,18880,,2014
"Crossville, TN Micro Area",38350,57064,49.3,42751,4633,2000,23923,18983,139700,18900,,msa,18900,,2014
"Cullman, AL Micro Area",39415,80668,40.5,55380,5224,2103,31160,23501,107000,18980,,msa,18980,,2014
"DeRidder, LA Micro Area",46420,36109,37.4,23765,2421,822,13095,10067,97300,19760,,msa,19760,,2014
"Des Moines-West Des Moines, IA Metro Area",61640,590741,35.4,387597,96276,27740,229824,162271,157800,19780,,msa,19780,,2014
"Detroit-Warren-Dearborn, MI Metro Area",52305,4292647,39.7,2902427,501564,245912,1656829,1155762,122800,19820,,msa,19820,,2014
"Cullowhee, NC Micro Area",36705,40598,36.2,25565,4622,1932,15872,10534,173200,19000,,msa,19000,,2014
"Cumberland, MD-WV Metro Area",37276,101888,41.8,70942,6306,3847,39638,26239,120100,19060,,msa,19060,,2014
"Dallas-Fort Worth-Arlington, TX Metro Area",59175,6703020,34.1,4252591,909335,338621,2370055,1438684,151900,19100,,msa,19100,,2014
"Dalton, GA Metro Area",38818,142548,35.3,90369,6676,3091,48754,31766,110900,19140,,msa,19140,,2014
"Danville, IL Metro Area",42548,80773,39.9,54345,5152,1891,31601,22147,75200,19180,,msa,19180,,2014
"Danville, KY Micro Area",38185,53696,40.2,36327,3248,1924,20674,14313,106300,19220,,msa,19220,,2014
"Danville, VA Micro Area",38133,105659,43.9,74740,7452,2878,44549,30443,99100,19260,,msa,19260,,2014
"Daphne-Fairhope-Foley, AL Metro Area",50183,191205,41.8,133267,25444,9188,73058,52203,168800,19300,,msa,19300,,2014
"Davenport-Moline-Rock Island, IA-IL Metro Area",51263,381913,39.3,259795,43242,17559,154591,109315,124600,19340,,msa,19340,,2014
"Dayton, OH Metro Area",47162,801259,39.4,540147,83384,45482,327391,208923,122700,19380,,msa,19430,,2014
"Dayton, TN Micro Area",37512,32272,40.7,21718,1593,659,12307,8533,102100,19420,,msa,19420,,2014
"Decatur, AL Metro Area",44273,153579,39.7,104920,12673,4673,59168,43427,114700,19460,,msa,19460,,2014
"Decatur, IL Metro Area",46696,109833,40.5,74711,11201,4541,45153,31267,94000,19500,,msa,19500,,2014
"Decatur, IN Micro Area",47964,34533,34.0,20871,1982,915,12164,9522,118400,19540,,msa,19540,,2014
"Defiance, OH Micro Area",48853,38795,39.3,25945,2793,1105,15332,11448,107400,19580,,msa,19580,,2014
"Del Rio, TX Micro Area",42735,48999,31.9,29230,3562,857,15055,9967,92700,19620,,msa,19620,,2014
"Deltona-Daytona Beach-Ormond Beach, FL Metro Area",42571,597824,46.4,436239,60435,23711,233031,168521,139800,19660,,msa,19660,,2014
"Deming, NM Micro Area",28489,24947,38.8,16161,1317,782,9120,6149,84700,19700,,msa,19700,,2014
"Denver-Aurora-Lakewood, CO Metro Area",64206,2651392,36.0,1781111,456027,184537,1025246,651631,253100,19740,,msa,19740,,2014
"Dickinson, ND Micro Area",70243,27038,35.8,17806,3070,924,10887,7769,182200,19860,,msa,19860,,2014
"Dixon, IL Micro Area",52004,35248,41.8,24960,2735,1060,13468,9993,110700,19940,,msa,19940,,2014
"Dodge City, KS Micro Area",51374,34604,30.7,20243,2495,638,11086,7132,92200,19980,,msa,19980,,2014
"Dothan, AL Metro Area",40515,147165,40.0,100763,11776,4779,57262,38854,107400,20020,,msa,20020,,2014
"Douglas, GA Micro Area",34523,42947,35.0,27147,2117,954,14597,9828,79700,20060,,msa,20060,,2014
"Dover, DE Metro Area",55169,167477,36.8,108618,15105,7249,59142,41937,200200,20100,,msa,20100,,2014
"Dublin, GA Micro Area",34174,57878,38.8,38761,2996,1608,20867,13690,82100,20140,,msa,20140,,2014
"DuBois, PA Micro Area",41510,81472,43.3,59268,5485,1778,31863,24613,87100,20180,,msa,20180,,2014
"Dubuque, IA Metro Area",53410,95166,38.9,63180,11520,4408,37720,27400,146500,20220,,msa,20220,,2014
"Duluth, MN-WI Metro Area",47574,279894,40.8,190976,33225,10420,117173,83539,139600,20260,,msa,20260,,2014
"Dumas, TX Micro Area",48149,22172,31.0,12929,1296,311,6836,4710,87600,20300,,msa,20300,,2014
"Duncan, OK Micro Area",43519,44900,40.1,30518,3822,1018,17850,12543,95100,20340,,msa,20340,,2014
"Dunn, NC Micro Area",44417,121789,33.4,75958,9778,3695,41601,27488,133400,20380,,msa,20380,,2014
"Durango, CO Micro Area",58456,52547,38.5,36364,10022,3838,21124,14087,333100,20420,,msa,20420,,2014
"Durant, OK Micro Area",38743,43595,37.0,28577,3587,1816,16713,10631,87900,20460,,msa,20460,,2014
"Durham-Chapel Hill, NC Metro Area",52925,525050,35.8,347287,80476,42989,206783,124579,194100,20500,,msa,20500,,2014
"Dyersburg, TN Micro Area",41426,38156,40.4,25606,3122,1445,15088,9656,99800,20540,,msa,20540,,2014
"Eagle Pass, TX Micro Area",32536,55821,30.0,31380,2715,779,16091,11316,85900,20580,,msa,20580,,2014
"Easton, MD Micro Area",58495,37894,48.2,28071,4841,2985,16140,11302,324100,20660,,msa,20660,,2014
"East Stroudsburg, PA Metro Area",57748,168342,41.3,112394,16775,7186,57661,45835,183100,20700,,msa,20700,,2014
"Eau Claire, WI Metro Area",49537,163658,36.2,106289,18445,6643,64715,42634,148600,20740,,msa,20740,,2014
"Edwards, CO Micro Area",73774,52233,35.1,35583,12658,2992,18038,12153,435600,20780,,msa,20780,,2014
"Effingham, IL Micro Area",52374,34280,39.2,23006,3308,954,13386,10605,118400,20820,,msa,20820,,2014
"El Campo, TX Micro Area",41992,41219,37.3,26671,2505,987,14492,9770,96900,20900,,msa,20900,,2014
"El Centro, CA Metro Area",41772,177026,31.9,105988,9993,3361,46952,26135,145200,20940,,msa,20940,,2014
"El Dorado, AR Micro Area",38762,40954,39.7,27906,3477,1037,16689,11597,72800,20980,,msa,20980,,2014
"Ellensburg, WA Micro Area",45406,41705,32.7,24768,5658,2031,16753,9601,246000,21260,,msa,21260,,2014
"Elmira, NY Metro Area",49685,88681,40.9,60887,7696,4871,35390,24160,97800,21300,,msa,21300,,2014
"El Paso, TX Metro Area",40699,827206,31.4,490681,69199,23607,258622,159945,112500,21340,,msa,21340,,2014
"Emporia, KS Micro Area",40427,33510,32.3,19809,3255,1109,13069,7790,92500,21380,,msa,21380,,2014
"Enid, OK Micro Area",46726,61663,36.5,40478,5879,2076,23816,15698,93500,21420,,msa,21420,,2014
"Enterprise, AL Micro Area",45558,50726,38.2,34363,4891,2346,19086,13233,137000,21460,,msa,21460,,2014
"Erie, PA Metro Area",45703,280132,38.7,186224,30344,12499,109700,72961,117200,21500,,msa,21500,,2014
"Escanaba, MI Micro Area",42070,36841,46.3,26625,3483,906,15695,12340,99400,21540,,msa,21540,,2014
"Española, NM Micro Area",38635,40155,39.5,26875,2438,1358,14245,11109,140900,21580,,msa,21580,,2014
"Eugene, OR Metro Area",43685,354764,39.2,239397,40675,17901,145627,86356,214300,21660,,msa,21660,,2014
"Eureka-Arcata-Fortuna, CA Micro Area",42153,134876,37.4,90886,16786,5169,53130,29121,281300,21700,,msa,21700,,2014
"Evanston, WY Micro Area",56158,20989,34.4,13046,1775,525,7557,5323,174800,21740,,msa,21740,,2014
"Evansville, IN-KY Metro Area",47425,313450,38.9,211173,31560,12131,126093,86940,121300,21780,,msa,21780,,2014
"Fairbanks, AK Metro Area",70408,99319,30.6,60377,11237,5100,35844,20976,215000,21820,,msa,21820,,2014
"Fairfield, IA Micro Area",44688,17102,42.7,11990,2078,1397,6886,4741,94600,21840,,msa,21840,,2014
"Fairmont, WV Micro Area",43085,56698,41.3,39175,5484,2062,22596,17466,94600,21900,,msa,21900,,2014
"Elizabeth City, NC Micro Area",47296,63867,39.8,43096,5442,1827,23690,16531,169700,21020,,msa,21020,,2014
"Elizabethtown-Fort Knox, KY Metro Area",48617,150917,35.9,97970,10801,6416,55806,36559,135200,21060,,msa,21060,,2014
"Elk City, OK Micro Area",49027,22941,34.7,14974,1666,513,7770,4888,110600,21120,,msa,21120,,2014
"Elkhart-Goshen, IN Metro Area",46983,199544,35.1,125486,15156,5821,70427,49478,122600,21140,,msa,21140,,2014
"Elkins, WV Micro Area",40146,29446,43.3,21139,2186,1370,11351,8539,98600,21180,,msa,21180,,2014
"Elko, NV Micro Area",72207,52752,33.6,32776,3965,1415,18356,13040,180300,21220,,msa,21220,,2014
"Fallon, NV Micro Area",46195,24347,39.0,16178,1506,652,9431,5688,144900,21980,,msa,21980,,2014
"Fargo, ND-MN Metro Area",53634,218290,31.9,134179,33284,9515,89558,50923,161400,22020,,msa,22020,,2014
"Faribault-Northfield, MN Micro Area",60365,64829,35.7,40278,7033,2607,22498,16972,187100,22060,,msa,22060,,2014
"Farmington, MO Micro Area",37476,65813,38.9,45749,4040,1976,24868,16496,99600,22100,,msa,22100,,2014
"Farmington, NM Metro Area",48824,127358,33.7,79497,7473,3526,40693,29769,144100,22140,,msa,22140,,2014
"Fernley, NV Micro Area",47143,51579,42.6,35841,3676,1742,19728,14185,129300,22280,,msa,22280,,2014
"Fayetteville, NC Metro Area",44692,374036,31.0,228499,34052,13009,138822,76652,130500,22180,,msa,22180,,2014
"Fayetteville-Springdale-Rogers, AR-MO Metro Area",48627,483396,33.5,302112,53484,21760,178008,111643,144000,22220,,msa,22220,,2014
"Fergus Falls, MN Micro Area",50914,57417,46.7,41180,6836,1947,24163,19117,162000,22260,,msa,22260,,2014
"Findlay, OH Micro Area",50166,75290,38.9,50472,8080,3385,30795,21758,124500,22300,,msa,22300,,2014
"Fitzgerald, GA Micro Area",30643,17547,38.6,11270,842,300,6349,4211,80400,22340,,msa,22340,,2014
"Flagstaff, AZ Metro Area",48540,135817,31.0,79300,15550,7019,46391,27667,217200,22380,,msa,22380,,2014
"Flint, MI Metro Area",41879,418654,39.1,279399,33516,15314,165962,115167,88300,22420,,msa,22420,,2014
"Florence, SC Metro Area",40673,206219,38.6,136900,17133,7372,78061,52211,106100,22500,,msa,22500,,2014
"Florence-Muscle Shoals, AL Metro Area",41919,147271,41.4,100769,12529,5640,61133,42962,110400,22520,,msa,22520,,2014
"Fond du Lac, WI Metro Area",54529,101709,40.9,70155,10007,3512,41290,29325,146200,22540,,msa,22540,,2014
"Forest City, NC Micro Area",36863,67181,42.9,47316,5057,1893,26778,19315,106500,22580,,msa,22580,,2014
"Forrest City, AR Micro Area",31336,27642,37.2,18841,1305,725,9351,5356,65600,22620,,msa,22620,,2014
"Fort Collins, CO Metro Area",58844,311435,35.5,201336,55383,22746,122743,79788,251600,22660,,msa,22660,,2014
"Fort Dodge, IA Micro Area",42112,37399,39.9,25241,3387,1095,15397,10396,84600,22700,,msa,22700,,2014
"Fort Leonard Wood, MO Micro Area",49604,53343,26.9,28477,3814,1882,15528,8149,126000,22780,,msa,22780,,2014
"Fort Madison-Keokuk, IA-IL-MO Micro Area",44083,61361,43.6,43307,4968,1377,25161,19053,84100,22800,,msa,22800,,2014
"Fort Morgan, CO Micro Area",46223,28342,36.5,18104,1606,671,10443,6593,135000,22820,,msa,22820,,2014
"Fort Polk South, LA Micro Area",46867,52844,29.9,31340,4081,1415,18112,9913,93400,22860,,msa,22860,,2014
"Fort Smith, AR-OK Metro Area",38833,280394,38.1,185433,19942,7231,106691,72787,101400,22900,,msa,22900,,2014
"Fort Wayne, IN Metro Area",49607,422029,36.2,272473,44890,18029,163427,116104,114100,23060,,msa,23060,,2014
"Frankfort, IN Micro Area",49669,32987,38.0,21539,2110,803,11853,8512,96600,23140,,msa,23140,,2014
"Frankfort, KY Micro Area",48665,71173,40.0,48788,7436,3534,29418,19426,137000,23180,,msa,23180,,2014
"Fredericksburg, TX Micro Area",52414,25179,50.2,18501,4095,1434,10606,7911,218600,23240,,msa,23240,,2014
"Freeport, IL Micro Area",44631,47053,44.2,32941,3838,1685,19311,13799,100300,23300,,msa,23300,,2014
"Fremont, NE Micro Area",47991,36742,39.8,24988,3384,987,15162,10096,110100,23340,,msa,23340,,2014
"Fremont, OH Micro Area",46099,60498,41.2,41372,3935,1477,23831,17702,109400,23380,,msa,23380,,2014
"Fresno, CA Metro Area",45201,948844,31.2,562708,73566,22909,292550,155487,191700,23420,,msa,23420,,2014
"Gadsden, AL Metro Area",38467,104126,40.5,71636,6969,3004,40001,28337,100400,23460,,msa,23460,,2014
"Gaffney, SC Micro Area",34766,55707,38.4,36622,3760,1185,20647,14088,84100,23500,,msa,23500,,2014
"Gainesville, FL Metro Area",41961,268707,31.0,160301,31915,16224,102411,56524,160600,23540,,msa,23540,,2014
"Gainesville, GA Metro Area",51036,185318,35.2,117557,16421,6931,61361,41303,162200,23580,,msa,23580,,2014
"Gainesville, TX Micro Area",51222,38558,39.4,25629,3829,1066,14615,10187,114800,23620,,msa,23620,,2014
"Galesburg, IL Micro Area",39800,52447,41.5,36542,4178,1683,21438,14329,80800,23660,,msa,23660,,2014
"Gallup, NM Micro Area",29812,73082,30.7,42250,2851,1456,17862,13042,70600,23700,,msa,23700,,2014
"Garden City, KS Micro Area",48656,41049,30.8,24073,2966,1121,14011,8901,109700,23780,,msa,23780,,2014
"Gardnerville Ranchos, NV Micro Area",58940,47135,48.5,35012,5720,2175,19765,14050,267200,23820,,msa,23820,,2014
"Georgetown, SC Micro Area",41578,60389,47.0,43598,6245,2770,23309,17927,155300,23860,,msa,23860,,2014
"Gettysburg, PA Metro Area",60068,101566,42.4,69921,8635,4728,37956,29200,194100,23900,,msa,23900,,2014
"Gillette, WY Micro Area",78609,47448,32.6,29793,4462,976,17316,12837,206500,23940,,msa,23940,,2014
"Glasgow, KY Micro Area",37444,52716,40.7,35967,2932,1639,20707,14416,95100,23980,,msa,23980,,2014
"Glenwood Springs, CO Micro Area",60258,73987,37.1,50621,12993,4007,27687,18235,322800,24060,,msa,24060,,2014
"Gloversville, NY Micro Area",45722,54870,42.4,38758,3344,2325,22440,15541,107500,24100,,msa,24100,,2014
"Goldsboro, NC Metro Area",41172,124093,36.7,81057,9684,3115,47480,28781,108000,24140,,msa,24140,,2014
"Grand Forks, ND-MN Metro Area",48396,99774,32.0,60058,11422,4007,40687,23527,146700,24220,,msa,24220,,2014
"Grand Island, NE Metro Area",50237,83426,37.6,54717,6880,2191,31918,21574,112200,24260,,msa,24260,,2014
"Grand Junction, CO Metro Area",48610,147509,38.2,98727,16525,6044,58966,41098,203200,24300,,msa,24300,,2014
"Grand Rapids-Wyoming, MI Metro Area",53187,1007329,35.4,643806,126209,50253,372118,270789,139100,24340,,msa,24340,,2014
"Grants, NM Micro Area",36279,27392,36.2,18094,1448,495,8354,6245,86700,24380,,msa,24380,,2014
"Grants Pass, OR Metro Area",37447,83021,47.7,60466,6651,2879,34187,22578,212600,24420,,msa,24420,,2014
"Great Bend, KS Micro Area",43573,27566,39.8,18326,2260,665,11480,7956,79800,24460,,msa,24460,,2014
"Great Falls, MT Metro Area",45091,81953,38.1,55120,9749,3193,33685,21665,159900,24500,,msa,24500,,2014
"Greeley, CO Metro Area",58100,265066,33.7,164896,29121,10347,92369,64617,196100,24540,,msa,24540,,2014
"Green Bay, WI Metro Area",53053,310726,38.0,207652,37077,11341,123271,85040,156700,24580,,msa,24580,,2014
"Greeneville, TN Micro Area",35860,68596,43.4,48901,4946,2079,28489,20336,109800,24620,,msa,24620,,2014
"Greenfield Town, MA Micro Area",54072,71300,44.9,52063,9648,6346,30390,20846,220400,24640,,msa,24640,,2014
"Greensboro-High Point, NC Metro Area",43670,735777,38.3,490869,89418,31893,290505,185888,140000,24660,,msa,24660,,2014
"Greensburg, IN Micro Area",49631,26112,39.5,17496,1607,734,9809,6980,112300,24700,,msa,24700,,2014
"Greenville, MS Micro Area",28936,50038,35.8,31534,3949,1353,18383,10099,74000,24740,,msa,24740,,2014
"Greenville, NC Metro Area",42011,172438,31.4,102006,18979,6871,66427,35836,133400,24780,,msa,24780,,2014
"Greenville, OH Micro Area",43323,52537,41.2,35624,2494,1412,20929,15064,110000,24820,,msa,24820,,2014
"Greenville-Anderson-Mauldin, SC Metro Area",45428,842817,38.2,558820,93564,37877,320027,219337,137600,24860,,msa,24860,,2014
"Greenwood, MS Micro Area",27404,42190,35.2,26921,2995,1215,14679,8718,71500,24900,,msa,24900,,2014
"Greenwood, SC Micro Area",35912,94808,40.0,63089,8652,2911,36512,25148,97500,24940,,msa,24940,,2014
"Grenada, MS Micro Area",33067,21660,40.5,14238,1339,566,7581,5704,88800,24980,,msa,24980,,2014
"Glens Falls, NY Metro Area",54112,128298,43.8,91984,12178,7678,51864,37146,165100,24020,,msa,24020,,2014
"Hillsdale, MI Micro Area",42183,46282,41.7,31129,2883,1441,17632,13717,100600,25880,,msa,25880,,2014
"Hilo, HI Micro Area",51213,189382,40.9,131247,21859,8119,64586,42485,301500,25900,,msa,25900,,2014
"Hilton Head Island-Bluffton-Beaufort, SC Metro Area",53863,194495,41.1,134715,27404,13384,73803,51555,252400,25940,,msa,25940,,2014
"Hinesville, GA Metro Area",44133,80456,28.2,45426,5752,1953,27941,14584,121300,25980,,msa,25980,,2014
"Guayama, PR Metro Area",16010,82282,37.1,53930,7673,1729,28080,20438,95200,25020,,msa,25020,,2014
"Gulfport-Biloxi-Pascagoula, MS Metro Area",44826,378972,36.8,250091,32434,14787,143170,93278,130400,25060,,msa,25060,,2014
"Guymon, OK Micro Area",50172,21495,31.6,12999,1925,285,7166,4486,90700,25100,,msa,25100,,2014
"Hagerstown-Martinsburg, MD-WV Metro Area",55868,256237,39.5,175185,22194,10392,96383,66284,181200,25180,,msa,25180,,2014
"Hailey, ID Micro Area",56424,27671,40.9,18872,5210,1462,11331,7689,295600,25200,,msa,25200,,2014
"Hammond, LA Metro Area",40721,124125,34.1,78327,10411,3482,45027,30589,135400,25220,,msa,25220,,2014
"Hanford-Corcoran, CA Metro Area",47341,151390,31.2,91918,8265,2065,41108,21358,170000,25260,,msa,25260,,2014
"Hannibal, MO Micro Area",43448,39068,41.1,26610,2883,1242,15321,10852,104700,25300,,msa,25300,,2014
"Harrisburg-Carlisle, PA Metro Area",57461,555154,40.2,382997,68531,30134,222939,152406,169900,25420,,msa,25420,,2014
"Harrison, AR Micro Area",37754,45300,42.6,31764,2935,1233,18201,13571,99000,25460,,msa,25460,,2014
"Harrisonburg, VA Metro Area",48518,128166,32.2,75693,12367,5861,45364,28200,198100,25500,,msa,25500,,2014
"Hartford-West Hartford-East Hartford, CT Metro Area",68959,1215159,40.4,831369,169706,96160,469020,316843,247200,25540,,msa,25540,,2014
"Hastings, NE Micro Area",51342,31396,38.1,20190,2914,1152,12580,8904,101900,25580,,msa,25580,,2014
"Hattiesburg, MS Metro Area",41702,146370,32.8,90802,15764,6778,53626,33594,131100,25620,,msa,25620,,2014
"Hays, KS Micro Area",45127,28878,32.2,17512,3704,1187,11859,7437,143200,25700,,msa,25700,,2014
"Heber, UT Micro Area",65582,25550,32.0,14992,3336,1313,7752,5761,304300,25720,,msa,25720,,2014
"Helena, MT Micro Area",56470,76237,42.1,53071,12730,4796,31050,22788,208500,25740,,msa,25740,,2014
"Helena-West Helena, AR Micro Area",27183,20847,37.6,13197,1111,473,8291,4318,63500,25760,,msa,25760,,2014
"Henderson, NC Micro Area",34075,44998,39.2,29651,2602,803,16651,10656,99800,25780,,msa,25780,,2014
"Hereford, TX Micro Area",42995,19331,31.4,11179,1171,389,6210,4138,81600,25820,,msa,25820,,2014
"Hermiston-Pendleton, OR Micro Area",47499,87862,36.1,56540,5254,2364,30615,19163,139500,25840,,msa,25840,,2014
"Medford, OR Metro Area",44086,206583,42.7,145232,22643,9844,82977,51817,217200,32780,,msa,32780,,2014
"McMinnville, TN Micro Area",34592,39867,39.5,27313,2072,1031,15440,10809,94000,32660,,msa,32660,,2014
"McPherson, KS Micro Area",55437,29308,41.6,19949,3651,1236,11726,9010,127600,32700,,msa,32700,,2014
"Meadville, PA Micro Area",43622,87801,42.1,60100,7487,3225,34713,25696,103300,32740,,msa,32740,,2014
"Memphis, TN-MS-AR Metro Area",47647,1337014,35.4,857667,145418,56601,489161,303635,133700,32820,,msa,32820,,2014
"Menomonie, WI Micro Area",49897,44045,33.9,26564,4162,1806,16460,11068,154900,32860,,msa,32860,,2014
"Merced, CA Metro Area",43066,261609,30.2,150292,12985,4009,76516,40310,152600,32900,,msa,32900,,2014
"Meridian, MS Micro Area",35235,107080,37.9,70680,8127,2650,39777,27565,80100,32940,,msa,32940,,2014
"Merrill, WI Micro Area",49189,28566,45.5,20663,2119,720,12483,9518,131800,32980,,msa,32980,,2014
"Mobile, AL Metro Area",43844,414045,36.9,271571,37981,13742,154400,102973,124500,33660,,msa,33660,,2014
"Modesto, CA Metro Area",49573,522794,33.3,322668,35408,11419,168090,96098,175400,33700,,msa,33700,,2014
"Monroe, LA Metro Area",38406,177908,35.3,113624,16269,5904,66444,41540,116000,33740,,msa,33740,,2014
"Monroe, MI Metro Area",54911,150851,41.4,103121,12159,5470,58328,46182,137500,33780,,msa,33780,,2014
"Montgomery, AL Metro Area",46977,375225,36.1,244642,40796,19122,142351,93587,128500,33860,,msa,33860,,2014
"Montrose, CO Micro Area",44885,40885,43.5,28666,4181,2261,16815,11793,194600,33940,,msa,33940,,2014
"Morehead City, NC Micro Area",47179,67851,46.0,50236,7856,2931,29352,20612,193500,33980,,msa,33980,,2014
"Mexico, MO Micro Area",43139,25637,39.2,17380,1445,465,9381,6839,91700,33020,,msa,33020,,2014
"Miami, OK Micro Area",36616,32086,38.5,20953,1925,706,11988,8558,81600,33060,,msa,33060,,2014
"Miami-Fort Lauderdale-West Palm Beach, FL Metro Area",48435,5775204,40.2,4039488,745796,276081,2030848,1260569,188700,33100,,msa,33100,,2014
"Michigan City-La Porte, IN Metro Area",47117,111293,39.7,76956,8346,3562,42756,30448,124000,33140,,msa,33140,,2014
"Middlesborough, KY Micro Area",24976,28234,41.1,19635,917,734,11181,7500,62600,33180,,msa,33180,,2014
"Midland, MI Metro Area",52613,83620,40.7,56831,11012,4925,33709,25318,128000,33220,,msa,33220,,2014
"Midland, TX Metro Area",66689,151483,32.5,94192,16618,5002,53172,36063,155400,33260,,msa,33260,,2014
"Milledgeville, GA Micro Area",30333,54897,35.8,34296,3150,1751,18981,11146,95900,33300,,msa,33300,,2014
"Milwaukee-Waukesha-West Allis, WI Metro Area",53628,1565368,37.2,1040048,225465,84077,622201,379054,194700,33340,,msa,33340,,2014
"Mineral Wells, TX Micro Area",41370,28028,40.9,18869,1942,795,10413,7407,80200,33420,,msa,33420,,2014
"Minneapolis-St. Paul-Bloomington, MN-WI Metro Area",68019,3424786,36.4,2281241,591691,209561,1323355,932026,212600,33460,,msa,33460,,2014
"Minot, ND Micro Area",58918,74111,32.5,45942,8020,2270,29150,18744,161300,33500,,msa,33500,,2014
"Missoula, MT Metro Area",47029,111011,34.4,72063,18323,6836,45961,27203,237300,33540,,msa,33540,,2014
"Mitchell, SD Micro Area",51192,23122,37.5,15030,2903,911,9550,6328,122200,33580,,msa,33580,,2014
"Moberly, MO Micro Area",39316,25207,38.3,17131,1551,597,8640,6208,85500,33620,,msa,33620,,2014
"Morgan City, LA Micro Area",41956,53784,37.9,35338,2746,915,20183,13897,89700,34020,,msa,34020,,2014
"Morgantown, WV Metro Area",46028,134052,32.7,83804,14136,7114,49467,31155,144900,34060,,msa,34060,,2014
"Morristown, TN Metro Area",39822,115029,40.6,79366,7763,3534,44380,31303,123700,34100,,msa,34100,,2014
"Moscow, ID Micro Area",41944,37989,28.5,21194,5469,2399,15069,8207,189100,34140,,msa,34140,,2014
"Moses Lake, WA Micro Area",46772,91458,32.1,54568,5644,2301,30233,18155,160600,34180,,msa,34180,,2014
"Moultrie, GA Micro Area",32233,45987,35.2,29275,2420,1055,15893,10262,79300,34220,,msa,34220,,2014
"Mountain Home, AR Micro Area",35594,41154,51.1,31340,4081,1006,18237,13919,119700,34260,,msa,34260,,2014
"Mountain Home, ID Micro Area",43516,26349,30.7,15753,1708,815,9682,5905,131200,34300,,msa,34300,,2014
"Mount Airy, NC Micro Area",35894,73391,42.0,50993,5263,1789,29380,21160,114100,34340,,msa,34340,,2014
"Mount Pleasant, MI Micro Area",37615,70506,26.0,36362,5428,2728,24773,14682,120600,34380,,msa,34380,,2014
"Mount Pleasant, TX Micro Area",42856,32540,33.4,19447,1807,562,10532,7373,88900,34420,,msa,34420,,2014
"Mount Sterling, KY Micro Area",35276,45190,39.3,30519,2860,1315,17053,11853,90700,34460,,msa,34460,,2014
"Mount Vernon, IL Micro Area",43173,38716,40.9,26953,2733,1101,15289,11101,85400,34500,,msa,34500,,2014
"Mount Vernon, OH Micro Area",48953,61063,38.5,39413,5654,1885,22642,16005,133300,34540,,msa,34540,,2014
"Mount Vernon-Anacortes, WA Metro Area",54917,118364,40.6,81190,12539,5430,45309,30395,254900,34580,,msa,34580,,2014
"Muncie, IN Metro Area",37900,117441,34.8,71189,9240,5183,46239,29323,88300,34620,,msa,34620,,2014
"Murray, KY Micro Area",38589,37981,33.4,22927,3688,1787,14854,9677,119500,34660,,msa,34660,,2014
"Muscatine, IA Micro Area",52899,42857,38.2,28285,3650,1146,16301,12121,126700,34700,,msa,34700,,2014
"Muskegon, MI Metro Area",41842,171328,39.0,114263,13657,4988,64889,48481,98600,34740,,msa,34740,,2014
"Muskogee, OK Micro Area",40133,70519,37.8,46668,6127,2054,26574,17928,90200,34780,,msa,34780,,2014
"Myrtle Beach-Conway-North Myrtle Beach, SC-NC Metro Area",43681,396187,44.3,287394,45215,17254,164095,116562,163400,34820,,msa,34820,,2014
"Nacogdoches, TX Micro Area",39126,65322,30.0,36851,5547,2453,23708,13441,108900,34860,,msa,34860,,2014
"Napa, CA Metro Area",70925,139253,40.3,95540,20343,6486,49631,29997,439000,34900,,msa,34900,,2014
"Naples-Immokalee-Marco Island, FL Metro Area",56250,334474,48.0,248040,47974,20272,126331,92058,258400,34940,,msa,34940,,2014
"Nashville-Davidson--Murfreesboro--Franklin, TN Metro Area",52805,1730515,36.1,1146660,235741,84213,654063,430700,171700,34980,,msa,34980,,2014
"Natchez, MS-LA Micro Area",28937,52798,39.3,36265,3479,1458,19848,12700,84300,35020,,msa,35020,,2014
"Natchitoches, LA Micro Area",33629,39359,33.3,23537,2765,1447,14598,8973,100600,35060,,msa,35060,,2014
"New Bern, NC Metro Area",46173,127820,38.3,84400,11744,4226,49188,32287,149400,35100,,msa,35100,,2014
"Newberry, SC Micro Area",41971,37593,40.7,25389,2982,1290,14230,10387,104500,35140,,msa,35140,,2014
"New Castle, IN Micro Area",40247,49227,42.2,34774,3458,1445,18214,13363,92100,35220,,msa,35220,,2014
"New Castle, PA Micro Area",43991,89859,44.2,63720,8400,2845,36616,27182,97200,35260,,msa,35260,,2014
"New Haven-Milford, CT Metro Area",61646,863148,39.6,589145,106338,61474,327086,206556,250400,35300,,msa,35300,,2014
"New Orleans-Metairie, LA Metro Area",47412,1226440,37.3,830402,144076,50256,470837,292721,173600,35380,,msa,35380,,2014
"New Philadelphia-Dover, OH Micro Area",44656,92616,40.9,63870,6232,2597,36366,26231,109800,35420,,msa,35420,,2014
"Newport, OR Micro Area",42429,46138,50.1,35117,5172,2262,20672,13440,221800,35440,,msa,35440,,2014
"Newport, TN Micro Area",30888,35453,43.6,25313,1383,735,14788,10334,98600,35460,,msa,35460,,2014
"Newton, IA Micro Area",52430,36715,42.0,25906,3599,800,14658,10614,116200,35500,,msa,35500,,2014
"New Ulm, MN Micro Area",49527,25513,43.2,17491,2576,765,10749,8353,123000,35580,,msa,35580,,2014
"New York-Newark-Jersey City, NY-NJ-PA Metro Area",66902,19865045,37.8,13545192,2940876,1469871,7105003,3694231,400000,35620,,msa,35620,,2014
"Niles-Benton Harbor, MI Metro Area",44701,155992,41.3,106881,15929,8020,60320,43397,130700,35660,,msa,35660,,2014
"Nogales, AZ Micro Area",38802,47250,36.2,29027,4331,1395,15514,10095,137800,35700,,msa,35700,,2014
"Norfolk, NE Micro Area",49458,48416,38.3,31661,4869,1190,19269,13225,109800,35740,,msa,35740,,2014
"North Platte, NE Micro Area",49227,37216,39.4,25220,3706,980,15542,10438,113000,35820,,msa,35820,,2014
"Raymondville, TX Micro Area",27627,22056,32.1,13605,976,224,5461,4352,51700,39700,,msa,39700,,2014
"Reading, PA Metro Area",55798,413016,39.7,275438,40824,16521,153857,110353,169200,39740,,msa,39740,,2014
"Red Bluff, CA Micro Area",42369,63284,40.0,42515,4048,1276,23480,16058,170300,39780,,msa,39780,,2014
"Redding, CA Metro Area",44556,178520,41.9,123699,15358,5446,68961,43687,213700,39820,,msa,39820,,2014
"Red Wing, MN Micro Area",57229,46336,42.6,32228,5394,1600,18743,14264,179900,39860,,msa,39860,,2014
"Reno, NV Metro Area",53047,433919,37.7,290967,51947,18891,166284,95644,200800,39900,,msa,39900,,2014
"Rexburg, ID Micro Area",36491,50778,24.0,23553,4648,1484,14915,8699,165600,39940,,msa,39940,,2014
"Richmond, IN Micro Area",37932,68360,40.7,46556,4870,2627,27891,18734,92200,39980,,msa,39980,,2014
"Richmond, VA Metro Area",59677,1234058,38.0,832834,174059,73415,463593,308173,214900,40060,,msa,40060,,2014
"Richmond-Berea, KY Micro Area",40546,102450,35.1,64058,9254,4984,38386,23915,127800,40080,,msa,40080,,2014
"Rio Grande City, TX Micro Area",25906,62040,29.2,34468,2444,793,16073,12305,65400,40100,,msa,40100,,2014
"Riverside-San Bernardino-Ontario, CA Metro Area",55362,4345485,33.2,2667795,340419,133565,1297992,823388,231800,40140,,msa,40140,,2014
"Riverton, WY Micro Area",51749,40739,38.1,26987,3911,1180,15290,10975,183700,40180,,msa,40180,,2014
"Roanoke, VA Metro Area",50056,310934,42.2,219126,38369,13993,128965,89833,169400,40220,,msa,40220,,2014
"Roanoke Rapids, NC Micro Area",32360,75113,43.3,52314,4119,1500,30118,19578,85500,40260,,msa,40260,,2014
"Rochelle, IL Micro Area",55894,52782,41.1,35909,4567,2112,20759,15735,143600,40300,,msa,40300,,2014
"Rochester, MN Metro Area",64210,210004,38.0,142075,30319,11328,82643,63062,166600,40340,,msa,40340,,2014
"Rock Springs, WY Micro Area",69448,44595,33.3,28269,3665,965,16687,11774,183400,40540,,msa,40540,,2014
"Rochester, NY Metro Area",52717,1082578,39.6,728497,132407,79425,429370,291234,130900,40380,,msa,40380,,2014
"Rockford, IL Metro Area",49511,346031,38.8,230371,31193,13381,131715,90524,123500,40420,,msa,40420,,2014
"Rockingham, NC Micro Area",34060,46317,39.8,30803,2756,872,18260,11689,79500,40460,,msa,40460,,2014
"Rocky Mount, NC Metro Area",39763,150953,40.3,101996,11698,3118,58146,36960,100600,40580,,msa,40580,,2014
"Rolla, MO Micro Area",41942,45091,33.7,27534,4195,2178,16737,10249,111800,40620,,msa,40620,,2014
"Rome, GA Metro Area",41046,96146,38.1,63085,6687,3057,34794,21468,117500,40660,,msa,40660,,2014
"Roseburg, OR Micro Area",40820,107156,46.7,78001,7944,3313,43730,29993,170700,40700,,msa,40700,,2014
"Roswell, NM Micro Area",40541,65850,34.8,41064,4936,2153,23506,15372,99100,40740,,msa,40740,,2014
"Russellville, AR Micro Area",39455,84621,36.4,54008,6878,2286,30601,20988,111200,40780,,msa,40780,,2014
"Ruston, LA Micro Area",34210,47243,27.3,25439,5222,2524,17060,9164,118400,40820,,msa,40820,,2014
"Rutland, VT Micro Area",48308,60864,45.2,43435,7889,3453,25635,17895,176900,40860,,msa,40860,,2014
"Sacramento--Roseville--Arden-Arcade, CA Metro Area",59439,2197422,36.4,1440650,287163,99884,791744,472040,275100,40900,,msa,40900,,2014
"Safford, AZ Micro Area",46965,37311,32.0,22527,1885,973,10975,7942,123700,40940,,msa,40940,,2014
"Saginaw, MI Metro Area",43566,197727,40.0,132147,18097,6383,77589,56490,94800,40980,,msa,40980,,2014
"St. Cloud, MN Metro Area",54985,190708,34.0,118867,19832,6126,72216,51309,164100,41060,,msa,41060,,2014
"St. George, UT Metro Area",49498,144844,33.8,88989,15494,5961,47905,33084,209500,41100,,msa,41100,,2014
"St. Joseph, MO-KS Metro Area",46145,127637,38.1,85894,10685,4106,46985,31233,110400,41140,,msa,41140,,2014
"St. Louis, MO-IL Metro Area",54959,2797737,38.5,1894066,365957,168818,1104257,772093,156900,41180,,msa,41180,,2014
"St. Marys, GA Micro Area",52799,51193,31.6,31155,4073,1933,18560,11382,151800,41220,,msa,41220,,2014
"Salem, OH Micro Area",43707,106622,42.8,75788,6845,2819,42184,30197,97600,41400,,msa,41400,,2014
"Salem, OR Metro Area",48433,396912,35.9,254797,37482,15695,142136,86159,191100,41420,,msa,41420,,2014
"Salina, KS Micro Area",48354,61868,38.0,40785,6381,2562,24976,17039,117000,41460,,msa,41460,,2014
"Salinas, CA Metro Area",58582,424927,33.3,265834,37596,15924,125115,62089,362100,41500,,msa,41500,,2014
"Salisbury, MD-DE Metro Area",53004,381868,43.2,266289,37321,18594,143830,105413,213600,41540,,msa,41540,,2014
"Salt Lake City, UT Metro Area",61529,1123643,31.4,684658,137018,50323,366510,245828,227700,41620,,msa,41620,,2014
"San Angelo, TX Metro Area",45258,115142,34.0,72805,10558,3501,42986,27050,102300,41660,,msa,41660,,2014
"San Antonio-New Braunfels, TX Metro Area",52786,2239222,34.3,1418072,241827,95330,771789,483980,134600,41700,,msa,41700,,2014
"San Diego-Carlsbad, CA Metro Area",63996,3183143,34.9,2088134,455144,181805,1083811,578412,412800,41740,,msa,41740,,2014
"Sandpoint, ID Micro Area",41879,40899,46.6,29846,4465,1342,17388,12540,215600,41760,,msa,41760,,2014
"Sandusky, OH Micro Area",48204,76416,43.8,54077,7204,3089,31998,21885,131900,41780,,msa,41780,,2014
"Sanford, NC Micro Area",46309,59096,37.3,38835,6000,1484,21239,14270,132900,41820,,msa,41820,,2014
"San Francisco-Oakland-Hayward, CA Metro Area",80008,4466251,38.6,3153992,853584,371809,1642466,884299,592000,41860,,msa,41860,,2014
"San Germán, PR Metro Area",15389,135240,40.4,92210,14257,2910,44202,29002,107100,41900,,msa,41900,,2014
"San Jose-Sunnyvale-Santa Clara, CA Metro Area",92960,1898457,36.6,1280436,329150,190908,631835,360713,654800,41940,,msa,41940,,2014
"San Juan-Carolina-Caguas, PR Metro Area",22254,2297987,38.0,1539433,279949,77317,792764,551163,135700,41980,,msa,41980,,2014
"San Luis Obispo-Paso Robles-Arroyo Grande, CA Metro Area",59454,274184,39.5,181329,36175,14387,102350,59381,426200,42020,,msa,42020,,2014
"Santa Cruz-Watsonville, CA Metro Area",66923,267203,36.9,172276,39582,16915,94219,54749,559500,42100,,msa,42100,,2014
"Santa Fe, NM Metro Area",52958,146361,43.9,105598,21862,13363,61313,42533,272700,42140,,msa,42140,,2014
"Santa Isabel, PR Micro Area",16344,23114,35.0,14533,2454,611,7848,5880,89900,42180,,msa,42180,,2014
"Santa Maria-Santa Barbara, CA Metro Area",63409,431555,33.6,265963,49596,21078,142028,74300,446500,42200,,msa,42200,,2014
"Santa Rosa, CA Metro Area",63799,491790,40.5,341490,72304,25309,186935,111419,414500,42220,,msa,42220,,2014
"Sault Ste. Marie, MI Micro Area",40828,38698,39.0,26333,3215,1357,14382,10114,101500,42300,,msa,42300,,2014
"Savannah, GA Metro Area",50560,361161,34.5,233580,44762,18237,132980,79845,168600,42340,,msa,42340,,2014
"Sayre, PA Micro Area",48418,62510,43.8,43914,4828,1956,24338,18244,123700,42380,,msa,42380,,2014
"Scottsbluff, NE Micro Area",46310,38911,39.2,26051,3676,1211,15526,10748,103500,42420,,msa,42420,,2014
"Scottsboro, AL Micro Area",36874,53012,42.1,37170,2881,1493,20425,15213,93800,42460,,msa,42460,,2014
"Scranton--Wilkes-Barre--Hazleton, PA Metro Area",45812,562644,42.6,396085,56560,25495,225565,153034,132500,42540,,msa,42540,,2014
"Searcy, AR Micro Area",42852,78275,36.0,49921,5877,2408,29447,20225,103200,42620,,msa,42620,,2014
"Seattle-Tacoma-Bellevue, WA Metro Area",68969,3557037,36.9,2434843,596252,240176,1381607,829580,315700,42660,,msa,42660,,2014
"Sebastian-Vero Beach, FL Metro Area",44645,140918,50.2,105814,17760,7301,57342,42565,156300,42680,,msa,42680,,2014
"Sebring, FL Metro Area",35911,98261,51.9,74156,7524,2938,39882,30660,87700,42700,,msa,42700,,2014
"Sedalia, MO Micro Area",39624,42213,37.5,27730,3087,1029,16250,11164,100100,42740,,msa,42740,,2014
"Selinsgrove, PA Micro Area",48718,39922,39.4,26323,2647,1117,14414,10899,139400,42780,,msa,42780,,2014
"Selma, AL Micro Area",26494,42743,37.9,27699,2353,1297,16259,9892,79200,42820,,msa,42820,,2014
"Seneca, SC Micro Area",41197,74656,43.8,53052,6993,3492,30319,22684,138700,42860,,msa,42860,,2014
"Seneca Falls, NY Micro Area",48932,35232,42.4,24898,2857,1595,13485,9861,95400,42900,,msa,42900,,2014
"Sevierville, TN Micro Area",42499,92561,41.8,64677,6178,2668,36253,23983,158000,42940,,msa,42940,,2014
"Seymour, IN Micro Area",47758,43127,39.0,29151,2626,1329,16657,12412,112900,42980,,msa,42980,,2014
"Sioux City, IA-NE-SD Metro Area",49843,168824,36.6,108273,15310,5318,64174,45052,108200,43580,,msa,43580,,2014
"Sioux Falls, SD Metro Area",57356,238294,34.8,155381,33461,10258,92241,62013,157600,43620,,msa,43620,,2014
"Snyder, TX Micro Area",50829,17108,36.4,11151,1156,442,5894,4333,88800,43660,,msa,43660,,2014
"Somerset, KY Micro Area",33425,63505,41.9,44246,3621,2042,26052,18315,105100,43700,,msa,43700,,2014
"Somerset, PA Micro Area",44255,77011,44.9,56768,5503,2105,29748,23215,97400,43740,,msa,43740,,2014
"Sonora, CA Micro Area",48493,54347,48.2,41038,5528,1709,22181,15372,262600,43760,,msa,43760,,2014
"South Bend-Mishawaka, IN-MI Metro Area",45036,318917,37.8,208294,32486,14549,121563,86091,114700,43780,,msa,43780,,2014
"Spartanburg, SC Metro Area",42588,317057,38.5,210586,28358,11928,120122,82852,117700,43900,,msa,43900,,2014
"Spearfish, SD Micro Area",44267,24478,41.1,16597,3353,1143,10483,6969,172600,43940,,msa,43940,,2014
"Spencer, IA Micro Area",49438,16555,42.1,11635,1703,304,7269,5372,106400,43980,,msa,43980,,2014
"Shawano, WI Micro Area",45987,46079,43.2,32003,3366,1131,18257,13900,127600,43020,,msa,43020,,2014
"Shawnee, OK Micro Area",44250,70700,37.6,46055,5719,1905,26033,18127,100200,43060,,msa,43060,,2014
"Sheboygan, WI Metro Area",53029,115168,40.7,79239,12321,4300,46433,33057,150800,43100,,msa,43100,,2014
"Shelby, NC Micro Area",39197,97464,40.9,65992,6824,3067,37407,25553,104100,43140,,msa,43140,,2014
"Shelbyville, TN Micro Area",40989,45660,36.5,29668,2761,891,16608,11528,113200,43180,,msa,43180,,2014
"Shelton, WA Micro Area",49538,60728,45.2,44095,5464,1801,23099,18054,204800,43220,,msa,43220,,2014
"Sheridan, WY Micro Area",56015,29578,42.4,20739,3971,1287,12568,8781,219400,43260,,msa,43260,,2014
"Sherman-Denison, TX Metro Area",47631,121975,40.1,81569,10821,4109,46747,31618,105800,43300,,msa,43300,,2014
"Show Low, AZ Micro Area",36591,107489,35.4,66359,5996,2796,34018,24088,106500,43320,,msa,43320,,2014
"Shreveport-Bossier City, LA Metro Area",43779,445305,36.3,293029,42415,16032,170715,110028,122700,43340,,msa,43340,,2014
"Sidney, OH Micro Area",51266,49165,39.1,32237,3058,1692,18616,13661,126000,43380,,msa,43380,,2014
"Sierra Vista-Douglas, AZ Metro Area",45974,130807,39.6,88904,12968,6001,48846,33223,141300,43420,,msa,43420,,2014
"Sikeston, MO Micro Area",39076,39137,39.8,26295,2388,944,15361,10463,94300,43460,,msa,43460,,2014
"Silver City, NM Micro Area",38923,29303,46.4,20679,2559,2038,12229,9245,128800,43500,,msa,43500,,2014
"Spirit Lake, IA Micro Area",56086,16877,48.7,12607,2195,680,7831,5823,165800,44020,,msa,44020,,2014
"Spokane-Spokane Valley, WA Metro Area",49417,533456,38.0,356354,62164,24996,211284,136976,181100,44060,,msa,44060,,2014
"Springfield, IL Metro Area",55842,211466,39.9,144517,29472,12267,88221,62164,126900,44100,,msa,44100,,2014
"Springfield, MA Metro Area",52546,626775,38.0,406119,68082,37658,236512,147937,214000,44140,,msa,44140,,2014
"Springfield, MO Metro Area",42880,444728,36.5,289730,49044,18091,177468,113628,128100,44180,,msa,44180,,2014
"Springfield, OH Metro Area",43011,137303,41.1,93107,10978,4645,54969,36306,104200,44220,,msa,44220,,2014
"Starkville, MS Micro Area",32348,48639,25.3,24691,5445,2945,17778,9329,134600,44260,,msa,44260,,2014
"State College, PA Metro Area",50295,156240,29.7,88514,18456,10830,57283,34622,193500,44300,,msa,44300,,2014
"Statesboro, GA Micro Area",35642,71940,26.1,37821,6317,2599,25803,12990,128200,44340,,msa,44340,,2014
"Sterling, CO Micro Area",41749,22604,37.1,15004,1401,673,7825,5290,122300,44540,,msa,44540,,2014
"Staunton-Waynesboro, VA Metro Area",49262,119016,42.8,84393,12247,5278,47505,33995,185400,44420,,msa,44420,,2014
"Steamboat Springs, CO Micro Area",61095,23428,39.9,16661,5276,1998,9573,6803,378100,44460,,msa,44460,,2014
"Stephenville, TX Micro Area",40711,39291,30.5,22411,3930,1345,14696,8749,112200,44500,,msa,44500,,2014
"Sterling, IL Micro Area",48343,57680,42.4,39881,4199,1956,23328,17582,99200,44580,,msa,44580,,2014
"Stevens Point, WI Micro Area",50837,70337,36.0,44326,8575,2867,27954,19082,147600,44620,,msa,44620,,2014
"Stillwater, OK Micro Area",37637,78723,26.9,42088,8667,4214,30182,15293,132700,44660,,msa,44660,,2014
"Stockton-Lodi, CA Metro Area",53253,701050,33.2,428299,53111,15921,217343,123584,211300,44700,,msa,44700,,2014
"Storm Lake, IA Micro Area",48010,20460,36.8,13006,1680,561,7635,5358,100300,44740,,msa,44740,,2014
"Sturgis, MI Micro Area",44145,60998,39.0,40575,3766,1773,22856,17255,105800,44780,,msa,44780,,2014
"Sulphur Springs, TX Micro Area",45158,35478,39.2,23578,2273,965,13243,9487,93300,44860,,msa,44860,,2014
"Summerville, GA Micro Area",32496,25484,40.4,17655,1020,357,9347,6419,66700,44900,,msa,44900,,2014
"Summit Park, UT Micro Area",89886,37877,37.3,24864,7591,3270,13425,10254,496800,44920,,msa,44920,,2014
"Sumter, SC Metro Area",40662,107782,35.6,68989,8082,3917,40024,25825,108300,44940,,msa,44940,,2014
"Sunbury, PA Micro Area",41560,94294,43.6,68143,6540,2458,39170,28015,100500,44980,,msa,44980,,2014
"Susanville, CA Micro Area",53351,33356,37.3,24264,1999,695,9821,6248,176500,45000,,msa,45000,,2014
"Sweetwater, TX Micro Area",37342,15082,38.2,9743,910,237,5449,3784,54700,45020,,msa,45020,,2014
"Syracuse, NY Metro Area",53191,662236,38.9,439319,73429,43235,256796,173405,124400,45060,,msa,45060,,2014
"Tahlequah, OK Micro Area",37230,47860,34.7,29666,4333,1913,16873,11088,106300,45140,,msa,45140,,2014
"Talladega-Sylacauga, AL Micro Area",35514,92920,40.9,64169,4783,2214,35723,25947,90000,45180,,msa,45180,,2014
"Tallahassee, FL Metro Area",45377,373097,32.4,226940,47994,23124,143932,83187,164600,45220,,msa,45220,,2014
"Tampa-St. Petersburg-Clearwater, FL Metro Area",46706,2851235,41.7,2016852,355644,131234,1134997,740691,141900,45300,,msa,45300,,2014
"Taos, NM Micro Area",35823,32956,46.5,24242,4132,1941,13239,9603,211900,45340,,msa,45340,,2014
"Taylorville, IL Micro Area",45727,34415,41.9,24232,2336,862,14089,10432,84100,45380,,msa,45380,,2014
"Terre Haute, IN Metro Area",42780,172240,38.1,113935,13053,5617,64201,43262,87600,45460,,msa,45460,,2014
"Texarkana, TX-AR Metro Area",41818,149457,38.0,100680,10729,4350,55953,37491,94300,45500,,msa,45500,,2014
"The Dalles, OR Micro Area",43226,25387,41.8,17612,1989,887,9595,6190,177000,45520,,msa,45520,,2014
"The Villages, FL Metro Area",49874,103708,64.5,91658,14182,7831,45868,41407,199500,45540,,msa,48680,,2014
"Thomaston, GA Micro Area",34614,26681,41.8,18203,1117,708,10363,6639,82600,45580,,msa,45580,,2014
"Thomasville, GA Micro Area",35515,44733,39.3,30160,2921,1427,17352,10053,124200,45620,,msa,45620,,2014
"Tiffin, OH Micro Area",44947,56100,39.1,37092,3576,1501,21539,15464,97200,45660,,msa,45660,,2014
"Tifton, GA Micro Area",34830,40721,34.8,25368,2084,1300,13966,8366,116200,45700,,msa,45700,,2014
"Toccoa, GA Micro Area",40103,25741,40.9,17062,1419,816,9260,6917,99500,45740,,msa,45740,,2014
"Toledo, OH Metro Area",44775,608847,37.2,396351,59992,27064,244015,155890,115900,45780,,msa,45780,,2014
"Topeka, KS Metro Area",50797,234195,39.6,157403,27503,10516,94100,63896,118700,45820,,msa,45820,,2014
"Torrington, CT Micro Area",72068,187542,45.4,135694,27027,14278,75229,58127,259800,45860,,msa,45860,,2014
"Traverse City, MI Micro Area",50817,145374,44.1,104420,17950,9487,58480,46183,164700,45900,,msa,45900,,2014
"Trenton, NJ Metro Area",74118,369526,38.3,246366,51014,31314,131475,85625,280400,45940,,msa,45940,,2014
"Troy, AL Micro Area",32798,33216,31.1,19278,2851,1124,12909,7513,101900,45980,,msa,45980,,2014
"Truckee-Grass Valley, CA Micro Area",56949,98606,48.8,73611,15724,5484,40838,29617,344800,46020,,msa,46020,,2014
"Tucson, AZ Metro Area",46233,993144,37.9,654497,115392,55652,386155,238500,161700,46060,,msa,46060,,2014
"Tullahoma-Manchester, TN Micro Area",41158,100568,40.6,68353,7457,3437,39701,28218,114600,46100,,msa,46100,,2014
"Tulsa, OK Metro Area",49255,954055,36.7,626066,112224,35174,369720,244738,129100,46140,,msa,46140,,2014
"Tupelo, MS Micro Area",41701,138377,36.9,90375,10791,3827,50808,36603,97600,46180,,msa,46180,,2014
"Tuscaloosa, AL Metro Area",43567,233692,32.9,143761,21943,9582,81775,54107,143200,46220,,msa,46220,,2014
"Twin Falls, ID Micro Area",43282,101513,33.9,63357,7100,2092,36267,23902,148000,46300,,msa,46300,,2014
"Tyler, TX Metro Area",46669,214735,36.0,137881,24044,7543,79089,52107,126400,46340,,msa,46340,,2014
"Ukiah, CA Micro Area",43290,87612,42.0,61116,8930,3227,33693,19135,310300,46380,,msa,46380,,2014
"Union City, TN-KY Micro Area",39050,37928,42.0,26395,2323,1279,15158,10113,85200,46460,,msa,46460,,2014
"Urbana, OH Micro Area",49840,39628,40.6,26716,2926,1138,15163,11250,121100,46500,,msa,46500,,2014
"Urban Honolulu, HI Metro Area",73581,975690,37.2,660551,141559,47943,310141,170342,564400,46520,,msa,46520,,2014
"Utica-Rome, NY Metro Area",48094,298273,41.4,204689,27662,14710,117404,79022,107800,46540,,msa,46540,,2014
"Uvalde, TX Micro Area",37078,26763,34.5,16392,1741,519,8622,6052,72000,46620,,msa,46620,,2014
"Valdosta, GA Metro Area",36289,142655,30.8,84016,10681,4198,51439,28690,121800,46660,,msa,46660,,2014
"Vallejo-Fairfield, CA Metro Area",67341,421624,37.2,280199,47620,13014,142521,85815,263600,46700,,msa,46700,,2014
"Valley, AL Micro Area",32835,34091,43.1,23821,1855,768,13901,9331,82400,46740,,msa,46740,,2014
"Van Wert, OH Micro Area",46436,28612,41.5,19587,1842,990,11388,8670,90000,46780,,msa,46780,,2014
"Vermillion, SD Micro Area",36627,13968,25.2,7049,1692,762,5185,2697,136000,46820,,msa,46820,,2014
"Vernal, UT Micro Area",62363,34576,29.6,19720,2373,671,11048,8311,187400,46860,,msa,46860,,2014
"Vernon, TX Micro Area",41901,13265,37.4,8669,1152,329,5253,3433,67100,46900,,msa,46900,,2014
"Vicksburg, MS Micro Area",37686,57687,37.2,37287,5447,2702,21530,14334,93900,46980,,msa,46980,,2014
"Victoria, TX Metro Area",50549,96312,36.8,62693,7337,2404,35185,23556,115900,47020,,msa,47020,,2014
"Vidalia, GA Micro Area",31842,36272,36.5,23201,2145,840,13745,8859,83800,47080,,msa,47080,,2014
"Vincennes, IN Micro Area",42997,38181,39.3,24982,2343,1067,14705,9735,83100,47180,,msa,47180,,2014
"Vineland-Bridgeton, NJ Metro Area",50603,157429,36.7,105379,10381,3014,50399,33568,165700,47220,,msa,47220,,2014
"Vineyard Haven, MA Micro Area",65518,16915,45.7,12674,3423,1235,5839,4552,641100,47240,,msa,47240,,2014
"Virginia Beach-Norfolk-Newport News, VA-NC Metro Area",59244,1697898,35.3,1107600,200846,91385,626974,390053,235900,47260,,msa,47260,,2014
"Visalia-Porterville, CA Metro Area",42863,451108,30.1,258046,23091,7420,132706,75974,161000,47300,,msa,47300,,2014
"Wabash, IN Micro Area",45657,32492,42.3,21968,2298,1140,12777,9689,95100,47340,,msa,47340,,2014
"Waco, TX Metro Area",41876,257241,33.4,156474,22132,7639,91389,54440,108000,47380,,msa,47380,,2014
"Wahpeton, ND-MN Micro Area",55159,22868,40.3,15039,2343,550,9379,6975,106500,47420,,msa,47420,,2014
"Walla Walla, WA Metro Area",47309,63507,37.5,41335,6512,2942,23404,14893,189100,47460,,msa,47460,,2014
"Wapakoneta, OH Micro Area",52773,45867,40.5,30989,3663,1593,18115,13468,131500,47540,,msa,47540,,2014
"Warner Robins, GA Metro Area",51404,184652,35.0,118496,15984,7785,66389,43583,128400,47580,,msa,47580,,2014
"Warren, PA Micro Area",44391,41218,46.0,29998,3598,1471,17029,13141,89300,47620,,msa,47620,,2014
"Warrensburg, MO Micro Area",49978,53879,29.6,30773,4833,2242,19912,12091,142400,47660,,msa,47660,,2014
"North Port-Sarasota-Bradenton, FL Metro Area",49875,722784,50.3,548853,96784,45611,306165,220899,169000,35840,,msa,35840,,2014
"North Vernon, IN Micro Area",44758,28223,38.8,18642,1324,625,10585,8033,91100,35860,,msa,35860,,2014
"North Wilkesboro, NC Micro Area",32157,69093,43.3,48832,4409,1580,27355,20156,110500,35900,,msa,35900,,2014
"Norwalk, OH Micro Area",49315,59186,38.3,39416,3414,1368,22507,16375,115600,35940,,msa,35940,,2014
"Norwich-New London, CT Metro Area",66693,274071,40.6,188762,32268,20343,106882,71809,247700,35980,,msa,35980,,2014
"Oak Harbor, WA Micro Area",59107,78951,43.7,56209,11449,4801,32820,22470,287600,36020,,msa,36020,,2014
"Ocala, FL Metro Area",39339,334771,47.8,246795,27759,9984,133137,101048,111500,36100,,msa,36100,,2014
"Ocean City, NJ Metro Area",57394,96286,48.0,70767,13352,5509,41069,30930,307000,36140,,msa,36140,,2014
"Odessa, TX Metro Area",54903,144932,30.9,86219,8874,2520,50214,32894,96800,36220,,msa,36220,,2014
"Ogden-Clearfield, UT Metro Area",63393,614521,30.7,358619,72104,24516,195735,147111,198200,36260,,msa,36260,,2014
"Ogdensburg-Massena, NY Micro Area",44454,112015,37.8,71897,7754,5701,41579,29367,86200,36300,,msa,36300,,2014
"Oil City, PA Micro Area",43291,54265,45.1,38947,4210,1589,22412,17109,80800,36340,,msa,36340,,2014
"Okeechobee, FL Micro Area",35490,39398,39.6,26701,1915,589,13213,9538,100900,36380,,msa,36380,,2014
"Oklahoma City, OK Metro Area",50967,1297998,34.6,836758,156570,56652,490013,316467,133700,36420,,msa,36420,,2014
"Olean, NY Micro Area",43503,79397,41.3,53522,5477,3396,31798,22808,83000,36460,,msa,36460,,2014
"Olympia-Tumwater, WA Metro Area",62286,259330,38.4,177313,35722,16178,101530,65854,241300,36500,,msa,36500,,2014
"Omaha-Council Bluffs, NE-IA Metro Area",57357,886157,34.9,573597,128043,45294,340906,225352,145900,36540,,msa,36540,,2014
"Orangeburg, SC Micro Area",33615,91262,38.7,59605,6819,3427,33836,23095,86900,36700,,msa,36700,,2014
"Oneonta, NY Micro Area",47884,61778,41.2,40158,5873,3439,23798,17601,139000,36580,,msa,36580,,2014
"Ontario, OR-ID Micro Area",39237,53398,37.0,34544,3387,1141,18453,12382,127900,36620,,msa,36620,,2014
"Opelousas, LA Micro Area",33928,83518,36.7,53562,4812,1668,30664,21554,88700,36660,,msa,36660,,2014
"Orlando-Kissimmee-Sanford, FL Metro Area",48559,2226835,36.5,1481910,281797,101422,779612,484428,156100,36740,,msa,36740,,2014
"Oshkosh-Neenah, WI Metro Area",51949,168413,37.6,111910,20564,6304,68484,45154,142100,36780,,msa,36780,,2014
"Oskaloosa, IA Micro Area",48750,22420,39.6,15014,2520,621,9084,6377,103800,36820,,msa,36820,,2014
"Othello, WA Micro Area",44533,18951,28.9,10434,942,349,5827,3776,139200,36830,,msa,36830,,2014
"Ottawa, KS Micro Area",50415,25834,38.8,17001,2372,834,9933,7112,120000,36840,,msa,36840,,2014
"Ottawa-Peru, IL Micro Area",50985,152954,42.1,106170,11659,4213,60429,45224,117400,36860,,msa,36860,,2014
"Ottumwa, IA Micro Area",42189,44171,39.5,29628,3205,1049,17693,13051,80000,36900,,msa,36900,,2014
"Owatonna, MN Micro Area",55764,36472,39.7,24349,4430,1217,14339,11011,150600,36940,,msa,36940,,2014
"Owensboro, KY Metro Area",45639,115795,39.6,77960,8464,4428,45111,31847,109100,36980,,msa,36980,,2014
"Paris, TN Micro Area",38694,32279,44.8,23119,2084,1267,13317,9802,91400,37540,,msa,37540,,2014
"Paris, TX Micro Area",41130,49704,40.5,33078,3547,1469,18965,12443,84100,37580,,msa,37580,,2014
"Parkersburg-Vienna, WV Metro Area",42223,92405,42.5,65548,7731,3053,38325,27972,103400,37620,,msa,37620,,2014
"Parsons, KS Micro Area",41434,21225,40.6,14230,1775,805,8495,5998,67700,37660,,msa,37660,,2014
"Payson, AZ Micro Area",40042,53242,48.0,38319,3724,2056,20824,15072,134100,37740,,msa,37740,,2014
"Pecos, TX Micro Area",44950,13978,35.0,9185,734,176,3705,2652,40600,37780,,msa,37780,,2014
"Pensacola-Ferry Pass-Brent, FL Metro Area",49255,462339,38.1,307856,50497,19100,169978,112375,137200,37860,,msa,37860,,2014
"Peoria, IL Metro Area",54686,380241,38.9,256475,46011,17091,152051,108641,129900,37900,,msa,37900,,2014
"Peru, IN Micro Area",43862,36394,40.3,25137,1784,747,13246,9857,85100,37940,,msa,37940,,2014
"Philadelphia-Camden-Wilmington, PA-NJ-DE-MD Metro Area",62169,6015336,38.2,4053291,832037,381996,2229039,1513966,237600,37980,,msa,37980,,2014
"Owosso, MI Micro Area",47723,69553,41.3,47424,4440,2189,27435,21027,104700,37020,,msa,37020,,2014
"Oxford, MS Micro Area",41343,50256,27.6,27312,5717,2501,16557,9825,151700,37060,,msa,37060,,2014
"Oxford, NC Micro Area",49655,57955,41.0,39614,5145,1311,19983,14920,137800,37080,,msa,37080,,2014
"Oxnard-Thousand Oaks-Ventura, CA Metro Area",77335,835790,36.9,544266,108296,43588,267829,172637,444800,37100,,msa,37100,,2014
"Ozark, AL Micro Area",44473,50013,36.6,33129,3709,1462,19470,11953,103300,37120,,msa,37120,,2014
"Paducah, KY-IL Micro Area",43028,98410,42.9,69436,8105,3794,40409,28622,105500,37140,,msa,37140,,2014
"Pahrump, NV Micro Area",41757,42938,50.3,32080,2970,1052,17803,12524,102300,37220,,msa,37220,,2014
"Palatka, FL Micro Area",32714,73191,43.9,51185,3835,1465,27842,20937,86600,37260,,msa,37260,,2014
"Palestine, TX Micro Area",42511,58084,39.1,41655,3290,1074,16610,12053,80300,37300,,msa,37300,,2014
"Palm Bay-Melbourne-Titusville, FL Metro Area",48483,548891,46.3,400434,66517,30191,221582,160380,138500,37340,,msa,37340,,2014
"Pampa, TX Micro Area",45179,22771,37.7,15208,1584,460,8403,6208,73200,37420,,msa,37420,,2014
"Panama City, FL Metro Area",46742,188769,40.1,131370,18357,6816,72769,45239,155000,37460,,msa,37460,,2014
"Paragould, AR Micro Area",39500,42970,38.2,28415,2759,1098,16610,10790,101700,37500,,msa,37500,,2014
"Phoenix-Mesa-Scottsdale, AZ Metro Area",53310,4337542,35.4,2809221,521361,209470,1550372,965620,170200,38060,,msa,38060,,2014
"Picayune, MS Micro Area",40997,55293,40.6,36867,3336,1341,20615,15714,112400,38100,,msa,38100,,2014
"Pierre, SD Micro Area",58027,21824,39.9,15110,3232,953,8974,5993,161000,38180,,msa,38180,,2014
"Pine Bluff, AR Metro Area",36856,97365,38.1,64968,6857,2318,35953,23662,79000,38220,,msa,38220,,2014
"Pinehurst-Southern Pines, NC Micro Area",50393,90579,45.1,65353,12887,5601,36947,27594,199000,38240,,msa,38240,,2014
"Pittsburg, KS Micro Area",37154,39277,32.7,23902,4360,1861,15364,9233,85000,38260,,msa,38260,,2014
"Pittsburgh, PA Metro Area",51883,2358793,42.7,1682624,320002,142606,989655,691836,128100,38300,,msa,38300,,2014
"Pittsfield, MA Metro Area",49737,130064,45.4,93321,16450,9144,55369,37953,204100,38340,,msa,38340,,2014
"Plainview, TX Micro Area",42303,35925,32.4,21539,1915,859,11644,7319,71100,38380,,msa,38380,,2014
"Platteville, WI Micro Area",47266,51272,36.4,31695,4086,1680,19472,13789,129500,38420,,msa,38420,,2014
"Plattsburgh, NY Micro Area",50985,81829,39.6,55509,6697,4303,31976,21830,125200,38460,,msa,38460,,2014
"Plymouth, IN Micro Area",47219,47032,39.0,30894,3430,1490,17468,13405,124100,38500,,msa,38500,,2014
"Pocatello, ID Metro Area",43953,83394,32.4,51204,9192,2901,30277,20850,143800,38540,,msa,38540,,2014
"Point Pleasant, WV-OH Micro Area",37934,57970,41.6,40203,3265,1415,22231,17331,87100,38580,,msa,38580,,2014
"Ponca City, OK Micro Area",41806,45781,39.1,30222,4119,1305,18272,12812,76200,38620,,msa,38620,,2014
"Ponce, PR Metro Area",16593,337919,37.3,220966,35802,7329,111021,79149,98600,38660,,msa,38660,,2014
"Pontiac, IL Micro Area",54723,38476,41.0,27055,2703,1197,14515,10578,109200,38700,,msa,38700,,2014
"Poplar Bluff, MO Micro Area",36160,42957,40.0,29368,2419,1181,16773,11089,91700,38740,,msa,38740,,2014
"Portales, NM Micro Area",36567,20065,29.2,11202,1462,803,7198,4259,115800,38780,,msa,38780,,2014
"Port Angeles, WA Micro Area",47008,72024,49.7,53946,7837,3907,30963,21509,220400,38820,,msa,38820,,2014
"Port Clinton, OH Micro Area",53599,41304,47.0,30387,4403,1631,17366,13870,135800,38840,,msa,38840,,2014
"Portland-South Portland, ME Metro Area",58000,518387,42.7,369467,86347,33713,214107,150604,232500,38860,,msa,38860,,2014
"Portland-Vancouver-Hillsboro, OR-WA Metro Area",58832,2288796,37.3,1565294,346043,139880,878078,534425,264200,38900,,msa,38900,,2014
"Port Lavaca, TX Micro Area",47546,21569,37.8,14324,1426,702,7873,5566,99600,38920,,msa,38920,,2014
"Port St. Lucie, FL Metro Area",45752,433646,46.0,315101,46878,19003,167932,124818,140400,38940,,msa,38940,,2014
"Portsmouth, OH Micro Area",36945,78520,39.4,53474,4894,2155,29558,20373,90800,39020,,msa,39020,,2014
"Pottsville, PA Micro Area",45020,147146,43.6,107318,10359,4450,59122,44420,93800,39060,,msa,39060,,2014
"Prescott, AZ Metro Area",44000,213689,50.8,160107,25274,10223,91508,64048,181100,39140,,msa,39150,,2014
"Price, UT Micro Area",46366,21118,34.3,13211,1170,386,7834,5479,123000,39220,,msa,39220,,2014
"Prineville, OR Micro Area",36158,20798,47.6,15348,1567,484,8977,6145,159800,39260,,msa,39260,,2014
"Providence-Warwick, RI-MA Metro Area",56267,1604317,40.0,1094519,197346,90010,620570,378697,253900,39300,,msa,39300,,2014
"Provo-Orem, UT Metro Area",60647,550774,24.5,268499,68145,20810,148535,100397,221100,39340,,msa,39340,,2014
"Pueblo, CO Metro Area",41974,160757,38.8,107136,14294,6720,62829,40786,137600,39380,,msa,39380,,2014
"Pullman, WA Micro Area",35578,46003,24.0,21955,5508,2764,17174,7728,179700,39420,,msa,39420,,2014
"Punta Gorda, FL Metro Area",44265,163151,56.9,131689,17501,7038,70948,55801,140900,39460,,msa,39460,,2014
"Quincy, IL-MO Micro Area",45089,77289,40.2,52584,7153,2552,30708,21887,103500,39500,,msa,39500,,2014
"Racine, WI Metro Area",55055,195039,39.5,131513,20351,8204,75078,52433,167300,39540,,msa,39540,,2014
"Raleigh, NC Metro Area",62794,1189579,35.5,774622,215220,82948,440375,291842,206600,39580,,msa,39580,,2014
"Rapid City, SD Metro Area",51041,139040,37.5,92871,16686,5730,55079,37659,157300,39660,,msa,39660,,2014
"Warsaw, IN Micro Area",52706,77790,38.0,51065,7027,3144,29414,22681,132000,47700,,msa,47700,,2014
"Washington, IN Micro Area",47104,32156,35.2,19914,1457,902,11462,8513,103400,47780,,msa,47780,,2014
"Washington, NC Micro Area",40671,47587,44.4,33797,3742,1818,18894,13264,116600,47820,,msa,47820,,2014
"Washington-Arlington-Alexandria, DC-VA-MD-WV Metro Area",91756,5863608,36.2,3948540,990408,630685,2112551,1345078,373300,47900,,msa,47900,,2014
"Washington Court House, OH Micro Area",40576,28875,40.6,19658,1889,701,11532,7071,107800,47920,,msa,47920,,2014
"Waterloo-Cedar Falls, IA Metro Area",49897,168831,35.7,107250,19112,6148,66846,46927,129300,47940,,msa,47940,,2014
"Watertown, SD Micro Area",47891,27598,37.9,18308,2896,668,11666,8024,138500,47980,,msa,47980,,2014
"Watertown-Fort Atkinson, WI Micro Area",54522,84201,38.8,56258,9045,3198,32267,23036,174600,48020,,msa,48020,,2014
"Watertown-Fort Drum, NY Metro Area",48613,118885,31.9,73749,8698,5033,44822,24989,135200,48060,,msa,48060,,2014
"Wauchula, FL Micro Area",36094,27549,33.4,17244,1257,341,7534,5402,84200,48100,,msa,48100,,2014
"Wausau, WI Metro Area",53779,134886,40.2,91917,14411,4830,53392,39247,142900,48140,,msa,48140,,2014
"Waycross, GA Micro Area",36974,54775,38.6,36303,2607,1311,20559,13757,81000,48180,,msa,48180,,2014
"Weatherford, OK Micro Area",45056,28506,30.6,16783,3126,1188,10302,6185,115100,48220,,msa,48220,,2014
"Weirton-Steubenville, WV-OH Metro Area",40973,122666,44.8,87774,9051,3670,51232,37191,85300,48260,,msa,48260,,2014
"Wenatchee, WA Metro Area",51547,112847,38.5,74450,10540,3848,41323,27855,227900,48300,,msa,48300,,2014
"Kalamazoo-Portage, MI Metro Area",46392,330439,35.4,208165,39044,17441,128220,86165,131700,28020,,msa,28020,,2014
"Kalispell, MT Micro Area",46858,92373,41.9,64068,12458,3567,37073,25985,226700,28060,,msa,28060,,2014
"Kankakee, IL Metro Area",51000,112682,37.3,73109,7800,4191,41430,28401,143100,28100,,msa,28100,,2014
"Kansas City, MO-KS Metro Area",57056,2040869,36.7,1357225,291816,120988,792793,525750,158300,28140,,msa,28140,,2014
"Kapaa, HI Micro Area",62946,68745,41.5,48229,8913,2648,22395,14046,483800,28180,,msa,28180,,2014
"Kearney, NE Micro Area",52899,53948,33.6,33110,7530,2075,20664,13451,137500,28260,,msa,28260,,2014
"Keene, NH Micro Area",56139,76596,41.7,52084,9868,4394,30659,21599,191200,28300,,msa,28300,,2014
"Kendallville, IN Micro Area",49102,47497,37.6,31142,3090,1048,17703,13382,111500,28340,,msa,28340,,2014
"Kennett, MO Micro Area",31777,31778,39.7,20895,1302,675,12727,7940,69900,28380,,msa,28380,,2014
"Kennewick-Richland, WA Metro Area",59476,266561,33.0,164129,26357,10580,90832,61537,174000,28420,,msa,28420,,2014
"Kerrville, TX Micro Area",42930,49914,47.8,35842,6638,2530,20353,14454,153100,28500,,msa,28500,,2014
"Ketchikan, AK Micro Area",61712,13676,38.8,9258,1611,423,5305,2985,261600,28540,,msa,28540,,2014
"Key West, FL Micro Area",55449,75208,46.7,58246,10495,4253,28418,17205,379700,28580,,msa,28580,,2014
"Kill Devil Hills, NC Micro Area",53399,38749,44.0,28591,5262,1828,16307,11346,269900,28620,,msa,28620,,2014
"Killeen-Temple, TX Metro Area",50671,417887,30.4,251007,34103,12740,135062,77276,120600,28660,,msa,28660,,2014
"Kingsport-Bristol-Bristol, TN-VA Metro Area",39178,308800,43.9,222005,27665,10656,129662,96099,118900,28700,,msa,28700,,2014
"Kingston, NY Metro Area",58592,181598,42.9,128233,20984,13414,69388,48242,226600,28740,,msa,28740,,2014
"Wichita, KS Metro Area",51059,636095,35.3,407194,79082,28340,241831,161056,122800,48620,,msa,48620,,2014
"West Plains, MO Micro Area",33006,40469,39.8,27164,2220,1337,16060,10951,99600,48460,,msa,48460,,2014
"Wheeling, WV-OH Metro Area",41919,146465,43.7,104973,12960,5310,60436,44372,92600,48540,,msa,48540,,2014
"Whitewater-Elkhorn, WI Micro Area",53998,102920,38.7,67249,11388,4731,39846,27096,191400,48580,,msa,48580,,2014
"Wichita Falls, TX Metro Area",45892,151202,35.2,96978,13437,4604,55317,35991,89000,48660,,msa,48660,,2014
"Williamsport, PA Metro Area",45877,116676,41.3,80224,9953,4177,46008,32189,134600,48700,,msa,48700,,2014
"Williston, ND Micro Area",82823,27066,34.3,17784,2526,560,11113,7550,174200,48780,,msa,48780,,2014
"Willmar, MN Micro Area",52043,42316,40.1,28351,4231,1275,16885,12532,162000,48820,,msa,48820,,2014
"Wilmington, NC Metro Area",48581,263804,38.7,178955,40755,13260,107330,65788,199000,48900,,msa,48900,,2014
"Wilmington, OH Micro Area",45909,41871,39.4,27598,2869,1052,16052,10464,118300,48940,,msa,48940,,2014
"Wilson, NC Micro Area",39332,81499,39.5,54646,7098,2318,32026,19225,114700,48980,,msa,48980,,2014
"Winchester, VA-WV Metro Area",51872,131082,39.9,89348,13413,6247,50504,33248,204300,49020,,msa,49020,,2014
"Winnemucca, NV Micro Area",62632,17003,35.3,10784,924,315,6092,4441,152900,49080,,msa,49080,,2014
"Winona, MN Micro Area",48476,51285,33.9,30962,5514,1970,19081,13407,154700,49100,,msa,49100,,2014
"Winston-Salem, NC Metro Area",44589,648045,39.8,438277,74064,26176,256301,175763,141900,49180,,msa,49180,,2014
"Wisconsin Rapids-Marshfield, WI Micro Area",48241,74261,43.2,52248,6349,2331,32115,23993,120000,49220,,msa,49220,,2014
"Woodward, OK Micro Area",54387,20697,36.4,13607,1788,617,7246,5196,108700,49260,,msa,49260,,2014
"Wooster, OH Micro Area",49244,114978,38.7,74748,9580,4015,42593,31189,135300,49300,,msa,49300,,2014
"Worcester, MA-CT Metro Area",64629,924722,39.7,624886,126263,58412,344842,227083,247200,49340,,msa,49340,,2014
"Worthington, MN Micro Area",50340,21589,36.8,13941,1483,387,7838,5624,107300,49380,,msa,49380,,2014
"Yakima, WA Metro Area",43956,246402,32.4,147249,14734,6168,79717,49287,157900,49420,,msa,49420,,2014
"Yankton, SD Micro Area",50044,22580,40.9,15734,2962,798,8840,6257,125300,49460,,msa,49460,,2014
"York-Hanover, PA Metro Area",58906,438052,40.6,300951,44181,17793,168278,126177,170900,49620,,msa,49620,,2014
"Youngstown-Warren-Boardman, OH-PA Metro Area",42543,559144,43.3,392521,51397,19283,230317,163084,98600,49660,,msa,49660,,2014
"Yuba City, CA Metro Area",48546,168126,33.6,104933,12359,3492,56435,33095,179100,49700,,msa,49700,,2014
"Yuma, AZ Metro Area",41380,201453,33.6,123759,11491,4330,69915,48447,113500,49740,,msa,49740,,2014
"Zanesville, OH Micro Area",40937,85947,40.1,57790,5245,2527,34160,23084,106300,49780,,msa,49780,,2014
"Zapata, TX Micro Area",30758,14231,29.0,7894,529,215,4424,3499,54000,49820,,msa,49820,,2014
"Klamath Falls, OR Micro Area",39534,65985,42.3,45596,5857,2130,27148,17855,154600,28900,,msa,28900,,2014
"Kingsville, TX Micro Area",37680,32670,28.1,18248,3035,1140,11190,5857,77100,28780,,msa,28780,,2014
"Kinston, NC Micro Area",35687,59095,41.3,40307,3917,1296,23571,14181,92600,28820,,msa,28820,,2014
"Kirksville, MO Micro Area",35153,30030,30.7,16865,2246,1173,11353,7050,99700,28860,,msa,28860,,2014
"Knoxville, TN Metro Area",44906,847765,40.3,581447,96190,38747,340980,234569,148200,28940,,msa,28940,,2014
"Laredo, TX Metro Area",38679,259471,28.1,140551,17128,4990,68502,42848,107400,29700,,msa,29700,,2014
"Las Cruces, NM Metro Area",38426,212942,32.5,127266,20692,10083,74623,48287,137300,29740,,msa,29740,,2014
"Las Vegas, NM Micro Area",28292,28899,41.8,19608,2119,1274,11306,8227,117700,29780,,msa,29780,,2014
"Las Vegas-Henderson-Paradise, NV Metro Area",52070,2003613,36.1,1332874,197268,68120,715415,379677,163100,29820,,msa,29820,,2014
"Laurel, MS Micro Area",36862,84960,37.5,55691,5567,2829,31275,23519,81000,29860,,msa,29860,,2014
"Laurinburg, NC Micro Area",30834,36034,38.8,23656,2285,893,12931,8315,78700,29900,,msa,29900,,2014
"Lawrence, KS Metro Area",50732,113703,28.7,64125,17316,9141,43834,22678,181300,29940,,msa,29940,,2014
"Lawrenceburg, TN Micro Area",37371,42084,40.0,28245,2104,917,15932,11829,98300,29980,,msa,29980,,2014
"Kokomo, IN Metro Area",42078,82914,41.2,56876,7175,3149,34386,23603,96200,29020,,msa,29020,,2014
"Laconia, NH Micro Area",60782,60252,45.5,43771,8057,3365,25010,18725,220600,29060,,msa,29060,,2014
"La Crosse-Onalaska, WI-MN Metro Area",51160,135329,36.7,87137,16333,6217,54165,36341,154700,29100,,msa,29100,,2014
"Lafayette, LA Metro Area",47174,475457,35.0,306074,44567,12708,177280,122097,127400,29180,,msa,29180,,2014
"Lafayette-West Lafayette, IN Metro Area",45364,207013,29.4,117488,21690,10461,78213,44685,125000,29200,,msa,29200,,2014
"La Grande, OR Micro Area",43265,25736,40.1,17067,2536,879,10134,6496,159800,29260,,msa,29260,,2014
"LaGrange, GA Micro Area",41906,68375,36.2,43570,4889,2178,24597,14829,118300,29300,,msa,29300,,2014
"Lake Charles, LA Metro Area",44644,201656,36.3,130920,18613,5711,77334,54378,118600,29340,,msa,29340,,2014
"Lake City, FL Micro Area",39194,67662,40.4,46229,3901,2012,23714,16985,106600,29380,,msa,29380,,2014
"Lake Havasu City-Kingman, AZ Metro Area",38456,202482,48.6,148797,11604,4584,80529,54904,124600,29420,,msa,29420,,2014
"Lakeland-Winter Haven, FL Metro Area",43063,617323,40.3,420091,53596,18197,220556,153444,107100,29460,,msa,29460,,2014
"Lamesa, TX Micro Area",39746,13593,33.1,8811,667,199,4363,3109,58800,29500,,msa,29500,,2014
"Lancaster, PA Metro Area",57120,526839,38.3,347425,56043,21696,194503,134904,187300,29540,,msa,29540,,2014
"Lansing-East Lansing, MI Metro Area",50155,467122,34.8,292727,54435,25262,181936,117966,129700,29620,,msa,29620,,2014
"Laramie, WY Micro Area",42298,37220,27.0,20358,5527,2609,15440,7729,205300,29660,,msa,29660,,2014
"Lawton, OK Metro Area",46283,131804,31.7,81809,11090,3954,46524,26582,111800,30020,,msa,30020,,2014
"Lebanon, MO Micro Area",38693,35544,39.3,23992,2289,822,13745,9679,99900,30060,,msa,30060,,2014
"Lebanon, PA Metro Area",56173,135184,41.1,92605,11590,4981,51793,37002,164500,30140,,msa,30140,,2014
"Levelland, TX Micro Area",50485,23205,32.6,14054,1592,547,8122,5647,79300,30220,,msa,30220,,2014
"Lewisburg, PA Micro Area",48827,44955,38.5,30539,3961,1483,15058,10873,154000,30260,,msa,30260,,2014
"Lewisburg, TN Micro Area",41822,30977,39.8,21035,2157,441,11724,8644,111000,30280,,msa,30280,,2014
"Lewiston, ID-WA Metro Area",44993,61610,42.5,42827,6124,2062,25564,17517,167100,30300,,msa,30300,,2014
"Lewiston-Auburn, ME Metro Area",45765,107470,40.4,73811,10077,3520,44391,28461,152800,30340,,msa,30340,,2014
"Lewistown, PA Micro Area",40947,46705,43.3,32633,2695,922,18822,13608,96700,30380,,msa,30380,,2014
"Lexington, NE Micro Area",48180,26202,37.0,16717,1811,525,9480,6532,90700,30420,,msa,30420,,2014
"Lexington-Fayette, KY Metro Area",49997,483997,35.5,316082,64546,29061,192393,113544,163000,30460,,msa,30460,,2014
"Liberal, KS Micro Area",48621,23319,29.2,13234,1133,434,7442,4897,88900,30580,,msa,30580,,2014
"Lima, OH Metro Area",43648,105562,38.2,69276,6961,3676,40191,27189,106200,30620,,msa,30620,,2014
"Lincoln, IL Micro Area",49882,30047,39.6,21039,2414,796,10908,7557,97500,30660,,msa,30660,,2014
"Lincoln, NE Metro Area",52291,310665,33.1,192429,45243,15017,122757,73841,149700,30700,,msa,30700,,2014
"Little Rock-North Little Rock-Conway, AR Metro Area",49179,716849,36.0,472813,86080,30603,274285,179151,136400,30780,,msa,30780,,2014
"Lock Haven, PA Micro Area",44329,39611,38.4,25099,2816,1117,14947,10703,113800,30820,,msa,30820,,2014
"Logan, UT-ID Metro Area",49915,128807,25.7,65892,14888,4988,39746,26575,185700,30860,,msa,30860,,2014
"Logan, WV Micro Area",37312,36169,42.3,26006,1403,704,14444,10855,80500,30880,,msa,30880,,2014
"Logansport, IN Micro Area",41356,38730,39.5,25940,2274,1004,14759,11003,81100,30900,,msa,30900,,2014
"London, KY Micro Area",32354,126949,38.2,84612,5886,2837,48639,32836,82100,30940,,msa,30940,,2014
"Longview, TX Metro Area",46615,216746,37.2,142244,16947,5495,77524,53035,109300,30980,,msa,30980,,2014
"Manitowoc, WI Micro Area",48629,80805,44.0,57173,7953,2474,33917,25714,124900,31820,,msa,31820,,2014
"Mankato-North Mankato, MN Metro Area",54112,97643,31.6,59000,12564,3826,37129,25346,163300,31860,,msa,31860,,2014
"Mansfield, OH Metro Area",42042,122813,41.2,85359,9043,3287,48211,33204,102400,31900,,msa,31900,,2014
"Marietta, OH Micro Area",43512,61473,43.5,43394,4872,1785,24923,18790,108200,31930,,msa,31930,,2014
"Marinette, WI-MI Micro Area",41342,65326,46.9,47511,4886,1466,29087,22865,102800,31940,,msa,31940,,2014
"Marion, IN Micro Area",39885,69313,39.9,45255,4692,2367,26829,18780,80200,31980,,msa,31980,,2014
"Longview, WA Metro Area",46571,102072,40.7,69753,6951,2967,39765,26290,175200,31020,,msa,31020,,2014
"Los Alamos, NM Micro Area",105989,17974,43.1,12667,3209,2296,7495,5619,280700,31060,,msa,31060,,2014
"Los Angeles-Long Beach-Anaheim, CA Metro Area",60337,13060534,35.6,8601481,1776846,622144,4244676,2087061,454200,31080,,msa,31080,,2014
"Louisville/Jefferson County, KY-IN Metro Area",50386,1253305,38.5,851207,137935,64914,491885,331957,148000,31140,,msa,31140,,2014
"Lubbock, TX Metro Area",45337,298578,30.8,175583,30617,11433,111251,64151,107800,31180,,msa,31180,,2014
"Ludington, MI Micro Area",42156,28705,45.5,20476,2624,1151,12133,9102,118600,31220,,msa,31220,,2014
"Lufkin, TX Micro Area",42374,87433,36.4,56229,5809,2275,30840,20377,86000,31260,,msa,31260,,2014
"Lumberton, NC Micro Area",30581,134913,35.0,84351,7307,2316,45446,29097,67600,31300,,msa,31300,,2014
"Lynchburg, VA Metro Area",46913,255440,40.1,169329,26604,10622,98815,70396,162000,31340,,msa,31340,,2014
"Macomb, IL Micro Area",37959,32388,29.9,18090,3345,1676,12553,7757,87100,31380,,msa,31380,,2014
"Macon, GA Metro Area",39609,231956,37.6,151939,19903,8165,84303,51997,120400,31420,,msa,31420,,2014
"Madera, CA Metro Area",45490,152452,33.3,93891,8858,2452,42723,25930,179100,31460,,msa,31460,,2014
"Madison, IN Micro Area",45306,32447,41.0,21900,2286,1080,12746,9088,112500,31500,,msa,31500,,2014
"Madison, WI Metro Area",61227,620368,35.8,410228,104717,45313,255724,157870,217500,31540,,msa,31540,,2014
"Madisonville, KY Micro Area",42404,46684,40.3,32310,2471,1691,18533,13351,87200,31580,,msa,31580,,2014
"Magnolia, AR Micro Area",37509,24400,35.8,15088,2151,919,9509,6476,78500,31620,,msa,31620,,2014
"Malone, NY Micro Area",47110,51508,39.9,36039,3285,2543,19131,13711,98500,31660,,msa,31660,,2014
"Malvern, AR Micro Area",41353,33277,40.2,23155,2173,962,12027,8566,83300,31680,,msa,31680,,2014
"Manchester-Nashua, NH Metro Area",70906,402776,39.9,276792,62701,27810,154236,103198,245900,31700,,msa,31700,,2014
"Manhattan, KS Metro Area",48097,96816,25.9,50421,12007,5743,34271,17355,166700,31740,,msa,31740,,2014
"Marion, NC Micro Area",36271,44982,42.8,31907,2974,1042,17142,12027,101300,32000,,msa,32000,,2014
"Marion, OH Micro Area",42904,66171,40.4,46232,3460,1705,24586,16819,97400,32020,,msa,32020,,2014
"Marquette, MI Micro Area",45066,67535,39.3,44860,8779,2866,26693,18539,127200,32100,,msa,32100,,2014
"Marshall, MN Micro Area",51182,25724,34.8,16227,3220,868,10076,6805,134700,32140,,msa,32140,,2014
"Marshall, MO Micro Area",39027,23363,37.9,15256,1780,764,8865,5983,85500,32180,,msa,32180,,2014
"Marshall, TX Micro Area",46969,66971,36.9,43262,5787,1787,23544,17476,110900,32220,,msa,32220,,2014
"Marshalltown, IA Micro Area",52354,40922,38.6,27157,3907,1135,15354,11249,104200,32260,,msa,32260,,2014
"Martin, TN Micro Area",35845,34699,36.8,21828,2935,824,13654,8992,92400,32280,,msa,32280,,2014
"Martinsville, VA Micro Area",33417,66705,45.2,47907,3906,1505,28446,19940,92900,32300,,msa,32300,,2014
"Maryville, MO Micro Area",36237,23296,28.3,12650,1810,791,8636,4747,110100,32340,,msa,32340,,2014
"Mason City, IA Micro Area",45542,51274,43.9,36349,5441,1533,23058,16784,110100,32380,,msa,32380,,2014
"Mayagüez, PR Metro Area",16333,102448,39.1,67356,9732,2827,36970,22905,101000,32420,,msa,32420,,2014
"Mayfield, KY Micro Area",39529,37451,40.3,25360,2573,1247,14284,10573,89200,32460,,msa,32460,,2014
"Maysville, KY Micro Area",39783,17398,40.9,11792,799,673,6636,4567,102600,32500,,msa,32500,,2014
"McAlester, OK Micro Area",41339,45220,41.1,31584,3260,1360,18477,13258,89400,32540,,msa,32540,,2014
"McAllen-Edinburg-Mission, TX Metro Area",34952,806447,28.6,443037,52084,14743,221150,150221,78900,32580,,msa,32580,,2014
"McComb, MS Micro Area",31322,53166,39.3,34846,3095,1718,19882,14219,77500,32620,,msa,32620,,2014
"Boston, MA Metro Division; Boston-Cambridge-Newton, MA-NH Metro Area",70181,1931560,37.2,1314269,320350,161191,729965,419603,365100,14460,14454,division,14454,14460,2014
"Cambridge-Newton-Framingham, MA Metro Division; Boston-Cambridge-Newton, MA-NH Metro Area",78251,2297227,39.2,1587843,394608,240106,870705,545674,385000,14460,15764,division,15764,14460,2014
"Rockingham County-Strafford County, NH Metro Division; Boston-Cambridge-Newton, MA-NH Metro Area",73068,422089,41.5,290661,67448,30297,164175,120441,263500,14460,40484,division,40484,14460,2014
"Chicago-Naperville-Arlington Heights, IL Metro Division; Chicago-Naperville-Elgin, IL-IN-WI Metro Area",60978,7312675,36.2,4879156,1079786,494597,2663524,1682070,227900,16980,16974,division,16984,16980,2014
"Elgin, IL Metro Division; Chicago-Naperville-Elgin, IL-IN-WI Metro Area",66913,626793,34.6,390744,79333,34181,208690,149894,206000,16980,20994,division,20994,16980,2014
"Gary, IN Metro Division; Chicago-Naperville-Elgin, IL-IN-WI Metro Area",52478,706542,38.2,468678,65528,24876,261927,187272,144600,16980,23844,division,29414,16980,2014
"Lake County-Kenosha County, IL-WI Metro Division; Chicago-Naperville-Elgin, IL-IN-WI Metro Area",71585,870438,37.2,559862,132215,63121,304419,223506,224500,16980,29404,division,29404,16980,2014
"Dallas-Plano-Irving, TX Metro Division; Dallas-Fort Worth-Arlington, TX Metro Area",59922,4426578,33.9,2804887,629760,242572,1561488,922072,161000,19100,19124,division,19124,19100,2014
"Fort Worth-Arlington, TX Metro Division; Dallas-Fort Worth-Arlington, TX Metro Area",57960,2276442,34.6,1447704,279575,96049,808567,516612,137100,19100,23104,division,23104,19100,2014
"Warren-Troy-Farmington Hills, MI Metro Division; Detroit-Warren-Dearborn, MI Metro Area",60606,2502569,40.9,1730052,347819,170744,989276,729344,151600,19820,47664,division,47664,19820,2014
"Detroit-Dearborn-Livonia, MI Metro Division; Detroit-Warren-Dearborn, MI Metro Area",41421,1790078,37.7,1172375,153745,75168,667553,426418,83200,19820,19804,division,19804,19820,2014
"Anaheim-Santa Ana-Irvine, CA Metro Division; Los Angeles-Long Beach-Anaheim, CA Metro Area",75998,3086331,36.7,2043735,494995,179886,1002285,583146,532300,31080,11244,division,11244,31080,2014
"Los Angeles-Long Beach-Glendale, CA Metro Division; Los Angeles-Long Beach-Anaheim, CA Metro Area",55870,9974203,35.3,6557746,1281851,442258,3242391,1503915,425100,31080,31084,division,31084,31080,2014
"Fort Lauderdale-Pompano Beach-Deerfield Beach, FL Metro Division; Miami-Fort Lauderdale-West Palm Beach, FL Metro Area",51574,1815269,39.8,1262414,245152,91946,667578,430676,177300,33100,22744,division,22744,33100,2014
"Miami-Miami Beach-Kendall, FL Metro Division; Miami-Fort Lauderdale-West Palm Beach, FL Metro Area",43099,2600861,38.8,1799044,300700,105829,833541,458132,194100,33100,33124,division,33124,33100,2014
"West Palm Beach-Boca Raton-Delray Beach, FL Metro Division; Miami-Fort Lauderdale-West Palm Beach, FL Metro Area",52878,1359074,43.9,978030,199944,78306,529729,371761,194600,33100,48424,division,48424,33100,2014
"Dutchess County-Putnam County, NY Metro Division; New York-Newark-Jersey City, NY-NJ-PA Metro Area",77401,397085,41.3,270743,51987,32295,141062,102497,300100,35620,20524,division,20524,35620,2014
"Nassau County-Suffolk County, NY Metro Division; New York-Newark-Jersey City, NY-NJ-PA Metro Area",92876,2850974,40.8,1945410,403056,238849,938692,748451,408800,35620,35004,division,35004,35620,2014
"Newark, NJ-PA Metro Division; New York-Newark-Jersey City, NY-NJ-PA Metro Area",76570,2491176,39.5,1689104,396188,188298,881532,565027,368500,35620,35084,division,35084,35620,2014
"New York-Jersey City-White Plains, NY-NJ Metro Division; New York-Newark-Jersey City, NY-NJ-PA Metro Area",61002,14125810,36.9,9639935,2089645,1010429,5143717,2278256,414100,35620,35614,division,35614,35620,2014
"Camden, NJ Metro Division; Philadelphia-Camden-Wilmington, PA-NJ-DE-MD Metro Area",71333,1252492,39.5,849991,175444,65317,456292,337738,222800,37980,15804,division,15804,37980,2014
"Montgomery County-Bucks County-Chester County, PA Metro Division; Philadelphia-Camden-Wilmington, PA-NJ-DE-MD Metro Area",80347,1941999,41.2,1342220,344718,169659,725218,542384,303200,37980,33874,division,33874,37980,2014
"Philadelphia, PA Metro Division; Philadelphia-Camden-Wilmington, PA-NJ-DE-MD Metro Area",43083,2107695,34.8,1384043,221303,104952,784868,449913,165600,37980,37964,division,37964,37980,2014
"Wilmington, DE-MD-NJ Metro Division; Philadelphia-Camden-Wilmington, PA-NJ-DE-MD Metro Area",64527,713150,38.0,477037,90572,42068,262661,183931,238600,37980,48864,division,48864,37980,2014
"Oakland-Hayward-Berkeley, CA Metro Division; San Francisco-Oakland-Hayward, CA Metro Area",76183,2640540,37.6,1796081,446508,196689,931917,538798,472300,41860,36084,division,36084,41860,2014
"San Francisco-Redwood City-South San Francisco, CA Metro Division; San Francisco-Oakland-Hayward, CA Metro Area",84286,1568909,39.0,1169321,348969,147439,607515,281011,748600,41860,41884,division,41884,41860,2014
"San Rafael, CA Metro Division; San Francisco-Oakland-Hayward, CA Metro Area",91529,256802,45.1,188590,58107,27681,103034,64490,785100,41860,42034,division,42034,41860,2014
"Seattle-Bellevue-Everett, WA Metro Division; Seattle-Tacoma-Bellevue, WA Metro Area",72018,2744348,37.2,1901153,512783,207658,1080243,645281,347200,42660,42644,division,42644,42660,2014
"Tacoma-Lakewood, WA Metro Division; Seattle-Tacoma-Bellevue, WA Metro Area",59711,812689,35.8,533690,83469,32518,301364,184299,233800,42660,45104,division,45104,42660,2014
"Silver Spring-Frederick-Rockville, MD Metro Division; Washington-Arlington-Alexandria, DC-VA-MD-WV Metro Area",95427,1244340,38.5,849481,219732,145502,449867,306523,405700,47900,43524,division,23224,47900,2014
"Washington-Arlington-Alexandria, DC-VA-MD-WV Metro Division; Washington-Arlington-Alexandria, DC-VA-MD-WV Metro Area",90795,4619268,35.6,3099059,770676,485183,1662684,1038555,364100,47900,47894,division,47894,47900,2014
