NAME,B19013_001E,B01003_001E,B01002_001E,B15003_001E,B15003_022E,B15003_023E,B25003_001E,B25003_002E,B25077_001E,metropolitan statistical area/micropolitan statistical area,metropolitan division,geo_level,geo_code,parent_cbsa,year
"Homosassa Springs, FL Metro Area",38109,139771,55.0,110151,11853,4466,60670,49432,113500,26140,,msa,26140,,2014
"Hickory-Lenoir-Morganton, NC Metro Area",40820,363936,41.4,251692,30300,10648,138096,98877,120200,25860,,msa,25860,,2014
"Hobbs, NM Micro Area",55248,66876,31.5,40156,3148,1541,21331,15050,101400,26020,,msa,26020,,2014
"Holland, MI Micro Area",52472,112266,39.8,75010,10568,3891,41767,34133,137500,26090,,msa,26090,,2014
"Hood River, OR Micro Area",56417,22620,39.1,15081,3251,977,8251,5294,309500,26220,,msa,26220,,2014
"Hot Springs, AR Metro Area",39558,96804,44.1,68941,8765,4026,39876,27022,130200,26300,,msa,26300,,2014
"Houghton, MI Micro Area",36608,38936,34.2,23245,4107,1654,14962,10539,90700,26340,,msa,26340,,2014
"Houma-Thibodaux, LA Metro Area",50138,209402,35.9,136139,13007,4014,74964,55681,132900,26380,,msa,26380,,2014
"Houston-The Woodlands-Sugar Land, TX Metro Area",58689,6204141,33.5,3908384,762519,283151,2112447,1295275,144000,26420,,msa,26420,,2014
"Hudson, NY Micro Area",58625,62525,46.5,45648,6492,4889,25095,18067,222800,26460,,msa,26460,,2014
"Huntingdon, PA Micro Area",44163,45950,42.4,32658,2933,1169,17231,13133,115900,26500,,msa,26500,,2014
"Huntington, IN Micro Area",47356,36959,39.9,24785,2749,1377,14413,11005,97100,26540,,msa,26540,,2014
"Huntington-Ashland, WV-KY-OH Metro Area",42448,364514,40.9,252960,28366,14358,143943,103381,103400,26580,,msa,26580,,2014
"Huntsville, AL Metro Area",55881,430396,37.9,289378,64490,29715,167565,117875,161000,26620,,msa,26620,,2014
"Huntsville, TX Micro Area",38129,83334,36.8,55105,6341,2210,25759,15998,107000,26660,,msa,26660,,2014
"Huron, SD Micro Area",44258,17922,38.2,12096,1967,424,7460,4871,91600,26700,,msa,26700,,2014
"Hutchinson, KS Micro Area",44673,64223,39.7,43326,5714,2315,25335,17292,92500,26740,,msa,26740,,2014
"Hutchinson, MN Micro Area",56234,36172,39.6,24615,3320,1023,14727,11211,151400,26780,,msa,26780,,2014
"Idaho Falls, ID Metro Area",50987,136057,32.2,81303,14497,4153,45605,34349,153400,26820,,msa,26820,,2014
"Indiana, PA Micro Area",45168,88301,38.8,56409,7929,3513,34398,24553,107000,26860,,msa,26860,,2014
"Indianapolis-Carmel-Anderson, IN Metro Area",52434,1931182,36.0,1265836,253927,96306,734934,484053,139900,26900,,msa,26900,,2014
"Indianola, MS Micro Area",27941,28314,33.7,18180,1602,768,8451,4946,70600,26940,,msa,26940,,2014
"Ionia, MI Micro Area",48100,63976,37.3,42469,4310,1473,22140,17367,109100,26960,,msa,26960,,2014
"Iowa City, IA Metro Area",55030,158708,31.0,95259,24305,11554,63906,39356,180800,26980,,msa,26980,,2014
"Iron Mountain, MI-WI Micro Area",45340,30570,46.9,22287,2976,1226,13107,10830,90500,27020,,msa,27020,,2014
"Ithaca, NY Metro Area",52836,103179,29.8,58536,12409,9837,38340,21501,171000,27060,,msa,27060,,2014
"Jackson, MI Metro Area",45452,159927,40.2,108955,14172,4956,60485,43916,110500,27100,,msa,27100,,2014
"Jackson, MS Metro Area",45366,574998,35.3,370983,65690,27469,206923,139355,129800,27140,,msa,27140,,2014
"Jackson, OH Micro Area",37393,32952,39.6,22296,2466,1280,13204,9089,90700,27160,,msa,27160,,2014
"Jackson, TN Metro Area",41346,130233,37.5,84955,12301,4200,47768,31612,108900,27180,,msa,27180,,2014
"Jackson, WY-ID Micro Area",66590,32168,36.5,22955,7835,2373,11431,7178,396000,27220,,msa,27220,,2014
"Jacksonville, FL Metro Area",52067,1380995,37.7,928973,176272,58604,516599,339808,158300,27260,,msa,27260,,2014
"Jacksonville, IL Micro Area",46760,40532,41.2,27805,3605,1643,16035,11245,93100,27300,,msa,27300,,2014
"Jacksonville, NC Metro Area",46141,182921,25.9,96034,12257,4026,61147,32832,154100,27340,,msa,27340,,2014
"Jacksonville, TX Micro Area",38949,50971,37.8,33005,3843,1109,17527,12487,81800,27380,,msa,27380,,2014
"Jamestown, ND Micro Area",50926,21056,41.1,14541,2652,414,9050,6059,102000,27420,,msa,27420,,2014
"Jamestown-Dunkirk-Fredonia, NY Micro Area",42720,133556,41.2,90260,10359,6939,54226,37908,84100,27460,,msa,27460,,2014
"Janesville-Beloit, WI Metro Area",49645,160465,38.8,107485,14021,5761,63385,44212,131500,27500,,msa,27500,,2014
"Jasper, IN Micro Area",52332,54903,41.5,37671,4050,1760,21019,16613,121900,27540,,msa,27540,,2014
"Jayuya, PR Micro Area",16111,16183,34.5,10190,1202,375,4712,3292,93000,27580,,msa,27580,,2014
"Jefferson, GA Micro Area",52857,60928,38.0,40137,5005,1762,20927,16228,156700,27600,,msa,27600,,2014
"Jefferson City, MO Metro Area",51025,150440,38.1,100997,17119,6297,56404,40379,136100,27620,,msa,27620,,2014
"Jesup, GA Micro Area",37970,30170,37.3,20409,1539,641,10226,7046,85300,27700,,msa,27700,,2014
"Johnson City, TN Metro Area",39084,200271,40.9,139044,20782,9027,83999,57454,128500,27740,,msa,27740,,2014
"Johnstown, PA Metro Area",42304,140835,44.1,100239,12117,4849,57959,42792,86800,27780,,msa,27780,,2014
"Jonesboro, AR Metro Area",40358,124194,34.6,79001,11008,3947,47395,28183,111200,27860,,msa,27860,,2014
"Joplin, MO Metro Area",41562,175679,36.6,114201,15709,5426,67433,45770,103800,27900,,msa,27900,,2014
"Junction City, KS Micro Area",45660,36458,26.4,19762,2508,1119,12782,5702,136900,27920,,msa,27920,,2014
"Juneau, AK Micro Area",84750,32200,37.3,21948,5113,2347,12081,7692,318000,27940,,msa,27940,,2014
"Kahului-Wailuku-Lahaina, HI Metro Area",64563,158887,40.0,110836,19381,5947,53177,30442,510300,27980,,msa,27980,,2014
"Aberdeen, SD Micro Area",52641,41564,39.2,27658,5288,1447,17383,12374,136000,10100,,msa,10100,,2014
"Aberdeen, WA Micro Area",43379,71734,42.5,50758,5326,1758,27318,18846,158500,10140,,msa,10140,,2014
"Abilene, TX Metro Area",44249,167171,34.1,105223,15483,5036,60343,38204,91900,10180,,msa,10180,,2014
"Ada, OK Micro Area",42566,37873,35.3,24193,3980,2012,14650,9667,102000,10220,,msa,10220,,2014
"Adjuntas, PR Micro Area",10550,19188,37.1,12567,1649,241,6178,3530,103500,10260,,msa,10260,,2014
"Adrian, MI Micro Area",48118,99257,40.6,67368,8633,3775,37859,29241,113900,10300,,msa,10300,,2014
"Aguadilla-Isabela, PR Metro Area",15681,331146,39.1,223889,32605,7444,109620,73926,106700,10380,,msa,10380,,2014
"Akron, OH Metro Area",50776,703017,40.0,475037,88763,34933,281752,190131,137600,10420,,msa,10420,,2014
"Alamogordo, NM Micro Area",40614,65415,35.6,42006,4250,2419,23907,15475,101400,10460,,msa,10460,,2014
"Albany, GA Metro Area",36805,156706,35.7,99770,9655,4480,58250,32825,103900,10500,,msa,10500,,2014
"Albany, OR Metro Area",44965,118270,39.4,80413,9722,3231,44942,29529,171700,10540,,msa,10540,,2014
"Albany-Schenectady-Troy, NY Metro Area",61841,875567,39.9,595704,112463,68299,347401,226423,196800,10580,,msa,10580,,2014
"Albemarle, NC Micro Area",42010,60553,41.6,41508,4545,1498,23484,17020,128000,10620,,msa,10620,,2014
"Albert Lea, MN Micro Area",45569,31034,44.5,21944,2326,711,13077,9935,102700,10660,,msa,10660,,2014
"Albertville, AL Micro Area",39473,94121,38.6,62506,6459,2728,34524,24768,114600,10700,,msa,10700,,2014
"Albuquerque, NM Metro Area",48875,899137,36.9,597546,101561,54464,344168,229093,177100,10740,,msa,10740,,2014
"Alexandria, LA Metro Area",41032,154562,37.3,101860,11535,3846,54908,36475,115900,10780,,msa,10780,,2014
"Alexandria, MN Micro Area",52485,36413,44.1,25786,4461,1135,15639,11922,189800,10820,,msa,10820,,2014
"Alice, TX Micro Area",42463,41348,34.2,25547,1662,804,13488,9607,67400,10860,,msa,10860,,2014
"Allentown-Bethlehem-Easton, PA-NJ Metro Area",58681,826260,41.0,568319,95644,42240,313786,221920,202900,10900,,msa,10900,,2014
"Alma, MI Micro Area",41833,42057,39.0,28385,2490,1089,14705,10941,87300,10940,,msa,10940,,2014
"Alpena, MI Micro Area",38353,29242,46.6,21177,1989,1041,12860,9960,94900,10980,,msa,10980,,2014
"Altoona, PA Metro Area",43871,126708,42.6,88648,11084,3878,50948,36708,108500,11020,,msa,11020,,2014
"Altus, OK Micro Area",42029,26275,34.0,16583,2127,838,10407,6165,88100,11060,,msa,11060,,2014
"Amarillo, TX Metro Area",49553,257038,34.3,164003,26029,8868,95576,61670,118500,11100,,msa,11100,,2014
"Americus, GA Micro Area",34415,36858,35.1,22873,2139,1245,13541,8146,86000,11140,,msa,11140,,2014
"Ames, IA Metro Area",51270,91939,26.5,48013,13350,5650,35666,19202,164200,11180,,msa,11180,,2014
"Amsterdam, NY Micro Area",44167,49951,41.0,34299,3379,1668,19655,13231,101100,11220,,msa,11220,,2014
"Anchorage, AK Metro Area",76453,392021,33.0,247251,47946,18663,136268,86636,268200,11260,,msa,11260,,2014
"Andrews, TX Micro Area",61250,16126,33.1,9780,1036,218,5412,4161,95500,11380,,msa,11380,,2014
"Angola, IN Micro Area",48750,34190,41.2,23022,3197,1138,13409,10414,124300,11420,,msa,11420,,2014
"Ann Arbor, MI Metro Area",60805,351454,33.3,217885,54494,36742,136471,82742,199200,11460,,msa,11460,,2014
"Anniston-Oxford-Jacksonville, AL Metro Area",40919,117186,38.8,78667,8434,3664,45348,31077,103300,11500,,msa,11500,,2014
"Appleton, WI Metro Area",60413,228641,38.0,152422,29587,9016,88750,65442,158400,11540,,msa,11540,,2014
"Arcadia, FL Micro Area",36114,34785,39.2,23548,1544,580,10964,7911,83800,11580,,msa,11580,,2014
"Ardmore, OK Micro Area",43280,48288,38.4,32019,3986,1347,17475,12223,94600,11620,,msa,11620,,2014
"Arecibo, PR Metro Area",17566,195749,39.1,132382,21137,4905,67223,47233,107500,11640,,msa,11640,,2014
"Arkadelphia, AR Micro Area",34109,22800,34.1,13292,1713,853,8467,5378,84300,11660,,msa,11660,,2014
"Arkansas City-Winfield, KS Micro Area",42157,36201,38.2,23436,2969,1247,13783,9585,79900,11680,,msa,11680,,2014
"Asheville, NC Metro Area",44820,433204,43.0,312899,61465,25333,181793,123751,179700,11700,,msa,11700,,2014
"Ashland, OH Micro Area",47034,53202,40.0,35059,4297,1924,20339,14644,119900,11740,,msa,11740,,2014
"Ashtabula, OH Micro Area",40304,100346,41.6,69248,6074,2534,38933,28158,107300,11780,,msa,11780,,2014
"Astoria, OR Micro Area",47337,37236,43.8,26677,3954,1838,15746,9870,248300,11820,,msa,11820,,2014
"Atchison, KS Micro Area",44648,16737,36.5,10241,1146,616,6180,4496,85800,11860,,msa,11860,,2014
"Athens, OH Micro Area",33773,64840,27.0,34239,4680,3516,22208,12549,113900,11900,,msa,11900,,2014
"Athens, TN Micro Area",39644,52409,42.2,36400,3374,1331,20187,15062,116200,11940,,msa,11940,,2014
"Athens, TX Micro Area",40299,78836,43.2,54833,5883,2222,29820,22507,88100,11980,,msa,11980,,2014
"Athens-Clarke County, GA Metro Area",41624,196287,30.7,115287,20050,12018,68975,38585,158600,12020,,msa,12020,,2014
"Atlanta-Sandy Springs-Roswell, GA Metro Area",56618,5455053,35.4,3531779,803174,317404,1936823,1250064,167400,12060,,msa,12060,,2014
"Atlantic City-Hammonton, NJ Metro Area",54392,275325,40.5,186811,30807,10587,101166,68479,230200,12100,,msa,12100,,2014
"Auburn, IN Micro Area",49561,42321,38.3,28023,3194,1328,16235,12836,108400,12140,,msa,12140,,2014
"Auburn, NY Micro Area",51792,79481,42.3,55677,6594,3699,30907,22243,109000,12180,,msa,12180,,2014
"Auburn-Opelika, AL Metro Area",43641,147790,30.2,85595,16049,7911,56637,34197,150100,12220,,msa,12220,,2014
"Augusta-Richmond County, GA-SC Metro Area",46144,575669,37.0,379294,56546,23198,208736,140911,125900,12260,,msa,12260,,2014
"Augusta-Waterville, ME Micro Area",46559,121507,43.6,86319,12486,5736,51242,35994,151400,12300,,msa,12300,,2014
"Austin, MN Micro Area",47623,39312,39.0,26085,3453,837,15511,11155,108300,12380,,msa,12380,,2014
"Austin-Round Rock, TX Metro Area",61900,1835016,33.3,1182550,316670,119146,673901,390412,196500,12420,,msa,12420,,2014
"Bainbridge, GA Micro Area",31090,27508,38.3,18022,1611,801,10473,6632,99800,12460,,msa,12460,,2014
"Bakersfield, CA Metro Area",48574,857730,31.0,506477,51067,17956,257737,147334,161800,12540,,msa,12540,,2014
"Baltimore-Columbia-Towson, MD Metro Area",70311,2753396,38.2,1866079,385227,210380,1032863,686405,277600,12580,,msa,12580,,2014
"Bangor, ME Metro Area",44543,153627,40.8,105346,16180,6405,62215,41918,137700,12620,,msa,12620,,2014
"Baraboo, WI Micro Area",50982,62681,40.2,43310,6501,2224,25400,17481,168200,12660,,msa,12660,,2014
"Bardstown, KY Micro Area",45655,44254,37.9,29371,2948,1432,16660,12443,125200,12680,,msa,12680,,2014
"Barnstable Town, MA Metro Area",61597,215167,50.8,164363,37716,20087,94371,74245,362800,12700,,msa,12700,,2014
"Barre, VT Micro Area",58293,59333,42.9,41984,9580,5118,24704,18030,207100,12740,,msa,12740,,2014
"Bartlesville, OK Micro Area",48870,51564,40.1,35071,6281,2213,21109,15465,109900,12780,,msa,12780,,2014
"Bastrop, LA Micro Area",28304,27319,38.8,18253,1782,421,10383,6718,77400,12820,,msa,12820,,2014
"Batavia, NY Micro Area",50573,59702,42.3,41569,5182,2764,23967,17513,105200,12860,,msa,12860,,2014
"Batesville, AR Micro Area",36186,36861,38.5,24801,2408,900,14405,10084,91300,12900,,msa,12900,,2014
"Baton Rouge, LA Metro Area",51829,814805,34.5,520286,93989,30983,299156,204029,158600,12940,,msa,12940,,2014
"Battle Creek, MI Metro Area",43199,135150,40.0,91028,11714,4660,52842,36908,97100,12980,,msa,12980,,2014
"Blackfoot, ID Micro Area",48088,45558,32.5,26974,3364,921,14840,10931,136300,13940,,msa,13940,,2014
"Beatrice, NE Micro Area",49021,21889,44.4,15418,2260,602,9119,6582,107900,13100,,msa,13100,,2014
"Blacksburg-Christiansburg-Radford, VA Metro Area",44564,179908,32.8,107490,18070,9415,68600,42677,159300,13980,,msa,13980,,2014
"Bay City, MI Metro Area",45715,107074,42.3,74904,9499,3292,43712,34145,93300,13020,,msa,13020,,2014
"Bay City, TX Micro Area",40410,36611,37.4,23862,2762,635,13143,8972,91300,13060,,msa,13060,,2014
"Beaumont-Port Arthur, TX Metro Area",44845,404741,36.9,267558,31403,9173,149713,102905,95500,13140,,msa,13140,,2014
"Beaver Dam, WI Micro Area",53189,88589,41.5,62662,6850,2234,32979,24239,152900,13180,,msa,13180,,2014
"Beckley, WV Metro Area",38606,124536,41.5,88945,9338,3824,48730,36447,86900,13220,,msa,13220,,2014
"Bedford, IN Micro Area",44553,45970,41.7,32015,3059,1233,18561,14564,103000,13260,,msa,13260,,2014
"Beeville, TX Micro Area",41738,32462,36.2,22027,1332,498,8933,5753,72300,13300,,msa,13300,,2014
"Bellefontaine, OH Micro Area",48416,45564,40.1,30874,2963,1238,18471,13647,117100,13340,,msa,13340,,2014
"Bellingham, WA Metro Area",53025,204855,36.5,132477,28409,9950,79837,50008,273000,13380,,msa,13380,,2014
"Bemidji, MN Micro Area",43990,45236,33.4,27268,4925,1608,16793,11758,147200,13420,,msa,13420,,2014
"Bend-Redmond, OR Metro Area",49584,163141,41.4,115139,23323,9357,64917,42175,243400,13460,,msa,13460,,2014
"Bennettsville, SC Micro Area",28765,28294,39.6,19916,1091,582,9645,6458,58400,13500,,msa,13500,,2014
"Bennington, VT Micro Area",49303,36739,45.8,26102,5234,2237,15477,10861,210600,13540,,msa,13540,,2014
"Berlin, NH-VT Micro Area",40877,38433,48.0,29066,3278,1246,17147,12340,125500,13620,,msa,13620,,2014
"Big Rapids, MI Micro Area",40396,43226,34.8,25975,3482,1709,15529,11468,110700,13660,,msa,13660,,2014
"Big Spring, TX Micro Area",48768,36892,37.1,24896,2381,682,11662,7952,72300,13700,,msa,13700,,2014
"Big Stone Gap, VA Micro Area",35880,60499,40.4,42181,3386,1364,23372,16453,82800,13720,,msa,13720,,2014
"Billings, MT Metro Area",51481,162892,38.9,111263,22803,5944,66009,45601,187100,13740,,msa,13740,,2014
"Binghamton, NY Metro Area",48290,249261,40.6,167325,24021,14584,99616,68367,108800,13780,,msa,13780,,2014
"Birmingham-Hoover, AL Metro Area",48438,1135534,38.1,766908,133142,52861,435724,303258,144000,13820,,msa,13820,,2014
"Bismarck, ND Metro Area",62375,120688,37.0,80902,17273,5114,49468,35482,171000,13900,,msa,13900,,2014
"Bloomington, IL Metro Area",61173,188851,33.2,114596,32215,10740,71161,48111,154000,14010,,msa,14010,,2014
"Bloomington, IN Metro Area",42416,162422,29.7,92831,17947,12151,62317,35780,150800,14020,,msa,14020,,2014
"Bloomsburg-Berwick, PA Metro Area",47909,85564,40.8,57121,7859,3463,33793,23977,142000,14100,,msa,14100,,2014
"Bluefield, WV-VA Micro Area",35910,106492,42.7,75606,8498,2542,43896,32092,86200,14140,,msa,14140,,2014
"Blytheville, AR Micro Area",34424,45385,35.2,28735,2336,1144,17188,10068,78000,14180,,msa,14180,,2014
"Bogalusa, LA Micro Area",31750,46723,39.1,31374,2408,788,17589,12772,79200,14220,,msa,14220,,2014
"Boise City, ID Metro Area",50776,639616,34.9,408520,82552,27336,232248,158062,164400,14260,,msa,14260,,2014
"Boone, IA Micro Area",52714,26326,41.1,18156,3009,734,10619,8038,119800,14340,,msa,14340,,2014
"Boone, NC Micro Area",35491,51903,29.3,28662,6066,3251,20224,11609,225600,14380,,msa,14380,,2014
"Borger, TX Micro Area",47191,21947,37.2,14501,1352,392,8390,6446,68200,14420,,msa,14420,,2014
"Boston-Cambridge-Newton, MA-NH Metro Area",74494,4650876,38.7,3192773,782406,431594,1764845,1085718,363600,14460,,msa,14460,,2014
"Boulder, CO Metro Area",69407,305166,35.7,195716,61713,34828,121526,76007,358000,14500,,msa,14500,,2014
"Bowling Green, KY Metro Area",43396,162322,34.9,102291,13644,6903,62821,39536,124300,14540,,msa,14540,,2014
"Bozeman, MT Micro Area",54298,93108,33.0,58743,18330,5780,37495,22987,263200,14580,,msa,14580,,2014
"Bradford, PA Micro Area",42913,43024,42.5,30264,2870,1502,17340,12732,74700,14620,,msa,14620,,2014
"Brainerd, MN Micro Area",47742,91399,44.7,64714,9762,3313,39530,30373,175800,14660,,msa,14660,,2014
"Branson, MO Micro Area",38360,84679,45.3,60196,6972,2320,33733,23085,133800,14700,,msa,14700,,2014
"Breckenridge, CO Micro Area",64521,28482,36.6,20896,6736,2468,10386,7008,461100,14720,,msa,14720,,2014
"Bremerton-Silverdale, WA Metro Area",62473,253614,39.3,172157,33302,12951,97993,65511,259000,14740,,msa,14740,,2014
"Brenham, TX Micro Area",49236,34039,41.6,22745,3733,1075,11917,8783,141700,14780,,msa,14780,,2014
"Brevard, NC Micro Area",43959,32943,49.9,24445,4169,1829,13735,10642,181300,14820,,msa,14820,,2014
"Bridgeport-Stamford-Norwalk, CT Metro Area",83163,934215,39.6,630525,160572,92566,333502,228331,422400,14860,,msa,14860,,2014
"Brownwood, TX Micro Area",40982,37903,39.8,25422,3021,800,13329,9294,86500,15220,,msa,15220,,2014
"Brunswick, GA Metro Area",44055,113572,40.6,77488,10017,4790,43257,28523,130900,15260,,msa,15260,,2014
"Bucyrus, OH Micro Area",41377,43036,42.5,29905,2411,1027,17625,12339,87100,15340,,msa,15340,,2014
"Buffalo-Cheektowaga-Niagara Falls, NY Metro Area",50726,1135667,40.9,780817,128514,77737,470035,311308,122600,15380,,msa,15380,,2014
"Burley, ID Micro Area",44467,43466,33.6,26217,2708,683,14848,10562,116700,15420,,msa,15420,,2014
"Burlington, IA-IL Micro Area",42750,47339,42.8,33104,4520,1321,19997,14758,93100,15460,,msa,15460,,2014
"Burlington, NC Metro Area",42592,153713,39.1,102239,14783,4790,61046,40306,135800,15500,,msa,15500,,2014
"Burlington-South Burlington, VT Metro Area",62175,213891,37.7,141212,35956,15608,84818,57418,252000,15540,,msa,15540,,2014
"Butte-Silver Bow, MT Micro Area",37503,34462,40.8,23285,3663,1216,15275,9778,122100,15580,,msa,15580,,2014
"Cadillac, MI Micro Area",40566,47685,41.9,32802,3436,1281,18587,14436,96700,15620,,msa,15620,,2014
"Calhoun, GA Micro Area",42414,55666,36.6,36097,3049,1275,19320,12870,113100,15660,,msa,15660,,2014
"California-Lexington Park, MD Metro Area",88190,108472,36.1,70246,12100,7224,37947,27535,300200,15680,,msa,15680,,2014
"Cambridge, MD Micro Area",45628,32614,43.4,23154,2711,1282,13419,8836,188100,15700,,msa,15700,,2014
"Cambridge, OH Micro Area",40420,39794,41.9,27413,2294,1063,15564,11529,94400,15740,,msa,15740,,2014
"Camden, AR Micro Area",32516,30687,42.9,21321,2226,793,12564,8812,67800,15780,,msa,15780,,2014
"Campbellsville, KY Micro Area",35521,25059,39.3,16320,1362,732,9491,6549,96300,15820,,msa,15820,,2014
"Cañon City, CO Micro Area",40569,46879,43.3,35756,3549,1671,16600,11944,157400,15860,,msa,15860,,2014
"Canton, IL Micro Area",45938,36616,42.4,26183,2963,876,14501,10936,81300,15900,,msa,15900,,2014
"Canton-Massillon, OH Metro Area",46233,403629,41.8,278118,37983,14475,160678,112481,120900,15940,,msa,15940,,2014
"Cape Coral-Fort Myers, FL Metro Area",47908,647554,46.4,475182,75812,30397,246061,170487,150000,15980,,msa,15980,,2014
"Cape Girardeau, MO-IL Metro Area",42889,97246,37.2,63019,9981,3905,37288,24944,123700,16020,,msa,16020,,2014
"Carbondale-Marion, IL Metro Area",39227,126933,35.4,81326,12542,6539,50229,31735,98800,16060,,msa,16060,,2014
"Carlsbad-Artesia, NM Micro Area",51303,54834,36.7,35687,3626,2013,20190,14849,116200,16100,,msa,16100,,2014
"Carson City, NV Metro Area",50108,54634,42.3,38327,4721,2201,21225,12346,188000,16180,,msa,16180,,2014
"Casper, WY Metro Area",56769,78667,36.2,52446,7564,2608,31790,21582,183100,16220,,msa,16220,,2014
"Cedar City, UT Micro Area",42305,46725,27.6,25038,4615,1789,15135,9513,165400,16260,,msa,16260,,2014
"Cedar Rapids, IA Metro Area",59000,261429,37.8,174172,35479,11442,105376,78486,144000,16300,,msa,16300,,2014
"Cedartown, GA Micro Area",39121,41250,37.2,26817,1943,1023,14778,10176,102000,16340,,msa,16340,,2014
"Celina, OH Micro Area",52033,40789,39.8,27077,2723,1406,15923,12320,127200,16380,,msa,16380,,2014
"Centralia, IL Micro Area",41783,38922,41.5,26707,2502,991,15835,11908,68500,16460,,msa,16460,,2014
"Centralia, WA Micro Area",42917,75382,42.6,52157,4491,2234,29450,19966,178200,16500,,msa,16500,,2014
"Chambersburg-Waynesboro, PA Metro Area",53394,151517,40.6,103988,12709,5797,58298,42320,174300,16540,,msa,16540,,2014
"Champaign-Urbana, IL Metro Area",48182,234672,30.6,137936,28821,16321,91858,53449,142100,16580,,msa,16580,,2014
"Charleston, WV Metro Area",45692,225248,42.4,160613,21420,9802,95619,68292,97700,16620,,msa,16620,,2014
"Charleston-Mattoon, IL Micro Area",39363,64605,34.2,39406,5366,2380,25247,16341,89700,16660,,msa,16660,,2014
"Charleston-North Charleston, SC Metro Area",52517,697281,35.8,465461,95963,37899,264864,170985,186700,16700,,msa,16700,,2014
"Charlotte-Concord-Gastonia, NC-SC Metro Area",52591,2298915,36.7,1518055,327585,113378,857926,570946,164900,16740,,msa,16740,,2014
"Charlottesville, VA Metro Area",59189,223063,37.5,149183,32233,17951,85076,55113,260300,16820,,msa,16820,,2014
"Chattanooga, TN-GA Metro Area",46228,537397,39.8,369116,56443,21616,209002,141708,143200,16860,,msa,16860,,2014
"Cheyenne, WY Metro Area",58324,94412,36.9,62674,10894,4132,37364,25428,186600,16940,,msa,16940,,2014
"Chicago-Naperville-Elgin, IL-IN-WI Metro Area",61497,9516448,36.3,6298440,1356862,616775,3438560,2242742,217300,16980,,msa,16980,,2014
"Brookhaven, MS Micro Area",35502,34824,38.1,22795,1951,1027,13091,9712,84200,15020,,msa,15020,,2014
"Brookings, OR Micro Area",41939,22341,54.1,17579,2430,1029,10296,6731,211300,15060,,msa,15060,,2014
"Brookings, SD Micro Area",48406,32647,26.2,16954,4648,1435,12318,7280,152000,15100,,msa,15100,,2014
"Brownsville-Harlingen, TX Metro Area",33390,415103,31.0,237917,27313,7401,119695,80361,77400,15180,,msa,15180,,2014
"Chico, CA Metro Area",43165,221578,36.9,141823,23653,7585,85215,50593,220100,17020,,msa,17020,,2014
"Clarksburg, WV Micro Area",42555,94320,42.2,67218,8308,3086,37317,28196,91800,17220,,msa,17220,,2014
"Chillicothe, OH Micro Area",43450,77552,40.2,54217,5159,2354,28209,20067,109400,17060,,msa,17060,,2014
"Cincinnati, OH-KY-IN Metro Area",55204,2131793,37.4,1406776,271337,115123,817460,548573,152600,17140,,msa,17140,,2014
"Claremont-Lebanon, NH-VT Micro Area",54733,217906,44.0,155195,30022,14650,89481,64163,198700,17200,,msa,17200,,2014
"Clarksdale, MS Micro Area",27735,25527,33.5,15425,2006,589,9350,5028,58100,17260,,msa,17260,,2014
"Clarksville, TN-KY Metro Area",46653,270751,30.2,162525,23443,8785,96607,57077,135600,17300,,msa,17300,,2014
"Clearlake, CA Micro Area",35997,64209,45.2,45971,4935,1745,26771,16795,167900,17340,,msa,17340,,2014
"Cleveland, MS Micro Area",29255,33961,34.6,21268,2983,1214,12377,6960,84900,17380,,msa,17380,,2014
"Cleveland, TN Metro Area",41301,117719,39.5,79487,9088,3762,44442,30632,137600,17420,,msa,17420,,2014
"Cleveland-Elyria, OH Metro Area",49551,2067490,41.0,1424361,251498,111627,846647,558141,139800,17460,,msa,17460,,2014
"Clewiston, FL Micro Area",36504,38360,33.3,23629,1652,722,11156,7832,72400,17500,,msa,17500,,2014
"Clinton, IA Micro Area",49849,48663,42.2,33526,4693,1292,19977,14801,110100,17540,,msa,17540,,2014
"Clovis, NM Micro Area",40318,50173,30.7,30308,3867,2006,18223,10830,129000,17580,,msa,17580,,2014
"Coamo, PR Micro Area",17938,40496,36.6,26507,3722,1176,13568,10703,92100,17620,,msa,17620,,2014
"Coco, PR Micro Area",13871,30506,35.9,19586,2401,714,11013,8882,85500,17640,,msa,17640,,2014
"Coeur d'Alene, ID Metro Area",49292,142783,39.4,96099,15019,4833,55807,39177,184200,17660,,msa,17660,,2014
"Coffeyville, KS Micro Area",40716,34602,39.7,22979,2435,1109,13706,9605,72400,17700,,msa,17700,,2014
"Coldwater, MI Micro Area",42538,43965,40.3,29964,2565,1050,15863,12329,94800,17740,,msa,17740,,2014
"College Station-Bryan, TX Metro Area",39915,235316,26.4,123576,22551,11450,84436,42073,143000,17780,,msa,17780,,2014
"Colorado Springs, CO Metro Area",57735,669070,34.1,425035,90770,45397,249765,159627,215300,17820,,msa,17820,,2014
"Columbia, MO Metro Area",49059,168268,29.9,97793,26635,12306,66136,37513,165900,17860,,msa,17860,,2014
"Columbia, SC Metro Area",49238,784698,35.9,509433,96499,43428,296439,199204,138500,17900,,msa,17900,,2014
"Columbus, GA-AL Metro Area",42278,308363,34.1,196919,28043,11212,111394,62301,134700,17980,,msa,17980,,2014
"Columbus, IN Metro Area",54488,78628,38.0,52856,9105,4515,30516,21300,135900,18020,,msa,18020,,2014
"Columbus, MS Micro Area",38672,59736,36.0,38658,5471,1997,23431,14528,113400,18060,,msa,18060,,2014
"Columbus, NE Micro Area",55391,32485,38.1,21129,3009,1043,12666,9111,122700,18100,,msa,18100,,2014
"Columbus, OH Metro Area",55115,1948188,35.6,1279632,273798,107831,748544,464755,158000,18140,,msa,18140,,2014
"Concord, NH Micro Area",65226,146880,42.2,102489,21524,9649,57040,41063,227300,18180,,msa,18180,,2014
"Connersville, IN Micro Area",37833,23955,41.5,16670,1102,435,9336,6518,80900,18220,,msa,18220,,2014
"Cookeville, TN Micro Area",34654,106901,38.8,70115,8477,3040,42694,28520,122900,18260,,msa,18260,,2014
"Coos Bay, OR Micro Area",39193,62678,47.9,46215,5521,2062,25847,17108,172100,18300,,msa,18300,,2014
"Cordele, GA Micro Area",36280,23403,38.3,15370,1448,525,8574,5208,89100,18380,,msa,18380,,2014
"Corinth, MS Micro Area",33790,37279,40.0,25153,2754,825,14651,10310,82100,18420,,msa,18420,,2014
"Cornelia, GA Micro Area",40689,43342,38.9,29215,2747,1480,14613,11033,129800,18460,,msa,18460,,2014
"Corning, NY Micro Area",47733,98917,41.8,68326,7372,5367,41285,28949,89800,18500,,msa,18500,,2014
"Corpus Christi, TX Metro Area",49359,437528,35.8,282290,35191,14746,157629,95220,108500,18580,,msa,18580,,2014
"Corsicana, TX Micro Area",40976,48073,37.8,30917,3659,1057,17660,12033,79600,18620,,msa,18620,,2014
"Cortland, NY Micro Area",48404,49231,36.0,30346,3998,2190,18045,11936,105200,18660,,msa,18660,,2014
"Corvallis, OR Metro Area",49338,86034,32.4,51458,14413,7231,33376,19168,268400,18700,,msa,18700,,2014
"Coshocton, OH Micro Area",41569,36768,41.3,25219,2099,842,14561,10757,95600,18740,,msa,18740,,2014
"Craig, CO Micro Area",50123,13286,36.7,8668,942,223,4890,3607,177700,18780,,msa,18780,,2014
"Crawfordsville, IN Micro Area",46286,38183,40.1,25416,2695,1171,14574,10399,108200,18820,,msa,18820,,2014
"Crescent City, CA Micro Area",39302,28066,39.2,19350,2022,642,9527,5678,180100,18860,,msa,18860,,2014
"Crestview-Fort Walton Beach-Destin, FL Metro Area",53083,246805,38.7,169597,28921,13215,96293,64020,177100,18880,,msa,18880,,2014
"Crossville, TN Micro Area",38350,57064,49.3,42751,4633,2000,23923,18983,139700,18900,,msa,18900,,2014
"Cullman, AL Micro Area",39415,80668,40.5,55380,5224,2103,31160,23501,107000,18980,,msa,18980,,2014
"DeRidder, LA Micro Area",46420,36109,37.4,23765,2421,822,13095,10067,97300,19760,,msa,19760,,2014
"Des Moines-West Des Moines, IA Metro Area",61640,590741,35.4,387597,96276,27740,229824,162271,157800,19780,,msa,19780,,2014
"Detroit-Warren-Dearborn, MI Metro Area",52305,4292647,39.7,2902427,501564,245912,1656829,1155762,122800,19820,,msa,19820,,2014
"Cullowhee, NC Micro Area",36705,40598,36.2,25565,4622,1932,15872,10534,173200,19000,,msa,19000,,2014
"Cumberland, MD-WV Metro Area",37276,101888,41.8,70942,6306,3847,39638,26239,120100,19060,,msa,19060,,2014
"Dallas-Fort Worth-Arlington, TX Metro Area",59175,6703020,34.1,4252591,909335,338621,2370055,1438684,151900,19100,,msa,19100,,2014
"Dalton, GA Metro Area",38818,142548,35.3,90369,6676,3091,48754,31766,110900,19140,,msa,19140,,2014
"Danville, IL Metro Area",42548,80773,39.9,54345,5152,1891,31601,22147,75200,19180,,msa,19180,,2014
"Danville, KY Micro Area",38185,53696,40.2,36327,3248,1924,20674,14313,106300,19220,,msa,19220,,2014
"Danville, VA Micro Area",38133,105659,43.9,74740,7452,2878,44549,30443,99100,19260,,msa,19260,,2014
"Daphne-Fairhope-Foley, AL Metro Area",50183,191205,41.8,133267,25444,9188,73058,52203,168800,19300,,msa,19300,,2014
"Davenport-Moline-Rock Island, IA-IL Metro Area",51263,381913,39.3,259795,43242,17559,154591,109315,124600,19340,,msa,19340,,2014
"Dayton, OH Metro Area",47162,801259,39.4,540147,83384,45482,327391,208923,122700,19380,,msa,19380,,2014
"Dayton, TN Micro Area",37512,32272,40.7,21718,1593,659,12307,8533,102100,19420,,msa,19420,,2014
"Decatur, AL Metro Area",44273,153579,39.7,104920,12673,4673,59168,43427,114700,19460,,msa,19460,,2014
"Decatur, IL Metro Area",46696,109833,40.5,74711,11201,4541,45153,31267,94000,19500,,msa,19500,,2014
"Decatur, IN Micro Area",47964,34533,34.0,20871,1982,915,12164,9522,118400,19540,,msa,19540,,2014
"Defiance, OH Micro Area",48853,38795,39.3,25945,2793,1105,15332,11448,107400,19580,,msa,19580,,2014
"Del Rio, TX Micro Area",42735,48999,31.9,29230,3562,857,15055,9967,92700,19620,,msa,19620,,2014
"Deltona-Daytona Beach-Ormond Beach, FL Metro Area",42571,597824,46.4,436239,60435,23711,233031,168521,139800,19660,,msa,19660,,2014
"Deming, NM Micro Area",28489,24947,38.8,16161,1317,782,9120,6149,84700,19700,,msa,19700,,2014
"Denver-Aurora-Lakewood, CO Metro Area",64206,2651392,36.0,1781111,456027,184537,1025246,651631,253100,19740,,msa,19740,,2014
"Dickinson, ND Micro Area",70243,27038,35.8,17806,3070,924,10887,7769,182200,19860,,msa,19860,,2014
"Dixon, IL Micro Area",52004,35248,41.8,24960,2735,1060,13468,9993,110700,19940,,msa,19940,,2014
"Dodge City, KS Micro Area",51374,34604,30.7,20243,2495,638,11086,7132,92200,19980,,msa,19980,,2014
"Dothan, AL Metro Area",40515,147165,40.0,100763,11776,4779,57262,38854,107400,20020,,msa,20020,,2014
"Douglas, GA Micro Area",34523,42947,35.0,27147,2117,954,14597,9828,79700,20060,,msa,20060,,2014
"Dover, DE Metro Area",55169,167477,36.8,108618,15105,7249,59142,41937,200200,20100,,msa,20100,,2014
"Dublin, GA Micro Area",34174,57878,38.8,38761,2996,1608,20867,13690,82100,20140,,msa,20140,,2014
"DuBois, PA Micro Area",41510,81472,43.3,59268,5485,1778,31863,24613,87100,20180,,msa,20180,,2014
"Dubuque, IA Metro Area",53410,95166,38.9,63180,11520,4408,37720,27400,146500,20220,,msa,20220,,2014
"Duluth, MN-WI Metro Area",47574,279894,40.8,190976,33225,10420,117173,83539,139600,20260,,msa,20260,,2014
"Dumas, TX Micro Area",48149,22172,31.0,12929,1296,311,6836,4710,87600,20300,,msa,20300,,2014
"Duncan, OK Micro Area",43519,44900,40.1,30518,3822,1018,17850,12543,95100,20340,,msa,20340,,2014
"Dunn, NC Micro Area",44417,121789,33.4,75958,9778,3695,41601,27488,133400,20380,,msa,20380,,2014
"Durango, CO Micro Area",58456,52547,38.5,36364,10022,3838,21124,14087,333100,20420,,msa,20420,,2014
"Durant, OK Micro Area",38743,43595,37.0,28577,3587,1816,16713,10631,87900,20460,,msa,20460,,2014
"Durham-Chapel Hill, NC Metro Area",52925,525050,35.8,347287,80476,42989,206783,124579,194100,20500,,msa,20500,,2014
"Dyersburg, TN Micro Area",41426,38156,40.4,25606,3122,1445,15088,9656,99800,20540,,msa,20540,,2014
"Eagle Pass, TX Micro Area",32536,55821,30.0,31380,2715,779,16091,11316,85900,20580,,msa,20580,,2014
"Easton, MD Micro Area",58495,37894,48.2,28071,4841,2985,16140,11302,324100,20660,,msa,20660,,2014
"East Stroudsburg, PA Metro Area",57748,168342,41.3,112394,16775,7186,57661,45835,183100,20700,,msa,20700,,2014
"Eau Claire, WI Metro Area",49537,163658,36.2,106289,18445,6643,64715,42634,148600,20740,,msa,20740,,2014
"Edwards, CO Micro Area",73774,52233,35.1,35583,12658,2992,18038,12153,435600,20780,,msa,20780,,2014
"Effingham, IL Micro Area",52374,34280,39.2,23006,3308,954,13386,10605,118400,20820,,msa,20820,,2014
"El Campo, TX Micro Area",41992,41219,37.3,26671,2505,987,14492,9770,96900,20900,,msa,20900,,2014
"El Centro, CA Metro Area",41772,177026,31.9,105988,9993,3361,46952,26135,145200,20940,,msa,20940,,2014
"El Dorado, AR Micro Area",38762,40954,39.7,27906,3477,1037,16689,11597,72800,20980,,msa,20980,,2014
"Ellensburg, WA Micro Area",45406,41705,32.7,24768,5658,2031,16753,9601,246000,21260,,msa,21260,,2014
"Elmira, NY Metro Area",49685,88681,40.9,60887,7696,4871,35390,24160,97800,21300,,msa,21300,,2014
"El Paso, TX Metro Area",40699,827206,31.4,490681,69199,23607,258622,159945,112500,21340,,msa,21340,,2014
"Emporia, KS Micro Area",40427,33510,32.3,19809,3255,1109,13069,7790,92500,21380,,msa,21380,,2014
"Enid, OK Micro Area",46726,61663,36.5,40478,5879,2076,23816,15698,93500,21420,,msa,21420,,2014
"Enterprise, AL Micro Area",45558,50726,38.2,34363,4891,2346,19086,13233,137000,21460,,msa,21460,,2014
"Erie, PA Metro Area",45703,280132,38.7,186224,30344,12499,109700,72961,117200,21500,,msa,21500,,2014
"Escanaba, MI Micro Area",42070,36841,46.3,26625,3483,906,15695,12340,99400,21540,,msa,21540,,2014
"Española, NM Micro Area",38635,40155,39.5,26875,2438,1358,14245,11109,140900,21580,,msa,21580,,2014
"Eugene, OR Metro Area",43685,354764,39.2,239397,40675,17901,145627,86356,214300,21660,,msa,21660,,2014
"Eureka-Arcata-Fortuna, CA Micro Area",42153,134876,37.4,90886,16786,5169,53130,29121,281300,21700,,msa,21700,,2014
"Evanston, WY Micro Area",56158,20989,34.4,13046,1775,525,7557,5323,174800,21740,,msa,21740,,2014
"Evansville, IN-KY Metro Area",47425,313450,38.9,211173,31560,12131,126093,86940,121300,21780,,msa,21780,,2014
"Fairbanks, AK Metro Area",70408,99319,30.6,60377,11237,5100,35844,20976,215000,21820,,msa,21820,,2014
"Fairfield, IA Micro Area",44688,17102,42.7,11990,2078,1397,6886,4741,94600,21840,,msa,21840,,2014
"Fairmont, WV Micro Area",43085,56698,41.3,39175,5484,2062,22596,17466,94600,21900,,msa,21900,,2014
"Elizabeth City, NC Micro Area",47296,63867,39.8,43096,5442,1827,23690,16531,169700,21020,,msa,21020,,2014
"Elizabethtown-Fort Knox, KY Metro Area",48617,150917,35.9,97970,10801,6416,55806,36559,135200,21060,,msa,21060,,2014
"Elk City, OK Micro Area",49027,22941,34.7,14974,1666,513,7770,4888,110600,21120,,msa,21120,,2014
"Elkhart-Goshen, IN Metro Area",46983,199544,35.1,125486,15156,5821,70427,49478,122600,21140,,msa,21140,,2014
"Elkins, WV Micro Area",40146,29446,43.3,21139,2186,1370,11351,8539,98600,21180,,msa,21180,,2014
"Elko, NV Micro Area",72207,52752,33.6,32776,3965,1415,18356,13040,180300,21220,,msa,21220,,2014
"Fallon, NV Micro Area",46195,24347,39.0,16178,1506,652,9431,5688,144900,21980,,msa,21980,,2014
"Fargo, ND-MN Metro Area",53634,218290,31.9,134179,33284,9515,89558,50923,161400,22020,,msa,22020,,2014
"Faribault-Northfield, MN Micro Area",60365,64829,35.7,40278,7033,2607,22498,16972,187100,22060,,msa,22060,,2014
"Farmington, MO Micro Area",37476,65813,38.9,45749,4040,1976,24868,16496,99600,22100,,msa,22100,,2014
"Farmington, NM Metro Area",48824,127358,33.7,79497,7473,3526,40693,29769,144100,22140,,msa,22140,,2014
"Fernley, NV Micro Area",47143,51579,42.6,35841,3676,1742,19728,14185,129300,22280,,msa,22280,,2014
"Fayetteville, NC Metro Area",44692,374036,31.0,228499,34052,13009,138822,76652,130500,22180,,msa,22180,,2014
"Fayetteville-Springdale-Rogers, AR-MO Metro Area",48627,483396,33.5,302112,53484,21760,178008,111643,144000,22220,,msa,22220,,2014
"Fergus Falls, MN Micro Area",50914,57417,46.7,41180,6836,1947,24163,19117,162000,22260,,msa,22260,,2014
"Findlay, OH Micro Area",50166,75290,38.9,50472,8080,3385,30795,21758,124500,22300,,msa,22300,,2014
"Fitzgerald, GA Micro Area",30643,17547,38.6,11270,842,300,6349,4211,80400,22340,,msa,22340,,2014
"Flagstaff, AZ Metro Area",48540,135817,31.0,79300,15550,7019,46391,27667,217200,22380,,msa,22380,,2014
"Flint, MI Metro Area",41879,418654,39.1,279399,33516,15314,165962,115167,88300,22420,,msa,22420,,2014
"Florence, SC Metro Area",40673,206219,38.6,136900,17133,7372,78061,52211,106100,22500,,msa,22500,,2014
"Florence-Muscle Shoals, AL Metro Area",41919,147271,41.4,100769,12529,5640,61133,42962,110400,22520,,msa,22520,,2014
"Fond du Lac, WI Metro Area",54529,101709,40.9,70155,10007,3512,41290,29325,146200,22540,,msa,22540,,2014
"Forest City, NC Micro Area",36863,67181,42.9,47316,5057,1893,26778,19315,106500,22580,,msa,22580,,2014
"Forrest City, AR Micro Area",31336,27642,37.2,18841,1305,725,9351,5356,65600,22620,,msa,22620,,2014
"Fort Collins, CO Metro Area",58844,311435,35.5,201336,55383,22746,122743,79788,251600,22660,,msa,22660,,2014
"Fort Dodge, IA Micro Area",42112,37399,39.9,25241,3387,1095,15397,10396,84600,22700,,msa,22700,,2014
"Fort Leonard Wood, MO Micro Area",49604,53343,26.9,28477,3814,1882,15528,8149,126000,22780,,msa,22780,,2014
"Fort Madison-Keokuk, IA-IL-MO Micro Area",44083,61361,43.6,43307,4968,1377,25161,19053,84100,22800,,msa,22800,,2014
"Fort Morgan, CO Micro Area",46223,28342,36.5,18104,1606,671,10443,6593,135000,22820,,msa,22820,,2014
"Fort Polk South, LA Micro Area",46867,52844,29.9,31340,4081,1415,18112,9913,93400,22860,,msa,22860,,2014
"Fort Smith, AR-OK Metro Area",38833,280394,38.1,185433,19942,7231,106691,72787,101400,22900,,msa,22900,,2014
"Fort Wayne, IN Metro Area",49607,422029,36.2,272473,44890,18029,163427,116104,114100,23060,,msa,23060,,2014
"Frankfort, IN Micro Area",49669,32987,38.0,21539,2110,803,11853,8512,96600,23140,,msa,23140,,2014
"Frankfort, KY Micro Area",48665,71173,40.0,48788,7436,3534,29418,19426,137000,23180,,msa,23180,,2014
"Fredericksburg, TX Micro Area",52414,25179,50.2,18501,4095,1434,10606,7911,218600,23240,,msa,23240,,2014
"Freeport, IL Micro Area",44631,47053,44.2,32941,3838,1685,19311,13799,100300,23300,,msa,23300,,2014
"Fremont, NE Micro Area",47991,36742,39.8,24988,3384,987,15162,10096,110100,23340,,msa,23340,,2014
"Fremont, OH Micro Area",46099,60498,41.2,41372,3935,1477,23831,17702,109400,23380,,msa,23380,,2014
"Fresno, CA Metro Area",45201,948844,31.2,562708,73566,22909,292550,155487,191700,23420,,msa,23420,,2014
"Gadsden, AL Metro Area",38467,104126,40.5,71636,6969,3004,40001,28337,100400,23460,,msa,23460,,2014
"Gaffney, SC Micro Area",34766,55707,38.4,36622,3760,1185,20647,14088,84100,23500,,msa,23500,,2014
"Gainesville, FL Metro Area",41961,268707,31.0,160301,31915,16224,102411,56524,160600,23540,,msa,23540,,2014
"Gainesville, GA Metro Area",51036,185318,35.2,117557,16421,6931,61361,41303,162200,23580,,msa,23580,,2014
"Gainesville, TX Micro Area",51222,38558,39.4,25629,3829,1066,14615,10187,114800,23620,,msa,23620,,2014
"Galesburg, IL Micro Area",39800,52447,41.5,36542,4178,1683,21438,14329,80800,23660,,msa,23660,,2014
"Gallup, NM Micro Area",29812,73082,30.7,42250,2851,1456,17862,13042,70600,23700,,msa,23700,,2014
"Garden City, KS Micro Area",48656,41049,30.8,24073,2966,1121,14011,8901,109700,23780,,msa,23780,,2014
"Gardnerville Ranchos, NV Micro Area",58940,47135,48.5,35012,5720,2175,19765,14050,267200,23820,,msa,23820,,2014
"Georgetown, SC Micro Area",41578,60389,47.0,43598,6245,2770,23309,17927,155300,23860,,msa,23860,,2014
"Gettysburg, PA Metro Area",60068,101566,42.4,69921,8635,4728,37956,29200,194100,23900,,msa,23900,,2014
"Gillette, WY Micro Area",78609,47448,32.6,29793,4462,976,17316,12837,206500,23940,,msa,23940,,2014
"Glasgow, KY Micro Area",37444,52716,40.7,35967,2932,1639,20707,14416,95100,23980,,msa,23980,,2014
"Glenwood Springs, CO Micro Area",60258,73987,37.1,50621,12993,4007,27687,18235,322800,24060,,msa,24060,,2014
"Gloversville, NY Micro Area",45722,54870,42.4,38758,3344,2325,22440,15541,107500,24100,,msa,24100,,2014
"Goldsboro, NC Metro Area",41172,124093,36.7,81057,9684,3115,47480,28781,108000,24140,,msa,24140,,2014
"Grand Forks, ND-MN Metro Area",48396,99774,32.0,60058,11422,4007,40687,23527,146700,24220,,msa,24220,,2014
"Grand Island, NE Metro Area",50237,83426,37.6,54717,6880,2191,31918,21574,112200,24260,,msa,24260,,2014
"Grand Junction, CO Metro Area",48610,147509,38.2,98727,16525,6044,58966,41098,203200,24300,,msa,24300,,2014
"Grand Rapids-Wyoming, MI Metro Area",53187,1007329,35.4,643806,126209,50253,372118,270789,139100,24340,,msa,24340,,2014
"Grants, NM Micro Area",36279,27392,36.2,18094,1448,495,8354,6245,86700,24380,,msa,24380,,2014
"Grants Pass, OR Metro Area",37447,83021,47.7,60466,6651,2879,34187,22578,212600,24420,,msa,24420,,2014
"Great Bend, KS Micro Area",43573,27566,39.8,18326,2260,665,11480,7956,79800,24460,,msa,24460,,2014
"Great Falls, MT Metro Area",45091,81953,38.1,55120,9749,3193,33685,21665,159900,24500,,msa,24500,,2014
"Greeley, CO Metro Area",58100,265066,33.7,164896,29121,10347,92369,64617,196100,24540,,msa,24540,,2014
"Green Bay, WI Metro Area",53053,310726,38.0,207652,37077,11341,123271,85040,156700,24580,,msa,24580,,2014
"Greeneville, TN Micro Area",35860,68596,43.4,48901,4946,2079,28489,20336,109800,24620,,msa,24620,,2014
"Greenfield Town, MA Micro Area",54072,71300,44.9,52063,9648,6346,30390,20846,220400,24640,,msa,24640,,2014
"Greensboro-High Point, NC Metro Area",43670,735777,38.3,490869,89418,31893,290505,185888,140000,24660,,msa,24660,,2014
"Greensburg, IN Micro Area",49631,26112,39.5,17496,1607,734,9809,6980,112300,24700,,msa,24700,,2014
"Greenville, MS Micro Area",28936,50038,35.8,31534,3949,1353,18383,10099,74000,24740,,msa,24740,,2014
"Greenville, NC Metro Area",42011,172438,31.4,102006,18979,6871,66427,35836,133400,24780,,msa,24780,,2014
"Greenville, OH Micro Area",43323,52537,41.2,35624,2494,1412,20929,15064,110000,24820,,msa,24820,,2014
"Greenville-Anderson-Mauldin, SC Metro Area",45428,842817,38.2,558820,93564,37877,320027,219337,137600,24860,,msa,24860,,2014
"Greenwood, MS Micro Area",27404,42190,35.2,26921,2995,1215,14679,8718,71500,24900,,msa,24900,,2014
"Greenwood, SC Micro Area",35912,94808,40.0,63089,8652,2911,36512,25148,97500,24940,,msa,24940,,2014
"Grenada, MS Micro Area",33067,21660,40.5,14238,1339,566,7581,5704,88800,24980,,msa,24980,,2014
"Glens Falls, NY Metro Area",54112,128298,43.8,91984,12178,7678,51864,37146,165100,24020,,msa,24020,,2014
"Hillsdale, MI Micro Area",42183,46282,41.7,31129,2883,1441,17632,13717,100600,25880,,msa,25880,,2014
"Hilo, HI Micro Area",51213,189382,40.9,131247,21859,8119,64586,42485,301500,25900,,msa,25900,,2014
"Hilton Head Island-Bluffton-Beaufort, SC Metro Area",53863,194495,41.1,134715,27404,13384,73803,51555,252400,25940,,msa,25940,,2014
"Hinesville, GA Metro Area",44133,80456,28.2,45426,5752,1953,27941,14584,121300,25980,,msa,25980,,2014
"Guayama, PR Metro Area",16010,82282,37.1,53930,7673,1729,28080,20438,95200,25020,,msa,25020,,2014
"Gulfport-Biloxi-Pascagoula, MS Metro Area",44826,378972,36.8,250091,32434,14787,143170,93278,130400,25060,,msa,25060,,2014
"Guymon, OK Micro Area",50172,21495,31.6,12999,1925,285,7166,4486,90700,25100,,msa,25100,,2014
"Hagerstown-Martinsburg, MD-WV Metro Area",55868,256237,39.5,175185,22194,10392,96383,66284,181200,25180,,msa,25180,,2014
"Hailey, ID Micro Area",56424,27671,40.9,18872,5210,1462,11331,7689,295600,25200,,msa,25200,,2014
"Hammond, LA Metro Area",40721,124125,34.1,78327,10411,3482,45027,30589,135400,25220,,msa,25220,,2014
"Hanford-Corcoran, CA Metro Area",47341,151390,31.2,91918,8265,2065,41108,21358,170000,25260,,msa,25260,,2014
"Hannibal, MO Micro Area",43448,39068,41.1,26610,2883,1242,15321,10852,104700,25300,,msa,25300,,2014
"Harrisburg-Carlisle, PA Metro Area",57461,555154,40.2,382997,68531,30134,222939,152406,169900,25420,,msa,25420,,2014
"Harrison, AR Micro Area",37754,45300,42.6,31764,2935,1233,18201,13571,99000,25460,,msa,25460,,2014
"Harrisonburg, VA Metro Area",48518,128166,32.2,75693,12367,5861,45364,28200,198100,25500,,msa,25500,,2014
"Hartford-West Hartford-East Hartford, CT Metro Area",68959,1215159,40.4,831369,169706,96160,469020,316843,247200,25540,,msa,25540,,2014
"Hastings, NE Micro Area",51342,31396,38.1,20190,2914,1152,12580,8904,101900,25580,,msa,25580,,2014
"Hattiesburg, MS Metro Area",41702,146370,32.8,90802,15764,6778,53626,33594,131100,25620,,msa,25620,,2014
"Hays, KS Micro Area",45127,28878,32.2,17512,3704,1187,11859,7437,143200,25700,,msa,25700,,2014
"Heber, UT Micro Area",65582,25550,32.0,14992,3336,1313,7752,5761,304300,25720,,msa,25720,,2014
"Helena, MT Micro Area",56470,76237,42.1,53071,12730,4796,31050,22788,208500,25740,,msa,25740,,2014
"Helena-West Helena, AR Micro Area",27183,20847,37.6,13197,1111,473,8291,4318,63500,25760,,msa,25760,,2014
"Henderson, NC Micro Area",34075,44998,39.2,29651,2602,803,16651,10656,99800,25780,,msa,25780,,2014
"Hereford, TX Micro Area",42995,19331,31.4,11179,1171,389,6210,4138,81600,25820,,msa,25820,,2014
"Hermiston-Pendleton, OR Micro Area",47499,87862,36.1,56540,5254,2364,30615,19163,139500,25840,,msa,25840,,2014
"Medford, OR Metro Area",44086,206583,42.7,145232,22643,9844,82977,51817,217200,32780,,msa,32780,,2014
"McMinnville, TN Micro Area",34592,39867,39.5,27313,2072,1031,15440,10809,94000,32660,,msa,32660,,2014
"McPherson, KS Micro Area",55437,29308,41.6,19949,3651,1236,11726,9010,127600,32700,,msa,32700,,2014
"Meadville, PA Micro Area",43622,87801,42.1,60100,7487,3225,34713,25696,103300,32740,,msa,32740,,2014
"Memphis, TN-MS-AR Metro Area",47647,1337014,35.4,857667,145418,56601,489161,303635,133700,32820,,msa,32820,,2014
"Menomonie, WI Micro Area",49897,44045,33.9,26564,4162,1806,16460,11068,154900,32860,,msa,32860,,2014
"Merced, CA Metro Area",43066,261609,30.2,150292,12985,4009,76516,40310,152600,32900,,msa,32900,,2014
"Meridian, MS Micro Area",35235,107080,37.9,70680,8127,2650,39777,27565,80100,32940,,msa,32940,,2014
"Merrill, WI Micro Area",49189,28566,45.5,20663,2119,720,12483,9518,131800,32980,,msa,32980,,2014
"Mobile, AL Metro Area",43844,414045,36.9,271571,37981,13742,154400,102973,124500,33660,,msa,33660,,2014
"Modesto, CA Metro Area",49573,522794,33.3,322668,35408,11419,168090,96098,175400,33700,,msa,33700,,2014
"Monroe, LA Metro Area",38406,177908,35.3,113624,16269,5904,66444,41540,116000,33740,,msa,33740,,2014
"Monroe, MI Metro Area",54911,150851,41.4,103121,12159,5470,58328,46182,137500,33780,,msa,33780,,2014
"Montgomery, AL Metro Area",46977,375225,36.1,244642,40796,19122,142351,93587,128500,33860,,msa,33860,,2014
"Montrose, CO Micro Area",44885,40885,43.5,28666,4181,2261,16815,11793,194600,33940,,msa,33940,,2014
"Morehead City, NC Micro Area",47179,67851,46.0,50236,7856,2931,29352,20612,193500,33980,,msa,33980,,2014
"Mexico, MO Micro Area",43139,25637,39.2,17380,1445,465,9381,6839,91700,33020,,msa,33020,,2014
"Miami, OK Micro Area",36616,32086,38.5,20953,1925,706,11988,8558,81600,33060,,msa,33060,,2014
"Miami-Fort Lauderdale-West Palm Beach, FL Metro Area",48435,5775204,40.2,4039488,745796,276081,2030848,1260569,188700,33100,,msa,33100,,2014
"Michigan City-La Porte, IN Metro Area",47117,111293,39.7,76956,8346,3562,42756,30448,124000,33140,,msa,33140,,2014
"Middlesborough, KY Micro Area",24976,28234,41.1,19635,917,734,11181,7500,62600,33180,,msa,33180,,2014
"Midland, MI Metro Area",52613,83620,40.7,56831,11012,4925,33709,25318,128000,33220,,msa,33220,,2014
"Midland, TX Metro Area",66689,151483,32.5,94192,16618,5002,53172,36063,155400,33260,,msa,33260,,2014
"Milledgeville, GA Micro Area",30333,54897,35.8,34296,3150,1751,18981,11146,95900,33300,,msa,33300,,2014
"Milwaukee-Waukesha-West Allis, WI Metro Area",53628,1565368,37.2,1040048,225465,84077,622201,379054,194700,33340,,msa,33340,,2014
"Mineral Wells, TX Micro Area",41370,28028,40.9,18869,1942,795,10413,7407,80200,33420,,msa,33420,,2014
"Minneapolis-St. Paul-Bloomington, MN-WI Metro Area",68019,3424786,36.4,2281241,591691,209561,1323355,932026,212600,33460,,msa,33460,,2014
"Minot, ND Micro Area",58918,74111,32.5,45942,8020,2270,29150,18744,161300,33500,,msa,33500,,2014
"Missoula, MT Metro Area",47029,111011,34.4,72063,18323,6836,45961,27203,237300,33540,,msa,33540,,2014
"Mitchell, SD Micro Area",51192,23122,37.5,15030,2903,911,9550,6328,122200,33580,,msa,33580,,2014
"Moberly, MO Micro Area",39316,25207,38.3,17131,1551,597,8640,6208,85500,33620,,msa,33620,,2014
"Morgan City, LA Micro Area",41956,53784,37.9,35338,2746,915,20183,13897,89700,34020,,msa,34020,,2014
"Morgantown, WV Metro Area",46028,134052,32.7,83804,14136,7114,49467,31155,144900,34060,,msa,34060,,2014
"Morristown, TN Metro Area",39822,115029,40.6,79366,7763,3534,44380,31303,123700,34100,,msa,34100,,2014
"Moscow, ID Micro Area",41944,37989,28.5,21194,5469,2399,15069,8207,189100,34140,,msa,34140,,2014
"Moses Lake, WA Micro Area",46772,91458,32.1,54568,5644,2301,30233,18155,160600,34180,,msa,34180,,2014
"Moultrie, GA Micro Area",32233,45987,35.2,29275,2420,1055,15893,10262,79300,34220,,msa,34220,,2014
"Mountain Home, AR Micro Area",35594,41154,51.1,31340,4081,1006,18237,13919,119700,34260,,msa,34260,,2014
"Mountain Home, ID Micro Area",43516,26349,30.7,15753,1708,815,9682,5905,131200,34300,,msa,34300,,2014
"Mount Airy, NC Micro Area",35894,73391,42.0,50993,5263,1789,29380,21160,114100,34340,,msa,34340,,2014
"Mount Pleasant, MI Micro Area",37615,70506,26.0,36362,5428,2728,24773,14682,120600,34380,,msa,34380,,2014
"Mount Pleasant, TX Micro Area",42856,32540,33.4,19447,1807,562,10532,7373,88900,34420,,msa,34420,,2014
"Mount Sterling, KY Micro Area",35276,45190,39.3,30519,2860,1315,17053,11853,90700,34460,,msa,34460,,2014
"Mount Vernon, IL Micro Area",43173,38716,40.9,26953,2733,1101,15289,11101,85400,34500,,msa,34500,,2014
"Mount Vernon, OH Micro Area",48953,61063,38.5,39413,5654,1885,22642,16005,133300,34540,,msa,34540,,2014
"Mount Vernon-Anacortes, WA Metro Area",54917,118364,40.6,81190,12539,5430,45309,30395,254900,34580,,msa,34580,,2014
"Muncie, IN Metro Area",37900,117441,34.8,71189,9240,5183,46239,29323,88300,34620,,msa,34620,,2014
"Murray, KY Micro Area",38589,37981,33.4,22927,3688,1787,14854,9677,119500,34660,,msa,34660,,2014
"Muscatine, IA Micro Area",52899,42857,38.2,28285,3650,1146,16301,12121,126700,34700,,msa,34700,,2014
"Muskegon, MI Metro Area",41842,171328,39.0,114263,13657,4988,64889,48481,98600,34740,,msa,34740,,2014
"Muskogee, OK Micro Area",40133,70519,37.8,46668,6127,2054,26574,17928,90200,34780,,msa,34780,,2014
"Myrtle Beach-Conway-North Myrtle Beach, SC-NC Metro Area",43681,396187,44.3,287394,45215,17254,164095,116562,163400,34820,,msa,34820,,2014
"Nacogdoches, TX Micro Area",39126,65322,30.0,36851,5547,2453,23708,13441,108900,34860,,msa,34860,,2014
"Napa, CA Metro Area",70925,139253,40.3,95540,20343,6486,49631,29997,439000,34900,,msa,34900,,2014
"Naples-Immokalee-Marco Island, FL Metro Area",56250,334474,48.0,248040,47974,20272,126331,92058,258400,34940,,msa,34940,,2014
"Nashville-Davidson--Murfreesboro--Franklin, TN Metro Area",52805,1730515,36.1,1146660,235741,84213,654063,430700,171700,34980,,msa,34980,,2014
"Natchez, MS-LA Micro Area",28937,52798,39.3,36265,3479,1458,19848,12700,84300,35020,,msa,35020,,2014
"Natchitoches, LA Micro Area",33629,39359,33.3,23537,2765,1447,14598,8973,100600,35060,,msa,35060,,2014
"New Bern, NC Metro Area",46173,127820,38.3,84400,11744,4226,49188,32287,149400,35100,,msa,35100,,2014
"Newberry, SC Micro Area",41971,37593,40.7,25389,2982,1290,14230,10387,104500,35140,,msa,35140,,2014
"New Castle, IN Micro Area",40247,49227,42.2,34774,3458,1445,18214,13363,92100,35220,,msa,35220,,2014
"New Castle, PA Micro Area",43991,89859,44.2,63720,8400,2845,36616,27182,97200,35260,,msa,35260,,2014
"New Haven-Milford, CT Metro Area",61646,863148,39.6,589145,106338,61474,327086,206556,250400,35300,,msa,35300,,2014
"New Orleans-Metairie, LA Metro Area",47412,1226440,37.3,830402,144076,50256,470837,292721,173600,35380,,msa,35380,,2014
"New Philadelphia-Dover, OH Micro Area",44656,92616,40.9,63870,6232,2597,36366,26231,109800,35420,,msa,35420,,2014
"Newport, OR Micro Area",42429,46138,50.1,35117,5172,2262,20672,13440,221800,35440,,msa,35440,,2014
"Newport, TN Micro Area",30888,35453,43.6,25313,1383,735,14788,10334,98600,35460,,msa,35460,,2014
"Newton, IA Micro Area",52430,36715,42.0,25906,3599,800,14658,10614,116200,35500,,msa,35500,,2014
"New Ulm, MN Micro Area",49527,25513,43.2,17491,2576,765,10749,8353,123000,35580,,msa,35580,,2014
"New York-Newark-Jersey City, NY-NJ-PA Metro Area",66902,19865045,37.8,13545192,2940876,1469871,7105003,3694231,400000,35620,,msa,35620,,2014
"Niles-Benton Harbor, MI Metro Area",44701,155992,41.3,106881,15929,8020,60320,43397,130700,35660,,msa,35660,,2014
"Nogales, AZ Micro Area",38802,47250,36.2,29027,4331,1395,15514,10095,137800,35700,,msa,35700,,2014
"Norfolk, NE Micro Area",49458,48416,38.3,31661,4869,1190,19269,13225,109800,35740,,msa,35740,,2014
"North Platte, NE Micro Area",49227,37216,39.4,25220,3706,980,15542,10438,113000,35820,,msa,35820,,2014
"Raymondville, TX Micro Area",27627,22056,32.1,13605,976,224,5461,4352,51700,39700,,msa,39700,,2014
"Reading, PA Metro Area",55798,413016,39.7,275438,40824,16521,153857,110353,169200,39740,,msa,39740,,2014
"Red Bluff, CA Micro Area",42369,63284,40.0,42515,4048,1276,23480,16058,170300,39780,,msa,39780,,2014
"Redding, CA Metro Area",44556,178520,41.9,123699,15358,5446,68961,43687,213700,39820,,msa,39820,,2014
"Red Wing, MN Micro Area",57229,46336,42.6,32228,5394,1600,18743,14264,179900,39860,,msa,39860,,2014
"Reno, NV Metro Area",53047,433919,37.7,290967,51947,18891,166284,95644,200800,39900,,msa,39900,,2014
"Rexburg, ID Micro Area",36491,50778,24.0,23553,4648,1484,14915,8699,165600,39940,,msa,39940,,2014
"Richmond, IN Micro Area",37932,68360,40.7,46556,4870,2627,27891,18734,92200,39980,,msa,39980,,2014
"Richmond, VA Metro Area",59677,1234058,38.0,832834,174059,73415,463593,308173,214900,40060,,msa,40060,,2014
"Richmond-Berea, KY Micro Area",40546,102450,35.1,64058,9254,4984,38386,23915,127800,40080,,msa,40080,,2014
"Rio Grande City, TX Micro Area",25906,62040,29.2,34468,2444,793,16073,12305,65400,40100,,msa,40100,,2014
"Riverside-San Bernardino-Ontario, CA Metro Area",55362,4345485,33.2,2667795,340419,133565,1297992,823388,231800,40140,,msa,40140,,2014
"Riverton, WY Micro Area",51749,40739,38.1,26987,3911,1180,15290,10975,183700,40180,,msa,40180,,2014
"Roanoke, VA Metro Area",50056,310934,42.2,219126,38369,13993,128965,89833,169400,40220,,msa,40220,,2014
"Roanoke Rapids, NC Micro Area",32360,75113,43.3,52314,4119,1500,30118,19578,85500,40260,,msa,40260,,2014
"Rochelle, IL Micro Area",55894,52782,41.1,35909,4567,2112,20759,15735,143600,40300,,msa,40300,,2014
"Rochester, MN Metro Area",64210,210004,38.0,142075,30319,11328,82643,63062,166600,40340,,msa,40340,,2014
"Rock Springs, WY Micro Area",69448,44595,33.3,28269,3665,965,16687,11774,183400,40540,,msa,40540,,2014
"Rochester, NY Metro Area",52717,1082578,39.6,728497,132407,79425,429370,291234,130900,40380,,msa,40380,,2014
"Rockford, IL Metro Area",49511,346031,38.8,230371,31193,13381,131715,90524,123500,40420,,msa,40420,,2014
"Rockingham, NC Micro Area",34060,46317,39.8,30803,2756,872,18260,11689,79500,40460,,msa,40460,,2014
"Rocky Mount, NC Metro Area",39763,150953,40.3,101996,11698,3118,58146,36960,100600,40580,,msa,40580,,2014
"Rolla, MO Micro Area",41942,45091,33.7,27534,4195,2178,16737,10249,111800,40620,,msa,40620,,2014
"Rome, GA Metro Area",41046,96146,38.1,63085,6687,3057,34794,21468,117500,40660,,msa,40660,,2014
"Roseburg, OR Micro Area",40820,107156,46.7,78001,7944,3313,43730,29993,170700,40700,,msa,40700,,2014
"Roswell, NM Micro Area",40541,65850,34.8,41064,4936,2153,23506,15372,99100,40740,,msa,40740,,2014
"Russellville, AR Micro Area",39455,84621,36.4,54008,6878,2286,30601,20988,111200,40780,,msa,40780,,2014
"Ruston, LA Micro Area",34210,47243,27.3,25439,5222,2524,17060,9164,118400,40820,,msa,40820,,2014
"Rutland, VT Micro Area",48308,60864,45.2,43435,7889,3453,25635,17895,176900,40860,,msa,40860,,2014
"Sacramento--Roseville--Arden-Arcade, CA Metro Area",59439,2197422,36.4,1440650,287163,99884,791744,472040,275100,40900,,msa,40900,,2014
"Safford, AZ Micro Area",46965,37311,32.0,22527,1885,973,10975,7942,123700,40940,,msa,40940,,2014
"Saginaw, MI Metro Area",43566,197727,40.0,132147,18097,6383,77589,56490,94800,40980,,msa,40980,,2014
"St. Cloud, MN Metro Area",54985,190708,34.0,118867,19832,6126,72216,51309,164100,41060,,msa,41060,,2014
"St. George, UT Metro Area",49498,144844,33.8,88989,15494,5961,47905,33084,209500,41100,,msa,41100,,2014
"St. Joseph, MO-KS Metro Area",46145,127637,38.1,85894,10685,4106,46985,31233,110400,41140,,msa,41140,,2014
"St. Louis, MO-IL Metro Area",54959,2797737,38.5,1894066,365957,168818,1104257,772093,156900,41180,,msa,41180,,2014
"St. Marys, GA Micro Area",52799,51193,31.6,31155,4073,1933,18560,11382,151800,41220,,msa,41220,,2014
"Salem, OH Micro Area",43707,106622,42.8,75788,6845,2819,42184,30197,97600,41400,,msa,41400,,2014
"Salem, OR Metro Area",48433,396912,35.9,254797,37482,15695,142136,86159,191100,41420,,msa,41420,,2014
"Salina, KS Micro Area",48354,61868,38.0,40785,6381,2562,24976,17039,117000,41460,,msa,41460,,2014
"Salinas, CA Metro Area",58582,424927,33.3,265834,37596,15924,125115,62089,362100,41500,,msa,41500,,2014
"Salisbury, MD-DE Metro Area",53004,381868,43.2,266289,37321,18594,143830,105413,213600,41540,,msa,41540,,2014
"Salt Lake City, UT Metro Area",61529,1123643,31.4,684658,137018,50323,366510,245828,227700,41620,,msa,41620,,2014
"San Angelo, TX Metro Area",45258,115142,34.0,72805,10558,3501,42986,27050,102300,41660,,msa,41660,,2014
"San Antonio-New Braunfels, TX Metro Area",52786,2239222,34.3,1418072,241827,95330,771789,483980,134600,41700,,msa,41700,,2014
"San Diego-Carlsbad, CA Metro Area",63996,3183143,34.9,2088134,455144,181805,1083811,578412,412800,41740,,msa,41740,,2014
"Sandpoint, ID Micro Area",41879,40899,46.6,29846,4465,1342,17388,12540,215600,41760,,msa,41760,,2014
"Sandusky, OH Micro Area",48204,76416,43.8,54077,7204,3089,31998,21885,131900,41780,,msa,41780,,2014
"Sanford, NC Micro Area",46309,59096,37.3,38835,6000,1484,21239,14270,132900,41820,,msa,41820,,2014
"San Francisco-Oakland-Hayward, CA Metro Area",80008,4466251,38.6,3153992,853584,371809,1642466,884299,592000,41860,,msa,41860,,2014
"San Germán, PR Metro Area",15389,135240,40.4,92210,14257,2910,44202,29002,107100,41900,,msa,41900,,2014
"San Jose-Sunnyvale-Santa Clara, CA Metro Area",92960,1898457,36.6,1280436,329150,190908,631835,360713,654800,41940,,msa,41940,,2014
"San Juan-Carolina-Caguas, PR Metro Area",22254,2297987,38.0,1539433,279949,77317,792764,551163,135700,41980,,msa,41980,,2014
"San Luis Obispo-Paso Robles-Arroyo Grande, CA Metro Area",59454,274184,39.5,181329,36175,14387,102350,59381,426200,42020,,msa,42020,,2014
"Santa Cruz-Watsonville, CA Metro Area",66923,267203,36.9,172276,39582,16915,94219,54749,559500,42100,,msa,42100,,2014
"Santa Fe, NM Metro Area",52958,146361,43.9,105598,21862,13363,61313,42533,272700,42140,,msa,42140,,2014
"Santa Isabel, PR Micro Area",16344,23114,35.0,14533,2454,611,7848,5880,89900,42180,,msa,42180,,2014
"Santa Maria-Santa Barbara, CA Metro Area",63409,431555,33.6,265963,49596,21078,142028,74300,446500,42200,,msa,42200,,2014
"Santa Rosa, CA Metro Area",63799,491790,40.5,341490,72304,25309,186935,111419,414500,42220,,msa,42220,,2014
"Sault Ste. Marie, MI Micro Area",40828,38698,39.0,26333,3215,1357,14382,10114,101500,42300,,msa,42300,,2014
"Savannah, GA Metro Area",50560,361161,34.5,233580,44762,18237,132980,79845,168600,42340,,msa,42340,,2014
"Sayre, PA Micro Area",48418,62510,43.8,43914,4828,1956,24338,18244,123700,42380,,msa,42380,,2014
"Scottsbluff, NE Micro Area",46310,38911,39.2,26051,3676,1211,15526,10748,103500,42420,,msa,42420,,2014
"Scottsboro, AL Micro Area",36874,53012,42.1,37170,2881,1493,20425,15213,93800,42460,,msa,42460,,2014
"Scranton--Wilkes-Barre--Hazleton, PA Metro Area",45812,562644,42.6,396085,56560,25495,225565,153034,132500,42540,,msa,42540,,2014
"Searcy, AR Micro Area",42852,78275,36.0,49921,5877,2408,29447,20225,103200,42620,,msa,42620,,2014
"Seattle-Tacoma-Bellevue, WA Metro Area",68969,3557037,36.9,2434843,596252,240176,1381607,829580,315700,42660,,msa,42660,,2014
"Sebastian-Vero Beach, FL Metro Area",44645,140918,50.2,105814,17760,7301,57342,42565,156300,42680,,msa,42680,,2014
"Sebring, FL Metro Area",35911,98261,51.9,74156,7524,2938,39882,30660,87700,42700,,msa,42700,,2014
"Sedalia, MO Micro Area",39624,42213,37.5,27730,3087,1029,16250,11164,100100,42740,,msa,42740,,2014
"Selinsgrove, PA Micro Area",48718,39922,39.4,26323,2647,1117,14414,10899,139400,42780,,msa,42780,,2014
"Selma, AL Micro Area",26494,42743,37.9,27699,2353,1297,16259,9892,79200,42820,,msa,42820,,2014
"Seneca, SC Micro Area",41197,74656,43.8,53052,6993,3492,30319,22684,138700,42860,,msa,42860,,2014
"Seneca Falls, NY Micro Area",48932,35232,42.4,24898,2857,1595,13485,9861,95400,42900,,msa,42900,,2014
"Sevierville, TN Micro Area",42499,92561,41.8,64677,6178,2668,36253,23983,158000,42940,,msa,42940,,2014
"Seymour, IN Micro Area",47758,43127,39.0,29151,2626,1329,16657,12412,112900,42980,,msa,42980,,2014
"Sioux City, IA-NE-SD Metro Area",49843,168824,36.6,108273,15310,5318,64174,45052,108200,43580,,msa,43580,,2014
"Sioux Falls, SD Metro Area",57356,238294,34.8,155381,33461,10258,92241,62013,157600,43620,,msa,43620,,2014
"Snyder, TX Micro Area",50829,17108,36.4,11151,1156,442,5894,4333,88800,43660,,msa,43660,,2014
"Somerset, KY Micro Area",33425,63505,41.9,44246,3621,2042,26052,18315,105100,43700,,msa,43700,,2014
"Somerset, PA Micro Area",44255,77011,44.9,56768,5503,2105,29748,23215,97400,43740,,msa,43740,,2014
"Sonora, CA Micro Area",48493,54347,48.2,41038,5528,1709,22181,15372,262600,43760,,msa,43760,,2014
"South Bend-Mishawaka, IN-MI Metro Area",45036,318917,37.8,208294,32486,14549,121563,86091,114700,43780,,msa,43780,,2014
"Spartanburg, SC Metro Area",42588,317057,38.5,210586,28358,11928,120122,82852,117700,43900,,msa,43900,,2014
"Spearfish, SD Micro Area",44267,24478,41.1,16597,3353,1143,10483,6969,172600,43940,,msa,43940,,2014
"Spencer, IA Micro Area",49438,16555,42.1,11635,1703,304,7269,5372,106400,43980,,msa,43980,,2014
"Shawano, WI Micro Area",45987,46079,43.2,32003,3366,1131,18257,13900,127600,43020,,msa,43020,,2014
"Shawnee, OK Micro Area",44250,70700,37.6,46055,5719,1905,26033,18127,100200,43060,,msa,43060,,2014
"Sheboygan, WI Metro Area",53029,115168,40.7,79239,12321,4300,46433,33057,150800,43100,,msa,43100,,2014
"Shelby, NC Micro Area",39197,97464,40.9,65992,6824,3067,37407,25553,104100,43140,,msa,43140,,2014
"Shelbyville, TN Micro Area",40989,45660,36.5,29668,2761,891,16608,11528,113200,43180,,msa,43180,,2014
"Shelton, WA Micro Area",49538,60728,45.2,44095,5464,1801,23099,18054,204800,43220,,msa,43220,,2014
"Sheridan, WY Micro Area",56015,29578,42.4,20739,3971,1287,12568,8781,219400,43260,,msa,43260,,2014
"Sherman-Denison, TX Metro Area",47631,121975,40.1,81569,10821,4109,46747,31618,105800,43300,,msa,43300,,2014
"Show Low, AZ Micro Area",36591,107489,35.4,66359,5996,2796,34018,24088,106500,43320,,msa,43320,,2014
"Shreveport-Bossier City, LA Metro Area",43779,445305,36.3,293029,42415,16032,170715,110028,122700,43340,,msa,43340,,2014
"Sidney, OH Micro Area",51266,49165,39.1,32237,3058,1692,18616,13661,126000,43380,,msa,43380,,2014
"Sierra Vista-Douglas, AZ Metro Area",45974,130807,39.6,88904,12968,6001,48846,33223,141300,43420,,msa,43420,,2014
"Sikeston, MO Micro Area",39076,39137,39.8,26295,2388,944,15361,10463,94300,43460,,msa,43460,,2014
"Silver City, NM Micro Area",38923,29303,46.4,20679,2559,2038,12229,9245,128800,43500,,msa,43500,,2014
"Spirit Lake, IA Micro Area",56086,16877,48.7,12607,2195,680,7831,5823,165800,44020,,msa,44020,,2014
"Spokane-Spokane Valley, WA Metro Area",49417,533456,38.0,356354,62164,24996,211284,136976,181100,44060,,msa,44060,,2014
"Springfield, IL Metro Area",55842,211466,39.9,144517,29472,12267,88221,62164,126900,44100,,msa,44100,,2014
"Springfield, MA Metro Area",52546,626775,38.0,406119,68082,37658,236512,147937,214000,44140,,msa,44140,,2014
"Springfield, MO Metro Area",42880,444728,36.5,289730,49044,18091,177468,113628,128100,44180,,msa,44180,,2014
"Springfield, OH Metro Area",43011,137303,41.1,93107,10978,4645,54969,36306,104200,44220,,msa,44220,,2014
"Starkville, MS Micro Area",32348,48639,25.3,24691,5445,2945,17778,9329,134600,44260,,msa,44260,,2014
"State College, PA Metro Area",50295,156240,29.7,88514,18456,10830,57283,34622,193500,44300,,msa,44300,,2014
"Statesboro, GA Micro Area",35642,71940,26.1,37821,6317,2599,25803,12990,128200,44340,,msa,44340,,2014
"Sterling, CO Micro Area",41749,22604,37.1,15004,1401,673,7825,5290,122300,44540,,msa,44540,,2014
"Staunton-Waynesboro, VA Metro Area",49262,119016,42.8,84393,12247,5278,47505,33995,185400,44420,,msa,44420,,2014
"Steamboat Springs, CO Micro Area",61095,23428,39.9,16661,5276,1998,9573,6803,378100,44460,,msa,44460,,2014
"Stephenville, TX Micro Area",40711,39291,30.5,22411,3930,1345,14696,8749,112200,44500,,msa,44500,,2014
"Sterling, IL Micro Area",48343,57680,42.4,39881,4199,1956,23328,17582,99200,44580,,msa,44580,,2014
"Stevens Point, WI Micro Area",50837,70337,36.0,44326,8575,2867,27954,19082,147600,44620,,msa,44620,,2014
"Stillwater, OK Micro Area",37637,78723,26.9,42088,8667,4214,30182,15293,132700,44660,,msa,44660,,2014
"Stockton-Lodi, CA Metro Area",53253,701050,33.2,428299,53111,15921,217343,123584,211300,44700,,msa,44700,,2014
"Storm Lake, IA Micro Area",48010,20460,36.8,13006,1680,561,7635,5358,100300,44740,,msa,44740,,2014
"Sturgis, MI Micro Area",44145,60998,39.0,40575,3766,1773,22856,17255,105800,44780,,msa,44780,,2014
"Sulphur Springs, TX Micro Area",45158,35478,39.2,23578,2273,965,13243,9487,93300,44860,,msa,44860,,2014
"Summerville, GA Micro Area",32496,25484,40.4,17655,1020,357,9347,6419,66700,44900,,msa,44900,,2014
"Summit Park, UT Micro Area",89886,37877,37.3,24864,7591,3270,13425,10254,496800,44920,,msa,44920,,2014
"Sumter, SC Metro Area",40662,107782,35.6,68989,8082,3917,40024,25825,108300,44940,,msa,44940,,2014
"Sunbury, PA Micro Area",41560,94294,43.6,68143,6540,2458,39170,28015,100500,44980,,msa,44980,,2014
"Susanville, CA Micro Area",53351,33356,37.3,24264,1999,695,9821,6248,176500,45000,,msa,45000,,2014
"Sweetwater, TX Micro Area",37342,15082,38.2,9743,910,237,5449,3784,54700,45020,,msa,45020,,2014
"Syracuse, NY Metro Area",53191,662236,38.9,439319,73429,43235,256796,173405,124400,45060,,msa,45060,,2014
"Tahlequah, OK Micro Area",37230,47860,34.7,29666,4333,1913,16873,11088,106300,45140,,msa,45140,,2014
"Talladega-Sylacauga, AL Micro Area",35514,92920,40.9,64169,4783,2214,35723,25947,90000,45180,,msa,45180,,2014
"Tallahassee, FL Metro Area",45377,373097,32.4,226940,47994,23124,143932,83187,164600,45220,,msa,45220,,2014
"Tampa-St. Petersburg-Clearwater, FL Metro Area",46706,2851235,41.7,2016852,355644,131234,1134997,740691,141900,45300,,msa,45300,,2014
"Taos, NM Micro Area",35823,32956,46.5,24242,4132,1941,13239,9603,211900,45340,,msa,45340,,2014
"Taylorville, IL Micro Area",45727,34415,41.9,24232,2336,862,14089,10432,84100,45380,,msa,45380,,2014
"Terre Haute, IN Metro Area",42780,172240,38.1,113935,13053,5617,64201,43262,87600,45460,,msa,45460,,2014
"Texarkana, TX-AR Metro Area",41818,149457,38.0,100680,10729,4350,55953,37491,94300,45500,,msa,45500,,2014
"The Dalles, OR Micro Area",43226,25387,41.8,17612,1989,887,9595,6190,177000,45520,,msa,45520,,2014
"The Villages, FL Metro Area",49874,103708,64.5,91658,14182,7831,45868,41407,199500,45540,,msa,45540,,2014
"Thomaston, GA Micro Area",34614,26681,41.8,18203,1117,708,10363,6639,82600,45580,,msa,45580,,2014
"Thomasville, GA Micro Area",35515,44733,39.3,30160,2921,1427,17352,10053,124200,45620,,msa,45620,,2014
"Tiffin, OH Micro Area",44947,56100,39.1,37092,3576,1501,21539,15464,97200,45660,,msa,45660,,2014
"Tifton, GA Micro Area",34830,40721,34.8,25368,2084,1300,13966,8366,116200,45700,,msa,45700,,2014
"Toccoa, GA Micro Area",40103,25741,40.9,17062,1419,816,9260,6917,99500,45740,,msa,45740,,2014
"Toledo, OH Metro Area",44775,608847,37.2,396351,59992,27064,244015,155890,115900,45780,,msa,45780,,2014
"Topeka, KS Metro Area",50797,234195,39.6,157403,27503,10516,94100,63896,118700,45820,,msa,45820,,2014
"Torrington, CT Micro Area",72068,187542,45.4,135694,27027,14278,75229,58127,259800,45860,,msa,45860,,2014
"Traverse City, MI Micro Area",50817,145374,44.1,104420,17950,9487,58480,46183,164700,45900,,msa,45900,,2014
"Trenton, NJ Metro Area",74118,369526,38.3,246366,51014,31314,131475,85625,280400,45940,,msa,45940,,2014
"Troy, AL Micro Area",32798,33216,31.1,19278,2851,1124,12909,7513,101900,45980,,msa,45980,,2014
"Truckee-Grass Valley, CA Micro Area",56949,98606,48.8,73611,15724,5484,40838,29617,344800,46020,,msa,46020,,2014
"Tucson, AZ Metro Area",46233,993144,37.9,654497,115392,55652,386155,238500,161700,46060,,msa,46060,,2014
"Tullahoma-Manchester, TN Micro Area",41158,100568,40.6,68353,7457,3437,39701,28218,114600,46100,,msa,46100,,2014
"Tulsa, OK Metro Area",49255,954055,36.7,626066,112224,35174,369720,244738,129100,46140,,msa,46140,,2014
"Tupelo, MS Micro Area",41701,138377,36.9,90375,10791,3827,50808,36603,97600,46180,,msa,46180,,2014
"Tuscaloosa, AL Metro Area",43567,233692,32.9,143761,21943,9582,81775,54107,143200,46220,,msa,46220,,2014
"Twin Falls, ID Micro Area",43282,101513,33.9,63357,7100,2092,36267,23902,148000,46300,,msa,46300,,2014
"Tyler, TX Metro Area",46669,214735,36.0,137881,24044,7543,79089,52107,126400,46340,,msa,46340,,2014
"Ukiah, CA Micro Area",43290,87612,42.0,61116,8930,3227,33693,19135,310300,46380,,msa,46380,,2014
"Union City, TN-KY Micro Area",39050,37928,42.0,26395,2323,1279,15158,10113,85200,46460,,msa,46460,,2014
"Urbana, OH Micro Area",49840,39628,40.6,26716,2926,1138,15163,11250,121100,46500,,msa,46500,,2014
"Urban Honolulu, HI Metro Area",73581,975690,37.2,660551,141559,47943,310141,170342,564400,46520,,msa,46520,,2014
"Utica-Rome, NY Metro Area",48094,298273,41.4,204689,27662,14710,117404,79022,107800,46540,,msa,46540,,2014
"Uvalde, TX Micro Area",37078,26763,34.5,16392,1741,519,8622,6052,72000,46620,,msa,46620,,2014
"Valdosta, GA Metro Area",36289,142655,30.8,84016,10681,4198,51439,28690,121800,46660,,msa,46660,,2014
"Vallejo-Fairfield, CA Metro Area",67341,421624,37.2,280199,47620,13014,142521,85815,263600,46700,,msa,46700,,2014
"Valley, AL Micro Area",32835,34091,43.1,23821,1855,768,13901,9331,82400,46740,,msa,46740,,2014
"Van Wert, OH Micro Area",46436,28612,41.5,19587,1842,990,11388,8670,90000,46780,,msa,46780,,2014
"Vermillion, SD Micro Area",36627,13968,25.2,7049,1692,762,5185,2697,136000,46820,,msa,46820,,2014
"Vernal, UT Micro Area",62363,34576,29.6,19720,2373,671,11048,8311,187400,46860,,msa,46860,,2014
"Vernon, TX Micro Area",41901,13265,37.4,8669,1152,329,5253,3433,67100,46900,,msa,46900,,2014
"Vicksburg, MS Micro Area",37686,57687,37.2,37287,5447,2702,21530,14334,93900,46980,,msa,46980,,2014
"Victoria, TX Metro Area",50549,96312,36.8,62693,7337,2404,35185,23556,115900,47020,,msa,47020,,2014
"Vidalia, GA Micro Area",31842,36272,36.5,23201,2145,840,13745,8859,83800,47080,,msa,47080,,2014
"Vincennes, IN Micro Area",42997,38181,39.3,24982,2343,1067,14705,9735,83100,47180,,msa,47180,,2014
"Vineland-Bridgeton, NJ Metro Area",50603,157429,36.7,105379,10381,3014,50399,33568,165700,47220,,msa,47220,,2014
"Vineyard Haven, MA Micro Area",65518,16915,45.7,12674,3423,1235,5839,4552,641100,47240,,msa,47240,,2014
"Virginia Beach-Norfolk-Newport News, VA-NC Metro Area",59244,1697898,35.3,1107600,200846,91385,626974,390053,235900,47260,,msa,47260,,2014
"Visalia-Porterville, CA Metro Area",42863,451108,30.1,258046,23091,7420,132706,75974,161000,47300,,msa,47300,,2014
"Wabash, IN Micro Area",45657,32492,42.3,21968,2298,1140,12777,9689,95100,47340,,msa,47340,,2014
"Waco, TX Metro Area",41876,257241,33.4,156474,22132,7639,91389,54440,108000,47380,,msa,47380,,2014
"Wahpeton, ND-MN Micro Area",55159,22868,40.3,15039,2343,550,9379,6975,106500,47420,,msa,47420,,2014
"Walla Walla, WA Metro Area",47309,63507,37.5,41335,6512,2942,23404,14893,189100,47460,,msa,47460,,2014
"Wapakoneta, OH Micro Area",52773,45867,40.5,30989,3663,1593,18115,13468,131500,47540,,msa,47540,,2014
"Warner Robins, GA Metro Area",51404,184652,35.0,118496,15984,7785,66389,43583,128400,47580,,msa,47580,,2014
"Warren, PA Micro Area",44391,41218,46.0,29998,3598,1471,17029,13141,89300,47620,,msa,47620,,2014
"Warrensburg, MO Micro Area",49978,53879,29.6,30773,4833,2242,19912,12091,142400,47660,,msa,47660,,2014
"North Port-Sarasota-Bradenton, FL Metro Area",49875,722784,50.3,548853,96784,45611,306165,220899,169000,35840,,msa,35840,,2014
"North Vernon, IN Micro Area",44758,28223,38.8,18642,1324,625,10585,8033,91100,35860,,msa,35860,,2014
"North Wilkesboro, NC Micro Area",32157,69093,43.3,48832,4409,1580,27355,20156,110500,35900,,msa,35900,,2014
"Norwalk, OH Micro Area",49315,59186,38.3,39416,3414,1368,22507,16375,115600,35940,,msa,35940,,2014
"Norwich-New London, CT Metro Area",66693,274071,40.6,188762,32268,20343,106882,71809,247700,35980,,msa,35980,,2014
"Oak Harbor, WA Micro Area",59107,78951,43.7,56209,11449,4801,32820,22470,287600,36020,,msa,36020,,2014
"Ocala, FL Metro Area",39339,334771,47.8,246795,27759,9984,133137,101048,111500,36100,,msa,36100,,2014
"Ocean City, NJ Metro Area",57394,96286,48.0,70767,13352,5509,41069,30930,307000,36140,,msa,36140,,2014
"Odessa, TX Metro Area",54903,144932,30.9,86219,8874,2520,50214,32894,96800,36220,,msa,36220,,2014
"Ogden-Clearfield, UT Metro Area",63393,614521,30.7,358619,72104,24516,195735,147111,198200,36260,,msa,36260,,2014
"Ogdensburg-Massena, NY Micro Area",44454,112015,37.8,71897,7754,5701,41579,29367,86200,36300,,msa,36300,,2014
"Oil City, PA Micro Area",43291,54265,45.1,38947,4210,1589,22412,17109,80800,36340,,msa,36340,,2014
"Okeechobee, FL Micro Area",35490,39398,39.6,26701,1915,589,13213,9538,100900,36380,,msa,36380,,2014
"Oklahoma City, OK Metro Area",50967,1297998,34.6,836758,156570,56652,490013,316467,133700,36420,,msa,36420,,2014
"Olean, NY Micro Area",43503,79397,41.3,53522,5477,3396,31798,22808,83000,36460,,msa,36460,,2014
"Olympia-Tumwater, WA Metro Area",62286,259330,38.4,177313,35722,16178,101530,65854,241300,36500,,msa,36500,,2014
"Omaha-Council Bluffs, NE-IA Metro Area",57357,886157,34.9,573597,128043,45294,340906,225352,145900,36540,,msa,36540,,2014
"Orangeburg, SC Micro Area",33615,91262,38.7,59605,6819,3427,33836,23095,86900,36700,,msa,36700,,2014
"Oneonta, NY Micro Area",47884,61778,41.2,40158,5873,3439,23798,17601,139000,36580,,msa,36580,,2014
"Ontario, OR-ID Micro Area",39237,53398,37.0,34544,3387,1141,18453,12382,127900,36620,,msa,36620,,2014
"Opelousas, LA Micro Area",33928,83518,36.7,53562,4812,1668,30664,21554,88700,36660,,msa,36660,,2014
"Orlando-Kissimmee-Sanford, FL Metro Area",48559,2226835,36.5,1481910,281797,101422,779612,484428,156100,36740,,msa,36740,,2014
"Oshkosh-Neenah, WI Metro Area",51949,168413,37.6,111910,20564,6304,68484,45154,142100,36780,,msa,36780,,2014
"Oskaloosa, IA Micro Area",48750,22420,39.6,15014,2520,621,9084,6377,103800,36820,,msa,36820,,2014
"Othello, WA Micro Area",44533,18951,28.9,10434,942,349,5827,3776,139200,36830,,msa,36830,,2014
"Ottawa, KS Micro Area",50415,25834,38.8,17001,2372,834,9933,7112,120000,36840,,msa,36840,,2014
"Ottawa-Peru, IL Micro Area",50985,152954,42.1,106170,11659,4213,60429,45224,117400,36860,,msa,36860,,2014
"Ottumwa, IA Micro Area",42189,44171,39.5,29628,3205,1049,17693,13051,80000,36900,,msa,36900,,2014
"Owatonna, MN Micro Area",55764,36472,39.7,24349,4430,1217,14339,11011,150600,36940,,msa,36940,,2014
"Owensboro, KY Metro Area",45639,115795,39.6,77960,8464,4428,45111,31847,109100,36980,,msa,36980,,2014
"Paris, TN Micro Area",38694,32279,44.8,23119,2084,1267,13317,9802,91400,37540,,msa,37540,,2014
"Paris, TX Micro Area",41130,49704,40.5,33078,3547,1469,18965,12443,84100,37580,,msa,37580,,2014
"Parkersburg-Vienna, WV Metro Area",42223,92405,42.5,65548,7731,3053,38325,27972,103400,37620,,msa,37620,,2014
"Parsons, KS Micro Area",41434,21225,40.6,14230,1775,805,8495,5998,67700,37660,,msa,37660,,2014
"Payson, AZ Micro Area",40042,53242,48.0,38319,3724,2056,20824,15072,134100,37740,,msa,37740,,2014
"Pecos, TX Micro Area",44950,13978,35.0,9185,734,176,3705,2652,40600,37780,,msa,37780,,2014
"Pensacola-Ferry Pass-Brent, FL Metro Area",49255,462339,38.1,307856,50497,19100,169978,112375,137200,37860,,msa,37860,,2014
"Peoria, IL Metro Area",54686,380241,38.9,256475,46011,17091,152051,108641,129900,37900,,msa,37900,,2014
"Peru, IN Micro Area",43862,36394,40.3,25137,1784,747,13246,9857,85100,37940,,msa,37940,,2014
"Philadelphia-Camden-Wilmington, PA-NJ-DE-MD Metro Area",62169,6015336,38.2,4053291,832037,381996,2229039,1513966,237600,37980,,msa,37980,,2014
"Owosso, MI Micro Area",47723,69553,41.3,47424,4440,2189,27435,21027,104700,37020,,msa,37020,,2014
"Oxford, MS Micro Area",41343,50256,27.6,27312,5717,2501,16557,9825,151700,37060,,msa,37060,,2014
"Oxford, NC Micro Area",49655,57955,41.0,39614,5145,1311,19983,14920,137800,37080,,msa,37080,,2014
"Oxnard-Thousand Oaks-Ventura, CA Metro Area",77335,835790,36.9,544266,108296,43588,267829,172637,444800,37100,,msa,37100,,2014
"Ozark, AL Micro Area",44473,50013,36.6,33129,3709,1462,19470,11953,103300,37120,,msa,37120,,2014
"Paducah, KY-IL Micro Area",43028,98410,42.9,69436,8105,3794,40409,28622,105500,37140,,msa,37140,,2014
"Pahrump, NV Micro Area",41757,42938,50.3,32080,2970,1052,17803,12524,102300,37220,,msa,37220,,2014
"Palatka, FL Micro Area",32714,73191,43.9,51185,3835,1465,27842,20937,86600,37260,,msa,37260,,2014
"Palestine, TX Micro Area",42511,58084,39.1,41655,3290,1074,16610,12053,80300,37300,,msa,37300,,2014
"Palm Bay-Melbourne-Titusville, FL Metro Area",48483,548891,46.3,400434,66517,30191,221582,160380,138500,37340,,msa,37340,,2014
"Pampa, TX Micro Area",45179,22771,37.7,15208,1584,460,8403,6208,73200,37420,,msa,37420,,2014
"Panama City, FL Metro Area",46742,188769,40.1,131370,18357,6816,72769,45239,155000,37460,,msa,37460,,2014
"Paragould, AR Micro Area",39500,42970,38.2,28415,2759,1098,16610,10790,101700,37500,,msa,37500,,2014
"Phoenix-Mesa-Scottsdale, AZ Metro Area",53310,4337542,35.4,2809221,521361,209470,1550372,965620,170200,38060,,msa,38060,,2014
"Picayune, MS Micro Area",40997,55293,40.6,36867,3336,1341,20615,15714,112400,38100,,msa,38100,,2014
"Pierre, SD Micro Area",58027,21824,39.9,15110,3232,953,8974,5993,161000,38180,,msa,38180,,2014
"Pine Bluff, AR Metro Area",36856,97365,38.1,64968,6857,2318,35953,23662,79000,38220,,msa,38220,,2014
"Pinehurst-Southern Pines, NC Micro Area",50393,90579,45.1,65353,12887,5601,36947,27594,199000,38240,,msa,38240,,2014
"Pittsburg, KS Micro Area",37154,39277,32.7,23902,4360,1861,15364,9233,85000,38260,,msa,38260,,2014
"Pittsburgh, PA Metro Area",51883,2358793,42.7,1682624,320002,142606,989655,691836,128100,38300,,msa,38300,,2014
"Pittsfield, MA Metro Area",49737,130064,45.4,93321,16450,9144,55369,37953,204100,38340,,msa,38340,,2014
"Plainview, TX Micro Area",42303,35925,32.4,21539,1915,859,11644,7319,71100,38380,,msa,38380,,2014
"Platteville, WI Micro Area",47266,51272,36.4,31695,4086,1680,19472,13789,129500,38420,,msa,38420,,2014
"Plattsburgh, NY Micro Area",50985,81829,39.6,55509,6697,4303,31976,21830,125200,38460,,msa,38460,,2014
"Plymouth, IN Micro Area",47219,47032,39.0,30894,3430,1490,17468,13405,124100,38500,,msa,38500,,2014
"Pocatello, ID Metro Area",43953,83394,32.4,51204,9192,2901,30277,20850,143800,38540,,msa,38540,,2014
"Point Pleasant, WV-OH Micro Area",37934,57970,41.6,40203,3265,1415,22231,17331,87100,38580,,msa,38580,,2014
"Ponca City, OK Micro Area",41806,45781,39.1,30222,4119,1305,18272,12812,76200,38620,,msa,38620,,2014
"Ponce, PR Metro Area",16593,337919,37.3,220966,35802,7329,111021,79149,98600,38660,,msa,38660,,2014
"Pontiac, IL Micro Area",54723,38476,41.0,27055,2703,1197,14515,10578,109200,38700,,msa,38700,,2014
"Poplar Bluff, MO Micro Area",36160,42957,40.0,29368,2419,1181,16773,11089,91700,38740,,msa,38740,,2014
"Portales, NM Micro Area",36567,20065,29.2,11202,1462,803,7198,4259,115800,38780,,msa,38780,,2014
"Port Angeles, WA Micro Area",47008,72024,49.7,53946,7837,3907,30963,21509,220400,38820,,msa,38820,,2014
"Port Clinton, OH Micro Area",53599,41304,47.0,30387,4403,1631,17366,13870,135800,38840,,msa,38840,,2014
"Portland-South Portland, ME Metro Area",58000,518387,42.7,369467,86347,33713,214107,150604,232500,38860,,msa,38860,,2014
"Portland-Vancouver-Hillsboro, OR-WA Metro Area",58832,2288796,37.3,1565294,346043,139880,878078,534425,264200,38900,,msa,38900,,2014
"Port Lavaca, TX Micro Area",47546,21569,37.8,14324,1426,702,7873,5566,99600,38920,,msa,38920,,2014
"Port St. Lucie, FL Metro Area",45752,433646,46.0,315101,46878,19003,167932,124818,140400,38940,,msa,38940,,2014
"Portsmouth, OH Micro Area",36945,78520,39.4,53474,4894,2155,29558,20373,90800,39020,,msa,39020,,2014
"Pottsville, PA Micro Area",45020,147146,43.6,107318,10359,4450,59122,44420,93800,39060,,msa,39060,,2014
"Prescott, AZ Metro Area",44000,213689,50.8,160107,25274,10223,91508,64048,181100,39140,,msa,39140,,2014
"Price, UT Micro Area",46366,21118,34.3,13211,1170,386,7834,5479,123000,39220,,msa,39220,,2014
"Prineville, OR Micro Area",36158,20798,47.6,15348,1567,484,8977,6145,159800,39260,,msa,39260,,2014
"Providence-Warwick, RI-MA Metro Area",56267,1604317,40.0,1094519,197346,90010,620570,378697,253900,39300,,msa,39300,,2014
"Provo-Orem, UT Metro Area",60647,550774,24.5,268499,68145,20810,148535,100397,221100,39340,,msa,39340,,2014
"Pueblo, CO Metro Area",41974,160757,38.8,107136,14294,6720,62829,40786,137600,39380,,msa,39380,,2014
"Pullman, WA Micro Area",35578,46003,24.0,21955,5508,2764,17174,7728,179700,39420,,msa,39420,,2014
"Punta Gorda, FL Metro Area",44265,163151,56.9,131689,17501,7038,70948,55801,140900,39460,,msa,39460,,2014
"Quincy, IL-MO Micro Area",45089,77289,40.2,52584,7153,2552,30708,21887,103500,39500,,msa,39500,,2014
"Racine, WI Metro Area",55055,195039,39.5,131513,20351,8204,75078,52433,167300,39540,,msa,39540,,2014
"Raleigh, NC Metro Area",62794,1189579,35.5,774622,215220,82948,440375,291842,206600,39580,,msa,39580,,2014
"Rapid City, SD Metro Area",51041,139040,37.5,92871,16686,5730,55079,37659,157300,39660,,msa,39660,,2014
"Warsaw, IN Micro Area",52706,77790,38.0,51065,7027,3144,29414,22681,132000,47700,,msa,47700,,2014
"Washington, IN Micro Area",47104,32156,35.2,19914,1457,902,11462,8513,103400,47780,,msa,47780,,2014
"Washington, NC Micro Area",40671,47587,44.4,33797,3742,1818,18894,13264,116600,47820,,msa,47820,,2014
"Washington-Arlington-Alexandria, DC-VA-MD-WV Metro Area",91756,5863608,36.2,3948540,990408,630685,2112551,1345078,373300,47900,,msa,47900,,2014
"Washington Court House, OH Micro Area",40576,28875,40.6,19658,1889,701,11532,7071,107800,47920,,msa,47920,,2014
"Waterloo-Cedar Falls, IA Metro Area",49897,168831,35.7,107250,19112,6148,66846,46927,129300,47940,,msa,47940,,2014
"Watertown, SD Micro Area",47891,27598,37.9,18308,2896,668,11666,8024,138500,47980,,msa,47980,,2014
"Watertown-Fort Atkinson, WI Micro Area",54522,84201,38.8,56258,9045,3198,32267,23036,174600,48020,,msa,48020,,2014
"Watertown-Fort Drum, NY Metro Area",48613,118885,31.9,73749,8698,5033,44822,24989,135200,48060,,msa,48060,,2014
"Wauchula, FL Micro Area",36094,27549,33.4,17244,1257,341,7534,5402,84200,48100,,msa,48100,,2014
"Wausau, WI Metro Area",53779,134886,40.2,91917,14411,4830,53392,39247,142900,48140,,msa,48140,,2014
"Waycross, GA Micro Area",36974,54775,38.6,36303,2607,1311,20559,13757,81000,48180,,msa,48180,,2014
"Weatherford, OK Micro Area",45056,28506,30.6,16783,3126,1188,10302,6185,115100,48220,,msa,48220,,2014
"Weirton-Steubenville, WV-OH Metro Area",40973,122666,44.8,87774,9051,3670,51232,37191,85300,48260,,msa,48260,,2014
"Wenatchee, WA Metro Area",51547,112847,38.5,74450,10540,3848,41323,27855,227900,48300,,msa,48300,,2014
"Kalamazoo-Portage, MI Metro Area",46392,330439,35.4,208165,39044,17441,128220,86165,131700,28020,,msa,28020,,2014
"Kalispell, MT Micro Area",46858,92373,41.9,64068,12458,3567,37073,25985,226700,28060,,msa,28060,,2014
"Kankakee, IL Metro Area",51000,112682,37.3,73109,7800,4191,41430,28401,143100,28100,,msa,28100,,2014
"Kansas City, MO-KS Metro Area",57056,2040869,36.7,1357225,291816,120988,792793,525750,158300,28140,,msa,28140,,2014
"Kapaa, HI Micro Area",62946,68745,41.5,48229,8913,2648,22395,14046,483800,28180,,msa,28180,,2014
"Kearney, NE Micro Area",52899,53948,33.6,33110,7530,2075,20664,13451,137500,28260,,msa,28260,,2014
"Keene, NH Micro Area",56139,76596,41.7,52084,9868,4394,30659,21599,191200,28300,,msa,28300,,2014
"Kendallville, IN Micro Area",49102,47497,37.6,31142,3090,1048,17703,13382,111500,28340,,msa,28340,,2014
"Kennett, MO Micro Area",31777,31778,39.7,20895,1302,675,12727,7940,69900,28380,,msa,28380,,2014
"Kennewick-Richland, WA Metro Area",59476,266561,33.0,164129,26357,10580,90832,61537,174000,28420,,msa,28420,,2014
"Kerrville, TX Micro Area",42930,49914,47.8,35842,6638,2530,20353,14454,153100,28500,,msa,28500,,2014
"Ketchikan, AK Micro Area",61712,13676,38.8,9258,1611,423,5305,2985,261600,28540,,msa,28540,,2014
"Key West, FL Micro Area",55449,75208,46.7,58246,10495,4253,28418,17205,379700,28580,,msa,28580,,2014
"Kill Devil Hills, NC Micro Area",53399,38749,44.0,28591,5262,1828,16307,11346,269900,28620,,msa,28620,,2014
"Killeen-Temple, TX Metro Area",50671,417887,30.4,251007,34103,12740,135062,77276,120600,28660,,msa,28660,,2014
"Kingsport-Bristol-Bristol, TN-VA Metro Area",39178,308800,43.9,222005,27665,10656,129662,96099,118900,28700,,msa,28700,,2014
"Kingston, NY Metro Area",58592,181598,42.9,128233,20984,13414,69388,48242,226600,28740,,msa,28740,,2014
"Wichita, KS Metro Area",51059,636095,35.3,407194,79082,28340,241831,161056,122800,48620,,msa,48620,,2014
"West Plains, MO Micro Area",33006,40469,39.8,27164,2220,1337,16060,10951,99600,48460,,msa,48460,,2014
"Wheeling, WV-OH Metro Area",41919,146465,43.7,104973,12960,5310,60436,44372,92600,48540,,msa,48540,,2014
"Whitewater-Elkhorn, WI Micro Area",53998,102920,38.7,67249,11388,4731,39846,27096,191400,48580,,msa,48580,,2014
"Wichita Falls, TX Metro Area",45892,151202,35.2,96978,13437,4604,55317,35991,89000,48660,,msa,48660,,2014
"Williamsport, PA Metro Area",45877,116676,41.3,80224,9953,4177,46008,32189,134600,48700,,msa,48700,,2014
"Williston, ND Micro Area",82823,27066,34.3,17784,2526,560,11113,7550,174200,48780,,msa,48780,,2014
"Willmar, MN Micro Area",52043,42316,40.1,28351,4231,1275,16885,12532,162000,48820,,msa,48820,,2014
"Wilmington, NC Metro Area",48581,263804,38.7,178955,40755,13260,107330,65788,199000,48900,,msa,48900,,2014
"Wilmington, OH Micro Area",45909,41871,39.4,27598,2869,1052,16052,10464,118300,48940,,msa,48940,,2014
"Wilson, NC Micro Area",39332,81499,39.5,54646,7098,2318,32026,19225,114700,48980,,msa,48980,,2014
"Winchester, VA-WV Metro Area",51872,131082,39.9,89348,13413,6247,50504,33248,204300,49020,,msa,49020,,2014
"Winnemucca, NV Micro Area",62632,17003,35.3,10784,924,315,6092,4441,152900,49080,,msa,49080,,2014
"Winona, MN Micro Area",48476,51285,33.9,30962,5514,1970,19081,13407,154700,49100,,msa,49100,,2014
"Winston-Salem, NC Metro Area",44589,648045,39.8,438277,74064,26176,256301,175763,141900,49180,,msa,49180,,2014
"Wisconsin Rapids-Marshfield, WI Micro Area",48241,74261,43.2,52248,6349,2331,32115,23993,120000,49220,,msa,49220,,2014
"Woodward, OK Micro Area",54387,20697,36.4,13607,1788,617,7246,5196,108700,49260,,msa,49260,,2014
"Wooster, OH Micro Area",49244,114978,38.7,74748,9580,4015,42593,31189,135300,49300,,msa,49300,,2014
"Worcester, MA-CT Metro Area",64629,924722,39.7,624886,126263,58412,344842,227083,247200,49340,,msa,49340,,2014
"Worthington, MN Micro Area",50340,21589,36.8,13941,1483,387,7838,5624,107300,49380,,msa,49380,,2014
"Yakima, WA Metro Area",43956,246402,32.4,147249,14734,6168,79717,49287,157900,49420,,msa,49420,,2014
"Yankton, SD Micro Area",50044,22580,40.9,15734,2962,798,8840,6257,125300,49460,,msa,49460,,2014
"York-Hanover, PA Metro Area",58906,438052,40.6,300951,44181,17793,168278,126177,170900,49620,,msa,49620,,2014
"Youngstown-Warren-Boardman, OH-PA Metro Area",42543,559144,43.3,392521,51397,19283,230317,163084,98600,49660,,msa,49660,,2014
"Yuba City, CA Metro Area",48546,168126,33.6,104933,12359,3492,56435,33095,179100,49700,,msa,49700,,2014
"Yuma, AZ Metro Area",41380,201453,33.6,123759,11491,4330,69915,48447,113500,49740,,msa,49740,,2014
"Zanesville, OH Micro Area",40937,85947,40.1,57790,5245,2527,34160,23084,106300,49780,,msa,49780,,2014
"Zapata, TX Micro Area",30758,14231,29.0,7894,529,215,4424,3499,54000,49820,,msa,49820,,2014
"Klamath Falls, OR Micro Area",39534,65985,42.3,45596,5857,2130,27148,17855,154600,28900,,msa,28900,,2014
"Kingsville, TX Micro Area",37680,32670,28.1,18248,3035,1140,11190,5857,77100,28780,,msa,28780,,2014
"Kinston, NC Micro Area",35687,59095,41.3,40307,3917,1296,23571,14181,92600,28820,,msa,28820,,2014
"Kirksville, MO Micro Area",35153,30030,30.7,16865,2246,1173,11353,7050,99700,28860,,msa,28860,,2014
"Knoxville, TN Metro Area",44906,847765,40.3,581447,96190,38747,340980,234569,148200,28940,,msa,28940,,2014
"Laredo, TX Metro Area",38679,259471,28.1,140551,17128,4990,68502,42848,107400,29700,,msa,29700,,2014
"Las Cruces, NM Metro Area",38426,212942,32.5,127266,20692,10083,74623,48287,137300,29740,,msa,29740,,2014
"Las Vegas, NM Micro Area",28292,28899,41.8,19608,2119,1274,11306,8227,117700,29780,,msa,29780,,2014
"Las Vegas-Henderson-Paradise, NV Metro Area",52070,2003613,36.1,1332874,197268,68120,715415,379677,163100,29820,,msa,29820,,2014
"Laurel, MS Micro Area",36862,84960,37.5,55691,5567,2829,31275,23519,81000,29860,,msa,29860,,2014
"Laurinburg, NC Micro Area",30834,36034,38.8,23656,2285,893,12931,8315,78700,29900,,msa,29900,,2014
"Lawrence, KS Metro Area",50732,113703,28.7,64125,17316,9141,43834,22678,181300,29940,,msa,29940,,2014
"Lawrenceburg, TN Micro Area",37371,42084,40.0,28245,2104,917,15932,11829,98300,29980,,msa,29980,,2014
"Kokomo, IN Metro Area",42078,82914,41.2,56876,7175,3149,34386,23603,96200,29020,,msa,29020,,2014
"Laconia, NH Micro Area",60782,60252,45.5,43771,8057,3365,25010,18725,220600,29060,,msa,29060,,2014
"La Crosse-Onalaska, WI-MN Metro Area",51160,135329,36.7,87137,16333,6217,54165,36341,154700,29100,,msa,29100,,2014
"Lafayette, LA Metro Area",47174,475457,35.0,306074,44567,12708,177280,122097,127400,29180,,msa,29180,,2014
"Lafayette-West Lafayette, IN Metro Area",45364,207013,29.4,117488,21690,10461,78213,44685,125000,29200,,msa,29200,,2014
"La Grande, OR Micro Area",43265,25736,40.1,17067,2536,879,10134,6496,159800,29260,,msa,29260,,2014
"LaGrange, GA Micro Area",41906,68375,36.2,43570,4889,2178,24597,14829,118300,29300,,msa,29300,,2014
"Lake Charles, LA Metro Area",44644,201656,36.3,130920,18613,5711,77334,54378,118600,29340,,msa,29340,,2014
"Lake City, FL Micro Area",39194,67662,40.4,46229,3901,2012,23714,16985,106600,29380,,msa,29380,,2014
"Lake Havasu City-Kingman, AZ Metro Area",38456,202482,48.6,148797,11604,4584,80529,54904,124600,29420,,msa,29420,,2014
"Lakeland-Winter Haven, FL Metro Area",43063,617323,40.3,420091,53596,18197,220556,153444,107100,29460,,msa,29460,,2014
"Lamesa, TX Micro Area",39746,13593,33.1,8811,667,199,4363,3109,58800,29500,,msa,29500,,2014
"Lancaster, PA Metro Area",57120,526839,38.3,347425,56043,21696,194503,134904,187300,29540,,msa,29540,,2014
"Lansing-East Lansing, MI Metro Area",50155,467122,34.8,292727,54435,25262,181936,117966,129700,29620,,msa,29620,,2014
"Laramie, WY Micro Area",42298,37220,27.0,20358,5527,2609,15440,7729,205300,29660,,msa,29660,,2014
"Lawton, OK Metro Area",46283,131804,31.7,81809,11090,3954,46524,26582,111800,30020,,msa,30020,,2014
"Lebanon, MO Micro Area",38693,35544,39.3,23992,2289,822,13745,9679,99900,30060,,msa,30060,,2014
"Lebanon, PA Metro Area",56173,135184,41.1,92605,11590,4981,51793,37002,164500,30140,,msa,30140,,2014
"Levelland, TX Micro Area",50485,23205,32.6,14054,1592,547,8122,5647,79300,30220,,msa,30220,,2014
"Lewisburg, PA Micro Area",48827,44955,38.5,30539,3961,1483,15058,10873,154000,30260,,msa,30260,,2014
"Lewisburg, TN Micro Area",41822,30977,39.8,21035,2157,441,11724,8644,111000,30280,,msa,30280,,2014
"Lewiston, ID-WA Metro Area",44993,61610,42.5,42827,6124,2062,25564,17517,167100,30300,,msa,30300,,2014
"Lewiston-Auburn, ME Metro Area",45765,107470,40.4,73811,10077,3520,44391,28461,152800,30340,,msa,30340,,2014
"Lewistown, PA Micro Area",40947,46705,43.3,32633,2695,922,18822,13608,96700,30380,,msa,30380,,2014
"Lexington, NE Micro Area",48180,26202,37.0,16717,1811,525,9480,6532,90700,30420,,msa,30420,,2014
"Lexington-Fayette, KY Metro Area",49997,483997,35.5,316082,64546,29061,192393,113544,163000,30460,,msa,30460,,2014
"Liberal, KS Micro Area",48621,23319,29.2,13234,1133,434,7442,4897,88900,30580,,msa,30580,,2014
"Lima, OH Metro Area",43648,105562,38.2,69276,6961,3676,40191,27189,106200,30620,,msa,30620,,2014
"Lincoln, IL Micro Area",49882,30047,39.6,21039,2414,796,10908,7557,97500,30660,,msa,30660,,2014
"Lincoln, NE Metro Area",52291,310665,33.1,192429,45243,15017,122757,73841,149700,30700,,msa,30700,,2014
"Little Rock-North Little Rock-Conway, AR Metro Area",49179,716849,36.0,472813,86080,30603,274285,179151,136400,30780,,msa,30780,,2014
"Lock Haven, PA Micro Area",44329,39611,38.4,25099,2816,1117,14947,10703,113800,30820,,msa,30820,,2014
"Logan, UT-ID Metro Area",49915,128807,25.7,65892,14888,4988,39746,26575,185700,30860,,msa,30860,,2014
"Logan, WV Micro Area",37312,36169,42.3,26006,1403,704,14444,10855,80500,30880,,msa,30880,,2014
"Logansport, IN Micro Area",41356,38730,39.5,25940,2274,1004,14759,11003,81100,30900,,msa,30900,,2014
"London, KY Micro Area",32354,126949,38.2,84612,5886,2837,48639,32836,82100,30940,,msa,30940,,2014
"Longview, TX Metro Area",46615,216746,37.2,142244,16947,5495,77524,53035,109300,30980,,msa,30980,,2014
"Manitowoc, WI Micro Area",48629,80805,44.0,57173,7953,2474,33917,25714,124900,31820,,msa,31820,,2014
"Mankato-North Mankato, MN Metro Area",54112,97643,31.6,59000,12564,3826,37129,25346,163300,31860,,msa,31860,,2014
"Mansfield, OH Metro Area",42042,122813,41.2,85359,9043,3287,48211,33204,102400,31900,,msa,31900,,2014
"Marietta, OH Micro Area",43512,61473,43.5,43394,4872,1785,24923,18790,108200,31930,,msa,31930,,2014
"Marinette, WI-MI Micro Area",41342,65326,46.9,47511,4886,1466,29087,22865,102800,31940,,msa,31940,,2014
"Marion, IN Micro Area",39885,69313,39.9,45255,4692,2367,26829,18780,80200,31980,,msa,31980,,2014
"Longview, WA Metro Area",46571,102072,40.7,69753,6951,2967,39765,26290,175200,31020,,msa,31020,,2014
"Los Alamos, NM Micro Area",105989,17974,43.1,12667,3209,2296,7495,5619,280700,31060,,msa,31060,,2014
"Los Angeles-Long Beach-Anaheim, CA Metro Area",60337,13060534,35.6,8601481,1776846,622144,4244676,2087061,454200,31080,,msa,31080,,2014
"Louisville/Jefferson County, KY-IN Metro Area",50386,1253305,38.5,851207,137935,64914,491885,331957,148000,31140,,msa,31140,,2014
"Lubbock, TX Metro Area",45337,298578,30.8,175583,30617,11433,111251,64151,107800,31180,,msa,31180,,2014
"Ludington, MI Micro Area",42156,28705,45.5,20476,2624,1151,12133,9102,118600,31220,,msa,31220,,2014
"Lufkin, TX Micro Area",42374,87433,36.4,56229,5809,2275,30840,20377,86000,31260,,msa,31260,,2014
"Lumberton, NC Micro Area",30581,134913,35.0,84351,7307,2316,45446,29097,67600,31300,,msa,31300,,2014
"Lynchburg, VA Metro Area",46913,255440,40.1,169329,26604,10622,98815,70396,162000,31340,,msa,31340,,2014
"Macomb, IL Micro Area",37959,32388,29.9,18090,3345,1676,12553,7757,87100,31380,,msa,31380,,2014
"Macon, GA Metro Area",39609,231956,37.6,151939,19903,8165,84303,51997,120400,31420,,msa,31420,,2014
"Madera, CA Metro Area",45490,152452,33.3,93891,8858,2452,42723,25930,179100,31460,,msa,31460,,2014
"Madison, IN Micro Area",45306,32447,41.0,21900,2286,1080,12746,9088,112500,31500,,msa,31500,,2014
"Madison, WI Metro Area",61227,620368,35.8,410228,104717,45313,255724,157870,217500,31540,,msa,31540,,2014
"Madisonville, KY Micro Area",42404,46684,40.3,32310,2471,1691,18533,13351,87200,31580,,msa,31580,,2014
"Magnolia, AR Micro Area",37509,24400,35.8,15088,2151,919,9509,6476,78500,31620,,msa,31620,,2014
"Malone, NY Micro Area",47110,51508,39.9,36039,3285,2543,19131,13711,98500,31660,,msa,31660,,2014
"Malvern, AR Micro Area",41353,33277,40.2,23155,2173,962,12027,8566,83300,31680,,msa,31680,,2014
"Manchester-Nashua, NH Metro Area",70906,402776,39.9,276792,62701,27810,154236,103198,245900,31700,,msa,31700,,2014
"Manhattan, KS Metro Area",48097,96816,25.9,50421,12007,5743,34271,17355,166700,31740,,msa,31740,,2014
"Marion, NC Micro Area",36271,44982,42.8,31907,2974,1042,17142,12027,101300,32000,,msa,32000,,2014
"Marion, OH Micro Area",42904,66171,40.4,46232,3460,1705,24586,16819,97400,32020,,msa,32020,,2014
"Marquette, MI Micro Area",45066,67535,39.3,44860,8779,2866,26693,18539,127200,32100,,msa,32100,,2014
"Marshall, MN Micro Area",51182,25724,34.8,16227,3220,868,10076,6805,134700,32140,,msa,32140,,2014
"Marshall, MO Micro Area",39027,23363,37.9,15256,1780,764,8865,5983,85500,32180,,msa,32180,,2014
"Marshall, TX Micro Area",46969,66971,36.9,43262,5787,1787,23544,17476,110900,32220,,msa,32220,,2014
"Marshalltown, IA Micro Area",52354,40922,38.6,27157,3907,1135,15354,11249,104200,32260,,msa,32260,,2014
"Martin, TN Micro Area",35845,34699,36.8,21828,2935,824,13654,8992,92400,32280,,msa,32280,,2014
"Martinsville, VA Micro Area",33417,66705,45.2,47907,3906,1505,28446,19940,92900,32300,,msa,32300,,2014
"Maryville, MO Micro Area",36237,23296,28.3,12650,1810,791,8636,4747,110100,32340,,msa,32340,,2014
"Mason City, IA Micro Area",45542,51274,43.9,36349,5441,1533,23058,16784,110100,32380,,msa,32380,,2014
"Mayagüez, PR Metro Area",16333,102448,39.1,67356,9732,2827,36970,22905,101000,32420,,msa,32420,,2014
"Mayfield, KY Micro Area",39529,37451,40.3,25360,2573,1247,14284,10573,89200,32460,,msa,32460,,2014
"Maysville, KY Micro Area",39783,17398,40.9,11792,799,673,6636,4567,102600,32500,,msa,32500,,2014
"McAlester, OK Micro Area",41339,45220,41.1,31584,3260,1360,18477,13258,89400,32540,,msa,32540,,2014
"McAllen-Edinburg-Mission, TX Metro Area",34952,806447,28.6,443037,52084,14743,221150,150221,78900,32580,,msa,32580,,2014
"McComb, MS Micro Area",31322,53166,39.3,34846,3095,1718,19882,14219,77500,32620,,msa,32620,,2014
"Boston, MA Metro Division; Boston-Cambridge-Newton, MA-NH Metro Area",70181,1931560,37.2,1314269,320350,161191,729965,419603,365100,14460,14454,division,14454,14460,2014
"Cambridge-Newton-Framingham, MA Metro Division; Boston-Cambridge-Newton, MA-NH Metro Area",78251,2297227,39.2,1587843,394608,240106,870705,545674,385000,14460,15764,division,15764,14460,2014
"Rockingham County-Strafford County, NH Metro Division; Boston-Cambridge-Newton, MA-NH Metro Area",73068,422089,41.5,290661,67448,30297,164175,120441,263500,14460,40484,division,40484,14460,2014
"Chicago-Naperville-Arlington Heights, IL Metro Division; Chicago-Naperville-Elgin, IL-IN-WI Metro Area",60978,7312675,36.2,4879156,1079786,494597,2663524,1682070,227900,16980,16974,division,16984,16980,2014
"Elgin, IL Metro Division; Chicago-Naperville-Elgin, IL-IN-WI Metro Area",66913,626793,34.6,390744,79333,34181,208690,149894,206000,16980,20994,division,20994,16980,2014
"Gary, IN Metro Division; Chicago-Naperville-Elgin, IL-IN-WI Metro Area",52478,706542,38.2,468678,65528,24876,261927,187272,144600,16980,23844,division,29414,16980,2014
"Lake County-Kenosha County, IL-WI Metro Division; Chicago-Naperville-Elgin, IL-IN-WI Metro Area",71585,870438,37.2,559862,132215,63121,304419,223506,224500,16980,29404,division,29404,16980,2014
"Dallas-Plano-Irving, TX Metro Division; Dallas-Fort Worth-Arlington, TX Metro Area",59922,4426578,33.9,2804887,629760,242572,1561488,922072,161000,19100,19124,division,19124,19100,2014
"Fort Worth-Arlington, TX Metro Division; Dallas-Fort Worth-Arlington, TX Metro Area",57960,2276442,34.6,1447704,279575,96049,808567,516612,137100,19100,23104,division,23104,19100,2014
"Warren-Troy-Farmington Hills, MI Metro Division; Detroit-Warren-Dearborn, MI Metro Area",60606,2502569,40.9,1730052,347819,170744,989276,729344,151600,19820,47664,division,47664,19820,2014
"Detroit-Dearborn-Livonia, MI Metro Division; Detroit-Warren-Dearborn, MI Metro Area",41421,1790078,37.7,1172375,153745,75168,667553,426418,83200,19820,19804,division,19804,19820,2014
"Anaheim-Santa Ana-Irvine, CA Metro Division; Los Angeles-Long Beach-Anaheim, CA Metro Area",75998,3086331,36.7,2043735,494995,179886,1002285,583146,532300,31080,11244,division,11244,31080,2014
"Los Angeles-Long Beach-Glendale, CA Metro Division; Los Angeles-Long Beach-Anaheim, CA Metro Area",55870,9974203,35.3,6557746,1281851,442258,3242391,1503915,425100,31080,31084,division,31084,31080,2014
"Fort Lauderdale-Pompano Beach-Deerfield Beach, FL Metro Division; Miami-Fort Lauderdale-West Palm Beach, FL Metro Area",51574,1815269,39.8,1262414,245152,91946,667578,430676,177300,33100,22744,division,22744,33100,2014
"Miami-Miami Beach-Kendall, FL Metro Division; Miami-Fort Lauderdale-West Palm Beach, FL Metro Area",43099,2600861,38.8,1799044,300700,105829,833541,458132,194100,33100,33124,division,33124,33100,2014
"West Palm Beach-Boca Raton-Delray Beach, FL Metro Division; Miami-Fort Lauderdale-West Palm Beach, FL Metro Area",52878,1359074,43.9,978030,199944,78306,529729,371761,194600,33100,48424,division,48424,33100,2014
"Dutchess County-Putnam County, NY Metro Division; New York-Newark-Jersey City, NY-NJ-PA Metro Area",77401,397085,41.3,270743,51987,32295,141062,102497,300100,35620,20524,division,20524,35620,2014
"Nassau County-Suffolk County, NY Metro Division; New York-Newark-Jersey City, NY-NJ-PA Metro Area",92876,2850974,40.8,1945410,403056,238849,938692,748451,408800,35620,35004,division,35004,35620,2014
"Newark, NJ-PA Metro Division; New York-Newark-Jersey City, NY-NJ-PA Metro Area",76570,2491176,39.5,1689104,396188,188298,881532,565027,368500,35620,35084,division,35084,35620,2014
"New York-Jersey City-White Plains, NY-NJ Metro Division; New York-Newark-Jersey City, NY-NJ-PA Metro Area",61002,14125810,36.9,9639935,2089645,1010429,5143717,2278256,414100,35620,35614,division,35614,35620,2014
"Camden, NJ Metro Division; Philadelphia-Camden-Wilmington, PA-NJ-DE-MD Metro Area",71333,1252492,39.5,849991,175444,65317,456292,337738,222800,37980,15804,division,15804,37980,2014
"Montgomery County-Bucks County-Chester County, PA Metro Division; Philadelphia-Camden-Wilmington, PA-NJ-DE-MD Metro Area",80347,1941999,41.2,1342220,344718,169659,725218,542384,303200,37980,33874,division,33874,37980,2014
"Philadelphia, PA Metro Division; Philadelphia-Camden-Wilmington, PA-NJ-DE-MD Metro Area",43083,2107695,34.8,1384043,221303,104952,784868,449913,165600,37980,37964,division,37964,37980,2014
"Wilmington, DE-MD-NJ Metro Division; Philadelphia-Camden-Wilmington, PA-NJ-DE-MD Metro Area",64527,713150,38.0,477037,90572,42068,262661,183931,238600,37980,48864,division,48864,37980,2014
"Oakland-Hayward-Berkeley, CA Metro Division; San Francisco-Oakland-Hayward, CA Metro Area",76183,2640540,37.6,1796081,446508,196689,931917,538798,472300,41860,36084,division,36084,41860,2014
"San Francisco-Redwood City-South San Francisco, CA Metro Division; San Francisco-Oakland-Hayward, CA Metro Area",84286,1568909,39.0,1169321,348969,147439,607515,281011,748600,41860,41884,division,41884,41860,2014
"San Rafael, CA Metro Division; San Francisco-Oakland-Hayward, CA Metro Area",91529,256802,45.1,188590,58107,27681,103034,64490,785100,41860,42034,division,42034,41860,2014
"Seattle-Bellevue-Everett, WA Metro Division; Seattle-Tacoma-Bellevue, WA Metro Area",72018,2744348,37.2,1901153,512783,207658,1080243,645281,347200,42660,42644,division,42644,42660,2014
"Tacoma-Lakewood, WA Metro Division; Seattle-Tacoma-Bellevue, WA Metro Area",59711,812689,35.8,533690,83469,32518,301364,184299,233800,42660,45104,division,45104,42660,2014
"Silver Spring-Frederick-Rockville, MD Metro Division; Washington-Arlington-Alexandria, DC-VA-MD-WV Metro Area",95427,1244340,38.5,849481,219732,145502,449867,306523,405700,47900,43524,division,23224,47900,2014
"Washington-Arlington-Alexandria, DC-VA-MD-WV Metro Division; Washington-Arlington-Alexandria, DC-VA-MD-WV Metro Area",90795,4619268,35.6,3099059,770676,485183,1662684,1038555,364100,47900,47894,division,47894,47900,2014
"Big Stone Gap, VA Micro Area",38175,42456,40.9,30271,2981,1279,16553,10761,86200,13720,,msa,13720,,2019
"Billings, MT Metro Area",61278,179071,39.5,123540,27044,8106,74670,51900,227900,13740,,msa,13740,,2019
"Binghamton, NY Metro Area",54295,241874,40.8,162760,25322,15403,98579,66598,117600,13780,,msa,13780,,2019
"Birmingham-Hoover, AL Metro Area",57447,1085330,38.5,742599,146273,57595,417562,287678,165200,13820,,msa,13820,,2019
"Bismarck, ND Metro Area",71398,127503,37.3,87141,21167,5475,53810,37367,249000,13900,,msa,13900,,2019
"Blackfoot, ID Micro Area",55472,45839,33.6,27543,4103,1180,14989,11510,160100,13940,,msa,13940,,2019
"Blacksburg-Christiansburg, VA Metro Area",55065,166785,33.5,101838,18247,10743,62701,37911,182600,13980,,msa,13980,,2019
"Bloomington, IL Metro Area",67675,172578,33.1,104831,30723,12080,65845,42551,167000,14010,,msa,14010,,2019
"Bloomington, IN Metro Area",49798,167296,31.1,99455,21794,13161,64400,38056,166400,14020,,msa,14020,,2019
"Bloomsburg-Berwick, PA Metro Area",51745,83974,41.5,57027,8391,3962,33776,23231,158300,14100,,msa,14100,,2019
"Bluefield, WV-VA Micro Area",41715,107910,44.2,77909,8785,3400,44114,31776,98800,14140,,msa,14140,,2019
"Blytheville, AR Micro Area",39962,42126,36.6,27251,2369,982,16389,9237,84500,14180,,msa,14180,,2019
"Bogalusa, LA Micro Area",37570,46435,39.4,31520,2416,1095,17613,11875,101000,14220,,msa,14220,,2019
"Boise City, ID Metro Area",60568,710743,36.3,466995,99679,34428,260369,181466,239900,14260,,msa,14260,,2019
"Bonham, TX Micro Area",54648,34537,41.3,24275,2684,1149,12453,9117,123100,14300,,msa,14300,,2019
"Boone, NC Micro Area",47526,54925,31.9,31752,7693,3538,21077,12658,238000,14380,,msa,14380,,2019
"Borger, TX Micro Area",52524,21344,38.0,13977,1531,287,6929,5566,78800,14420,,msa,14420,,2019
"Boston-Cambridge-Newton, MA-NH Metro Area",90333,4832346,38.7,3377364,879504,514967,1831217,1130182,437500,14460,,msa,14460,,2019
"Boulder, CO Metro Area",83019,322510,36.6,212755,72262,40006,127415,79273,497300,14500,,msa,14500,,2019
"Bowling Green, KY Metro Area",49700,174498,35.1,110230,17808,8158,65672,41509,151000,14540,,msa,14540,,2019
"Bozeman, MT Micro Area",66397,108063,33.4,68995,22434,7957,43777,26781,357100,14580,,msa,14580,,2019
"Bradford, PA Micro Area",48647,41401,43.2,29394,3552,1528,17147,12699,80400,14620,,msa,14620,,2019
"Brainerd, MN Micro Area",55154,93485,45.9,67225,10709,3935,39984,31256,197200,14660,,msa,14660,,2019
"Branson, MO Micro Area",46031,55114,42.2,37980,5143,1804,22272,13740,139800,14700,,msa,14700,,2019
"Breckenridge, CO Micro Area",79277,30649,39.1,23359,8795,2462,10641,6970,579600,14720,,msa,14720,,2019
"Bremerton-Silverdale-Port Orchard, WA Metro Area",75411,265882,39.1,184816,40043,15717,103913,70456,329900,14740,,msa,14740,,2019
"Brenham, TX Micro Area",54971,35163,41.5,23488,4410,1281,12625,9358,179100,14780,,msa,14780,,2019
"Brevard, NC Micro Area",50212,33775,51.1,25637,5006,2481,14567,11072,221900,14820,,msa,14820,,2019
"Bridgeport-Stamford-Norwalk, CT Metro Area",95645,943926,40.6,643285,172191,100347,340189,228111,428500,14860,,msa,14860,,2019
"Brookhaven, MS Micro Area",42606,34320,38.9,23257,2248,1084,12699,9568,99500,15020,,msa,15020,,2019
"Brookings, OR Micro Area",48440,22650,56.3,18304,2720,1187,10546,7526,265400,15060,,msa,15060,,2019
"Brookings, SD Micro Area",58136,34601,27.0,18487,4873,1558,12896,7628,179000,15100,,msa,15100,,2019
"Brownsville, TN Micro Area",37905,17623,42.0,12196,729,449,7181,4177,100700,15140,,msa,15140,,2019
"Brownsville-Harlingen, TX Metro Area",38758,421666,31.7,246971,29859,9510,124605,82097,85800,15180,,msa,15180,,2019
"Brownwood, TX Micro Area",48365,37855,41.5,26066,3605,1039,14409,10441,102500,15220,,msa,15220,,2019
"Brunswick, GA Metro Area",50671,117400,42.7,82957,12412,5869,46984,31641,155300,15260,,msa,15260,,2019
"Bucyrus-Galion, OH Micro Area",44971,41821,43.0,29452,2709,1293,17782,12390,88400,15340,,msa,15340,,2019
"Buffalo-Cheektowaga, NY Metro Area",57621,1130175,40.8,796707,146777,84748,478104,314126,148500,15380,,msa,15380,,2019
"Burley, ID Micro Area",53116,44395,34.1,26934,3131,1017,14961,10740,154900,15420,,msa,15420,,2019
"Burlington, IA-IL Micro Area",51667,46195,43.9,32505,4506,1503,19868,14324,104100,15460,,msa,15460,,2019
"Burlington, NC Metro Area",49688,163324,39.1,109872,19098,5843,64439,41994,154800,15500,,msa,15500,,2019
"Burlington-South Burlington, VT Metro Area",71413,218784,37.8,146712,39250,18200,87679,57745,275600,15540,,msa,15540,,2019
"Butte-Silver Bow, MT Micro Area",45718,34770,40.0,23738,4439,1495,14960,10308,149800,15580,,msa,15580,,2019
"Cadillac, MI Micro Area",47193,48284,42.3,33517,3855,1414,19018,14809,111900,15620,,msa,15620,,2019
"Calhoun, GA Micro Area",45865,57202,38.4,38159,3334,1648,20561,13394,136000,15660,,msa,15660,,2019
"California-Lexington Park, MD Metro Area",89845,112290,36.7,74327,14049,7830,40552,28811,301300,15680,,msa,15680,,2019
"Cambridge, MD Micro Area",52917,32138,44.6,23058,3040,1292,13183,8969,183300,15700,,msa,15700,,2019
"Cambridge, OH Micro Area",45917,39111,42.2,27344,2448,1174,16220,11591,114700,15740,,msa,15740,,2019
"Camden, AR Micro Area",37220,29022,43.4,20097,1699,874,11508,8245,74200,15780,,msa,15780,,2019
"Campbellsville, KY Micro Area",41514,36550,40.0,24625,2278,1413,14270,9198,107200,15820,,msa,15820,,2019
"Cañon City, CO Micro Area",49409,47321,45.1,36942,4102,2150,17136,12858,174000,15860,,msa,15860,,2019
"Canton-Massillon, OH Metro Area",53978,399736,42.3,279417,39186,17467,164758,113546,133900,15940,,msa,15940,,2019
"Cape Coral-Fort Myers, FL Metro Area",57832,737468,48.5,554846,97615,40004,275965,199589,224800,15980,,msa,15980,,2019
"Cheyenne, WY Metro Area",66910,98320,37.0,66602,11855,5195,39683,27692,227900,16940,,msa,16940,,2019
"Chicago-Naperville-Elgin, IL-IN-WI Metro Area",71770,9508605,37.5,6450269,1486322,704759,3514621,2266961,239600,16980,,msa,16980,,2019
"Cape Girardeau, MO-IL Metro Area",51429,96976,37.8,63657,10647,4578,36341,24529,150800,16020,,msa,16020,,2019
"Carbondale-Marion, IL Metro Area",45052,137573,37.9,91835,13428,7886,55215,34862,111800,16060,,msa,16060,,2019
"Carlsbad-Artesia, NM Micro Area",65328,57732,35.2,37245,3733,1995,21251,14768,155900,16100,,msa,16100,,2019
"Carroll, IA Micro Area",59212,20281,42.0,13762,2354,556,8726,6617,138900,16140,,msa,16140,,2019
"Carson City, NV Metro Area",55718,54773,42.4,39324,5629,1957,22755,12915,273800,16180,,msa,16180,,2019
"Casper, WY Metro Area",62772,80333,36.9,54369,7900,3317,32799,22363,208700,16220,,msa,16220,,2019
"Cedar City, UT Micro Area",51807,51213,29.1,28649,5806,1724,17015,10884,213600,16260,,msa,16260,,2019
"Cedar Rapids, IA Metro Area",64687,270056,38.4,182981,40046,12621,109313,82000,155800,16300,,msa,16300,,2019
"Cedartown, GA Micro Area",44891,41908,37.0,27499,1967,1162,15038,9712,110700,16340,,msa,16340,,2019
"Celina, OH Micro Area",62952,40884,39.6,27005,3067,1691,16234,12503,153800,16380,,msa,16380,,2019
"Central City, KY Micro Area",43590,30951,42.4,21740,1711,790,11351,9039,93900,16420,,msa,16420,,2019
"Centralia, IL Micro Area",47519,37743,42.2,26236,2575,1105,15946,11730,77900,16460,,msa,16460,,2019
"Centralia, WA Micro Area",53484,78145,43.1,55519,6132,3037,30618,21630,209600,16500,,msa,16500,,2019
"Chambersburg-Waynesboro, PA Metro Area",63379,154147,41.6,107506,13811,6987,60438,43021,180400,16540,,msa,16540,,2019
"Champaign-Urbana, IL Metro Area",53641,226323,30.9,133548,28383,18796,89061,49156,159700,16580,,msa,16580,,2019
"Charleston, WV Metro Area",45225,264113,43.4,189968,24085,11256,110818,79202,107600,16620,,msa,16620,,2019
"Charleston-Mattoon, IL Micro Area",48142,62189,37.0,40576,5740,2860,25225,16247,101500,16660,,msa,16660,,2019
"Charleston-North Charleston, SC Metro Area",63649,774508,37.2,535023,123181,47840,291427,192948,236700,16700,,msa,16700,,2019
"Charlotte-Concord-Gastonia, NC-SC Metro Area",63217,2545560,37.5,1718444,402990,154376,952806,625673,200000,16740,,msa,16740,,2019
"Charlottesville, VA Metro Area",72697,215445,38.3,147219,36288,21283,84003,53435,291100,16820,,msa,16820,,2019
"Chattanooga, TN-GA Metro Area",53126,556209,40.4,390571,68482,26537,219166,147049,163100,16860,,msa,16860,,2019
"Chico, CA Metro Area",52537,225817,37.1,147509,26518,8461,85320,50331,271700,17020,,msa,17020,,2019
"Chillicothe, OH Micro Area",51092,76948,41.0,54514,5515,2358,28802,20428,123800,17060,,msa,17060,,2019
"Cincinnati, OH-KY-IN Metro Area",63987,2201741,37.9,1477106,309835,137736,861242,572079,168900,17140,,msa,17140,,2019
"Clarksburg, WV Micro Area",51552,93332,42.8,67018,9272,4106,36397,27545,116200,17220,,msa,17220,,2019
"Clarksdale, MS Micro Area",29121,23255,34.8,14443,1501,702,8782,4442,68300,17260,,msa,17260,,2019
"Clarksville, TN-KY Metro Area",53027,299470,31.1,184466,29759,12517,109408,64272,154600,17300,,msa,17300,,2019
"Clearlake, CA Micro Area",47040,64195,45.6,46426,4659,1728,25660,17034,219400,17340,,msa,17340,,2019
"Cleveland, MS Micro Area",29854,31848,35.6,20618,3005,1315,12111,6491,96100,17380,,msa,17380,,2019
"Cleveland, TN Metro Area",49921,122563,40.3,84314,11002,4604,47575,31785,156300,17420,,msa,17420,,2019
"Cleveland-Elyria, OH Metro Area",56008,2056898,41.3,1441913,272279,125137,861912,559157,151600,17460,,msa,17460,,2019
"Clewiston, FL Micro Area",40820,40732,34.0,25671,1371,623,12527,8185,94500,17500,,msa,17500,,2019
"Clinton, IA Micro Area",51688,46909,42.2,32650,4037,1288,19635,14385,118100,17540,,msa,17540,,2019
"Clovis, NM Micro Area",45092,49732,31.5,30534,3915,1578,18548,10576,125000,17580,,msa,17580,,2019
"Coamo, PR Micro Area",19692,38906,41.7,27763,4591,1052,13104,10121,90700,17620,,msa,17620,,2019
"Coco, PR Micro Area",18189,28109,40.9,19204,2588,586,10036,8049,83100,17640,,msa,17640,,2019
"Coeur d'Alene, ID Metro Area",57242,157322,40.2,108997,18175,6826,62304,43861,260300,17660,,msa,17660,,2019
"Coffeyville, KS Micro Area",45157,32521,40.3,21944,3043,926,13576,9337,76200,17700,,msa,17700,,2019
"Coldwater, MI Micro Area",51947,43513,41.2,30314,3048,1059,16650,12358,109800,17740,,msa,17740,,2019
"College Station-Bryan, TX Metro Area",50240,258029,27.8,142800,29395,13716,92666,47650,186800,17780,,msa,17780,,2019
"Colorado Springs, CO Metro Area",68687,723498,34.6,470846,110796,55390,267755,173128,275700,17820,,msa,17820,,2019
"Columbia, MO Metro Area",54808,205369,32.1,125773,30789,14212,80487,46627,175400,17860,,msa,17860,,2019
"Columbia, SC Metro Area",55971,824278,36.6,544855,109438,50353,312401,212045,154400,17900,,msa,17900,,2019
"Columbus, GA-AL Metro Area",47571,319402,35.4,210738,30423,14537,118780,66447,142800,17980,,msa,17980,,2019
"Cullman, AL Micro Area",44918,82853,40.8,57726,5121,2251,31034,23216,128600,18980,,msa,18980,,2019
"Columbus, IN Metro Area",63431,82481,37.8,55986,10923,6598,31452,22470,153500,18020,,msa,18020,,2019
"Columbus, MS Micro Area",50441,59150,37.1,39309,5821,2497,22436,14253,134200,18060,,msa,18060,,2019
"Columbus, NE Micro Area",62305,33174,38.4,21770,3159,1198,12947,9381,149700,18100,,msa,18100,,2019
"Columbus, OH Metro Area",65150,2077761,36.0,1394022,326275,134535,794449,488592,184800,18140,,msa,18140,,2019
"Concord, NH Micro Area",75737,149917,42.8,106647,21824,11962,58452,41953,237600,18180,,msa,18180,,2019
"Connersville, IN Micro Area",46175,23194,42.8,16222,1476,566,9584,6662,81900,18220,,msa,18220,,2019
"Cookeville, TN Micro Area",41913,111197,38.8,74320,10063,4406,45130,30125,151400,18260,,msa,18260,,2019
"Coos Bay, OR Micro Area",45051,63686,48.6,47579,5212,2492,27025,17798,198100,18300,,msa,18300,,2019
"Cordele, GA Micro Area",36042,22713,38.5,15141,1356,511,8585,4678,83100,18380,,msa,18380,,2019
"Corinth, MS Micro Area",42086,37090,39.7,25524,2755,1183,14649,10064,102700,18420,,msa,18420,,2019
"Cornelia, GA Micro Area",50563,44626,39.7,30284,3237,1690,15139,11848,150500,18460,,msa,18460,,2019
"Corning, NY Micro Area",53663,96422,42.9,68086,8272,6096,39861,28995,99600,18500,,msa,18500,,2019
"Corpus Christi, TX Metro Area",56013,428548,35.5,278424,38308,14131,152349,90662,135900,18580,,msa,18580,,2019
"Corsicana, TX Micro Area",48529,48995,38.1,31966,3333,1464,17338,11947,97600,18620,,msa,18620,,2019
"Cortland, NY Micro Area",56023,47865,36.4,30113,4711,2896,17745,11648,123800,18660,,msa,18660,,2019
"Corvallis, OR Metro Area",62077,91107,33.0,55359,16168,8399,35718,20438,331300,18700,,msa,18700,,2019
"Coshocton, OH Micro Area",46606,36585,41.3,25333,2236,1005,14476,10709,99200,18740,,msa,18740,,2019
"Craig, CO Micro Area",57229,13127,36.6,8893,989,410,5366,3475,182300,18780,,msa,18780,,2019
"Crawfordsville, IN Micro Area",55522,38287,40.2,26020,3307,1077,15382,11005,125700,18820,,msa,18820,,2019
"Crescent City, CA Micro Area",45283,27495,39.5,19644,1711,683,9945,6273,218800,18860,,msa,18860,,2019
"Crestview-Fort Walton Beach-Destin, FL Metro Area",62161,272056,38.6,190106,37022,15869,105382,69926,221300,18880,,msa,18880,,2019
"Crossville, TN Micro Area",45958,59216,51.0,44938,5097,2401,25801,20011,153200,18900,,msa,18900,,2019
"Decatur, IN Micro Area",52504,35376,33.5,21240,2327,849,12481,9623,129300,19540,,msa,19540,,2019
"Defiance, OH Micro Area",59931,38160,40.4,25904,3047,1191,15297,11669,119900,19580,,msa,19580,,2019
"Del Rio, TX Micro Area",46147,48969,31.8,29502,3800,1272,15779,10021,103400,19620,,msa,19620,,2019
"Deltona-Daytona Beach-Ormond Beach, FL Metro Area",50360,646288,47.5,481181,75207,29091,258616,184233,184200,19660,,msa,19660,,2019
"Deming, NM Micro Area",29360,24083,37.1,15383,1184,602,8904,5422,86900,19700,,msa,19700,,2019
"Denver-Aurora-Lakewood, CO Metro Area",79664,2892066,36.5,1999290,554780,236837,1112126,710638,380900,19740,,msa,19740,,2019
"DeRidder, LA Micro Area",53209,37043,37.4,24684,2958,1154,13520,10474,127500,19760,,msa,19760,,2019
"Des Moines-West Des Moines, IA Metro Area",70126,680439,36.2,452383,115068,35036,266943,186059,182400,19780,,msa,19780,,2019
"Detroit-Warren-Dearborn, MI Metro Area",60984,4317848,40.0,2988000,558105,284577,1703819,1175462,170000,19820,,msa,19820,,2019
"Dickinson, ND Micro Area",72123,32003,34.5,21042,3492,833,12907,7950,237800,19860,,msa,19860,,2019
"Dixon, IL Micro Area",58194,34389,43.2,24978,2819,1397,13788,9971,119900,19940,,msa,19940,,2019
"Dodge City, KS Micro Area",51711,34179,32.2,20338,2293,959,11344,6978,112500,19980,,msa,19980,,2019
"Cullowhee, NC Micro Area",45288,57198,38.6,37209,5636,2810,22393,14804,182000,19000,,msa,19000,,2019
"Cumberland, MD-WV Metro Area",47330,98612,42.5,69290,7225,4061,38315,27158,127400,19060,,msa,19060,,2019
"Dallas-Fort Worth-Arlington, TX Metro Area",70281,7320663,34.8,4728983,1085695,437064,2553470,1519504,215700,19100,,msa,19100,,2019
"Dalton, GA Metro Area",48481,143961,36.5,93629,8804,3145,50014,33021,127100,19140,,msa,19140,,2019
"Danville, IL Metro Area",46515,77563,40.4,52825,5204,2073,31151,21666,79900,19180,,msa,19180,,2019
"Danville, KY Micro Area",44779,54448,40.7,36976,4031,2400,20720,15000,123600,19220,,msa,19220,,2019
"Danville, VA Micro Area",42175,102326,45.1,73766,7552,3096,44560,29220,111800,19260,,msa,19260,,2019
"Daphne-Fairhope-Foley, AL Metro Area",58320,212830,43.0,151112,31801,11812,80930,60896,197900,19300,,msa,19300,,2019
"Davenport-Moline-Rock Island, IA-IL Metro Area",58531,381175,39.7,261609,45071,19226,153939,108190,136200,19340,,msa,19340,,2019
"Dayton, TN Micro Area",42206,32719,38.9,22111,2381,1003,12177,8672,122600,19420,,msa,19420,,2019
"Dayton-Kettering, OH Metro Area",55634,803543,39.3,549796,94473,52225,330975,209321,135000,19430,,msa,19430,,2019
"Decatur, AL Metro Area",50422,152271,40.9,105792,14640,5193,58595,43237,131000,19460,,msa,19460,,2019
"Decatur, IL Metro Area",50480,105528,41.1,72701,10466,4144,43912,30039,98400,19500,,msa,19500,,2019
"Dothan, AL Metro Area",46351,148252,41.1,103027,12351,5907,56324,38830,127500,20020,,msa,20020,,2019
"Douglas, GA Micro Area",40423,51260,36.3,33417,2468,1226,17318,11224,90800,20060,,msa,20060,,2019
"Dover, DE Metro Area",60910,176699,37.7,118054,17393,7841,65796,45436,220600,20100,,msa,20100,,2019
"Dublin, GA Micro Area",39066,63891,39.8,43416,3570,1970,23025,14953,86300,20140,,msa,20140,,2019
"DuBois, PA Micro Area",49015,79908,45.0,59121,5810,2285,31248,23992,96100,20180,,msa,20180,,2019
"Dubuque, IA Metro Area",63031,96982,38.6,64854,12828,5181,38210,28023,166800,20220,,msa,20220,,2019
"Duluth, MN-WI Metro Area",56573,289247,41.6,200202,36868,12671,123623,89138,158900,20260,,msa,20260,,2019
"Dumas, TX Micro Area",54871,21399,30.8,12470,1144,557,6733,4433,121900,20300,,msa,20300,,2019
"Duncan, OK Micro Area",47214,43647,40.7,30222,3741,974,16720,12108,107700,20340,,msa,20340,,2019
"Durango, CO Micro Area",68685,55617,40.4,39773,11024,4183,21794,15400,395600,20420,,msa,20420,,2019
"Durant, OK Micro Area",44212,46457,37.2,31065,4349,1870,17253,10733,117400,20460,,msa,20460,,2019
"Durham-Chapel Hill, NC Metro Area",62289,626695,37.6,426496,98868,56461,245658,151655,226100,20500,,msa,20500,,2019
"Dyersburg, TN Micro Area",44185,37416,40.5,25509,2538,1193,15120,9300,103800,20540,,msa,20540,,2019
"Eagle Pass, TX Micro Area",39625,58174,29.6,32840,3254,713,16286,10702,97900,20580,,msa,20580,,2019
"Easton, MD Micro Area",73547,37167,50.5,27939,5878,3312,16826,11828,336800,20660,,msa,20660,,2019
"East Stroudsburg, PA Metro Area",63934,168032,42.9,116534,18359,8276,57098,43960,168000,20700,,msa,20700,,2019
"Eau Claire, WI Metro Area",59584,167406,37.0,110687,20150,7536,66582,45136,168600,20740,,msa,20740,,2019
"Edwards, CO Micro Area",84790,54681,37.0,38505,13051,3456,18171,12680,562300,20780,,msa,20780,,2019
"Effingham, IL Micro Area",56685,34137,39.4,23379,3670,1186,13877,10462,143600,20820,,msa,20820,,2019
"El Campo, TX Micro Area",48310,41577,37.3,26990,3217,1350,15199,10178,128100,20900,,msa,20900,,2019
"El Centro, CA Metro Area",47622,180701,32.4,110125,11716,3829,44829,26156,195800,20940,,msa,20940,,2019
"El Dorado, AR Micro Area",44663,39449,40.3,26763,4034,1225,15726,11865,86500,20980,,msa,20980,,2019
"Elizabeth City, NC Micro Area",49788,52944,41.4,37016,4939,2433,20633,13237,166100,21020,,msa,21020,,2019
"Elizabethtown-Fort Knox, KY Metro Area",54132,150913,37.7,100963,11484,7671,58072,37617,152700,21060,,msa,21060,,2019
"Elk City, OK Micro Area",50721,22268,35.9,14772,1670,584,7578,5020,128400,21120,,msa,21120,,2019
"Elkhart-Goshen, IN Metro Area",57021,204558,35.6,129685,16854,6792,71718,50067,144300,21140,,msa,21140,,2019
"Elkins, WV Micro Area",43320,28930,43.7,20960,2104,1085,11135,7965,110300,21180,,msa,21180,,2019
"Elko, NV Micro Area",80725,54156,34.5,34729,3543,1675,18839,13441,210300,21220,,msa,21220,,2019
"Ellensburg, WA Micro Area",56004,45897,33.8,27883,6173,1894,18347,10849,286900,21260,,msa,21260,,2019
"Elmira, NY Metro Area",54940,84895,41.3,59604,7568,5015,33989,23217,105800,21300,,msa,21300,,2019
"El Paso, TX Metro Area",46795,840477,32.2,513616,80791,29496,269288,164721,121300,21340,,msa,21340,,2019
"Emporia, KS Micro Area",46217,35888,34.2,21723,3626,1714,14620,8991,106300,21380,,msa,21380,,2019
"Enid, OK Metro Area",54006,61898,35.8,40554,6145,2461,23541,15488,112600,21420,,msa,21420,,2019
"Enterprise, AL Micro Area",55637,51662,39.3,35293,5394,2200,19924,13099,147400,21460,,msa,21460,,2019
"Erie, PA Metro Area",51529,273835,39.7,187526,33624,14279,110318,72878,134100,21500,,msa,21500,,2019
"Escanaba, MI Micro Area",47434,36026,47.4,26468,3827,1270,16234,12565,114300,21540,,msa,21540,,2019
"Española, NM Micro Area",39952,39159,41.3,26710,3372,1523,12730,9784,167300,21580,,msa,21580,,2019
"Forrest City, AR Micro Area",35348,25900,38.8,17914,1173,515,9388,5139,64600,22620,,msa,22620,,2019
"Eufaula, AL-GA Micro Area",32327,27650,40.6,19719,1449,524,10187,6282,87700,21640,,msa,21640,,2019
"Eugene-Springfield, OR Metro Area",52426,373340,39.4,256373,47164,21669,152312,89359,263200,21660,,msa,21660,,2019
"Eureka-Arcata, CA Micro Area",48041,135940,38.4,92463,18745,6030,54679,31078,313200,21700,,msa,21700,,2019
"Evanston, WY Micro Area",63403,20479,35.8,12964,1433,557,7597,5854,175000,21740,,msa,21740,,2019
"Evansville, IN-KY Metro Area",54063,314960,39.7,216844,36296,14628,128919,87956,139400,21780,,msa,21780,,2019
"Fairbanks, AK Metro Area",76992,99072,31.3,61846,11741,4803,36188,21322,240000,21820,,msa,21820,,2019
"Fairfield, IA Micro Area",47708,18148,42.9,13636,2403,1434,6754,4477,118300,21840,,msa,21840,,2019
"Fairmont, MN Micro Area",52798,19852,45.3,14055,2104,566,8759,6466,118300,21860,,msa,21860,,2019
"Fairmont, WV Micro Area",50305,56355,41.1,38684,5659,2311,22926,17108,116800,21900,,msa,21900,,2019
"Fallon, NV Micro Area",57824,24259,39.7,16818,2182,673,9940,6503,191500,21980,,msa,21980,,2019
"Fort Morgan, CO Micro Area",53682,28517,36.2,18401,2028,829,10928,6999,201200,22820,,msa,22820,,2019
"Fort Payne, AL Micro Area",40440,71310,39.5,47990,3727,1956,26040,18627,106100,22840,,msa,22840,,2019
"Fort Polk South, LA Micro Area",49141,49646,30.4,30172,3804,1138,17696,9383,119300,22860,,msa,22860,,2019
"Fort Smith, AR-OK Metro Area",44750,249777,38.7,167683,21307,6392,97383,64201,115000,22900,,msa,22900,,2019
"Fargo, ND-MN Metro Area",64666,240421,32.5,150414,41213,11915,100207,55980,215200,22020,,msa,22020,,2019
"Faribault-Northfield, MN Micro Area",68584,66185,36.5,41853,7550,2876,23005,17018,208600,22060,,msa,22060,,2019
"Farmington, MO Micro Area",46466,66643,39.4,47198,3888,2146,24898,17043,121000,22100,,msa,22100,,2019
"Farmington, NM Metro Area",50518,126515,35.4,81566,7114,3967,43387,30813,151200,22140,,msa,22140,,2019
"Fayetteville, NC Metro Area",48459,519101,32.3,326138,51124,20131,188642,105248,141000,22180,,msa,22180,,2019
"Fayetteville-Springdale-Rogers, AR Metro Area",57603,514259,34.0,326086,67432,27787,190853,115569,176000,22220,,msa,22220,,2019
"Fergus Falls, MN Micro Area",58682,58195,46.8,41487,7221,2128,24687,19324,189100,22260,,msa,22260,,2019
"Fernley, NV Micro Area",56875,54380,43.7,39089,4031,1142,21189,14985,214900,22280,,msa,22280,,2019
"Findlay, OH Micro Area",58450,75837,39.3,51946,8488,4493,31937,21977,147600,22300,,msa,22300,,2019
"Fitzgerald, GA Micro Area",32229,17033,39.9,11161,841,287,6443,3791,83400,22340,,msa,22340,,2019
"Flagstaff, AZ Metro Area",59460,141274,30.7,83080,17122,9001,47447,28962,280900,22380,,msa,22380,,2019
"Flint, MI Metro Area",48588,407875,40.5,279412,37711,16727,167902,117587,111100,22420,,msa,22420,,2019
"Florence, SC Metro Area",44114,205502,39.9,139677,19584,8114,78672,52717,118600,22500,,msa,22500,,2019
"Florence-Muscle Shoals, AL Metro Area",48084,147327,41.7,102565,13947,6239,60351,42010,135300,22520,,msa,22520,,2019
"Fond du Lac, WI Metro Area",62391,102597,41.6,71648,11507,3958,41542,29192,157800,22540,,msa,22540,,2019
"Forest City, NC Micro Area",42608,66599,45.0,47869,5826,2067,26683,19088,118300,22580,,msa,22580,,2019
"Fort Leonard Wood, MO Micro Area",53492,52425,27.6,28932,5133,2702,15154,7472,159200,22780,,msa,22780,,2019
"Fort Madison-Keokuk, IA-IL-MO Micro Area",50694,58989,44.1,41991,5089,1735,24299,18610,91100,22800,,msa,22800,,2019
"Fort Wayne, IN Metro Area",55341,406305,36.4,265667,48978,18374,158807,110557,130700,23060,,msa,23060,,2019
"Frankfort, IN Micro Area",54286,32273,37.8,21158,2318,954,12033,8492,111500,23140,,msa,23140,,2019
"Frankfort, KY Micro Area",56024,72938,41.0,50909,8444,4211,29770,19848,144900,23180,,msa,23180,,2019
"Fredericksburg, TX Micro Area",59155,26459,50.0,19327,4465,1282,10694,7747,286900,23240,,msa,23240,,2019
"Freeport, IL Micro Area",48805,45093,45.3,32015,4233,1438,19739,13801,97800,23300,,msa,23300,,2019
"Fremont, NE Micro Area",54085,36665,38.9,24565,2886,1450,15261,9481,130200,23340,,msa,23340,,2019
"Fremont, OH Micro Area",54089,59029,42.2,40997,4437,1869,23574,17144,115400,23380,,msa,23380,,2019
"Fresno, CA Metro Area",53969,984521,32.2,604137,84769,27427,307906,164124,255000,23420,,msa,23420,,2019
"Gadsden, AL Metro Area",44637,102748,41.4,72032,7899,3444,38942,28267,113700,23460,,msa,23460,,2019
"Gaffney, SC Micro Area",36883,56895,39.3,38570,3612,1474,20699,14270,101500,23500,,msa,23500,,2019
"Gainesville, FL Metro Area",46843,323799,33.7,203708,39357,20925,120833,71998,167500,23540,,msa,23540,,2019
"Gainesville, GA Metro Area",62984,198667,36.7,129688,19688,7990,64352,44697,201300,23580,,msa,23580,,2019
"Gainesville, TX Micro Area",60202,40041,40.7,27025,3800,1422,15351,10642,161100,23620,,msa,23620,,2019
"Galesburg, IL Micro Area",44129,50508,42.1,35172,4381,1748,20680,13797,83000,23660,,msa,23660,,2019
"Gallup, NM Micro Area",33834,72438,32.4,44208,2638,1821,20942,14852,64800,23700,,msa,23700,,2019
"Garden City, KS Micro Area",59477,40657,31.1,23827,2527,1063,13720,8972,149600,23780,,msa,23780,,2019
"Gardnerville Ranchos, NV Micro Area",66810,48132,52.0,37096,6859,2958,20741,14811,378800,23820,,msa,23820,,2019
"Georgetown, SC Micro Area",48456,61952,49.5,45970,7692,3693,25498,20099,188800,23860,,msa,23860,,2019
"Gettysburg, PA Metro Area",67253,102470,43.9,72022,9154,5258,39345,30692,205800,23900,,msa,23900,,2019
"Gillette, WY Micro Area",78833,61930,35.6,40692,5697,1611,23384,17687,218400,23940,,msa,23940,,2019
"Glasgow, KY Micro Area",40899,53920,41.0,36904,3562,1635,21005,14482,113200,23980,,msa,23980,,2019
"Glens Falls, NY Metro Area",59395,125892,45.5,92825,13257,8810,52029,37602,172400,24020,,msa,24020,,2019
"Glenwood Springs, CO Micro Area",76482,76981,37.4,52978,14344,3977,28965,19225,385300,24060,,msa,24060,,2019
"Gloversville, NY Micro Area",50482,53646,43.9,38601,3785,2705,22557,15942,109600,24100,,msa,24100,,2019
"Goldsboro, NC Metro Area",44416,123603,37.8,82135,10684,3845,48343,30032,123500,24140,,msa,24140,,2019
"Granbury, TX Micro Area",64041,58318,47.0,42070,7137,3028,22152,17134,193500,24180,,msa,24180,,2019
"Grand Forks, ND-MN Metro Area",55609,101745,32.1,62594,13271,4363,43086,23975,192100,24220,,msa,24220,,2019
"Grand Island, NE Metro Area",57086,75480,37.2,49265,7420,2166,29189,18993,143200,24260,,msa,24260,,2019
"Grand Junction, CO Metro Area",55379,151218,39.7,104174,19191,7189,61742,42093,227000,24300,,msa,24300,,2019
"Grand Rapids, MN Micro Area",55139,45141,46.3,32592,5156,1719,19506,15853,164100,24330,,msa,24330,,2019
"Grand Rapids-Kentwood, MI Metro Area",63302,1062392,35.8,694075,151172,56332,391233,284679,172900,24340,,msa,24340,,2019
"Grants, NM Micro Area",39413,26891,37.3,18134,1577,713,8708,5981,84400,24380,,msa,24380,,2019
"Grants Pass, OR Metro Area",45616,86251,47.7,63802,7021,2968,36367,24116,265500,24420,,msa,24420,,2019
"Great Bend, KS Micro Area",49723,26453,39.9,17859,2611,793,10624,7464,93300,24460,,msa,24460,,2019
"Great Falls, MT Metro Area",49913,81625,38.3,55355,9687,3314,34329,22099,179900,24500,,msa,24500,,2019
"Greeley, CO Metro Area",74150,305345,34.4,196540,36473,13676,104671,76321,299000,24540,,msa,24540,,2019
"Green Bay, WI Metro Area",62405,319401,38.8,216772,42538,13030,129648,88138,171200,24580,,msa,24580,,2019
"Greeneville, TN Micro Area",42595,68834,44.7,49755,5187,2315,27396,20270,122400,24620,,msa,24620,,2019
"Greensboro-High Point, NC Metro Area",50891,762063,38.8,516620,99314,38540,297916,186510,149200,24660,,msa,24660,,2019
"Greensburg, IN Micro Area",57949,26562,39.2,17861,2543,917,10353,7230,134400,24700,,msa,24700,,2019
"Greenville, MS Micro Area",29705,46057,37.2,29848,3197,1545,17988,9514,75600,24740,,msa,24740,,2019
"Greenville, NC Metro Area",47437,178433,32.5,108447,22163,9279,69799,36378,148600,24780,,msa,24780,,2019
"Greenville, OH Micro Area",55620,51513,41.9,35254,3560,1584,20861,15186,123300,24820,,msa,24820,,2019
"Greenville-Anderson, SC Metro Area",54886,895942,38.6,604842,112391,49302,343270,235310,163400,24860,,msa,24860,,2019
"Greenwood, MS Micro Area",30218,39292,36.1,25101,2603,1100,13789,8148,86900,24900,,msa,24900,,2019
"Greenwood, SC Micro Area",42336,70411,39.5,47590,7624,3045,27612,17681,122800,24940,,msa,24940,,2019
"Grenada, MS Micro Area",40122,21088,39.2,14282,1973,850,8391,5367,105000,24980,,msa,24980,,2019
"Guayama, PR Metro Area",16980,75623,40.8,52728,7639,1659,26074,18888,88000,25020,,msa,25020,,2019
"Gulfport-Biloxi, MS Metro Area",49068,412115,38.0,278196,38641,16173,156897,100678,142500,25060,,msa,25060,,2019
"Guymon, OK Micro Area",52282,20805,33.0,12642,2212,463,6768,4601,115100,25100,,msa,25100,,2019
"Hagerstown-Martinsburg, MD-WV Metro Area",61138,283147,40.2,197720,25716,13133,107441,75935,195300,25180,,msa,25180,,2019
"Hailey, ID Micro Area",54987,23421,43.2,16591,3815,1417,8389,5899,413700,25200,,msa,25200,,2019
"Hammond, LA Metro Area",47832,132057,35.3,85899,11919,3811,47597,32840,162800,25220,,msa,25220,,2019
"Hanford-Corcoran, CA Metro Area",57848,150691,31.8,92916,9430,2843,43452,22733,215900,25260,,msa,25260,,2019
"Hannibal, MO Micro Area",50960,38842,40.6,26509,3503,1451,15601,10923,127800,25300,,msa,25300,,2019
"Harrisburg-Carlisle, PA Metro Area",64916,571013,40.4,398454,79849,34450,230247,155542,183400,25420,,msa,25420,,2019
"Harrison, AR Micro Area",44562,45143,43.3,31709,3614,1380,17970,13265,122300,25460,,msa,25460,,2019
"Harrisonburg, VA Metro Area",56500,133557,34.0,81938,14059,7136,47717,29701,209300,25500,,msa,25500,,2019
"Hartford-East Hartford-Middletown, CT Metro Area",77769,1207677,40.8,838642,183857,105719,473062,313835,249200,25540,,msa,25540,,2019
"Hastings, NE Micro Area",53023,31587,37.7,20558,3217,1226,12712,8449,128500,25580,,msa,25580,,2019
"Hattiesburg, MS Metro Area",46800,168177,35.2,108512,18246,8138,61584,39316,137100,25620,,msa,25620,,2019
"Hays, KS Micro Area",52883,28775,32.5,17454,4096,1644,11544,7061,169100,25700,,msa,25700,,2019
"Heber, UT Micro Area",94989,72811,36.8,46347,14313,5528,24099,18213,528400,25720,,msa,25720,,2019
"Helena, MT Micro Area",66419,79722,41.9,56348,14089,6191,32377,23152,248400,25740,,msa,25740,,2019
"Helena-West Helena, AR Micro Area",29320,18606,38.9,11999,1037,461,7485,3607,70700,25760,,msa,25760,,2019
"Henderson, NC Micro Area",40529,44479,40.9,30062,3087,1036,16875,9529,101400,25780,,msa,25780,,2019
"Hereford, TX Micro Area",49701,18736,31.9,10999,1020,224,6145,3935,91100,25820,,msa,25820,,2019
"Hermiston-Pendleton, OR Micro Area",54645,88432,36.7,57718,5920,2637,31016,20554,165400,25840,,msa,25840,,2019
"Hickory-Lenoir-Morganton, NC Metro Area",48114,366678,43.0,260112,32654,11856,144508,103786,131600,25860,,msa,25860,,2019
"Hillsdale, MI Micro Area",49622,45757,42.3,31260,3334,1522,18107,13847,120100,25880,,msa,25880,,2019
"Hilo, HI Micro Area",62409,199459,42.7,141677,28023,8895,69453,47047,350000,25900,,msa,25900,,2019
"Hilton Head Island-Bluffton, SC Metro Area",64959,214752,44.8,153804,34406,17166,81746,59790,285400,25940,,msa,25940,,2019
"Hinesville, GA Metro Area",50160,80041,29.1,47216,5582,2255,29180,14674,124100,25980,,msa,25980,,2019
"Hobbs, NM Micro Area",60546,70277,31.8,42180,3526,1748,22523,15045,133100,26020,,msa,26020,,2019
"Holland, MI Micro Area",62965,116143,39.8,78753,11862,4689,43416,35849,165400,26090,,msa,26090,,2019
"Homosassa Springs, FL Metro Area",44237,145169,56.5,115528,13153,5826,63681,52144,131500,26140,,msa,26140,,2019
"Hood River, OR Micro Area",65679,23209,39.3,15764,2657,1620,8600,5782,373600,26220,,msa,26220,,2019
"Hope, AR Micro Area",41125,30193,40.9,20174,2064,777,11491,7881,77100,26260,,msa,26260,,2019
"Hot Springs, AR Metro Area",44777,98555,45.0,71467,9961,3916,40209,27270,139900,26300,,msa,26300,,2019
"Houghton, MI Micro Area",44198,38181,34.4,22872,4265,2096,14467,9905,109800,26340,,msa,26340,,2019
"Houma-Thibodaux, LA Metro Area",51837,210162,36.7,140679,15931,4742,76867,56805,155100,26380,,msa,26380,,2019
"Houston-The Woodlands-Sugar Land, TX Metro Area",67516,6884138,34.3,4415305,925398,370856,2352275,1421765,193900,26420,,msa,26420,,2019
"Hudson, NY Micro Area",66787,60371,48.2,45574,7841,5150,24966,18403,233600,26460,,msa,26460,,2019
"Huntingdon, PA Micro Area",51678,45369,43.7,32741,3813,1483,16779,12695,136400,26500,,msa,26500,,2019
"Huntington, IN Micro Area",53632,36359,40.7,25019,3247,1487,14742,11125,107200,26540,,msa,26540,,2019
"Huntington-Ashland, WV-KY-OH Metro Area",45441,361832,41.4,252285,30169,14980,140894,100577,120600,26580,,msa,26580,,2019
"Huntsville, AL Metro Area",64483,457003,38.7,313702,75800,37434,180332,123997,179700,26620,,msa,26620,,2019
"Huntsville, TX Micro Area",43742,72321,35.3,46597,6700,2071,21963,11290,152300,26660,,msa,26660,,2019
"Huron, SD Micro Area",51662,20364,39.1,13616,1944,627,8478,5637,107500,26700,,msa,26700,,2019
"Hutchinson, KS Micro Area",49936,62765,40.3,43069,6038,2186,25014,17331,101300,26740,,msa,26740,,2019
"Hutchinson, MN Micro Area",62121,35832,40.7,24734,3114,922,14714,11426,164700,26780,,msa,26780,,2019
"Idaho Falls, ID Metro Area",61007,145507,32.8,87629,18062,5293,49526,35577,183000,26820,,msa,26820,,2019
"Indiana, PA Micro Area",49320,85032,40.2,55561,7395,3852,33246,23660,121100,26860,,msa,26860,,2019
"Indianapolis-Carmel-Anderson, IN Metro Area",61552,2029472,36.5,1348011,302485,118424,776607,506185,163100,26900,,msa,26900,,2019
"Indianola, MS Micro Area",30838,26168,35.6,17497,1700,798,8322,4458,78400,26940,,msa,26940,,2019
"Iowa City, IA Metro Area",62544,170677,31.3,102398,26548,12502,67966,40856,216000,26980,,msa,26980,,2019
"Iron Mountain, MI-WI Micro Area",51730,29753,47.7,22026,3707,1346,13179,10368,106800,27020,,msa,27020,,2019
"Ithaca, NY Metro Area",60240,102642,31.1,59774,13563,10855,39618,21755,204600,27060,,msa,27060,,2019
"Jackson, MI Metro Area",53658,158636,41.2,110176,16535,6201,61805,45409,131600,27100,,msa,27100,,2019
"Jackson, MS Metro Area",52504,597727,36.5,395387,72436,31504,217785,146618,145600,27140,,msa,27140,,2019
"Jackson, OH Micro Area",47550,32450,40.1,22197,2073,1027,12780,8847,97400,27160,,msa,27160,,2019
"Jackson, TN Metro Area",46875,178442,39.1,119401,16331,6674,68815,45440,118000,27180,,msa,27180,,2019
"Jackson, WY-ID Micro Area",81427,34706,38.6,25025,9026,3043,12726,8330,549800,27220,,msa,27220,,2019
"Jacksonville, FL Metro Area",61723,1503574,38.3,1037750,213615,81866,563946,363686,204700,27260,,msa,27260,,2019
"Jacksonville, IL Micro Area",52040,39252,41.5,27346,3530,1207,15658,10950,107300,27300,,msa,27300,,2019
"Jacksonville, NC Metro Area",50278,195069,26.4,104678,16761,5543,64386,34160,156900,27340,,msa,27340,,2019
"Jacksonville, TX Micro Area",48186,52118,37.9,33977,4027,1331,18138,13034,102900,27380,,msa,27380,,2019
"Jamestown, ND Micro Area",57674,20965,40.5,14600,2681,585,8908,5842,155500,27420,,msa,27420,,2019
"Jamestown-Dunkirk-Fredonia, NY Micro Area",46820,128496,42.6,89517,11200,7029,53075,36755,88000,27460,,msa,27460,,2019
"Janesville-Beloit, WI Metro Area",57875,162152,39.5,110227,16246,6332,64739,44254,146200,27500,,msa,27500,,2019
"Jasper, AL Micro Area",43629,64110,42.1,44782,3293,1266,25019,19327,104300,27530,,msa,27530,,2019
"Jasper, IN Micro Area",57849,54921,41.0,37331,5739,1908,22022,17384,144500,27540,,msa,27540,,2019
"Jayuya, PR Micro Area",14808,14539,38.6,9828,1252,456,4837,2798,94100,27580,,msa,27580,,2019
"Jefferson, GA Micro Area",65385,67885,38.1,45857,6798,2480,23166,18041,189700,27600,,msa,27600,,2019
"Jefferson City, MO Metro Area",59186,151273,38.7,103472,18938,7372,56683,40088,157000,27620,,msa,27620,,2019
"Jennings, LA Micro Area",42105,31441,37.8,20782,2250,1032,11726,8550,114000,27660,,msa,27660,,2019
"Jesup, GA Micro Area",45483,29788,38.9,20026,1623,655,10400,6605,105400,27700,,msa,27700,,2019
"Johnson City, TN Metro Area",44439,202049,42.3,142983,22629,9694,85301,57028,148400,27740,,msa,27740,,2019
"Johnstown, PA Metro Area",46659,133009,45.4,95176,12802,5202,56674,42000,91900,27780,,msa,27780,,2019
"Jonesboro, AR Metro Area",46068,131241,35.1,85256,12665,4765,50901,29617,127500,27860,,msa,27860,,2019
"Joplin, MO Metro Area",49098,178100,37.0,118161,18426,5660,67961,44973,122200,27900,,msa,27900,,2019
"Juneau, AK Micro Area",88390,32227,38.1,22561,5540,2067,12676,8212,345900,27940,,msa,27940,,2019
"Kahului-Wailuku-Lahaina, HI Metro Area",80948,165979,41.2,118117,21366,7390,54479,33259,633500,27980,,msa,27980,,2019
"Aberdeen, SD Micro Area",59270,42824,37.3,28367,5936,1614,17849,11701,163900,10100,,msa,10100,,2019
"Aberdeen, WA Micro Area",51240,72779,44.0,52712,5710,2244,28722,19254,178800,10140,,msa,10140,,2019
"Abilene, TX Metro Area",52511,170669,34.1,108067,16565,6061,60931,37756,116100,10180,,msa,10180,,2019
"Ada, OK Micro Area",50392,38355,35.7,24897,4359,2143,14278,9414,129300,10220,,msa,10220,,2019
"Adrian, MI Micro Area",55450,98381,41.9,68399,9361,4042,38345,29728,139400,10300,,msa,10300,,2019
"Aguadilla-Isabela, PR Metro Area",16470,301107,42.6,215327,33263,8643,109248,71462,96600,10380,,msa,10380,,2019
"Akron, OH Metro Area",57285,703845,40.3,485570,96686,42654,286543,190863,150000,10420,,msa,10420,,2019
"Alamogordo, NM Micro Area",41988,66137,35.8,43579,4596,2281,23634,15172,112400,10460,,msa,10460,,2019
"Albany, GA Metro Area",44844,148436,36.9,97094,11153,5521,55714,30225,117700,10500,,msa,10500,,2019
"Albany-Lebanon, OR Metro Area",55893,125048,39.6,86850,11549,3675,47762,30748,221600,10540,,msa,10540,,2019
"Albany-Schenectady-Troy, NY Metro Area",71285,880736,40.0,608647,125071,75480,352713,225446,213600,10580,,msa,10580,,2019
"Albemarle, NC Micro Area",52623,61588,42.2,43135,5373,1624,23332,17355,138900,10620,,msa,10620,,2019
"Albert Lea, MN Micro Area",53631,30463,44.0,21772,2686,716,13009,9975,113800,10660,,msa,10660,,2019
"Albertville, AL Micro Area",45983,95643,38.8,63955,8306,3221,34883,24480,128800,10700,,msa,10700,,2019
"Albuquerque, NM Metro Area",54072,912108,38.2,626163,112215,61389,351354,235397,192800,10740,,msa,10740,,2019
"Alexander City, AL Micro Area",43941,51298,45.7,36926,4103,1640,20237,15326,103300,10760,,msa,10760,,2019
"Alexandria, LA Metro Area",46367,153310,37.6,102911,12254,4885,55477,34725,136200,10780,,msa,10780,,2019
"Alexandria, MN Micro Area",63819,37513,44.2,26849,4911,1425,16663,12380,214800,10820,,msa,10820,,2019
"Alice, TX Micro Area",41461,52240,34.9,32794,2820,785,16498,11468,71600,10860,,msa,10860,,2019
"Allentown-Bethlehem-Easton, PA-NJ Metro Area",67652,837610,41.4,583640,106961,48782,320529,220430,213800,10900,,msa,10900,,2019
"Alma, MI Micro Area",47848,40916,39.5,28240,2780,1242,15035,11172,95400,10940,,msa,10940,,2019
"Alpena, MI Micro Area",43363,28520,48.1,21155,2416,1055,12752,9940,96500,10980,,msa,10980,,2019
"Altoona, PA Metro Area",49181,123157,43.4,88488,12495,4860,52126,36377,123600,11020,,msa,11020,,2019
"Altus, OK Micro Area",49703,25063,34.1,16065,2352,1146,9762,5710,106500,11060,,msa,11060,,2019
"Amarillo, TX Metro Area",55515,263776,35.1,170885,28965,9183,97345,62393,140500,11100,,msa,11100,,2019
"Americus, GA Micro Area",38156,35285,36.0,22427,2272,1031,13374,7722,99800,11140,,msa,11140,,2019
"Ames, IA Metro Area",58600,123311,29.2,69358,18492,7673,48765,28793,170600,11180,,msa,11180,,2019
"Amsterdam, NY Micro Area",49462,49302,41.0,34199,3521,2064,19660,13455,105400,11220,,msa,11220,,2019
"Anchorage, AK Metro Area",83048,398900,34.0,260056,52286,22002,137784,89426,294800,11260,,msa,11260,,2019
"Andrews, TX Micro Area",76158,18036,30.8,10700,814,347,5573,4130,143900,11380,,msa,11380,,2019
"Angola, IN Micro Area",58279,34453,43.7,23759,3223,1555,14261,11091,148800,11420,,msa,11420,,2019
"Ann Arbor, MI Metro Area",72586,367000,33.6,229268,60380,43126,141245,86332,263600,11460,,msa,11460,,2019
"Anniston-Oxford, AL Metro Area",47255,114618,39.6,79108,8311,4484,44605,31254,118000,11500,,msa,11500,,2019
"Appleton, WI Metro Area",67616,235628,38.8,159675,33335,10466,93455,68362,171300,11540,,msa,11540,,2019
"Arcadia, FL Micro Area",35438,36903,40.9,26434,2153,745,12072,8418,87700,11580,,msa,11580,,2019
"Ardmore, OK Micro Area",51195,58382,38.4,38972,4692,2070,21607,15026,112800,11620,,msa,11620,,2019
"Arecibo, PR Metro Area",17954,180567,42.3,129106,22087,5304,65547,45506,95900,11640,,msa,11640,,2019
"Arkadelphia, AR Micro Area",41620,22386,33.7,13171,2252,846,8446,4859,111600,11660,,msa,11660,,2019
"Asheville, NC Metro Area",52735,454351,44.2,335326,74111,32263,191756,129932,220600,11700,,msa,11700,,2019
"Ashland, OH Micro Area",52823,53536,40.4,35487,4711,2156,20417,15065,128400,11740,,msa,11740,,2019
"Ashtabula, OH Micro Area",46700,97830,42.5,68608,6564,2518,37832,26680,112700,11780,,msa,11780,,2019
"Astoria, OR Micro Area",54886,39102,44.2,28475,4409,1866,15800,9826,283900,11820,,msa,11820,,2019
"Atchison, KS Micro Area",50439,16268,36.6,10135,1307,698,5958,4133,110400,11860,,msa,11860,,2019
"Athens, OH Micro Area",40905,65917,29.6,36984,5166,3813,22557,13048,129600,11900,,msa,11900,,2019
"Athens, TN Micro Area",43285,53053,42.6,37514,4101,1377,20804,15283,133200,11940,,msa,11940,,2019
"Athens, TX Micro Area",47355,81070,43.9,57241,6553,2873,30757,23133,108500,11980,,msa,11980,,2019
"Baton Rouge, LA Metro Area",58912,854318,35.6,556924,100136,36666,308531,212985,181700,12940,,msa,12940,,2019
"Battle Creek, MI Metro Area",48607,134212,39.8,91137,12525,5242,53991,37743,110000,12980,,msa,12980,,2019
"Athens-Clarke County, GA Metro Area",47214,208457,32.2,126504,25183,14947,78662,42583,178700,12020,,msa,12020,,2019
"Atlanta-Sandy Springs-Alpharetta, GA Metro Area",68316,5862424,36.4,3878266,930303,409278,2104360,1331251,217000,12060,,msa,12060,,2019
"Atlantic City-Hammonton, NJ Metro Area",62110,266105,41.7,184676,34305,12463,99850,67025,217900,12100,,msa,12100,,2019
"Atmore, AL Micro Area",36275,37057,40.0,25859,2112,916,13089,8943,99400,12120,,msa,12120,,2019
"Auburn, IN Micro Area",56421,42927,39.1,28949,3713,1240,16801,12781,124300,12140,,msa,12140,,2019
"Auburn, NY Micro Area",58377,77425,42.9,55436,7686,4010,31221,22251,128000,12180,,msa,12180,,2019
"Auburn-Opelika, AL Metro Area",51463,161152,31.9,97055,19015,10682,60237,37111,169300,12220,,msa,12220,,2019
"Augusta-Richmond County, GA-SC Metro Area",53269,599616,37.6,404405,65143,26450,215210,144377,146100,12260,,msa,12260,,2019
"Augusta-Waterville, ME Micro Area",55365,121753,44.4,87875,15073,6706,52105,36752,159400,12300,,msa,12300,,2019
"Austin, MN Micro Area",54295,39807,38.8,26837,3943,1409,15565,11359,123900,12380,,msa,12380,,2019
"Austin-Round Rock-Georgetown, TX Metro Area",76844,2114441,34.7,1415811,408396,163686,764989,445231,281500,12420,,msa,12420,,2019
"Bainbridge, GA Micro Area",41481,26682,37.8,17744,1417,720,10084,5797,110900,12460,,msa,12460,,2019
"Bakersfield, CA Metro Area",53350,887641,31.6,537799,58968,20953,270282,157554,213900,12540,,msa,12540,,2019
"Baltimore-Columbia-Towson, MD Metro Area",81598,2796733,38.4,1934366,433703,246522,1049909,698615,298500,12580,,msa,12580,,2019
"Bangor, ME Metro Area",50808,151774,42.0,107888,18842,7730,62156,43123,144700,12620,,msa,12620,,2019
"Baraboo, WI Micro Area",59943,63922,41.1,44492,7418,2396,26222,18063,182200,12660,,msa,12660,,2019
"Bardstown, KY Micro Area",60127,45650,39.8,30980,3400,1563,17853,13561,154700,12680,,msa,12680,,2019
"Barnstable Town, MA Metro Area",74336,213496,53.3,165855,41225,22640,94323,75287,393500,12700,,msa,12700,,2019
"Barre, VT Micro Area",62791,58350,43.7,41750,9810,5299,24828,17489,226900,12740,,msa,12740,,2019
"Bartlesville, OK Micro Area",54997,51886,40.2,35467,6848,2314,20455,14487,120600,12780,,msa,12780,,2019
"Batavia, NY Micro Area",60524,57808,43.1,41334,5507,2932,23759,17168,119800,12860,,msa,12860,,2019
"Batesville, AR Micro Area",40436,54566,41.9,37528,3750,1406,21769,16007,89200,12900,,msa,12900,,2019
"Bay City, MI Metro Area",48819,104104,43.4,74642,9689,3594,44339,34037,102000,13020,,msa,13020,,2019
"Bay City, TX Micro Area",48913,36774,38.2,24102,3064,902,13848,9787,114800,13060,,msa,13060,,2019
"Beatrice, NE Micro Area",53110,21594,43.8,15212,2233,675,8979,6247,116200,13100,,msa,13100,,2019
"Beaumont-Port Arthur, TX Metro Area",54016,395174,36.9,263453,34237,10384,145308,97408,114500,13140,,msa,13140,,2019
"Beaver Dam, WI Micro Area",60652,87715,42.5,63143,7622,2225,34980,24396,162100,13180,,msa,13180,,2019
"Beckley, WV Metro Area",42817,118828,43.2,85312,9441,4170,48644,36369,101800,13220,,msa,13220,,2019
"Bedford, IN Micro Area",53610,45548,43.1,32163,3120,1599,18781,14457,117400,13260,,msa,13260,,2019
"Beeville, TX Micro Area",44578,32611,35.3,22009,1131,507,8269,5185,90600,13300,,msa,13300,,2019
"Bellefontaine, OH Micro Area",56754,45316,41.4,31185,3471,1439,18677,13854,131900,13340,,msa,13340,,2019
"Bellingham, WA Metro Area",62984,220821,37.3,146274,32227,12314,86523,53580,345700,13380,,msa,13380,,2019
"Bemidji, MN Micro Area",49160,46403,34.0,28514,5097,2088,17372,11650,162600,13420,,msa,13420,,2019
"Bend, OR Metro Area",67043,186251,42.4,135615,30445,12409,74397,49809,364600,13460,,msa,13460,,2019
"Bennettsville, SC Micro Area",33586,26753,40.3,19108,1048,553,9613,6042,67500,13500,,msa,13500,,2019
"Bennington, VT Micro Area",56183,35746,46.7,25485,5650,2521,14581,10794,207600,13540,,msa,13540,,2019
"Berlin, NH Micro Area",47117,31741,48.2,24304,2917,1129,13768,9728,128000,13620,,msa,13620,,2019
"Big Rapids, MI Micro Area",45018,43251,36.9,26926,3568,1757,15808,11594,121400,13660,,msa,13660,,2019
"Big Spring, TX Micro Area",54208,36349,36.5,24691,2100,753,11064,7235,99000,13700,,msa,13700,,2019
"Oshkosh-Neenah, WI Metro Area",58543,170411,38.3,114836,23271,6698,70594,46039,152500,36780,,msa,36780,,2019
"Oskaloosa, IA Micro Area",54825,22164,39.3,14944,2314,831,8927,6161,115300,36820,,msa,36820,,2019
"Othello, WA Micro Area",48294,19594,27.9,10713,923,475,5973,3771,154500,36830,,msa,36830,,2019
"Ottawa, IL Micro Area",58160,148580,42.7,105090,12788,4888,61206,44816,123200,36837,,msa,36837,,2019
"Ottawa, KS Micro Area",56582,25558,40.0,17113,2274,1016,10118,7317,128000,36840,,msa,36840,,2019
"Ottumwa, IA Micro Area",46246,35141,39.6,23951,2748,1288,14481,10357,82100,36900,,msa,36900,,2019
"Owatonna, MN Micro Area",64903,36683,39.0,24579,4432,1445,14692,11043,169300,36940,,msa,36940,,2019
"Owensboro, KY Metro Area",52046,118477,39.1,80070,10433,5345,47299,32906,129400,36980,,msa,36980,,2019
"Oak Harbor, WA Micro Area",68604,82866,44.2,60537,12094,6029,34768,24847,358800,36020,,msa,36020,,2019
"Ocala, FL Metro Area",45371,353526,48.7,263547,34395,13553,139172,104381,139900,36100,,msa,36100,,2019
"Ocean City, NJ Metro Area",67074,93086,49.6,69808,14702,6079,40171,31189,300500,36140,,msa,36140,,2019
"Odessa, TX Metro Area",62973,160579,30.4,95420,10362,3058,52530,34087,140500,36220,,msa,36220,,2019
"Ogden-Clearfield, UT Metro Area",75062,662875,31.8,395617,85277,30610,209117,158449,255500,36260,,msa,36260,,2019
"Ogdensburg-Massena, NY Micro Area",50940,108913,39.0,71657,8532,6581,41933,30596,93600,36300,,msa,36300,,2019
"Oil City, PA Micro Area",49945,51818,46.9,37998,4793,1945,22050,16549,89400,36340,,msa,36340,,2019
"Okeechobee, FL Micro Area",41760,41144,41.1,28952,2387,747,13904,10033,106000,36380,,msa,36380,,2019
"Oklahoma City, OK Metro Area",59084,1382841,35.2,902665,177311,68501,515208,328795,157600,36420,,msa,36420,,2019
"Olean, NY Micro Area",48703,77121,42.0,52849,5428,3909,31779,22778,88100,36460,,msa,36460,,2019
"Olympia-Lacey-Tumwater, WA Metro Area",72003,279711,39.0,196382,42921,19860,109983,71908,287900,36500,,msa,36500,,2019
"Omaha-Council Bluffs, NE-IA Metro Area",67885,931779,35.7,610458,145297,54997,359324,235479,171000,36540,,msa,36540,,2019
"Oxford, MS Micro Area",50272,53590,30.5,31382,8039,3367,18721,11616,199700,37060,,msa,37060,,2019
"Oxnard-Thousand Oaks-Ventura, CA Metro Area",88131,847263,38.1,570146,121499,48177,271040,171174,588400,37100,,msa,37100,,2019
"Ozark, AL Micro Area",47214,49277,37.3,33509,4047,1688,18806,11300,112000,37120,,msa,37120,,2019
"Paducah, KY-IL Micro Area",46584,96754,42.8,68312,9003,3828,40598,28050,122300,37140,,msa,37140,,2019
"Pahrump, NV Micro Area",47300,44380,53.1,34141,2480,902,19088,13517,163300,37220,,msa,37220,,2019
"Palatka, FL Micro Area",37670,73252,45.1,52277,4092,1703,28943,20472,89100,37260,,msa,37260,,2019
"Palestine, TX Micro Area",43455,57810,39.3,42073,2870,1190,16677,11606,101900,37300,,msa,37300,,2019
"Palm Bay-Melbourne-Titusville, FL Metro Area",56775,585507,47.3,434825,81151,39297,230417,171269,196400,37340,,msa,37340,,2019
"Pampa, TX Micro Area",49327,23215,36.7,15354,1500,529,8185,6038,79200,37420,,msa,37420,,2019
"Panama City, FL Metro Area",54316,182161,39.8,128438,19477,7995,71422,46488,178400,37460,,msa,37460,,2019
"Paragould, AR Micro Area",47056,44937,38.0,30074,3343,1272,17254,11561,118800,37500,,msa,37500,,2019
"Paris, TN Micro Area",40502,32284,45.8,23380,2180,1163,13394,10211,103300,37540,,msa,37540,,2019
"Paris, TX Micro Area",45117,49611,40.7,33821,4362,1519,19793,12760,99100,37580,,msa,37580,,2019
"Parkersburg-Vienna, WV Metro Area",47218,90758,43.6,64801,8504,3971,37993,27462,122300,37620,,msa,37620,,2019
"Parsons, KS Micro Area",47643,20119,41.0,13830,1699,550,8176,5683,76400,37660,,msa,37660,,2019
"Payson, AZ Micro Area",43524,53546,50.2,39330,4728,2037,21945,16581,165800,37740,,msa,37740,,2019
"Pearsall, TX Micro Area",46729,19871,31.2,12449,481,253,4542,3136,82200,37770,,msa,37770,,2019
"Pecos, TX Micro Area",53581,15590,35.8,10571,915,279,3548,2568,64800,37780,,msa,37780,,2019
"Pella, IA Micro Area",61038,33172,39.4,21980,4192,1552,13365,9463,157300,37800,,msa,37800,,2019
"Pensacola-Ferry Pass-Brent, FL Metro Area",56007,488246,38.3,333216,57976,23893,183618,122756,164000,37860,,msa,37860,,2019
"Peoria, IL Metro Area",59397,406883,39.9,279972,50563,20215,163182,117751,132000,37900,,msa,37900,,2019
"Peru, IN Micro Area",50657,35815,40.1,24955,2044,1026,13611,9730,88700,37940,,msa,37940,,2019
"Philadelphia-Camden-Wilmington, PA-NJ-DE-MD Metro Area",72343,6079130,38.8,4198073,940547,453914,2280112,1534074,250700,37980,,msa,37980,,2019
"Phoenix-Mesa-Chandler, AZ Metro Area",63883,4761603,36.7,3178168,636413,264379,1693396,1073694,250000,38060,,msa,38060,,2019
"Picayune, MS Micro Area",46901,55219,40.9,37775,4323,1656,21020,16354,138200,38100,,msa,38100,,2019
"Pierre, SD Micro Area",65712,20625,38.7,14379,3329,1019,8804,6189,175500,38180,,msa,38180,,2019
"Pine Bluff, AR Metro Area",41798,90865,39.2,62917,6822,2792,33791,22000,83300,38220,,msa,38220,,2019
"Pinehurst-Southern Pines, NC Micro Area",59963,97294,44.3,70123,16293,7170,39821,30143,216500,38240,,msa,38240,,2019
"Pittsburg, KS Micro Area",41004,38968,32.5,23261,4365,2003,15284,9076,93900,38260,,msa,38260,,2019
"Pittsburgh, PA Metro Area",60535,2331447,43.1,1691994,359756,165127,1009415,702216,154000,38300,,msa,38300,,2019
"Pittsfield, MA Metro Area",59230,126425,47.1,92628,17354,9864,54813,37928,216100,38340,,msa,38340,,2019
"Plainview, TX Micro Area",48384,33826,33.4,20884,2417,906,10933,6810,82700,38380,,msa,38380,,2019
"Platteville, WI Micro Area",54800,51733,36.0,31797,4751,1886,19583,13779,147700,38420,,msa,38420,,2019
"Plattsburgh, NY Micro Area",56365,80583,39.5,55211,6630,4668,31301,20810,134100,38460,,msa,38460,,2019
"Plymouth, IN Micro Area",52658,46461,40.0,30735,3697,1874,17304,12929,138700,38500,,msa,38500,,2019
"Pocatello, ID Metro Area",51429,93436,34.1,59229,10859,3330,33788,23001,159100,38540,,msa,38540,,2019
"Point Pleasant, WV-OH Micro Area",45351,56908,42.5,39947,3996,1774,22622,17399,100800,38580,,msa,38580,,2019
"Ponca City, OK Micro Area",46809,44402,38.4,29501,4063,1082,17610,11879,92100,38620,,msa,38620,,2019
"Ponce, PR Metro Area",17683,226117,40.6,156477,29967,6728,81129,54405,95300,38660,,msa,38660,,2019
"Pontiac, IL Micro Area",55160,36040,42.0,25434,2531,876,14307,10417,109400,38700,,msa,38700,,2019
"Poplar Bluff, MO Micro Area",38726,56223,41.6,38800,3149,1285,21449,14435,104700,38740,,msa,38740,,2019
"Portales, NM Micro Area",42702,18888,30.0,10813,1689,704,6814,3984,118200,38780,,msa,38780,,2019
"Port Angeles, WA Micro Area",52192,75392,50.8,57648,9281,4684,32958,23198,253800,38820,,msa,38820,,2019
"Portland-South Portland, ME Metro Area",70266,532075,43.7,388429,99438,42963,221938,158513,263300,38860,,msa,38860,,2019
"Portland-Vancouver-Hillsboro, OR-WA Metro Area",74792,2445761,38.1,1717941,424888,180459,938646,585963,368800,38900,,msa,38900,,2019
"Port Lavaca, TX Micro Area",58776,21668,37.7,14380,1310,598,7582,5518,120200,38920,,msa,38920,,2019
"Port St. Lucie, FL Metro Area",55153,472012,47.8,349901,58367,23653,179289,134411,210100,38940,,msa,38940,,2019
"Portsmouth, OH Micro Area",41330,76040,39.9,52837,4641,2874,29858,20188,97800,39020,,msa,39020,,2019
"Pottsville, PA Micro Area",52280,142674,44.4,104498,11658,4378,58749,44446,102100,39060,,msa,39060,,2019
"Poughkeepsie-Newburgh-Middletown, NY Metro Area",80534,673839,39.2,448388,81414,50771,236429,160124,276500,39100,,msa,39100,,2019
"Prescott Valley-Prescott, AZ Metro Area",52451,228067,53.4,175215,26314,13220,98386,70821,252000,39150,,msa,39150,,2019
"Price, UT Micro Area",51158,20308,37.5,13082,1537,524,7829,5773,140800,39220,,msa,39220,,2019
"Prineville, OR Micro Area",49006,23011,47.5,17124,2305,781,9588,6925,246100,39260,,msa,39260,,2019
"Providence-Warwick, RI-MA Metro Area",67818,1618268,40.3,1130015,221987,103892,628401,386000,276900,39300,,msa,39300,,2019
"Provo-Orem, UT Metro Area",74387,616791,24.8,305813,84820,28223,169455,115012,303300,39340,,msa,39340,,2019
"Pueblo, CO Metro Area",46783,165982,39.3,113465,16263,6593,64314,41589,164600,39380,,msa,39380,,2019
"Pullman, WA Micro Area",42745,49231,24.7,24362,6194,3451,17999,7853,217600,39420,,msa,39420,,2019
"Punta Gorda, FL Metro Area",51499,181067,59.1,149434,21996,9675,76891,61262,195400,39460,,msa,39460,,2019
"Quincy, IL-MO Micro Area",52132,76040,41.4,52627,7881,3678,30864,22334,123500,39500,,msa,39500,,2019
"Racine, WI Metro Area",61336,195602,40.2,133504,22178,9137,76974,52019,176000,39540,,msa,39540,,2019
"Raleigh-Cary, NC Metro Area",75851,1332311,36.7,889979,263202,112345,494521,324773,249800,39580,,msa,39580,,2019
"Rapid City, SD Metro Area",57615,138402,38.5,93854,19106,7081,55101,38451,188400,39660,,msa,39660,,2019
"Raymondville, TX Micro Area",35521,21588,33.0,13296,866,267,5782,4078,55300,39700,,msa,39700,,2019
"Reading, PA Metro Area",63728,418025,39.9,283578,45558,19263,154712,110655,178700,39740,,msa,39740,,2019
"Red Bluff, CA Micro Area",44514,63912,41.0,43850,4864,1418,24189,15813,215900,39780,,msa,39780,,2019
"Redding, CA Metro Area",54667,179212,41.5,126524,18727,6098,71181,45548,252300,39820,,msa,39820,,2019
"Red Wing, MN Micro Area",66800,46246,42.2,32680,5894,1960,19452,14644,204100,39860,,msa,39860,,2019
"Reno, NV Metro Area",64801,460924,38.5,319337,61333,24817,183807,107725,333000,39900,,msa,39900,,2019
"Rexburg, ID Micro Area",43630,52120,24.4,24757,5435,1375,15363,8443,201100,39940,,msa,39940,,2019
"Richmond, IN Micro Area",46516,66342,40.6,45550,4778,2520,26644,17837,100500,39980,,msa,39980,,2019
"Rockford, IL Metro Area",56027,338356,39.5,228990,33099,14641,133350,90634,124800,40420,,msa,40420,,2019
"Rockingham, NC Micro Area",36148,44997,40.5,30583,3187,1373,18380,12162,83200,40460,,msa,40460,,2019
"Rockport, TX Micro Area",45137,24462,50.6,17878,2423,999,9548,7657,156800,40530,,msa,40530,,2019
"Rock Springs, WY Micro Area",74843,43521,35.3,27962,4136,1563,15523,11832,205600,40540,,msa,40540,,2019
"Rocky Mount, NC Metro Area",44559,146678,41.7,101135,12708,4448,58162,36617,111100,40580,,msa,40580,,2019
"Rolla, MO Micro Area",44154,44630,35.3,27761,4428,2345,17981,10725,135000,40620,,msa,40620,,2019
"Rome, GA Metro Area",48336,97369,38.3,64816,7508,3907,35679,21780,132400,40660,,msa,40660,,2019
"Roseburg, OR Micro Area",47267,109114,47.1,80569,8710,3782,45456,30986,199200,40700,,msa,40700,,2019
"Roswell, NM Micro Area",43359,65144,35.7,41374,4980,1827,23284,16040,108700,40740,,msa,40740,,2019
"Ruidoso, NM Micro Area",46216,19461,50.9,14676,2588,863,7566,6096,193900,40760,,msa,40760,,2019
"Russellville, AR Micro Area",43633,85225,36.8,54998,7407,2780,30082,20926,121800,40780,,msa,40780,,2019
"Ruston, LA Micro Area",35467,47246,28.3,25824,5485,2672,17712,9120,154500,40820,,msa,40820,,2019
"Rutland, VT Micro Area",56139,58892,46.5,42700,8280,3710,25338,18100,177400,40860,,msa,40860,,2019
"Sacramento-Roseville-Folsom, CA Metro Area",72280,2315980,37.4,1563591,340238,121518,831150,501039,387500,40900,,msa,40900,,2019
"Safford, AZ Micro Area",51353,37996,33.6,23706,2346,1004,11017,7741,138700,40940,,msa,40940,,2019
"Saginaw, MI Metro Area",48000,191821,40.9,131963,17593,6863,78933,56249,101300,40980,,msa,40980,,2019
"Richmond, VA Metro Area",68529,1269530,38.8,878421,202986,91848,481217,315671,237500,40060,,msa,40060,,2019
"Richmond-Berea, KY Micro Area",47106,105026,35.3,65747,10645,5255,38858,23667,149600,40080,,msa,40080,,2019
"Rio Grande City-Roma, TX Micro Area",30387,64078,28.8,35597,2537,794,16188,12160,71900,40100,,msa,40100,,2019
"Riverside-San Bernardino-Ontario, CA Metro Area",65121,4560470,34.5,2910489,404915,162937,1360934,861225,341300,40140,,msa,40140,,2019
"Riverton, WY Micro Area",55896,39812,38.7,26531,4157,1669,14907,10503,196400,40180,,msa,40180,,2019
"Roanoke, VA Metro Area",56596,313009,42.8,223719,38790,15515,128432,88373,180100,40220,,msa,40220,,2019
"Roanoke Rapids, NC Micro Area",36128,71136,45.3,51140,4802,1912,29564,19004,85500,40260,,msa,40260,,2019
"Rochelle, IL Micro Area",60986,51025,42.4,35569,5072,2109,21021,15390,146900,40300,,msa,40300,,2019
"Rochester, MN Metro Area",73697,217964,38.4,148177,33681,14384,87500,65743,201100,40340,,msa,40340,,2019
"Rochester, NY Metro Area",60102,1072877,40.2,742612,144769,87921,433113,290619,144400,40380,,msa,40380,,2019
"St. Cloud, MN Metro Area",61985,198581,34.9,124707,23024,6946,75931,51578,182700,41060,,msa,41060,,2019
"St. George, UT Metro Area",59839,165811,37.1,106855,18456,7674,57144,40230,283800,41100,,msa,41100,,2019
"St. Joseph, MO-KS Metro Area",52810,126173,38.9,86968,12292,4132,47117,31119,123100,41140,,msa,41140,,2019
"St. Louis, MO-IL Metro Area",63705,2805190,39.3,1941293,396882,200787,1126934,776324,172700,41180,,msa,41180,,2019
"St. Marys, GA Micro Area",56951,53231,32.8,33629,5080,2080,19338,12095,165700,41220,,msa,41220,,2019
"St. Marys, PA Micro Area",53440,30340,47.4,22240,3131,985,14020,11014,103200,41260,,msa,41260,,2019
"Salem, OH Micro Area",48345,103190,44.1,74275,7397,2874,41537,30536,109400,41400,,msa,41400,,2019
"Salem, OR Metro Area",60178,422678,36.6,277281,44901,17779,148343,91182,250800,41420,,msa,41420,,2019
"Salina, KS Micro Area",52383,60523,39.1,41174,7395,2542,24405,16593,133900,41460,,msa,41460,,2019
"Salinas, CA Metro Area",71015,433410,34.4,275668,40905,18092,127155,64900,516600,41500,,msa,41500,,2019
"Salisbury, MD-DE Metro Area",60446,404417,45.5,288907,46249,24569,160153,117545,234800,41540,,msa,41540,,2019
"Salt Lake City, UT Metro Area",74842,1201043,32.7,753750,169398,65763,395298,268131,298600,41620,,msa,41620,,2019
"San Angelo, TX Metro Area",53883,120837,34.1,77395,12315,4607,44454,28421,140000,41660,,msa,41660,,2019
"San Antonio-New Braunfels, TX Metro Area",60327,2468193,34.7,1595600,287250,119812,811335,507632,171000,41700,,msa,41700,,2019
"San Diego-Chula Vista-Carlsbad, CA Metro Area",78980,3316073,35.8,2246571,533725,225220,1125286,600104,563700,41740,,msa,41740,,2019
"Sandpoint, ID Micro Area",50256,43611,47.9,32261,4993,1691,17537,13269,254200,41760,,msa,41760,,2019
"Sandusky, OH Micro Area",54226,74780,44.8,53639,7815,3352,31183,21593,139900,41780,,msa,41780,,2019
"Sanford, NC Micro Area",49994,60481,38.6,40732,5807,2292,21894,14601,144200,41820,,msa,41820,,2019
"San Francisco-Oakland-Berkeley, CA Metro Area",106025,4701332,39.0,3396863,993618,465156,1703275,931032,840600,41860,,msa,41860,,2019
"San Germán, PR Metro Area",16151,125324,44.0,89159,15351,3324,41921,28285,94300,41900,,msa,41900,,2019
"San Jose-Sunnyvale-Santa Clara, CA Metro Area",122478,1987846,37.1,1373916,374919,240771,658350,372659,968800,41940,,msa,41940,,2019
"San Juan-Bayamón-Caguas, PR Metro Area",23156,2100207,41.5,1488622,289553,85069,760282,518719,123100,41980,,msa,41980,,2019
"Sayre, PA Micro Area",52358,60963,44.5,43059,5217,2077,25021,18520,150600,42380,,msa,42380,,2019
"Scottsbluff, NE Micro Area",49766,38015,39.6,25520,4115,1331,15559,10452,128100,42420,,msa,42420,,2019
"Scottsboro, AL Micro Area",41769,51852,43.1,36999,3525,1284,20695,15629,104900,42460,,msa,42460,,2019
"Scottsburg, IN Micro Area",48700,23759,41.5,16448,1147,689,8971,6456,103000,42500,,msa,42500,,2019
"Scranton--Wilkes-Barre, PA Metro Area",53491,555642,42.7,395635,61264,27066,226611,151792,139400,42540,,msa,42540,,2019
"Searcy, AR Micro Area",44029,78762,36.9,51108,6466,2986,29055,19195,120100,42620,,msa,42620,,2019
"Seattle-Tacoma-Bellevue, WA Metro Area",86856,3871323,37.0,2710593,720311,318306,1499147,900265,436100,42660,,msa,42660,,2019
"Sebastian-Vero Beach, FL Metro Area",54740,153989,53.5,118504,21086,9332,58612,46440,202300,42680,,msa,42680,,2019
"Sebring-Avon Park, FL Metro Area",40942,103437,53.5,79028,8658,3554,41740,31436,108100,42700,,msa,42700,,2019
"Sedalia, MO Micro Area",46157,42355,37.8,28183,3176,1509,16033,11029,119100,42740,,msa,42740,,2019
"Selinsgrove, PA Micro Area",58997,40483,40.2,27048,3379,1365,14794,10676,166100,42780,,msa,42780,,2019
"Selma, AL Micro Area",33845,39149,39.6,26200,2305,1278,15910,9441,83300,42820,,msa,42820,,2019
"Seneca, SC Micro Area",49134,77528,45.7,56126,8465,4441,31978,23253,159800,42860,,msa,42860,,2019
"Seneca Falls, NY Micro Area",54545,34390,42.1,24710,2903,1837,13564,10022,107100,42900,,msa,42900,,2019
"Sevierville, TN Micro Area",49610,97068,42.9,69559,8241,2594,37210,25815,175500,42940,,msa,42940,,2019
"Seymour, IN Micro Area",51250,44025,38.5,29972,3320,1391,16753,12072,125300,42980,,msa,42980,,2019
"San Luis Obispo-Paso Robles, CA Metro Area",73518,282165,39.2,188857,41436,17012,105981,65248,574000,42020,,msa,42020,,2019
"Santa Cruz-Watsonville, CA Metro Area",82234,273962,37.8,180000,42819,19835,95818,57561,756600,42100,,msa,42100,,2019
"Santa Fe, NM Metro Area",61200,149293,46.3,110804,22624,14688,61921,43900,291800,42140,,msa,42140,,2019
"Santa Isabel, PR Micro Area",19827,21757,38.8,14655,2585,922,7367,5714,93500,42180,,msa,42180,,2019
"Santa Maria-Santa Barbara, CA Metro Area",74624,444829,33.8,275092,55474,24612,145856,75945,577400,42200,,msa,42200,,2019
"Santa Rosa-Petaluma, CA Metro Area",81018,499772,42.1,359314,79864,30937,189374,116393,609600,42220,,msa,42220,,2019
"Sault Ste. Marie, MI Micro Area",46486,37629,40.5,26027,3711,1267,13999,9442,119100,42300,,msa,42300,,2019
"Savannah, GA Metro Area",59459,386036,35.6,257122,50199,21681,142788,84628,188900,42340,,msa,42340,,2019
"Shawano, WI Micro Area",55152,45462,44.0,31918,3258,1420,18412,14095,135000,43020,,msa,43020,,2019
"Shawnee, OK Micro Area",49250,72154,37.7,47826,5751,2247,25917,18006,120500,43060,,msa,43060,,2019
"Sheboygan, WI Metro Area",60696,115178,41.5,80031,14106,4752,47738,33398,159700,43100,,msa,43100,,2019
"Shelby, NC Micro Area",42247,97282,41.8,66846,7292,3104,35638,24156,120100,43140,,msa,43140,,2019
"Shelbyville, TN Micro Area",50415,48292,37.9,32037,3670,1197,17029,11673,151100,43180,,msa,43180,,2019
"Shelton, WA Micro Area",57634,63804,45.6,46799,5369,2117,24278,18787,226500,43220,,msa,43220,,2019
"Sheridan, WY Micro Area",60807,30140,42.3,21423,3540,2239,13251,9117,272400,43260,,msa,43260,,2019
"Sherman-Denison, TX Metro Area",54815,131014,39.9,88311,12286,4128,48454,32756,137400,43300,,msa,43300,,2019
"Show Low, AZ Micro Area",40067,109270,37.3,70525,6176,3540,34990,24067,126100,43320,,msa,43320,,2019
"Shreveport-Bossier City, LA Metro Area",46407,399619,36.9,267961,39758,16830,156062,96389,155400,43340,,msa,43340,,2019
"Sidney, OH Micro Area",63806,48749,39.5,32352,3791,1872,18608,13246,145600,43380,,msa,43380,,2019
"Sierra Vista-Douglas, AZ Metro Area",49260,125867,41.1,87639,12450,6313,50163,34577,146800,43420,,msa,43420,,2019
"Sikeston, MO Micro Area",44139,38633,40.0,26305,2619,1294,15230,10152,109200,43460,,msa,43460,,2019
"Silver City, NM Micro Area",37843,27669,46.4,19945,3412,1779,11851,8067,125100,43500,,msa,43500,,2019
"Sioux City, IA-NE-SD Metro Area",59937,143846,36.0,92722,14124,4699,55391,37178,126200,43580,,msa,43580,,2019
"Sioux Falls, SD Metro Area",65621,259348,35.2,169909,39395,12470,102294,68130,193300,43620,,msa,43620,,2019
"Snyder, TX Micro Area",54326,17096,36.4,11141,1211,414,5941,4467,85500,43660,,msa,43660,,2019
"Somerset, KY Micro Area",39998,64350,42.0,45156,4260,2197,25301,17453,116200,43700,,msa,43700,,2019
"Somerset, PA Micro Area",49089,74361,46.1,55461,5880,2217,29644,23143,107000,43740,,msa,43740,,2019
"Sonora, CA Micro Area",60108,54045,48.4,41304,5460,2045,22502,16039,289200,43760,,msa,43760,,2019
"South Bend-Mishawaka, IN-MI Metro Area",53323,321739,38.1,212946,36115,15665,122891,86271,131500,43780,,msa,43780,,2019
"Spartanburg, SC Metro Area",52332,307617,38.2,207762,32487,13809,116645,82396,141400,43900,,msa,43900,,2019
"Spearfish, SD Micro Area",52641,25478,42.1,17714,4198,1364,11048,7147,207900,43940,,msa,43940,,2019
"Spencer, IA Micro Area",50521,16211,42.9,11372,1885,474,7212,4884,124100,43980,,msa,43980,,2019
"Spirit Lake, IA Micro Area",59969,17127,48.4,12748,3132,726,8174,6489,194300,44020,,msa,44020,,2019
"Spokane-Spokane Valley, WA Metro Area",56410,550160,38.2,377041,70793,29422,220365,140251,222400,44060,,msa,44060,,2019
"Springfield, IL Metro Area",62533,209167,40.4,145307,30820,13069,88899,61724,141500,44100,,msa,44100,,2019
"Springfield, MA Metro Area",59419,699480,39.3,470729,87165,49242,268830,169988,228100,44140,,msa,44140,,2019
"Springfield, MO Metro Area",48549,462434,36.8,303598,53353,22197,188342,116654,147700,44180,,msa,44180,,2019
"Springfield, OH Metro Area",50873,134726,41.1,92132,10507,5176,54696,36093,115500,44220,,msa,44220,,2019
"Starkville, MS Micro Area",41109,59280,27.8,32461,6079,3864,21580,12087,144500,44260,,msa,44260,,2019
"State College, PA Metro Area",60403,161960,32.3,98912,23415,12805,58201,35806,234900,44300,,msa,44300,,2019
"Statesboro, GA Micro Area",45550,76120,28.8,42557,6007,3588,27375,14758,140700,44340,,msa,44340,,2019
"Staunton, VA Metro Area",57140,121651,43.7,88085,13694,6424,49329,34806,198600,44420,,msa,44420,,2019
"Steamboat Springs, CO Micro Area",77443,25072,40.2,18540,5811,2333,9603,6837,535300,44460,,msa,44460,,2019
"Stephenville, TX Micro Area",52742,41841,30.4,24233,5387,1637,13595,8623,159900,44500,,msa,44500,,2019
"Sterling, CO Micro Area",53318,22380,38.2,15155,2103,782,8393,5476,157900,44540,,msa,44540,,2019
"Sterling, IL Micro Area",54232,56016,43.4,39288,4792,1856,23084,17279,106700,44580,,msa,44580,,2019
"Stevens Point, WI Micro Area",58853,70632,37.0,45350,10399,3070,28675,19794,168100,44620,,msa,44620,,2019
"Stillwater, OK Micro Area",41603,81815,27.3,44010,9445,4108,30788,15910,161700,44660,,msa,44660,,2019
"Stockton, CA Metro Area",64432,742603,34.3,467455,60276,19050,228567,129419,342100,44700,,msa,44700,,2019
"Storm Lake, IA Micro Area",57125,20058,35.0,12564,1690,530,7524,4861,115600,44740,,msa,44740,,2019
"Sturgis, MI Micro Area",52086,60836,39.6,40926,4273,1908,24150,18018,122300,44780,,msa,44780,,2019
"Sulphur Springs, TX Micro Area",52078,36486,39.2,24497,3501,1127,13424,9343,114900,44860,,msa,44860,,2019
"Summerville, GA Micro Area",36807,24812,39.4,17107,904,435,9260,6315,72200,44900,,msa,44900,,2019
"Sumter, SC Metro Area",44486,140714,38.1,94383,10868,5041,54937,37115,112300,44940,,msa,44940,,2019
"Sunbury, PA Micro Area",48671,91761,44.5,67192,7491,2752,39075,27654,117400,44980,,msa,44980,,2019
"Susanville, CA Micro Area",56352,30818,36.6,22615,2080,557,9280,6270,203000,45000,,msa,45000,,2019
"Sweetwater, TX Micro Area",45537,14904,37.5,9499,1058,315,5407,3635,75500,45020,,msa,45020,,2019
"Syracuse, NY Metro Area",60337,652416,39.6,443938,79208,45563,257280,173852,137200,45060,,msa,45060,,2019
"Tahlequah, OK Micro Area",42774,48664,35.3,30435,5188,2157,16665,11391,118000,45140,,msa,45140,,2019
"Talladega-Sylacauga, AL Micro Area",41325,80387,41.3,55993,5270,2406,31395,22382,105300,45180,,msa,45180,,2019
"Tallahassee, FL Metro Area",51874,382197,33.8,238697,52406,24823,147777,86329,177600,45220,,msa,45220,,2019
"Tampa-St. Petersburg-Clearwater, FL Metro Area",55285,3097859,42.1,2235378,438271,170198,1213267,787384,193500,45300,,msa,45300,,2019
"Taos, NM Micro Area",38329,32786,48.8,24334,4127,2162,12103,9249,239500,45340,,msa,45340,,2019
"Taylorville, IL Micro Area",52834,32931,43.4,23675,2756,960,13901,10435,90900,45380,,msa,45380,,2019
"Terre Haute, IN Metro Area",48591,186908,38.6,125319,15768,7181,72902,49462,92900,45460,,msa,45460,,2019
"Texarkana, TX-AR Metro Area",47377,149292,38.6,101603,12737,4826,55865,36079,111500,45500,,msa,45500,,2019
"The Dalles, OR Micro Area",53105,26130,40.8,18299,2265,996,10305,6408,212900,45520,,msa,45520,,2019
"The Villages, FL Metro Area",57226,125044,67.4,112211,20675,11859,56230,50446,258600,45540,,msa,45540,,2019
"Thomaston, GA Micro Area",37640,26236,42.1,17929,1521,568,10154,6861,93300,45580,,msa,45580,,2019
"Thomasville, GA Micro Area",43740,44630,40.4,30392,4213,2409,17595,10774,146800,45620,,msa,45620,,2019
"Tiffin, OH Micro Area",52500,55351,39.9,37220,3887,1941,21648,15642,106500,45660,,msa,45660,,2019
"Tifton, GA Micro Area",45639,40541,36.2,25790,2488,1461,15144,9087,118100,45700,,msa,45700,,2019
"Toccoa, GA Micro Area",47164,25750,41.8,17427,2051,1090,9543,6661,105300,45740,,msa,45740,,2019
"Toledo, OH Metro Area",52601,644137,38.1,432298,71433,31563,265076,167757,130900,45780,,msa,45780,,2019
"Topeka, KS Metro Area",57603,232778,39.9,158470,29354,12006,94658,64338,133800,45820,,msa,45820,,2019
"Torrington, CT Micro Area",79906,182002,47.3,134619,27631,15493,74143,56714,251000,45860,,msa,45860,,2019
"Traverse City, MI Micro Area",61019,149033,45.5,109318,22771,10234,60395,48545,203100,45900,,msa,45900,,2019
"Trenton-Princeton, NJ Metro Area",81057,367922,38.8,247534,54547,34415,129936,81925,291100,45940,,msa,45940,,2019
"Troy, AL Micro Area",37446,33333,31.2,19298,2718,1277,11601,7225,120000,45980,,msa,45980,,2019
"Truckee-Grass Valley, CA Micro Area",66096,99244,50.5,76000,18412,6997,40855,30316,431000,46020,,msa,46020,,2019
"Tucson, AZ Metro Area",53379,1027207,38.5,687804,128683,64709,404739,255677,184100,46060,,msa,46060,,2019
"Tullahoma-Manchester, TN Micro Area",51361,103312,41.1,70754,8742,4332,40564,29105,144500,46100,,msa,46100,,2019
"Tulsa, OK Metro Area",55739,990544,37.0,658958,124279,41496,382217,247603,150500,46140,,msa,46140,,2019
"Tupelo, MS Micro Area",46258,165407,38.1,109682,13780,5385,60680,42726,113500,46180,,msa,46180,,2019
"Tuscaloosa, AL Metro Area",50408,250681,34.4,159265,26448,11933,88699,58202,159500,46220,,msa,46220,,2019
"Twin Falls, ID Metro Area",52919,108599,34.2,68442,8465,3380,39168,26655,166400,46300,,msa,46300,,2019
"Tyler, TX Metro Area",56810,227449,36.6,148915,26482,8718,77678,51589,158600,46340,,msa,46340,,2019
"Ukiah, CA Micro Area",51416,87224,43.1,62005,9685,3480,34408,20611,377500,46380,,msa,46380,,2019
"Union, SC Micro Area",41186,27490,44.0,19529,1408,642,11432,7803,80000,46420,,msa,46420,,2019
"Union City, TN Micro Area",39615,30365,42.6,21277,2185,826,12717,8254,91500,46460,,msa,46460,,2019
"Urbana, OH Micro Area",60112,38845,41.9,26852,2838,1311,15159,11091,132800,46500,,msa,46500,,2019
"Urban Honolulu, HI Metro Area",85857,984821,37.9,682097,156134,55185,312795,175751,678200,46520,,msa,46520,,2019
"Utica-Rome, NY Metro Area",55757,292016,41.7,202676,29469,15918,114253,78599,122200,46540,,msa,46540,,2019
"Uvalde, TX Micro Area",41679,26920,33.7,16740,2343,494,8841,6482,89000,46620,,msa,46620,,2019
"Valdosta, GA Metro Area",41647,145315,32.1,88814,12763,5547,52892,29732,132100,46660,,msa,46660,,2019
"Vallejo, CA Metro Area",81472,441829,38.1,303699,56528,18104,149865,92149,406900,46700,,msa,46700,,2019
"Van Wert, OH Micro Area",54254,28261,41.2,19405,1962,1061,11544,8899,104900,46780,,msa,46780,,2019
"Vermillion, SD Micro Area",50724,13957,24.9,6953,1750,862,5233,2811,168300,46820,,msa,46820,,2019
"Vernal, UT Micro Area",65264,36084,30.6,20906,2401,610,10569,8023,197000,46860,,msa,46860,,2019
"Vernon, TX Micro Area",45302,12833,39.4,8856,1017,255,5180,3146,68300,46900,,msa,46900,,2019
"Vicksburg, MS Micro Area",45113,46519,39.1,31420,4479,1852,18235,12053,128400,46980,,msa,46980,,2019
"Victoria, TX Metro Area",57163,99674,36.7,65567,8742,3057,34982,23529,142500,47020,,msa,47020,,2019
"Vidalia, GA Micro Area",40513,36030,37.3,23582,2083,1324,13127,8214,92300,47080,,msa,47080,,2019
"Vincennes, IN Micro Area",47380,37065,37.9,24510,2485,1245,15038,9708,96800,47180,,msa,47180,,2019
"Vineland-Bridgeton, NJ Metro Area",54149,151906,37.6,103121,11107,3837,50729,33093,162500,47220,,msa,47220,,2019
"Vineyard Haven, MA Micro Area",71811,17312,47.1,12824,3390,1496,6765,4893,699500,47240,,msa,47240,,2019
"Virginia Beach-Norfolk-Newport News, VA-NC Metro Area",66759,1761729,36.3,1182298,230822,110356,663821,409367,245100,47260,,msa,47260,,2019
"Visalia, CA Metro Area",49687,461898,31.0,271351,26586,9274,138238,78866,205000,47300,,msa,47300,,2019
"Wabash, IN Micro Area",54259,31389,42.3,21643,2295,1381,12862,9516,100500,47340,,msa,47340,,2019
"Waco, TX Metro Area",49077,268361,33.7,164471,24799,9615,95253,57105,138600,47380,,msa,47380,,2019
"Wahpeton, ND-MN Micro Area",61136,22545,39.0,14937,2488,651,9595,7004,132300,47420,,msa,47420,,2019
"Walla Walla, WA Metro Area",57858,60365,37.5,39728,7196,3289,22646,14677,224800,47460,,msa,47460,,2019
"Wapakoneta, OH Micro Area",64074,45729,41.1,31012,3633,1765,18888,14304,147300,47540,,msa,47540,,2019
"Warner Robins, GA Metro Area",58832,180652,35.7,118143,18830,10409,67192,42917,142000,47580,,msa,47580,,2019
"Warren, PA Micro Area",50250,39756,47.4,29194,3742,1525,17115,13157,98000,47620,,msa,47620,,2019
"Kingsport-Bristol, TN-VA Metro Area",44869,306546,45.3,223824,29283,12427,128074,92790,134400,28700,,msa,28700,,2019
"Kingston, NY Metro Area",64304,178665,44.0,130190,22618,14734,69320,47321,230500,28740,,msa,28740,,2019
"Kingsville, TX Micro Area",43500,31542,28.4,17565,3023,903,11152,5827,91600,28780,,msa,28780,,2019
"Kinston, NC Micro Area",39402,56756,42.7,39614,3990,1415,23148,13738,95500,28820,,msa,28820,,2019
"Kirksville, MO Micro Area",42042,29924,29.3,16536,2189,1446,10733,6583,118100,28860,,msa,28860,,2019
"Klamath Falls, OR Micro Area",46491,66921,42.2,46938,5918,2533,27886,17924,170600,28900,,msa,28900,,2019
"Knoxville, TN Metro Area",54636,853337,40.4,591129,105440,47057,341209,234316,171300,28940,,msa,28940,,2019
"Kalamazoo-Portage, MI Metro Area",56511,262745,34.4,164642,38045,18980,103445,66214,159300,28020,,msa,28020,,2019
"Kalispell, MT Micro Area",56182,99899,42.2,70742,14914,4620,38773,28738,273600,28060,,msa,28060,,2019
"Kankakee, IL Metro Area",58902,110637,37.7,72882,9399,4578,39796,27072,147900,28100,,msa,28100,,2019
"Kansas City, MO-KS Metro Area",66632,2124518,37.4,1433633,336503,145734,830500,540673,183300,28140,,msa,28140,,2019
"Kapaa, HI Micro Area",83554,71769,42.6,51052,10242,3142,22658,14320,570700,28180,,msa,28180,,2019
"Kearney, NE Micro Area",59493,55738,34.2,34625,7739,2644,21728,14338,171800,28260,,msa,28260,,2019
"Keene, NH Micro Area",64751,76042,43.1,53191,10839,5152,30141,20929,195300,28300,,msa,28300,,2019
"Kendallville, IN Micro Area",56789,47506,38.7,31520,3071,947,18276,14002,125800,28340,,msa,28340,,2019
"Kennett, MO Micro Area",36380,30027,40.0,19951,1771,685,12342,7657,76500,28380,,msa,28380,,2019
"Kennewick-Richland, WA Metro Area",67310,289527,33.9,181035,30241,13297,98844,67932,226700,28420,,msa,28420,,2019
"Kerrville, TX Micro Area",55990,51843,47.4,37607,6590,2663,21403,15136,180600,28500,,msa,28500,,2019
"Ketchikan, AK Micro Area",72728,13800,39.7,9642,1664,581,5397,3322,289900,28540,,msa,28540,,2019
"Key West, FL Micro Area",70033,75798,47.7,59492,12789,5242,32068,19078,494100,28580,,msa,28580,,2019
"Kill Devil Hills, NC Micro Area",59381,36222,46.5,26948,5990,2542,15529,11551,289000,28620,,msa,28620,,2019
"Killeen-Temple, TX Metro Area",54798,444716,31.6,273995,41962,16536,152818,85602,143700,28660,,msa,28660,,2019
"Kokomo, IN Metro Area",52373,82331,41.7,56983,8006,3541,34701,24376,109500,29020,,msa,29020,,2019
"Laconia, NH Micro Area",69447,60887,47.4,45114,8810,4420,25052,18918,226500,29060,,msa,29060,,2019
"La Crosse-Onalaska, WI-MN Metro Area",58501,136542,37.2,88785,18870,7476,55771,36562,173400,29100,,msa,29100,,2019
"Lafayette, LA Metro Area",51955,489914,36.0,325714,53406,16146,181798,125557,157100,29180,,msa,29180,,2019
"Lafayette-West Lafayette, IN Metro Area",53321,228541,30.0,131562,25872,12811,85317,50661,145800,29200,,msa,29200,,2019
"La Grande, OR Micro Area",52171,26337,40.2,17539,2904,970,10708,6911,185400,29260,,msa,29260,,2019
"LaGrange, GA-AL Micro Area",44439,103579,38.1,69509,7773,2812,38376,23376,121100,29300,,msa,29300,,2019
"Lake Charles, LA Metro Area",51196,208549,36.3,138239,20193,7261,80514,54776,155600,29340,,msa,29340,,2019
"Lake City, FL Micro Area",46494,69968,40.4,48455,4945,1452,25133,17953,124200,29380,,msa,29380,,2019
"Lake Havasu City-Kingman, AZ Metro Area",45587,207695,51.6,158391,13078,4936,86889,60192,160500,29420,,msa,29420,,2019
"Lakeland-Winter Haven, FL Metro Area",50584,686218,40.2,475256,62685,24549,235283,162088,150800,29460,,msa,29460,,2019
"Lamesa, TX Micro Area",43239,12813,33.5,8084,948,180,4322,2995,73400,29500,,msa,29500,,2019
"Lancaster, PA Metro Area",66056,540999,38.6,363973,63009,27216,201620,137217,209400,29540,,msa,29540,,2019
"Lansing-East Lansing, MI Metro Area",57925,546772,36.4,354964,67569,32501,214641,142764,146700,29620,,msa,29620,,2019
"Laramie, WY Micro Area",49322,38390,27.6,21477,6170,3235,15944,8138,235000,29660,,msa,29660,,2019
"Laredo, TX Metro Area",46475,273526,28.8,151324,20686,6233,74789,46513,125900,29700,,msa,29700,,2019
"Las Cruces, NM Metro Area",40973,216069,33.1,130958,21105,10457,77842,49113,147400,29740,,msa,29740,,2019
"Las Vegas, NM Micro Area",30666,32274,45.8,23151,2517,1562,13322,9631,130200,29780,,msa,29780,,2019
"Las Vegas-Henderson-Paradise, NV Metro Area",59340,2182004,37.3,1489158,240892,86429,783524,421252,262700,29820,,msa,29820,,2019
"Laurel, MS Micro Area",40585,84857,38.3,56282,6576,3418,31487,23696,92600,29860,,msa,29860,,2019
"Laurinburg, NC Micro Area",37238,35076,39.3,23614,2326,974,12922,7817,85500,29900,,msa,29900,,2019
"Lawrence, KS Metro Area",59435,120290,29.8,69728,18084,10816,46936,24082,199400,29940,,msa,29940,,2019
"Lawrenceburg, TN Micro Area",43614,43390,39.3,29194,2520,1255,15960,12025,112500,29980,,msa,29980,,2019
"Lawton, OK Metro Area",52076,127620,33.3,81298,10445,5466,45037,24469,121700,30020,,msa,30020,,2019
"Lebanon, MO Micro Area",47257,35531,40.3,24206,2491,763,14112,9807,113900,30060,,msa,30060,,2019
"Lebanon, NH-VT Micro Area",61913,217064,45.6,158032,30942,17402,88632,64591,207200,30100,,msa,30100,,2019
"Lebanon, PA Metro Area",60281,139729,41.0,95909,12576,5530,53579,37479,171300,30140,,msa,30140,,2019
"Levelland, TX Micro Area",48248,23064,33.8,14392,1589,539,7997,5640,93600,30220,,msa,30220,,2019
"Lewisburg, PA Micro Area",59399,45111,39.5,30613,4245,2456,14533,10521,189500,30260,,msa,30260,,2019
"Lewisburg, TN Micro Area",53197,32965,38.9,22727,2337,631,12324,8843,136400,30280,,msa,30280,,2019
"Lewiston, ID-WA Metro Area",56430,62638,42.3,44228,6956,1882,25485,18364,193700,30300,,msa,30300,,2019
"Lewiston-Auburn, ME Metro Area",53509,107602,41.0,74726,11335,3759,45630,29359,158200,30340,,msa,30340,,2019
"Lewistown, PA Micro Area",50219,46276,44.0,32448,2726,913,19043,13580,117900,30380,,msa,30380,,2019
"Lexington, NE Micro Area",54716,25746,36.7,16851,2154,540,9907,6699,105900,30420,,msa,30420,,2019
"Lexington-Fayette, KY Metro Area",58685,510647,36.1,336190,71583,34634,202126,119407,182700,30460,,msa,30460,,2019
"Liberal, KS Micro Area",49291,22349,29.4,12923,960,333,7321,4884,105300,30580,,msa,30580,,2019
"Lima, OH Metro Area",53131,103175,39.2,69145,7959,3695,40650,27263,118100,30620,,msa,30620,,2019
"Lincoln, IL Micro Area",57308,29003,40.1,20373,2822,975,10797,7854,103200,30660,,msa,30660,,2019
"Lincoln, NE Metro Area",61031,330329,33.7,205095,50172,19911,130924,79078,176600,30700,,msa,30700,,2019
"Little Rock-North Little Rock-Conway, AR Metro Area",54746,737015,36.9,493560,93094,39291,284127,182060,154600,30780,,msa,30780,,2019
"Lock Haven, PA Micro Area",50923,38915,38.6,25375,3154,1350,14690,10312,136600,30820,,msa,30820,,2019
"Logan, UT-ID Metro Area",58809,137629,25.7,70617,17112,5501,42790,27754,234100,30860,,msa,30860,,2019
"Logansport, IN Micro Area",49415,37880,40.8,25806,2441,840,14688,10863,89300,30900,,msa,30900,,2019
"London, KY Micro Area",35911,148221,39.0,100276,8004,5246,54776,37476,94400,30940,,msa,30940,,2019
"Longview, TX Metro Area",51580,284796,37.6,188442,24789,8332,100968,68938,134000,30980,,msa,30980,,2019
"Longview, WA Metro Area",54506,106778,41.3,74257,7906,3544,41952,27719,219300,31020,,msa,31020,,2019
"Los Alamos, NM Micro Area",121324,18625,42.3,13260,3525,2881,7931,5878,302800,31060,,msa,31060,,2019
"Los Angeles-Long Beach-Anaheim, CA Metro Area",72998,13249614,36.8,9055319,2025582,739910,4354287,2114788,613400,31080,,msa,31080,,2019
"Louisville/Jefferson County, KY-IN Metro Area",59158,1257088,39.0,867371,155154,73038,491443,329631,169500,31140,,msa,31140,,2019
"Lubbock, TX Metro Area",51942,316474,31.0,187606,34838,14111,117703,65696,137300,31180,,msa,31180,,2019
"Ludington, MI Micro Area",51725,28954,46.2,20993,2833,1566,12186,9366,141400,31220,,msa,31220,,2019
"Lufkin, TX Micro Area",50453,87322,37.5,57275,6413,2553,31035,20531,107600,31260,,msa,31260,,2019
"Lumberton, NC Micro Area",34976,132596,36.6,85549,7989,3078,45927,30128,75600,31300,,msa,31300,,2019
"Lynchburg, VA Metro Area",53798,261652,39.9,175296,29777,13861,100912,70843,169100,31340,,msa,31340,,2019
"Macomb, IL Micro Area",44471,30479,33.0,18224,2887,2075,11408,7569,91800,31380,,msa,31380,,2019
"Macon-Bibb County, GA Metro Area",44332,229504,38.3,153515,20710,9817,86131,52698,122200,31420,,msa,31420,,2019
"Madera, CA Metro Area",57585,155433,34.1,97527,9917,3059,44881,28772,251200,31460,,msa,31460,,2019
"Madison, IN Micro Area",52718,32201,40.8,22311,2560,1154,12632,9078,132900,31500,,msa,31500,,2019
"Madison, WI Metro Area",72374,653725,36.2,435823,120872,52570,271938,166247,248400,31540,,msa,31540,,2019
"Madisonville, KY Micro Area",47170,45331,41.8,31625,2863,1489,18588,12912,108700,31580,,msa,31580,,2019
"Magnolia, AR Micro Area",36193,23776,35.7,14661,1893,679,8562,6029,81900,31620,,msa,31620,,2019
"Malone, NY Micro Area",50407,50477,39.9,35065,3460,2599,19015,13577,108700,31660,,msa,31660,,2019
"Malvern, AR Micro Area",43889,33597,41.3,24293,2126,907,12599,9809,96700,31680,,msa,31680,,2019
"Manchester-Nashua, NH Metro Area",81460,413035,40.7,291168,70773,31606,161086,106397,274800,31700,,msa,31700,,2019
"Manhattan, KS Metro Area",54141,132928,26.6,71104,15625,7255,47872,23091,182300,31740,,msa,31740,,2019
"Manitowoc, WI Micro Area",56612,79185,44.9,56932,8232,2533,34563,26046,130100,31820,,msa,31820,,2019
"Mankato, MN Metro Area",60827,100749,33.1,61078,13825,4799,38976,25698,187600,31860,,msa,31860,,2019
"Mansfield, OH Metro Area",49547,121100,41.1,84649,10153,4110,48449,32633,110600,31900,,msa,31900,,2019
"Marietta, OH Micro Area",50021,60426,44.3,43293,5267,2027,25197,18553,132400,31930,,msa,31930,,2019
"Marinette, WI-MI Micro Area",48933,63465,48.7,47257,5332,1609,29100,22059,115700,31940,,msa,31940,,2019
"Marion, IN Micro Area",44356,66452,40.3,44057,4555,2518,26372,18046,92700,31980,,msa,31980,,2019
"McAllen-Edinburg-Mission, TX Metro Area",40014,855176,29.2,479260,63264,20013,238345,162163,87100,32580,,msa,32580,,2019
"McComb, MS Micro Area",31784,39532,37.2,25448,2632,1228,14404,9940,95500,32620,,msa,32620,,2019
"McMinnville, TN Micro Area",41125,40702,40.0,27890,2616,1002,15727,10926,112500,32660,,msa,32660,,2019
"McPherson, KS Micro Area",59089,28567,40.8,19422,3874,1153,12334,8573,151800,32700,,msa,32700,,2019
"Meadville, PA Micro Area",50304,85665,43.2,59729,7799,3449,35164,25633,113200,32740,,msa,32740,,2019
"Medford, OR Metro Area",53412,216574,42.6,155029,26514,11324,88241,55792,280300,32780,,msa,32780,,2019
"Memphis, TN-MS-AR Metro Area",53209,1339623,36.3,880776,152962,69189,497232,297553,152200,32820,,msa,32820,,2019
"Menomonie, WI Micro Area",58783,44759,34.7,27291,5051,1849,16859,11491,165200,32860,,msa,32860,,2019
"Merced, CA Metro Area",53672,271382,31.1,160388,14630,5301,80008,41795,252700,32900,,msa,32900,,2019
"Meridian, MS Micro Area",41107,101992,38.7,69000,7719,3692,39584,27023,88700,32940,,msa,32940,,2019
"Marion, NC Micro Area",43646,45227,43.9,32857,3958,1268,18173,13206,119200,32000,,msa,32000,,2019
"Marion, OH Micro Area",47498,65299,41.3,46308,3598,1799,24737,16419,100800,32020,,msa,32020,,2019
"Marquette, MI Micro Area",53970,66686,39.1,44463,10120,3140,26552,18791,153400,32100,,msa,32100,,2019
"Marshall, MN Micro Area",57730,25758,35.8,16428,3085,739,10018,6851,148900,32140,,msa,32140,,2019
"Marshall, MO Micro Area",44720,22976,37.9,15074,1923,704,8272,5754,106600,32180,,msa,32180,,2019
"Marshalltown, IA Micro Area",56437,39964,38.7,26497,3671,943,15419,10868,106000,32260,,msa,32260,,2019
"Martin, TN Micro Area",39937,33510,38.6,21492,2828,1287,13640,8904,97800,32280,,msa,32280,,2019
"Martinsville, VA Micro Area",37309,64160,46.6,46610,4680,1878,26750,18355,93100,32300,,msa,32300,,2019
"Maryville, MO Micro Area",44232,22359,29.7,12472,2007,1047,8395,4854,126400,32340,,msa,32340,,2019
"Mason City, IA Micro Area",54388,50279,44.2,35843,5720,1670,22413,15758,125100,32380,,msa,32380,,2019
"Mayagüez, PR Metro Area",15197,99545,42.5,68016,11993,3163,38645,23451,95800,32420,,msa,32420,,2019
"Mayfield, KY Micro Area",44043,37248,39.7,25178,2483,1434,14316,10805,104300,32460,,msa,32460,,2019
"Maysville, KY Micro Area",45377,17112,40.6,11758,1228,814,6700,4531,132800,32500,,msa,32500,,2019
"McAlester, OK Micro Area",46784,44146,40.3,31047,3410,1136,17816,12913,106800,32540,,msa,32540,,2019
"Mexico, MO Micro Area",44261,25644,39.7,17575,1708,674,9286,6360,97900,33020,,msa,33020,,2019
"Miami, OK Micro Area",39872,31454,38.0,20499,1880,790,11847,8170,86300,33060,,msa,33060,,2019
"Miami-Fort Lauderdale-Pompano Beach, FL Metro Area",56775,6090660,41.0,4348284,878539,344810,2127517,1262225,280400,33100,,msa,33100,,2019
"Michigan City-La Porte, IN Metro Area",53658,110154,40.3,77222,9297,3249,43039,31135,132600,33140,,msa,33140,,2019
"Middlesborough, KY Micro Area",26272,26791,41.7,18922,803,692,10624,7017,59800,33180,,msa,33180,,2019
"Midland, MI Metro Area",62625,83355,41.8,58374,12272,5540,34199,26197,141700,33220,,msa,33220,,2019
"Midland, TX Metro Area",79140,173816,31.7,108459,20891,6335,58692,39396,211000,33260,,msa,33260,,2019
"Milledgeville, GA Micro Area",41584,53626,36.8,34760,4202,2053,19165,11567,114300,33300,,msa,33300,,2019
"Milwaukee-Waukesha, WI Metro Area",62389,1575223,37.8,1068789,245910,96202,631092,379466,213900,33340,,msa,33340,,2019
"Minden, LA Micro Area",28951,39242,41.4,27212,2934,1021,16551,11074,81500,33380,,msa,33380,,2019
"Mineral Wells, TX Micro Area",50154,28540,40.6,19449,2269,753,10255,7456,107000,33420,,msa,33420,,2019
"Minneapolis-St. Paul-Bloomington, MN-WI Metro Area",80421,3573609,37.1,2420035,661932,252309,1373979,961214,257000,33460,,msa,33460,,2019
"Minot, ND Micro Area",68669,77132,32.4,49366,10317,2715,31821,19762,201800,33500,,msa,33500,,2019
"Missoula, MT Metro Area",54062,117309,36.0,78952,21073,8070,49313,29040,284000,33540,,msa,33540,,2019
"Mitchell, SD Micro Area",51590,23270,38.1,15611,2943,807,9705,6089,152500,33580,,msa,33580,,2019
"Moberly, MO Micro Area",47740,24878,39.4,17182,1700,659,8626,6168,105000,33620,,msa,33620,,2019
"Mobile, AL Metro Area",47302,430655,38.1,290184,43782,16774,162241,105804,128900,33660,,msa,33660,,2019
"Modesto, CA Metro Area",60704,543194,34.1,343626,40630,11755,173898,100576,291600,33700,,msa,33700,,2019
"Monroe, LA Metro Area",40119,203457,36.9,133851,20178,6749,73870,45717,127600,33740,,msa,33740,,2019
"Monroe, MI Metro Area",62203,149727,42.6,105199,14257,6023,59929,47778,161700,33780,,msa,33780,,2019
"Montgomery, AL Metro Area",52649,373544,37.4,251092,45345,22033,144883,92867,141600,33860,,msa,33860,,2019
"Montrose, CO Micro Area",51647,46482,46.0,33575,6366,2182,19303,14019,240100,33940,,msa,33940,,2019
"Morehead City, NC Micro Area",57194,69070,48.6,52213,9003,4404,29755,21590,214100,33980,,msa,33980,,2019
"Mount Vernon, OH Micro Area",57749,61481,39.4,40415,6128,2221,23248,16740,155500,34540,,msa,34540,,2019
"Mount Vernon-Anacortes, WA Metro Area",67028,125612,41.5,88196,14943,6028,48493,33255,306000,34580,,msa,34580,,2019
"Muncie, IN Metro Area",43512,115020,35.6,71040,9484,5408,46026,29215,93600,34620,,msa,34620,,2019
"Murray, KY Micro Area",42273,38837,35.6,24156,3714,2273,14996,9364,137300,34660,,msa,34660,,2019
"Muscatine, IA Micro Area",58453,42889,38.1,28635,4189,1521,16660,12234,130500,34700,,msa,34700,,2019
"Muskegon, MI Metro Area",50854,173297,39.3,118362,16129,5620,65939,49270,117900,34740,,msa,34740,,2019
"Muskogee, OK Micro Area",43078,68736,37.9,45635,6556,2015,26234,17133,104200,34780,,msa,34780,,2019
"Myrtle Beach-Conway-North Myrtle Beach, SC-NC Metro Area",52660,463987,48.1,350466,57793,24085,187199,139386,189100,34820,,msa,34820,,2019
"Nacogdoches, TX Micro Area",44847,65339,30.9,37633,5874,2219,23757,13439,130100,34860,,msa,34860,,2019
"Napa, CA Metro Area",88596,139623,41.3,98223,22816,7689,48705,31276,635900,34900,,msa,34900,,2019
"Naples-Marco Island, FL Metro Area",69653,371453,50.8,282120,60615,27810,142979,104852,360800,34940,,msa,34940,,2019
"Nashville-Davidson--Murfreesboro--Franklin, TN Metro Area",66347,1871903,36.4,1261659,295961,113412,708788,464900,240800,34980,,msa,34980,,2019
"Morgan City, LA Micro Area",40485,50968,39.0,34510,2419,885,19856,12056,106900,34020,,msa,34020,,2019
"Morgantown, WV Metro Area",52332,139157,34.2,90361,16171,10157,51895,32705,170600,34060,,msa,34060,,2019
"Morristown, TN Metro Area",45878,140912,42.6,98526,9697,4040,53569,38600,137900,34100,,msa,34100,,2019
"Moscow, ID Micro Area",49158,39505,28.7,22317,5723,2655,15422,8378,228200,34140,,msa,34140,,2019
"Moses Lake, WA Micro Area",55556,95502,32.9,58017,7132,2484,30818,19264,177500,34180,,msa,34180,,2019
"Moultrie, GA Micro Area",36435,45486,36.8,29488,1984,1240,15505,9763,85600,34220,,msa,34220,,2019
"Mountain Home, AR Micro Area",42260,41427,52.2,31775,3620,1579,18435,14038,133400,34260,,msa,34260,,2019
"Mountain Home, ID Micro Area",46855,26743,32.3,16764,2321,591,10606,6343,153800,34300,,msa,34300,,2019
"Mount Airy, NC Micro Area",43597,71971,44.1,50935,6213,2398,29153,21416,126900,34340,,msa,34340,,2019
"Mount Gay-Shamrock, WV Micro Area",36168,33154,43.8,24066,1325,795,13816,10037,89100,34350,,msa,34350,,2019
"Mount Pleasant, MI Micro Area",45116,70688,28.1,38770,6088,3476,24739,15372,134900,34380,,msa,34380,,2019
"Mount Pleasant, TX Micro Area",49600,45518,35.1,28352,3387,1164,15498,10631,104000,34420,,msa,34420,,2019
"Mount Sterling, KY Micro Area",44688,46682,40.4,31947,2857,1342,17959,12707,98900,34460,,msa,34460,,2019
"Mount Vernon, IL Micro Area",49896,37985,40.9,26472,2909,1346,14985,10976,96700,34500,,msa,34500,,2019
"Natchez, MS-LA Micro Area",30239,51044,40.0,35584,3529,1712,18399,11751,88600,35020,,msa,35020,,2019
"Natchitoches, LA Micro Area",28567,38769,33.7,22998,2620,1357,14659,6424,137400,35060,,msa,35060,,2019
"New Bern, NC Metro Area",51017,124786,39.3,84638,12678,5289,50687,33116,152800,35100,,msa,35100,,2019
"Newberry, SC Micro Area",44226,38194,42.0,26035,3169,1202,14810,10849,116300,35140,,msa,35140,,2019
"New Castle, IN Micro Area",49832,48255,42.1,34362,3702,1586,18304,13451,100400,35220,,msa,35220,,2019
"New Castle, PA Micro Area",50204,86727,45.2,62272,9089,3659,37055,27624,111300,35260,,msa,35260,,2019
"New Haven-Milford, CT Metro Area",69905,857513,40.3,597200,111165,66765,330572,204451,248600,35300,,msa,35300,,2019
"New Orleans-Metairie, LA Metro Area",53084,1267777,38.3,881502,167736,64383,482358,300688,197800,35380,,msa,35380,,2019
"New Philadelphia-Dover, OH Micro Area",53243,92335,41.0,64043,7142,3265,36631,25905,132100,35420,,msa,35420,,2019
"Newport, OR Micro Area",47882,48547,51.6,37471,5538,2698,21298,13977,251200,35440,,msa,35440,,2019
"Newport, TN Micro Area",36716,35552,45.2,25774,1908,785,14060,9431,112900,35460,,msa,35460,,2019
"New Ulm, MN Micro Area",61120,25163,42.3,17339,2935,583,10764,8522,141900,35580,,msa,35580,,2019
"New York-Newark-Jersey City, NY-NJ-PA Metro Area",78773,19294236,38.6,13450844,3149466,1627540,6997001,3588835,450900,35620,,msa,35620,,2019
"Niles, MI Metro Area",50795,154133,42.1,107629,17947,9005,63665,45014,150700,35660,,msa,35660,,2019
"Nogales, AZ Micro Area",41259,46480,36.7,29302,3857,1468,15853,10725,151200,35700,,msa,35700,,2019
"Norfolk, NE Micro Area",55793,48181,37.6,31821,5044,1604,19645,13598,139900,35740,,msa,35740,,2019
"North Platte, NE Micro Area",59488,36585,41.2,25314,3649,1706,15394,10345,138100,35820,,msa,35820,,2019
"North Port-Sarasota-Bradenton, FL Metro Area",60810,803709,52.5,622073,121681,57157,328198,242930,246400,35840,,msa,35840,,2019
"North Vernon, IN Micro Area",54191,27710,39.8,18962,1659,602,10792,8390,109800,35860,,msa,35860,,2019
"Warrensburg, MO Micro Area",55273,53682,30.5,31527,5214,3024,19864,12114,156500,47660,,msa,47660,,2019
"Warsaw, IN Micro Area",61366,79035,38.5,52826,7857,3486,30997,23179,150000,47700,,msa,47700,,2019
"Washington, IN Micro Area",53629,33120,34.4,20565,1744,794,11227,8250,130000,47780,,msa,47780,,2019
"Washington, NC Micro Area",45212,47168,46.2,34170,4274,1903,19701,13765,132800,47820,,msa,47820,,2019
"Washington-Arlington-Alexandria, DC-VA-MD-WV Metro Area",103751,6196585,37.0,4227062,1092393,743355,2216997,1409325,424000,47900,,msa,47900,,2019
"Washington Court House, OH Micro Area",47308,28620,41.4,19621,2146,848,11773,7642,113500,47920,,msa,47920,,2019
"North Wilkesboro, NC Micro Area",44107,68469,44.9,49300,5607,1606,28753,21765,126300,35900,,msa,35900,,2019
"Norwalk, OH Micro Area",52560,58339,39.8,39396,3793,1488,22935,16263,124600,35940,,msa,35940,,2019
"Norwich-New London, CT Metro Area",73490,267390,41.4,187957,34499,21037,107827,71566,241700,35980,,msa,35980,,2019
"Oneonta, NY Micro Area",54028,59972,42.3,39939,6735,3994,23409,16892,146400,36580,,msa,36580,,2019
"Ontario, OR-ID Micro Area",46936,53672,38.1,35031,3308,1162,18938,12314,153100,36620,,msa,36620,,2019
"Waterloo-Cedar Falls, IA Metro Area",57495,169556,36.3,108774,21374,7532,67736,46849,149500,47940,,msa,47940,,2019
"Watertown, SD Micro Area",58503,34051,38.6,22719,3718,823,14331,9698,171800,47980,,msa,47980,,2019
"Watertown-Fort Atkinson, WI Micro Area",66291,84701,41.1,58546,10359,3329,32965,23126,190400,48020,,msa,48020,,2019
"Watertown-Fort Drum, NY Metro Area",52685,112842,32.5,71540,9566,5106,42734,24135,149900,48060,,msa,48060,,2019
"Wauchula, FL Micro Area",38682,27131,35.4,17470,1223,465,7863,5105,83400,48100,,msa,48100,,2019
"Wausau-Weston, WI Metro Area",61783,163140,41.8,114218,18774,6269,68091,49906,153700,48140,,msa,48140,,2019
"Waycross, GA Micro Area",38469,54843,39.4,37440,3316,1336,20871,14252,90400,48180,,msa,48180,,2019
"Weatherford, OK Micro Area",49900,29152,31.4,16972,2929,918,10653,6668,142500,48220,,msa,48220,,2019
"Weirton-Steubenville, WV-OH Metro Area",47314,118213,45.7,85321,9074,4010,49911,35607,93000,48260,,msa,48260,,2019
"Wenatchee, WA Metro Area",59757,118252,38.9,79500,11825,5153,43647,28772,284100,48300,,msa,48300,,2019
"West Plains, MO Micro Area",38357,40104,40.9,27343,2855,1482,15878,10861,112200,48460,,msa,48460,,2019
"West Point, MS Micro Area",31833,19640,39.5,13402,1711,802,7618,5436,89900,48500,,msa,48500,,2019
"Wheeling, WV-OH Metro Area",50390,141475,44.5,103058,13632,6231,55420,41669,109300,48540,,msa,48540,,2019
"Whitewater, WI Micro Area",63776,103074,40.0,68084,12428,5620,40874,28044,203400,48580,,msa,48580,,2019
"Wichita, KS Metro Area",57379,637690,36.0,414774,81268,34585,244805,159170,139000,48620,,msa,48620,,2019
"Wichita Falls, TX Metro Area",49779,150715,35.6,97996,14944,5802,55913,35515,102300,48660,,msa,48660,,2019
"Williamsport, PA Metro Area",54241,114330,41.5,80512,12470,4710,45608,31581,155800,48700,,msa,48700,,2019
"Williston, ND Micro Area",87161,35208,31.3,22350,4114,811,14320,7533,247400,48780,,msa,48780,,2019
"Willmar, MN Micro Area",60294,42841,39.3,28805,4634,1364,16889,12500,168900,48820,,msa,48820,,2019
"Wilmington, NC Metro Area",55265,288337,39.8,198495,49312,18364,117378,73179,233500,48900,,msa,48900,,2019
"Wilmington, OH Micro Area",52815,41957,39.4,28190,3340,1542,16528,10683,128400,48940,,msa,48940,,2019
"Wilson, NC Micro Area",43877,81435,40.5,55504,7704,2576,32014,18918,123600,48980,,msa,48980,,2019
"Winchester, VA-WV Metro Area",67072,137621,41.1,95352,14661,8058,51281,36179,232000,49020,,msa,49020,,2019
"Winfield, KS Micro Area",50102,35351,38.8,23347,3356,1375,13499,9102,89000,49060,,msa,49060,,2019
"Winnemucca, NV Micro Area",67756,16828,36.0,11114,1184,501,6500,4642,180600,49080,,msa,49080,,2019
"Winona, MN Micro Area",59329,50725,35.2,31392,6174,2461,19442,13693,167300,49100,,msa,49100,,2019
"Winston-Salem, NC Metro Area",50774,666216,40.6,458477,79602,29678,264877,176960,152400,49180,,msa,49180,,2019
"Wisconsin Rapids-Marshfield, WI Micro Area",54913,73112,44.1,52201,7058,2731,32332,23399,131900,49220,,msa,49220,,2019
"Woodward, OK Micro Area",59001,24742,37.4,16573,2239,779,9109,6538,120200,49260,,msa,49260,,2019
"Wooster, OH Micro Area",58300,116099,38.7,76337,10394,5063,43824,31974,148900,49300,,msa,49300,,2019
"Worcester, MA-CT Metro Area",73408,941338,40.3,649909,136992,67848,354904,232810,269600,49340,,msa,49340,,2019
"Worthington, MN Micro Area",55304,21734,35.7,13986,1557,412,8033,5677,127100,49380,,msa,49380,,2019
"Yakima, WA Metro Area",51637,249697,33.0,151437,15348,7058,83048,52062,175900,49420,,msa,49420,,2019
"Yankton, SD Micro Area",58342,22717,41.8,15870,2536,1135,9445,6156,148300,49460,,msa,49460,,2019
"Yauco, PR Metro Area",15463,90618,41.8,63537,11258,2083,29878,22002,84400,49500,,msa,49500,,2019
"York-Hanover, PA Metro Area",66457,445565,41.0,310366,50691,20180,172421,129109,177100,49620,,msa,49620,,2019
"Youngstown-Warren-Boardman, OH-PA Metro Area",47360,541846,44.1,385875,55539,21556,230433,161661,107700,49660,,msa,49660,,2019
"Yuba City, CA Metro Area",58551,172469,34.5,110659,13329,4656,58990,34787,268700,49700,,msa,49700,,2019
"Yuma, AZ Metro Area",45243,209468,34.6,132516,13013,5455,73098,49048,127900,49740,,msa,49740,,2019
"Zanesville, OH Micro Area",47254,86131,40.3,58655,5887,3002,33878,23372,120200,49780,,msa,49780,,2019
"Zapata, TX Micro Area",33952,14304,29.5,8042,834,51,4503,3366,77800,49820,,msa,49820,,2019
"Opelousas, LA Micro Area",36403,83172,36.7,53804,5379,1820,30485,20808,108400,36660,,msa,36660,,2019
"Orangeburg, SC Micro Area",37955,87687,40.3,59200,6838,3825,33060,22257,92700,36700,,msa,36700,,2019
"Orlando-Kissimmee-Sanford, FL Metro Area",58368,2508970,37.2,1717353,366304,134555,872831,531585,221600,36740,,msa,36740,,2019
"Fort Dodge, IA Micro Area",47466,36545,39.0,24654,3585,857,15306,10408,99100,22700,,msa,22700,,2019
"Fort Collins, CO Metro Area",71881,344786,36.0,226787,63577,31470,137021,89118,363800,22660,,msa,22660,,2019
"Boston, MA Metro Division; Boston-Cambridge-Newton, MA-NH Metro Area",86274,2012345,37.4,1403836,365855,194759,762604,438044,441600,14460,14454,division,14454,14460,2019
"Cambridge-Newton-Framingham, MA Metro Division; Boston-Cambridge-Newton, MA-NH Metro Area",94373,2384518,39.3,1666287,437526,284308,898586,565692,470200,14460,15764,division,15764,14460,2019
"Rockingham County-Strafford County, NH Metro Division; Boston-Cambridge-Newton, MA-NH Metro Area",86571,435483,42.4,307241,76123,35900,170027,126446,299100,14460,40484,division,40484,14460,2019
"Chicago-Naperville-Evanston, IL Metro Division; Chicago-Naperville-Elgin, IL-IN-WI Metro Area",71312,7175030,37.3,4916910,1168851,557629,2676526,1663914,251700,16980,16984,division,16984,16980,2019
"Elgin, IL Metro Division; Chicago-Naperville-Elgin, IL-IN-WI Metro Area",79222,761796,36.2,486699,104203,47447,258508,188483,229200,16980,20994,division,20994,16980,2019
"Gary, IN Metro Division; Chicago-Naperville-Elgin, IL-IN-WI Metro Area",59955,701782,39.3,475947,72735,28772,269354,192515,159500,16980,23844,division,29414,16980,2019
"Lake County-Kenosha County, IL-WI Metro Division; Chicago-Naperville-Elgin, IL-IN-WI Metro Area",82767,869997,38.4,570713,140533,70911,310233,222049,242300,16980,29404,division,29404,16980,2019
"Dallas-Plano-Irving, TX Metro Division; Dallas-Fort Worth-Arlington, TX Metro Area",71345,4903580,34.8,3171628,764775,318781,1721276,996511,234000,19100,19124,division,19124,19100,2019
"Fort Worth-Arlington-Grapevine, TX Metro Division; Dallas-Fort Worth-Arlington, TX Metro Area",67842,2417083,34.9,1557355,320920,118283,832194,522993,185900,19100,23104,division,23104,19100,2019
"Detroit-Dearborn-Livonia, MI Metro Division; Detroit-Warren-Dearborn, MI Metro Area",47301,1757299,37.9,1181985,169603,86242,682282,423147,113000,19820,19804,division,19804,19820,2019
"Warren-Troy-Farmington Hills, MI Metro Division; Detroit-Warren-Dearborn, MI Metro Area",71452,2560549,41.4,1806015,388502,198335,1021537,752315,203300,19820,47664,division,47664,19820,2019
"Anaheim-Santa Ana-Irvine, CA Metro Division; Los Angeles-Long Beach-Anaheim, CA Metro Area",90234,3168044,38.1,2168424,564720,217133,1037492,595272,679300,31080,11244,division,11244,31080,2019
"Los Angeles-Long Beach-Glendale, CA Metro Division; Los Angeles-Long Beach-Anaheim, CA Metro Area",68044,10081570,36.5,6886895,1460862,522777,3316795,1519516,583200,31080,31084,division,31084,31080,2019
"Fort Lauderdale-Pompano Beach-Sunrise, FL Metro Division; Miami-Fort Lauderdale-Pompano Beach, FL Metro Area",59547,1926205,40.4,1362196,275133,113532,690050,428682,265000,33100,22744,division,22744,33100,2019
"Miami-Miami Beach-Kendall, FL Metro Division; Miami-Fort Lauderdale-Pompano Beach, FL Metro Area",51347,2699428,39.9,1914094,360837,132902,883372,451932,289600,33100,33124,division,33124,33100,2019
"West Palm Beach-Boca Raton-Boynton Beach, FL Metro Division; Miami-Fort Lauderdale-Pompano Beach, FL Metro Area",63299,1465027,44.8,1071994,242569,98376,554095,381611,283600,33100,48424,division,48424,33100,2019
"Nassau County-Suffolk County, NY Metro Division; New York-Newark-Jersey City, NY-NJ-PA Metro Area",107701,2840341,41.6,1973855,441762,264808,936278,754814,446900,35620,35004,division,35004,35620,2019
"Newark, NJ-PA Metro Division; New York-Newark-Jersey City, NY-NJ-PA Metro Area",83038,2164575,40.1,1487983,362050,174524,780509,473443,380800,35620,35084,division,35084,35620,2019
"New Brunswick-Lakewood, NJ Metro Division; New York-Newark-Jersey City, NY-NJ-PA Metro Area",89126,2373832,41.0,1643063,417614,207720,864720,624977,353600,35620,35154,division,29484,35620,2019
"New York-Jersey City-White Plains, NY-NJ Metro Division; New York-Newark-Jersey City, NY-NJ-PA Metro Area",70343,11915488,37.3,8345943,1928040,980488,4415494,1735601,528200,35620,35614,division,35614,35620,2019
"Camden, NJ Metro Division; Philadelphia-Camden-Wilmington, PA-NJ-DE-MD Metro Area",80477,1243605,40.2,863312,190305,77590,458682,334779,222400,37980,15804,division,15804,37980,2019
"Montgomery County-Bucks County-Chester County, PA Metro Division; Philadelphia-Camden-Wilmington, PA-NJ-DE-MD Metro Area",92898,1970189,41.8,1379627,381753,195726,746016,554030,330900,37980,33874,division,33874,37980,2019
"Philadelphia, PA Metro Division; Philadelphia-Camden-Wilmington, PA-NJ-DE-MD Metro Area",52114,2143629,35.4,1456777,271614,131577,808594,461434,180000,37980,37964,division,37964,37980,2019
"Wilmington, DE-MD-NJ Metro Division; Philadelphia-Camden-Wilmington, PA-NJ-DE-MD Metro Area",73634,721707,39.0,498357,96875,49021,266820,183831,250200,37980,48864,division,48864,37980,2019
"Oakland-Berkeley-Livermore, CA Metro Division; San Francisco-Oakland-Berkeley, CA Metro Area",99545,2799005,38.4,1959840,526941,250683,971946,569135,704400,41860,36084,division,36084,41860,2019
"San Francisco-San Mateo-Redwood City, CA Metro Division; San Francisco-Oakland-Berkeley, CA Metro Area",117029,1642384,38.9,1246620,401306,184973,625897,294782,1093700,41860,41884,division,41884,41860,2019
"San Rafael, CA Metro Division; San Francisco-Oakland-Berkeley, CA Metro Area",115246,259943,46.8,190403,65371,29500,105432,67115,995800,41860,42034,division,42034,41860,2019
"Seattle-Bellevue-Kent, WA Metro Division; Seattle-Tacoma-Bellevue, WA Metro Area",92351,2994310,37.2,2121287,614964,278213,1175851,699429,488500,42660,42644,division,42644,42660,2019
"Tacoma-Lakewood, WA Metro Division; Seattle-Tacoma-Bellevue, WA Metro Area",72113,877013,36.1,589306,105347,40093,323296,200836,303200,42660,45104,division,45104,42660,2019
"Frederick-Gaithersburg-Rockville, MD Metro Division; Washington-Arlington-Alexandria, DC-VA-MD-WV Metro Area",106328,1294952,39.2,888810,233699,161480,463476,312246,443800,47900,23224,division,23224,47900,2019
"Washington-Arlington-Alexandria, DC-VA-MD-WV Metro Division; Washington-Arlington-Alexandria, DC-VA-MD-WV Metro Area",103071,4901633,36.5,3338252,858694,581875,1753521,1097079,417900,47900,47894,division,47894,47900,2019
"Aberdeen, SD Micro Area",71488,41925,38.3,27808,6310,2073,17915,12336,215100,10100,,msa,10100,,2024
"Aberdeen, WA Micro Area",64414,77053,44.7,56642,6906,2603,30628,22424,314000,10140,,msa,10140,,2024
"Abilene, TX Metro Area",67328,180408,34.5,114622,19850,8220,66088,42252,178700,10180,,msa,10180,,2024
"Ada, OK Micro Area",63017,38235,37.7,25247,4694,2249,15134,9990,175400,10220,,msa,10220,,2024
"Adrian, MI Micro Area",70518,98415,42.4,69411,10274,4455,38871,30924,196800,10300,,msa,10300,,2024
"Aguadilla, PR Metro Area",22398,251769,45.7,190498,34595,8954,94130,62657,130500,10380,,msa,10380,,2024
"Akron, OH Metro Area",72371,699820,41.0,492073,107457,48140,296516,201905,213000,10420,,msa,10420,,2024
"Alamogordo, NM Micro Area",55876,68816,36.4,45839,6918,2801,24480,16400,162700,10460,,msa,10460,,2024
"Alamosa, CO Micro Area",51237,27718,36.4,18092,3107,1701,11463,7445,217700,10480,,msa,10480,,2024
"Albany, GA Metro Area",56906,146018,38.1,97190,11855,7163,57689,32438,157300,10500,,msa,10500,,2024
"Albany, OR Metro Area",76329,130706,40.1,92020,13606,4753,50729,33918,376400,10540,,msa,10540,,2024
"Albany-Schenectady-Troy, NY Metro Area",88074,906052,40.5,634704,143568,90666,383063,245753,285900,10580,,msa,10580,,2024
"Albemarle, NC Micro Area",60704,64651,40.5,45338,6531,1957,25240,18792,242400,10620,,msa,10620,,2024
"Albert Lea, MN Micro Area",71023,30623,44.3,21752,2664,949,12846,10213,171100,10660,,msa,10660,,2024
"Albertville, AL Micro Area",62571,99748,38.5,65581,9443,3450,36459,27625,201500,10700,,msa,10700,,2024
"Albuquerque, NM Metro Area",70783,921482,39.8,650478,128243,72281,376025,259675,287800,10740,,msa,10740,,2024
"Alexander City, AL Micro Area",59356,40938,45.6,29852,3960,1445,17076,12989,158500,10760,,msa,10760,,2024
"Alexandria, LA Metro Area",56353,149622,38.0,100899,13901,5658,56394,37644,175200,10780,,msa,10780,,2024
"Alexandria, MN Micro Area",79043,39575,44.5,28410,5724,1905,17519,13394,321400,10820,,msa,10820,,2024
"Alice, TX Micro Area",50888,45793,36.5,29744,3525,1024,16256,10662,113500,10860,,msa,10860,,2024
"Allentown-Bethlehem-Easton, PA-NJ Metro Area",84587,873603,41.4,613839,127900,57875,339656,236772,300800,10900,,msa,10900,,2024
"Alma, MI Micro Area",63556,41385,39.6,28638,3682,1336,14775,11651,147500,10940,,msa,10940,,2024
"Alpena, MI Micro Area",53950,28880,47.8,21702,2484,1066,13019,10415,153900,10980,,msa,10980,,2024
"Altoona, PA Metro Area",62382,121277,43.1,86786,14576,4879,50558,36579,161100,11020,,msa,11020,,2024
"Altus, OK Micro Area",62799,24678,35.1,15940,2456,1179,9775,5788,158400,11060,,msa,11060,,2024
"Amarillo, TX Metro Area",69611,271917,36.3,177871,31863,11472,103062,65834,208700,11100,,msa,11100,,2024
"Americus, GA Micro Area",43688,33574,38.4,21630,2502,1523,12625,7532,122400,11140,,msa,11140,,2024
"Ames, IA Metro Area",73127,127134,29.9,72273,20313,8441,49840,30348,246300,11180,,msa,11180,,2024
"Amherst Town-Northampton, MA Metro Area",87001,162028,37.4,100832,24154,18950,62114,42116,390300,11200,,msa,11200,,2024
"Amsterdam, NY Micro Area",64943,49528,40.3,34301,4748,2505,19603,13798,157500,11220,,msa,11220,,2024
"Anchorage, AK Metro Area",100505,401964,35.6,267713,57575,25023,148466,100185,379100,11260,,msa,11260,,2024
"Anderson Creek, NC Micro Area",71287,139150,35.6,92116,14791,6081,49845,35404,246200,11360,,msa,11360,,2024
"Andrews, TX Micro Area",72242,18610,33.0,11259,1634,245,6844,5374,195700,11380,,msa,11380,,2024
"Angola, IN Micro Area",74911,34726,43.5,24033,3940,1831,14058,11172,216200,11420,,msa,11420,,2024
"Ann Arbor, MI Metro Area",89180,369822,35.0,237324,64674,46968,150550,92768,374100,11460,,msa,11460,,2024
"Anniston-Oxford, AL Metro Area",55029,116090,39.3,78486,9874,4609,45015,31654,156600,11500,,msa,11500,,2024
"Appleton, WI Metro Area",85825,245768,39.4,169765,39891,11975,99754,73140,268900,11540,,msa,11540,,2024
"Arcadia, FL Micro Area",54417,35386,43.5,26215,1976,704,12824,9300,174100,11580,,msa,11580,,2024
"Ardmore, OK Micro Area",60723,48555,38.3,32464,4297,1699,19046,12731,168500,11620,,msa,11620,,2024
"Arecibo, PR Metro Area",25084,180767,45.5,136759,27319,6855,67958,47056,116800,11640,,msa,11640,,2024
"Arkadelphia, AR Micro Area",52034,21125,32.0,12380,2099,847,8121,5278,155000,11660,,msa,11660,,2024
"Arkansas City-Winfield, KS Micro Area",57878,34411,39.2,22708,3672,1536,13387,9117,120900,11680,,msa,11680,,2024
"Asheville, NC Metro Area",71838,414711,44.0,309724,78889,35883,161264,112183,370900,11700,,msa,11700,,2024
"Ashland, OH Micro Area",69860,52256,41.2,36027,5470,1966,20720,16131,186800,11740,,msa,11740,,2024
"Astoria, OR Micro Area",71822,41363,46.0,31338,5587,2616,17984,11374,468300,11820,,msa,11820,,2024
"Atchison, KS Micro Area",61112,16208,36.1,9846,1322,666,5735,4124,145700,11860,,msa,11860,,2024
"Athens, OH Micro Area",56001,61737,33.2,36401,5928,5003,23014,13899,185000,11900,,msa,11900,,2024
"Athens, TN Micro Area",61438,68227,42.9,48349,5540,1884,26453,20316,205300,11940,,msa,11940,,2024
"Athens, TX Micro Area",65179,84862,43.8,60088,8306,3189,33575,26126,211300,11980,,msa,11980,,2024
"Athens-Clarke County, GA Metro Area",65608,220197,33.6,135797,29079,17974,86101,47934,310200,12020,,msa,12020,,2024
"Atlanta-Sandy Springs-Roswell, GA Metro Area",89724,6256377,37.2,4213079,1084573,503323,2313055,1529469,367600,12060,,msa,12060,,2024
"Atlantic City-Hammonton, NJ Metro Area",82105,371211,44.5,267290,58701,22648,154441,111334,331700,12100,,msa,12100,,2024
"Auburn, IN Micro Area",74331,43807,38.4,29855,4234,1521,17096,14029,194100,12140,,msa,12140,,2024
"Auburn, NY Micro Area",67904,75102,43.8,54962,7341,4993,31524,22518,171000,12180,,msa,12180,,2024
"Auburn-Opelika, AL Metro Area",63649,199825,34.1,124218,27317,15614,76673,50518,247500,12220,,msa,12220,,2024
"Augusta-Richmond County, GA-SC Metro Area",69344,624181,38.3,426107,75133,35175,231857,157738,226100,12260,,msa,12260,,2024
"Augusta-Waterville, ME Micro Area",69077,126808,43.7,91526,18088,7621,54312,40006,238200,12300,,msa,12300,,2024
"Austin, MN Micro Area",73074,40343,39.2,26756,4190,1636,15719,12195,185200,12380,,msa,12380,,2024
"Austin-Round Rock-San Marcos, TX Metro Area",100431,2426592,36.0,1670579,531649,236077,989434,576470,465000,12420,,msa,12420,,2024
"Bainbridge, GA Micro Area",53317,29195,38.9,19522,1754,872,10621,6598,158800,12460,,msa,12460,,2024
"Baker City, OR Micro Area",60936,16840,47.0,12616,2385,729,7355,5258,285600,12520,,msa,12520,,2024
"Bakersfield-Delano, CA Metro Area",70210,915075,32.7,563569,69245,26410,284931,171133,338300,12540,,msa,12540,,2024
"Baltimore-Columbia-Towson, MD Metro Area",99470,2849436,39.0,1980396,465808,292937,1120269,749584,391300,12580,,msa,12580,,2024
"Bangor, ME Metro Area",66356,154710,42.5,111532,20331,8885,65221,46010,214100,12620,,msa,12620,,2024
"Baraboo, WI Micro Area",79541,66009,41.6,46519,8889,2793,27987,20252,258600,12660,,msa,12660,,2024
"Barnstable Town, MA Metro Area",95241,231668,55.4,183732,47512,29705,105777,85753,629000,12700,,msa,12700,,2024
"Barre, VT Micro Area",83449,60017,43.8,44302,12644,6750,25855,19047,315000,12740,,msa,12740,,2024
"Bartlesville, OK Micro Area",60162,53326,39.2,36163,7510,2563,20957,15061,173200,12780,,msa,12780,,2024
"Batavia, NY Micro Area",73314,57787,42.4,41686,5584,3683,24873,18351,170500,12860,,msa,12860,,2024
"Batesville, AR Micro Area",56609,38175,38.7,25236,3035,1106,14638,10128,142600,12900,,msa,12900,,2024
"Baton Rouge, LA Metro Area",69599,875313,36.2,570234,106950,47239,332585,229860,241100,12940,,msa,12940,,2024
"Battle Creek, MI Metro Area",63177,133778,40.2,91914,13769,5633,53333,38747,162800,12980,,msa,12980,,2024
"Bay City, MI Metro Area",61763,103008,43.9,75312,11358,4166,45103,34745,152200,13020,,msa,13020,,2024
"Bay City, TX Micro Area",58628,36329,37.8,24238,3419,1621,15439,10515,172900,13060,,msa,13060,,2024
"Beatrice, NE Micro Area",67247,21629,42.6,15192,2601,655,9327,6858,174000,13100,,msa,13100,,2024
"Beaumont-Port Arthur, TX Metro Area",64659,396827,37.7,265577,36012,11867,149466,101933,173600,13140,,msa,13140,,2024
"Beaver Dam, WI Micro Area",75929,88742,43.0,64592,9307,2958,35910,25612,231900,13180,,msa,13180,,2024
"Beckley, WV Metro Area",52620,112714,43.4,80850,10361,4362,44952,34236,129600,13220,,msa,13220,,2024
"Bedford, IN Micro Area",66468,45102,43.3,32168,3984,2079,19135,15438,175000,13260,,msa,13260,,2024
"Beeville, TX Micro Area",57673,31083,35.7,21261,2014,722,8807,6237,111300,13300,,msa,13300,,2024
"Bellefontaine, OH Micro Area",71551,46089,41.9,32259,4107,1550,19560,15176,203200,13340,,msa,13340,,2024
"Bellingham, WA Metro Area",81784,230503,38.4,157791,38558,16257,94021,59904,585800,13380,,msa,13380,,2024
"Bemidji, MN Micro Area",68975,46512,35.3,29008,5710,2383,18172,12742,237500,13420,,msa,13420,,2024
"Bend, OR Metro Area",89788,257814,43.0,191189,49072,20080,104529,73771,602600,13460,,msa,13460,,2024
"Bennington, VT Micro Area",73325,37269,46.9,27047,5984,4049,14987,11042,279900,13540,,msa,13540,,2024
"Big Rapids, MI Micro Area",60951,41242,40.0,27114,4001,1459,16708,12851,178900,13660,,msa,13660,,2024
"Big Spring, TX Micro Area",69649,32290,36.7,22132,2366,758,12191,8474,155600,13700,,msa,13700,,2024
"Billings, MT Metro Area",77194,189255,39.9,132024,31225,9113,78371,55456,355200,13740,,msa,13740,,2024
"Binghamton, NY Metro Area",64590,245242,40.3,165301,27049,16961,102352,69011,156000,13780,,msa,13780,,2024
"Birmingham, AL Metro Area",71498,1184613,38.9,810907,167866,72066,465003,329222,240200,13820,,msa,13820,,2024
"Bishop, CA Micro Area",73991,18739,45.5,13770,2617,1284,8040,5339,348700,13860,,msa,13860,,2024
"Bismarck, ND Metro Area",85156,136216,38.4,92525,23861,7168,55940,40397,306400,13900,,msa,13900,,2024
"Blackfoot, ID Micro Area",77878,49664,35.0,30650,4628,1673,16132,12987,293300,13940,,msa,13940,,2024
"Blacksburg-Christiansburg-Radford, VA Metro Area",65839,181664,35.1,112826,20431,13077,70282,44239,240900,13980,,msa,13980,,2024
"Bloomington, IL Metro Area",79905,171556,34.3,106224,32898,12225,70220,45704,208400,14010,,msa,14010,,2024
"Bloomington, IN Metro Area",65543,162569,33.1,98983,21584,14947,67854,38979,263700,14020,,msa,14020,,2024
"Bloomsburg-Berwick, PA Micro Area",64644,65362,41.0,44011,6967,3544,26350,18313,206200,14100,,msa,14100,,2024
"Bluefield, WV-VA Micro Area",50550,98187,44.0,70277,9215,4162,40514,29775,120000,14140,,msa,14140,,2024
"Blytheville, AR Micro Area",52548,39126,37.3,25607,2096,1145,15452,9264,122500,14180,,msa,14180,,2024
"Bogalusa, LA Micro Area",45380,45120,40.9,30848,2748,1022,17716,12277,155700,14220,,msa,14220,,2024
"Boise City, ID Metro Area",85987,811115,37.6,548846,135013,49142,304187,220621,468900,14260,,msa,14260,,2024
"Bonham, TX Micro Area",72295,37326,41.0,26524,3426,1301,12767,10051,233700,14300,,msa,14300,,2024
"Boone, NC Micro Area",51693,55123,31.4,31109,8190,4421,21198,13157,358900,14380,,msa,14380,,2024
"Borger, TX Micro Area",67228,20184,39.3,13356,1687,474,7000,5829,119100,14420,,msa,14420,,2024
"Boston-Cambridge-Newton, MA-NH Metro Area",115863,4953354,39.3,3510605,975115,585710,1940688,1194568,646300,14460,,msa,14460,,2024
"Boulder, CO Metro Area",103994,328961,37.7,220629,75396,45033,137008,84900,756300,14500,,msa,14500,,2024
"Bowling Green, KY Metro Area",63328,186959,35.4,119390,19768,8953,73344,44400,233700,14540,,msa,14540,,2024
"Bozeman, MT Metro Area",93528,124074,34.2,81048,27561,10286,51215,31270,667600,14580,,msa,14580,,2024
"Bradford, PA Micro Area",62905,39904,44.0,28513,3724,1775,16369,12760,104500,14620,,msa,14620,,2024
"Brainerd, MN Micro Area",71384,98678,46.8,72262,13949,4755,42276,33743,301000,14660,,msa,14660,,2024
"Branson, MO Micro Area",56497,56529,42.6,39109,6441,2226,22788,15275,218800,14700,,msa,14700,,2024
"Brattleboro, VT Micro Area",72217,45923,47.3,34265,7788,5376,19784,14629,279600,14710,,msa,14710,,2024
"Breckenridge, CO Micro Area",105544,38397,39.1,29209,9710,3965,15565,11324,748200,14720,,msa,14720,,2024
"Bremerton-Silverdale-Port Orchard, WA Metro Area",104158,277881,40.2,198424,47450,20300,108537,76121,555100,14740,,msa,14740,,2024
"Brenham, TX Micro Area",77825,36647,40.9,24835,5260,1639,15481,10804,288100,14780,,msa,14780,,2024
"Brevard, NC Micro Area",66184,33691,51.6,25917,6334,3038,14584,10889,373600,14820,,msa,14820,,2024
"Bridgeport-Stamford-Danbury, CT Metro Area",114565,956330,41.0,660738,184950,109392,355012,234406,564500,14860,,msa,14860,,2024
"Brigham City, UT-ID Micro Area",83616,66014,33.7,40109,7821,2311,21478,16553,390400,14940,,msa,14940,,2024
"Brookhaven, MS Micro Area",51119,34877,41.5,24161,3121,1211,13158,9859,155800,15020,,msa,15020,,2024
"Brookings, OR Micro Area",62244,23381,57.7,19187,2651,1073,11159,8276,381300,15060,,msa,15060,,2024
"Brookings, SD Micro Area",70064,35353,28.0,19194,5418,1524,13798,7896,264600,15100,,msa,15100,,2024
"Brownsville-Harlingen, TX Metro Area",52601,426120,32.7,257360,38820,13763,138433,90278,136500,15180,,msa,15180,,2024
"Brownwood, TX Micro Area",57470,38347,41.8,27106,3931,1190,14972,10223,158900,15220,,msa,15220,,2024
"Brunswick-St. Simons, GA Metro Area",66623,115074,43.6,83143,14318,5957,47209,33022,242500,15260,,msa,15260,,2024
"Bucyrus, OH Micro Area",58044,41711,43.4,29503,3047,1582,18059,13204,136700,15340,,msa,15340,,2024
"Buffalo-Cheektowaga, NY Metro Area",72237,1161343,40.9,826432,166071,99598,501549,335035,226100,15380,,msa,15380,,2024
"Burley, ID Micro Area",70536,47691,33.7,29045,3514,1241,16602,11438,272800,15420,,msa,15420,,2024
"Burlington, IA-IL Micro Area",62811,44680,43.1,31724,5161,1503,19882,15016,131000,15460,,msa,15460,,2024
"Burlington, NC Metro Area",65651,176893,38.9,119714,22917,8586,70062,45543,241500,15500,,msa,15500,,2024
"Burlington-South Burlington, VT Metro Area",93043,227846,38.5,156733,45353,23014,94559,63950,401000,15540,,msa,15540,,2024
"Butte-Silver Bow, MT Micro Area",61754,35785,40.5,24695,4687,1685,15419,10920,255200,15580,,msa,15580,,2024
"Cadillac, MI Micro Area",62015,49284,42.6,34779,4678,1902,19605,16094,170400,15620,,msa,15620,,2024
"Calhoun, GA Micro Area",63650,59100,38.9,40360,4308,2291,21348,15776,222900,15660,,msa,15660,,2024
"Cambridge, MD Micro Area",61839,32754,43.5,23451,2809,1314,13546,8882,262400,15700,,msa,15700,,2024
"Cambridge, OH Micro Area",58478,38223,42.9,26959,2705,1317,16318,11766,157700,15740,,msa,15740,,2024
"Camden, AR Micro Area",51429,26789,43.9,18985,2057,850,10314,7601,104500,15780,,msa,15780,,2024
"Campbellsville, KY Micro Area",56014,37766,39.6,25575,3127,1539,14681,10494,162400,15820,,msa,15820,,2024
"Cañon City, CO Micro Area",62664,49634,44.7,38745,6081,1889,17976,13595,324000,15860,,msa,15860,,2024
"Canton, IL Micro Area",60599,33020,43.9,24116,2998,1142,13795,10565,107200,15900,,msa,15900,,2024
"Canton-Massillon, OH Metro Area",67801,400372,42.1,281890,45768,19770,167161,116785,186200,15940,,msa,15940,,2024
"Cape Coral-Fort Myers, FL Metro Area",76107,817666,49.0,618547,117673,52333,327803,243654,362200,15980,,msa,15980,,2024
"Cape Girardeau, MO-IL Metro Area",66759,98169,38.0,64971,12259,5050,38299,26386,208400,16020,,msa,16020,,2024
"Carbondale, IL Micro Area",48763,53064,32.4,31605,6167,3398,22955,11474,137300,16060,,msa,16060,,2024
"Carlsbad-Artesia, NM Micro Area",78426,61105,36.2,39901,4581,2615,23620,17325,212600,16100,,msa,16100,,2024
"Carroll, IA Micro Area",72930,20594,41.1,14039,2510,472,8801,6784,176000,16140,,msa,16140,,2024
"Carson City, NV Metro Area",72355,58384,42.4,42203,6146,2878,23692,14769,453000,16180,,msa,16180,,2024
"Casper, WY Metro Area",72156,79977,38.4,54860,9415,4484,33886,24967,273000,16220,,msa,16220,,2024
"Cedar City, UT Micro Area",66247,62252,30.2,35634,7426,2809,20157,13763,379000,16260,,msa,16260,,2024
"Cedar Rapids, IA Metro Area",78080,276624,39.7,190699,42194,15540,114000,85551,211500,16300,,msa,16300,,2024
"Cedartown, GA Micro Area",58515,43785,38.0,29295,2895,1026,15901,10500,187600,16340,,msa,16340,,2024
"Celina, OH Micro Area",76782,42484,39.4,28245,3959,1709,16408,13053,210600,16380,,msa,16380,,2024
"Centralia, IL Micro Area",61240,37000,41.5,25698,2943,1092,15512,11580,103000,16460,,msa,16460,,2024
"Centralia, WA Micro Area",74796,85154,42.2,60791,8672,3515,32916,24938,385800,16500,,msa,16500,,2024
"Chambersburg, PA Metro Area",77003,157379,42.1,111277,16288,8563,63510,46691,249800,16540,,msa,16540,,2024
"Champaign-Urbana, IL Metro Area",65528,238842,32.0,142504,29084,20330,98224,56261,201700,16580,,msa,16580,,2024
"Charleston, WV Metro Area",60117,205398,44.0,148704,24067,10438,87358,63032,141100,16620,,msa,16620,,2024
"Charleston-Mattoon, IL Micro Area",56478,46777,37.5,30304,4786,2546,20824,12574,127400,16660,,msa,16660,,2024
"Charleston-North Charleston, SC Metro Area",85254,834267,38.2,583372,147264,64771,335865,231932,377500,16700,,msa,16700,,2024
"Charlotte-Concord-Gastonia, NC-SC Metro Area",83304,2768407,37.9,1890821,486353,205154,1076260,709351,356400,16740,,msa,16740,,2024
"Charlottesville, VA Metro Area",93598,224335,39.4,155111,41844,26405,90452,59967,430300,16820,,msa,16820,,2024
"Chattanooga, TN-GA Metro Area",72161,575812,40.4,407232,81290,34426,231335,157675,272400,16860,,msa,16860,,2024
"Cheyenne, WY Metro Area",80173,101060,38.5,69419,14500,6596,43279,30537,348700,16940,,msa,16940,,2024
"Chicago-Naperville-Elgin, IL-IN Metro Area",90887,9371595,38.6,6482556,1598318,802337,3643783,2388392,323000,16980,,msa,16980,,2024
"Chico, CA Metro Area",67928,207929,36.2,135188,27738,10063,83312,47717,424700,17020,,msa,17020,,2024
"Chillicothe, OH Micro Area",61303,76492,41.1,54609,5880,2784,29808,20749,171500,17060,,msa,17060,,2024
"Cincinnati, OH-KY-IN Metro Area",81120,2270706,38.2,1537545,350347,160850,906675,619384,258600,17140,,msa,17140,,2024
"Clarksburg, WV Micro Area",59928,89182,43.0,64331,9793,4483,35511,27199,162800,17220,,msa,17220,,2024
"Clarksdale, MS Micro Area",37461,20540,35.9,13026,1540,727,8404,4378,90300,17260,,msa,17260,,2024
"Clarksville, TN-KY Metro Area",68967,334564,32.1,208802,35914,16566,124867,76154,253300,17300,,msa,17300,,2024
"Clearlake, CA Micro Area",60621,68152,44.1,48884,5866,1716,26940,19441,324300,17340,,msa,17340,,2024
"Cleveland, MS Micro Area",39585,29534,37.5,19212,2968,1498,11915,7464,130000,17380,,msa,17380,,2024
"Cleveland, OH Metro Area",70678,2171526,41.6,1546299,314014,152059,931377,619763,215400,17410,,msa,17410,,2024
"Cleveland, TN Metro Area",66135,128963,40.5,89590,12228,6024,50020,34856,247000,17420,,msa,17420,,2024
"Clewiston, FL Micro Area",53559,54945,38.6,37058,3341,905,18630,14224,202300,17500,,msa,17500,,2024
"Clinton, IA Micro Area",66981,46268,42.4,32266,4973,1563,19506,14541,160600,17540,,msa,17540,,2024
"Clovis, NM Micro Area",55690,66566,32.0,40759,5289,3228,26036,16166,162000,17580,,msa,17580,,2024
"Coamo, PR Micro Area",23203,53901,44.4,40439,8185,1740,21324,16323,103500,17620,,msa,17620,,2024
"Coco, PR Micro Area",21901,25079,43.7,18525,3032,519,10761,8308,88700,17640,,msa,17640,,2024
"Cody, WY Micro Area",73035,30449,44.9,21880,4732,2029,13330,10042,400500,17650,,msa,17650,,2024
"Coeur d'Alene, ID Metro Area",81861,181996,40.9,128268,25966,8523,71172,50734,518700,17660,,msa,17660,,2024
"Coldwater, MI Micro Area",63724,45300,40.6,31177,3853,1236,16906,13131,162500,17740,,msa,17740,,2024
"College Station-Bryan, TX Metro Area",60087,278335,28.6,154455,34711,16089,105688,53974,279700,17780,,msa,17780,,2024
"Colorado Springs, CO Metro Area",90144,767824,35.5,513442,128069,66765,302050,201837,461800,17820,,msa,17820,,2024
"Columbia, MO Metro Area",72340,215014,33.5,132794,35599,17563,86393,51727,258700,17860,,msa,17860,,2024
"Columbia, SC Metro Area",68359,849181,37.6,567254,119264,58572,339601,235645,232400,17900,,msa,17900,,2024
"Columbus, GA-AL Metro Area",59336,325615,36.5,217837,36991,17674,127512,73765,197300,17980,,msa,17980,,2024
"Columbus, IN Metro Area",79901,83536,37.5,56413,11086,6676,33359,23123,232800,18020,,msa,18020,,2024
"Columbus, MS Micro Area",51117,67863,38.2,45253,7547,2965,26952,16979,150900,18060,,msa,18060,,2024
"Columbus, NE Micro Area",75378,45357,37.1,29087,4428,1371,17365,12607,210600,18100,,msa,18100,,2024
"Columbus, OH Metro Area",81945,2175788,36.7,1474109,363297,160697,864663,530433,300800,18140,,msa,18140,,2024
"Concord, NH Micro Area",97004,155967,42.9,113343,25766,13095,60901,44754,367600,18180,,msa,18180,,2024
"Connersville, IN Micro Area",59321,23334,44.0,16358,1935,620,9422,6792,130700,18220,,msa,18220,,2024
"Cookeville, TN Micro Area",55380,145812,39.7,99051,14382,5665,58693,40058,237000,18260,,msa,18260,,2024
"Coos Bay-North Bend, OR Micro Area",62143,64827,48.6,48972,6702,3115,28731,20445,337800,18300,,msa,18300,,2024
"Corbin, KY Micro Area",46363,149689,39.0,101698,9164,6183,56536,39443,134600,18340,,msa,18340,,2024
"Cordele, GA Micro Area",45105,19790,38.8,13454,1325,448,7908,4389,140200,18380,,msa,18380,,2024
"Corinth, MS Micro Area",51260,34289,40.0,23932,2920,1125,14456,9799,142100,18420,,msa,18420,,2024
"Cornelia, GA Micro Area",67309,47793,39.4,32671,4701,2401,16753,12197,238300,18460,,msa,18460,,2024
"Corning, NY Micro Area",65887,92588,43.0,65996,9084,6164,39219,28738,137900,18500,,msa,18500,,2024
"Corpus Christi, TX Metro Area",67453,448012,37.8,300255,46105,17073,168972,104791,210400,18580,,msa,18580,,2024
"Corsicana, TX Micro Area",63111,54711,36.7,34818,4337,1463,19044,13224,172600,18620,,msa,18620,,2024
"Cortland, NY Micro Area",70418,46246,37.0,29317,4495,3078,18999,12597,162100,18660,,msa,18660,,2024
"Corvallis, OR Metro Area",77702,96303,34.5,60295,16900,9362,38537,21945,513000,18700,,msa,18700,,2024
"Coshocton, OH Micro Area",55577,36744,41.3,25292,2872,1099,14786,10780,155500,18740,,msa,18740,,2024
"Crawfordsville, IN Micro Area",71479,38312,40.4,26104,3419,1506,15602,12524,171800,18820,,msa,18820,,2024
"Crescent City, CA Micro Area",67058,27107,39.9,19816,2660,1064,9522,6673,342000,18860,,msa,18860,,2024
"Crestview-Fort Walton Beach-Destin, FL Metro Area",81993,299547,39.3,209857,44852,21523,119773,85421,364100,18880,,msa,18880,,2024
"Crossville, TN Micro Area",60375,63553,53.5,49349,5748,2643,28195,22614,250500,18900,,msa,18900,,2024
"Cullman, AL Micro Area",62656,90566,40.8,63243,8261,3406,35347,27088,199100,18980,,msa,18980,,2024
"Cumberland, MD-WV Micro Area",62091,94306,42.1,67226,8010,5506,38502,28368,161600,19060,,msa,19060,,2024
"Dallas-Fort Worth-Arlington, TX Metro Area",90275,7985590,35.6,5250335,1310869,580197,2891725,1737920,359500,19100,,msa,19100,,2024
"Dalton, GA Metro Area",67846,144160,37.1,95354,10364,4573,52080,35936,208800,19140,,msa,19140,,2024
"Danville, IL Micro Area",56877,72386,41.3,49879,5690,3294,30084,21129,97200,19180,,msa,19180,,2024
"Danville, KY Micro Area",56921,55445,40.1,37690,4588,2769,21750,15602,173400,19220,,msa,19220,,2024
"Danville, VA Micro Area",49874,102070,45.0,73820,8315,3705,44086,28791,150900,19260,,msa,19260,,2024
"Daphne-Fairhope-Foley, AL Metro Area",78775,246989,43.9,177628,37938,15646,98574,76497,316900,19300,,msa,19300,,2024
"Davenport-Moline-Rock Island, IA-IL Metro Area",72738,381503,40.4,263369,49772,21987,161702,115884,174100,19340,,msa,19340,,2024
"Dayton-Kettering-Beavercreek, OH Metro Area",71739,816080,39.1,561089,105238,61224,344391,223806,201100,19430,,msa,19430,,2024
"Decatur, AL Metro Area",68116,157747,40.5,108806,15271,6310,62667,46773,202500,19460,,msa,19460,,2024
"Decatur, IL Metro Area",62666,101849,40.6,70226,11294,4605,43468,30493,127300,19500,,msa,19500,,2024
"Decatur, IN Micro Area",65289,36227,33.2,21694,2408,827,12401,10349,178400,19540,,msa,19540,,2024
"Defiance, OH Micro Area",73064,38343,41.1,26401,3314,1569,15327,12152,163200,19580,,msa,19580,,2024
"Del Rio, TX Micro Area",66100,47741,32.3,29064,3741,2234,16810,11608,164600,19620,,msa,19620,,2024
"Deltona-Daytona Beach-Ormond Beach, FL Metro Area",71277,706150,47.8,531074,99708,37797,294463,221898,324300,19660,,msa,19660,,2024
"Deming, NM Micro Area",36419,25611,36.3,16514,1574,646,9223,6537,128000,19700,,msa,19700,,2024
"Denver-Aurora-Centennial, CO Metro Area",105762,3002721,37.3,2129090,656454,291007,1221636,782513,603800,19740,,msa,19740,,2024
"DeRidder, LA Micro Area",65944,36676,37.2,24531,2842,1122,13747,11660,161700,19760,,msa,19760,,2024
"Des Moines-West Des Moines, IA Metro Area",85890,731120,36.8,489787,131138,45481,294814,204751,267400,19780,,msa,19780,,2024
"Detroit Lakes, MN Micro Area",71388,35343,43.5,24568,4677,1654,14410,11123,291000,19810,,msa,19810,,2024
"Detroit-Warren-Dearborn, MI Metro Area",76664,4376828,40.3,3077577,642231,323596,1768816,1259368,249700,19820,,msa,19820,,2024
"Dickinson, ND Micro Area",85938,38366,35.3,25140,5668,1226,15515,10526,272800,19860,,msa,19860,,2024
"Dixon, IL Micro Area",70292,33869,43.1,24965,3108,1136,13337,9821,154600,19940,,msa,19940,,2024
"Dodge City, KS Micro Area",70781,34074,32.3,20254,2750,1086,11796,7371,151100,19980,,msa,19980,,2024
"Dothan, AL Metro Area",57791,152674,41.3,106909,14449,6164,61011,41554,170700,20020,,msa,20020,,2024
"Douglas, GA Micro Area",48870,51684,36.0,34378,2497,1273,18571,11919,117300,20060,,msa,20060,,2024
"Dover, DE Metro Area",74477,187604,38.8,126457,20776,11406,71424,51808,316600,20100,,msa,20100,,2024
"Dublin, GA Micro Area",54207,58988,40.3,40359,3708,2460,21809,14392,136600,20140,,msa,20140,,2024
"DuBois, PA Micro Area",62152,78635,45.4,58829,8087,2841,32518,25534,137000,20180,,msa,20180,,2024
"Dubuque, IA Metro Area",77630,99030,39.1,67015,14589,6002,40989,30062,237300,20220,,msa,20220,,2024
"Duluth, MN-WI Metro Area",71769,280870,41.5,196545,40558,15100,120365,87067,222400,20260,,msa,20260,,2024
"Dumas, TX Micro Area",61762,21373,31.2,12720,1213,311,7157,4470,152600,20300,,msa,20300,,2024
"Duncan, OK Micro Area",61620,43551,41.0,30321,4092,1760,17567,13068,145300,20340,,msa,20340,,2024
"Durango, CO Micro Area",86056,56331,43.2,41347,12427,5384,24378,17292,591500,20420,,msa,20420,,2024
"Durant, OK Micro Area",57225,48253,37.0,32255,5789,2309,18397,11741,174900,20460,,msa,20460,,2024
"Durham-Chapel Hill, NC Metro Area",83500,601724,37.9,414288,111925,66090,248256,154335,396100,20500,,msa,20500,,2024
"Dyersburg, TN Micro Area",58154,36508,40.2,24967,3397,1133,14769,9136,166400,20540,,msa,20540,,2024
"Eagle Pass, TX Metro Area",49568,58082,30.3,33789,3375,796,18080,12751,158700,20580,,msa,20580,,2024
"Easton, MD Micro Area",84811,37917,51.2,28694,6966,3082,16433,12337,409700,20660,,msa,20660,,2024
"East Stroudsburg, PA Micro Area",83565,167515,44.1,120121,20388,10016,61212,49111,267600,20700,,msa,20700,,2024
"Eau Claire, WI Metro Area",74595,173915,38.2,116814,25322,8058,71865,47425,259900,20740,,msa,20740,,2024
"Edwards, CO Micro Area",104096,55135,39.7,40108,13475,5074,22058,14545,839500,20780,,msa,20780,,2024
"Effingham, IL Micro Area",79157,44856,40.7,31137,5260,1947,18128,14431,172400,20820,,msa,20820,,2024
"El Campo, TX Micro Area",66924,41794,38.1,27334,4280,1102,15890,11482,189900,20900,,msa,20900,,2024
"El Centro, CA Metro Area",57681,180202,33.2,111419,12870,3594,49644,28210,309600,20940,,msa,20940,,2024
"El Dorado, AR Micro Area",55259,37900,41.4,25911,3170,1416,15002,10905,120900,20980,,msa,20980,,2024
"Elizabeth City, NC Micro Area",66589,40834,39.6,28086,5226,1774,15785,10653,234600,21020,,msa,21020,,2024
"Elizabethtown, KY Metro Area",67534,127049,37.6,85479,12049,6753,50618,32681,218800,21060,,msa,21060,,2024
"Elk City, OK Micro Area",53328,22148,37.1,15287,1446,475,8188,5554,143500,21120,,msa,21120,,2024
"Elkhart-Goshen, IN Metro Area",68561,207132,35.6,131311,16780,7192,72309,51749,210400,21140,,msa,21140,,2024
"Elkins, WV Micro Area",52757,27576,44.4,20279,2835,867,10678,8007,144800,21180,,msa,21180,,2024
"Elko, NV Micro Area",85882,55632,36.1,36317,4236,1628,20249,14520,297500,21220,,msa,21220,,2024
"Ellensburg, WA Micro Area",73804,47172,35.8,29857,6896,2953,19993,12294,497400,21260,,msa,21260,,2024
"Elmira, NY Metro Area",63716,82147,42.0,58412,8865,5700,35262,24132,141100,21300,,msa,21300,,2024
"El Paso, TX Metro Area",59751,874182,33.6,551308,95779,34843,300479,193076,180200,21340,,msa,21340,,2024
"Emporia, KS Micro Area",59354,34747,34.2,21504,3441,1832,14628,8642,146700,21380,,msa,21380,,2024
"Enid, OK Metro Area",66182,62146,36.0,40402,6581,2280,23893,15762,160100,21420,,msa,21420,,2024
"Enterprise, AL Micro Area",68353,54920,39.0,37306,4609,2855,20984,15163,188600,21460,,msa,21460,,2024
"Erie, PA Metro Area",63354,269052,40.2,186383,34731,15902,110587,75276,177000,21500,,msa,21500,,2024
"Escanaba, MI Micro Area",57809,36813,48.0,27317,4082,1170,15971,13098,157100,21540,,msa,21540,,2024
"Española, NM Micro Area",57155,40070,42.0,27797,2903,2039,15647,12517,243700,21580,,msa,21580,,2024
"Eufaula, AL-GA Micro Area",44925,26907,41.8,19286,1276,558,10195,7128,111300,21640,,msa,21640,,2024
"Eugene-Springfield, OR Metro Area",71544,384207,40.3,267847,53761,25455,160445,95774,430600,21660,,msa,21660,,2024
"Eureka-Arcata, CA Micro Area",61160,134541,39.9,93031,19767,7314,54922,31053,446900,21700,,msa,21700,,2024
"Evanston, WY-UT Micro Area",82471,23275,37.3,15192,2491,596,8639,6693,293800,21740,,msa,21740,,2024
"Evansville, IN Metro Area",68232,270494,39.7,186990,35147,15122,113966,80308,204000,21780,,msa,21780,,2024
"Fairbanks-College, AK Metro Area",88267,95460,32.5,61502,12423,5756,36359,22424,298200,21820,,msa,21820,,2024
"Fairmont, MN Micro Area",59507,19780,43.9,14004,2288,701,8839,6090,163500,21860,,msa,21860,,2024
"Fairmont, WV Micro Area",67370,55909,40.3,38741,6684,3080,23339,17897,166700,21900,,msa,21900,,2024
"Fallon, NV Micro Area",79163,25805,40.4,17797,2302,523,9516,6650,329900,21980,,msa,21980,,2024
"Fargo, ND-MN Metro Area",76756,259459,33.0,162617,45733,15057,110387,61047,289100,22020,,msa,22020,,2024
"Faribault-Northfield, MN Micro Area",83181,67917,37.1,43777,8039,3615,23493,17918,320200,22060,,msa,22060,,2024
"Farmington, MO Micro Area",57477,66999,39.5,47231,5201,2169,24816,16925,169300,22100,,msa,22100,,2024
"Farmington, NM Metro Area",55872,120942,38.3,80496,9172,4119,41732,29713,193800,22140,,msa,22140,,2024
"Fayetteville, NC Metro Area",61763,392380,32.3,245811,42969,18751,149016,85381,202700,22180,,msa,22180,,2024
"Fayetteville, TN Micro Area",64667,35946,42.9,25171,3301,1465,14849,11259,229700,22190,,msa,22190,,2024
"Fayetteville-Springdale-Rogers, AR Metro Area",81650,577726,34.7,371795,83272,37860,215566,134192,307200,22220,,msa,22220,,2024
"Fergus Falls, MN Micro Area",72255,60475,46.2,43482,8245,2805,25157,19996,273000,22260,,msa,22260,,2024
"Findlay, OH Micro Area",73141,74866,39.5,51458,9694,4701,31615,22380,204700,22300,,msa,22300,,2024
"Fitzgerald, GA Micro Area",41758,17089,38.7,11647,1049,372,7082,4481,112700,22340,,msa,22340,,2024
"Flagstaff, AZ Metro Area",72966,144508,32.8,88196,20755,10273,55118,32909,448000,22380,,msa,22380,,2024
"Flint, MI Metro Area",62281,403305,40.6,280648,42902,16990,167334,118363,182400,22420,,msa,22420,,2024
"Florence, SC Metro Area",54443,199675,39.8,136043,18562,9456,78417,52218,170800,22500,,msa,22500,,2024
"Florence-Muscle Shoals, AL Metro Area",61891,153852,41.6,106761,17781,7463,63559,44370,187400,22520,,msa,22520,,2024
"Fond du Lac, WI Metro Area",74275,104137,41.9,73265,11165,3946,43243,30579,222800,22540,,msa,22540,,2024
"Forest City, NC Micro Area",51410,64930,45.3,47251,6267,2996,26642,19684,201800,22580,,msa,22580,,2024
"Forrest City, AR Micro Area",42574,22400,40.1,15925,1321,811,7783,4319,90900,22620,,msa,22620,,2024
"Fort Collins-Loveland, CO Metro Area",93765,367368,36.8,247787,77866,37343,154232,98737,569100,22660,,msa,22660,,2024
"Fort Dodge, IA Micro Area",68975,36886,39.7,24781,4009,960,15375,10815,153800,22700,,msa,22700,,2024
"Fort Leonard Wood, MO Micro Area",64466,53894,27.8,29551,5126,1923,16851,10306,189800,22780,,msa,22780,,2024
"Fort Madison, IA Micro Area",62382,32893,43.6,23621,3576,1132,14323,10934,141400,22800,,msa,22800,,2024
"Fort Morgan, CO Micro Area",73278,29520,37.5,19651,2243,952,11069,7453,338600,22820,,msa,22820,,2024
"Fort Payne, AL Micro Area",51204,72269,39.5,48738,4315,1941,26181,20490,152700,22840,,msa,22840,,2024
"Fort Smith, AR-OK Metro Area",58468,229899,38.7,155551,20928,8040,90992,60605,171200,22900,,msa,22900,,2024
"Fort Wayne, IN Metro Area",71213,455416,36.8,300883,61065,22341,182145,128037,214100,23060,,msa,23060,,2024
"Frankfort, IN Micro Area",65019,32944,36.7,21285,2409,978,12496,9271,164100,23140,,msa,23140,,2024
"Frankfort, KY Micro Area",68568,76195,41.2,53420,9802,4628,32371,22138,219900,23180,,msa,23180,,2024
"Franklin, KY Micro Area",59858,19972,38.8,13641,1464,1022,8025,5351,229400,23190,,msa,23190,,2024
"Fredericksburg, TX Micro Area",76162,27524,50.7,20683,4811,1976,11513,8624,460700,23240,,msa,23240,,2024
"Freeport, IL Micro Area",64043,43768,45.3,31205,4284,1785,19358,13726,134900,23300,,msa,23300,,2024
"Fremont, NE Micro Area",74329,37351,39.3,24706,3726,1272,15168,10150,208600,23340,,msa,23340,,2024
"Fremont, OH Micro Area",62295,58778,42.5,41683,5369,1935,24686,18122,160700,23380,,msa,23380,,2024
"Fresno, CA Metro Area",74468,1177665,33.7,737665,112744,40620,370081,210984,389400,23420,,msa,23420,,2024
"Gadsden, AL Metro Area",54563,103105,41.7,72481,8093,3277,39411,29128,167100,23460,,msa,23460,,2024
"Gaffney, SC Micro Area",50288,56647,40.4,38809,4403,2191,22063,16290,142000,23500,,msa,23500,,2024
"Gainesville, FL Metro Area",61468,349923,34.5,221466,45693,27149,142499,84433,266200,23540,,msa,23540,,2024
"Gainesville, GA Metro Area",80901,212705,38.4,142481,23746,9417,73551,50421,350400,23580,,msa,23580,,2024
"Gainesville, TX Micro Area",73932,43046,40.5,29120,4539,1849,16528,11873,240400,23620,,msa,23620,,2024
"Galesburg, IL Micro Area",57030,49046,42.6,34285,4646,1948,20972,14852,111900,23660,,msa,23660,,2024
"Gallipolis, OH Micro Area",56830,29068,41.4,19843,2265,1408,11614,8672,155600,23680,,msa,23680,,2024
"Gallup, NM Micro Area",47668,70431,34.6,45002,3610,1795,21353,14900,78700,23700,,msa,23700,,2024
"Garden City, KS Micro Area",73009,38084,31.9,22709,2953,1106,13229,8589,201400,23780,,msa,23780,,2024
"Gardnerville Ranchos, NV-CA Micro Area",91077,51239,54.6,40723,8588,3125,21760,17151,614900,23820,,msa,23820,,2024
"Gettysburg, PA Metro Area",84092,106115,43.7,74849,11143,6388,40841,32214,268500,23900,,msa,23900,,2024
"Gillette, WY Micro Area",89869,47240,36.3,31127,4489,2388,17988,13971,279100,23940,,msa,23940,,2024
"Glasgow, KY Micro Area",50729,55363,40.3,38281,4130,1892,22117,14928,165700,23980,,msa,23980,,2024
"Glens Falls, NY Metro Area",75836,126039,46.1,95013,15933,9201,54602,40486,232500,24020,,msa,24020,,2024
"Gloversville, NY Micro Area",66533,52487,44.1,38073,5013,2460,22866,16320,163100,24100,,msa,24100,,2024
"Goldsboro, NC Metro Area",59733,118652,37.3,79122,11999,4201,47507,29195,178700,24140,,msa,24140,,2024
"Granbury, TX Micro Area",88160,65894,45.9,48057,10932,3804,25523,20716,306400,24180,,msa,24180,,2024
"Grand Forks, ND-MN Metro Area",69836,103628,33.5,64281,14672,5039,43655,25014,242500,24220,,msa,24220,,2024
"Grand Island, NE Metro Area",69704,76794,37.0,50061,6885,3020,30296,19832,218400,24260,,msa,24260,,2024
"Grand Junction, CO Metro Area",73658,158601,41.3,112574,24378,8146,65830,47707,378600,24300,,msa,24300,,2024
"Grand Rapids, MN Micro Area",68603,45275,46.9,33202,5504,2411,18541,15396,225200,24330,,msa,24330,,2024
"Grand Rapids-Wyoming-Kentwood, MI Metro Area",82874,1162152,36.8,778630,184499,74909,440316,328536,285300,24340,,msa,24340,,2024
"Grants Pass, OR Metro Area",60098,88179,47.3,65847,8234,3519,36715,26333,404300,24420,,msa,24420,,2024
"Great Bend, KS Micro Area",58851,25097,38.8,17024,2660,772,10380,6764,126400,24460,,msa,24460,,2024
"Great Falls, MT Metro Area",67690,84606,38.6,58253,10460,4490,35615,24408,265300,24500,,msa,24500,,2024
"Greeley, CO Metro Area",97097,350396,35.3,230156,48843,20999,124287,94490,471700,24540,,msa,24540,,2024
"Green Bay, WI Metro Area",79267,331145,39.5,227879,48869,16355,136101,94726,257300,24580,,msa,24580,,2024
"Greencastle, IN Micro Area",78378,37280,38.4,25447,3487,1188,14142,10663,218900,24600,,msa,24600,,2024
"Greeneville, TN Micro Area",56194,71628,44.7,51956,6042,2681,28400,21899,207500,24620,,msa,24620,,2024
"Greenfield, MA Micro Area",74907,70944,47.2,54405,12024,7152,31570,22143,329000,24640,,msa,24640,,2024
"Greensboro-High Point, NC Metro Area",65565,786419,38.9,531868,108691,46144,317045,202128,231000,24660,,msa,24660,,2024
"Greensburg, IN Micro Area",69783,26422,39.8,18116,2658,798,10712,8151,199100,24700,,msa,24700,,2024
"Greenville, MS Micro Area",42165,42765,38.0,28207,3659,1874,17113,10301,104000,24740,,msa,24740,,2024
"Greenville, NC Metro Area",58188,177193,33.0,107483,21029,10438,74533,38344,208900,24780,,msa,24780,,2024
"Greenville, OH Micro Area",64486,51594,41.8,35460,3936,1513,21297,15413,173200,24820,,msa,24820,,2024
"Greenville-Anderson-Greer, SC Metro Area",71240,961939,38.8,654478,141560,60181,383842,271252,264600,24860,,msa,24860,,2024
"Greenwood, MS Micro Area",39534,36827,38.3,24530,3159,1581,14461,8914,103600,24900,,msa,24900,,2024
"Greenwood, SC Micro Area",52860,93909,40.9,64351,9560,4181,37646,26313,180100,24940,,msa,24940,,2024
"Grenada, MS Micro Area",46897,30819,39.9,21079,2566,1449,12601,8771,129600,24980,,msa,24980,,2024
"Guayama, PR Metro Area",21186,66202,43.9,49119,8349,2753,28965,20370,98900,25020,,msa,25020,,2024
"Gulfport-Biloxi, MS Metro Area",62418,421201,39.8,289753,48309,21390,167947,115159,205000,25060,,msa,25060,,2024
"Guymon, OK Micro Area",60069,20774,33.0,12592,1814,768,6824,4532,163500,25100,,msa,25100,,2024
"Hagerstown-Martinsburg, MD-WV Metro Area",78802,302649,40.2,212544,31402,16080,118181,84893,278100,25180,,msa,25180,,2024
"Hailey, ID Micro Area",88522,31433,44.0,22564,6811,1939,12631,9412,607600,25200,,msa,25200,,2024
"Hammond, LA Metro Area",56760,136738,35.9,89724,12746,4460,51999,36540,212900,25220,,msa,25220,,2024
"Hanford-Corcoran, CA Metro Area",70995,153298,32.5,96271,8974,3118,44052,23870,324300,25260,,msa,25260,,2024
"Hannibal, MO Micro Area",63545,38885,40.8,26648,3606,1907,15293,11242,163800,25300,,msa,25300,,2024
"Harrisburg-Carlisle, PA Metro Area",80919,604155,40.1,421449,92660,41606,246084,167452,253100,25420,,msa,25420,,2024
"Harrison, AR Micro Area",54384,45250,42.7,31899,3604,1474,18542,13311,185000,25460,,msa,25460,,2024
"Harrisonburg, VA Metro Area",75065,136992,34.9,84506,15007,8131,50046,31459,309300,25500,,msa,25500,,2024
"Hartford-West Hartford-East Hartford, CT Metro Area",95118,1153112,40.8,812615,191923,114907,465181,313190,333500,25540,,msa,25540,,2024
"Hastings, NE Micro Area",69510,40507,39.2,26898,4552,1876,17059,12363,175200,25580,,msa,25580,,2024
"Hattiesburg, MS Metro Area",60285,155434,35.5,99734,18346,8814,60155,38660,191200,25620,,msa,25620,,2024
"Hays, KS Micro Area",63084,28920,33.2,17374,4266,1568,12251,7742,216300,25700,,msa,25700,,2024
"Heber, UT Micro Area",127160,79612,39.2,52275,18310,7678,28610,22959,893100,25720,,msa,25720,,2024
"Helena, MT Metro Area",78528,93906,42.6,67569,18017,6345,39033,28562,401200,25740,,msa,25740,,2024
"Hemlock Farms, PA Micro Area",81323,60621,49.4,46149,8191,4609,24262,21116,272600,25770,,msa,25770,,2024
"Henderson, KY Micro Area",59053,57122,40.7,39721,4867,1974,23445,15647,161700,25775,,msa,25775,,2024
"Henderson, NC Micro Area",50465,42322,39.9,28532,3529,1042,16147,9712,161500,25780,,msa,25780,,2024
"Hereford, TX Micro Area",60799,18460,31.3,10722,886,203,6051,4043,121300,25820,,msa,25820,,2024
"Hermiston-Pendleton, OR Micro Area",68427,92240,36.8,61014,6865,2930,33033,22600,275100,25840,,msa,25840,,2024
"Hermitage, PA Micro Area",59976,109257,45.1,78478,13359,5218,46524,33679,164000,25850,,msa,25850,,2024
"Hickory-Lenoir-Morganton, NC Metro Area",62787,368316,43.5,264723,40388,14071,149578,110454,215600,25860,,msa,25860,,2024
"Hillsdale, MI Micro Area",64242,45654,43.1,31627,4122,1910,17860,14647,176100,25880,,msa,25880,,2024
"Hilo-Kailua, HI Micro Area",78639,205769,44.3,149578,28558,11852,74072,54795,519300,25900,,msa,25900,,2024
"Hilton Head Island-Bluffton-Port Royal, SC Metro Area",83304,227455,47.7,166140,42503,21235,95451,72649,439500,25940,,msa,25940,,2024
"Hinesville, GA Metro Area",61709,85771,29.7,50799,6501,2271,30160,16223,204500,25980,,msa,25980,,2024
"Hobbs, NM Micro Area",68015,73733,32.5,44215,3619,2823,24670,17559,184000,26020,,msa,26020,,2024
"Holland, MI Micro Area",83283,121456,41.0,84097,15195,5908,45522,39772,267100,26090,,msa,26090,,2024
"Homosassa Springs, FL Metro Area",56546,162472,56.9,129981,17051,6787,71291,60758,245500,26140,,msa,26140,,2024
"Hood River, OR Micro Area",88947,23905,40.7,16924,4126,1806,8939,6203,660000,26220,,msa,26220,,2024
"Hot Springs, AR Metro Area",57181,100035,45.5,73124,11844,5015,43667,30296,194300,26300,,msa,26300,,2024
"Houghton, MI Micro Area",58128,39826,33.5,23690,4934,2556,15440,11300,160800,26340,,msa,26340,,2024
"Houma-Bayou Cane-Thibodaux, LA Metro Area",64038,202438,38.8,136821,18030,6252,79889,61898,189700,26380,,msa,26380,,2024
"Houston-Pasadena-The Woodlands, TX Metro Area",82168,7442788,35.4,4837926,1080098,465149,2661739,1630188,298000,26420,,msa,26420,,2024
"Hudson, NY Micro Area",81528,61100,49.8,47481,9073,6830,26627,20315,347100,26460,,msa,26460,,2024
"Huntingdon, PA Micro Area",65557,43653,44.0,31749,3917,1580,16341,12942,183200,26500,,msa,26500,,2024
"Huntington, IN Micro Area",66301,36798,40.4,25406,3541,1316,15403,11920,161600,26540,,msa,26540,,2024
"Huntington-Ashland, WV-KY-OH Metro Area",60078,370729,41.9,259495,35284,18175,152165,111969,154700,26580,,msa,26580,,2024
"Huntsville, AL Metro Area",85989,516951,38.8,357065,91131,48806,205984,144511,295200,26620,,msa,26620,,2024
"Huntsville, TX Micro Area",52324,80209,37.6,53973,7856,2923,26017,14694,226900,26660,,msa,26660,,2024
"Huron, SD Micro Area",67681,19309,37.6,12450,2361,750,7536,5494,175100,26700,,msa,26700,,2024
"Hutchinson, KS Micro Area",60645,61553,40.9,42501,5762,2342,25592,17708,132500,26740,,msa,26740,,2024
"Hutchinson, MN Micro Area",80084,36798,41.6,25777,3568,1171,15215,11781,246100,26780,,msa,26780,,2024
"Idaho Falls, ID Metro Area",80291,165361,33.5,101410,22311,6939,55456,40997,372100,26820,,msa,26820,,2024
"Indiana, PA Micro Area",60208,83042,40.0,54359,8550,4475,32487,23435,152800,26860,,msa,26860,,2024
"Indianapolis-Carmel-Greenwood, IN Metro Area",79852,2130055,36.9,1426691,347581,144257,842765,563165,265900,26900,,msa,26900,,2024
"Iowa City, IA Metro Area",75088,179200,32.1,109224,31789,14007,72313,44246,293600,26980,,msa,26980,,2024
"Iron Mountain, MI-WI Micro Area",64552,30600,48.1,22802,4055,1287,14102,11801,157300,27020,,msa,27020,,2024
"Ithaca, NY Metro Area",74024,104537,32.3,61195,14652,11743,43263,23422,290900,27060,,msa,27060,,2024
"Jackson, MI Metro Area",66073,160060,41.5,112708,17538,7062,62540,46927,193700,27100,,msa,27100,,2024
"Jackson, MS Metro Area",61644,611324,38.4,411711,79590,35496,237841,160548,200500,27140,,msa,27140,,2024
"Jackson, TN Metro Area",61177,181719,38.8,122650,17545,8283,72451,47706,185300,27180,,msa,27180,,2024
"Jackson, WY-ID Micro Area",118796,35821,40.0,26847,10008,3725,14507,9515,1075500,27220,,msa,27220,,2024
"Jacksonville, FL Metro Area",79643,1683960,39.3,1175272,280172,107327,663101,440778,343400,27260,,msa,27260,,2024
"Jacksonville, IL Micro Area",66353,37958,41.9,26441,4168,1212,15122,11129,125500,27300,,msa,27300,,2024
"Jacksonville, NC Metro Area",68148,207906,27.7,114320,19336,8096,75265,47971,236400,27340,,msa,27340,,2024
"Jacksonville, TX Micro Area",61261,51886,38.2,34679,4377,1745,18185,13453,169300,27380,,msa,27380,,2024
"Jamestown, ND Micro Area",61856,21549,41.1,15068,2856,792,9437,5951,208400,27420,,msa,27420,,2024
"Jamestown-Dunkirk, NY Micro Area",58351,125544,42.9,88242,12193,7940,53393,36762,127900,27460,,msa,27460,,2024
"Janesville-Beloit, WI Metro Area",75673,164350,40.3,113735,20122,7103,67201,47819,231600,27500,,msa,27500,,2024
"Jasper, IN Micro Area",75979,43614,40.3,29878,5532,1621,17574,13131,230100,27540,,msa,27540,,2024
"Jefferson, GA Micro Area",89544,84757,38.1,57117,10472,3956,28402,22532,345000,27600,,msa,27600,,2024
"Jefferson City, MO Metro Area",74030,150437,39.8,103676,20970,8423,58587,42282,217500,27620,,msa,27620,,2024
"Jesup, GA Micro Area",53427,30949,38.3,20890,2098,837,11061,7447,162800,27700,,msa,27700,,2024
"Johnson City, TN Metro Area",57762,210729,42.1,149695,26092,11994,88979,60684,219200,27740,,msa,27740,,2024
"Johnstown, PA Metro Area",58418,131538,45.6,94666,14824,5842,55973,42745,121000,27780,,msa,27780,,2024
"Jonesboro, AR Metro Area",56738,135792,35.3,87937,14181,6274,53229,32378,192200,27860,,msa,27860,,2024
"Joplin, MO-KS Metro Area",61901,203626,38.3,135978,22260,7667,79505,53992,165500,27900,,msa,27900,,2024
"Juneau, AK Micro Area",101661,31794,40.0,22748,5840,2397,13167,8375,449300,27940,,msa,27940,,2024
"Kahului-Wailuku, HI Metro Area",97109,164589,43.2,119223,24587,8303,55881,36638,904700,27980,,msa,27980,,2024
"Kalamazoo-Portage, MI Metro Area",72532,262375,35.0,167183,41575,19833,107110,69106,241800,28020,,msa,28020,,2024
"Kalispell, MT Micro Area",73925,110695,42.2,79424,19190,7173,44233,32008,535500,28060,,msa,28060,,2024
"Kankakee, IL Metro Area",71281,106635,39.0,71873,9385,4388,40996,28641,192600,28100,,msa,28100,,2024
"Kansas City, MO-KS Metro Area",83460,2218142,38.0,1512611,372319,170327,895368,589480,287300,28140,,msa,28140,,2024
"Kapaa, HI Micro Area",97668,73731,43.1,53395,10531,3810,23632,16210,873200,28180,,msa,28180,,2024
"Kearney, NE Micro Area",76109,57292,35.9,36370,8567,2638,22798,15449,242600,28260,,msa,28260,,2024
"Keene, NH Micro Area",83329,77297,43.6,55786,12022,6060,30620,22264,280100,28300,,msa,28300,,2024
"Kendallville, IN Micro Area",71723,47495,39.4,32067,3877,1719,18179,14025,196800,28340,,msa,28340,,2024
"Kennett, MO Micro Area",47849,27493,39.7,18193,1281,904,11257,7011,97600,28380,,msa,28380,,2024
"Kennewick-Richland, WA Metro Area",89010,311807,34.6,197207,36025,16302,107936,73988,397900,28420,,msa,28420,,2024
"Kenosha, WI Metro Area",81239,168438,39.4,115540,23543,9404,68904,45963,265500,28450,,msa,28450,,2024
"Kerrville, TX Micro Area",69395,53489,48.8,39521,7540,3309,22615,15863,321200,28500,,msa,28500,,2024
"Ketchikan, AK Micro Area",92885,13768,41.0,9970,1782,691,5732,3933,393300,28540,,msa,28540,,2024
"Key West-Key Largo, FL Micro Area",87738,81860,49.2,64618,15099,6836,34405,22636,780600,28580,,msa,28580,,2024
"Kill Devil Hills, NC Micro Area",88994,37875,49.0,28880,8675,2897,16836,13202,460400,28620,,msa,28620,,2024
"Killeen-Temple, TX Metro Area",69923,494360,32.8,309958,53191,20002,177681,102945,234500,28660,,msa,28660,,2024
"Kingsland, GA Micro Area",74378,56970,34.7,37101,5728,2574,21693,14706,261400,28680,,msa,28680,,2024
"Kingsport-Bristol, TN-VA Metro Area",57792,310842,45.7,229428,35926,13897,130939,96974,198400,28700,,msa,28700,,2024
"Kingston, NY Metro Area",86271,182601,44.1,134979,27981,18070,74278,51924,352500,28740,,msa,28740,,2024
"Kingsville, TX Micro Area",61292,30579,29.0,17099,2518,1171,11853,6225,161300,28780,,msa,28780,,2024
"Kinston, NC Micro Area",45143,54919,41.9,38187,3987,1820,23351,13826,120500,28820,,msa,28820,,2024
"Kirksville, MO Micro Area",61485,29339,31.5,16758,2520,1613,10433,6613,162200,28860,,msa,28860,,2024
"Kiryas Joel-Poughkeepsie-Newburgh, NY Metro Area",98233,704836,39.4,473803,95998,59515,254883,174449,393600,28880,,msa,28880,,2024
"Klamath Falls, OR Micro Area",58830,70247,41.3,49500,7087,2883,28999,20130,280400,28900,,msa,28900,,2024
"Knoxville, TN Metro Area",72422,932241,40.6,651780,129474,57335,378234,266262,290200,28940,,msa,28940,,2024
"Kokomo, IN Metro Area",64027,83752,40.7,58020,8024,3229,35593,25119,165000,29020,,msa,29020,,2024
"Laconia, NH Micro Area",92783,64659,48.4,49359,10105,5264,26337,21097,374900,29060,,msa,29060,,2024
"La Crosse-Onalaska, WI-MN Metro Area",73340,170190,39.3,113089,23796,9968,72055,48767,247400,29100,,msa,29100,,2024
"Lafayette, LA Metro Area",60892,413428,37.3,278503,53669,15223,164378,112095,214400,29180,,msa,29180,,2024
"Lafayette-West Lafayette, IN Metro Area",62011,226805,30.8,132233,27757,12943,90706,52637,226100,29200,,msa,29200,,2024
"La Grande, OR Micro Area",65661,26144,40.0,17593,3023,1072,10900,7141,294600,29260,,msa,29260,,2024
"LaGrange, GA-AL Micro Area",54888,104522,38.6,71430,8747,4144,40338,25941,182600,29300,,msa,29300,,2024
"Lake Charles, LA Metro Area",66700,244027,37.6,163269,25044,9144,92043,67963,207800,29340,,msa,29340,,2024
"Lake City, FL Micro Area",59205,71789,40.7,50225,5772,2126,27430,19886,194900,29380,,msa,29380,,2024
"Lake Havasu City-Kingman, AZ Metro Area",57684,220517,53.6,172400,16295,7148,101973,75535,281000,29420,,msa,29420,,2024
"Lakeland-Winter Haven, FL Metro Area",65978,790694,39.5,548366,86729,31509,289425,203945,266500,29460,,msa,29460,,2024
"Lake of the Woods, VA Micro Area",94008,37822,42.1,27059,5069,2422,14856,11688,364200,29470,,msa,29470,,2024
"Lancaster, PA Metro Area",86959,557931,39.4,380042,78303,33312,212748,148550,301100,29540,,msa,29540,,2024
"Lansing-East Lansing, MI Metro Area",72550,472669,36.5,310203,68822,31211,194163,129326,216700,29620,,msa,29620,,2024
"Laramie, WY Micro Area",61917,38249,28.6,21635,5920,3676,17083,8546,333000,29660,,msa,29660,,2024
"Laredo, TX Metro Area",63058,269294,30.0,154265,23302,7324,81373,52630,189900,29700,,msa,29700,,2024
"Lares, PR Micro Area",18917,27855,45.5,21176,3364,986,10770,6787,105100,29720,,msa,29720,,2024
"Las Cruces, NM Metro Area",56848,224266,34.3,140141,25007,14216,84889,55574,220800,29740,,msa,29740,,2024
"Las Vegas, NM Micro Area",50585,30999,48.0,23267,3450,2493,13899,10425,177900,29780,,msa,29780,,2024
"Las Vegas-Henderson-North Las Vegas, NV Metro Area",76472,2329548,38.5,1625416,297729,107764,862518,498384,431000,29820,,msa,29820,,2024
"Laurel, MS Micro Area",51236,82531,38.6,54628,6465,2742,31604,24203,132900,29860,,msa,29860,,2024
"Laurinburg, NC Micro Area",45730,33590,38.7,22661,2278,1133,12580,7773,114900,29900,,msa,29900,,2024
"Lawrence, KS Metro Area",69746,120302,31.6,71726,20569,11908,50406,25246,309400,29940,,msa,29940,,2024
"Lawrenceburg, TN Micro Area",54706,45385,39.3,30553,2830,1420,16991,13177,194400,29980,,msa,29980,,2024
"Lawton, OK Metro Area",60665,127310,34.4,82634,13179,5197,46938,26603,161000,30020,,msa,30020,,2024
"Lebanon, MO Micro Area",53282,36390,39.2,24689,2595,1177,14558,9930,168400,30060,,msa,30060,,2024
"Lebanon, PA Metro Area",78425,144186,41.1,99692,14856,7144,56712,40419,242000,30140,,msa,30140,,2024
"Lebanon-Claremont, NH-VT Micro Area",83269,223586,46.1,165828,36502,21086,91760,68526,301900,30150,,msa,30150,,2024
"Le Mars, IA Micro Area",83251,25747,41.3,17506,2919,615,10313,7591,228900,30180,,msa,30180,,2024
"Lewisburg, PA Micro Area",76404,42456,41.0,29150,4220,2156,14546,10520,240100,30260,,msa,30260,,2024
"Lewisburg, TN Micro Area",71049,36049,39.5,24613,4109,1267,13622,10463,279800,30280,,msa,30280,,2024
"Lewiston, ID-WA Metro Area",72475,65164,42.8,46385,8071,2584,26760,19114,331900,30300,,msa,30300,,2024
"Lewiston-Auburn, ME Metro Area",67873,113423,40.5,78846,12701,4566,46953,31865,252800,30340,,msa,30340,,2024
"Lewistown, PA Micro Area",63953,46041,43.4,32414,3043,1385,18510,13166,156700,30380,,msa,30380,,2024
"Lexington, NE Micro Area",70652,26242,36.4,16958,2328,503,9981,6745,169200,30420,,msa,30420,,2024
"Lexington-Fayette, KY Metro Area",71966,522560,36.7,346634,83637,40344,216273,128234,281300,30460,,msa,30460,,2024
"Lexington Park, MD Metro Area",126256,209439,38.6,142853,29042,19320,75901,60232,434100,30500,,msa,30500,,2024
"Liberal, KS Micro Area",63827,21486,31.0,12602,1018,334,7257,4485,136500,30580,,msa,30580,,2024
"Lima, OH Metro Area",64038,101348,39.7,68305,8371,3796,41295,27952,165300,30620,,msa,30620,,2024
"Lincoln, IL Micro Area",66358,27713,41.1,19810,2749,1011,11266,7716,134400,30660,,msa,30660,,2024
"Lincoln, NE Metro Area",75049,344337,34.5,216747,56919,22658,140914,83953,273500,30700,,msa,30700,,2024
"Little Rock-North Little Rock-Conway, AR Metro Area",67154,758629,37.6,510660,106281,45436,311547,198580,214100,30780,,msa,30780,,2024
"Lock Haven, PA Micro Area",60816,37798,39.8,25078,3396,1422,15424,11152,175900,30820,,msa,30820,,2024
"Logan, UT-ID Metro Area",81126,155102,26.8,82037,21156,8824,49371,32142,436800,30860,,msa,30860,,2024
"Logansport, IN Micro Area",56403,37680,41.8,26031,2704,1298,15037,11167,133800,30900,,msa,30900,,2024
"Longview, TX Metro Area",66647,291044,38.1,192932,27747,10156,108174,76114,184400,30980,,msa,30980,,2024
"Longview-Kelso, WA Metro Area",76531,112360,41.5,78946,9404,3630,43943,29876,397500,31020,,msa,31020,,2024
"Los Alamos, NM Micro Area",147139,19435,39.3,14040,3590,3247,8247,6171,495800,31060,,msa,31060,,2024
"Los Angeles-Long Beach-Anaheim, CA Metro Area",95958,12974487,38.5,9135404,2205213,855674,4499409,2178642,871300,31080,,msa,31080,,2024
"Louisville/Jefferson County, KY-IN Metro Area",73863,1372558,39.4,954675,188635,91779,558306,384757,248700,31140,,msa,31140,,2024
"Lubbock, TX Metro Area",63629,358708,32.4,217500,41806,17975,140553,80347,202700,31180,,msa,31180,,2024
"Ludington, MI Micro Area",64748,29207,47.3,21582,3527,1700,12801,10025,219600,31220,,msa,31220,,2024
"Lufkin, TX Micro Area",60960,87275,37.8,57523,6488,3173,32271,20650,163500,31260,,msa,31260,,2024
"Lumberton, NC Micro Area",41978,116902,36.4,74911,7187,3125,43134,28399,94500,31300,,msa,31300,,2024
"Lynchburg, VA Metro Area",68996,263798,40.0,178570,34863,15458,103401,74033,239700,31340,,msa,31340,,2024
"Macomb, IL Micro Area",52795,26920,34.9,16476,2660,1744,11856,7523,107500,31380,,msa,31380,,2024
"Macon-Bibb County, GA Metro Area",59526,234943,38.6,158773,20658,11863,88590,54816,188300,31420,,msa,31420,,2024
"Madison, IN Micro Area",64577,32998,41.8,23212,2551,1574,12790,9188,194600,31500,,msa,31500,,2024
"Madison, WI Metro Area",88804,691830,37.0,467729,142503,60620,301580,181998,372400,31540,,msa,31540,,2024
"Madisonville, KY Micro Area",56815,45119,41.3,31383,2964,1709,18397,13009,142800,31580,,msa,31580,,2024
"Magnolia, AR Micro Area",55334,22349,34.2,13977,2026,883,8409,5948,152100,31620,,msa,31620,,2024
"Malvern, AR Micro Area",55405,33180,43.1,24053,2613,1393,12310,9414,151100,31680,,msa,31680,,2024
"Manchester-Nashua, NH Metro Area",103545,426378,41.0,307804,78243,39666,168740,113710,421100,31700,,msa,31700,,2024
"Manhattan, KS Metro Area",65469,133965,27.3,73359,17470,7923,51234,26637,223700,31740,,msa,31740,,2024
"Manitowoc, WI Micro Area",69148,81406,45.1,59083,9490,2989,35188,27129,186900,31820,,msa,31820,,2024
"Mankato, MN Metro Area",75808,104282,34.0,63208,14866,4564,40608,26328,268100,31860,,msa,31860,,2024
"Mansfield, OH Metro Area",59509,125099,40.9,87570,10053,4333,50111,34036,164800,31900,,msa,31900,,2024
"Marietta, OH Micro Area",63603,58978,44.0,42289,5750,2441,24779,18680,185600,31930,,msa,31930,,2024
"Marinette, WI-MI Micro Area",61417,65293,49.0,48977,6711,2263,29412,23911,156600,31940,,msa,31940,,2024
"Marion, IN Micro Area",53522,66295,38.7,43823,5417,2845,26773,19470,122300,31980,,msa,31980,,2024
"Marion, NC Micro Area",57168,44817,44.3,32913,4079,1452,18638,14088,171100,32000,,msa,32000,,2024
"Marion, OH Micro Area",59371,65020,40.1,45833,4436,1832,24683,16651,156800,32020,,msa,32020,,2024
"Marion-Herrin, IL Micro Area",65604,66876,41.6,48287,7570,3792,28983,20477,156400,32060,,msa,32060,,2024
"Marquette, MI Micro Area",65429,67112,39.3,44729,11034,3854,28255,19679,216500,32100,,msa,32100,,2024
"Marshall, MN Micro Area",75303,25503,37.4,16509,3634,1122,10108,7328,200700,32140,,msa,32140,,2024
"Marshall, MO Micro Area",57931,23231,35.3,14816,2152,926,8053,5622,150500,32180,,msa,32180,,2024
"Marshalltown, IA Micro Area",73315,40114,38.5,26501,4012,1538,15496,11622,145500,32260,,msa,32260,,2024
"Martin, TN Micro Area",51880,33016,37.3,21141,2945,1296,13384,8874,151200,32280,,msa,32280,,2024
"Martinsville, VA Micro Area",49860,63638,45.2,45563,4866,2351,26754,18982,130800,32300,,msa,32300,,2024
"Maryville, MO Micro Area",59315,20774,33.7,12448,2009,1124,8460,5270,177500,32340,,msa,32340,,2024
"Mason City, IA Micro Area",68926,49982,44.0,36043,5701,2023,22716,16389,162900,32380,,msa,32380,,2024
"Massena-Ogdensburg, NY Micro Area",62850,107226,39.3,71171,9261,6481,41666,29945,121900,32390,,msa,32390,,2024
"Mayagüez, PR Metro Area",21163,209892,46.2,154424,31000,7414,84172,53976,114200,32420,,msa,32420,,2024
"Mayfield, KY Micro Area",50772,36630,40.4,24924,2577,1450,14139,10755,147800,32460,,msa,32460,,2024
"McAlester, OK Micro Area",55310,43561,40.6,30395,4013,1655,17851,12752,156900,32540,,msa,32540,,2024
"McAllen-Edinburg-Mission, TX Metro Area",54338,891977,30.5,516001,72515,25290,270210,182271,140900,32580,,msa,32580,,2024
"McComb, MS Micro Area",44597,53441,38.9,35121,3119,1626,20297,14270,115600,32620,,msa,32620,,2024
"McMinnville, TN Micro Area",55487,42166,39.8,29105,2674,1100,16203,11738,192900,32660,,msa,32660,,2024
"McPherson, KS Micro Area",78851,30205,39.4,20109,4498,1779,12162,9179,211200,32700,,msa,32700,,2024
"Meadville, PA Micro Area",60476,82716,44.0,58650,7744,3697,33838,25276,153200,32740,,msa,32740,,2024
"Medford, OR Metro Area",73999,222645,42.8,161295,31660,12721,92035,60693,430200,32780,,msa,32780,,2024
"Memphis, TN-MS-AR Metro Area",66401,1341924,36.8,891153,167636,78327,522879,316353,245900,32820,,msa,32820,,2024
"Menomonie, WI Micro Area",74824,45527,36.1,28594,5401,2279,17440,11693,243200,32860,,msa,32860,,2024
"Merced, CA Metro Area",65510,290201,31.8,174127,18484,5816,86055,46474,391800,32900,,msa,32900,,2024
"Meridian, MS Micro Area",49822,86818,40.2,59584,8311,3528,34652,23581,128100,32940,,msa,32940,,2024
"Mexico, MO Micro Area",59448,24548,40.2,17031,1750,896,9219,6619,143100,33020,,msa,33020,,2024
"Miami, OK Micro Area",49947,30341,37.2,19639,2023,670,11921,8051,123300,33060,,msa,33060,,2024
"Miami-Fort Lauderdale-West Palm Beach, FL Metro Area",76527,6249291,41.8,4514337,1012613,421045,2334797,1413047,443300,33100,,msa,33100,,2024
"Michigan City-La Porte, IN Metro Area",71055,111917,41.1,79325,11975,4581,43633,32614,195500,33140,,msa,33140,,2024
"Middlesborough, KY Micro Area",31354,23509,41.7,16627,1590,640,9939,5847,89000,33180,,msa,33180,,2024
"Midland, MI Metro Area",77705,83757,41.8,59935,13117,6366,34993,27322,195400,33220,,msa,33220,,2024
"Midland, TX Metro Area",92952,180019,32.9,112412,23935,8286,69624,47289,309400,33260,,msa,33260,,2024
"Milledgeville, GA Micro Area",54403,43642,36.5,27781,3628,1892,16582,10125,181900,33300,,msa,33300,,2024
"Milwaukee-Waukesha, WI Metro Area",78218,1568938,38.7,1079400,277001,108983,656436,396385,306400,33340,,msa,33340,,2024
"Minden, LA Micro Area",41182,35820,41.1,24792,2305,771,14334,9581,114500,33380,,msa,33380,,2024
"Mineral Wells, TX Micro Area",67674,29295,41.6,20182,2478,949,11234,7978,198000,33420,,msa,33420,,2024
"Minneapolis-St. Paul-Bloomington, MN-WI Metro Area",99833,3713668,38.0,2545311,746981,290803,1477259,1044794,374000,33460,,msa,33460,,2024
"Minot, ND Metro Area",78200,76484,34.2,49682,9908,3389,31781,19954,254000,33500,,msa,33500,,2024
"Missoula, MT Metro Area",74989,125631,37.5,86958,24693,10454,54829,32722,466400,33540,,msa,33540,,2024
"Mitchell, SD Micro Area",69101,25808,39.5,17382,2909,651,10977,7226,197700,33580,,msa,33580,,2024
"Moberly, MO Micro Area",53033,24365,40.0,16995,2236,725,9247,6601,159300,33620,,msa,33620,,2024
"Mobile, AL Metro Area",58880,412590,38.5,280484,46976,19053,161665,106752,190700,33660,,msa,33660,,2024
"Modesto, CA Metro Area",81468,553990,34.9,354367,47465,15085,177874,108828,450100,33700,,msa,33700,,2024
"Monroe, LA Metro Area",51660,223674,38.0,149261,22615,10039,87006,55646,170300,33740,,msa,33740,,2024
"Monroe, MI Metro Area",77335,155505,42.8,111168,16378,7515,63029,51502,228900,33780,,msa,33780,,2024
"Montgomery, AL Metro Area",64010,386024,38.0,261207,46875,25479,151438,99054,191900,33860,,msa,33860,,2024
"Monticello, IN Micro Area",67303,24717,42.8,17152,2416,728,10254,8306,175900,33900,,msa,33900,,2024
"Monticello, NY Micro Area",72382,79721,41.7,56129,9641,5448,31434,21178,249000,33910,,msa,33910,,2024
"Montrose, CO Micro Area",72120,43807,46.1,31946,5659,2604,18069,13623,388400,33940,,msa,33940,,2024
"Morehead City, NC Micro Area",72322,69148,50.5,53254,11500,5002,31977,23885,333300,33980,,msa,33980,,2024
"Morgan City, LA Micro Area",52576,47828,39.7,32517,3098,1183,18463,12673,138900,34020,,msa,34020,,2024
"Morgantown, WV Metro Area",64640,141323,35.1,92338,17625,11897,57438,36256,233000,34060,,msa,34060,,2024
"Morristown, TN Metro Area",60553,122533,41.8,86051,10739,4665,47963,34781,218100,34100,,msa,34100,,2024
"Moscow, ID Micro Area",65424,41049,30.6,24130,6407,2468,16270,9549,368600,34140,,msa,34140,,2024
"Moses Lake, WA Micro Area",73267,101799,33.7,63192,8137,2571,35398,23461,299500,34180,,msa,34180,,2024
"Moultrie, GA Micro Area",49341,46224,37.2,30193,2452,1576,16803,10708,121400,34220,,msa,34220,,2024
"Mountain Home, AR Micro Area",48452,42407,51.4,32363,4551,1185,19348,14549,174600,34260,,msa,34260,,2024
"Mountain Home, ID Micro Area",65359,29321,33.1,18726,2986,932,11067,7259,316500,34300,,msa,34300,,2024
"Mount Airy, NC Micro Area",55656,71425,43.8,50797,6762,2916,29869,21930,177600,34340,,msa,34340,,2024
"Mount Pleasant, MI Micro Area",55237,64565,30.1,36489,6487,3423,24914,15406,170400,34380,,msa,34380,,2024
"Mount Pleasant, TX Micro Area",58626,56237,37.4,36071,4532,1448,20868,15226,163800,34420,,msa,34420,,2024
"Mount Sterling, KY Micro Area",55208,47476,40.4,32412,3388,1861,18181,12898,151900,34460,,msa,34460,,2024
"Mount Vernon, IL Micro Area",63118,36550,41.2,25775,2946,1292,14820,10623,126000,34500,,msa,34500,,2024
"Mount Vernon, OH Micro Area",73878,63142,39.4,41724,6365,2903,23491,17739,239400,34540,,msa,34540,,2024
"Mount Vernon-Anacortes, WA Metro Area",89263,131328,42.1,94631,17428,8157,52329,36664,545100,34580,,msa,34580,,2024
"Muncie, IN Metro Area",58127,112280,35.8,70560,10683,5654,46256,30751,139400,34620,,msa,34620,,2024
"Murray, KY Micro Area",52706,38224,35.9,23637,4174,2484,15239,9738,183200,34660,,msa,34660,,2024
"Murrells Inlet, SC Micro Area",68713,64811,52.2,49072,10380,4039,27129,22776,289500,34680,,msa,34680,,2024
"Muscatine, IA Micro Area",69396,42559,39.6,28892,4598,1498,17345,12820,182100,34700,,msa,34700,,2024
"Muskegon-Norton Shores, MI Metro Area",65024,175961,40.0,122392,18261,6089,67732,52871,198300,34740,,msa,34740,,2024
"Muskogee, OK Micro Area",53619,66444,37.9,44286,5705,2081,25739,17121,153200,34780,,msa,34780,,2024
"Myrtle Beach-Conway-North Myrtle Beach, SC Metro Area",66880,383016,48.7,288090,50658,20254,158779,122680,287700,34820,,msa,34820,,2024
"Nacogdoches, TX Micro Area",53555,65162,31.9,38116,6592,2621,25302,14993,169200,34860,,msa,34860,,2024
"Nantucket, MA Micro Area",139688,14483,42.4,10529,3620,1436,5252,3770,1593800,34880,,msa,34880,,2024
"Napa, CA Metro Area",111471,134869,42.9,97520,25153,9081,49763,31555,869500,34900,,msa,34900,,2024
"Naples-Marco Island, FL Metro Area",90045,398291,53.3,308251,72405,34357,165875,127058,540700,34940,,msa,34940,,2024
"Nashville-Davidson--Murfreesboro--Franklin, TN Metro Area",85447,2079596,36.9,1415949,368250,149100,829134,540644,409600,34980,,msa,34980,,2024
"Natchez, MS-LA Micro Area",42104,54045,40.8,37212,4529,1902,20736,14910,101500,35020,,msa,35020,,2024
"Natchitoches, LA Micro Area",46292,36693,33.4,21896,3401,1630,14508,8842,171300,35060,,msa,35060,,2024
"New Bern, NC Micro Area",64475,124304,41.0,86631,14134,7130,52452,37142,220600,35100,,msa,35100,,2024
"Newberry, SC Micro Area",61780,38435,41.9,26216,3498,2083,15325,11202,173300,35140,,msa,35140,,2024
"New Castle, IN Micro Area",63150,48970,42.2,35221,4016,1729,18642,14203,154400,35220,,msa,35220,,2024
"New Haven, CT Metro Area",88197,570598,40.2,399673,86918,53387,230673,139620,353100,35300,,msa,35300,,2024
"New Iberia, LA Micro Area",56961,68599,38.3,45398,4813,1601,26816,18035,164500,35340,,msa,35340,,2024
"New Orleans-Metairie, LA Metro Area",62655,981662,39.2,688306,136392,60394,398564,241581,260200,35380,,msa,35380,,2024
"New Philadelphia-Dover, OH Micro Area",65044,92385,41.1,63934,8352,3528,38492,26507,185400,35420,,msa,35420,,2024
"Newport, OR Micro Area",63165,50964,52.7,39853,6520,3486,23115,16534,410800,35440,,msa,35440,,2024
"Newport, TN Micro Area",48016,36813,45.3,26814,1856,684,15509,11558,158100,35460,,msa,35460,,2024
"New Ulm, MN Micro Area",69378,25800,42.0,17816,2936,1043,11027,8700,191200,35580,,msa,35580,,2024
"New York-Newark-Jersey City, NY-NJ Metro Area",99155,19798537,39.5,13970100,3521236,1905883,7409947,3815217,614200,35620,,msa,35620,,2024
"Niles, MI Metro Area",65425,153288,42.7,108207,20111,9846,63999,46611,224300,35660,,msa,35660,,2024
"Nogales, AZ Micro Area",55217,48926,37.9,31825,4470,2187,16966,11749,233000,35700,,msa,35700,,2024
"Norfolk, NE Micro Area",65968,48653,38.2,32192,5128,1772,19617,13496,204700,35740,,msa,35740,,2024
"North Platte, NE Micro Area",65430,34575,42.5,24081,3734,1259,15189,10008,189500,35820,,msa,35820,,2024
"North Port-Bradenton-Sarasota, FL Metro Area",80859,889339,53.6,696273,159527,75371,388951,294149,402200,35840,,msa,35840,,2024
"North Wilkesboro, NC Micro Area",51721,65935,45.7,47784,5130,2197,27107,19928,168800,35900,,msa,35900,,2024
"Norwalk, OH Micro Area",67878,58319,40.1,39828,4076,1804,23490,17383,166000,35940,,msa,35940,,2024
"Norwich-New London-Willimantic, CT Metro Area",86586,279971,41.1,198368,39277,24622,115768,75341,323400,35980,,msa,35980,,2024
"Oak Harbor, WA Micro Area",90551,86836,44.8,64643,14360,6981,35972,26888,593300,36020,,msa,36020,,2024
"Ocala, FL Metro Area",61010,400078,47.9,299128,44764,18684,164881,127737,243100,36100,,msa,36100,,2024
"Ocean Pines, MD Micro Area",81745,53700,50.7,40803,8734,4295,24136,18817,374700,36180,,msa,36180,,2024
"Odessa, TX Metro Area",71536,164654,31.4,98717,12012,4031,64563,41753,200200,36220,,msa,36220,,2024
"Ogden, UT Metro Area",101203,653374,33.0,403001,93208,36590,213829,162728,471500,36260,,msa,36260,,2024
"Oil City, PA Micro Area",61522,49801,47.6,37096,4560,2035,21397,16110,119800,36340,,msa,36340,,2024
"Okeechobee, FL Micro Area",57984,40816,40.8,28995,3045,1206,15113,11161,193000,36380,,msa,36380,,2024
"Oklahoma City, OK Metro Area",72094,1463267,36.0,960506,208680,82111,571211,363406,230000,36420,,msa,36420,,2024
"Olean, NY Micro Area",59540,76145,42.8,52793,6003,4289,31895,23996,113100,36460,,msa,36460,,2024
"Olympia-Lacey-Tumwater, WA Metro Area",96563,299067,40.0,214184,50643,23583,118899,80487,480300,36500,,msa,36500,,2024
"Omaha, NE-IA Metro Area",84829,982064,36.6,649299,160678,67020,389812,257911,268600,36540,,msa,36540,,2024
"Oneonta, NY Micro Area",68885,60108,39.9,39271,7419,4418,23189,17129,179100,36580,,msa,36580,,2024
"Ontario, OR-ID Micro Area",62568,58725,37.6,39184,4456,1456,19984,13728,308900,36620,,msa,36620,,2024
"Opelousas, LA Micro Area",44462,81670,37.8,53184,5180,1924,32183,22551,142500,36660,,msa,36660,,2024
"Orangeburg, SC Micro Area",45675,83253,40.7,56404,5717,3925,33077,22149,115800,36700,,msa,36700,,2024
"Orlando-Kissimmee-Sanford, FL Metro Area",78533,2793746,38.5,1945965,464646,181793,1022315,644674,369800,36740,,msa,36740,,2024
"Oshkosh-Neenah, WI Metro Area",74925,171769,38.7,117593,24968,8779,72667,47791,225800,36780,,msa,36780,,2024
"Oskaloosa, IA Micro Area",70940,22021,39.0,14642,2649,621,8743,5942,157800,36820,,msa,36820,,2024
"Othello, WA Micro Area",66136,20800,29.3,11369,1174,460,6288,4358,273300,36830,,msa,36830,,2024
"Ottawa, IL Micro Area",72230,147181,42.6,104802,14907,5413,61866,46455,156400,36837,,msa,36837,,2024
"Ottawa, KS Micro Area",77207,26106,39.7,17770,2785,1302,10409,7518,198700,36840,,msa,36840,,2024
"Ottumwa, IA Micro Area",64766,35362,39.2,24009,2876,1383,13997,9575,125100,36900,,msa,36900,,2024
"Owatonna, MN Micro Area",84196,37439,40.5,25638,5075,1544,15138,12020,245400,36940,,msa,36940,,2024
"Owensboro, KY Metro Area",68002,112762,39.0,75952,11367,5866,45280,31354,195400,36980,,msa,36980,,2024
"Owosso, MI Micro Area",67404,67991,43.2,48650,6723,2388,28126,22536,171600,37020,,msa,37020,,2024
"Oxford, MS Micro Area",65018,70746,32.6,42792,8824,5092,24040,15608,256900,37060,,msa,37060,,2024
"Oxnard-Thousand Oaks-Ventura, CA Metro Area",109797,837469,39.6,580810,129719,55090,280360,181039,822700,37100,,msa,37100,,2024
"Ozark, AL Micro Area",54963,49599,37.7,33641,4563,1787,19727,12210,143500,37120,,msa,37120,,2024
"Paducah, KY-IL Metro Area",64160,102748,43.2,72988,11152,5058,41735,30053,168700,37140,,msa,37140,,2024
"Pahrump, NV Micro Area",60714,54344,52.5,42423,3982,1332,22175,17250,290900,37220,,msa,37220,,2024
"Palatka, FL Micro Area",47934,75164,45.0,53876,5499,1944,31360,23630,160300,37260,,msa,37260,,2024
"Palestine, TX Micro Area",62068,58439,39.7,42299,4614,1373,17579,12716,185300,37300,,msa,37300,,2024
"Palm Bay-Melbourne-Titusville, FL Metro Area",78476,632780,46.7,474168,96754,49059,257695,197609,339600,37340,,msa,37340,,2024
"Pampa, TX Micro Area",60317,21877,37.0,14552,1931,363,8314,6378,106200,37420,,msa,37420,,2024
"Panama City-Panama City Beach, FL Metro Area",71514,211922,41.1,151625,26481,11571,88065,60085,294300,37460,,msa,37460,,2024
"Paragould, AR Micro Area",57839,46432,38.0,31462,3366,1456,17994,11910,169300,37500,,msa,37500,,2024
"Paris, TN Micro Area",50613,32412,45.8,23538,2980,973,13452,9891,160200,37540,,msa,37540,,2024
"Paris, TX Micro Area",59020,62280,41.4,42984,5753,2342,24997,16785,182300,37580,,msa,37580,,2024
"Parkersburg-Vienna, WV Metro Area",57391,88460,44.1,63615,9407,4397,37877,28703,156300,37620,,msa,37620,,2024
"Payson, AZ Micro Area",61986,53795,51.1,40390,4740,2053,23645,18329,269400,37740,,msa,37740,,2024
"Pella, IA Micro Area",78680,33642,39.9,22422,5022,1582,13316,10346,233000,37800,,msa,37800,,2024
"Pensacola-Ferry Pass-Brent, FL Metro Area",75967,524395,39.0,363168,70744,29639,201632,142117,286000,37860,,msa,37860,,2024
"Peoria, IL Metro Area",71857,365202,40.1,251253,51367,21315,153870,112894,164200,37900,,msa,37900,,2024
"Peru, IN Micro Area",61139,35712,41.5,25173,2787,1065,13318,10143,126200,37940,,msa,37940,,2024
"Petoskey, MI Micro Area",78112,34125,47.0,25406,6068,3290,15190,11702,315700,37950,,msa,37950,,2024
"Philadelphia-Camden-Wilmington, PA-NJ-DE-MD Metro Area",91289,6272014,39.3,4378944,1067549,549497,2467761,1649035,351900,37980,,msa,37980,,2024
"Phoenix-Mesa-Chandler, AZ Metro Area",88301,5028754,37.9,3446042,755720,335267,1892613,1260206,440900,38060,,msa,38060,,2024
"Picayune, MS Micro Area",58135,57458,41.6,39335,4818,1300,21880,17589,182300,38100,,msa,38100,,2024
"Pierre, SD Micro Area",81645,20679,40.2,14507,3520,997,8543,6293,237100,38180,,msa,38180,,2024
"Pikeville, KY Micro Area",43214,91951,43.1,65658,6080,3682,38984,28898,106500,38210,,msa,38210,,2024
"Pine Bluff, AR Micro Area",51605,72255,40.2,49729,7068,2148,26948,17261,117000,38220,,msa,38220,,2024
"Pinehurst-Southern Pines, NC Metro Area",86080,104876,43.0,75766,17681,9997,44013,33621,351400,38240,,msa,38240,,2024
"Pittsburg, KS Micro Area",52844,39008,33.6,23380,4829,2147,15838,9628,132600,38260,,msa,38260,,2024
"Pittsburgh, PA Metro Area",75762,2439940,42.8,1782509,411403,192427,1061705,750384,215000,38300,,msa,38300,,2024
"Pittsfield, MA Metro Area",76013,129430,47.3,96087,20452,12362,57585,40263,305400,38340,,msa,38340,,2024
"Plainview, TX Micro Area",52707,37347,34.9,23608,2361,1048,12976,8104,109000,38380,,msa,38380,,2024
"Platteville, WI Micro Area",66858,51770,36.8,32699,5079,2505,19960,13935,200700,38420,,msa,38420,,2024
"Plattsburgh, NY Micro Area",71224,78493,41.9,54834,8682,5031,33556,23273,180600,38460,,msa,38460,,2024
"Plymouth, IN Micro Area",71808,46284,39.8,31055,4329,1770,17758,13561,204900,38500,,msa,38500,,2024
"Pocatello, ID Metro Area",66499,89454,35.2,57776,11257,4036,33590,23353,300700,38540,,msa,38540,,2024
"Ponca City, OK Micro Area",58423,43625,38.5,28907,3753,1450,16776,11609,124700,38620,,msa,38620,,2024
"Ponce, PR Metro Area",22247,270459,44.4,199183,40605,10776,106387,75432,104900,38660,,msa,38660,,2024
"Pontiac, IL Micro Area",73790,35565,41.8,25134,3267,1078,14615,10860,142200,38700,,msa,38700,,2024
"Poplar Bluff, MO Micro Area",49089,42020,39.5,28761,2945,1094,16594,10726,145100,38740,,msa,38740,,2024
"Port Angeles, WA Micro Area",70370,77813,52.1,61116,11720,5422,35046,25837,421800,38820,,msa,38820,,2024
"Portland-South Portland, ME Metro Area",92175,562843,43.7,418921,117277,52603,240027,175751,420000,38860,,msa,38860,,2024
"Portland-Vancouver-Hillsboro, OR-WA Metro Area",97436,2520987,39.3,1811458,474690,207282,1010265,622968,559400,38900,,msa,38900,,2024
"Port Lavaca, TX Micro Area",79959,19868,41.4,13846,1727,808,8670,6699,171200,38920,,msa,38920,,2024
"Port St. Lucie, FL Metro Area",74514,522676,47.6,390609,75691,29314,205254,161982,364900,38940,,msa,38940,,2024
"Portsmouth, OH Micro Area",50609,72627,41.1,50649,5878,2673,28864,19749,137900,39020,,msa,39020,,2024
"Port Townsend, WA Micro Area",74048,33577,59.8,28552,6942,3799,16340,12916,535000,39040,,msa,39040,,2024
"Pottsville, PA Micro Area",68313,143558,43.7,104280,13367,5821,57988,44125,153000,39060,,msa,39060,,2024
"Prescott Valley-Prescott, AZ Metro Area",69613,245480,55.1,192027,34634,16650,111157,83441,425200,39150,,msa,39150,,2024
"Price, UT Micro Area",58377,20517,38.6,13558,1793,599,8123,5519,228500,39220,,msa,39220,,2024
"Providence-Warwick, RI-MA Metro Area",87040,1684071,40.7,1196324,255278,121142,675395,426651,422500,39300,,msa,39300,,2024
"Provo-Orem-Lehi, UT Metro Area",100704,717986,25.8,371101,112757,37787,206880,141866,535500,39340,,msa,39340,,2024
"Pueblo, CO Metro Area",64010,169356,40.4,118414,19473,8630,68523,47199,291300,39380,,msa,39380,,2024
"Pullman, WA Micro Area",55406,47003,26.4,24572,6734,3265,18721,8765,359600,39420,,msa,39420,,2024
"Punta Gorda, FL Metro Area",69952,201064,59.9,167479,27342,12969,90542,75877,328900,39460,,msa,39460,,2024
"Putnam, CT Micro Area",90589,96312,44.1,71710,10316,6697,39412,30453,307600,39480,,msa,39480,,2024
"Quincy, IL-MO Micro Area",65360,74678,41.1,51300,9140,3238,31100,22567,160600,39500,,msa,39500,,2024
"Racine-Mount Pleasant, WI Metro Area",78096,197532,40.5,136564,26100,10090,80406,57122,251400,39540,,msa,39540,,2024
"Raleigh-Cary, NC Metro Area",100103,1487302,37.6,1011730,312979,151880,574295,382581,418400,39580,,msa,39580,,2024
"Rapid City, SD Metro Area",75255,152950,40.6,107524,23272,7883,62789,44661,307700,39660,,msa,39660,,2024
"Raymondville, TX Micro Area",54180,20139,34.3,13061,1426,366,5691,4254,73600,39700,,msa,39700,,2024
"Reading, PA Metro Area",79777,433015,39.9,296613,52005,22595,163236,116334,257300,39740,,msa,39740,,2024
"Red Bluff, CA Micro Area",63784,65167,40.0,44633,6255,1658,24788,16640,339600,39780,,msa,39780,,2024
"Redding, CA Metro Area",72636,181436,41.7,128897,20853,6723,71232,46694,366400,39820,,msa,39820,,2024
"Red Wing, MN Micro Area",84171,47943,42.5,34018,6581,2243,19727,15548,285100,39860,,msa,39860,,2024
"Reno, NV Metro Area",87485,563020,39.5,399423,78960,34734,224933,139332,502300,39900,,msa,39900,,2024
"Rexburg, ID Micro Area",61940,68561,22.4,27889,6894,2227,17980,9209,372900,39940,,msa,39940,,2024
"Rice Lake, WI Micro Area",65933,46797,44.9,33522,5119,1767,19955,15439,216600,39960,,msa,39960,,2024
"Richmond, IN Micro Area",55692,66397,41.0,45348,5796,2241,26975,18673,140200,39980,,msa,39980,,2024
"Richmond, VA Metro Area",86679,1341248,38.8,937280,233669,111607,533430,357348,353500,40060,,msa,40060,,2024
"Richmond-Berea, KY Micro Area",60368,125967,36.6,81762,13716,7369,49560,32029,201500,40080,,msa,40080,,2024
"Rifle, CO Micro Area",95635,79464,39.3,55734,14117,6071,32619,22082,595100,40090,,msa,40090,,2024
"Rio Grande City-Roma, TX Micro Area",37639,66067,29.4,37199,3309,1356,19157,13320,95100,40100,,msa,40100,,2024
"Riverside-San Bernardino-Ontario, CA Metro Area",89662,4675704,35.9,3071397,481605,198138,1450250,954822,536300,40140,,msa,40140,,2024
"Riverton, WY Micro Area",64904,39533,39.7,26654,4293,2189,15037,10547,268800,40180,,msa,40180,,2024
"Roanoke, VA Metro Area",68761,314986,42.8,225813,44474,18188,131510,90167,251400,40220,,msa,40220,,2024
"Roanoke Rapids, NC Micro Area",47104,64606,46.0,46910,5142,2107,28240,18690,108600,40260,,msa,40260,,2024
"Rochelle, IL Micro Area",82132,51495,42.2,36064,5838,2465,20821,15693,189200,40300,,msa,40300,,2024
"Rochester, MN Metro Area",91882,228522,38.9,156389,39472,16971,92880,69050,306500,40340,,msa,40340,,2024
"Rochester, NY Metro Area",76284,1058413,40.7,744987,157694,94186,445836,300181,204600,40380,,msa,40380,,2024
"Rockford, IL Metro Area",68033,336522,39.6,228907,35582,16191,135474,92323,171300,40420,,msa,40420,,2024
"Rockingham, NC Micro Area",44883,42344,40.5,28881,2991,1199,17026,11228,127800,40460,,msa,40460,,2024
"Rock Springs, WY Micro Area",75034,41542,37.9,27494,4031,1255,17502,13049,251400,40540,,msa,40540,,2024
"Rocky Mount, NC Metro Area",59636,144952,41.6,101186,14058,5187,58449,36608,167800,40580,,msa,40580,,2024
"Rolla, MO Micro Area",58396,45194,35.8,28524,4870,2913,17329,10689,206500,40620,,msa,40620,,2024
"Rome, GA Metro Area",65565,99693,38.2,66421,9985,4699,36856,23434,217900,40660,,msa,40660,,2024
"Roseburg, OR Micro Area",61310,112072,46.5,83392,10216,4357,47519,34567,310300,40700,,msa,40700,,2024
"Roswell, NM Micro Area",52938,64217,37.2,41958,4469,2206,23712,16904,156400,40740,,msa,40740,,2024
"Ruidoso, NM Micro Area",53303,20224,52.4,15872,2971,1652,10000,7681,233200,40760,,msa,40760,,2024
"Russellville, AL Micro Area",53338,31966,38.0,21249,2116,1029,11954,8651,136000,40770,,msa,40770,,2024
"Russellville, AR Micro Area",57102,84265,37.4,55656,8594,2844,32671,22759,165100,40780,,msa,40780,,2024
"Ruston, LA Micro Area",39172,48174,28.6,26490,5299,3160,18487,9938,210100,40820,,msa,40820,,2024
"Rutland, VT Micro Area",68616,60425,47.7,45098,9532,4649,25321,19017,229400,40860,,msa,40860,,2024
"Sacramento-Roseville-Folsom, CA Metro Area",97188,2426388,38.5,1668679,389624,150208,881889,555650,589500,40900,,msa,40900,,2024
"Safford, AZ Micro Area",67325,39232,34.9,25235,2505,951,12746,9322,212000,40940,,msa,40940,,2024
"Saginaw, MI Metro Area",60622,188665,41.2,131086,20475,8997,77958,57770,152800,40980,,msa,40980,,2024
"St. Cloud, MN Metro Area",76497,202458,35.4,127269,24146,8484,78122,52820,272800,41060,,msa,41060,,2024
"St. George, UT Metro Area",80632,196431,39.1,130298,29167,11603,69786,49994,510700,41100,,msa,41100,,2024
"St. Joseph, MO-KS Metro Area",65005,120012,39.9,82835,12998,5117,46883,32408,171300,41140,,msa,41140,,2024
"St. Louis, MO-IL Metro Area",80196,2810850,39.9,1967322,447575,223733,1160386,816909,244800,41180,,msa,41180,,2024
"St. Marys, PA Micro Area",66380,30506,48.4,22648,2930,1361,13325,10600,133600,41260,,msa,41260,,2024
"Salem, OH Micro Area",58180,100704,44.6,73031,8191,3577,41459,30159,151600,41400,,msa,41400,,2024
"Salem, OR Metro Area",78900,438906,37.5,294271,51105,20807,159856,100397,424100,41420,,msa,41420,,2024
"Salina, KS Micro Area",65745,59487,40.2,40715,7984,2570,24931,16979,178200,41460,,msa,41460,,2024
"Salinas, CA Metro Area",97230,437613,35.5,281390,46903,21516,132489,68993,781000,41500,,msa,41500,,2024
"Salisbury, MD Metro Area",73802,129736,36.6,83919,13897,6460,48818,31307,241200,41540,,msa,41540,,2024
"Salt Lake City-Murray, UT Metro Area",98083,1275870,33.9,822506,199252,82648,450170,301437,515400,41620,,msa,41620,,2024
"San Angelo, TX Metro Area",68419,120986,36.1,79637,13487,5012,47344,30947,197100,41660,,msa,41660,,2024
"San Antonio-New Braunfels, TX Metro Area",76213,2662733,35.9,1759605,355335,156464,967488,612876,278800,41700,,msa,41700,,2024
"San Diego-Chula Vista-Carlsbad, CA Metro Area",106268,3288774,37.3,2281385,593057,262772,1171278,639138,854700,41740,,msa,41740,,2024
"Sandpoint, ID Micro Area",66979,51049,48.1,38336,7195,2589,20283,15877,487900,41760,,msa,41760,,2024
"Sandusky, OH Metro Area",73502,114575,47.1,84488,15847,6858,50986,38814,207500,41780,,msa,41780,,2024
"Sanford, NC Micro Area",65387,65816,39.5,44766,6326,2460,25145,16927,240200,41820,,msa,41820,,2024
"San Francisco-Oakland-Fremont, CA Metro Area",136027,4645029,40.3,3402905,1023544,520481,1744070,967608,1140700,41860,,msa,41860,,2024
"San Jose-Sunnyvale-Santa Clara, CA Metro Area",162111,1969337,38.0,1391615,387279,278174,679914,377117,1447800,41940,,msa,41940,,2024
"San Juan-Bayamón-Caguas, PR Metro Area",29276,2052186,44.5,1539382,345524,102471,829535,560868,145900,41980,,msa,41980,,2024
"San Luis Obispo-Paso Robles, CA Metro Area",97446,281555,40.4,190352,46055,19220,109503,67986,824700,42020,,msa,42020,,2024
"Santa Cruz-Watsonville, CA Metro Area",111093,264926,39.8,178903,45302,21713,96898,58079,1027500,42100,,msa,42100,,2024
"Santa Fe, NM Metro Area",79071,156105,48.7,120004,26545,17968,70767,50603,446300,42140,,msa,42140,,2024
"Santa Maria-Santa Barbara, CA Metro Area",98161,443701,34.6,278364,61162,26012,149608,78344,790700,42200,,msa,42200,,2024
"Santa Rosa-Petaluma, CA Metro Area",104674,485040,42.9,354661,84877,34590,190998,119598,815500,42220,,msa,42220,,2024
"Sault Ste. Marie, MI Micro Area",62217,36295,41.6,25680,3894,1567,14080,10564,161900,42300,,msa,42300,,2024
"Savannah, GA Metro Area",77180,418285,36.9,283053,61469,28947,161273,100253,302000,42340,,msa,42340,,2024
"Sayre, PA Micro Area",63675,59858,43.6,42489,5271,2635,24610,17759,187500,42380,,msa,42380,,2024
"Scottsbluff, NE Micro Area",63838,36585,40.5,24906,4419,1717,15383,10658,168800,42420,,msa,42420,,2024
"Scottsboro, AL Micro Area",51908,53053,43.5,37972,3747,1641,21795,16374,159500,42460,,msa,42460,,2024
"Scranton--Wilkes-Barre, PA Metro Area",65158,569788,42.1,404650,66593,31635,234230,157811,187200,42540,,msa,42540,,2024
"Seaford, DE Micro Area",81497,255626,51.9,193708,36534,19996,106441,86851,382600,42580,,msa,42580,,2024
"Searcy, AR Micro Area",55249,77838,38.8,51455,6088,3251,29629,20482,163600,42620,,msa,42620,,2024
"Seattle-Tacoma-Bellevue, WA Metro Area",115177,4061920,37.5,2890014,812767,405541,1608596,964807,717500,42660,,msa,42660,,2024
"Sebastian-Vero Beach-West Vero Corridor, FL Metro Area",73491,166936,55.3,131802,26186,13274,70816,56735,351500,42680,,msa,42680,,2024
"Sebring, FL Metro Area",54897,105702,54.4,82181,10671,4007,46879,36845,187900,42700,,msa,42700,,2024
"Sedalia, MO Micro Area",60430,43397,38.2,28868,3219,1543,16996,11751,166300,42740,,msa,42740,,2024
"Selinsgrove, PA Micro Area",66876,39668,40.6,26746,3411,1593,14600,11035,215300,42780,,msa,42780,,2024
"Selma, AL Micro Area",35627,36858,41.2,25176,2970,1162,15947,10178,94600,42820,,msa,42820,,2024
"Seneca, SC Micro Area",62388,80469,47.3,59158,10258,5248,34515,26303,237100,42860,,msa,42860,,2024
"Seneca Falls, NY Micro Area",68089,32920,43.0,23742,3740,1684,13606,9654,155400,42900,,msa,42900,,2024
"Sevierville, TN Micro Area",62581,99652,43.5,71666,10314,3542,40344,28519,299000,42940,,msa,42940,,2024
"Seymour, IN Micro Area",70262,46660,38.4,30885,4450,1526,18138,13272,178300,42980,,msa,42980,,2024
"Shawano, WI Micro Area",66189,45291,44.7,32153,4168,1634,18651,14432,189600,43020,,msa,43020,,2024
"Shawnee, OK Micro Area",61398,73463,37.9,49160,6808,2490,26927,18954,165400,43060,,msa,43060,,2024
"Sheboygan, WI Metro Area",73094,117991,41.7,82942,15087,6016,49725,35541,232700,43100,,msa,43100,,2024
"Shelby-Kings Mountain, NC Micro Area",58534,100991,41.3,69701,9715,4325,38850,27540,200000,43140,,msa,43140,,2024
"Shelbyville, TN Micro Area",67225,52237,37.6,34479,4166,1321,19505,14017,281200,43180,,msa,43180,,2024
"Shelton, WA Micro Area",83270,67982,44.7,50192,7133,2975,26029,21426,411800,43220,,msa,43220,,2024
"Sheridan, WY Micro Area",71388,32055,42.7,22866,4488,1893,13845,9782,394900,43260,,msa,43260,,2024
"Sherman-Denison, TX Metro Area",72182,143337,39.0,96958,15602,5422,55248,36895,248400,43300,,msa,43300,,2024
"Show Low, AZ Micro Area",54606,108415,39.5,72679,8471,4068,40063,29321,201500,43320,,msa,43320,,2024
"Shreveport-Bossier City, LA Metro Area",55925,386819,38.6,262802,40806,20149,157101,98847,191600,43340,,msa,43340,,2024
"Sidney, OH Micro Area",73978,47929,40.3,32068,4583,1819,18906,13930,208100,43380,,msa,43380,,2024
"Sierra Vista-Douglas, AZ Metro Area",59742,125566,43.0,89778,15198,7612,50982,36213,218300,43420,,msa,43420,,2024
"Sikeston, MO Micro Area",59476,49835,40.3,33928,4642,1942,19809,13718,143300,43460,,msa,43460,,2024
"Silver City, NM Micro Area",44958,27775,49.5,20577,3416,2302,11295,8561,175600,43500,,msa,43500,,2024
"Sioux City, IA-NE-SD Metro Area",75192,144682,36.2,92926,15102,5712,55468,37864,193100,43580,,msa,43580,,2024
"Sioux Falls, SD-MN Metro Area",82754,298181,36.3,197444,50306,15406,122517,81039,295900,43620,,msa,43620,,2024
"Slidell-Mandeville-Covington, LA Metro Area",81202,272421,40.5,187382,45528,17460,105082,82876,284000,43640,,msa,43640,,2024
"Snyder, TX Micro Area",60039,16488,36.9,10993,1154,246,5876,4514,113800,43660,,msa,43660,,2024
"Somerset, KY Micro Area",51898,65897,42.3,46570,4760,2758,26210,18996,166900,43700,,msa,43700,,2024
"Somerset, PA Micro Area",61446,72799,46.9,54558,6336,2519,29344,23594,150600,43740,,msa,43740,,2024
"Sonora, CA Micro Area",77404,54498,48.4,41675,6715,2595,22690,16771,433200,43760,,msa,43760,,2024
"South Bend-Mishawaka, IN-MI Metro Area",67217,324560,37.9,215929,41159,18252,128459,91336,196600,43780,,msa,43780,,2024
"Sparta, WI Micro Area",69467,46208,39.7,31202,4603,1491,18301,13316,210000,43890,,msa,43890,,2024
"Spartanburg, SC Metro Area",64382,374737,38.2,255018,38546,18050,143283,104370,225000,43900,,msa,43900,,2024
"Spearfish, SD Micro Area",73384,27233,44.8,19838,4175,1573,12054,7846,346500,43940,,msa,43940,,2024
"Spencer, IA Micro Area",65428,16461,42.3,11452,2358,559,7282,5340,178600,43980,,msa,43980,,2024
"Spirit Lake, IA Micro Area",75432,17990,48.7,13520,3053,768,8845,6851,270700,44020,,msa,44020,,2024
"Spokane-Spokane Valley, WA Metro Area",77488,597123,39.1,416915,85022,34432,237769,156296,405300,44060,,msa,44060,,2024
"Springfield, IL Metro Area",75895,207042,41.1,145260,31291,15344,89990,64597,177300,44100,,msa,44100,,2024
"Springfield, MA Metro Area",71306,462815,40.0,320931,55400,29482,184471,114780,298800,44140,,msa,44140,,2024
"Springfield, MO Metro Area",65071,486785,37.3,323417,61499,27945,198884,126538,230700,44180,,msa,44180,,2024
"Springfield, OH Metro Area",63132,135158,41.2,93713,11938,5776,55975,38844,169900,44220,,msa,44220,,2024
"Starkville, MS Micro Area",48750,61743,27.4,33277,7289,4304,25913,13576,208300,44260,,msa,44260,,2024
"State College, PA Metro Area",74291,158576,34.2,97777,22159,14177,59013,36467,323500,44300,,msa,44300,,2024
"Statesboro, GA Micro Area",57446,93440,31.4,54256,10066,4296,34933,19055,207800,44340,,msa,44340,,2024
"Staunton-Stuarts Draft, VA Metro Area",73544,126822,42.7,92475,16023,7067,52233,37707,284500,44420,,msa,44420,,2024
"Steamboat Springs, CO Micro Area",95400,38291,42.3,28189,7643,2926,16671,12311,564500,44460,,msa,44460,,2024
"Stephenville, TX Micro Area",65115,43794,32.0,25895,5250,2288,16816,10619,269100,44500,,msa,44500,,2024
"Sterling, CO Micro Area",51829,20892,39.2,15104,1937,929,8203,5439,245300,44540,,msa,44540,,2024
"Sterling, IL Micro Area",67500,54947,43.0,38673,4939,2550,23120,17786,127100,44580,,msa,44580,,2024
"Stevens Point-Plover, WI Micro Area",76070,70832,38.0,46544,11205,3593,29679,20695,243100,44620,,msa,44620,,2024
"Stillwater, OK Micro Area",49809,82972,27.7,45211,9805,5026,32609,16641,223300,44660,,msa,44660,,2024
"Stockton-Lodi, CA Metro Area",92179,797334,35.4,513773,79428,26768,245250,152030,530700,44700,,msa,44700,,2024
"Storm Lake, IA Micro Area",71719,20753,35.6,13051,1918,603,7546,5525,159500,44740,,msa,44740,,2024
"Sturgis, MI Micro Area",66425,60969,39.9,41475,4494,2012,23620,17980,178300,44780,,msa,44780,,2024
"Sulphur Springs, TX Micro Area",70888,37784,39.5,25476,3633,1515,14002,9957,221100,44860,,msa,44860,,2024
"Summerville, GA Micro Area",50285,25036,41.1,17623,1173,760,9154,6114,115600,44900,,msa,44900,,2024
"Sumter, SC Metro Area",56693,104725,38.0,69673,10191,5263,41083,27990,165300,44940,,msa,44940,,2024
"Sunbury, PA Micro Area",62262,108663,44.2,79905,11284,4462,45748,33979,174900,44980,,msa,44980,,2024
"Susanville, CA Micro Area",67403,30356,38.3,22345,2244,464,9247,6305,265300,45000,,msa,45000,,2024
"Sweetwater, TX Micro Area",50747,14454,39.3,9458,1007,414,5886,4008,96300,45020,,msa,45020,,2024
"Syracuse, NY Metro Area",75492,656410,40.1,451763,88288,51859,271251,185614,187700,45060,,msa,45060,,2024
"Tahlequah, OK Micro Area",53218,47942,37.3,30907,5866,2146,18698,12291,168500,45140,,msa,45140,,2024
"Talladega-Sylacauga, AL Micro Area",57722,91321,42.6,65970,5795,3531,38062,27813,144400,45180,,msa,45180,,2024
"Tallahassee, FL Metro Area",65261,391730,34.8,246349,59012,28446,157965,91171,276000,45220,,msa,45220,,2024
"Tampa-St. Petersburg-Clearwater, FL Metro Area",74392,3304691,42.2,2407628,527299,223238,1330303,903370,345100,45300,,msa,45300,,2024
"Taos, NM Micro Area",58950,34543,52.6,27201,6063,3261,15549,12067,382800,45340,,msa,45340,,2024
"Taylorville, IL Micro Area",62611,33538,43.2,24493,2964,865,13586,10217,115500,45380,,msa,45380,,2024
"Terre Haute, IN Metro Area",56594,168719,38.4,113088,16211,6802,67374,45635,143500,45460,,msa,45460,,2024
"Texarkana, TX-AR Metro Area",55646,146296,39.0,99561,12561,6081,56252,36642,160600,45500,,msa,45500,,2024
"The Dalles, OR Micro Area",64175,26552,41.0,18909,2628,936,10563,7131,367400,45520,,msa,45520,,2024
"Thomaston, GA Micro Area",55429,28029,41.1,19346,1935,735,10595,6462,168700,45580,,msa,45580,,2024
"Thomasville, GA Micro Area",60262,71885,39.6,48949,6224,2559,28792,18597,180600,45620,,msa,45620,,2024
"Tiffin, OH Micro Area",66025,54770,40.2,37157,4845,2266,22279,16346,154700,45660,,msa,45660,,2024
"Tifton, GA Micro Area",49785,50377,37.4,33139,3159,2257,18935,11649,151300,45700,,msa,45700,,2024
"Toccoa, GA Micro Area",54754,27012,40.8,18632,1732,814,10524,7748,175300,45740,,msa,45740,,2024
"Toledo, OH Metro Area",65486,602322,38.2,405652,74652,34798,254486,162104,176300,45780,,msa,45780,,2024
"Topeka, KS Metro Area",69888,232468,40.1,159526,29896,13470,96999,68083,183200,45820,,msa,45820,,2024
"Torrington, CT Micro Area",93551,113216,47.1,85120,19064,11138,47845,36503,335600,45860,,msa,45860,,2024
"Town of Pecos, TX Micro Area",64297,12664,34.4,7867,416,126,4224,3113,118000,45880,,msa,45880,,2024
"Traverse City, MI Metro Area",80889,155449,46.3,115706,27010,13882,65429,53559,324300,45900,,msa,45900,,2024
"Trenton-Princeton, NJ Metro Area",100645,385864,39.5,261611,63514,38462,144114,89569,377700,45940,,msa,45940,,2024
"Troy, AL Micro Area",48677,32987,31.6,19373,3261,1629,12484,7657,157600,45980,,msa,45980,,2024
"Truckee-Grass Valley, CA Micro Area",89882,102481,50.1,79518,21323,8170,42865,32342,621800,46020,,msa,46020,,2024
"Tucson, AZ Metro Area",70315,1060490,39.8,730009,151514,80343,437827,285639,319700,46060,,msa,46060,,2024
"Tullahoma-Manchester, TN Micro Area",62285,66384,39.8,45446,5620,2973,25836,18197,251500,46100,,msa,46100,,2024
"Tulsa, OK Metro Area",69359,1037534,37.4,693200,138988,50675,406447,266029,221700,46140,,msa,46140,,2024
"Tupelo, MS Micro Area",63170,132254,37.8,88239,13187,6147,51805,38099,170600,46180,,msa,46180,,2024
"Tuscaloosa, AL Metro Area",61517,278526,34.0,173080,29204,14122,105683,66609,230700,46220,,msa,46220,,2024
"Twin Falls, ID Metro Area",68810,118907,35.8,76407,10761,3977,43031,30716,325500,46300,,msa,46300,,2024
"Tyler, TX Metro Area",74192,241740,37.5,160294,30159,11263,83134,57215,240700,46340,,msa,46340,,2024
"Ukiah, CA Micro Area",68092,90244,44.1,65093,9777,4561,34842,21500,512200,46380,,msa,46380,,2024
"Union City, TN Micro Area",54613,30453,41.8,21567,2456,1109,12527,8533,133600,46460,,msa,46460,,2024
"Urbana, OH Micro Area",75556,38804,41.7,27444,3778,1206,15646,12017,204000,46500,,msa,46500,,2024
"Urban Honolulu, HI Metro Area",106195,1001146,39.8,708001,171424,68017,338868,202604,897500,46520,,msa,46520,,2024
"Utica-Rome, NY Metro Area",69779,288881,41.7,201973,30681,17758,120961,84158,172900,46540,,msa,46540,,2024
"Utuado, PR Micro Area",20800,27621,47.0,20880,3672,713,11311,7391,104000,46580,,msa,46580,,2024
"Uvalde, TX Micro Area",53801,24881,34.5,15561,2121,682,8417,5939,150800,46620,,msa,46620,,2024
"Valdosta, GA Metro Area",57085,150188,33.2,92429,13821,6788,56786,33981,201300,46660,,msa,46660,,2024
"Vallejo, CA Metro Area",100401,451918,39.2,315641,62203,19902,157512,99263,617700,46700,,msa,46700,,2024
"Van Wert, OH Micro Area",67917,28826,41.6,20068,2299,908,11549,9478,152000,46780,,msa,46780,,2024
"Vermillion, SD Micro Area",56850,15219,24.9,7594,1915,952,5547,2819,232300,46820,,msa,46820,,2024
"Vernal, UT Micro Area",73746,37056,33.2,22196,2741,834,12145,8928,298600,46860,,msa,46860,,2024
"Vernon, TX Micro Area",54102,12616,40.5,8754,1076,293,4778,3210,89400,46900,,msa,46900,,2024
"Vicksburg, MS Micro Area",59401,43020,40.8,29482,4927,2349,16772,11717,156400,46980,,msa,46980,,2024
"Victoria, TX Metro Area",70236,98554,37.2,65393,9194,2662,37666,25191,208800,47020,,msa,47020,,2024
"Vidalia, GA Micro Area",52500,35742,37.7,23246,2630,1294,13552,8694,133500,47080,,msa,47080,,2024
"Vincennes, IN Micro Area",61237,36007,39.0,24200,2916,1339,15169,10285,137700,47180,,msa,47180,,2024
"Vineland, NJ Metro Area",67436,153305,37.7,103026,13189,4773,53781,35782,221400,47220,,msa,47220,,2024
"Vineyard Haven, MA Micro Area",125786,20933,50.7,16542,4543,2708,7584,6225,1165800,47240,,msa,47240,,2024
"Virginia Beach-Chesapeake-Norfolk, VA-NC Metro Area",82330,1787235,37.4,1219406,262724,130888,707408,448695,340900,47260,,msa,47260,,2024
"Visalia, CA Metro Area",71300,478693,32.1,287690,31114,12630,143195,83701,330100,47300,,msa,47300,,2024
"Wabash, IN Micro Area",66806,30844,42.7,21686,3479,1283,12674,10200,157200,47340,,msa,47340,,2024
"Waco, TX Metro Area",66205,302045,35.1,189895,31838,13778,111178,70690,234100,47380,,msa,47380,,2024
"Wahpeton, ND-MN Micro Area",73734,22955,39.6,15266,2912,555,9504,6780,183300,47420,,msa,47420,,2024
"Walla Walla, WA Metro Area",74202,62161,38.5,41195,6689,3725,23447,15236,408900,47460,,msa,47460,,2024
"Wapakoneta, OH Micro Area",78660,46125,41.0,31536,4183,2265,18940,14794,189800,47540,,msa,47540,,2024
"Warner Robins, GA Metro Area",79345,198209,36.6,130305,22876,13056,74449,50110,217900,47580,,msa,47580,,2024
"Warren, PA Micro Area",60480,37920,47.1,27966,3609,1518,16123,12813,127500,47620,,msa,47620,,2024
"Warrensburg, MO Micro Area",67272,54732,31.5,32392,5816,2610,21087,13391,235700,47660,,msa,47660,,2024
"Warsaw, IN Micro Area",75317,80442,39.1,54244,9036,3921,31934,24583,216000,47700,,msa,47700,,2024
"Washington, IN Micro Area",68503,33658,34.5,20916,2555,736,11814,8552,197200,47780,,msa,47780,,2024
"Washington, NC Micro Area",58357,44499,47.7,32768,4626,1760,19385,13478,192700,47820,,msa,47820,,2024
"Washington-Arlington-Alexandria, DC-VA-MD-WV Metro Area",126684,6318377,38.0,4348200,1178613,828044,2373022,1510742,579900,47900,,msa,47900,,2024
"Washington Court House, OH Micro Area",63275,28876,39.9,19877,1909,786,11582,7492,170700,47920,,msa,47920,,2024
"Waterbury-Shelton, CT Metro Area",86191,454969,41.8,326360,63183,35540,180116,123476,317700,47930,,msa,47930,,2024
"Waterloo-Cedar Falls, IA Metro Area",70811,168637,36.8,108560,21830,8090,69396,48202,194800,47940,,msa,47940,,2024
"Watertown, SD Micro Area",72727,28767,40.4,19626,3072,832,12526,8747,237700,47980,,msa,47980,,2024
"Watertown-Fort Atkinson, WI Micro Area",83750,86003,41.5,60143,11836,4060,34873,25502,274100,48020,,msa,48020,,2024
"Watertown-Fort Drum, NY Metro Area",66301,115040,33.7,74083,11375,6532,47606,26018,188200,48060,,msa,48060,,2024
"Wausau, WI Metro Area",77884,138403,41.3,97134,19147,5964,57866,42414,219600,48140,,msa,48140,,2024
"Waycross, GA Micro Area",51821,56178,38.7,37861,3305,1947,20562,13987,126600,48180,,msa,48180,,2024
"Waynesville, NC Micro Area",61912,62662,47.8,47569,8595,4058,27123,20314,279200,48200,,msa,48200,,2024
"Weatherford, OK Micro Area",60977,39074,35.1,24143,4340,1836,15175,9789,155000,48220,,msa,48220,,2024
"Weirton-Steubenville, WV-OH Metro Area",58784,114754,45.6,83063,11163,4800,49642,35921,131300,48260,,msa,48260,,2024
"Wenatchee-East Wenatchee, WA Metro Area",81938,124538,39.8,85632,15729,5573,47443,31394,469100,48300,,msa,48300,,2024
"West Plains, MO Micro Area",50993,40383,40.3,27491,2963,1348,15965,11223,173000,48460,,msa,48460,,2024
"Wheeling, WV-OH Metro Area",57418,136920,44.2,99669,14373,6820,58024,41990,156600,48540,,msa,48540,,2024
"Whitewater-Elkhorn, WI Micro Area",80520,105657,41.4,71642,15290,5792,43087,30431,302700,48580,,msa,48580,,2024
"Wichita, KS Metro Area",70655,652622,36.7,430462,87366,38398,254776,166350,201200,48620,,msa,48620,,2024
"Wichita Falls, TX Metro Area",65379,149358,36.6,98396,16451,5913,56774,36637,157600,48660,,msa,48660,,2024
"Wildwood-The Villages, FL Metro Area",76508,143408,68.5,129083,27316,13700,70318,61604,385400,48680,,msa,48680,,2024
"Williamsport, PA Metro Area",63917,113489,41.4,79894,12660,5215,46861,32375,202200,48700,,msa,48700,,2024
"Williston, ND Micro Area",85595,39555,31.8,24541,4255,1437,15154,8029,284800,48780,,msa,48780,,2024
"Willmar, MN Micro Area",76592,44079,40.0,29740,5973,1825,17603,12764,243200,48820,,msa,48820,,2024
"Wilmington, NC Metro Area",76471,453347,45.4,333771,84898,34211,199271,143771,362400,48900,,msa,48900,,2024
"Wilmington, OH Micro Area",70407,42012,40.8,28395,3594,1627,16761,12034,211900,48940,,msa,48940,,2024
"Wilson, NC Micro Area",56423,79290,40.6,54277,7341,3344,33068,19856,186000,48980,,msa,48980,,2024
"Winchester, TN Micro Area",63494,43990,42.2,30336,4456,2124,17445,13503,236900,49010,,msa,49010,,2024
"Winchester, VA-WV Metro Area",84298,146386,41.2,103110,18039,9264,55520,40226,355400,49020,,msa,49020,,2024
"Winnemucca, NV Micro Area",81073,17289,37.7,11271,1632,396,6911,5112,278300,49080,,msa,49080,,2024
"Winona, MN Micro Area",70744,49779,36.4,31414,6909,2430,20253,14073,235400,49100,,msa,49100,,2024
"Winston-Salem, NC Metro Area",65975,689766,40.7,477163,92655,37128,281596,194817,233300,49180,,msa,49180,,2024
"Wisconsin Rapids-Marshfield, WI Micro Area",67989,74004,43.8,53139,7914,2383,32253,23408,175600,49220,,msa,49220,,2024
"Woodward, OK Micro Area",61417,20158,37.8,13650,1925,681,7925,5804,169000,49260,,msa,49260,,2024
"Wooster, OH Micro Area",73574,116588,38.9,77070,12114,5412,44365,33965,222100,49300,,msa,49300,,2024
"Worcester, MA Metro Area",95939,867788,40.2,609049,139278,77224,335826,220916,423700,49340,,msa,49340,,2024
"Worthington, MN Micro Area",66101,22041,35.7,13649,1763,445,7674,5692,197200,49380,,msa,49380,,2024
"Yakima, WA Metro Area",70656,257152,33.3,157998,19276,8041,87708,54244,310100,49420,,msa,49420,,2024
"Yankton, SD Micro Area",72821,23414,42.5,16359,3262,1217,9695,7046,225900,49460,,msa,49460,,2024
"York-Hanover, PA Metro Area",84829,462924,41.1,325365,56117,26812,181583,138624,248600,49620,,msa,49620,,2024
"Youngstown-Warren, OH Metro Area",56713,427420,43.5,306607,48099,19730,184615,130607,149000,49660,,msa,49660,,2024
"Yuba City, CA Metro Area",78179,183364,35.4,118976,15720,5256,61927,38599,424200,49700,,msa,49700,,2024
"Yuma, AZ Metro Area",62876,211741,36.1,137936,14688,6500,79341,56310,217800,49740,,msa,49740,,2024
"Zanesville, OH Micro Area",60780,86411,40.3,59472,7659,3783,34357,23423,182200,49780,,msa,49780,,2024
"Zapata, TX Micro Area",39239,13841,32.3,8090,818,310,4565,3285,97100,49820,,msa,49820,,2024
"Atlanta-Sandy Springs-Roswell, GA Metro Division; Atlanta-Sandy Springs-Roswell, GA Metro Area",86620,4876830,37.0,3272223,823598,395957,1803253,1166198,361200,12060,12054,division,12054,12060,2024
"Marietta, GA Metro Division; Atlanta-Sandy Springs-Roswell, GA Metro Area",100877,1379547,38.0,940856,260975,107366,509802,363271,386000,12060,31924,division,31924,12060,2024
"Boston, MA Metro Division; Boston-Cambridge-Newton, MA-NH Metro Area",111800,2050278,38.3,1450515,404999,231091,813676,471812,647200,14460,14454,division,14454,14460,2024
"Cambridge-Newton-Framingham, MA Metro Division; Boston-Cambridge-Newton, MA-NH Metro Area",120883,2451419,39.6,1732157,479781,312873,947362,587731,687400,14460,15764,division,15764,14460,2024
"Rockingham County-Strafford County, NH Metro Division; Boston-Cambridge-Newton, MA-NH Metro Area",110161,451657,43.0,327933,90335,41746,179650,135025,463400,14460,40484,division,40484,14460,2024
"Chicago-Naperville-Schaumburg, IL Metro Division; Chicago-Naperville-Elgin, IL-IN Metro Area",90170,7179386,38.5,5012792,1261798,645952,2833450,1783772,332600,16980,16984,division,16984,16980,2024
"Elgin, IL Metro Division; Chicago-Naperville-Elgin, IL-IN Metro Area",100022,755633,37.5,496178,118324,52413,269628,202706,314400,16980,20994,division,20994,16980,2024
"Lake County, IL Metro Division; Chicago-Naperville-Elgin, IL-IN Metro Area",110416,714223,39.1,475309,130975,69695,258455,193403,345700,16980,29404,division,29404,16980,2024
"Lake County-Porter County-Jasper County, IN Metro Division; Chicago-Naperville-Elgin, IL-IN Metro Area",75120,722353,40.1,498277,87221,34277,282250,208511,239900,16980,29414,division,29414,16980,2024
"Dallas-Plano-Irving, TX Metro Division; Dallas-Fort Worth-Arlington, TX Metro Area",92486,5382430,35.5,3546467,937190,428396,1962227,1159323,379300,19100,19124,division,19124,19100,2024
"Fort Worth-Arlington-Grapevine, TX Metro Division; Dallas-Fort Worth-Arlington, TX Metro Area",85506,2603160,35.7,1703868,373679,151801,929498,578597,323800,19100,23104,division,23104,19100,2024
"Detroit-Dearborn-Livonia, MI Metro Division; Detroit-Warren-Dearborn, MI Metro Area",60539,1772259,37.9,1206499,201917,98614,700591,453652,178500,19820,19804,division,19804,19820,2024
"Warren-Troy-Farmington Hills, MI Metro Division; Detroit-Warren-Dearborn, MI Metro Area",88280,2604569,41.7,1871078,440314,224982,1068225,805716,293300,19820,47664,division,47664,19820,2024
"Anaheim-Santa Ana-Irvine, CA Metro Division; Los Angeles-Long Beach-Anaheim, CA Metro Area",116289,3165820,39.4,2217917,615032,247570,1082960,610659,962600,31080,11244,division,11244,31080,2024
"Los Angeles-Long Beach-Glendale, CA Metro Division; Los Angeles-Long Beach-Anaheim, CA Metro Area",90112,9808667,38.2,6917487,1590181,608104,3416449,1567983,834200,31080,31084,division,31084,31080,2024
"Fort Lauderdale-Pompano Beach-Sunrise, FL Metro Division; Miami-Fort Lauderdale-West Palm Beach, FL Metro Area",77633,1977129,41.3,1418380,318491,138539,753956,479343,414600,33100,22744,division,22744,33100,2024
"Miami-Miami Beach-Kendall, FL Metro Division; Miami-Fort Lauderdale-West Palm Beach, FL Metro Area",71753,2738356,40.7,1964800,416258,163607,975411,509440,463000,33100,33124,division,33124,33100,2024
"West Palm Beach-Boca Raton-Delray Beach, FL Metro Division; Miami-Fort Lauderdale-West Palm Beach, FL Metro Area",83581,1533806,45.3,1131157,277864,118899,605430,424264,447300,33100,48424,division,48424,33100,2024
"Lakewood-New Brunswick, NJ Metro Division; New York-Newark-Jersey City, NY-NJ Metro Area",112244,2520851,41.1,1750968,475645,248663,934139,680122,483100,35620,29484,division,29484,35620,2024
"Nassau County-Suffolk County, NY Metro Division; New York-Newark-Jersey City, NY-NJ Metro Area",137898,2919737,41.8,2051091,494473,302281,970731,796612,630000,35620,35004,division,35004,35620,2024
"Newark, NJ Metro Division; New York-Newark-Jersey City, NY-NJ Metro Area",105500,2232787,39.9,1545361,403915,207498,824937,495414,517900,35620,35084,division,35084,35620,2024
"New York-Jersey City-White Plains, NY-NJ Metro Division; New York-Newark-Jersey City, NY-NJ Metro Area",87995,12125162,38.6,8622680,2147203,1147441,4680140,1843069,686400,35620,35614,division,35614,35620,2024
"Camden, NJ Metro Division; Philadelphia-Camden-Wilmington, PA-NJ-DE-MD Metro Area",99795,1302016,40.2,912719,221914,96043,492307,356131,318000,37980,15804,division,15804,37980,2024
"Montgomery County-Bucks County-Chester County, PA Metro Division; Philadelphia-Camden-Wilmington, PA-NJ-DE-MD Metro Area",117678,2062874,42.0,1459857,429112,229157,789466,587067,452000,37980,33874,division,33874,37980,2024
"Philadelphia, PA Metro Division; Philadelphia-Camden-Wilmington, PA-NJ-DE-MD Metro Area",67714,2158928,36.2,1484216,306092,165249,896374,502921,264200,37980,37964,division,37964,37980,2024
"Wilmington, DE-MD-NJ Metro Division; Philadelphia-Camden-Wilmington, PA-NJ-DE-MD Metro Area",90224,748196,39.7,522152,110431,59048,289614,202916,341700,37980,48864,division,48864,37980,2024
"Oakland-Fremont-Berkeley, CA Metro Division; San Francisco-Oakland-Fremont, CA Metro Area",128560,2814485,39.6,2008589,568011,296076,1012663,607328,978500,41860,36084,division,36084,41860,2024
"San Francisco-San Mateo-Redwood City, CA Metro Division; San Francisco-Oakland-Fremont, CA Metro Area",148514,1572575,40.4,1204563,391888,192272,628389,293664,1482500,41860,41884,division,41884,41860,2024
"San Rafael, CA Metro Division; San Francisco-Oakland-Fremont, CA Metro Area",149091,257969,47.4,189753,63645,32133,103018,66616,1507300,41860,42034,division,42034,41860,2024
"Everett, WA Metro Division; Seattle-Tacoma-Bellevue, WA Metro Area",111246,844430,38.6,596438,148026,62211,316212,215602,696000,42660,21794,division,21794,42660,2024
"Seattle-Bellevue-Kent, WA Metro Division; Seattle-Tacoma-Bellevue, WA Metro Area",124746,2287171,37.4,1657996,540088,291531,941054,521805,859900,42660,42644,division,42644,42660,2024
"Tacoma-Lakewood, WA Metro Division; Seattle-Tacoma-Bellevue, WA Metro Area",99564,930319,37.0,635580,124653,51799,351330,227400,526600,42660,45104,division,45104,42660,2024
"St. Petersburg-Clearwater-Largo, FL Metro Division; Tampa-St. Petersburg-Clearwater, FL Metro Area",72646,963481,49.0,753975,174933,71421,428473,297912,355100,45300,41304,division,41304,45300,2024
"Tampa, FL Metro Division; Tampa-St. Petersburg-Clearwater, FL Metro Area",75284,2341210,39.9,1653653,352366,151817,901830,605458,341000,45300,45294,division,45294,45300,2024
"Arlington-Alexandria-Reston, VA-WV Metro Division; Washington-Arlington-Alexandria, DC-VA-MD-WV Metro Area",140012,3153805,38.0,2146842,643993,439407,1146067,774675,633400,47900,11694,division,11694,47900,2024
"Frederick-Gaithersburg-Bethesda, MD Metro Division; Washington-Arlington-Alexandria, DC-VA-MD-WV Metro Area",129927,1352997,40.0,936511,250976,181108,493845,334734,590200,47900,23224,division,23224,47900,2024
"Washington, DC-MD Metro Division; Washington-Arlington-Alexandria, DC-VA-MD-WV Metro Area",106950,1811575,36.9,1264847,283644,207529,733110,401333,474500,47900,47764,division,47764,47900,2024
