NAME,B19013_001E,B01003_001E,B01002_001E,B15003_001E,B15003_022E,B15003_023E,B25003_001E,B25003_002E,B25077_001E,metropolitan statistical area/micropolitan statistical area,metropolitan division,geo_level,geo_code,parent_cbsa,year
"Big Stone Gap, VA Micro Area",38175,42456,40.9,30271,2981,1279,16553,10761,86200,13720,,msa,13720,,2019
"Billings, MT Metro Area",61278,179071,39.5,123540,27044,8106,74670,51900,227900,13740,,msa,13740,,2019
"Binghamton, NY Metro Area",54295,241874,40.8,162760,25322,15403,98579,66598,117600,13780,,msa,13780,,2019
"Birmingham-Hoover, AL Metro Area",57447,1085330,38.5,742599,146273,57595,417562,287678,165200,13820,,msa,13820,,2019
"Bismarck, ND Metro Area",71398,127503,37.3,87141,21167,5475,53810,37367,249000,13900,,msa,13900,,2019
"Blackfoot, ID Micro Area",55472,45839,33.6,27543,4103,1180,14989,11510,160100,13940,,msa,13940,,2019
"Blacksburg-Christiansburg, VA Metro Area",55065,166785,33.5,101838,18247,10743,62701,37911,182600,13980,,msa,13980,,2019
"Bloomington, IL Metro Area",67675,172578,33.1,104831,30723,12080,65845,42551,167000,14010,,msa,14010,,2019
"Bloomington, IN Metro Area",49798,167296,31.1,99455,21794,13161,64400,38056,166400,14020,,msa,14020,,2019
"Bloomsburg-Berwick, PA Metro Area",51745,83974,41.5,57027,8391,3962,33776,23231,158300,14100,,msa,14100,,2019
"Bluefield, WV-VA Micro Area",41715,107910,44.2,77909,8785,3400,44114,31776,98800,14140,,msa,14140,,2019
"Blytheville, AR Micro Area",39962,42126,36.6,27251,2369,982,16389,9237,84500,14180,,msa,14180,,2019
"Bogalusa, LA Micro Area",37570,46435,39.4,31520,2416,1095,17613,11875,101000,14220,,msa,14220,,2019
"Boise City, ID Metro Area",60568,710743,36.3,466995,99679,34428,260369,181466,239900,14260,,msa,14260,,2019
"Bonham, TX Micro Area",54648,34537,41.3,24275,2684,1149,12453,9117,123100,14300,,msa,14300,,2019
"Boone, NC Micro Area",47526,54925,31.9,31752,7693,3538,21077,12658,238000,14380,,msa,14380,,2019
"Borger, TX Micro Area",52524,21344,38.0,13977,1531,287,6929,5566,78800,14420,,msa,14420,,2019
"Boston-Cambridge-Newton, MA-NH Metro Area",90333,4832346,38.7,3377364,879504,514967,1831217,1130182,437500,14460,,msa,14460,,2019
"Boulder, CO Metro Area",83019,322510,36.6,212755,72262,40006,127415,79273,497300,14500,,msa,14500,,2019
"Bowling Green, KY Metro Area",49700,174498,35.1,110230,17808,8158,65672,41509,151000,14540,,msa,14540,,2019
"Bozeman, MT Micro Area",66397,108063,33.4,68995,22434,7957,43777,26781,357100,14580,,msa,14580,,2019
"Bradford, PA Micro Area",48647,41401,43.2,29394,3552,1528,17147,12699,80400,14620,,msa,14620,,2019
"Brainerd, MN Micro Area",55154,93485,45.9,67225,10709,3935,39984,31256,197200,14660,,msa,14660,,2019
"Branson, MO Micro Area",46031,55114,42.2,37980,5143,1804,22272,13740,139800,14700,,msa,14700,,2019
"Breckenridge, CO Micro Area",79277,30649,39.1,23359,8795,2462,10641,6970,579600,14720,,msa,14720,,2019
"Bremerton-Silverdale-Port Orchard, WA Metro Area",75411,265882,39.1,184816,40043,15717,103913,70456,329900,14740,,msa,14740,,2019
"Brenham, TX Micro Area",54971,35163,41.5,23488,4410,1281,12625,9358,179100,14780,,msa,14780,,2019
"Brevard, NC Micro Area",50212,33775,51.1,25637,5006,2481,14567,11072,221900,14820,,msa,14820,,2019
"Bridgeport-Stamford-Norwalk, CT Metro Area",95645,943926,40.6,643285,172191,100347,340189,228111,428500,14860,,msa,14860,,2019
"Brookhaven, MS Micro Area",42606,34320,38.9,23257,2248,1084,12699,9568,99500,15020,,msa,15020,,2019
"Brookings, OR Micro Area",48440,22650,56.3,18304,2720,1187,10546,7526,265400,15060,,msa,15060,,2019
"Brookings, SD Micro Area",58136,34601,27.0,18487,4873,1558,12896,7628,179000,15100,,msa,15100,,2019
"Brownsville, TN Micro Area",37905,17623,42.0,12196,729,449,7181,4177,100700,15140,,msa,15140,,2019
"Brownsville-Harlingen, TX Metro Area",38758,421666,31.7,246971,29859,9510,124605,82097,85800,15180,,msa,15180,,2019
"Brownwood, TX Micro Area",48365,37855,41.5,26066,3605,1039,14409,10441,102500,15220,,msa,15220,,2019
"Brunswick, GA Metro Area",50671,117400,42.7,82957,12412,5869,46984,31641,155300,15260,,msa,15260,,2019
"Bucyrus-Galion, OH Micro Area",44971,41821,43.0,29452,2709,1293,17782,12390,88400,15340,,msa,15340,,2019
"Buffalo-Cheektowaga, NY Metro Area",57621,1130175,40.8,796707,146777,84748,478104,314126,148500,15380,,msa,15380,,2019
"Burley, ID Micro Area",53116,44395,34.1,26934,3131,1017,14961,10740,154900,15420,,msa,15420,,2019
"Burlington, IA-IL Micro Area",51667,46195,43.9,32505,4506,1503,19868,14324,104100,15460,,msa,15460,,2019
"Burlington, NC Metro Area",49688,163324,39.1,109872,19098,5843,64439,41994,154800,15500,,msa,15500,,2019
"Burlington-South Burlington, VT Metro Area",71413,218784,37.8,146712,39250,18200,87679,57745,275600,15540,,msa,15540,,2019
"Butte-Silver Bow, MT Micro Area",45718,34770,40.0,23738,4439,1495,14960,10308,149800,15580,,msa,15580,,2019
"Cadillac, MI Micro Area",47193,48284,42.3,33517,3855,1414,19018,14809,111900,15620,,msa,15620,,2019
"Calhoun, GA Micro Area",45865,57202,38.4,38159,3334,1648,20561,13394,136000,15660,,msa,15660,,2019
"California-Lexington Park, MD Metro Area",89845,112290,36.7,74327,14049,7830,40552,28811,301300,15680,,msa,15680,,2019
"Cambridge, MD Micro Area",52917,32138,44.6,23058,3040,1292,13183,8969,183300,15700,,msa,15700,,2019
"Cambridge, OH Micro Area",45917,39111,42.2,27344,2448,1174,16220,11591,114700,15740,,msa,15740,,2019
"Camden, AR Micro Area",37220,29022,43.4,20097,1699,874,11508,8245,74200,15780,,msa,15780,,2019
"Campbellsville, KY Micro Area",41514,36550,40.0,24625,2278,1413,14270,9198,107200,15820,,msa,15820,,2019
"Cañon City, CO Micro Area",49409,47321,45.1,36942,4102,2150,17136,12858,174000,15860,,msa,15860,,2019
"Canton-Massillon, OH Metro Area",53978,399736,42.3,279417,39186,17467,164758,113546,133900,15940,,msa,15940,,2019
"Cape Coral-Fort Myers, FL Metro Area",57832,737468,48.5,554846,97615,40004,275965,199589,224800,15980,,msa,15980,,2019
"Cheyenne, WY Metro Area",66910,98320,37.0,66602,11855,5195,39683,27692,227900,16940,,msa,16940,,2019
"Chicago-Naperville-Elgin, IL-IN-WI Metro Area",71770,9508605,37.5,6450269,1486322,704759,3514621,2266961,239600,16980,,msa,16980,,2019
"Cape Girardeau, MO-IL Metro Area",51429,96976,37.8,63657,10647,4578,36341,24529,150800,16020,,msa,16020,,2019
"Carbondale-Marion, IL Metro Area",45052,137573,37.9,91835,13428,7886,55215,34862,111800,16060,,msa,16060,,2019
"Carlsbad-Artesia, NM Micro Area",65328,57732,35.2,37245,3733,1995,21251,14768,155900,16100,,msa,16100,,2019
"Carroll, IA Micro Area",59212,20281,42.0,13762,2354,556,8726,6617,138900,16140,,msa,16140,,2019
"Carson City, NV Metro Area",55718,54773,42.4,39324,5629,1957,22755,12915,273800,16180,,msa,16180,,2019
"Casper, WY Metro Area",62772,80333,36.9,54369,7900,3317,32799,22363,208700,16220,,msa,16220,,2019
"Cedar City, UT Micro Area",51807,51213,29.1,28649,5806,1724,17015,10884,213600,16260,,msa,16260,,2019
"Cedar Rapids, IA Metro Area",64687,270056,38.4,182981,40046,12621,109313,82000,155800,16300,,msa,16300,,2019
"Cedartown, GA Micro Area",44891,41908,37.0,27499,1967,1162,15038,9712,110700,16340,,msa,16340,,2019
"Celina, OH Micro Area",62952,40884,39.6,27005,3067,1691,16234,12503,153800,16380,,msa,16380,,2019
"Central City, KY Micro Area",43590,30951,42.4,21740,1711,790,11351,9039,93900,16420,,msa,16420,,2019
"Centralia, IL Micro Area",47519,37743,42.2,26236,2575,1105,15946,11730,77900,16460,,msa,16460,,2019
"Centralia, WA Micro Area",53484,78145,43.1,55519,6132,3037,30618,21630,209600,16500,,msa,16500,,2019
"Chambersburg-Waynesboro, PA Metro Area",63379,154147,41.6,107506,13811,6987,60438,43021,180400,16540,,msa,16540,,2019
"Champaign-Urbana, IL Metro Area",53641,226323,30.9,133548,28383,18796,89061,49156,159700,16580,,msa,16580,,2019
"Charleston, WV Metro Area",45225,264113,43.4,189968,24085,11256,110818,79202,107600,16620,,msa,16620,,2019
"Charleston-Mattoon, IL Micro Area",48142,62189,37.0,40576,5740,2860,25225,16247,101500,16660,,msa,16660,,2019
"Charleston-North Charleston, SC Metro Area",63649,774508,37.2,535023,123181,47840,291427,192948,236700,16700,,msa,16700,,2019
"Charlotte-Concord-Gastonia, NC-SC Metro Area",63217,2545560,37.5,1718444,402990,154376,952806,625673,200000,16740,,msa,16740,,2019
"Charlottesville, VA Metro Area",72697,215445,38.3,147219,36288,21283,84003,53435,291100,16820,,msa,16820,,2019
"Chattanooga, TN-GA Metro Area",53126,556209,40.4,390571,68482,26537,219166,147049,163100,16860,,msa,16860,,2019
"Chico, CA Metro Area",52537,225817,37.1,147509,26518,8461,85320,50331,271700,17020,,msa,17020,,2019
"Chillicothe, OH Micro Area",51092,76948,41.0,54514,5515,2358,28802,20428,123800,17060,,msa,17060,,2019
"Cincinnati, OH-KY-IN Metro Area",63987,2201741,37.9,1477106,309835,137736,861242,572079,168900,17140,,msa,17140,,2019
"Clarksburg, WV Micro Area",51552,93332,42.8,67018,9272,4106,36397,27545,116200,17220,,msa,17220,,2019
"Clarksdale, MS Micro Area",29121,23255,34.8,14443,1501,702,8782,4442,68300,17260,,msa,17260,,2019
"Clarksville, TN-KY Metro Area",53027,299470,31.1,184466,29759,12517,109408,64272,154600,17300,,msa,17300,,2019
"Clearlake, CA Micro Area",47040,64195,45.6,46426,4659,1728,25660,17034,219400,17340,,msa,17340,,2019
"Cleveland, MS Micro Area",29854,31848,35.6,20618,3005,1315,12111,6491,96100,17380,,msa,17380,,2019
"Cleveland, TN Metro Area",49921,122563,40.3,84314,11002,4604,47575,31785,156300,17420,,msa,17420,,2019
"Cleveland-Elyria, OH Metro Area",56008,2056898,41.3,1441913,272279,125137,861912,559157,151600,17460,,msa,17460,,2019
"Clewiston, FL Micro Area",40820,40732,34.0,25671,1371,623,12527,8185,94500,17500,,msa,17500,,2019
"Clinton, IA Micro Area",51688,46909,42.2,32650,4037,1288,19635,14385,118100,17540,,msa,17540,,2019
"Clovis, NM Micro Area",45092,49732,31.5,30534,3915,1578,18548,10576,125000,17580,,msa,17580,,2019
"Coamo, PR Micro Area",19692,38906,41.7,27763,4591,1052,13104,10121,90700,17620,,msa,17620,,2019
"Coco, PR Micro Area",18189,28109,40.9,19204,2588,586,10036,8049,83100,17640,,msa,17640,,2019
"Coeur d'Alene, ID Metro Area",57242,157322,40.2,108997,18175,6826,62304,43861,260300,17660,,msa,17660,,2019
"Coffeyville, KS Micro Area",45157,32521,40.3,21944,3043,926,13576,9337,76200,17700,,msa,17700,,2019
"Coldwater, MI Micro Area",51947,43513,41.2,30314,3048,1059,16650,12358,109800,17740,,msa,17740,,2019
"College Station-Bryan, TX Metro Area",50240,258029,27.8,142800,29395,13716,92666,47650,186800,17780,,msa,17780,,2019
"Colorado Springs, CO Metro Area",68687,723498,34.6,470846,110796,55390,267755,173128,275700,17820,,msa,17820,,2019
"Columbia, MO Metro Area",54808,205369,32.1,125773,30789,14212,80487,46627,175400,17860,,msa,17860,,2019
"Columbia, SC Metro Area",55971,824278,36.6,544855,109438,50353,312401,212045,154400,17900,,msa,17900,,2019
"Columbus, GA-AL Metro Area",47571,319402,35.4,210738,30423,14537,118780,66447,142800,17980,,msa,17980,,2019
"Cullman, AL Micro Area",44918,82853,40.8,57726,5121,2251,31034,23216,128600,18980,,msa,18980,,2019
"Columbus, IN Metro Area",63431,82481,37.8,55986,10923,6598,31452,22470,153500,18020,,msa,18020,,2019
"Columbus, MS Micro Area",50441,59150,37.1,39309,5821,2497,22436,14253,134200,18060,,msa,18060,,2019
"Columbus, NE Micro Area",62305,33174,38.4,21770,3159,1198,12947,9381,149700,18100,,msa,18100,,2019
"Columbus, OH Metro Area",65150,2077761,36.0,1394022,326275,134535,794449,488592,184800,18140,,msa,18140,,2019
"Concord, NH Micro Area",75737,149917,42.8,106647,21824,11962,58452,41953,237600,18180,,msa,18180,,2019
"Connersville, IN Micro Area",46175,23194,42.8,16222,1476,566,9584,6662,81900,18220,,msa,18220,,2019
"Cookeville, TN Micro Area",41913,111197,38.8,74320,10063,4406,45130,30125,151400,18260,,msa,18260,,2019
"Coos Bay, OR Micro Area",45051,63686,48.6,47579,5212,2492,27025,17798,198100,18300,,msa,18300,,2019
"Cordele, GA Micro Area",36042,22713,38.5,15141,1356,511,8585,4678,83100,18380,,msa,18380,,2019
"Corinth, MS Micro Area",42086,37090,39.7,25524,2755,1183,14649,10064,102700,18420,,msa,18420,,2019
"Cornelia, GA Micro Area",50563,44626,39.7,30284,3237,1690,15139,11848,150500,18460,,msa,18460,,2019
"Corning, NY Micro Area",53663,96422,42.9,68086,8272,6096,39861,28995,99600,18500,,msa,18500,,2019
"Corpus Christi, TX Metro Area",56013,428548,35.5,278424,38308,14131,152349,90662,135900,18580,,msa,18580,,2019
"Corsicana, TX Micro Area",48529,48995,38.1,31966,3333,1464,17338,11947,97600,18620,,msa,18620,,2019
"Cortland, NY Micro Area",56023,47865,36.4,30113,4711,2896,17745,11648,123800,18660,,msa,18660,,2019
"Corvallis, OR Metro Area",62077,91107,33.0,55359,16168,8399,35718,20438,331300,18700,,msa,18700,,2019
"Coshocton, OH Micro Area",46606,36585,41.3,25333,2236,1005,14476,10709,99200,18740,,msa,18740,,2019
"Craig, CO Micro Area",57229,13127,36.6,8893,989,410,5366,3475,182300,18780,,msa,18780,,2019
"Crawfordsville, IN Micro Area",55522,38287,40.2,26020,3307,1077,15382,11005,125700,18820,,msa,18820,,2019
"Crescent City, CA Micro Area",45283,27495,39.5,19644,1711,683,9945,6273,218800,18860,,msa,18860,,2019
"Crestview-Fort Walton Beach-Destin, FL Metro Area",62161,272056,38.6,190106,37022,15869,105382,69926,221300,18880,,msa,18880,,2019
"Crossville, TN Micro Area",45958,59216,51.0,44938,5097,2401,25801,20011,153200,18900,,msa,18900,,2019
"Decatur, IN Micro Area",52504,35376,33.5,21240,2327,849,12481,9623,129300,19540,,msa,19540,,2019
"Defiance, OH Micro Area",59931,38160,40.4,25904,3047,1191,15297,11669,119900,19580,,msa,19580,,2019
"Del Rio, TX Micro Area",46147,48969,31.8,29502,3800,1272,15779,10021,103400,19620,,msa,19620,,2019
"Deltona-Daytona Beach-Ormond Beach, FL Metro Area",50360,646288,47.5,481181,75207,29091,258616,184233,184200,19660,,msa,19660,,2019
"Deming, NM Micro Area",29360,24083,37.1,15383,1184,602,8904,5422,86900,19700,,msa,19700,,2019
"Denver-Aurora-Lakewood, CO Metro Area",79664,2892066,36.5,1999290,554780,236837,1112126,710638,380900,19740,,msa,19740,,2019
"DeRidder, LA Micro Area",53209,37043,37.4,24684,2958,1154,13520,10474,127500,19760,,msa,19760,,2019
"Des Moines-West Des Moines, IA Metro Area",70126,680439,36.2,452383,115068,35036,266943,186059,182400,19780,,msa,19780,,2019
"Detroit-Warren-Dearborn, MI Metro Area",60984,4317848,40.0,2988000,558105,284577,1703819,1175462,170000,19820,,msa,19820,,2019
"Dickinson, ND Micro Area",72123,32003,34.5,21042,3492,833,12907,7950,237800,19860,,msa,19860,,2019
"Dixon, IL Micro Area",58194,34389,43.2,24978,2819,1397,13788,9971,119900,19940,,msa,19940,,2019
"Dodge City, KS Micro Area",51711,34179,32.2,20338,2293,959,11344,6978,112500,19980,,msa,19980,,2019
"Cullowhee, NC Micro Area",45288,57198,38.6,37209,5636,2810,22393,14804,182000,19000,,msa,19000,,2019
"Cumberland, MD-WV Metro Area",47330,98612,42.5,69290,7225,4061,38315,27158,127400,19060,,msa,19060,,2019
"Dallas-Fort Worth-Arlington, TX Metro Area",70281,7320663,34.8,4728983,1085695,437064,2553470,1519504,215700,19100,,msa,19100,,2019
"Dalton, GA Metro Area",48481,143961,36.5,93629,8804,3145,50014,33021,127100,19140,,msa,19140,,2019
"Danville, IL Metro Area",46515,77563,40.4,52825,5204,2073,31151,21666,79900,19180,,msa,19180,,2019
"Danville, KY Micro Area",44779,54448,40.7,36976,4031,2400,20720,15000,123600,19220,,msa,19220,,2019
"Danville, VA Micro Area",42175,102326,45.1,73766,7552,3096,44560,29220,111800,19260,,msa,19260,,2019
"Daphne-Fairhope-Foley, AL Metro Area",58320,212830,43.0,151112,31801,11812,80930,60896,197900,19300,,msa,19300,,2019
"Davenport-Moline-Rock Island, IA-IL Metro Area",58531,381175,39.7,261609,45071,19226,153939,108190,136200,19340,,msa,19340,,2019
"Dayton, TN Micro Area",42206,32719,38.9,22111,2381,1003,12177,8672,122600,19420,,msa,19420,,2019
"Dayton-Kettering, OH Metro Area",55634,803543,39.3,549796,94473,52225,330975,209321,135000,19430,,msa,19430,,2019
"Decatur, AL Metro Area",50422,152271,40.9,105792,14640,5193,58595,43237,131000,19460,,msa,19460,,2019
"Decatur, IL Metro Area",50480,105528,41.1,72701,10466,4144,43912,30039,98400,19500,,msa,19500,,2019
"Dothan, AL Metro Area",46351,148252,41.1,103027,12351,5907,56324,38830,127500,20020,,msa,20020,,2019
"Douglas, GA Micro Area",40423,51260,36.3,33417,2468,1226,17318,11224,90800,20060,,msa,20060,,2019
"Dover, DE Metro Area",60910,176699,37.7,118054,17393,7841,65796,45436,220600,20100,,msa,20100,,2019
"Dublin, GA Micro Area",39066,63891,39.8,43416,3570,1970,23025,14953,86300,20140,,msa,20140,,2019
"DuBois, PA Micro Area",49015,79908,45.0,59121,5810,2285,31248,23992,96100,20180,,msa,20180,,2019
"Dubuque, IA Metro Area",63031,96982,38.6,64854,12828,5181,38210,28023,166800,20220,,msa,20220,,2019
"Duluth, MN-WI Metro Area",56573,289247,41.6,200202,36868,12671,123623,89138,158900,20260,,msa,20260,,2019
"Dumas, TX Micro Area",54871,21399,30.8,12470,1144,557,6733,4433,121900,20300,,msa,20300,,2019
"Duncan, OK Micro Area",47214,43647,40.7,30222,3741,974,16720,12108,107700,20340,,msa,20340,,2019
"Durango, CO Micro Area",68685,55617,40.4,39773,11024,4183,21794,15400,395600,20420,,msa,20420,,2019
"Durant, OK Micro Area",44212,46457,37.2,31065,4349,1870,17253,10733,117400,20460,,msa,20460,,2019
"Durham-Chapel Hill, NC Metro Area",62289,626695,37.6,426496,98868,56461,245658,151655,226100,20500,,msa,20500,,2019
"Dyersburg, TN Micro Area",44185,37416,40.5,25509,2538,1193,15120,9300,103800,20540,,msa,20540,,2019
"Eagle Pass, TX Micro Area",39625,58174,29.6,32840,3254,713,16286,10702,97900,20580,,msa,20580,,2019
"Easton, MD Micro Area",73547,37167,50.5,27939,5878,3312,16826,11828,336800,20660,,msa,20660,,2019
"East Stroudsburg, PA Metro Area",63934,168032,42.9,116534,18359,8276,57098,43960,168000,20700,,msa,20700,,2019
"Eau Claire, WI Metro Area",59584,167406,37.0,110687,20150,7536,66582,45136,168600,20740,,msa,20740,,2019
"Edwards, CO Micro Area",84790,54681,37.0,38505,13051,3456,18171,12680,562300,20780,,msa,20780,,2019
"Effingham, IL Micro Area",56685,34137,39.4,23379,3670,1186,13877,10462,143600,20820,,msa,20820,,2019
"El Campo, TX Micro Area",48310,41577,37.3,26990,3217,1350,15199,10178,128100,20900,,msa,20900,,2019
"El Centro, CA Metro Area",47622,180701,32.4,110125,11716,3829,44829,26156,195800,20940,,msa,20940,,2019
"El Dorado, AR Micro Area",44663,39449,40.3,26763,4034,1225,15726,11865,86500,20980,,msa,20980,,2019
"Elizabeth City, NC Micro Area",49788,52944,41.4,37016,4939,2433,20633,13237,166100,21020,,msa,21020,,2019
"Elizabethtown-Fort Knox, KY Metro Area",54132,150913,37.7,100963,11484,7671,58072,37617,152700,21060,,msa,21060,,2019
"Elk City, OK Micro Area",50721,22268,35.9,14772,1670,584,7578,5020,128400,21120,,msa,21120,,2019
"Elkhart-Goshen, IN Metro Area",57021,204558,35.6,129685,16854,6792,71718,50067,144300,21140,,msa,21140,,2019
"Elkins, WV Micro Area",43320,28930,43.7,20960,2104,1085,11135,7965,110300,21180,,msa,21180,,2019
"Elko, NV Micro Area",80725,54156,34.5,34729,3543,1675,18839,13441,210300,21220,,msa,21220,,2019
"Ellensburg, WA Micro Area",56004,45897,33.8,27883,6173,1894,18347,10849,286900,21260,,msa,21260,,2019
"Elmira, NY Metro Area",54940,84895,41.3,59604,7568,5015,33989,23217,105800,21300,,msa,21300,,2019
"El Paso, TX Metro Area",46795,840477,32.2,513616,80791,29496,269288,164721,121300,21340,,msa,21340,,2019
"Emporia, KS Micro Area",46217,35888,34.2,21723,3626,1714,14620,8991,106300,21380,,msa,21380,,2019
"Enid, OK Metro Area",54006,61898,35.8,40554,6145,2461,23541,15488,112600,21420,,msa,21420,,2019
"Enterprise, AL Micro Area",55637,51662,39.3,35293,5394,2200,19924,13099,147400,21460,,msa,21460,,2019
"Erie, PA Metro Area",51529,273835,39.7,187526,33624,14279,110318,72878,134100,21500,,msa,21500,,2019
"Escanaba, MI Micro Area",47434,36026,47.4,26468,3827,1270,16234,12565,114300,21540,,msa,21540,,2019
"Española, NM Micro Area",39952,39159,41.3,26710,3372,1523,12730,9784,167300,21580,,msa,21580,,2019
"Forrest City, AR Micro Area",35348,25900,38.8,17914,1173,515,9388,5139,64600,22620,,msa,22620,,2019
"Eufaula, AL-GA Micro Area",32327,27650,40.6,19719,1449,524,10187,6282,87700,21640,,msa,21640,,2019
"Eugene-Springfield, OR Metro Area",52426,373340,39.4,256373,47164,21669,152312,89359,263200,21660,,msa,21660,,2019
"Eureka-Arcata, CA Micro Area",48041,135940,38.4,92463,18745,6030,54679,31078,313200,21700,,msa,21700,,2019
"Evanston, WY Micro Area",63403,20479,35.8,12964,1433,557,7597,5854,175000,21740,,msa,21740,,2019
"Evansville, IN-KY Metro Area",54063,314960,39.7,216844,36296,14628,128919,87956,139400,21780,,msa,21780,,2019
"Fairbanks, AK Metro Area",76992,99072,31.3,61846,11741,4803,36188,21322,240000,21820,,msa,21820,,2019
"Fairfield, IA Micro Area",47708,18148,42.9,13636,2403,1434,6754,4477,118300,21840,,msa,21840,,2019
"Fairmont, MN Micro Area",52798,19852,45.3,14055,2104,566,8759,6466,118300,21860,,msa,21860,,2019
"Fairmont, WV Micro Area",50305,56355,41.1,38684,5659,2311,22926,17108,116800,21900,,msa,21900,,2019
"Fallon, NV Micro Area",57824,24259,39.7,16818,2182,673,9940,6503,191500,21980,,msa,21980,,2019
"Fort Morgan, CO Micro Area",53682,28517,36.2,18401,2028,829,10928,6999,201200,22820,,msa,22820,,2019
"Fort Payne, AL Micro Area",40440,71310,39.5,47990,3727,1956,26040,18627,106100,22840,,msa,22840,,2019
"Fort Polk South, LA Micro Area",49141,49646,30.4,30172,3804,1138,17696,9383,119300,22860,,msa,22860,,2019
"Fort Smith, AR-OK Metro Area",44750,249777,38.7,167683,21307,6392,97383,64201,115000,22900,,msa,22900,,2019
"Fargo, ND-MN Metro Area",64666,240421,32.5,150414,41213,11915,100207,55980,215200,22020,,msa,22020,,2019
"Faribault-Northfield, MN Micro Area",68584,66185,36.5,41853,7550,2876,23005,17018,208600,22060,,msa,22060,,2019
"Farmington, MO Micro Area",46466,66643,39.4,47198,3888,2146,24898,17043,121000,22100,,msa,22100,,2019
"Farmington, NM Metro Area",50518,126515,35.4,81566,7114,3967,43387,30813,151200,22140,,msa,22140,,2019
"Fayetteville, NC Metro Area",48459,519101,32.3,326138,51124,20131,188642,105248,141000,22180,,msa,22180,,2019
"Fayetteville-Springdale-Rogers, AR Metro Area",57603,514259,34.0,326086,67432,27787,190853,115569,176000,22220,,msa,22220,,2019
"Fergus Falls, MN Micro Area",58682,58195,46.8,41487,7221,2128,24687,19324,189100,22260,,msa,22260,,2019
"Fernley, NV Micro Area",56875,54380,43.7,39089,4031,1142,21189,14985,214900,22280,,msa,22280,,2019
"Findlay, OH Micro Area",58450,75837,39.3,51946,8488,4493,31937,21977,147600,22300,,msa,22300,,2019
"Fitzgerald, GA Micro Area",32229,17033,39.9,11161,841,287,6443,3791,83400,22340,,msa,22340,,2019
"Flagstaff, AZ Metro Area",59460,141274,30.7,83080,17122,9001,47447,28962,280900,22380,,msa,22380,,2019
"Flint, MI Metro Area",48588,407875,40.5,279412,37711,16727,167902,117587,111100,22420,,msa,22420,,2019
"Florence, SC Metro Area",44114,205502,39.9,139677,19584,8114,78672,52717,118600,22500,,msa,22500,,2019
"Florence-Muscle Shoals, AL Metro Area",48084,147327,41.7,102565,13947,6239,60351,42010,135300,22520,,msa,22520,,2019
"Fond du Lac, WI Metro Area",62391,102597,41.6,71648,11507,3958,41542,29192,157800,22540,,msa,22540,,2019
"Forest City, NC Micro Area",42608,66599,45.0,47869,5826,2067,26683,19088,118300,22580,,msa,22580,,2019
"Fort Leonard Wood, MO Micro Area",53492,52425,27.6,28932,5133,2702,15154,7472,159200,22780,,msa,22780,,2019
"Fort Madison-Keokuk, IA-IL-MO Micro Area",50694,58989,44.1,41991,5089,1735,24299,18610,91100,22800,,msa,22800,,2019
"Fort Wayne, IN Metro Area",55341,406305,36.4,265667,48978,18374,158807,110557,130700,23060,,msa,23060,,2019
"Frankfort, IN Micro Area",54286,32273,37.8,21158,2318,954,12033,8492,111500,23140,,msa,23140,,2019
"Frankfort, KY Micro Area",56024,72938,41.0,50909,8444,4211,29770,19848,144900,23180,,msa,23180,,2019
"Fredericksburg, TX Micro Area",59155,26459,50.0,19327,4465,1282,10694,7747,286900,23240,,msa,23240,,2019
"Freeport, IL Micro Area",48805,45093,45.3,32015,4233,1438,19739,13801,97800,23300,,msa,23300,,2019
"Fremont, NE Micro Area",54085,36665,38.9,24565,2886,1450,15261,9481,130200,23340,,msa,23340,,2019
"Fremont, OH Micro Area",54089,59029,42.2,40997,4437,1869,23574,17144,115400,23380,,msa,23380,,2019
"Fresno, CA Metro Area",53969,984521,32.2,604137,84769,27427,307906,164124,255000,23420,,msa,23420,,2019
"Gadsden, AL Metro Area",44637,102748,41.4,72032,7899,3444,38942,28267,113700,23460,,msa,23460,,2019
"Gaffney, SC Micro Area",36883,56895,39.3,38570,3612,1474,20699,14270,101500,23500,,msa,23500,,2019
"Gainesville, FL Metro Area",46843,323799,33.7,203708,39357,20925,120833,71998,167500,23540,,msa,23540,,2019
"Gainesville, GA Metro Area",62984,198667,36.7,129688,19688,7990,64352,44697,201300,23580,,msa,23580,,2019
"Gainesville, TX Micro Area",60202,40041,40.7,27025,3800,1422,15351,10642,161100,23620,,msa,23620,,2019
"Galesburg, IL Micro Area",44129,50508,42.1,35172,4381,1748,20680,13797,83000,23660,,msa,23660,,2019
"Gallup, NM Micro Area",33834,72438,32.4,44208,2638,1821,20942,14852,64800,23700,,msa,23700,,2019
"Garden City, KS Micro Area",59477,40657,31.1,23827,2527,1063,13720,8972,149600,23780,,msa,23780,,2019
"Gardnerville Ranchos, NV Micro Area",66810,48132,52.0,37096,6859,2958,20741,14811,378800,23820,,msa,23820,,2019
"Georgetown, SC Micro Area",48456,61952,49.5,45970,7692,3693,25498,20099,188800,23860,,msa,23860,,2019
"Gettysburg, PA Metro Area",67253,102470,43.9,72022,9154,5258,39345,30692,205800,23900,,msa,23900,,2019
"Gillette, WY Micro Area",78833,61930,35.6,40692,5697,1611,23384,17687,218400,23940,,msa,23940,,2019
"Glasgow, KY Micro Area",40899,53920,41.0,36904,3562,1635,21005,14482,113200,23980,,msa,23980,,2019
"Glens Falls, NY Metro Area",59395,125892,45.5,92825,13257,8810,52029,37602,172400,24020,,msa,24020,,2019
"Glenwood Springs, CO Micro Area",76482,76981,37.4,52978,14344,3977,28965,19225,385300,24060,,msa,24060,,2019
"Gloversville, NY Micro Area",50482,53646,43.9,38601,3785,2705,22557,15942,109600,24100,,msa,24100,,2019
"Goldsboro, NC Metro Area",44416,123603,37.8,82135,10684,3845,48343,30032,123500,24140,,msa,24140,,2019
"Granbury, TX Micro Area",64041,58318,47.0,42070,7137,3028,22152,17134,193500,24180,,msa,24180,,2019
"Grand Forks, ND-MN Metro Area",55609,101745,32.1,62594,13271,4363,43086,23975,192100,24220,,msa,24220,,2019
"Grand Island, NE Metro Area",57086,75480,37.2,49265,7420,2166,29189,18993,143200,24260,,msa,24260,,2019
"Grand Junction, CO Metro Area",55379,151218,39.7,104174,19191,7189,61742,42093,227000,24300,,msa,24300,,2019
"Grand Rapids, MN Micro Area",55139,45141,46.3,32592,5156,1719,19506,15853,164100,24330,,msa,24330,,2019
"Grand Rapids-Kentwood, MI Metro Area",63302,1062392,35.8,694075,151172,56332,391233,284679,172900,24340,,msa,24340,,2019
"Grants, NM Micro Area",39413,26891,37.3,18134,1577,713,8708,5981,84400,24380,,msa,24380,,2019
"Grants Pass, OR Metro Area",45616,86251,47.7,63802,7021,2968,36367,24116,265500,24420,,msa,24420,,2019
"Great Bend, KS Micro Area",49723,26453,39.9,17859,2611,793,10624,7464,93300,24460,,msa,24460,,2019
"Great Falls, MT Metro Area",49913,81625,38.3,55355,9687,3314,34329,22099,179900,24500,,msa,24500,,2019
"Greeley, CO Metro Area",74150,305345,34.4,196540,36473,13676,104671,76321,299000,24540,,msa,24540,,2019
"Green Bay, WI Metro Area",62405,319401,38.8,216772,42538,13030,129648,88138,171200,24580,,msa,24580,,2019
"Greeneville, TN Micro Area",42595,68834,44.7,49755,5187,2315,27396,20270,122400,24620,,msa,24620,,2019
"Greensboro-High Point, NC Metro Area",50891,762063,38.8,516620,99314,38540,297916,186510,149200,24660,,msa,24660,,2019
"Greensburg, IN Micro Area",57949,26562,39.2,17861,2543,917,10353,7230,134400,24700,,msa,24700,,2019
"Greenville, MS Micro Area",29705,46057,37.2,29848,3197,1545,17988,9514,75600,24740,,msa,24740,,2019
"Greenville, NC Metro Area",47437,178433,32.5,108447,22163,9279,69799,36378,148600,24780,,msa,24780,,2019
"Greenville, OH Micro Area",55620,51513,41.9,35254,3560,1584,20861,15186,123300,24820,,msa,24820,,2019
"Greenville-Anderson, SC Metro Area",54886,895942,38.6,604842,112391,49302,343270,235310,163400,24860,,msa,24860,,2019
"Greenwood, MS Micro Area",30218,39292,36.1,25101,2603,1100,13789,8148,86900,24900,,msa,24900,,2019
"Greenwood, SC Micro Area",42336,70411,39.5,47590,7624,3045,27612,17681,122800,24940,,msa,24940,,2019
"Grenada, MS Micro Area",40122,21088,39.2,14282,1973,850,8391,5367,105000,24980,,msa,24980,,2019
"Guayama, PR Metro Area",16980,75623,40.8,52728,7639,1659,26074,18888,88000,25020,,msa,25020,,2019
"Gulfport-Biloxi, MS Metro Area",49068,412115,38.0,278196,38641,16173,156897,100678,142500,25060,,msa,25060,,2019
"Guymon, OK Micro Area",52282,20805,33.0,12642,2212,463,6768,4601,115100,25100,,msa,25100,,2019
"Hagerstown-Martinsburg, MD-WV Metro Area",61138,283147,40.2,197720,25716,13133,107441,75935,195300,25180,,msa,25180,,2019
"Hailey, ID Micro Area",54987,23421,43.2,16591,3815,1417,8389,5899,413700,25200,,msa,25200,,2019
"Hammond, LA Metro Area",47832,132057,35.3,85899,11919,3811,47597,32840,162800,25220,,msa,25220,,2019
"Hanford-Corcoran, CA Metro Area",57848,150691,31.8,92916,9430,2843,43452,22733,215900,25260,,msa,25260,,2019
"Hannibal, MO Micro Area",50960,38842,40.6,26509,3503,1451,15601,10923,127800,25300,,msa,25300,,2019
"Harrisburg-Carlisle, PA Metro Area",64916,571013,40.4,398454,79849,34450,230247,155542,183400,25420,,msa,25420,,2019
"Harrison, AR Micro Area",44562,45143,43.3,31709,3614,1380,17970,13265,122300,25460,,msa,25460,,2019
"Harrisonburg, VA Metro Area",56500,133557,34.0,81938,14059,7136,47717,29701,209300,25500,,msa,25500,,2019
"Hartford-East Hartford-Middletown, CT Metro Area",77769,1207677,40.8,838642,183857,105719,473062,313835,249200,25540,,msa,25540,,2019
"Hastings, NE Micro Area",53023,31587,37.7,20558,3217,1226,12712,8449,128500,25580,,msa,25580,,2019
"Hattiesburg, MS Metro Area",46800,168177,35.2,108512,18246,8138,61584,39316,137100,25620,,msa,25620,,2019
"Hays, KS Micro Area",52883,28775,32.5,17454,4096,1644,11544,7061,169100,25700,,msa,25700,,2019
"Heber, UT Micro Area",94989,72811,36.8,46347,14313,5528,24099,18213,528400,25720,,msa,25720,,2019
"Helena, MT Micro Area",66419,79722,41.9,56348,14089,6191,32377,23152,248400,25740,,msa,25740,,2019
"Helena-West Helena, AR Micro Area",29320,18606,38.9,11999,1037,461,7485,3607,70700,25760,,msa,25760,,2019
"Henderson, NC Micro Area",40529,44479,40.9,30062,3087,1036,16875,9529,101400,25780,,msa,25780,,2019
"Hereford, TX Micro Area",49701,18736,31.9,10999,1020,224,6145,3935,91100,25820,,msa,25820,,2019
"Hermiston-Pendleton, OR Micro Area",54645,88432,36.7,57718,5920,2637,31016,20554,165400,25840,,msa,25840,,2019
"Hickory-Lenoir-Morganton, NC Metro Area",48114,366678,43.0,260112,32654,11856,144508,103786,131600,25860,,msa,25860,,2019
"Hillsdale, MI Micro Area",49622,45757,42.3,31260,3334,1522,18107,13847,120100,25880,,msa,25880,,2019
"Hilo, HI Micro Area",62409,199459,42.7,141677,28023,8895,69453,47047,350000,25900,,msa,25900,,2019
"Hilton Head Island-Bluffton, SC Metro Area",64959,214752,44.8,153804,34406,17166,81746,59790,285400,25940,,msa,25940,,2019
"Hinesville, GA Metro Area",50160,80041,29.1,47216,5582,2255,29180,14674,124100,25980,,msa,25980,,2019
"Hobbs, NM Micro Area",60546,70277,31.8,42180,3526,1748,22523,15045,133100,26020,,msa,26020,,2019
"Holland, MI Micro Area",62965,116143,39.8,78753,11862,4689,43416,35849,165400,26090,,msa,26090,,2019
"Homosassa Springs, FL Metro Area",44237,145169,56.5,115528,13153,5826,63681,52144,131500,26140,,msa,26140,,2019
"Hood River, OR Micro Area",65679,23209,39.3,15764,2657,1620,8600,5782,373600,26220,,msa,26220,,2019
"Hope, AR Micro Area",41125,30193,40.9,20174,2064,777,11491,7881,77100,26260,,msa,26260,,2019
"Hot Springs, AR Metro Area",44777,98555,45.0,71467,9961,3916,40209,27270,139900,26300,,msa,26300,,2019
"Houghton, MI Micro Area",44198,38181,34.4,22872,4265,2096,14467,9905,109800,26340,,msa,26340,,2019
"Houma-Thibodaux, LA Metro Area",51837,210162,36.7,140679,15931,4742,76867,56805,155100,26380,,msa,26380,,2019
"Houston-The Woodlands-Sugar Land, TX Metro Area",67516,6884138,34.3,4415305,925398,370856,2352275,1421765,193900,26420,,msa,26420,,2019
"Hudson, NY Micro Area",66787,60371,48.2,45574,7841,5150,24966,18403,233600,26460,,msa,26460,,2019
"Huntingdon, PA Micro Area",51678,45369,43.7,32741,3813,1483,16779,12695,136400,26500,,msa,26500,,2019
"Huntington, IN Micro Area",53632,36359,40.7,25019,3247,1487,14742,11125,107200,26540,,msa,26540,,2019
"Huntington-Ashland, WV-KY-OH Metro Area",45441,361832,41.4,252285,30169,14980,140894,100577,120600,26580,,msa,26580,,2019
"Huntsville, AL Metro Area",64483,457003,38.7,313702,75800,37434,180332,123997,179700,26620,,msa,26620,,2019
"Huntsville, TX Micro Area",43742,72321,35.3,46597,6700,2071,21963,11290,152300,26660,,msa,26660,,2019
"Huron, SD Micro Area",51662,20364,39.1,13616,1944,627,8478,5637,107500,26700,,msa,26700,,2019
"Hutchinson, KS Micro Area",49936,62765,40.3,43069,6038,2186,25014,17331,101300,26740,,msa,26740,,2019
"Hutchinson, MN Micro Area",62121,35832,40.7,24734,3114,922,14714,11426,164700,26780,,msa,26780,,2019
"Idaho Falls, ID Metro Area",61007,145507,32.8,87629,18062,5293,49526,35577,183000,26820,,msa,26820,,2019
"Indiana, PA Micro Area",49320,85032,40.2,55561,7395,3852,33246,23660,121100,26860,,msa,26860,,2019
"Indianapolis-Carmel-Anderson, IN Metro Area",61552,2029472,36.5,1348011,302485,118424,776607,506185,163100,26900,,msa,26900,,2019
"Indianola, MS Micro Area",30838,26168,35.6,17497,1700,798,8322,4458,78400,26940,,msa,26940,,2019
"Iowa City, IA Metro Area",62544,170677,31.3,102398,26548,12502,67966,40856,216000,26980,,msa,26980,,2019
"Iron Mountain, MI-WI Micro Area",51730,29753,47.7,22026,3707,1346,13179,10368,106800,27020,,msa,27020,,2019
"Ithaca, NY Metro Area",60240,102642,31.1,59774,13563,10855,39618,21755,204600,27060,,msa,27060,,2019
"Jackson, MI Metro Area",53658,158636,41.2,110176,16535,6201,61805,45409,131600,27100,,msa,27100,,2019
"Jackson, MS Metro Area",52504,597727,36.5,395387,72436,31504,217785,146618,145600,27140,,msa,27140,,2019
"Jackson, OH Micro Area",47550,32450,40.1,22197,2073,1027,12780,8847,97400,27160,,msa,27160,,2019
"Jackson, TN Metro Area",46875,178442,39.1,119401,16331,6674,68815,45440,118000,27180,,msa,27180,,2019
"Jackson, WY-ID Micro Area",81427,34706,38.6,25025,9026,3043,12726,8330,549800,27220,,msa,27220,,2019
"Jacksonville, FL Metro Area",61723,1503574,38.3,1037750,213615,81866,563946,363686,204700,27260,,msa,27260,,2019
"Jacksonville, IL Micro Area",52040,39252,41.5,27346,3530,1207,15658,10950,107300,27300,,msa,27300,,2019
"Jacksonville, NC Metro Area",50278,195069,26.4,104678,16761,5543,64386,34160,156900,27340,,msa,27340,,2019
"Jacksonville, TX Micro Area",48186,52118,37.9,33977,4027,1331,18138,13034,102900,27380,,msa,27380,,2019
"Jamestown, ND Micro Area",57674,20965,40.5,14600,2681,585,8908,5842,155500,27420,,msa,27420,,2019
"Jamestown-Dunkirk-Fredonia, NY Micro Area",46820,128496,42.6,89517,11200,7029,53075,36755,88000,27460,,msa,27460,,2019
"Janesville-Beloit, WI Metro Area",57875,162152,39.5,110227,16246,6332,64739,44254,146200,27500,,msa,27500,,2019
"Jasper, AL Micro Area",43629,64110,42.1,44782,3293,1266,25019,19327,104300,27530,,msa,27530,,2019
"Jasper, IN Micro Area",57849,54921,41.0,37331,5739,1908,22022,17384,144500,27540,,msa,27540,,2019
"Jayuya, PR Micro Area",14808,14539,38.6,9828,1252,456,4837,2798,94100,27580,,msa,27580,,2019
"Jefferson, GA Micro Area",65385,67885,38.1,45857,6798,2480,23166,18041,189700,27600,,msa,27600,,2019
"Jefferson City, MO Metro Area",59186,151273,38.7,103472,18938,7372,56683,40088,157000,27620,,msa,27620,,2019
"Jennings, LA Micro Area",42105,31441,37.8,20782,2250,1032,11726,8550,114000,27660,,msa,27660,,2019
"Jesup, GA Micro Area",45483,29788,38.9,20026,1623,655,10400,6605,105400,27700,,msa,27700,,2019
"Johnson City, TN Metro Area",44439,202049,42.3,142983,22629,9694,85301,57028,148400,27740,,msa,27740,,2019
"Johnstown, PA Metro Area",46659,133009,45.4,95176,12802,5202,56674,42000,91900,27780,,msa,27780,,2019
"Jonesboro, AR Metro Area",46068,131241,35.1,85256,12665,4765,50901,29617,127500,27860,,msa,27860,,2019
"Joplin, MO Metro Area",49098,178100,37.0,118161,18426,5660,67961,44973,122200,27900,,msa,27900,,2019
"Juneau, AK Micro Area",88390,32227,38.1,22561,5540,2067,12676,8212,345900,27940,,msa,27940,,2019
"Kahului-Wailuku-Lahaina, HI Metro Area",80948,165979,41.2,118117,21366,7390,54479,33259,633500,27980,,msa,27980,,2019
"Aberdeen, SD Micro Area",59270,42824,37.3,28367,5936,1614,17849,11701,163900,10100,,msa,10100,,2019
"Aberdeen, WA Micro Area",51240,72779,44.0,52712,5710,2244,28722,19254,178800,10140,,msa,10140,,2019
"Abilene, TX Metro Area",52511,170669,34.1,108067,16565,6061,60931,37756,116100,10180,,msa,10180,,2019
"Ada, OK Micro Area",50392,38355,35.7,24897,4359,2143,14278,9414,129300,10220,,msa,10220,,2019
"Adrian, MI Micro Area",55450,98381,41.9,68399,9361,4042,38345,29728,139400,10300,,msa,10300,,2019
"Aguadilla-Isabela, PR Metro Area",16470,301107,42.6,215327,33263,8643,109248,71462,96600,10380,,msa,10380,,2019
"Akron, OH Metro Area",57285,703845,40.3,485570,96686,42654,286543,190863,150000,10420,,msa,10420,,2019
"Alamogordo, NM Micro Area",41988,66137,35.8,43579,4596,2281,23634,15172,112400,10460,,msa,10460,,2019
"Albany, GA Metro Area",44844,148436,36.9,97094,11153,5521,55714,30225,117700,10500,,msa,10500,,2019
"Albany-Lebanon, OR Metro Area",55893,125048,39.6,86850,11549,3675,47762,30748,221600,10540,,msa,10540,,2019
"Albany-Schenectady-Troy, NY Metro Area",71285,880736,40.0,608647,125071,75480,352713,225446,213600,10580,,msa,10580,,2019
"Albemarle, NC Micro Area",52623,61588,42.2,43135,5373,1624,23332,17355,138900,10620,,msa,10620,,2019
"Albert Lea, MN Micro Area",53631,30463,44.0,21772,2686,716,13009,9975,113800,10660,,msa,10660,,2019
"Albertville, AL Micro Area",45983,95643,38.8,63955,8306,3221,34883,24480,128800,10700,,msa,10700,,2019
"Albuquerque, NM Metro Area",54072,912108,38.2,626163,112215,61389,351354,235397,192800,10740,,msa,10740,,2019
"Alexander City, AL Micro Area",43941,51298,45.7,36926,4103,1640,20237,15326,103300,10760,,msa,10760,,2019
"Alexandria, LA Metro Area",46367,153310,37.6,102911,12254,4885,55477,34725,136200,10780,,msa,10780,,2019
"Alexandria, MN Micro Area",63819,37513,44.2,26849,4911,1425,16663,12380,214800,10820,,msa,10820,,2019
"Alice, TX Micro Area",41461,52240,34.9,32794,2820,785,16498,11468,71600,10860,,msa,10860,,2019
"Allentown-Bethlehem-Easton, PA-NJ Metro Area",67652,837610,41.4,583640,106961,48782,320529,220430,213800,10900,,msa,10900,,2019
"Alma, MI Micro Area",47848,40916,39.5,28240,2780,1242,15035,11172,95400,10940,,msa,10940,,2019
"Alpena, MI Micro Area",43363,28520,48.1,21155,2416,1055,12752,9940,96500,10980,,msa,10980,,2019
"Altoona, PA Metro Area",49181,123157,43.4,88488,12495,4860,52126,36377,123600,11020,,msa,11020,,2019
"Altus, OK Micro Area",49703,25063,34.1,16065,2352,1146,9762,5710,106500,11060,,msa,11060,,2019
"Amarillo, TX Metro Area",55515,263776,35.1,170885,28965,9183,97345,62393,140500,11100,,msa,11100,,2019
"Americus, GA Micro Area",38156,35285,36.0,22427,2272,1031,13374,7722,99800,11140,,msa,11140,,2019
"Ames, IA Metro Area",58600,123311,29.2,69358,18492,7673,48765,28793,170600,11180,,msa,11180,,2019
"Amsterdam, NY Micro Area",49462,49302,41.0,34199,3521,2064,19660,13455,105400,11220,,msa,11220,,2019
"Anchorage, AK Metro Area",83048,398900,34.0,260056,52286,22002,137784,89426,294800,11260,,msa,11260,,2019
"Andrews, TX Micro Area",76158,18036,30.8,10700,814,347,5573,4130,143900,11380,,msa,11380,,2019
"Angola, IN Micro Area",58279,34453,43.7,23759,3223,1555,14261,11091,148800,11420,,msa,11420,,2019
"Ann Arbor, MI Metro Area",72586,367000,33.6,229268,60380,43126,141245,86332,263600,11460,,msa,11460,,2019
"Anniston-Oxford, AL Metro Area",47255,114618,39.6,79108,8311,4484,44605,31254,118000,11500,,msa,11500,,2019
"Appleton, WI Metro Area",67616,235628,38.8,159675,33335,10466,93455,68362,171300,11540,,msa,11540,,2019
"Arcadia, FL Micro Area",35438,36903,40.9,26434,2153,745,12072,8418,87700,11580,,msa,11580,,2019
"Ardmore, OK Micro Area",51195,58382,38.4,38972,4692,2070,21607,15026,112800,11620,,msa,11620,,2019
"Arecibo, PR Metro Area",17954,180567,42.3,129106,22087,5304,65547,45506,95900,11640,,msa,11640,,2019
"Arkadelphia, AR Micro Area",41620,22386,33.7,13171,2252,846,8446,4859,111600,11660,,msa,11660,,2019
"Asheville, NC Metro Area",52735,454351,44.2,335326,74111,32263,191756,129932,220600,11700,,msa,11700,,2019
"Ashland, OH Micro Area",52823,53536,40.4,35487,4711,2156,20417,15065,128400,11740,,msa,11740,,2019
"Ashtabula, OH Micro Area",46700,97830,42.5,68608,6564,2518,37832,26680,112700,11780,,msa,11780,,2019
"Astoria, OR Micro Area",54886,39102,44.2,28475,4409,1866,15800,9826,283900,11820,,msa,11820,,2019
"Atchison, KS Micro Area",50439,16268,36.6,10135,1307,698,5958,4133,110400,11860,,msa,11860,,2019
"Athens, OH Micro Area",40905,65917,29.6,36984,5166,3813,22557,13048,129600,11900,,msa,11900,,2019
"Athens, TN Micro Area",43285,53053,42.6,37514,4101,1377,20804,15283,133200,11940,,msa,11940,,2019
"Athens, TX Micro Area",47355,81070,43.9,57241,6553,2873,30757,23133,108500,11980,,msa,11980,,2019
"Baton Rouge, LA Metro Area",58912,854318,35.6,556924,100136,36666,308531,212985,181700,12940,,msa,12940,,2019
"Battle Creek, MI Metro Area",48607,134212,39.8,91137,12525,5242,53991,37743,110000,12980,,msa,12980,,2019
"Athens-Clarke County, GA Metro Area",47214,208457,32.2,126504,25183,14947,78662,42583,178700,12020,,msa,12020,,2019
"Atlanta-Sandy Springs-Alpharetta, GA Metro Area",68316,5862424,36.4,3878266,930303,409278,2104360,1331251,217000,12060,,msa,12060,,2019
"Atlantic City-Hammonton, NJ Metro Area",62110,266105,41.7,184676,34305,12463,99850,67025,217900,12100,,msa,12100,,2019
"Atmore, AL Micro Area",36275,37057,40.0,25859,2112,916,13089,8943,99400,12120,,msa,12120,,2019
"Auburn, IN Micro Area",56421,42927,39.1,28949,3713,1240,16801,12781,124300,12140,,msa,12140,,2019
"Auburn, NY Micro Area",58377,77425,42.9,55436,7686,4010,31221,22251,128000,12180,,msa,12180,,2019
"Auburn-Opelika, AL Metro Area",51463,161152,31.9,97055,19015,10682,60237,37111,169300,12220,,msa,12220,,2019
"Augusta-Richmond County, GA-SC Metro Area",53269,599616,37.6,404405,65143,26450,215210,144377,146100,12260,,msa,12260,,2019
"Augusta-Waterville, ME Micro Area",55365,121753,44.4,87875,15073,6706,52105,36752,159400,12300,,msa,12300,,2019
"Austin, MN Micro Area",54295,39807,38.8,26837,3943,1409,15565,11359,123900,12380,,msa,12380,,2019
"Austin-Round Rock-Georgetown, TX Metro Area",76844,2114441,34.7,1415811,408396,163686,764989,445231,281500,12420,,msa,12420,,2019
"Bainbridge, GA Micro Area",41481,26682,37.8,17744,1417,720,10084,5797,110900,12460,,msa,12460,,2019
"Bakersfield, CA Metro Area",53350,887641,31.6,537799,58968,20953,270282,157554,213900,12540,,msa,12540,,2019
"Baltimore-Columbia-Towson, MD Metro Area",81598,2796733,38.4,1934366,433703,246522,1049909,698615,298500,12580,,msa,12580,,2019
"Bangor, ME Metro Area",50808,151774,42.0,107888,18842,7730,62156,43123,144700,12620,,msa,12620,,2019
"Baraboo, WI Micro Area",59943,63922,41.1,44492,7418,2396,26222,18063,182200,12660,,msa,12660,,2019
"Bardstown, KY Micro Area",60127,45650,39.8,30980,3400,1563,17853,13561,154700,12680,,msa,12680,,2019
"Barnstable Town, MA Metro Area",74336,213496,53.3,165855,41225,22640,94323,75287,393500,12700,,msa,12700,,2019
"Barre, VT Micro Area",62791,58350,43.7,41750,9810,5299,24828,17489,226900,12740,,msa,12740,,2019
"Bartlesville, OK Micro Area",54997,51886,40.2,35467,6848,2314,20455,14487,120600,12780,,msa,12780,,2019
"Batavia, NY Micro Area",60524,57808,43.1,41334,5507,2932,23759,17168,119800,12860,,msa,12860,,2019
"Batesville, AR Micro Area",40436,54566,41.9,37528,3750,1406,21769,16007,89200,12900,,msa,12900,,2019
"Bay City, MI Metro Area",48819,104104,43.4,74642,9689,3594,44339,34037,102000,13020,,msa,13020,,2019
"Bay City, TX Micro Area",48913,36774,38.2,24102,3064,902,13848,9787,114800,13060,,msa,13060,,2019
"Beatrice, NE Micro Area",53110,21594,43.8,15212,2233,675,8979,6247,116200,13100,,msa,13100,,2019
"Beaumont-Port Arthur, TX Metro Area",54016,395174,36.9,263453,34237,10384,145308,97408,114500,13140,,msa,13140,,2019
"Beaver Dam, WI Micro Area",60652,87715,42.5,63143,7622,2225,34980,24396,162100,13180,,msa,13180,,2019
"Beckley, WV Metro Area",42817,118828,43.2,85312,9441,4170,48644,36369,101800,13220,,msa,13220,,2019
"Bedford, IN Micro Area",53610,45548,43.1,32163,3120,1599,18781,14457,117400,13260,,msa,13260,,2019
"Beeville, TX Micro Area",44578,32611,35.3,22009,1131,507,8269,5185,90600,13300,,msa,13300,,2019
"Bellefontaine, OH Micro Area",56754,45316,41.4,31185,3471,1439,18677,13854,131900,13340,,msa,13340,,2019
"Bellingham, WA Metro Area",62984,220821,37.3,146274,32227,12314,86523,53580,345700,13380,,msa,13380,,2019
"Bemidji, MN Micro Area",49160,46403,34.0,28514,5097,2088,17372,11650,162600,13420,,msa,13420,,2019
"Bend, OR Metro Area",67043,186251,42.4,135615,30445,12409,74397,49809,364600,13460,,msa,13460,,2019
"Bennettsville, SC Micro Area",33586,26753,40.3,19108,1048,553,9613,6042,67500,13500,,msa,13500,,2019
"Bennington, VT Micro Area",56183,35746,46.7,25485,5650,2521,14581,10794,207600,13540,,msa,13540,,2019
"Berlin, NH Micro Area",47117,31741,48.2,24304,2917,1129,13768,9728,128000,13620,,msa,13620,,2019
"Big Rapids, MI Micro Area",45018,43251,36.9,26926,3568,1757,15808,11594,121400,13660,,msa,13660,,2019
"Big Spring, TX Micro Area",54208,36349,36.5,24691,2100,753,11064,7235,99000,13700,,msa,13700,,2019
"Oshkosh-Neenah, WI Metro Area",58543,170411,38.3,114836,23271,6698,70594,46039,152500,36780,,msa,36780,,2019
"Oskaloosa, IA Micro Area",54825,22164,39.3,14944,2314,831,8927,6161,115300,36820,,msa,36820,,2019
"Othello, WA Micro Area",48294,19594,27.9,10713,923,475,5973,3771,154500,36830,,msa,36830,,2019
"Ottawa, IL Micro Area",58160,148580,42.7,105090,12788,4888,61206,44816,123200,36837,,msa,36837,,2019
"Ottawa, KS Micro Area",56582,25558,40.0,17113,2274,1016,10118,7317,128000,36840,,msa,36840,,2019
"Ottumwa, IA Micro Area",46246,35141,39.6,23951,2748,1288,14481,10357,82100,36900,,msa,36900,,2019
"Owatonna, MN Micro Area",64903,36683,39.0,24579,4432,1445,14692,11043,169300,36940,,msa,36940,,2019
"Owensboro, KY Metro Area",52046,118477,39.1,80070,10433,5345,47299,32906,129400,36980,,msa,36980,,2019
"Oak Harbor, WA Micro Area",68604,82866,44.2,60537,12094,6029,34768,24847,358800,36020,,msa,36020,,2019
"Ocala, FL Metro Area",45371,353526,48.7,263547,34395,13553,139172,104381,139900,36100,,msa,36100,,2019
"Ocean City, NJ Metro Area",67074,93086,49.6,69808,14702,6079,40171,31189,300500,36140,,msa,36140,,2019
"Odessa, TX Metro Area",62973,160579,30.4,95420,10362,3058,52530,34087,140500,36220,,msa,36220,,2019
"Ogden-Clearfield, UT Metro Area",75062,662875,31.8,395617,85277,30610,209117,158449,255500,36260,,msa,36260,,2019
"Ogdensburg-Massena, NY Micro Area",50940,108913,39.0,71657,8532,6581,41933,30596,93600,36300,,msa,36300,,2019
"Oil City, PA Micro Area",49945,51818,46.9,37998,4793,1945,22050,16549,89400,36340,,msa,36340,,2019
"Okeechobee, FL Micro Area",41760,41144,41.1,28952,2387,747,13904,10033,106000,36380,,msa,36380,,2019
"Oklahoma City, OK Metro Area",59084,1382841,35.2,902665,177311,68501,515208,328795,157600,36420,,msa,36420,,2019
"Olean, NY Micro Area",48703,77121,42.0,52849,5428,3909,31779,22778,88100,36460,,msa,36460,,2019
"Olympia-Lacey-Tumwater, WA Metro Area",72003,279711,39.0,196382,42921,19860,109983,71908,287900,36500,,msa,36500,,2019
"Omaha-Council Bluffs, NE-IA Metro Area",67885,931779,35.7,610458,145297,54997,359324,235479,171000,36540,,msa,36540,,2019
"Oxford, MS Micro Area",50272,53590,30.5,31382,8039,3367,18721,11616,199700,37060,,msa,37060,,2019
"Oxnard-Thousand Oaks-Ventura, CA Metro Area",88131,847263,38.1,570146,121499,48177,271040,171174,588400,37100,,msa,37100,,2019
"Ozark, AL Micro Area",47214,49277,37.3,33509,4047,1688,18806,11300,112000,37120,,msa,37120,,2019
"Paducah, KY-IL Micro Area",46584,96754,42.8,68312,9003,3828,40598,28050,122300,37140,,msa,37140,,2019
"Pahrump, NV Micro Area",47300,44380,53.1,34141,2480,902,19088,13517,163300,37220,,msa,37220,,2019
"Palatka, FL Micro Area",37670,73252,45.1,52277,4092,1703,28943,20472,89100,37260,,msa,37260,,2019
"Palestine, TX Micro Area",43455,57810,39.3,42073,2870,1190,16677,11606,101900,37300,,msa,37300,,2019
"Palm Bay-Melbourne-Titusville, FL Metro Area",56775,585507,47.3,434825,81151,39297,230417,171269,196400,37340,,msa,37340,,2019
"Pampa, TX Micro Area",49327,23215,36.7,15354,1500,529,8185,6038,79200,37420,,msa,37420,,2019
"Panama City, FL Metro Area",54316,182161,39.8,128438,19477,7995,71422,46488,178400,37460,,msa,37460,,2019
"Paragould, AR Micro Area",47056,44937,38.0,30074,3343,1272,17254,11561,118800,37500,,msa,37500,,2019
"Paris, TN Micro Area",40502,32284,45.8,23380,2180,1163,13394,10211,103300,37540,,msa,37540,,2019
"Paris, TX Micro Area",45117,49611,40.7,33821,4362,1519,19793,12760,99100,37580,,msa,37580,,2019
"Parkersburg-Vienna, WV Metro Area",47218,90758,43.6,64801,8504,3971,37993,27462,122300,37620,,msa,37620,,2019
"Parsons, KS Micro Area",47643,20119,41.0,13830,1699,550,8176,5683,76400,37660,,msa,37660,,2019
"Payson, AZ Micro Area",43524,53546,50.2,39330,4728,2037,21945,16581,165800,37740,,msa,37740,,2019
"Pearsall, TX Micro Area",46729,19871,31.2,12449,481,253,4542,3136,82200,37770,,msa,37770,,2019
"Pecos, TX Micro Area",53581,15590,35.8,10571,915,279,3548,2568,64800,37780,,msa,37780,,2019
"Pella, IA Micro Area",61038,33172,39.4,21980,4192,1552,13365,9463,157300,37800,,msa,37800,,2019
"Pensacola-Ferry Pass-Brent, FL Metro Area",56007,488246,38.3,333216,57976,23893,183618,122756,164000,37860,,msa,37860,,2019
"Peoria, IL Metro Area",59397,406883,39.9,279972,50563,20215,163182,117751,132000,37900,,msa,37900,,2019
"Peru, IN Micro Area",50657,35815,40.1,24955,2044,1026,13611,9730,88700,37940,,msa,37940,,2019
"Philadelphia-Camden-Wilmington, PA-NJ-DE-MD Metro Area",72343,6079130,38.8,4198073,940547,453914,2280112,1534074,250700,37980,,msa,37980,,2019
"Phoenix-Mesa-Chandler, AZ Metro Area",63883,4761603,36.7,3178168,636413,264379,1693396,1073694,250000,38060,,msa,38060,,2019
"Picayune, MS Micro Area",46901,55219,40.9,37775,4323,1656,21020,16354,138200,38100,,msa,38100,,2019
"Pierre, SD Micro Area",65712,20625,38.7,14379,3329,1019,8804,6189,175500,38180,,msa,38180,,2019
"Pine Bluff, AR Metro Area",41798,90865,39.2,62917,6822,2792,33791,22000,83300,38220,,msa,38220,,2019
"Pinehurst-Southern Pines, NC Micro Area",59963,97294,44.3,70123,16293,7170,39821,30143,216500,38240,,msa,38240,,2019
"Pittsburg, KS Micro Area",41004,38968,32.5,23261,4365,2003,15284,9076,93900,38260,,msa,38260,,2019
"Pittsburgh, PA Metro Area",60535,2331447,43.1,1691994,359756,165127,1009415,702216,154000,38300,,msa,38300,,2019
"Pittsfield, MA Metro Area",59230,126425,47.1,92628,17354,9864,54813,37928,216100,38340,,msa,38340,,2019
"Plainview, TX Micro Area",48384,33826,33.4,20884,2417,906,10933,6810,82700,38380,,msa,38380,,2019
"Platteville, WI Micro Area",54800,51733,36.0,31797,4751,1886,19583,13779,147700,38420,,msa,38420,,2019
"Plattsburgh, NY Micro Area",56365,80583,39.5,55211,6630,4668,31301,20810,134100,38460,,msa,38460,,2019
"Plymouth, IN Micro Area",52658,46461,40.0,30735,3697,1874,17304,12929,138700,38500,,msa,38500,,2019
"Pocatello, ID Metro Area",51429,93436,34.1,59229,10859,3330,33788,23001,159100,38540,,msa,38540,,2019
"Point Pleasant, WV-OH Micro Area",45351,56908,42.5,39947,3996,1774,22622,17399,100800,38580,,msa,38580,,2019
"Ponca City, OK Micro Area",46809,44402,38.4,29501,4063,1082,17610,11879,92100,38620,,msa,38620,,2019
"Ponce, PR Metro Area",17683,226117,40.6,156477,29967,6728,81129,54405,95300,38660,,msa,38660,,2019
"Pontiac, IL Micro Area",55160,36040,42.0,25434,2531,876,14307,10417,109400,38700,,msa,38700,,2019
"Poplar Bluff, MO Micro Area",38726,56223,41.6,38800,3149,1285,21449,14435,104700,38740,,msa,38740,,2019
"Portales, NM Micro Area",42702,18888,30.0,10813,1689,704,6814,3984,118200,38780,,msa,38780,,2019
"Port Angeles, WA Micro Area",52192,75392,50.8,57648,9281,4684,32958,23198,253800,38820,,msa,38820,,2019
"Portland-South Portland, ME Metro Area",70266,532075,43.7,388429,99438,42963,221938,158513,263300,38860,,msa,38860,,2019
"Portland-Vancouver-Hillsboro, OR-WA Metro Area",74792,2445761,38.1,1717941,424888,180459,938646,585963,368800,38900,,msa,38900,,2019
"Port Lavaca, TX Micro Area",58776,21668,37.7,14380,1310,598,7582,5518,120200,38920,,msa,38920,,2019
"Port St. Lucie, FL Metro Area",55153,472012,47.8,349901,58367,23653,179289,134411,210100,38940,,msa,38940,,2019
"Portsmouth, OH Micro Area",41330,76040,39.9,52837,4641,2874,29858,20188,97800,39020,,msa,39020,,2019
"Pottsville, PA Micro Area",52280,142674,44.4,104498,11658,4378,58749,44446,102100,39060,,msa,39060,,2019
"Poughkeepsie-Newburgh-Middletown, NY Metro Area",80534,673839,39.2,448388,81414,50771,236429,160124,276500,39100,,msa,39100,,2019
"Prescott Valley-Prescott, AZ Metro Area",52451,228067,53.4,175215,26314,13220,98386,70821,252000,39150,,msa,39150,,2019
"Price, UT Micro Area",51158,20308,37.5,13082,1537,524,7829,5773,140800,39220,,msa,39220,,2019
"Prineville, OR Micro Area",49006,23011,47.5,17124,2305,781,9588,6925,246100,39260,,msa,39260,,2019
"Providence-Warwick, RI-MA Metro Area",67818,1618268,40.3,1130015,221987,103892,628401,386000,276900,39300,,msa,39300,,2019
"Provo-Orem, UT Metro Area",74387,616791,24.8,305813,84820,28223,169455,115012,303300,39340,,msa,39340,,2019
"Pueblo, CO Metro Area",46783,165982,39.3,113465,16263,6593,64314,41589,164600,39380,,msa,39380,,2019
"Pullman, WA Micro Area",42745,49231,24.7,24362,6194,3451,17999,7853,217600,39420,,msa,39420,,2019
"Punta Gorda, FL Metro Area",51499,181067,59.1,149434,21996,9675,76891,61262,195400,39460,,msa,39460,,2019
"Quincy, IL-MO Micro Area",52132,76040,41.4,52627,7881,3678,30864,22334,123500,39500,,msa,39500,,2019
"Racine, WI Metro Area",61336,195602,40.2,133504,22178,9137,76974,52019,176000,39540,,msa,39540,,2019
"Raleigh-Cary, NC Metro Area",75851,1332311,36.7,889979,263202,112345,494521,324773,249800,39580,,msa,39580,,2019
"Rapid City, SD Metro Area",57615,138402,38.5,93854,19106,7081,55101,38451,188400,39660,,msa,39660,,2019
"Raymondville, TX Micro Area",35521,21588,33.0,13296,866,267,5782,4078,55300,39700,,msa,39700,,2019
"Reading, PA Metro Area",63728,418025,39.9,283578,45558,19263,154712,110655,178700,39740,,msa,39740,,2019
"Red Bluff, CA Micro Area",44514,63912,41.0,43850,4864,1418,24189,15813,215900,39780,,msa,39780,,2019
"Redding, CA Metro Area",54667,179212,41.5,126524,18727,6098,71181,45548,252300,39820,,msa,39820,,2019
"Red Wing, MN Micro Area",66800,46246,42.2,32680,5894,1960,19452,14644,204100,39860,,msa,39860,,2019
"Reno, NV Metro Area",64801,460924,38.5,319337,61333,24817,183807,107725,333000,39900,,msa,39900,,2019
"Rexburg, ID Micro Area",43630,52120,24.4,24757,5435,1375,15363,8443,201100,39940,,msa,39940,,2019
"Richmond, IN Micro Area",46516,66342,40.6,45550,4778,2520,26644,17837,100500,39980,,msa,39980,,2019
"Rockford, IL Metro Area",56027,338356,39.5,228990,33099,14641,133350,90634,124800,40420,,msa,40420,,2019
"Rockingham, NC Micro Area",36148,44997,40.5,30583,3187,1373,18380,12162,83200,40460,,msa,40460,,2019
"Rockport, TX Micro Area",45137,24462,50.6,17878,2423,999,9548,7657,156800,40530,,msa,40530,,2019
"Rock Springs, WY Micro Area",74843,43521,35.3,27962,4136,1563,15523,11832,205600,40540,,msa,40540,,2019
"Rocky Mount, NC Metro Area",44559,146678,41.7,101135,12708,4448,58162,36617,111100,40580,,msa,40580,,2019
"Rolla, MO Micro Area",44154,44630,35.3,27761,4428,2345,17981,10725,135000,40620,,msa,40620,,2019
"Rome, GA Metro Area",48336,97369,38.3,64816,7508,3907,35679,21780,132400,40660,,msa,40660,,2019
"Roseburg, OR Micro Area",47267,109114,47.1,80569,8710,3782,45456,30986,199200,40700,,msa,40700,,2019
"Roswell, NM Micro Area",43359,65144,35.7,41374,4980,1827,23284,16040,108700,40740,,msa,40740,,2019
"Ruidoso, NM Micro Area",46216,19461,50.9,14676,2588,863,7566,6096,193900,40760,,msa,40760,,2019
"Russellville, AR Micro Area",43633,85225,36.8,54998,7407,2780,30082,20926,121800,40780,,msa,40780,,2019
"Ruston, LA Micro Area",35467,47246,28.3,25824,5485,2672,17712,9120,154500,40820,,msa,40820,,2019
"Rutland, VT Micro Area",56139,58892,46.5,42700,8280,3710,25338,18100,177400,40860,,msa,40860,,2019
"Sacramento-Roseville-Folsom, CA Metro Area",72280,2315980,37.4,1563591,340238,121518,831150,501039,387500,40900,,msa,40900,,2019
"Safford, AZ Micro Area",51353,37996,33.6,23706,2346,1004,11017,7741,138700,40940,,msa,40940,,2019
"Saginaw, MI Metro Area",48000,191821,40.9,131963,17593,6863,78933,56249,101300,40980,,msa,40980,,2019
"Richmond, VA Metro Area",68529,1269530,38.8,878421,202986,91848,481217,315671,237500,40060,,msa,40060,,2019
"Richmond-Berea, KY Micro Area",47106,105026,35.3,65747,10645,5255,38858,23667,149600,40080,,msa,40080,,2019
"Rio Grande City-Roma, TX Micro Area",30387,64078,28.8,35597,2537,794,16188,12160,71900,40100,,msa,40100,,2019
"Riverside-San Bernardino-Ontario, CA Metro Area",65121,4560470,34.5,2910489,404915,162937,1360934,861225,341300,40140,,msa,40140,,2019
"Riverton, WY Micro Area",55896,39812,38.7,26531,4157,1669,14907,10503,196400,40180,,msa,40180,,2019
"Roanoke, VA Metro Area",56596,313009,42.8,223719,38790,15515,128432,88373,180100,40220,,msa,40220,,2019
"Roanoke Rapids, NC Micro Area",36128,71136,45.3,51140,4802,1912,29564,19004,85500,40260,,msa,40260,,2019
"Rochelle, IL Micro Area",60986,51025,42.4,35569,5072,2109,21021,15390,146900,40300,,msa,40300,,2019
"Rochester, MN Metro Area",73697,217964,38.4,148177,33681,14384,87500,65743,201100,40340,,msa,40340,,2019
"Rochester, NY Metro Area",60102,1072877,40.2,742612,144769,87921,433113,290619,144400,40380,,msa,40380,,2019
"St. Cloud, MN Metro Area",61985,198581,34.9,124707,23024,6946,75931,51578,182700,41060,,msa,41060,,2019
"St. George, UT Metro Area",59839,165811,37.1,106855,18456,7674,57144,40230,283800,41100,,msa,41100,,2019
"St. Joseph, MO-KS Metro Area",52810,126173,38.9,86968,12292,4132,47117,31119,123100,41140,,msa,41140,,2019
"St. Louis, MO-IL Metro Area",63705,2805190,39.3,1941293,396882,200787,1126934,776324,172700,41180,,msa,41180,,2019
"St. Marys, GA Micro Area",56951,53231,32.8,33629,5080,2080,19338,12095,165700,41220,,msa,41220,,2019
"St. Marys, PA Micro Area",53440,30340,47.4,22240,3131,985,14020,11014,103200,41260,,msa,41260,,2019
"Salem, OH Micro Area",48345,103190,44.1,74275,7397,2874,41537,30536,109400,41400,,msa,41400,,2019
"Salem, OR Metro Area",60178,422678,36.6,277281,44901,17779,148343,91182,250800,41420,,msa,41420,,2019
"Salina, KS Micro Area",52383,60523,39.1,41174,7395,2542,24405,16593,133900,41460,,msa,41460,,2019
"Salinas, CA Metro Area",71015,433410,34.4,275668,40905,18092,127155,64900,516600,41500,,msa,41500,,2019
"Salisbury, MD-DE Metro Area",60446,404417,45.5,288907,46249,24569,160153,117545,234800,41540,,msa,41540,,2019
"Salt Lake City, UT Metro Area",74842,1201043,32.7,753750,169398,65763,395298,268131,298600,41620,,msa,41620,,2019
"San Angelo, TX Metro Area",53883,120837,34.1,77395,12315,4607,44454,28421,140000,41660,,msa,41660,,2019
"San Antonio-New Braunfels, TX Metro Area",60327,2468193,34.7,1595600,287250,119812,811335,507632,171000,41700,,msa,41700,,2019
"San Diego-Chula Vista-Carlsbad, CA Metro Area",78980,3316073,35.8,2246571,533725,225220,1125286,600104,563700,41740,,msa,41740,,2019
"Sandpoint, ID Micro Area",50256,43611,47.9,32261,4993,1691,17537,13269,254200,41760,,msa,41760,,2019
"Sandusky, OH Micro Area",54226,74780,44.8,53639,7815,3352,31183,21593,139900,41780,,msa,41780,,2019
"Sanford, NC Micro Area",49994,60481,38.6,40732,5807,2292,21894,14601,144200,41820,,msa,41820,,2019
"San Francisco-Oakland-Berkeley, CA Metro Area",106025,4701332,39.0,3396863,993618,465156,1703275,931032,840600,41860,,msa,41860,,2019
"San Germán, PR Metro Area",16151,125324,44.0,89159,15351,3324,41921,28285,94300,41900,,msa,41900,,2019
"San Jose-Sunnyvale-Santa Clara, CA Metro Area",122478,1987846,37.1,1373916,374919,240771,658350,372659,968800,41940,,msa,41940,,2019
"San Juan-Bayamón-Caguas, PR Metro Area",23156,2100207,41.5,1488622,289553,85069,760282,518719,123100,41980,,msa,41980,,2019
"Sayre, PA Micro Area",52358,60963,44.5,43059,5217,2077,25021,18520,150600,42380,,msa,42380,,2019
"Scottsbluff, NE Micro Area",49766,38015,39.6,25520,4115,1331,15559,10452,128100,42420,,msa,42420,,2019
"Scottsboro, AL Micro Area",41769,51852,43.1,36999,3525,1284,20695,15629,104900,42460,,msa,42460,,2019
"Scottsburg, IN Micro Area",48700,23759,41.5,16448,1147,689,8971,6456,103000,42500,,msa,42500,,2019
"Scranton--Wilkes-Barre, PA Metro Area",53491,555642,42.7,395635,61264,27066,226611,151792,139400,42540,,msa,42540,,2019
"Searcy, AR Micro Area",44029,78762,36.9,51108,6466,2986,29055,19195,120100,42620,,msa,42620,,2019
"Seattle-Tacoma-Bellevue, WA Metro Area",86856,3871323,37.0,2710593,720311,318306,1499147,900265,436100,42660,,msa,42660,,2019
"Sebastian-Vero Beach, FL Metro Area",54740,153989,53.5,118504,21086,9332,58612,46440,202300,42680,,msa,42680,,2019
"Sebring-Avon Park, FL Metro Area",40942,103437,53.5,79028,8658,3554,41740,31436,108100,42700,,msa,42700,,2019
"Sedalia, MO Micro Area",46157,42355,37.8,28183,3176,1509,16033,11029,119100,42740,,msa,42740,,2019
"Selinsgrove, PA Micro Area",58997,40483,40.2,27048,3379,1365,14794,10676,166100,42780,,msa,42780,,2019
"Selma, AL Micro Area",33845,39149,39.6,26200,2305,1278,15910,9441,83300,42820,,msa,42820,,2019
"Seneca, SC Micro Area",49134,77528,45.7,56126,8465,4441,31978,23253,159800,42860,,msa,42860,,2019
"Seneca Falls, NY Micro Area",54545,34390,42.1,24710,2903,1837,13564,10022,107100,42900,,msa,42900,,2019
"Sevierville, TN Micro Area",49610,97068,42.9,69559,8241,2594,37210,25815,175500,42940,,msa,42940,,2019
"Seymour, IN Micro Area",51250,44025,38.5,29972,3320,1391,16753,12072,125300,42980,,msa,42980,,2019
"San Luis Obispo-Paso Robles, CA Metro Area",73518,282165,39.2,188857,41436,17012,105981,65248,574000,42020,,msa,42020,,2019
"Santa Cruz-Watsonville, CA Metro Area",82234,273962,37.8,180000,42819,19835,95818,57561,756600,42100,,msa,42100,,2019
"Santa Fe, NM Metro Area",61200,149293,46.3,110804,22624,14688,61921,43900,291800,42140,,msa,42140,,2019
"Santa Isabel, PR Micro Area",19827,21757,38.8,14655,2585,922,7367,5714,93500,42180,,msa,42180,,2019
"Santa Maria-Santa Barbara, CA Metro Area",74624,444829,33.8,275092,55474,24612,145856,75945,577400,42200,,msa,42200,,2019
"Santa Rosa-Petaluma, CA Metro Area",81018,499772,42.1,359314,79864,30937,189374,116393,609600,42220,,msa,42220,,2019
"Sault Ste. Marie, MI Micro Area",46486,37629,40.5,26027,3711,1267,13999,9442,119100,42300,,msa,42300,,2019
"Savannah, GA Metro Area",59459,386036,35.6,257122,50199,21681,142788,84628,188900,42340,,msa,42340,,2019
"Shawano, WI Micro Area",55152,45462,44.0,31918,3258,1420,18412,14095,135000,43020,,msa,43020,,2019
"Shawnee, OK Micro Area",49250,72154,37.7,47826,5751,2247,25917,18006,120500,43060,,msa,43060,,2019
"Sheboygan, WI Metro Area",60696,115178,41.5,80031,14106,4752,47738,33398,159700,43100,,msa,43100,,2019
"Shelby, NC Micro Area",42247,97282,41.8,66846,7292,3104,35638,24156,120100,43140,,msa,43140,,2019
"Shelbyville, TN Micro Area",50415,48292,37.9,32037,3670,1197,17029,11673,151100,43180,,msa,43180,,2019
"Shelton, WA Micro Area",57634,63804,45.6,46799,5369,2117,24278,18787,226500,43220,,msa,43220,,2019
"Sheridan, WY Micro Area",60807,30140,42.3,21423,3540,2239,13251,9117,272400,43260,,msa,43260,,2019
"Sherman-Denison, TX Metro Area",54815,131014,39.9,88311,12286,4128,48454,32756,137400,43300,,msa,43300,,2019
"Show Low, AZ Micro Area",40067,109270,37.3,70525,6176,3540,34990,24067,126100,43320,,msa,43320,,2019
"Shreveport-Bossier City, LA Metro Area",46407,399619,36.9,267961,39758,16830,156062,96389,155400,43340,,msa,43340,,2019
"Sidney, OH Micro Area",63806,48749,39.5,32352,3791,1872,18608,13246,145600,43380,,msa,43380,,2019
"Sierra Vista-Douglas, AZ Metro Area",49260,125867,41.1,87639,12450,6313,50163,34577,146800,43420,,msa,43420,,2019
"Sikeston, MO Micro Area",44139,38633,40.0,26305,2619,1294,15230,10152,109200,43460,,msa,43460,,2019
"Silver City, NM Micro Area",37843,27669,46.4,19945,3412,1779,11851,8067,125100,43500,,msa,43500,,2019
"Sioux City, IA-NE-SD Metro Area",59937,143846,36.0,92722,14124,4699,55391,37178,126200,43580,,msa,43580,,2019
"Sioux Falls, SD Metro Area",65621,259348,35.2,169909,39395,12470,102294,68130,193300,43620,,msa,43620,,2019
"Snyder, TX Micro Area",54326,17096,36.4,11141,1211,414,5941,4467,85500,43660,,msa,43660,,2019
"Somerset, KY Micro Area",39998,64350,42.0,45156,4260,2197,25301,17453,116200,43700,,msa,43700,,2019
"Somerset, PA Micro Area",49089,74361,46.1,55461,5880,2217,29644,23143,107000,43740,,msa,43740,,2019
"Sonora, CA Micro Area",60108,54045,48.4,41304,5460,2045,22502,16039,289200,43760,,msa,43760,,2019
"South Bend-Mishawaka, IN-MI Metro Area",53323,321739,38.1,212946,36115,15665,122891,86271,131500,43780,,msa,43780,,2019
"Spartanburg, SC Metro Area",52332,307617,38.2,207762,32487,13809,116645,82396,141400,43900,,msa,43900,,2019
"Spearfish, SD Micro Area",52641,25478,42.1,17714,4198,1364,11048,7147,207900,43940,,msa,43940,,2019
"Spencer, IA Micro Area",50521,16211,42.9,11372,1885,474,7212,4884,124100,43980,,msa,43980,,2019
"Spirit Lake, IA Micro Area",59969,17127,48.4,12748,3132,726,8174,6489,194300,44020,,msa,44020,,2019
"Spokane-Spokane Valley, WA Metro Area",56410,550160,38.2,377041,70793,29422,220365,140251,222400,44060,,msa,44060,,2019
"Springfield, IL Metro Area",62533,209167,40.4,145307,30820,13069,88899,61724,141500,44100,,msa,44100,,2019
"Springfield, MA Metro Area",59419,699480,39.3,470729,87165,49242,268830,169988,228100,44140,,msa,44140,,2019
"Springfield, MO Metro Area",48549,462434,36.8,303598,53353,22197,188342,116654,147700,44180,,msa,44180,,2019
"Springfield, OH Metro Area",50873,134726,41.1,92132,10507,5176,54696,36093,115500,44220,,msa,44220,,2019
"Starkville, MS Micro Area",41109,59280,27.8,32461,6079,3864,21580,12087,144500,44260,,msa,44260,,2019
"State College, PA Metro Area",60403,161960,32.3,98912,23415,12805,58201,35806,234900,44300,,msa,44300,,2019
"Statesboro, GA Micro Area",45550,76120,28.8,42557,6007,3588,27375,14758,140700,44340,,msa,44340,,2019
"Staunton, VA Metro Area",57140,121651,43.7,88085,13694,6424,49329,34806,198600,44420,,msa,44420,,2019
"Steamboat Springs, CO Micro Area",77443,25072,40.2,18540,5811,2333,9603,6837,535300,44460,,msa,44460,,2019
"Stephenville, TX Micro Area",52742,41841,30.4,24233,5387,1637,13595,8623,159900,44500,,msa,44500,,2019
"Sterling, CO Micro Area",53318,22380,38.2,15155,2103,782,8393,5476,157900,44540,,msa,44540,,2019
"Sterling, IL Micro Area",54232,56016,43.4,39288,4792,1856,23084,17279,106700,44580,,msa,44580,,2019
"Stevens Point, WI Micro Area",58853,70632,37.0,45350,10399,3070,28675,19794,168100,44620,,msa,44620,,2019
"Stillwater, OK Micro Area",41603,81815,27.3,44010,9445,4108,30788,15910,161700,44660,,msa,44660,,2019
"Stockton, CA Metro Area",64432,742603,34.3,467455,60276,19050,228567,129419,342100,44700,,msa,44700,,2019
"Storm Lake, IA Micro Area",57125,20058,35.0,12564,1690,530,7524,4861,115600,44740,,msa,44740,,2019
"Sturgis, MI Micro Area",52086,60836,39.6,40926,4273,1908,24150,18018,122300,44780,,msa,44780,,2019
"Sulphur Springs, TX Micro Area",52078,36486,39.2,24497,3501,1127,13424,9343,114900,44860,,msa,44860,,2019
"Summerville, GA Micro Area",36807,24812,39.4,17107,904,435,9260,6315,72200,44900,,msa,44900,,2019
"Sumter, SC Metro Area",44486,140714,38.1,94383,10868,5041,54937,37115,112300,44940,,msa,44940,,2019
"Sunbury, PA Micro Area",48671,91761,44.5,67192,7491,2752,39075,27654,117400,44980,,msa,44980,,2019
"Susanville, CA Micro Area",56352,30818,36.6,22615,2080,557,9280,6270,203000,45000,,msa,45000,,2019
"Sweetwater, TX Micro Area",45537,14904,37.5,9499,1058,315,5407,3635,75500,45020,,msa,45020,,2019
"Syracuse, NY Metro Area",60337,652416,39.6,443938,79208,45563,257280,173852,137200,45060,,msa,45060,,2019
"Tahlequah, OK Micro Area",42774,48664,35.3,30435,5188,2157,16665,11391,118000,45140,,msa,45140,,2019
"Talladega-Sylacauga, AL Micro Area",41325,80387,41.3,55993,5270,2406,31395,22382,105300,45180,,msa,45180,,2019
"Tallahassee, FL Metro Area",51874,382197,33.8,238697,52406,24823,147777,86329,177600,45220,,msa,45220,,2019
"Tampa-St. Petersburg-Clearwater, FL Metro Area",55285,3097859,42.1,2235378,438271,170198,1213267,787384,193500,45300,,msa,45300,,2019
"Taos, NM Micro Area",38329,32786,48.8,24334,4127,2162,12103,9249,239500,45340,,msa,45340,,2019
"Taylorville, IL Micro Area",52834,32931,43.4,23675,2756,960,13901,10435,90900,45380,,msa,45380,,2019
"Terre Haute, IN Metro Area",48591,186908,38.6,125319,15768,7181,72902,49462,92900,45460,,msa,45460,,2019
"Texarkana, TX-AR Metro Area",47377,149292,38.6,101603,12737,4826,55865,36079,111500,45500,,msa,45500,,2019
"The Dalles, OR Micro Area",53105,26130,40.8,18299,2265,996,10305,6408,212900,45520,,msa,45520,,2019
"The Villages, FL Metro Area",57226,125044,67.4,112211,20675,11859,56230,50446,258600,45540,,msa,45540,,2019
"Thomaston, GA Micro Area",37640,26236,42.1,17929,1521,568,10154,6861,93300,45580,,msa,45580,,2019
"Thomasville, GA Micro Area",43740,44630,40.4,30392,4213,2409,17595,10774,146800,45620,,msa,45620,,2019
"Tiffin, OH Micro Area",52500,55351,39.9,37220,3887,1941,21648,15642,106500,45660,,msa,45660,,2019
"Tifton, GA Micro Area",45639,40541,36.2,25790,2488,1461,15144,9087,118100,45700,,msa,45700,,2019
"Toccoa, GA Micro Area",47164,25750,41.8,17427,2051,1090,9543,6661,105300,45740,,msa,45740,,2019
"Toledo, OH Metro Area",52601,644137,38.1,432298,71433,31563,265076,167757,130900,45780,,msa,45780,,2019
"Topeka, KS Metro Area",57603,232778,39.9,158470,29354,12006,94658,64338,133800,45820,,msa,45820,,2019
"Torrington, CT Micro Area",79906,182002,47.3,134619,27631,15493,74143,56714,251000,45860,,msa,45860,,2019
"Traverse City, MI Micro Area",61019,149033,45.5,109318,22771,10234,60395,48545,203100,45900,,msa,45900,,2019
"Trenton-Princeton, NJ Metro Area",81057,367922,38.8,247534,54547,34415,129936,81925,291100,45940,,msa,45940,,2019
"Troy, AL Micro Area",37446,33333,31.2,19298,2718,1277,11601,7225,120000,45980,,msa,45980,,2019
"Truckee-Grass Valley, CA Micro Area",66096,99244,50.5,76000,18412,6997,40855,30316,431000,46020,,msa,46020,,2019
"Tucson, AZ Metro Area",53379,1027207,38.5,687804,128683,64709,404739,255677,184100,46060,,msa,46060,,2019
"Tullahoma-Manchester, TN Micro Area",51361,103312,41.1,70754,8742,4332,40564,29105,144500,46100,,msa,46100,,2019
"Tulsa, OK Metro Area",55739,990544,37.0,658958,124279,41496,382217,247603,150500,46140,,msa,46140,,2019
"Tupelo, MS Micro Area",46258,165407,38.1,109682,13780,5385,60680,42726,113500,46180,,msa,46180,,2019
"Tuscaloosa, AL Metro Area",50408,250681,34.4,159265,26448,11933,88699,58202,159500,46220,,msa,46220,,2019
"Twin Falls, ID Metro Area",52919,108599,34.2,68442,8465,3380,39168,26655,166400,46300,,msa,46300,,2019
"Tyler, TX Metro Area",56810,227449,36.6,148915,26482,8718,77678,51589,158600,46340,,msa,46340,,2019
"Ukiah, CA Micro Area",51416,87224,43.1,62005,9685,3480,34408,20611,377500,46380,,msa,46380,,2019
"Union, SC Micro Area",41186,27490,44.0,19529,1408,642,11432,7803,80000,46420,,msa,46420,,2019
"Union City, TN Micro Area",39615,30365,42.6,21277,2185,826,12717,8254,91500,46460,,msa,46460,,2019
"Urbana, OH Micro Area",60112,38845,41.9,26852,2838,1311,15159,11091,132800,46500,,msa,46500,,2019
"Urban Honolulu, HI Metro Area",85857,984821,37.9,682097,156134,55185,312795,175751,678200,46520,,msa,46520,,2019
"Utica-Rome, NY Metro Area",55757,292016,41.7,202676,29469,15918,114253,78599,122200,46540,,msa,46540,,2019
"Uvalde, TX Micro Area",41679,26920,33.7,16740,2343,494,8841,6482,89000,46620,,msa,46620,,2019
"Valdosta, GA Metro Area",41647,145315,32.1,88814,12763,5547,52892,29732,132100,46660,,msa,46660,,2019
"Vallejo, CA Metro Area",81472,441829,38.1,303699,56528,18104,149865,92149,406900,46700,,msa,46700,,2019
"Van Wert, OH Micro Area",54254,28261,41.2,19405,1962,1061,11544,8899,104900,46780,,msa,46780,,2019
"Vermillion, SD Micro Area",50724,13957,24.9,6953,1750,862,5233,2811,168300,46820,,msa,46820,,2019
"Vernal, UT Micro Area",65264,36084,30.6,20906,2401,610,10569,8023,197000,46860,,msa,46860,,2019
"Vernon, TX Micro Area",45302,12833,39.4,8856,1017,255,5180,3146,68300,46900,,msa,46900,,2019
"Vicksburg, MS Micro Area",45113,46519,39.1,31420,4479,1852,18235,12053,128400,46980,,msa,46980,,2019
"Victoria, TX Metro Area",57163,99674,36.7,65567,8742,3057,34982,23529,142500,47020,,msa,47020,,2019
"Vidalia, GA Micro Area",40513,36030,37.3,23582,2083,1324,13127,8214,92300,47080,,msa,47080,,2019
"Vincennes, IN Micro Area",47380,37065,37.9,24510,2485,1245,15038,9708,96800,47180,,msa,47180,,2019
"Vineland-Bridgeton, NJ Metro Area",54149,151906,37.6,103121,11107,3837,50729,33093,162500,47220,,msa,47220,,2019
"Vineyard Haven, MA Micro Area",71811,17312,47.1,12824,3390,1496,6765,4893,699500,47240,,msa,47240,,2019
"Virginia Beach-Norfolk-Newport News, VA-NC Metro Area",66759,1761729,36.3,1182298,230822,110356,663821,409367,245100,47260,,msa,47260,,2019
"Visalia, CA Metro Area",49687,461898,31.0,271351,26586,9274,138238,78866,205000,47300,,msa,47300,,2019
"Wabash, IN Micro Area",54259,31389,42.3,21643,2295,1381,12862,9516,100500,47340,,msa,47340,,2019
"Waco, TX Metro Area",49077,268361,33.7,164471,24799,9615,95253,57105,138600,47380,,msa,47380,,2019
"Wahpeton, ND-MN Micro Area",61136,22545,39.0,14937,2488,651,9595,7004,132300,47420,,msa,47420,,2019
"Walla Walla, WA Metro Area",57858,60365,37.5,39728,7196,3289,22646,14677,224800,47460,,msa,47460,,2019
"Wapakoneta, OH Micro Area",64074,45729,41.1,31012,3633,1765,18888,14304,147300,47540,,msa,47540,,2019
"Warner Robins, GA Metro Area",58832,180652,35.7,118143,18830,10409,67192,42917,142000,47580,,msa,47580,,2019
"Warren, PA Micro Area",50250,39756,47.4,29194,3742,1525,17115,13157,98000,47620,,msa,47620,,2019
"Kingsport-Bristol, TN-VA Metro Area",44869,306546,45.3,223824,29283,12427,128074,92790,134400,28700,,msa,28700,,2019
"Kingston, NY Metro Area",64304,178665,44.0,130190,22618,14734,69320,47321,230500,28740,,msa,28740,,2019
"Kingsville, TX Micro Area",43500,31542,28.4,17565,3023,903,11152,5827,91600,28780,,msa,28780,,2019
"Kinston, NC Micro Area",39402,56756,42.7,39614,3990,1415,23148,13738,95500,28820,,msa,28820,,2019
"Kirksville, MO Micro Area",42042,29924,29.3,16536,2189,1446,10733,6583,118100,28860,,msa,28860,,2019
"Klamath Falls, OR Micro Area",46491,66921,42.2,46938,5918,2533,27886,17924,170600,28900,,msa,28900,,2019
"Knoxville, TN Metro Area",54636,853337,40.4,591129,105440,47057,341209,234316,171300,28940,,msa,28940,,2019
"Kalamazoo-Portage, MI Metro Area",56511,262745,34.4,164642,38045,18980,103445,66214,159300,28020,,msa,28020,,2019
"Kalispell, MT Micro Area",56182,99899,42.2,70742,14914,4620,38773,28738,273600,28060,,msa,28060,,2019
"Kankakee, IL Metro Area",58902,110637,37.7,72882,9399,4578,39796,27072,147900,28100,,msa,28100,,2019
"Kansas City, MO-KS Metro Area",66632,2124518,37.4,1433633,336503,145734,830500,540673,183300,28140,,msa,28140,,2019
"Kapaa, HI Micro Area",83554,71769,42.6,51052,10242,3142,22658,14320,570700,28180,,msa,28180,,2019
"Kearney, NE Micro Area",59493,55738,34.2,34625,7739,2644,21728,14338,171800,28260,,msa,28260,,2019
"Keene, NH Micro Area",64751,76042,43.1,53191,10839,5152,30141,20929,195300,28300,,msa,28300,,2019
"Kendallville, IN Micro Area",56789,47506,38.7,31520,3071,947,18276,14002,125800,28340,,msa,28340,,2019
"Kennett, MO Micro Area",36380,30027,40.0,19951,1771,685,12342,7657,76500,28380,,msa,28380,,2019
"Kennewick-Richland, WA Metro Area",67310,289527,33.9,181035,30241,13297,98844,67932,226700,28420,,msa,28420,,2019
"Kerrville, TX Micro Area",55990,51843,47.4,37607,6590,2663,21403,15136,180600,28500,,msa,28500,,2019
"Ketchikan, AK Micro Area",72728,13800,39.7,9642,1664,581,5397,3322,289900,28540,,msa,28540,,2019
"Key West, FL Micro Area",70033,75798,47.7,59492,12789,5242,32068,19078,494100,28580,,msa,28580,,2019
"Kill Devil Hills, NC Micro Area",59381,36222,46.5,26948,5990,2542,15529,11551,289000,28620,,msa,28620,,2019
"Killeen-Temple, TX Metro Area",54798,444716,31.6,273995,41962,16536,152818,85602,143700,28660,,msa,28660,,2019
"Kokomo, IN Metro Area",52373,82331,41.7,56983,8006,3541,34701,24376,109500,29020,,msa,29020,,2019
"Laconia, NH Micro Area",69447,60887,47.4,45114,8810,4420,25052,18918,226500,29060,,msa,29060,,2019
"La Crosse-Onalaska, WI-MN Metro Area",58501,136542,37.2,88785,18870,7476,55771,36562,173400,29100,,msa,29100,,2019
"Lafayette, LA Metro Area",51955,489914,36.0,325714,53406,16146,181798,125557,157100,29180,,msa,29180,,2019
"Lafayette-West Lafayette, IN Metro Area",53321,228541,30.0,131562,25872,12811,85317,50661,145800,29200,,msa,29200,,2019
"La Grande, OR Micro Area",52171,26337,40.2,17539,2904,970,10708,6911,185400,29260,,msa,29260,,2019
"LaGrange, GA-AL Micro Area",44439,103579,38.1,69509,7773,2812,38376,23376,121100,29300,,msa,29300,,2019
"Lake Charles, LA Metro Area",51196,208549,36.3,138239,20193,7261,80514,54776,155600,29340,,msa,29340,,2019
"Lake City, FL Micro Area",46494,69968,40.4,48455,4945,1452,25133,17953,124200,29380,,msa,29380,,2019
"Lake Havasu City-Kingman, AZ Metro Area",45587,207695,51.6,158391,13078,4936,86889,60192,160500,29420,,msa,29420,,2019
"Lakeland-Winter Haven, FL Metro Area",50584,686218,40.2,475256,62685,24549,235283,162088,150800,29460,,msa,29460,,2019
"Lamesa, TX Micro Area",43239,12813,33.5,8084,948,180,4322,2995,73400,29500,,msa,29500,,2019
"Lancaster, PA Metro Area",66056,540999,38.6,363973,63009,27216,201620,137217,209400,29540,,msa,29540,,2019
"Lansing-East Lansing, MI Metro Area",57925,546772,36.4,354964,67569,32501,214641,142764,146700,29620,,msa,29620,,2019
"Laramie, WY Micro Area",49322,38390,27.6,21477,6170,3235,15944,8138,235000,29660,,msa,29660,,2019
"Laredo, TX Metro Area",46475,273526,28.8,151324,20686,6233,74789,46513,125900,29700,,msa,29700,,2019
"Las Cruces, NM Metro Area",40973,216069,33.1,130958,21105,10457,77842,49113,147400,29740,,msa,29740,,2019
"Las Vegas, NM Micro Area",30666,32274,45.8,23151,2517,1562,13322,9631,130200,29780,,msa,29780,,2019
"Las Vegas-Henderson-Paradise, NV Metro Area",59340,2182004,37.3,1489158,240892,86429,783524,421252,262700,29820,,msa,29820,,2019
"Laurel, MS Micro Area",40585,84857,38.3,56282,6576,3418,31487,23696,92600,29860,,msa,29860,,2019
"Laurinburg, NC Micro Area",37238,35076,39.3,23614,2326,974,12922,7817,85500,29900,,msa,29900,,2019
"Lawrence, KS Metro Area",59435,120290,29.8,69728,18084,10816,46936,24082,199400,29940,,msa,29940,,2019
"Lawrenceburg, TN Micro Area",43614,43390,39.3,29194,2520,1255,15960,12025,112500,29980,,msa,29980,,2019
"Lawton, OK Metro Area",52076,127620,33.3,81298,10445,5466,45037,24469,121700,30020,,msa,30020,,2019
"Lebanon, MO Micro Area",47257,35531,40.3,24206,2491,763,14112,9807,113900,30060,,msa,30060,,2019
"Lebanon, NH-VT Micro Area",61913,217064,45.6,158032,30942,17402,88632,64591,207200,30100,,msa,30100,,2019
"Lebanon, PA Metro Area",60281,139729,41.0,95909,12576,5530,53579,37479,171300,30140,,msa,30140,,2019
"Levelland, TX Micro Area",48248,23064,33.8,14392,1589,539,7997,5640,93600,30220,,msa,30220,,2019
"Lewisburg, PA Micro Area",59399,45111,39.5,30613,4245,2456,14533,10521,189500,30260,,msa,30260,,2019
"Lewisburg, TN Micro Area",53197,32965,38.9,22727,2337,631,12324,8843,136400,30280,,msa,30280,,2019
"Lewiston, ID-WA Metro Area",56430,62638,42.3,44228,6956,1882,25485,18364,193700,30300,,msa,30300,,2019
"Lewiston-Auburn, ME Metro Area",53509,107602,41.0,74726,11335,3759,45630,29359,158200,30340,,msa,30340,,2019
"Lewistown, PA Micro Area",50219,46276,44.0,32448,2726,913,19043,13580,117900,30380,,msa,30380,,2019
"Lexington, NE Micro Area",54716,25746,36.7,16851,2154,540,9907,6699,105900,30420,,msa,30420,,2019
"Lexington-Fayette, KY Metro Area",58685,510647,36.1,336190,71583,34634,202126,119407,182700,30460,,msa,30460,,2019
"Liberal, KS Micro Area",49291,22349,29.4,12923,960,333,7321,4884,105300,30580,,msa,30580,,2019
"Lima, OH Metro Area",53131,103175,39.2,69145,7959,3695,40650,27263,118100,30620,,msa,30620,,2019
"Lincoln, IL Micro Area",57308,29003,40.1,20373,2822,975,10797,7854,103200,30660,,msa,30660,,2019
"Lincoln, NE Metro Area",61031,330329,33.7,205095,50172,19911,130924,79078,176600,30700,,msa,30700,,2019
"Little Rock-North Little Rock-Conway, AR Metro Area",54746,737015,36.9,493560,93094,39291,284127,182060,154600,30780,,msa,30780,,2019
"Lock Haven, PA Micro Area",50923,38915,38.6,25375,3154,1350,14690,10312,136600,30820,,msa,30820,,2019
"Logan, UT-ID Metro Area",58809,137629,25.7,70617,17112,5501,42790,27754,234100,30860,,msa,30860,,2019
"Logansport, IN Micro Area",49415,37880,40.8,25806,2441,840,14688,10863,89300,30900,,msa,30900,,2019
"London, KY Micro Area",35911,148221,39.0,100276,8004,5246,54776,37476,94400,30940,,msa,30940,,2019
"Longview, TX Metro Area",51580,284796,37.6,188442,24789,8332,100968,68938,134000,30980,,msa,30980,,2019
"Longview, WA Metro Area",54506,106778,41.3,74257,7906,3544,41952,27719,219300,31020,,msa,31020,,2019
"Los Alamos, NM Micro Area",121324,18625,42.3,13260,3525,2881,7931,5878,302800,31060,,msa,31060,,2019
"Los Angeles-Long Beach-Anaheim, CA Metro Area",72998,13249614,36.8,9055319,2025582,739910,4354287,2114788,613400,31080,,msa,31080,,2019
"Louisville/Jefferson County, KY-IN Metro Area",59158,1257088,39.0,867371,155154,73038,491443,329631,169500,31140,,msa,31140,,2019
"Lubbock, TX Metro Area",51942,316474,31.0,187606,34838,14111,117703,65696,137300,31180,,msa,31180,,2019
"Ludington, MI Micro Area",51725,28954,46.2,20993,2833,1566,12186,9366,141400,31220,,msa,31220,,2019
"Lufkin, TX Micro Area",50453,87322,37.5,57275,6413,2553,31035,20531,107600,31260,,msa,31260,,2019
"Lumberton, NC Micro Area",34976,132596,36.6,85549,7989,3078,45927,30128,75600,31300,,msa,31300,,2019
"Lynchburg, VA Metro Area",53798,261652,39.9,175296,29777,13861,100912,70843,169100,31340,,msa,31340,,2019
"Macomb, IL Micro Area",44471,30479,33.0,18224,2887,2075,11408,7569,91800,31380,,msa,31380,,2019
"Macon-Bibb County, GA Metro Area",44332,229504,38.3,153515,20710,9817,86131,52698,122200,31420,,msa,31420,,2019
"Madera, CA Metro Area",57585,155433,34.1,97527,9917,3059,44881,28772,251200,31460,,msa,31460,,2019
"Madison, IN Micro Area",52718,32201,40.8,22311,2560,1154,12632,9078,132900,31500,,msa,31500,,2019
"Madison, WI Metro Area",72374,653725,36.2,435823,120872,52570,271938,166247,248400,31540,,msa,31540,,2019
"Madisonville, KY Micro Area",47170,45331,41.8,31625,2863,1489,18588,12912,108700,31580,,msa,31580,,2019
"Magnolia, AR Micro Area",36193,23776,35.7,14661,1893,679,8562,6029,81900,31620,,msa,31620,,2019
"Malone, NY Micro Area",50407,50477,39.9,35065,3460,2599,19015,13577,108700,31660,,msa,31660,,2019
"Malvern, AR Micro Area",43889,33597,41.3,24293,2126,907,12599,9809,96700,31680,,msa,31680,,2019
"Manchester-Nashua, NH Metro Area",81460,413035,40.7,291168,70773,31606,161086,106397,274800,31700,,msa,31700,,2019
"Manhattan, KS Metro Area",54141,132928,26.6,71104,15625,7255,47872,23091,182300,31740,,msa,31740,,2019
"Manitowoc, WI Micro Area",56612,79185,44.9,56932,8232,2533,34563,26046,130100,31820,,msa,31820,,2019
"Mankato, MN Metro Area",60827,100749,33.1,61078,13825,4799,38976,25698,187600,31860,,msa,31860,,2019
"Mansfield, OH Metro Area",49547,121100,41.1,84649,10153,4110,48449,32633,110600,31900,,msa,31900,,2019
"Marietta, OH Micro Area",50021,60426,44.3,43293,5267,2027,25197,18553,132400,31930,,msa,31930,,2019
"Marinette, WI-MI Micro Area",48933,63465,48.7,47257,5332,1609,29100,22059,115700,31940,,msa,31940,,2019
"Marion, IN Micro Area",44356,66452,40.3,44057,4555,2518,26372,18046,92700,31980,,msa,31980,,2019
"McAllen-Edinburg-Mission, TX Metro Area",40014,855176,29.2,479260,63264,20013,238345,162163,87100,32580,,msa,32580,,2019
"McComb, MS Micro Area",31784,39532,37.2,25448,2632,1228,14404,9940,95500,32620,,msa,32620,,2019
"McMinnville, TN Micro Area",41125,40702,40.0,27890,2616,1002,15727,10926,112500,32660,,msa,32660,,2019
"McPherson, KS Micro Area",59089,28567,40.8,19422,3874,1153,12334,8573,151800,32700,,msa,32700,,2019
"Meadville, PA Micro Area",50304,85665,43.2,59729,7799,3449,35164,25633,113200,32740,,msa,32740,,2019
"Medford, OR Metro Area",53412,216574,42.6,155029,26514,11324,88241,55792,280300,32780,,msa,32780,,2019
"Memphis, TN-MS-AR Metro Area",53209,1339623,36.3,880776,152962,69189,497232,297553,152200,32820,,msa,32820,,2019
"Menomonie, WI Micro Area",58783,44759,34.7,27291,5051,1849,16859,11491,165200,32860,,msa,32860,,2019
"Merced, CA Metro Area",53672,271382,31.1,160388,14630,5301,80008,41795,252700,32900,,msa,32900,,2019
"Meridian, MS Micro Area",41107,101992,38.7,69000,7719,3692,39584,27023,88700,32940,,msa,32940,,2019
"Marion, NC Micro Area",43646,45227,43.9,32857,3958,1268,18173,13206,119200,32000,,msa,32000,,2019
"Marion, OH Micro Area",47498,65299,41.3,46308,3598,1799,24737,16419,100800,32020,,msa,32020,,2019
"Marquette, MI Micro Area",53970,66686,39.1,44463,10120,3140,26552,18791,153400,32100,,msa,32100,,2019
"Marshall, MN Micro Area",57730,25758,35.8,16428,3085,739,10018,6851,148900,32140,,msa,32140,,2019
"Marshall, MO Micro Area",44720,22976,37.9,15074,1923,704,8272,5754,106600,32180,,msa,32180,,2019
"Marshalltown, IA Micro Area",56437,39964,38.7,26497,3671,943,15419,10868,106000,32260,,msa,32260,,2019
"Martin, TN Micro Area",39937,33510,38.6,21492,2828,1287,13640,8904,97800,32280,,msa,32280,,2019
"Martinsville, VA Micro Area",37309,64160,46.6,46610,4680,1878,26750,18355,93100,32300,,msa,32300,,2019
"Maryville, MO Micro Area",44232,22359,29.7,12472,2007,1047,8395,4854,126400,32340,,msa,32340,,2019
"Mason City, IA Micro Area",54388,50279,44.2,35843,5720,1670,22413,15758,125100,32380,,msa,32380,,2019
"Mayagüez, PR Metro Area",15197,99545,42.5,68016,11993,3163,38645,23451,95800,32420,,msa,32420,,2019
"Mayfield, KY Micro Area",44043,37248,39.7,25178,2483,1434,14316,10805,104300,32460,,msa,32460,,2019
"Maysville, KY Micro Area",45377,17112,40.6,11758,1228,814,6700,4531,132800,32500,,msa,32500,,2019
"McAlester, OK Micro Area",46784,44146,40.3,31047,3410,1136,17816,12913,106800,32540,,msa,32540,,2019
"Mexico, MO Micro Area",44261,25644,39.7,17575,1708,674,9286,6360,97900,33020,,msa,33020,,2019
"Miami, OK Micro Area",39872,31454,38.0,20499,1880,790,11847,8170,86300,33060,,msa,33060,,2019
"Miami-Fort Lauderdale-Pompano Beach, FL Metro Area",56775,6090660,41.0,4348284,878539,344810,2127517,1262225,280400,33100,,msa,33100,,2019
"Michigan City-La Porte, IN Metro Area",53658,110154,40.3,77222,9297,3249,43039,31135,132600,33140,,msa,33140,,2019
"Middlesborough, KY Micro Area",26272,26791,41.7,18922,803,692,10624,7017,59800,33180,,msa,33180,,2019
"Midland, MI Metro Area",62625,83355,41.8,58374,12272,5540,34199,26197,141700,33220,,msa,33220,,2019
"Midland, TX Metro Area",79140,173816,31.7,108459,20891,6335,58692,39396,211000,33260,,msa,33260,,2019
"Milledgeville, GA Micro Area",41584,53626,36.8,34760,4202,2053,19165,11567,114300,33300,,msa,33300,,2019
"Milwaukee-Waukesha, WI Metro Area",62389,1575223,37.8,1068789,245910,96202,631092,379466,213900,33340,,msa,33340,,2019
"Minden, LA Micro Area",28951,39242,41.4,27212,2934,1021,16551,11074,81500,33380,,msa,33380,,2019
"Mineral Wells, TX Micro Area",50154,28540,40.6,19449,2269,753,10255,7456,107000,33420,,msa,33420,,2019
"Minneapolis-St. Paul-Bloomington, MN-WI Metro Area",80421,3573609,37.1,2420035,661932,252309,1373979,961214,257000,33460,,msa,33460,,2019
"Minot, ND Micro Area",68669,77132,32.4,49366,10317,2715,31821,19762,201800,33500,,msa,33500,,2019
"Missoula, MT Metro Area",54062,117309,36.0,78952,21073,8070,49313,29040,284000,33540,,msa,33540,,2019
"Mitchell, SD Micro Area",51590,23270,38.1,15611,2943,807,9705,6089,152500,33580,,msa,33580,,2019
"Moberly, MO Micro Area",47740,24878,39.4,17182,1700,659,8626,6168,105000,33620,,msa,33620,,2019
"Mobile, AL Metro Area",47302,430655,38.1,290184,43782,16774,162241,105804,128900,33660,,msa,33660,,2019
"Modesto, CA Metro Area",60704,543194,34.1,343626,40630,11755,173898,100576,291600,33700,,msa,33700,,2019
"Monroe, LA Metro Area",40119,203457,36.9,133851,20178,6749,73870,45717,127600,33740,,msa,33740,,2019
"Monroe, MI Metro Area",62203,149727,42.6,105199,14257,6023,59929,47778,161700,33780,,msa,33780,,2019
"Montgomery, AL Metro Area",52649,373544,37.4,251092,45345,22033,144883,92867,141600,33860,,msa,33860,,2019
"Montrose, CO Micro Area",51647,46482,46.0,33575,6366,2182,19303,14019,240100,33940,,msa,33940,,2019
"Morehead City, NC Micro Area",57194,69070,48.6,52213,9003,4404,29755,21590,214100,33980,,msa,33980,,2019
"Mount Vernon, OH Micro Area",57749,61481,39.4,40415,6128,2221,23248,16740,155500,34540,,msa,34540,,2019
"Mount Vernon-Anacortes, WA Metro Area",67028,125612,41.5,88196,14943,6028,48493,33255,306000,34580,,msa,34580,,2019
"Muncie, IN Metro Area",43512,115020,35.6,71040,9484,5408,46026,29215,93600,34620,,msa,34620,,2019
"Murray, KY Micro Area",42273,38837,35.6,24156,3714,2273,14996,9364,137300,34660,,msa,34660,,2019
"Muscatine, IA Micro Area",58453,42889,38.1,28635,4189,1521,16660,12234,130500,34700,,msa,34700,,2019
"Muskegon, MI Metro Area",50854,173297,39.3,118362,16129,5620,65939,49270,117900,34740,,msa,34740,,2019
"Muskogee, OK Micro Area",43078,68736,37.9,45635,6556,2015,26234,17133,104200,34780,,msa,34780,,2019
"Myrtle Beach-Conway-North Myrtle Beach, SC-NC Metro Area",52660,463987,48.1,350466,57793,24085,187199,139386,189100,34820,,msa,34820,,2019
"Nacogdoches, TX Micro Area",44847,65339,30.9,37633,5874,2219,23757,13439,130100,34860,,msa,34860,,2019
"Napa, CA Metro Area",88596,139623,41.3,98223,22816,7689,48705,31276,635900,34900,,msa,34900,,2019
"Naples-Marco Island, FL Metro Area",69653,371453,50.8,282120,60615,27810,142979,104852,360800,34940,,msa,34940,,2019
"Nashville-Davidson--Murfreesboro--Franklin, TN Metro Area",66347,1871903,36.4,1261659,295961,113412,708788,464900,240800,34980,,msa,34980,,2019
"Morgan City, LA Micro Area",40485,50968,39.0,34510,2419,885,19856,12056,106900,34020,,msa,34020,,2019
"Morgantown, WV Metro Area",52332,139157,34.2,90361,16171,10157,51895,32705,170600,34060,,msa,34060,,2019
"Morristown, TN Metro Area",45878,140912,42.6,98526,9697,4040,53569,38600,137900,34100,,msa,34100,,2019
"Moscow, ID Micro Area",49158,39505,28.7,22317,5723,2655,15422,8378,228200,34140,,msa,34140,,2019
"Moses Lake, WA Micro Area",55556,95502,32.9,58017,7132,2484,30818,19264,177500,34180,,msa,34180,,2019
"Moultrie, GA Micro Area",36435,45486,36.8,29488,1984,1240,15505,9763,85600,34220,,msa,34220,,2019
"Mountain Home, AR Micro Area",42260,41427,52.2,31775,3620,1579,18435,14038,133400,34260,,msa,34260,,2019
"Mountain Home, ID Micro Area",46855,26743,32.3,16764,2321,591,10606,6343,153800,34300,,msa,34300,,2019
"Mount Airy, NC Micro Area",43597,71971,44.1,50935,6213,2398,29153,21416,126900,34340,,msa,34340,,2019
"Mount Gay-Shamrock, WV Micro Area",36168,33154,43.8,24066,1325,795,13816,10037,89100,34350,,msa,34350,,2019
"Mount Pleasant, MI Micro Area",45116,70688,28.1,38770,6088,3476,24739,15372,134900,34380,,msa,34380,,2019
"Mount Pleasant, TX Micro Area",49600,45518,35.1,28352,3387,1164,15498,10631,104000,34420,,msa,34420,,2019
"Mount Sterling, KY Micro Area",44688,46682,40.4,31947,2857,1342,17959,12707,98900,34460,,msa,34460,,2019
"Mount Vernon, IL Micro Area",49896,37985,40.9,26472,2909,1346,14985,10976,96700,34500,,msa,34500,,2019
"Natchez, MS-LA Micro Area",30239,51044,40.0,35584,3529,1712,18399,11751,88600,35020,,msa,35020,,2019
"Natchitoches, LA Micro Area",28567,38769,33.7,22998,2620,1357,14659,6424,137400,35060,,msa,35060,,2019
"New Bern, NC Metro Area",51017,124786,39.3,84638,12678,5289,50687,33116,152800,35100,,msa,35100,,2019
"Newberry, SC Micro Area",44226,38194,42.0,26035,3169,1202,14810,10849,116300,35140,,msa,35140,,2019
"New Castle, IN Micro Area",49832,48255,42.1,34362,3702,1586,18304,13451,100400,35220,,msa,35220,,2019
"New Castle, PA Micro Area",50204,86727,45.2,62272,9089,3659,37055,27624,111300,35260,,msa,35260,,2019
"New Haven-Milford, CT Metro Area",69905,857513,40.3,597200,111165,66765,330572,204451,248600,35300,,msa,35300,,2019
"New Orleans-Metairie, LA Metro Area",53084,1267777,38.3,881502,167736,64383,482358,300688,197800,35380,,msa,35380,,2019
"New Philadelphia-Dover, OH Micro Area",53243,92335,41.0,64043,7142,3265,36631,25905,132100,35420,,msa,35420,,2019
"Newport, OR Micro Area",47882,48547,51.6,37471,5538,2698,21298,13977,251200,35440,,msa,35440,,2019
"Newport, TN Micro Area",36716,35552,45.2,25774,1908,785,14060,9431,112900,35460,,msa,35460,,2019
"New Ulm, MN Micro Area",61120,25163,42.3,17339,2935,583,10764,8522,141900,35580,,msa,35580,,2019
"New York-Newark-Jersey City, NY-NJ-PA Metro Area",78773,19294236,38.6,13450844,3149466,1627540,6997001,3588835,450900,35620,,msa,35620,,2019
"Niles, MI Metro Area",50795,154133,42.1,107629,17947,9005,63665,45014,150700,35660,,msa,35660,,2019
"Nogales, AZ Micro Area",41259,46480,36.7,29302,3857,1468,15853,10725,151200,35700,,msa,35700,,2019
"Norfolk, NE Micro Area",55793,48181,37.6,31821,5044,1604,19645,13598,139900,35740,,msa,35740,,2019
"North Platte, NE Micro Area",59488,36585,41.2,25314,3649,1706,15394,10345,138100,35820,,msa,35820,,2019
"North Port-Sarasota-Bradenton, FL Metro Area",60810,803709,52.5,622073,121681,57157,328198,242930,246400,35840,,msa,35840,,2019
"North Vernon, IN Micro Area",54191,27710,39.8,18962,1659,602,10792,8390,109800,35860,,msa,35860,,2019
"Warrensburg, MO Micro Area",55273,53682,30.5,31527,5214,3024,19864,12114,156500,47660,,msa,47660,,2019
"Warsaw, IN Micro Area",61366,79035,38.5,52826,7857,3486,30997,23179,150000,47700,,msa,47700,,2019
"Washington, IN Micro Area",53629,33120,34.4,20565,1744,794,11227,8250,130000,47780,,msa,47780,,2019
"Washington, NC Micro Area",45212,47168,46.2,34170,4274,1903,19701,13765,132800,47820,,msa,47820,,2019
"Washington-Arlington-Alexandria, DC-VA-MD-WV Metro Area",103751,6196585,37.0,4227062,1092393,743355,2216997,1409325,424000,47900,,msa,47900,,2019
"Washington Court House, OH Micro Area",47308,28620,41.4,19621,2146,848,11773,7642,113500,47920,,msa,47920,,2019
"North Wilkesboro, NC Micro Area",44107,68469,44.9,49300,5607,1606,28753,21765,126300,35900,,msa,35900,,2019
"Norwalk, OH Micro Area",52560,58339,39.8,39396,3793,1488,22935,16263,124600,35940,,msa,35940,,2019
"Norwich-New London, CT Metro Area",73490,267390,41.4,187957,34499,21037,107827,71566,241700,35980,,msa,35980,,2019
"Oneonta, NY Micro Area",54028,59972,42.3,39939,6735,3994,23409,16892,146400,36580,,msa,36580,,2019
"Ontario, OR-ID Micro Area",46936,53672,38.1,35031,3308,1162,18938,12314,153100,36620,,msa,36620,,2019
"Waterloo-Cedar Falls, IA Metro Area",57495,169556,36.3,108774,21374,7532,67736,46849,149500,47940,,msa,47940,,2019
"Watertown, SD Micro Area",58503,34051,38.6,22719,3718,823,14331,9698,171800,47980,,msa,47980,,2019
"Watertown-Fort Atkinson, WI Micro Area",66291,84701,41.1,58546,10359,3329,32965,23126,190400,48020,,msa,48020,,2019
"Watertown-Fort Drum, NY Metro Area",52685,112842,32.5,71540,9566,5106,42734,24135,149900,48060,,msa,48060,,2019
"Wauchula, FL Micro Area",38682,27131,35.4,17470,1223,465,7863,5105,83400,48100,,msa,48100,,2019
"Wausau-Weston, WI Metro Area",61783,163140,41.8,114218,18774,6269,68091,49906,153700,48140,,msa,48140,,2019
"Waycross, GA Micro Area",38469,54843,39.4,37440,3316,1336,20871,14252,90400,48180,,msa,48180,,2019
"Weatherford, OK Micro Area",49900,29152,31.4,16972,2929,918,10653,6668,142500,48220,,msa,48220,,2019
"Weirton-Steubenville, WV-OH Metro Area",47314,118213,45.7,85321,9074,4010,49911,35607,93000,48260,,msa,48260,,2019
"Wenatchee, WA Metro Area",59757,118252,38.9,79500,11825,5153,43647,28772,284100,48300,,msa,48300,,2019
"West Plains, MO Micro Area",38357,40104,40.9,27343,2855,1482,15878,10861,112200,48460,,msa,48460,,2019
"West Point, MS Micro Area",31833,19640,39.5,13402,1711,802,7618,5436,89900,48500,,msa,48500,,2019
"Wheeling, WV-OH Metro Area",50390,141475,44.5,103058,13632,6231,55420,41669,109300,48540,,msa,48540,,2019
"Whitewater, WI Micro Area",63776,103074,40.0,68084,12428,5620,40874,28044,203400,48580,,msa,48580,,2019
"Wichita, KS Metro Area",57379,637690,36.0,414774,81268,34585,244805,159170,139000,48620,,msa,48620,,2019
"Wichita Falls, TX Metro Area",49779,150715,35.6,97996,14944,5802,55913,35515,102300,48660,,msa,48660,,2019
"Williamsport, PA Metro Area",54241,114330,41.5,80512,12470,4710,45608,31581,155800,48700,,msa,48700,,2019
"Williston, ND Micro Area",87161,35208,31.3,22350,4114,811,14320,7533,247400,48780,,msa,48780,,2019
"Willmar, MN Micro Area",60294,42841,39.3,28805,4634,1364,16889,12500,168900,48820,,msa,48820,,2019
"Wilmington, NC Metro Area",55265,288337,39.8,198495,49312,18364,117378,73179,233500,48900,,msa,48900,,2019
"Wilmington, OH Micro Area",52815,41957,39.4,28190,3340,1542,16528,10683,128400,48940,,msa,48940,,2019
"Wilson, NC Micro Area",43877,81435,40.5,55504,7704,2576,32014,18918,123600,48980,,msa,48980,,2019
"Winchester, VA-WV Metro Area",67072,137621,41.1,95352,14661,8058,51281,36179,232000,49020,,msa,49020,,2019
"Winfield, KS Micro Area",50102,35351,38.8,23347,3356,1375,13499,9102,89000,49060,,msa,49060,,2019
"Winnemucca, NV Micro Area",67756,16828,36.0,11114,1184,501,6500,4642,180600,49080,,msa,49080,,2019
"Winona, MN Micro Area",59329,50725,35.2,31392,6174,2461,19442,13693,167300,49100,,msa,49100,,2019
"Winston-Salem, NC Metro Area",50774,666216,40.6,458477,79602,29678,264877,176960,152400,49180,,msa,49180,,2019
"Wisconsin Rapids-Marshfield, WI Micro Area",54913,73112,44.1,52201,7058,2731,32332,23399,131900,49220,,msa,49220,,2019
"Woodward, OK Micro Area",59001,24742,37.4,16573,2239,779,9109,6538,120200,49260,,msa,49260,,2019
"Wooster, OH Micro Area",58300,116099,38.7,76337,10394,5063,43824,31974,148900,49300,,msa,49300,,2019
"Worcester, MA-CT Metro Area",73408,941338,40.3,649909,136992,67848,354904,232810,269600,49340,,msa,49340,,2019
"Worthington, MN Micro Area",55304,21734,35.7,13986,1557,412,8033,5677,127100,49380,,msa,49380,,2019
"Yakima, WA Metro Area",51637,249697,33.0,151437,15348,7058,83048,52062,175900,49420,,msa,49420,,2019
"Yankton, SD Micro Area",58342,22717,41.8,15870,2536,1135,9445,6156,148300,49460,,msa,49460,,2019
"Yauco, PR Metro Area",15463,90618,41.8,63537,11258,2083,29878,22002,84400,49500,,msa,49500,,2019
"York-Hanover, PA Metro Area",66457,445565,41.0,310366,50691,20180,172421,129109,177100,49620,,msa,49620,,2019
"Youngstown-Warren-Boardman, OH-PA Metro Area",47360,541846,44.1,385875,55539,21556,230433,161661,107700,49660,,msa,49660,,2019
"Yuba City, CA Metro Area",58551,172469,34.5,110659,13329,4656,58990,34787,268700,49700,,msa,49700,,2019
"Yuma, AZ Metro Area",45243,209468,34.6,132516,13013,5455,73098,49048,127900,49740,,msa,49740,,2019
"Zanesville, OH Micro Area",47254,86131,40.3,58655,5887,3002,33878,23372,120200,49780,,msa,49780,,2019
"Zapata, TX Micro Area",33952,14304,29.5,8042,834,51,4503,3366,77800,49820,,msa,49820,,2019
"Opelousas, LA Micro Area",36403,83172,36.7,53804,5379,1820,30485,20808,108400,36660,,msa,36660,,2019
"Orangeburg, SC Micro Area",37955,87687,40.3,59200,6838,3825,33060,22257,92700,36700,,msa,36700,,2019
"Orlando-Kissimmee-Sanford, FL Metro Area",58368,2508970,37.2,1717353,366304,134555,872831,531585,221600,36740,,msa,36740,,2019
"Fort Dodge, IA Micro Area",47466,36545,39.0,24654,3585,857,15306,10408,99100,22700,,msa,22700,,2019
"Fort Collins, CO Metro Area",71881,344786,36.0,226787,63577,31470,137021,89118,363800,22660,,msa,22660,,2019
"Boston, MA Metro Division; Boston-Cambridge-Newton, MA-NH Metro Area",86274,2012345,37.4,1403836,365855,194759,762604,438044,441600,14460,14454,division,14454,14460,2019
"Cambridge-Newton-Framingham, MA Metro Division; Boston-Cambridge-Newton, MA-NH Metro Area",94373,2384518,39.3,1666287,437526,284308,898586,565692,470200,14460,15764,division,15764,14460,2019
"Rockingham County-Strafford County, NH Metro Division; Boston-Cambridge-Newton, MA-NH Metro Area",86571,435483,42.4,307241,76123,35900,170027,126446,299100,14460,40484,division,40484,14460,2019
"Chicago-Naperville-Evanston, IL Metro Division; Chicago-Naperville-Elgin, IL-IN-WI Metro Area",71312,7175030,37.3,4916910,1168851,557629,2676526,1663914,251700,16980,16984,division,16984,16980,2019
"Elgin, IL Metro Division; Chicago-Naperville-Elgin, IL-IN-WI Metro Area",79222,761796,36.2,486699,104203,47447,258508,188483,229200,16980,20994,division,20994,16980,2019
"Gary, IN Metro Division; Chicago-Naperville-Elgin, IL-IN-WI Metro Area",59955,701782,39.3,475947,72735,28772,269354,192515,159500,16980,23844,division,29414,16980,2019
"Lake County-Kenosha County, IL-WI Metro Division; Chicago-Naperville-Elgin, IL-IN-WI Metro Area",82767,869997,38.4,570713,140533,70911,310233,222049,242300,16980,29404,division,29404,16980,2019
"Dallas-Plano-Irving, TX Metro Division; Dallas-Fort Worth-Arlington, TX Metro Area",71345,4903580,34.8,3171628,764775,318781,1721276,996511,234000,19100,19124,division,19124,19100,2019
"Fort Worth-Arlington-Grapevine, TX Metro Division; Dallas-Fort Worth-Arlington, TX Metro Area",67842,2417083,34.9,1557355,320920,118283,832194,522993,185900,19100,23104,division,23104,19100,2019
"Detroit-Dearborn-Livonia, MI Metro Division; Detroit-Warren-Dearborn, MI Metro Area",47301,1757299,37.9,1181985,169603,86242,682282,423147,113000,19820,19804,division,19804,19820,2019
"Warren-Troy-Farmington Hills, MI Metro Division; Detroit-Warren-Dearborn, MI Metro Area",71452,2560549,41.4,1806015,388502,198335,1021537,752315,203300,19820,47664,division,47664,19820,2019
"Anaheim-Santa Ana-Irvine, CA Metro Division; Los Angeles-Long Beach-Anaheim, CA Metro Area",90234,3168044,38.1,2168424,564720,217133,1037492,595272,679300,31080,11244,division,11244,31080,2019
"Los Angeles-Long Beach-Glendale, CA Metro Division; Los Angeles-Long Beach-Anaheim, CA Metro Area",68044,10081570,36.5,6886895,1460862,522777,3316795,1519516,583200,31080,31084,division,31084,31080,2019
"Fort Lauderdale-Pompano Beach-Sunrise, FL Metro Division; Miami-Fort Lauderdale-Pompano Beach, FL Metro Area",59547,1926205,40.4,1362196,275133,113532,690050,428682,265000,33100,22744,division,22744,33100,2019
"Miami-Miami Beach-Kendall, FL Metro Division; Miami-Fort Lauderdale-Pompano Beach, FL Metro Area",51347,2699428,39.9,1914094,360837,132902,883372,451932,289600,33100,33124,division,33124,33100,2019
"West Palm Beach-Boca Raton-Boynton Beach, FL Metro Division; Miami-Fort Lauderdale-Pompano Beach, FL Metro Area",63299,1465027,44.8,1071994,242569,98376,554095,381611,283600,33100,48424,division,48424,33100,2019
"Nassau County-Suffolk County, NY Metro Division; New York-Newark-Jersey City, NY-NJ-PA Metro Area",107701,2840341,41.6,1973855,441762,264808,936278,754814,446900,35620,35004,division,35004,35620,2019
"Newark, NJ-PA Metro Division; New York-Newark-Jersey City, NY-NJ-PA Metro Area",83038,2164575,40.1,1487983,362050,174524,780509,473443,380800,35620,35084,division,35084,35620,2019
"New Brunswick-Lakewood, NJ Metro Division; New York-Newark-Jersey City, NY-NJ-PA Metro Area",89126,2373832,41.0,1643063,417614,207720,864720,624977,353600,35620,35154,division,29484,35620,2019
"New York-Jersey City-White Plains, NY-NJ Metro Division; New York-Newark-Jersey City, NY-NJ-PA Metro Area",70343,11915488,37.3,8345943,1928040,980488,4415494,1735601,528200,35620,35614,division,35614,35620,2019
"Camden, NJ Metro Division; Philadelphia-Camden-Wilmington, PA-NJ-DE-MD Metro Area",80477,1243605,40.2,863312,190305,77590,458682,334779,222400,37980,15804,division,15804,37980,2019
"Montgomery County-Bucks County-Chester County, PA Metro Division; Philadelphia-Camden-Wilmington, PA-NJ-DE-MD Metro Area",92898,1970189,41.8,1379627,381753,195726,746016,554030,330900,37980,33874,division,33874,37980,2019
"Philadelphia, PA Metro Division; Philadelphia-Camden-Wilmington, PA-NJ-DE-MD Metro Area",52114,2143629,35.4,1456777,271614,131577,808594,461434,180000,37980,37964,division,37964,37980,2019
"Wilmington, DE-MD-NJ Metro Division; Philadelphia-Camden-Wilmington, PA-NJ-DE-MD Metro Area",73634,721707,39.0,498357,96875,49021,266820,183831,250200,37980,48864,division,48864,37980,2019
"Oakland-Berkeley-Livermore, CA Metro Division; San Francisco-Oakland-Berkeley, CA Metro Area",99545,2799005,38.4,1959840,526941,250683,971946,569135,704400,41860,36084,division,36084,41860,2019
"San Francisco-San Mateo-Redwood City, CA Metro Division; San Francisco-Oakland-Berkeley, CA Metro Area",117029,1642384,38.9,1246620,401306,184973,625897,294782,1093700,41860,41884,division,41884,41860,2019
"San Rafael, CA Metro Division; San Francisco-Oakland-Berkeley, CA Metro Area",115246,259943,46.8,190403,65371,29500,105432,67115,995800,41860,42034,division,42034,41860,2019
"Seattle-Bellevue-Kent, WA Metro Division; Seattle-Tacoma-Bellevue, WA Metro Area",92351,2994310,37.2,2121287,614964,278213,1175851,699429,488500,42660,42644,division,42644,42660,2019
"Tacoma-Lakewood, WA Metro Division; Seattle-Tacoma-Bellevue, WA Metro Area",72113,877013,36.1,589306,105347,40093,323296,200836,303200,42660,45104,division,45104,42660,2019
"Frederick-Gaithersburg-Rockville, MD Metro Division; Washington-Arlington-Alexandria, DC-VA-MD-WV Metro Area",106328,1294952,39.2,888810,233699,161480,463476,312246,443800,47900,23224,division,23224,47900,2019
"Washington-Arlington-Alexandria, DC-VA-MD-WV Metro Division; Washington-Arlington-Alexandria, DC-VA-MD-WV Metro Area",103071,4901633,36.5,3338252,858694,581875,1753521,1097079,417900,47900,47894,division,47894,47900,2019
