NAME,B19013_001E,B01003_001E,B01002_001E,B15003_001E,B15003_022E,B15003_023E,B25003_001E,B25003_002E,B25077_001E,metropolitan statistical area/micropolitan statistical area,metropolitan division,geo_level,geo_code,parent_cbsa,year
"Aberdeen, SD Micro Area",71488,41925,38.3,27808,6310,2073,17915,12336,215100,10100,,msa,10100,,2024
"Aberdeen, WA Micro Area",64414,77053,44.7,56642,6906,2603,30628,22424,314000,10140,,msa,10140,,2024
"Abilene, TX Metro Area",67328,180408,34.5,114622,19850,8220,66088,42252,178700,10180,,msa,10180,,2024
"Ada, OK Micro Area",63017,38235,37.7,25247,4694,2249,15134,9990,175400,10220,,msa,10220,,2024
"Adrian, MI Micro Area",70518,98415,42.4,69411,10274,4455,38871,30924,196800,10300,,msa,10300,,2024
"Aguadilla, PR Metro Area",22398,251769,45.7,190498,34595,8954,94130,62657,130500,10380,,msa,10380,,2024
"Akron, OH Metro Area",72371,699820,41.0,492073,107457,48140,296516,201905,213000,10420,,msa,10420,,2024
"Alamogordo, NM Micro Area",55876,68816,36.4,45839,6918,2801,24480,16400,162700,10460,,msa,10460,,2024
"Alamosa, CO Micro Area",51237,27718,36.4,18092,3107,1701,11463,7445,217700,10480,,msa,10480,,2024
"Albany, GA Metro Area",56906,146018,38.1,97190,11855,7163,57689,32438,157300,10500,,msa,10500,,2024
"Albany, OR Metro Area",76329,130706,40.1,92020,13606,4753,50729,33918,376400,10540,,msa,10540,,2024
"Albany-Schenectady-Troy, NY Metro Area",88074,906052,40.5,634704,143568,90666,383063,245753,285900,10580,,msa,10580,,2024
"Albemarle, NC Micro Area",60704,64651,40.5,45338,6531,1957,25240,18792,242400,10620,,msa,10620,,2024
"Albert Lea, MN Micro Area",71023,30623,44.3,21752,2664,949,12846,10213,171100,10660,,msa,10660,,2024
"Albertville, AL Micro Area",62571,99748,38.5,65581,9443,3450,36459,27625,201500,10700,,msa,10700,,2024
"Albuquerque, NM Metro Area",70783,921482,39.8,650478,128243,72281,376025,259675,287800,10740,,msa,10740,,2024
"Alexander City, AL Micro Area",59356,40938,45.6,29852,3960,1445,17076,12989,158500,10760,,msa,10760,,2024
"Alexandria, LA Metro Area",56353,149622,38.0,100899,13901,5658,56394,37644,175200,10780,,msa,10780,,2024
"Alexandria, MN Micro Area",79043,39575,44.5,28410,5724,1905,17519,13394,321400,10820,,msa,10820,,2024
"Alice, TX Micro Area",50888,45793,36.5,29744,3525,1024,16256,10662,113500,10860,,msa,10860,,2024
"Allentown-Bethlehem-Easton, PA-NJ Metro Area",84587,873603,41.4,613839,127900,57875,339656,236772,300800,10900,,msa,10900,,2024
"Alma, MI Micro Area",63556,41385,39.6,28638,3682,1336,14775,11651,147500,10940,,msa,10940,,2024
"Alpena, MI Micro Area",53950,28880,47.8,21702,2484,1066,13019,10415,153900,10980,,msa,10980,,2024
"Altoona, PA Metro Area",62382,121277,43.1,86786,14576,4879,50558,36579,161100,11020,,msa,11020,,2024
"Altus, OK Micro Area",62799,24678,35.1,15940,2456,1179,9775,5788,158400,11060,,msa,11060,,2024
"Amarillo, TX Metro Area",69611,271917,36.3,177871,31863,11472,103062,65834,208700,11100,,msa,11100,,2024
"Americus, GA Micro Area",43688,33574,38.4,21630,2502,1523,12625,7532,122400,11140,,msa,11140,,2024
"Ames, IA Metro Area",73127,127134,29.9,72273,20313,8441,49840,30348,246300,11180,,msa,11180,,2024
"Amherst Town-Northampton, MA Metro Area",87001,162028,37.4,100832,24154,18950,62114,42116,390300,11200,,msa,11200,,2024
"Amsterdam, NY Micro Area",64943,49528,40.3,34301,4748,2505,19603,13798,157500,11220,,msa,11220,,2024
"Anchorage, AK Metro Area",100505,401964,35.6,267713,57575,25023,148466,100185,379100,11260,,msa,11260,,2024
"Anderson Creek, NC Micro Area",71287,139150,35.6,92116,14791,6081,49845,35404,246200,11360,,msa,11360,,2024
"Andrews, TX Micro Area",72242,18610,33.0,11259,1634,245,6844,5374,195700,11380,,msa,11380,,2024
"Angola, IN Micro Area",74911,34726,43.5,24033,3940,1831,14058,11172,216200,11420,,msa,11420,,2024
"Ann Arbor, MI Metro Area",89180,369822,35.0,237324,64674,46968,150550,92768,374100,11460,,msa,11460,,2024
"Anniston-Oxford, AL Metro Area",55029,116090,39.3,78486,9874,4609,45015,31654,156600,11500,,msa,11500,,2024
"Appleton, WI Metro Area",85825,245768,39.4,169765,39891,11975,99754,73140,268900,11540,,msa,11540,,2024
"Arcadia, FL Micro Area",54417,35386,43.5,26215,1976,704,12824,9300,174100,11580,,msa,11580,,2024
"Ardmore, OK Micro Area",60723,48555,38.3,32464,4297,1699,19046,12731,168500,11620,,msa,11620,,2024
"Arecibo, PR Metro Area",25084,180767,45.5,136759,27319,6855,67958,47056,116800,11640,,msa,11640,,2024
"Arkadelphia, AR Micro Area",52034,21125,32.0,12380,2099,847,8121,5278,155000,11660,,msa,11660,,2024
"Arkansas City-Winfield, KS Micro Area",57878,34411,39.2,22708,3672,1536,13387,9117,120900,11680,,msa,11680,,2024
"Asheville, NC Metro Area",71838,414711,44.0,309724,78889,35883,161264,112183,370900,11700,,msa,11700,,2024
"Ashland, OH Micro Area",69860,52256,41.2,36027,5470,1966,20720,16131,186800,11740,,msa,11740,,2024
"Astoria, OR Micro Area",71822,41363,46.0,31338,5587,2616,17984,11374,468300,11820,,msa,11820,,2024
"Atchison, KS Micro Area",61112,16208,36.1,9846,1322,666,5735,4124,145700,11860,,msa,11860,,2024
"Athens, OH Micro Area",56001,61737,33.2,36401,5928,5003,23014,13899,185000,11900,,msa,11900,,2024
"Athens, TN Micro Area",61438,68227,42.9,48349,5540,1884,26453,20316,205300,11940,,msa,11940,,2024
"Athens, TX Micro Area",65179,84862,43.8,60088,8306,3189,33575,26126,211300,11980,,msa,11980,,2024
"Athens-Clarke County, GA Metro Area",65608,220197,33.6,135797,29079,17974,86101,47934,310200,12020,,msa,12020,,2024
"Atlanta-Sandy Springs-Roswell, GA Metro Area",89724,6256377,37.2,4213079,1084573,503323,2313055,1529469,367600,12060,,msa,12060,,2024
"Atlantic City-Hammonton, NJ Metro Area",82105,371211,44.5,267290,58701,22648,154441,111334,331700,12100,,msa,12100,,2024
"Auburn, IN Micro Area",74331,43807,38.4,29855,4234,1521,17096,14029,194100,12140,,msa,12140,,2024
"Auburn, NY Micro Area",67904,75102,43.8,54962,7341,4993,31524,22518,171000,12180,,msa,12180,,2024
"Auburn-Opelika, AL Metro Area",63649,199825,34.1,124218,27317,15614,76673,50518,247500,12220,,msa,12220,,2024
"Augusta-Richmond County, GA-SC Metro Area",69344,624181,38.3,426107,75133,35175,231857,157738,226100,12260,,msa,12260,,2024
"Augusta-Waterville, ME Micro Area",69077,126808,43.7,91526,18088,7621,54312,40006,238200,12300,,msa,12300,,2024
"Austin, MN Micro Area",73074,40343,39.2,26756,4190,1636,15719,12195,185200,12380,,msa,12380,,2024
"Austin-Round Rock-San Marcos, TX Metro Area",100431,2426592,36.0,1670579,531649,236077,989434,576470,465000,12420,,msa,12420,,2024
"Bainbridge, GA Micro Area",53317,29195,38.9,19522,1754,872,10621,6598,158800,12460,,msa,12460,,2024
"Baker City, OR Micro Area",60936,16840,47.0,12616,2385,729,7355,5258,285600,12520,,msa,12520,,2024
"Bakersfield-Delano, CA Metro Area",70210,915075,32.7,563569,69245,26410,284931,171133,338300,12540,,msa,12540,,2024
"Baltimore-Columbia-Towson, MD Metro Area",99470,2849436,39.0,1980396,465808,292937,1120269,749584,391300,12580,,msa,12580,,2024
"Bangor, ME Metro Area",66356,154710,42.5,111532,20331,8885,65221,46010,214100,12620,,msa,12620,,2024
"Baraboo, WI Micro Area",79541,66009,41.6,46519,8889,2793,27987,20252,258600,12660,,msa,12660,,2024
"Barnstable Town, MA Metro Area",95241,231668,55.4,183732,47512,29705,105777,85753,629000,12700,,msa,12700,,2024
"Barre, VT Micro Area",83449,60017,43.8,44302,12644,6750,25855,19047,315000,12740,,msa,12740,,2024
"Bartlesville, OK Micro Area",60162,53326,39.2,36163,7510,2563,20957,15061,173200,12780,,msa,12780,,2024
"Batavia, NY Micro Area",73314,57787,42.4,41686,5584,3683,24873,18351,170500,12860,,msa,12860,,2024
"Batesville, AR Micro Area",56609,38175,38.7,25236,3035,1106,14638,10128,142600,12900,,msa,12900,,2024
"Baton Rouge, LA Metro Area",69599,875313,36.2,570234,106950,47239,332585,229860,241100,12940,,msa,12940,,2024
"Battle Creek, MI Metro Area",63177,133778,40.2,91914,13769,5633,53333,38747,162800,12980,,msa,12980,,2024
"Bay City, MI Metro Area",61763,103008,43.9,75312,11358,4166,45103,34745,152200,13020,,msa,13020,,2024
"Bay City, TX Micro Area",58628,36329,37.8,24238,3419,1621,15439,10515,172900,13060,,msa,13060,,2024
"Beatrice, NE Micro Area",67247,21629,42.6,15192,2601,655,9327,6858,174000,13100,,msa,13100,,2024
"Beaumont-Port Arthur, TX Metro Area",64659,396827,37.7,265577,36012,11867,149466,101933,173600,13140,,msa,13140,,2024
"Beaver Dam, WI Micro Area",75929,88742,43.0,64592,9307,2958,35910,25612,231900,13180,,msa,13180,,2024
"Beckley, WV Metro Area",52620,112714,43.4,80850,10361,4362,44952,34236,129600,13220,,msa,13220,,2024
"Bedford, IN Micro Area",66468,45102,43.3,32168,3984,2079,19135,15438,175000,13260,,msa,13260,,2024
"Beeville, TX Micro Area",57673,31083,35.7,21261,2014,722,8807,6237,111300,13300,,msa,13300,,2024
"Bellefontaine, OH Micro Area",71551,46089,41.9,32259,4107,1550,19560,15176,203200,13340,,msa,13340,,2024
"Bellingham, WA Metro Area",81784,230503,38.4,157791,38558,16257,94021,59904,585800,13380,,msa,13380,,2024
"Bemidji, MN Micro Area",68975,46512,35.3,29008,5710,2383,18172,12742,237500,13420,,msa,13420,,2024
"Bend, OR Metro Area",89788,257814,43.0,191189,49072,20080,104529,73771,602600,13460,,msa,13460,,2024
"Bennington, VT Micro Area",73325,37269,46.9,27047,5984,4049,14987,11042,279900,13540,,msa,13540,,2024
"Big Rapids, MI Micro Area",60951,41242,40.0,27114,4001,1459,16708,12851,178900,13660,,msa,13660,,2024
"Big Spring, TX Micro Area",69649,32290,36.7,22132,2366,758,12191,8474,155600,13700,,msa,13700,,2024
"Billings, MT Metro Area",77194,189255,39.9,132024,31225,9113,78371,55456,355200,13740,,msa,13740,,2024
"Binghamton, NY Metro Area",64590,245242,40.3,165301,27049,16961,102352,69011,156000,13780,,msa,13780,,2024
"Birmingham, AL Metro Area",71498,1184613,38.9,810907,167866,72066,465003,329222,240200,13820,,msa,13820,,2024
"Bishop, CA Micro Area",73991,18739,45.5,13770,2617,1284,8040,5339,348700,13860,,msa,13860,,2024
"Bismarck, ND Metro Area",85156,136216,38.4,92525,23861,7168,55940,40397,306400,13900,,msa,13900,,2024
"Blackfoot, ID Micro Area",77878,49664,35.0,30650,4628,1673,16132,12987,293300,13940,,msa,13940,,2024
"Blacksburg-Christiansburg-Radford, VA Metro Area",65839,181664,35.1,112826,20431,13077,70282,44239,240900,13980,,msa,13980,,2024
"Bloomington, IL Metro Area",79905,171556,34.3,106224,32898,12225,70220,45704,208400,14010,,msa,14010,,2024
"Bloomington, IN Metro Area",65543,162569,33.1,98983,21584,14947,67854,38979,263700,14020,,msa,14020,,2024
"Bloomsburg-Berwick, PA Micro Area",64644,65362,41.0,44011,6967,3544,26350,18313,206200,14100,,msa,14100,,2024
"Bluefield, WV-VA Micro Area",50550,98187,44.0,70277,9215,4162,40514,29775,120000,14140,,msa,14140,,2024
"Blytheville, AR Micro Area",52548,39126,37.3,25607,2096,1145,15452,9264,122500,14180,,msa,14180,,2024
"Bogalusa, LA Micro Area",45380,45120,40.9,30848,2748,1022,17716,12277,155700,14220,,msa,14220,,2024
"Boise City, ID Metro Area",85987,811115,37.6,548846,135013,49142,304187,220621,468900,14260,,msa,14260,,2024
"Bonham, TX Micro Area",72295,37326,41.0,26524,3426,1301,12767,10051,233700,14300,,msa,14300,,2024
"Boone, NC Micro Area",51693,55123,31.4,31109,8190,4421,21198,13157,358900,14380,,msa,14380,,2024
"Borger, TX Micro Area",67228,20184,39.3,13356,1687,474,7000,5829,119100,14420,,msa,14420,,2024
"Boston-Cambridge-Newton, MA-NH Metro Area",115863,4953354,39.3,3510605,975115,585710,1940688,1194568,646300,14460,,msa,14460,,2024
"Boulder, CO Metro Area",103994,328961,37.7,220629,75396,45033,137008,84900,756300,14500,,msa,14500,,2024
"Bowling Green, KY Metro Area",63328,186959,35.4,119390,19768,8953,73344,44400,233700,14540,,msa,14540,,2024
"Bozeman, MT Metro Area",93528,124074,34.2,81048,27561,10286,51215,31270,667600,14580,,msa,14580,,2024
"Bradford, PA Micro Area",62905,39904,44.0,28513,3724,1775,16369,12760,104500,14620,,msa,14620,,2024
"Brainerd, MN Micro Area",71384,98678,46.8,72262,13949,4755,42276,33743,301000,14660,,msa,14660,,2024
"Branson, MO Micro Area",56497,56529,42.6,39109,6441,2226,22788,15275,218800,14700,,msa,14700,,2024
"Brattleboro, VT Micro Area",72217,45923,47.3,34265,7788,5376,19784,14629,279600,14710,,msa,14710,,2024
"Breckenridge, CO Micro Area",105544,38397,39.1,29209,9710,3965,15565,11324,748200,14720,,msa,14720,,2024
"Bremerton-Silverdale-Port Orchard, WA Metro Area",104158,277881,40.2,198424,47450,20300,108537,76121,555100,14740,,msa,14740,,2024
"Brenham, TX Micro Area",77825,36647,40.9,24835,5260,1639,15481,10804,288100,14780,,msa,14780,,2024
"Brevard, NC Micro Area",66184,33691,51.6,25917,6334,3038,14584,10889,373600,14820,,msa,14820,,2024
"Bridgeport-Stamford-Danbury, CT Metro Area",114565,956330,41.0,660738,184950,109392,355012,234406,564500,14860,,msa,14860,,2024
"Brigham City, UT-ID Micro Area",83616,66014,33.7,40109,7821,2311,21478,16553,390400,14940,,msa,14940,,2024
"Brookhaven, MS Micro Area",51119,34877,41.5,24161,3121,1211,13158,9859,155800,15020,,msa,15020,,2024
"Brookings, OR Micro Area",62244,23381,57.7,19187,2651,1073,11159,8276,381300,15060,,msa,15060,,2024
"Brookings, SD Micro Area",70064,35353,28.0,19194,5418,1524,13798,7896,264600,15100,,msa,15100,,2024
"Brownsville-Harlingen, TX Metro Area",52601,426120,32.7,257360,38820,13763,138433,90278,136500,15180,,msa,15180,,2024
"Brownwood, TX Micro Area",57470,38347,41.8,27106,3931,1190,14972,10223,158900,15220,,msa,15220,,2024
"Brunswick-St. Simons, GA Metro Area",66623,115074,43.6,83143,14318,5957,47209,33022,242500,15260,,msa,15260,,2024
"Bucyrus, OH Micro Area",58044,41711,43.4,29503,3047,1582,18059,13204,136700,15340,,msa,15340,,2024
"Buffalo-Cheektowaga, NY Metro Area",72237,1161343,40.9,826432,166071,99598,501549,335035,226100,15380,,msa,15380,,2024
"Burley, ID Micro Area",70536,47691,33.7,29045,3514,1241,16602,11438,272800,15420,,msa,15420,,2024
"Burlington, IA-IL Micro Area",62811,44680,43.1,31724,5161,1503,19882,15016,131000,15460,,msa,15460,,2024
"Burlington, NC Metro Area",65651,176893,38.9,119714,22917,8586,70062,45543,241500,15500,,msa,15500,,2024
"Burlington-South Burlington, VT Metro Area",93043,227846,38.5,156733,45353,23014,94559,63950,401000,15540,,msa,15540,,2024
"Butte-Silver Bow, MT Micro Area",61754,35785,40.5,24695,4687,1685,15419,10920,255200,15580,,msa,15580,,2024
"Cadillac, MI Micro Area",62015,49284,42.6,34779,4678,1902,19605,16094,170400,15620,,msa,15620,,2024
"Calhoun, GA Micro Area",63650,59100,38.9,40360,4308,2291,21348,15776,222900,15660,,msa,15660,,2024
"Cambridge, MD Micro Area",61839,32754,43.5,23451,2809,1314,13546,8882,262400,15700,,msa,15700,,2024
"Cambridge, OH Micro Area",58478,38223,42.9,26959,2705,1317,16318,11766,157700,15740,,msa,15740,,2024
"Camden, AR Micro Area",51429,26789,43.9,18985,2057,850,10314,7601,104500,15780,,msa,15780,,2024
"Campbellsville, KY Micro Area",56014,37766,39.6,25575,3127,1539,14681,10494,162400,15820,,msa,15820,,2024
"Cañon City, CO Micro Area",62664,49634,44.7,38745,6081,1889,17976,13595,324000,15860,,msa,15860,,2024
"Canton, IL Micro Area",60599,33020,43.9,24116,2998,1142,13795,10565,107200,15900,,msa,15900,,2024
"Canton-Massillon, OH Metro Area",67801,400372,42.1,281890,45768,19770,167161,116785,186200,15940,,msa,15940,,2024
"Cape Coral-Fort Myers, FL Metro Area",76107,817666,49.0,618547,117673,52333,327803,243654,362200,15980,,msa,15980,,2024
"Cape Girardeau, MO-IL Metro Area",66759,98169,38.0,64971,12259,5050,38299,26386,208400,16020,,msa,16020,,2024
"Carbondale, IL Micro Area",48763,53064,32.4,31605,6167,3398,22955,11474,137300,16060,,msa,16060,,2024
"Carlsbad-Artesia, NM Micro Area",78426,61105,36.2,39901,4581,2615,23620,17325,212600,16100,,msa,16100,,2024
"Carroll, IA Micro Area",72930,20594,41.1,14039,2510,472,8801,6784,176000,16140,,msa,16140,,2024
"Carson City, NV Metro Area",72355,58384,42.4,42203,6146,2878,23692,14769,453000,16180,,msa,16180,,2024
"Casper, WY Metro Area",72156,79977,38.4,54860,9415,4484,33886,24967,273000,16220,,msa,16220,,2024
"Cedar City, UT Micro Area",66247,62252,30.2,35634,7426,2809,20157,13763,379000,16260,,msa,16260,,2024
"Cedar Rapids, IA Metro Area",78080,276624,39.7,190699,42194,15540,114000,85551,211500,16300,,msa,16300,,2024
"Cedartown, GA Micro Area",58515,43785,38.0,29295,2895,1026,15901,10500,187600,16340,,msa,16340,,2024
"Celina, OH Micro Area",76782,42484,39.4,28245,3959,1709,16408,13053,210600,16380,,msa,16380,,2024
"Centralia, IL Micro Area",61240,37000,41.5,25698,2943,1092,15512,11580,103000,16460,,msa,16460,,2024
"Centralia, WA Micro Area",74796,85154,42.2,60791,8672,3515,32916,24938,385800,16500,,msa,16500,,2024
"Chambersburg, PA Metro Area",77003,157379,42.1,111277,16288,8563,63510,46691,249800,16540,,msa,16540,,2024
"Champaign-Urbana, IL Metro Area",65528,238842,32.0,142504,29084,20330,98224,56261,201700,16580,,msa,16580,,2024
"Charleston, WV Metro Area",60117,205398,44.0,148704,24067,10438,87358,63032,141100,16620,,msa,16620,,2024
"Charleston-Mattoon, IL Micro Area",56478,46777,37.5,30304,4786,2546,20824,12574,127400,16660,,msa,16660,,2024
"Charleston-North Charleston, SC Metro Area",85254,834267,38.2,583372,147264,64771,335865,231932,377500,16700,,msa,16700,,2024
"Charlotte-Concord-Gastonia, NC-SC Metro Area",83304,2768407,37.9,1890821,486353,205154,1076260,709351,356400,16740,,msa,16740,,2024
"Charlottesville, VA Metro Area",93598,224335,39.4,155111,41844,26405,90452,59967,430300,16820,,msa,16820,,2024
"Chattanooga, TN-GA Metro Area",72161,575812,40.4,407232,81290,34426,231335,157675,272400,16860,,msa,16860,,2024
"Cheyenne, WY Metro Area",80173,101060,38.5,69419,14500,6596,43279,30537,348700,16940,,msa,16940,,2024
"Chicago-Naperville-Elgin, IL-IN Metro Area",90887,9371595,38.6,6482556,1598318,802337,3643783,2388392,323000,16980,,msa,16980,,2024
"Chico, CA Metro Area",67928,207929,36.2,135188,27738,10063,83312,47717,424700,17020,,msa,17020,,2024
"Chillicothe, OH Micro Area",61303,76492,41.1,54609,5880,2784,29808,20749,171500,17060,,msa,17060,,2024
"Cincinnati, OH-KY-IN Metro Area",81120,2270706,38.2,1537545,350347,160850,906675,619384,258600,17140,,msa,17140,,2024
"Clarksburg, WV Micro Area",59928,89182,43.0,64331,9793,4483,35511,27199,162800,17220,,msa,17220,,2024
"Clarksdale, MS Micro Area",37461,20540,35.9,13026,1540,727,8404,4378,90300,17260,,msa,17260,,2024
"Clarksville, TN-KY Metro Area",68967,334564,32.1,208802,35914,16566,124867,76154,253300,17300,,msa,17300,,2024
"Clearlake, CA Micro Area",60621,68152,44.1,48884,5866,1716,26940,19441,324300,17340,,msa,17340,,2024
"Cleveland, MS Micro Area",39585,29534,37.5,19212,2968,1498,11915,7464,130000,17380,,msa,17380,,2024
"Cleveland, OH Metro Area",70678,2171526,41.6,1546299,314014,152059,931377,619763,215400,17410,,msa,17410,,2024
"Cleveland, TN Metro Area",66135,128963,40.5,89590,12228,6024,50020,34856,247000,17420,,msa,17420,,2024
"Clewiston, FL Micro Area",53559,54945,38.6,37058,3341,905,18630,14224,202300,17500,,msa,17500,,2024
"Clinton, IA Micro Area",66981,46268,42.4,32266,4973,1563,19506,14541,160600,17540,,msa,17540,,2024
"Clovis, NM Micro Area",55690,66566,32.0,40759,5289,3228,26036,16166,162000,17580,,msa,17580,,2024
"Coamo, PR Micro Area",23203,53901,44.4,40439,8185,1740,21324,16323,103500,17620,,msa,17620,,2024
"Coco, PR Micro Area",21901,25079,43.7,18525,3032,519,10761,8308,88700,17640,,msa,17640,,2024
"Cody, WY Micro Area",73035,30449,44.9,21880,4732,2029,13330,10042,400500,17650,,msa,17650,,2024
"Coeur d'Alene, ID Metro Area",81861,181996,40.9,128268,25966,8523,71172,50734,518700,17660,,msa,17660,,2024
"Coldwater, MI Micro Area",63724,45300,40.6,31177,3853,1236,16906,13131,162500,17740,,msa,17740,,2024
"College Station-Bryan, TX Metro Area",60087,278335,28.6,154455,34711,16089,105688,53974,279700,17780,,msa,17780,,2024
"Colorado Springs, CO Metro Area",90144,767824,35.5,513442,128069,66765,302050,201837,461800,17820,,msa,17820,,2024
"Columbia, MO Metro Area",72340,215014,33.5,132794,35599,17563,86393,51727,258700,17860,,msa,17860,,2024
"Columbia, SC Metro Area",68359,849181,37.6,567254,119264,58572,339601,235645,232400,17900,,msa,17900,,2024
"Columbus, GA-AL Metro Area",59336,325615,36.5,217837,36991,17674,127512,73765,197300,17980,,msa,17980,,2024
"Columbus, IN Metro Area",79901,83536,37.5,56413,11086,6676,33359,23123,232800,18020,,msa,18020,,2024
"Columbus, MS Micro Area",51117,67863,38.2,45253,7547,2965,26952,16979,150900,18060,,msa,18060,,2024
"Columbus, NE Micro Area",75378,45357,37.1,29087,4428,1371,17365,12607,210600,18100,,msa,18100,,2024
"Columbus, OH Metro Area",81945,2175788,36.7,1474109,363297,160697,864663,530433,300800,18140,,msa,18140,,2024
"Concord, NH Micro Area",97004,155967,42.9,113343,25766,13095,60901,44754,367600,18180,,msa,18180,,2024
"Connersville, IN Micro Area",59321,23334,44.0,16358,1935,620,9422,6792,130700,18220,,msa,18220,,2024
"Cookeville, TN Micro Area",55380,145812,39.7,99051,14382,5665,58693,40058,237000,18260,,msa,18260,,2024
"Coos Bay-North Bend, OR Micro Area",62143,64827,48.6,48972,6702,3115,28731,20445,337800,18300,,msa,18300,,2024
"Corbin, KY Micro Area",46363,149689,39.0,101698,9164,6183,56536,39443,134600,18340,,msa,18340,,2024
"Cordele, GA Micro Area",45105,19790,38.8,13454,1325,448,7908,4389,140200,18380,,msa,18380,,2024
"Corinth, MS Micro Area",51260,34289,40.0,23932,2920,1125,14456,9799,142100,18420,,msa,18420,,2024
"Cornelia, GA Micro Area",67309,47793,39.4,32671,4701,2401,16753,12197,238300,18460,,msa,18460,,2024
"Corning, NY Micro Area",65887,92588,43.0,65996,9084,6164,39219,28738,137900,18500,,msa,18500,,2024
"Corpus Christi, TX Metro Area",67453,448012,37.8,300255,46105,17073,168972,104791,210400,18580,,msa,18580,,2024
"Corsicana, TX Micro Area",63111,54711,36.7,34818,4337,1463,19044,13224,172600,18620,,msa,18620,,2024
"Cortland, NY Micro Area",70418,46246,37.0,29317,4495,3078,18999,12597,162100,18660,,msa,18660,,2024
"Corvallis, OR Metro Area",77702,96303,34.5,60295,16900,9362,38537,21945,513000,18700,,msa,18700,,2024
"Coshocton, OH Micro Area",55577,36744,41.3,25292,2872,1099,14786,10780,155500,18740,,msa,18740,,2024
"Crawfordsville, IN Micro Area",71479,38312,40.4,26104,3419,1506,15602,12524,171800,18820,,msa,18820,,2024
"Crescent City, CA Micro Area",67058,27107,39.9,19816,2660,1064,9522,6673,342000,18860,,msa,18860,,2024
"Crestview-Fort Walton Beach-Destin, FL Metro Area",81993,299547,39.3,209857,44852,21523,119773,85421,364100,18880,,msa,18880,,2024
"Crossville, TN Micro Area",60375,63553,53.5,49349,5748,2643,28195,22614,250500,18900,,msa,18900,,2024
"Cullman, AL Micro Area",62656,90566,40.8,63243,8261,3406,35347,27088,199100,18980,,msa,18980,,2024
"Cumberland, MD-WV Micro Area",62091,94306,42.1,67226,8010,5506,38502,28368,161600,19060,,msa,19060,,2024
"Dallas-Fort Worth-Arlington, TX Metro Area",90275,7985590,35.6,5250335,1310869,580197,2891725,1737920,359500,19100,,msa,19100,,2024
"Dalton, GA Metro Area",67846,144160,37.1,95354,10364,4573,52080,35936,208800,19140,,msa,19140,,2024
"Danville, IL Micro Area",56877,72386,41.3,49879,5690,3294,30084,21129,97200,19180,,msa,19180,,2024
"Danville, KY Micro Area",56921,55445,40.1,37690,4588,2769,21750,15602,173400,19220,,msa,19220,,2024
"Danville, VA Micro Area",49874,102070,45.0,73820,8315,3705,44086,28791,150900,19260,,msa,19260,,2024
"Daphne-Fairhope-Foley, AL Metro Area",78775,246989,43.9,177628,37938,15646,98574,76497,316900,19300,,msa,19300,,2024
"Davenport-Moline-Rock Island, IA-IL Metro Area",72738,381503,40.4,263369,49772,21987,161702,115884,174100,19340,,msa,19340,,2024
"Dayton-Kettering-Beavercreek, OH Metro Area",71739,816080,39.1,561089,105238,61224,344391,223806,201100,19430,,msa,19430,,2024
"Decatur, AL Metro Area",68116,157747,40.5,108806,15271,6310,62667,46773,202500,19460,,msa,19460,,2024
"Decatur, IL Metro Area",62666,101849,40.6,70226,11294,4605,43468,30493,127300,19500,,msa,19500,,2024
"Decatur, IN Micro Area",65289,36227,33.2,21694,2408,827,12401,10349,178400,19540,,msa,19540,,2024
"Defiance, OH Micro Area",73064,38343,41.1,26401,3314,1569,15327,12152,163200,19580,,msa,19580,,2024
"Del Rio, TX Micro Area",66100,47741,32.3,29064,3741,2234,16810,11608,164600,19620,,msa,19620,,2024
"Deltona-Daytona Beach-Ormond Beach, FL Metro Area",71277,706150,47.8,531074,99708,37797,294463,221898,324300,19660,,msa,19660,,2024
"Deming, NM Micro Area",36419,25611,36.3,16514,1574,646,9223,6537,128000,19700,,msa,19700,,2024
"Denver-Aurora-Centennial, CO Metro Area",105762,3002721,37.3,2129090,656454,291007,1221636,782513,603800,19740,,msa,19740,,2024
"DeRidder, LA Micro Area",65944,36676,37.2,24531,2842,1122,13747,11660,161700,19760,,msa,19760,,2024
"Des Moines-West Des Moines, IA Metro Area",85890,731120,36.8,489787,131138,45481,294814,204751,267400,19780,,msa,19780,,2024
"Detroit Lakes, MN Micro Area",71388,35343,43.5,24568,4677,1654,14410,11123,291000,19810,,msa,19810,,2024
"Detroit-Warren-Dearborn, MI Metro Area",76664,4376828,40.3,3077577,642231,323596,1768816,1259368,249700,19820,,msa,19820,,2024
"Dickinson, ND Micro Area",85938,38366,35.3,25140,5668,1226,15515,10526,272800,19860,,msa,19860,,2024
"Dixon, IL Micro Area",70292,33869,43.1,24965,3108,1136,13337,9821,154600,19940,,msa,19940,,2024
"Dodge City, KS Micro Area",70781,34074,32.3,20254,2750,1086,11796,7371,151100,19980,,msa,19980,,2024
"Dothan, AL Metro Area",57791,152674,41.3,106909,14449,6164,61011,41554,170700,20020,,msa,20020,,2024
"Douglas, GA Micro Area",48870,51684,36.0,34378,2497,1273,18571,11919,117300,20060,,msa,20060,,2024
"Dover, DE Metro Area",74477,187604,38.8,126457,20776,11406,71424,51808,316600,20100,,msa,20100,,2024
"Dublin, GA Micro Area",54207,58988,40.3,40359,3708,2460,21809,14392,136600,20140,,msa,20140,,2024
"DuBois, PA Micro Area",62152,78635,45.4,58829,8087,2841,32518,25534,137000,20180,,msa,20180,,2024
"Dubuque, IA Metro Area",77630,99030,39.1,67015,14589,6002,40989,30062,237300,20220,,msa,20220,,2024
"Duluth, MN-WI Metro Area",71769,280870,41.5,196545,40558,15100,120365,87067,222400,20260,,msa,20260,,2024
"Dumas, TX Micro Area",61762,21373,31.2,12720,1213,311,7157,4470,152600,20300,,msa,20300,,2024
"Duncan, OK Micro Area",61620,43551,41.0,30321,4092,1760,17567,13068,145300,20340,,msa,20340,,2024
"Durango, CO Micro Area",86056,56331,43.2,41347,12427,5384,24378,17292,591500,20420,,msa,20420,,2024
"Durant, OK Micro Area",57225,48253,37.0,32255,5789,2309,18397,11741,174900,20460,,msa,20460,,2024
"Durham-Chapel Hill, NC Metro Area",83500,601724,37.9,414288,111925,66090,248256,154335,396100,20500,,msa,20500,,2024
"Dyersburg, TN Micro Area",58154,36508,40.2,24967,3397,1133,14769,9136,166400,20540,,msa,20540,,2024
"Eagle Pass, TX Metro Area",49568,58082,30.3,33789,3375,796,18080,12751,158700,20580,,msa,20580,,2024
"Easton, MD Micro Area",84811,37917,51.2,28694,6966,3082,16433,12337,409700,20660,,msa,20660,,2024
"East Stroudsburg, PA Micro Area",83565,167515,44.1,120121,20388,10016,61212,49111,267600,20700,,msa,20700,,2024
"Eau Claire, WI Metro Area",74595,173915,38.2,116814,25322,8058,71865,47425,259900,20740,,msa,20740,,2024
"Edwards, CO Micro Area",104096,55135,39.7,40108,13475,5074,22058,14545,839500,20780,,msa,20780,,2024
"Effingham, IL Micro Area",79157,44856,40.7,31137,5260,1947,18128,14431,172400,20820,,msa,20820,,2024
"El Campo, TX Micro Area",66924,41794,38.1,27334,4280,1102,15890,11482,189900,20900,,msa,20900,,2024
"El Centro, CA Metro Area",57681,180202,33.2,111419,12870,3594,49644,28210,309600,20940,,msa,20940,,2024
"El Dorado, AR Micro Area",55259,37900,41.4,25911,3170,1416,15002,10905,120900,20980,,msa,20980,,2024
"Elizabeth City, NC Micro Area",66589,40834,39.6,28086,5226,1774,15785,10653,234600,21020,,msa,21020,,2024
"Elizabethtown, KY Metro Area",67534,127049,37.6,85479,12049,6753,50618,32681,218800,21060,,msa,21060,,2024
"Elk City, OK Micro Area",53328,22148,37.1,15287,1446,475,8188,5554,143500,21120,,msa,21120,,2024
"Elkhart-Goshen, IN Metro Area",68561,207132,35.6,131311,16780,7192,72309,51749,210400,21140,,msa,21140,,2024
"Elkins, WV Micro Area",52757,27576,44.4,20279,2835,867,10678,8007,144800,21180,,msa,21180,,2024
"Elko, NV Micro Area",85882,55632,36.1,36317,4236,1628,20249,14520,297500,21220,,msa,21220,,2024
"Ellensburg, WA Micro Area",73804,47172,35.8,29857,6896,2953,19993,12294,497400,21260,,msa,21260,,2024
"Elmira, NY Metro Area",63716,82147,42.0,58412,8865,5700,35262,24132,141100,21300,,msa,21300,,2024
"El Paso, TX Metro Area",59751,874182,33.6,551308,95779,34843,300479,193076,180200,21340,,msa,21340,,2024
"Emporia, KS Micro Area",59354,34747,34.2,21504,3441,1832,14628,8642,146700,21380,,msa,21380,,2024
"Enid, OK Metro Area",66182,62146,36.0,40402,6581,2280,23893,15762,160100,21420,,msa,21420,,2024
"Enterprise, AL Micro Area",68353,54920,39.0,37306,4609,2855,20984,15163,188600,21460,,msa,21460,,2024
"Erie, PA Metro Area",63354,269052,40.2,186383,34731,15902,110587,75276,177000,21500,,msa,21500,,2024
"Escanaba, MI Micro Area",57809,36813,48.0,27317,4082,1170,15971,13098,157100,21540,,msa,21540,,2024
"Española, NM Micro Area",57155,40070,42.0,27797,2903,2039,15647,12517,243700,21580,,msa,21580,,2024
"Eufaula, AL-GA Micro Area",44925,26907,41.8,19286,1276,558,10195,7128,111300,21640,,msa,21640,,2024
"Eugene-Springfield, OR Metro Area",71544,384207,40.3,267847,53761,25455,160445,95774,430600,21660,,msa,21660,,2024
"Eureka-Arcata, CA Micro Area",61160,134541,39.9,93031,19767,7314,54922,31053,446900,21700,,msa,21700,,2024
"Evanston, WY-UT Micro Area",82471,23275,37.3,15192,2491,596,8639,6693,293800,21740,,msa,21740,,2024
"Evansville, IN Metro Area",68232,270494,39.7,186990,35147,15122,113966,80308,204000,21780,,msa,21780,,2024
"Fairbanks-College, AK Metro Area",88267,95460,32.5,61502,12423,5756,36359,22424,298200,21820,,msa,21820,,2024
"Fairmont, MN Micro Area",59507,19780,43.9,14004,2288,701,8839,6090,163500,21860,,msa,21860,,2024
"Fairmont, WV Micro Area",67370,55909,40.3,38741,6684,3080,23339,17897,166700,21900,,msa,21900,,2024
"Fallon, NV Micro Area",79163,25805,40.4,17797,2302,523,9516,6650,329900,21980,,msa,21980,,2024
"Fargo, ND-MN Metro Area",76756,259459,33.0,162617,45733,15057,110387,61047,289100,22020,,msa,22020,,2024
"Faribault-Northfield, MN Micro Area",83181,67917,37.1,43777,8039,3615,23493,17918,320200,22060,,msa,22060,,2024
"Farmington, MO Micro Area",57477,66999,39.5,47231,5201,2169,24816,16925,169300,22100,,msa,22100,,2024
"Farmington, NM Metro Area",55872,120942,38.3,80496,9172,4119,41732,29713,193800,22140,,msa,22140,,2024
"Fayetteville, NC Metro Area",61763,392380,32.3,245811,42969,18751,149016,85381,202700,22180,,msa,22180,,2024
"Fayetteville, TN Micro Area",64667,35946,42.9,25171,3301,1465,14849,11259,229700,22190,,msa,22190,,2024
"Fayetteville-Springdale-Rogers, AR Metro Area",81650,577726,34.7,371795,83272,37860,215566,134192,307200,22220,,msa,22220,,2024
"Fergus Falls, MN Micro Area",72255,60475,46.2,43482,8245,2805,25157,19996,273000,22260,,msa,22260,,2024
"Findlay, OH Micro Area",73141,74866,39.5,51458,9694,4701,31615,22380,204700,22300,,msa,22300,,2024
"Fitzgerald, GA Micro Area",41758,17089,38.7,11647,1049,372,7082,4481,112700,22340,,msa,22340,,2024
"Flagstaff, AZ Metro Area",72966,144508,32.8,88196,20755,10273,55118,32909,448000,22380,,msa,22380,,2024
"Flint, MI Metro Area",62281,403305,40.6,280648,42902,16990,167334,118363,182400,22420,,msa,22420,,2024
"Florence, SC Metro Area",54443,199675,39.8,136043,18562,9456,78417,52218,170800,22500,,msa,22500,,2024
"Florence-Muscle Shoals, AL Metro Area",61891,153852,41.6,106761,17781,7463,63559,44370,187400,22520,,msa,22520,,2024
"Fond du Lac, WI Metro Area",74275,104137,41.9,73265,11165,3946,43243,30579,222800,22540,,msa,22540,,2024
"Forest City, NC Micro Area",51410,64930,45.3,47251,6267,2996,26642,19684,201800,22580,,msa,22580,,2024
"Forrest City, AR Micro Area",42574,22400,40.1,15925,1321,811,7783,4319,90900,22620,,msa,22620,,2024
"Fort Collins-Loveland, CO Metro Area",93765,367368,36.8,247787,77866,37343,154232,98737,569100,22660,,msa,22660,,2024
"Fort Dodge, IA Micro Area",68975,36886,39.7,24781,4009,960,15375,10815,153800,22700,,msa,22700,,2024
"Fort Leonard Wood, MO Micro Area",64466,53894,27.8,29551,5126,1923,16851,10306,189800,22780,,msa,22780,,2024
"Fort Madison, IA Micro Area",62382,32893,43.6,23621,3576,1132,14323,10934,141400,22800,,msa,22800,,2024
"Fort Morgan, CO Micro Area",73278,29520,37.5,19651,2243,952,11069,7453,338600,22820,,msa,22820,,2024
"Fort Payne, AL Micro Area",51204,72269,39.5,48738,4315,1941,26181,20490,152700,22840,,msa,22840,,2024
"Fort Smith, AR-OK Metro Area",58468,229899,38.7,155551,20928,8040,90992,60605,171200,22900,,msa,22900,,2024
"Fort Wayne, IN Metro Area",71213,455416,36.8,300883,61065,22341,182145,128037,214100,23060,,msa,23060,,2024
"Frankfort, IN Micro Area",65019,32944,36.7,21285,2409,978,12496,9271,164100,23140,,msa,23140,,2024
"Frankfort, KY Micro Area",68568,76195,41.2,53420,9802,4628,32371,22138,219900,23180,,msa,23180,,2024
"Franklin, KY Micro Area",59858,19972,38.8,13641,1464,1022,8025,5351,229400,23190,,msa,23190,,2024
"Fredericksburg, TX Micro Area",76162,27524,50.7,20683,4811,1976,11513,8624,460700,23240,,msa,23240,,2024
"Freeport, IL Micro Area",64043,43768,45.3,31205,4284,1785,19358,13726,134900,23300,,msa,23300,,2024
"Fremont, NE Micro Area",74329,37351,39.3,24706,3726,1272,15168,10150,208600,23340,,msa,23340,,2024
"Fremont, OH Micro Area",62295,58778,42.5,41683,5369,1935,24686,18122,160700,23380,,msa,23380,,2024
"Fresno, CA Metro Area",74468,1177665,33.7,737665,112744,40620,370081,210984,389400,23420,,msa,23420,,2024
"Gadsden, AL Metro Area",54563,103105,41.7,72481,8093,3277,39411,29128,167100,23460,,msa,23460,,2024
"Gaffney, SC Micro Area",50288,56647,40.4,38809,4403,2191,22063,16290,142000,23500,,msa,23500,,2024
"Gainesville, FL Metro Area",61468,349923,34.5,221466,45693,27149,142499,84433,266200,23540,,msa,23540,,2024
"Gainesville, GA Metro Area",80901,212705,38.4,142481,23746,9417,73551,50421,350400,23580,,msa,23580,,2024
"Gainesville, TX Micro Area",73932,43046,40.5,29120,4539,1849,16528,11873,240400,23620,,msa,23620,,2024
"Galesburg, IL Micro Area",57030,49046,42.6,34285,4646,1948,20972,14852,111900,23660,,msa,23660,,2024
"Gallipolis, OH Micro Area",56830,29068,41.4,19843,2265,1408,11614,8672,155600,23680,,msa,23680,,2024
"Gallup, NM Micro Area",47668,70431,34.6,45002,3610,1795,21353,14900,78700,23700,,msa,23700,,2024
"Garden City, KS Micro Area",73009,38084,31.9,22709,2953,1106,13229,8589,201400,23780,,msa,23780,,2024
"Gardnerville Ranchos, NV-CA Micro Area",91077,51239,54.6,40723,8588,3125,21760,17151,614900,23820,,msa,23820,,2024
"Gettysburg, PA Metro Area",84092,106115,43.7,74849,11143,6388,40841,32214,268500,23900,,msa,23900,,2024
"Gillette, WY Micro Area",89869,47240,36.3,31127,4489,2388,17988,13971,279100,23940,,msa,23940,,2024
"Glasgow, KY Micro Area",50729,55363,40.3,38281,4130,1892,22117,14928,165700,23980,,msa,23980,,2024
"Glens Falls, NY Metro Area",75836,126039,46.1,95013,15933,9201,54602,40486,232500,24020,,msa,24020,,2024
"Gloversville, NY Micro Area",66533,52487,44.1,38073,5013,2460,22866,16320,163100,24100,,msa,24100,,2024
"Goldsboro, NC Metro Area",59733,118652,37.3,79122,11999,4201,47507,29195,178700,24140,,msa,24140,,2024
"Granbury, TX Micro Area",88160,65894,45.9,48057,10932,3804,25523,20716,306400,24180,,msa,24180,,2024
"Grand Forks, ND-MN Metro Area",69836,103628,33.5,64281,14672,5039,43655,25014,242500,24220,,msa,24220,,2024
"Grand Island, NE Metro Area",69704,76794,37.0,50061,6885,3020,30296,19832,218400,24260,,msa,24260,,2024
"Grand Junction, CO Metro Area",73658,158601,41.3,112574,24378,8146,65830,47707,378600,24300,,msa,24300,,2024
"Grand Rapids, MN Micro Area",68603,45275,46.9,33202,5504,2411,18541,15396,225200,24330,,msa,24330,,2024
"Grand Rapids-Wyoming-Kentwood, MI Metro Area",82874,1162152,36.8,778630,184499,74909,440316,328536,285300,24340,,msa,24340,,2024
"Grants Pass, OR Metro Area",60098,88179,47.3,65847,8234,3519,36715,26333,404300,24420,,msa,24420,,2024
"Great Bend, KS Micro Area",58851,25097,38.8,17024,2660,772,10380,6764,126400,24460,,msa,24460,,2024
"Great Falls, MT Metro Area",67690,84606,38.6,58253,10460,4490,35615,24408,265300,24500,,msa,24500,,2024
"Greeley, CO Metro Area",97097,350396,35.3,230156,48843,20999,124287,94490,471700,24540,,msa,24540,,2024
"Green Bay, WI Metro Area",79267,331145,39.5,227879,48869,16355,136101,94726,257300,24580,,msa,24580,,2024
"Greencastle, IN Micro Area",78378,37280,38.4,25447,3487,1188,14142,10663,218900,24600,,msa,24600,,2024
"Greeneville, TN Micro Area",56194,71628,44.7,51956,6042,2681,28400,21899,207500,24620,,msa,24620,,2024
"Greenfield, MA Micro Area",74907,70944,47.2,54405,12024,7152,31570,22143,329000,24640,,msa,24640,,2024
"Greensboro-High Point, NC Metro Area",65565,786419,38.9,531868,108691,46144,317045,202128,231000,24660,,msa,24660,,2024
"Greensburg, IN Micro Area",69783,26422,39.8,18116,2658,798,10712,8151,199100,24700,,msa,24700,,2024
"Greenville, MS Micro Area",42165,42765,38.0,28207,3659,1874,17113,10301,104000,24740,,msa,24740,,2024
"Greenville, NC Metro Area",58188,177193,33.0,107483,21029,10438,74533,38344,208900,24780,,msa,24780,,2024
"Greenville, OH Micro Area",64486,51594,41.8,35460,3936,1513,21297,15413,173200,24820,,msa,24820,,2024
"Greenville-Anderson-Greer, SC Metro Area",71240,961939,38.8,654478,141560,60181,383842,271252,264600,24860,,msa,24860,,2024
"Greenwood, MS Micro Area",39534,36827,38.3,24530,3159,1581,14461,8914,103600,24900,,msa,24900,,2024
"Greenwood, SC Micro Area",52860,93909,40.9,64351,9560,4181,37646,26313,180100,24940,,msa,24940,,2024
"Grenada, MS Micro Area",46897,30819,39.9,21079,2566,1449,12601,8771,129600,24980,,msa,24980,,2024
"Guayama, PR Metro Area",21186,66202,43.9,49119,8349,2753,28965,20370,98900,25020,,msa,25020,,2024
"Gulfport-Biloxi, MS Metro Area",62418,421201,39.8,289753,48309,21390,167947,115159,205000,25060,,msa,25060,,2024
"Guymon, OK Micro Area",60069,20774,33.0,12592,1814,768,6824,4532,163500,25100,,msa,25100,,2024
"Hagerstown-Martinsburg, MD-WV Metro Area",78802,302649,40.2,212544,31402,16080,118181,84893,278100,25180,,msa,25180,,2024
"Hailey, ID Micro Area",88522,31433,44.0,22564,6811,1939,12631,9412,607600,25200,,msa,25200,,2024
"Hammond, LA Metro Area",56760,136738,35.9,89724,12746,4460,51999,36540,212900,25220,,msa,25220,,2024
"Hanford-Corcoran, CA Metro Area",70995,153298,32.5,96271,8974,3118,44052,23870,324300,25260,,msa,25260,,2024
"Hannibal, MO Micro Area",63545,38885,40.8,26648,3606,1907,15293,11242,163800,25300,,msa,25300,,2024
"Harrisburg-Carlisle, PA Metro Area",80919,604155,40.1,421449,92660,41606,246084,167452,253100,25420,,msa,25420,,2024
"Harrison, AR Micro Area",54384,45250,42.7,31899,3604,1474,18542,13311,185000,25460,,msa,25460,,2024
"Harrisonburg, VA Metro Area",75065,136992,34.9,84506,15007,8131,50046,31459,309300,25500,,msa,25500,,2024
"Hartford-West Hartford-East Hartford, CT Metro Area",95118,1153112,40.8,812615,191923,114907,465181,313190,333500,25540,,msa,25540,,2024
"Hastings, NE Micro Area",69510,40507,39.2,26898,4552,1876,17059,12363,175200,25580,,msa,25580,,2024
"Hattiesburg, MS Metro Area",60285,155434,35.5,99734,18346,8814,60155,38660,191200,25620,,msa,25620,,2024
"Hays, KS Micro Area",63084,28920,33.2,17374,4266,1568,12251,7742,216300,25700,,msa,25700,,2024
"Heber, UT Micro Area",127160,79612,39.2,52275,18310,7678,28610,22959,893100,25720,,msa,25720,,2024
"Helena, MT Metro Area",78528,93906,42.6,67569,18017,6345,39033,28562,401200,25740,,msa,25740,,2024
"Hemlock Farms, PA Micro Area",81323,60621,49.4,46149,8191,4609,24262,21116,272600,25770,,msa,25770,,2024
"Henderson, KY Micro Area",59053,57122,40.7,39721,4867,1974,23445,15647,161700,25775,,msa,25775,,2024
"Henderson, NC Micro Area",50465,42322,39.9,28532,3529,1042,16147,9712,161500,25780,,msa,25780,,2024
"Hereford, TX Micro Area",60799,18460,31.3,10722,886,203,6051,4043,121300,25820,,msa,25820,,2024
"Hermiston-Pendleton, OR Micro Area",68427,92240,36.8,61014,6865,2930,33033,22600,275100,25840,,msa,25840,,2024
"Hermitage, PA Micro Area",59976,109257,45.1,78478,13359,5218,46524,33679,164000,25850,,msa,25850,,2024
"Hickory-Lenoir-Morganton, NC Metro Area",62787,368316,43.5,264723,40388,14071,149578,110454,215600,25860,,msa,25860,,2024
"Hillsdale, MI Micro Area",64242,45654,43.1,31627,4122,1910,17860,14647,176100,25880,,msa,25880,,2024
"Hilo-Kailua, HI Micro Area",78639,205769,44.3,149578,28558,11852,74072,54795,519300,25900,,msa,25900,,2024
"Hilton Head Island-Bluffton-Port Royal, SC Metro Area",83304,227455,47.7,166140,42503,21235,95451,72649,439500,25940,,msa,25940,,2024
"Hinesville, GA Metro Area",61709,85771,29.7,50799,6501,2271,30160,16223,204500,25980,,msa,25980,,2024
"Hobbs, NM Micro Area",68015,73733,32.5,44215,3619,2823,24670,17559,184000,26020,,msa,26020,,2024
"Holland, MI Micro Area",83283,121456,41.0,84097,15195,5908,45522,39772,267100,26090,,msa,26090,,2024
"Homosassa Springs, FL Metro Area",56546,162472,56.9,129981,17051,6787,71291,60758,245500,26140,,msa,26140,,2024
"Hood River, OR Micro Area",88947,23905,40.7,16924,4126,1806,8939,6203,660000,26220,,msa,26220,,2024
"Hot Springs, AR Metro Area",57181,100035,45.5,73124,11844,5015,43667,30296,194300,26300,,msa,26300,,2024
"Houghton, MI Micro Area",58128,39826,33.5,23690,4934,2556,15440,11300,160800,26340,,msa,26340,,2024
"Houma-Bayou Cane-Thibodaux, LA Metro Area",64038,202438,38.8,136821,18030,6252,79889,61898,189700,26380,,msa,26380,,2024
"Houston-Pasadena-The Woodlands, TX Metro Area",82168,7442788,35.4,4837926,1080098,465149,2661739,1630188,298000,26420,,msa,26420,,2024
"Hudson, NY Micro Area",81528,61100,49.8,47481,9073,6830,26627,20315,347100,26460,,msa,26460,,2024
"Huntingdon, PA Micro Area",65557,43653,44.0,31749,3917,1580,16341,12942,183200,26500,,msa,26500,,2024
"Huntington, IN Micro Area",66301,36798,40.4,25406,3541,1316,15403,11920,161600,26540,,msa,26540,,2024
"Huntington-Ashland, WV-KY-OH Metro Area",60078,370729,41.9,259495,35284,18175,152165,111969,154700,26580,,msa,26580,,2024
"Huntsville, AL Metro Area",85989,516951,38.8,357065,91131,48806,205984,144511,295200,26620,,msa,26620,,2024
"Huntsville, TX Micro Area",52324,80209,37.6,53973,7856,2923,26017,14694,226900,26660,,msa,26660,,2024
"Huron, SD Micro Area",67681,19309,37.6,12450,2361,750,7536,5494,175100,26700,,msa,26700,,2024
"Hutchinson, KS Micro Area",60645,61553,40.9,42501,5762,2342,25592,17708,132500,26740,,msa,26740,,2024
"Hutchinson, MN Micro Area",80084,36798,41.6,25777,3568,1171,15215,11781,246100,26780,,msa,26780,,2024
"Idaho Falls, ID Metro Area",80291,165361,33.5,101410,22311,6939,55456,40997,372100,26820,,msa,26820,,2024
"Indiana, PA Micro Area",60208,83042,40.0,54359,8550,4475,32487,23435,152800,26860,,msa,26860,,2024
"Indianapolis-Carmel-Greenwood, IN Metro Area",79852,2130055,36.9,1426691,347581,144257,842765,563165,265900,26900,,msa,26900,,2024
"Iowa City, IA Metro Area",75088,179200,32.1,109224,31789,14007,72313,44246,293600,26980,,msa,26980,,2024
"Iron Mountain, MI-WI Micro Area",64552,30600,48.1,22802,4055,1287,14102,11801,157300,27020,,msa,27020,,2024
"Ithaca, NY Metro Area",74024,104537,32.3,61195,14652,11743,43263,23422,290900,27060,,msa,27060,,2024
"Jackson, MI Metro Area",66073,160060,41.5,112708,17538,7062,62540,46927,193700,27100,,msa,27100,,2024
"Jackson, MS Metro Area",61644,611324,38.4,411711,79590,35496,237841,160548,200500,27140,,msa,27140,,2024
"Jackson, TN Metro Area",61177,181719,38.8,122650,17545,8283,72451,47706,185300,27180,,msa,27180,,2024
"Jackson, WY-ID Micro Area",118796,35821,40.0,26847,10008,3725,14507,9515,1075500,27220,,msa,27220,,2024
"Jacksonville, FL Metro Area",79643,1683960,39.3,1175272,280172,107327,663101,440778,343400,27260,,msa,27260,,2024
"Jacksonville, IL Micro Area",66353,37958,41.9,26441,4168,1212,15122,11129,125500,27300,,msa,27300,,2024
"Jacksonville, NC Metro Area",68148,207906,27.7,114320,19336,8096,75265,47971,236400,27340,,msa,27340,,2024
"Jacksonville, TX Micro Area",61261,51886,38.2,34679,4377,1745,18185,13453,169300,27380,,msa,27380,,2024
"Jamestown, ND Micro Area",61856,21549,41.1,15068,2856,792,9437,5951,208400,27420,,msa,27420,,2024
"Jamestown-Dunkirk, NY Micro Area",58351,125544,42.9,88242,12193,7940,53393,36762,127900,27460,,msa,27460,,2024
"Janesville-Beloit, WI Metro Area",75673,164350,40.3,113735,20122,7103,67201,47819,231600,27500,,msa,27500,,2024
"Jasper, IN Micro Area",75979,43614,40.3,29878,5532,1621,17574,13131,230100,27540,,msa,27540,,2024
"Jefferson, GA Micro Area",89544,84757,38.1,57117,10472,3956,28402,22532,345000,27600,,msa,27600,,2024
"Jefferson City, MO Metro Area",74030,150437,39.8,103676,20970,8423,58587,42282,217500,27620,,msa,27620,,2024
"Jesup, GA Micro Area",53427,30949,38.3,20890,2098,837,11061,7447,162800,27700,,msa,27700,,2024
"Johnson City, TN Metro Area",57762,210729,42.1,149695,26092,11994,88979,60684,219200,27740,,msa,27740,,2024
"Johnstown, PA Metro Area",58418,131538,45.6,94666,14824,5842,55973,42745,121000,27780,,msa,27780,,2024
"Jonesboro, AR Metro Area",56738,135792,35.3,87937,14181,6274,53229,32378,192200,27860,,msa,27860,,2024
"Joplin, MO-KS Metro Area",61901,203626,38.3,135978,22260,7667,79505,53992,165500,27900,,msa,27900,,2024
"Juneau, AK Micro Area",101661,31794,40.0,22748,5840,2397,13167,8375,449300,27940,,msa,27940,,2024
"Kahului-Wailuku, HI Metro Area",97109,164589,43.2,119223,24587,8303,55881,36638,904700,27980,,msa,27980,,2024
"Kalamazoo-Portage, MI Metro Area",72532,262375,35.0,167183,41575,19833,107110,69106,241800,28020,,msa,28020,,2024
"Kalispell, MT Micro Area",73925,110695,42.2,79424,19190,7173,44233,32008,535500,28060,,msa,28060,,2024
"Kankakee, IL Metro Area",71281,106635,39.0,71873,9385,4388,40996,28641,192600,28100,,msa,28100,,2024
"Kansas City, MO-KS Metro Area",83460,2218142,38.0,1512611,372319,170327,895368,589480,287300,28140,,msa,28140,,2024
"Kapaa, HI Micro Area",97668,73731,43.1,53395,10531,3810,23632,16210,873200,28180,,msa,28180,,2024
"Kearney, NE Micro Area",76109,57292,35.9,36370,8567,2638,22798,15449,242600,28260,,msa,28260,,2024
"Keene, NH Micro Area",83329,77297,43.6,55786,12022,6060,30620,22264,280100,28300,,msa,28300,,2024
"Kendallville, IN Micro Area",71723,47495,39.4,32067,3877,1719,18179,14025,196800,28340,,msa,28340,,2024
"Kennett, MO Micro Area",47849,27493,39.7,18193,1281,904,11257,7011,97600,28380,,msa,28380,,2024
"Kennewick-Richland, WA Metro Area",89010,311807,34.6,197207,36025,16302,107936,73988,397900,28420,,msa,28420,,2024
"Kenosha, WI Metro Area",81239,168438,39.4,115540,23543,9404,68904,45963,265500,28450,,msa,28450,,2024
"Kerrville, TX Micro Area",69395,53489,48.8,39521,7540,3309,22615,15863,321200,28500,,msa,28500,,2024
"Ketchikan, AK Micro Area",92885,13768,41.0,9970,1782,691,5732,3933,393300,28540,,msa,28540,,2024
"Key West-Key Largo, FL Micro Area",87738,81860,49.2,64618,15099,6836,34405,22636,780600,28580,,msa,28580,,2024
"Kill Devil Hills, NC Micro Area",88994,37875,49.0,28880,8675,2897,16836,13202,460400,28620,,msa,28620,,2024
"Killeen-Temple, TX Metro Area",69923,494360,32.8,309958,53191,20002,177681,102945,234500,28660,,msa,28660,,2024
"Kingsland, GA Micro Area",74378,56970,34.7,37101,5728,2574,21693,14706,261400,28680,,msa,28680,,2024
"Kingsport-Bristol, TN-VA Metro Area",57792,310842,45.7,229428,35926,13897,130939,96974,198400,28700,,msa,28700,,2024
"Kingston, NY Metro Area",86271,182601,44.1,134979,27981,18070,74278,51924,352500,28740,,msa,28740,,2024
"Kingsville, TX Micro Area",61292,30579,29.0,17099,2518,1171,11853,6225,161300,28780,,msa,28780,,2024
"Kinston, NC Micro Area",45143,54919,41.9,38187,3987,1820,23351,13826,120500,28820,,msa,28820,,2024
"Kirksville, MO Micro Area",61485,29339,31.5,16758,2520,1613,10433,6613,162200,28860,,msa,28860,,2024
"Kiryas Joel-Poughkeepsie-Newburgh, NY Metro Area",98233,704836,39.4,473803,95998,59515,254883,174449,393600,28880,,msa,28880,,2024
"Klamath Falls, OR Micro Area",58830,70247,41.3,49500,7087,2883,28999,20130,280400,28900,,msa,28900,,2024
"Knoxville, TN Metro Area",72422,932241,40.6,651780,129474,57335,378234,266262,290200,28940,,msa,28940,,2024
"Kokomo, IN Metro Area",64027,83752,40.7,58020,8024,3229,35593,25119,165000,29020,,msa,29020,,2024
"Laconia, NH Micro Area",92783,64659,48.4,49359,10105,5264,26337,21097,374900,29060,,msa,29060,,2024
"La Crosse-Onalaska, WI-MN Metro Area",73340,170190,39.3,113089,23796,9968,72055,48767,247400,29100,,msa,29100,,2024
"Lafayette, LA Metro Area",60892,413428,37.3,278503,53669,15223,164378,112095,214400,29180,,msa,29180,,2024
"Lafayette-West Lafayette, IN Metro Area",62011,226805,30.8,132233,27757,12943,90706,52637,226100,29200,,msa,29200,,2024
"La Grande, OR Micro Area",65661,26144,40.0,17593,3023,1072,10900,7141,294600,29260,,msa,29260,,2024
"LaGrange, GA-AL Micro Area",54888,104522,38.6,71430,8747,4144,40338,25941,182600,29300,,msa,29300,,2024
"Lake Charles, LA Metro Area",66700,244027,37.6,163269,25044,9144,92043,67963,207800,29340,,msa,29340,,2024
"Lake City, FL Micro Area",59205,71789,40.7,50225,5772,2126,27430,19886,194900,29380,,msa,29380,,2024
"Lake Havasu City-Kingman, AZ Metro Area",57684,220517,53.6,172400,16295,7148,101973,75535,281000,29420,,msa,29420,,2024
"Lakeland-Winter Haven, FL Metro Area",65978,790694,39.5,548366,86729,31509,289425,203945,266500,29460,,msa,29460,,2024
"Lake of the Woods, VA Micro Area",94008,37822,42.1,27059,5069,2422,14856,11688,364200,29470,,msa,29470,,2024
"Lancaster, PA Metro Area",86959,557931,39.4,380042,78303,33312,212748,148550,301100,29540,,msa,29540,,2024
"Lansing-East Lansing, MI Metro Area",72550,472669,36.5,310203,68822,31211,194163,129326,216700,29620,,msa,29620,,2024
"Laramie, WY Micro Area",61917,38249,28.6,21635,5920,3676,17083,8546,333000,29660,,msa,29660,,2024
"Laredo, TX Metro Area",63058,269294,30.0,154265,23302,7324,81373,52630,189900,29700,,msa,29700,,2024
"Lares, PR Micro Area",18917,27855,45.5,21176,3364,986,10770,6787,105100,29720,,msa,29720,,2024
"Las Cruces, NM Metro Area",56848,224266,34.3,140141,25007,14216,84889,55574,220800,29740,,msa,29740,,2024
"Las Vegas, NM Micro Area",50585,30999,48.0,23267,3450,2493,13899,10425,177900,29780,,msa,29780,,2024
"Las Vegas-Henderson-North Las Vegas, NV Metro Area",76472,2329548,38.5,1625416,297729,107764,862518,498384,431000,29820,,msa,29820,,2024
"Laurel, MS Micro Area",51236,82531,38.6,54628,6465,2742,31604,24203,132900,29860,,msa,29860,,2024
"Laurinburg, NC Micro Area",45730,33590,38.7,22661,2278,1133,12580,7773,114900,29900,,msa,29900,,2024
"Lawrence, KS Metro Area",69746,120302,31.6,71726,20569,11908,50406,25246,309400,29940,,msa,29940,,2024
"Lawrenceburg, TN Micro Area",54706,45385,39.3,30553,2830,1420,16991,13177,194400,29980,,msa,29980,,2024
"Lawton, OK Metro Area",60665,127310,34.4,82634,13179,5197,46938,26603,161000,30020,,msa,30020,,2024
"Lebanon, MO Micro Area",53282,36390,39.2,24689,2595,1177,14558,9930,168400,30060,,msa,30060,,2024
"Lebanon, PA Metro Area",78425,144186,41.1,99692,14856,7144,56712,40419,242000,30140,,msa,30140,,2024
"Lebanon-Claremont, NH-VT Micro Area",83269,223586,46.1,165828,36502,21086,91760,68526,301900,30150,,msa,30150,,2024
"Le Mars, IA Micro Area",83251,25747,41.3,17506,2919,615,10313,7591,228900,30180,,msa,30180,,2024
"Lewisburg, PA Micro Area",76404,42456,41.0,29150,4220,2156,14546,10520,240100,30260,,msa,30260,,2024
"Lewisburg, TN Micro Area",71049,36049,39.5,24613,4109,1267,13622,10463,279800,30280,,msa,30280,,2024
"Lewiston, ID-WA Metro Area",72475,65164,42.8,46385,8071,2584,26760,19114,331900,30300,,msa,30300,,2024
"Lewiston-Auburn, ME Metro Area",67873,113423,40.5,78846,12701,4566,46953,31865,252800,30340,,msa,30340,,2024
"Lewistown, PA Micro Area",63953,46041,43.4,32414,3043,1385,18510,13166,156700,30380,,msa,30380,,2024
"Lexington, NE Micro Area",70652,26242,36.4,16958,2328,503,9981,6745,169200,30420,,msa,30420,,2024
"Lexington-Fayette, KY Metro Area",71966,522560,36.7,346634,83637,40344,216273,128234,281300,30460,,msa,30460,,2024
"Lexington Park, MD Metro Area",126256,209439,38.6,142853,29042,19320,75901,60232,434100,30500,,msa,30500,,2024
"Liberal, KS Micro Area",63827,21486,31.0,12602,1018,334,7257,4485,136500,30580,,msa,30580,,2024
"Lima, OH Metro Area",64038,101348,39.7,68305,8371,3796,41295,27952,165300,30620,,msa,30620,,2024
"Lincoln, IL Micro Area",66358,27713,41.1,19810,2749,1011,11266,7716,134400,30660,,msa,30660,,2024
"Lincoln, NE Metro Area",75049,344337,34.5,216747,56919,22658,140914,83953,273500,30700,,msa,30700,,2024
"Little Rock-North Little Rock-Conway, AR Metro Area",67154,758629,37.6,510660,106281,45436,311547,198580,214100,30780,,msa,30780,,2024
"Lock Haven, PA Micro Area",60816,37798,39.8,25078,3396,1422,15424,11152,175900,30820,,msa,30820,,2024
"Logan, UT-ID Metro Area",81126,155102,26.8,82037,21156,8824,49371,32142,436800,30860,,msa,30860,,2024
"Logansport, IN Micro Area",56403,37680,41.8,26031,2704,1298,15037,11167,133800,30900,,msa,30900,,2024
"Longview, TX Metro Area",66647,291044,38.1,192932,27747,10156,108174,76114,184400,30980,,msa,30980,,2024
"Longview-Kelso, WA Metro Area",76531,112360,41.5,78946,9404,3630,43943,29876,397500,31020,,msa,31020,,2024
"Los Alamos, NM Micro Area",147139,19435,39.3,14040,3590,3247,8247,6171,495800,31060,,msa,31060,,2024
"Los Angeles-Long Beach-Anaheim, CA Metro Area",95958,12974487,38.5,9135404,2205213,855674,4499409,2178642,871300,31080,,msa,31080,,2024
"Louisville/Jefferson County, KY-IN Metro Area",73863,1372558,39.4,954675,188635,91779,558306,384757,248700,31140,,msa,31140,,2024
"Lubbock, TX Metro Area",63629,358708,32.4,217500,41806,17975,140553,80347,202700,31180,,msa,31180,,2024
"Ludington, MI Micro Area",64748,29207,47.3,21582,3527,1700,12801,10025,219600,31220,,msa,31220,,2024
"Lufkin, TX Micro Area",60960,87275,37.8,57523,6488,3173,32271,20650,163500,31260,,msa,31260,,2024
"Lumberton, NC Micro Area",41978,116902,36.4,74911,7187,3125,43134,28399,94500,31300,,msa,31300,,2024
"Lynchburg, VA Metro Area",68996,263798,40.0,178570,34863,15458,103401,74033,239700,31340,,msa,31340,,2024
"Macomb, IL Micro Area",52795,26920,34.9,16476,2660,1744,11856,7523,107500,31380,,msa,31380,,2024
"Macon-Bibb County, GA Metro Area",59526,234943,38.6,158773,20658,11863,88590,54816,188300,31420,,msa,31420,,2024
"Madison, IN Micro Area",64577,32998,41.8,23212,2551,1574,12790,9188,194600,31500,,msa,31500,,2024
"Madison, WI Metro Area",88804,691830,37.0,467729,142503,60620,301580,181998,372400,31540,,msa,31540,,2024
"Madisonville, KY Micro Area",56815,45119,41.3,31383,2964,1709,18397,13009,142800,31580,,msa,31580,,2024
"Magnolia, AR Micro Area",55334,22349,34.2,13977,2026,883,8409,5948,152100,31620,,msa,31620,,2024
"Malvern, AR Micro Area",55405,33180,43.1,24053,2613,1393,12310,9414,151100,31680,,msa,31680,,2024
"Manchester-Nashua, NH Metro Area",103545,426378,41.0,307804,78243,39666,168740,113710,421100,31700,,msa,31700,,2024
"Manhattan, KS Metro Area",65469,133965,27.3,73359,17470,7923,51234,26637,223700,31740,,msa,31740,,2024
"Manitowoc, WI Micro Area",69148,81406,45.1,59083,9490,2989,35188,27129,186900,31820,,msa,31820,,2024
"Mankato, MN Metro Area",75808,104282,34.0,63208,14866,4564,40608,26328,268100,31860,,msa,31860,,2024
"Mansfield, OH Metro Area",59509,125099,40.9,87570,10053,4333,50111,34036,164800,31900,,msa,31900,,2024
"Marietta, OH Micro Area",63603,58978,44.0,42289,5750,2441,24779,18680,185600,31930,,msa,31930,,2024
"Marinette, WI-MI Micro Area",61417,65293,49.0,48977,6711,2263,29412,23911,156600,31940,,msa,31940,,2024
"Marion, IN Micro Area",53522,66295,38.7,43823,5417,2845,26773,19470,122300,31980,,msa,31980,,2024
"Marion, NC Micro Area",57168,44817,44.3,32913,4079,1452,18638,14088,171100,32000,,msa,32000,,2024
"Marion, OH Micro Area",59371,65020,40.1,45833,4436,1832,24683,16651,156800,32020,,msa,32020,,2024
"Marion-Herrin, IL Micro Area",65604,66876,41.6,48287,7570,3792,28983,20477,156400,32060,,msa,32060,,2024
"Marquette, MI Micro Area",65429,67112,39.3,44729,11034,3854,28255,19679,216500,32100,,msa,32100,,2024
"Marshall, MN Micro Area",75303,25503,37.4,16509,3634,1122,10108,7328,200700,32140,,msa,32140,,2024
"Marshall, MO Micro Area",57931,23231,35.3,14816,2152,926,8053,5622,150500,32180,,msa,32180,,2024
"Marshalltown, IA Micro Area",73315,40114,38.5,26501,4012,1538,15496,11622,145500,32260,,msa,32260,,2024
"Martin, TN Micro Area",51880,33016,37.3,21141,2945,1296,13384,8874,151200,32280,,msa,32280,,2024
"Martinsville, VA Micro Area",49860,63638,45.2,45563,4866,2351,26754,18982,130800,32300,,msa,32300,,2024
"Maryville, MO Micro Area",59315,20774,33.7,12448,2009,1124,8460,5270,177500,32340,,msa,32340,,2024
"Mason City, IA Micro Area",68926,49982,44.0,36043,5701,2023,22716,16389,162900,32380,,msa,32380,,2024
"Massena-Ogdensburg, NY Micro Area",62850,107226,39.3,71171,9261,6481,41666,29945,121900,32390,,msa,32390,,2024
"Mayagüez, PR Metro Area",21163,209892,46.2,154424,31000,7414,84172,53976,114200,32420,,msa,32420,,2024
"Mayfield, KY Micro Area",50772,36630,40.4,24924,2577,1450,14139,10755,147800,32460,,msa,32460,,2024
"McAlester, OK Micro Area",55310,43561,40.6,30395,4013,1655,17851,12752,156900,32540,,msa,32540,,2024
"McAllen-Edinburg-Mission, TX Metro Area",54338,891977,30.5,516001,72515,25290,270210,182271,140900,32580,,msa,32580,,2024
"McComb, MS Micro Area",44597,53441,38.9,35121,3119,1626,20297,14270,115600,32620,,msa,32620,,2024
"McMinnville, TN Micro Area",55487,42166,39.8,29105,2674,1100,16203,11738,192900,32660,,msa,32660,,2024
"McPherson, KS Micro Area",78851,30205,39.4,20109,4498,1779,12162,9179,211200,32700,,msa,32700,,2024
"Meadville, PA Micro Area",60476,82716,44.0,58650,7744,3697,33838,25276,153200,32740,,msa,32740,,2024
"Medford, OR Metro Area",73999,222645,42.8,161295,31660,12721,92035,60693,430200,32780,,msa,32780,,2024
"Memphis, TN-MS-AR Metro Area",66401,1341924,36.8,891153,167636,78327,522879,316353,245900,32820,,msa,32820,,2024
"Menomonie, WI Micro Area",74824,45527,36.1,28594,5401,2279,17440,11693,243200,32860,,msa,32860,,2024
"Merced, CA Metro Area",65510,290201,31.8,174127,18484,5816,86055,46474,391800,32900,,msa,32900,,2024
"Meridian, MS Micro Area",49822,86818,40.2,59584,8311,3528,34652,23581,128100,32940,,msa,32940,,2024
"Mexico, MO Micro Area",59448,24548,40.2,17031,1750,896,9219,6619,143100,33020,,msa,33020,,2024
"Miami, OK Micro Area",49947,30341,37.2,19639,2023,670,11921,8051,123300,33060,,msa,33060,,2024
"Miami-Fort Lauderdale-West Palm Beach, FL Metro Area",76527,6249291,41.8,4514337,1012613,421045,2334797,1413047,443300,33100,,msa,33100,,2024
"Michigan City-La Porte, IN Metro Area",71055,111917,41.1,79325,11975,4581,43633,32614,195500,33140,,msa,33140,,2024
"Middlesborough, KY Micro Area",31354,23509,41.7,16627,1590,640,9939,5847,89000,33180,,msa,33180,,2024
"Midland, MI Metro Area",77705,83757,41.8,59935,13117,6366,34993,27322,195400,33220,,msa,33220,,2024
"Midland, TX Metro Area",92952,180019,32.9,112412,23935,8286,69624,47289,309400,33260,,msa,33260,,2024
"Milledgeville, GA Micro Area",54403,43642,36.5,27781,3628,1892,16582,10125,181900,33300,,msa,33300,,2024
"Milwaukee-Waukesha, WI Metro Area",78218,1568938,38.7,1079400,277001,108983,656436,396385,306400,33340,,msa,33340,,2024
"Minden, LA Micro Area",41182,35820,41.1,24792,2305,771,14334,9581,114500,33380,,msa,33380,,2024
"Mineral Wells, TX Micro Area",67674,29295,41.6,20182,2478,949,11234,7978,198000,33420,,msa,33420,,2024
"Minneapolis-St. Paul-Bloomington, MN-WI Metro Area",99833,3713668,38.0,2545311,746981,290803,1477259,1044794,374000,33460,,msa,33460,,2024
"Minot, ND Metro Area",78200,76484,34.2,49682,9908,3389,31781,19954,254000,33500,,msa,33500,,2024
"Missoula, MT Metro Area",74989,125631,37.5,86958,24693,10454,54829,32722,466400,33540,,msa,33540,,2024
"Mitchell, SD Micro Area",69101,25808,39.5,17382,2909,651,10977,7226,197700,33580,,msa,33580,,2024
"Moberly, MO Micro Area",53033,24365,40.0,16995,2236,725,9247,6601,159300,33620,,msa,33620,,2024
"Mobile, AL Metro Area",58880,412590,38.5,280484,46976,19053,161665,106752,190700,33660,,msa,33660,,2024
"Modesto, CA Metro Area",81468,553990,34.9,354367,47465,15085,177874,108828,450100,33700,,msa,33700,,2024
"Monroe, LA Metro Area",51660,223674,38.0,149261,22615,10039,87006,55646,170300,33740,,msa,33740,,2024
"Monroe, MI Metro Area",77335,155505,42.8,111168,16378,7515,63029,51502,228900,33780,,msa,33780,,2024
"Montgomery, AL Metro Area",64010,386024,38.0,261207,46875,25479,151438,99054,191900,33860,,msa,33860,,2024
"Monticello, IN Micro Area",67303,24717,42.8,17152,2416,728,10254,8306,175900,33900,,msa,33900,,2024
"Monticello, NY Micro Area",72382,79721,41.7,56129,9641,5448,31434,21178,249000,33910,,msa,33910,,2024
"Montrose, CO Micro Area",72120,43807,46.1,31946,5659,2604,18069,13623,388400,33940,,msa,33940,,2024
"Morehead City, NC Micro Area",72322,69148,50.5,53254,11500,5002,31977,23885,333300,33980,,msa,33980,,2024
"Morgan City, LA Micro Area",52576,47828,39.7,32517,3098,1183,18463,12673,138900,34020,,msa,34020,,2024
"Morgantown, WV Metro Area",64640,141323,35.1,92338,17625,11897,57438,36256,233000,34060,,msa,34060,,2024
"Morristown, TN Metro Area",60553,122533,41.8,86051,10739,4665,47963,34781,218100,34100,,msa,34100,,2024
"Moscow, ID Micro Area",65424,41049,30.6,24130,6407,2468,16270,9549,368600,34140,,msa,34140,,2024
"Moses Lake, WA Micro Area",73267,101799,33.7,63192,8137,2571,35398,23461,299500,34180,,msa,34180,,2024
"Moultrie, GA Micro Area",49341,46224,37.2,30193,2452,1576,16803,10708,121400,34220,,msa,34220,,2024
"Mountain Home, AR Micro Area",48452,42407,51.4,32363,4551,1185,19348,14549,174600,34260,,msa,34260,,2024
"Mountain Home, ID Micro Area",65359,29321,33.1,18726,2986,932,11067,7259,316500,34300,,msa,34300,,2024
"Mount Airy, NC Micro Area",55656,71425,43.8,50797,6762,2916,29869,21930,177600,34340,,msa,34340,,2024
"Mount Pleasant, MI Micro Area",55237,64565,30.1,36489,6487,3423,24914,15406,170400,34380,,msa,34380,,2024
"Mount Pleasant, TX Micro Area",58626,56237,37.4,36071,4532,1448,20868,15226,163800,34420,,msa,34420,,2024
"Mount Sterling, KY Micro Area",55208,47476,40.4,32412,3388,1861,18181,12898,151900,34460,,msa,34460,,2024
"Mount Vernon, IL Micro Area",63118,36550,41.2,25775,2946,1292,14820,10623,126000,34500,,msa,34500,,2024
"Mount Vernon, OH Micro Area",73878,63142,39.4,41724,6365,2903,23491,17739,239400,34540,,msa,34540,,2024
"Mount Vernon-Anacortes, WA Metro Area",89263,131328,42.1,94631,17428,8157,52329,36664,545100,34580,,msa,34580,,2024
"Muncie, IN Metro Area",58127,112280,35.8,70560,10683,5654,46256,30751,139400,34620,,msa,34620,,2024
"Murray, KY Micro Area",52706,38224,35.9,23637,4174,2484,15239,9738,183200,34660,,msa,34660,,2024
"Murrells Inlet, SC Micro Area",68713,64811,52.2,49072,10380,4039,27129,22776,289500,34680,,msa,34680,,2024
"Muscatine, IA Micro Area",69396,42559,39.6,28892,4598,1498,17345,12820,182100,34700,,msa,34700,,2024
"Muskegon-Norton Shores, MI Metro Area",65024,175961,40.0,122392,18261,6089,67732,52871,198300,34740,,msa,34740,,2024
"Muskogee, OK Micro Area",53619,66444,37.9,44286,5705,2081,25739,17121,153200,34780,,msa,34780,,2024
"Myrtle Beach-Conway-North Myrtle Beach, SC Metro Area",66880,383016,48.7,288090,50658,20254,158779,122680,287700,34820,,msa,34820,,2024
"Nacogdoches, TX Micro Area",53555,65162,31.9,38116,6592,2621,25302,14993,169200,34860,,msa,34860,,2024
"Nantucket, MA Micro Area",139688,14483,42.4,10529,3620,1436,5252,3770,1593800,34880,,msa,34880,,2024
"Napa, CA Metro Area",111471,134869,42.9,97520,25153,9081,49763,31555,869500,34900,,msa,34900,,2024
"Naples-Marco Island, FL Metro Area",90045,398291,53.3,308251,72405,34357,165875,127058,540700,34940,,msa,34940,,2024
"Nashville-Davidson--Murfreesboro--Franklin, TN Metro Area",85447,2079596,36.9,1415949,368250,149100,829134,540644,409600,34980,,msa,34980,,2024
"Natchez, MS-LA Micro Area",42104,54045,40.8,37212,4529,1902,20736,14910,101500,35020,,msa,35020,,2024
"Natchitoches, LA Micro Area",46292,36693,33.4,21896,3401,1630,14508,8842,171300,35060,,msa,35060,,2024
"New Bern, NC Micro Area",64475,124304,41.0,86631,14134,7130,52452,37142,220600,35100,,msa,35100,,2024
"Newberry, SC Micro Area",61780,38435,41.9,26216,3498,2083,15325,11202,173300,35140,,msa,35140,,2024
"New Castle, IN Micro Area",63150,48970,42.2,35221,4016,1729,18642,14203,154400,35220,,msa,35220,,2024
"New Haven, CT Metro Area",88197,570598,40.2,399673,86918,53387,230673,139620,353100,35300,,msa,35300,,2024
"New Iberia, LA Micro Area",56961,68599,38.3,45398,4813,1601,26816,18035,164500,35340,,msa,35340,,2024
"New Orleans-Metairie, LA Metro Area",62655,981662,39.2,688306,136392,60394,398564,241581,260200,35380,,msa,35380,,2024
"New Philadelphia-Dover, OH Micro Area",65044,92385,41.1,63934,8352,3528,38492,26507,185400,35420,,msa,35420,,2024
"Newport, OR Micro Area",63165,50964,52.7,39853,6520,3486,23115,16534,410800,35440,,msa,35440,,2024
"Newport, TN Micro Area",48016,36813,45.3,26814,1856,684,15509,11558,158100,35460,,msa,35460,,2024
"New Ulm, MN Micro Area",69378,25800,42.0,17816,2936,1043,11027,8700,191200,35580,,msa,35580,,2024
"New York-Newark-Jersey City, NY-NJ Metro Area",99155,19798537,39.5,13970100,3521236,1905883,7409947,3815217,614200,35620,,msa,35620,,2024
"Niles, MI Metro Area",65425,153288,42.7,108207,20111,9846,63999,46611,224300,35660,,msa,35660,,2024
"Nogales, AZ Micro Area",55217,48926,37.9,31825,4470,2187,16966,11749,233000,35700,,msa,35700,,2024
"Norfolk, NE Micro Area",65968,48653,38.2,32192,5128,1772,19617,13496,204700,35740,,msa,35740,,2024
"North Platte, NE Micro Area",65430,34575,42.5,24081,3734,1259,15189,10008,189500,35820,,msa,35820,,2024
"North Port-Bradenton-Sarasota, FL Metro Area",80859,889339,53.6,696273,159527,75371,388951,294149,402200,35840,,msa,35840,,2024
"North Wilkesboro, NC Micro Area",51721,65935,45.7,47784,5130,2197,27107,19928,168800,35900,,msa,35900,,2024
"Norwalk, OH Micro Area",67878,58319,40.1,39828,4076,1804,23490,17383,166000,35940,,msa,35940,,2024
"Norwich-New London-Willimantic, CT Metro Area",86586,279971,41.1,198368,39277,24622,115768,75341,323400,35980,,msa,35980,,2024
"Oak Harbor, WA Micro Area",90551,86836,44.8,64643,14360,6981,35972,26888,593300,36020,,msa,36020,,2024
"Ocala, FL Metro Area",61010,400078,47.9,299128,44764,18684,164881,127737,243100,36100,,msa,36100,,2024
"Ocean Pines, MD Micro Area",81745,53700,50.7,40803,8734,4295,24136,18817,374700,36180,,msa,36180,,2024
"Odessa, TX Metro Area",71536,164654,31.4,98717,12012,4031,64563,41753,200200,36220,,msa,36220,,2024
"Ogden, UT Metro Area",101203,653374,33.0,403001,93208,36590,213829,162728,471500,36260,,msa,36260,,2024
"Oil City, PA Micro Area",61522,49801,47.6,37096,4560,2035,21397,16110,119800,36340,,msa,36340,,2024
"Okeechobee, FL Micro Area",57984,40816,40.8,28995,3045,1206,15113,11161,193000,36380,,msa,36380,,2024
"Oklahoma City, OK Metro Area",72094,1463267,36.0,960506,208680,82111,571211,363406,230000,36420,,msa,36420,,2024
"Olean, NY Micro Area",59540,76145,42.8,52793,6003,4289,31895,23996,113100,36460,,msa,36460,,2024
"Olympia-Lacey-Tumwater, WA Metro Area",96563,299067,40.0,214184,50643,23583,118899,80487,480300,36500,,msa,36500,,2024
"Omaha, NE-IA Metro Area",84829,982064,36.6,649299,160678,67020,389812,257911,268600,36540,,msa,36540,,2024
"Oneonta, NY Micro Area",68885,60108,39.9,39271,7419,4418,23189,17129,179100,36580,,msa,36580,,2024
"Ontario, OR-ID Micro Area",62568,58725,37.6,39184,4456,1456,19984,13728,308900,36620,,msa,36620,,2024
"Opelousas, LA Micro Area",44462,81670,37.8,53184,5180,1924,32183,22551,142500,36660,,msa,36660,,2024
"Orangeburg, SC Micro Area",45675,83253,40.7,56404,5717,3925,33077,22149,115800,36700,,msa,36700,,2024
"Orlando-Kissimmee-Sanford, FL Metro Area",78533,2793746,38.5,1945965,464646,181793,1022315,644674,369800,36740,,msa,36740,,2024
"Oshkosh-Neenah, WI Metro Area",74925,171769,38.7,117593,24968,8779,72667,47791,225800,36780,,msa,36780,,2024
"Oskaloosa, IA Micro Area",70940,22021,39.0,14642,2649,621,8743,5942,157800,36820,,msa,36820,,2024
"Othello, WA Micro Area",66136,20800,29.3,11369,1174,460,6288,4358,273300,36830,,msa,36830,,2024
"Ottawa, IL Micro Area",72230,147181,42.6,104802,14907,5413,61866,46455,156400,36837,,msa,36837,,2024
"Ottawa, KS Micro Area",77207,26106,39.7,17770,2785,1302,10409,7518,198700,36840,,msa,36840,,2024
"Ottumwa, IA Micro Area",64766,35362,39.2,24009,2876,1383,13997,9575,125100,36900,,msa,36900,,2024
"Owatonna, MN Micro Area",84196,37439,40.5,25638,5075,1544,15138,12020,245400,36940,,msa,36940,,2024
"Owensboro, KY Metro Area",68002,112762,39.0,75952,11367,5866,45280,31354,195400,36980,,msa,36980,,2024
"Owosso, MI Micro Area",67404,67991,43.2,48650,6723,2388,28126,22536,171600,37020,,msa,37020,,2024
"Oxford, MS Micro Area",65018,70746,32.6,42792,8824,5092,24040,15608,256900,37060,,msa,37060,,2024
"Oxnard-Thousand Oaks-Ventura, CA Metro Area",109797,837469,39.6,580810,129719,55090,280360,181039,822700,37100,,msa,37100,,2024
"Ozark, AL Micro Area",54963,49599,37.7,33641,4563,1787,19727,12210,143500,37120,,msa,37120,,2024
"Paducah, KY-IL Metro Area",64160,102748,43.2,72988,11152,5058,41735,30053,168700,37140,,msa,37140,,2024
"Pahrump, NV Micro Area",60714,54344,52.5,42423,3982,1332,22175,17250,290900,37220,,msa,37220,,2024
"Palatka, FL Micro Area",47934,75164,45.0,53876,5499,1944,31360,23630,160300,37260,,msa,37260,,2024
"Palestine, TX Micro Area",62068,58439,39.7,42299,4614,1373,17579,12716,185300,37300,,msa,37300,,2024
"Palm Bay-Melbourne-Titusville, FL Metro Area",78476,632780,46.7,474168,96754,49059,257695,197609,339600,37340,,msa,37340,,2024
"Pampa, TX Micro Area",60317,21877,37.0,14552,1931,363,8314,6378,106200,37420,,msa,37420,,2024
"Panama City-Panama City Beach, FL Metro Area",71514,211922,41.1,151625,26481,11571,88065,60085,294300,37460,,msa,37460,,2024
"Paragould, AR Micro Area",57839,46432,38.0,31462,3366,1456,17994,11910,169300,37500,,msa,37500,,2024
"Paris, TN Micro Area",50613,32412,45.8,23538,2980,973,13452,9891,160200,37540,,msa,37540,,2024
"Paris, TX Micro Area",59020,62280,41.4,42984,5753,2342,24997,16785,182300,37580,,msa,37580,,2024
"Parkersburg-Vienna, WV Metro Area",57391,88460,44.1,63615,9407,4397,37877,28703,156300,37620,,msa,37620,,2024
"Payson, AZ Micro Area",61986,53795,51.1,40390,4740,2053,23645,18329,269400,37740,,msa,37740,,2024
"Pella, IA Micro Area",78680,33642,39.9,22422,5022,1582,13316,10346,233000,37800,,msa,37800,,2024
"Pensacola-Ferry Pass-Brent, FL Metro Area",75967,524395,39.0,363168,70744,29639,201632,142117,286000,37860,,msa,37860,,2024
"Peoria, IL Metro Area",71857,365202,40.1,251253,51367,21315,153870,112894,164200,37900,,msa,37900,,2024
"Peru, IN Micro Area",61139,35712,41.5,25173,2787,1065,13318,10143,126200,37940,,msa,37940,,2024
"Petoskey, MI Micro Area",78112,34125,47.0,25406,6068,3290,15190,11702,315700,37950,,msa,37950,,2024
"Philadelphia-Camden-Wilmington, PA-NJ-DE-MD Metro Area",91289,6272014,39.3,4378944,1067549,549497,2467761,1649035,351900,37980,,msa,37980,,2024
"Phoenix-Mesa-Chandler, AZ Metro Area",88301,5028754,37.9,3446042,755720,335267,1892613,1260206,440900,38060,,msa,38060,,2024
"Picayune, MS Micro Area",58135,57458,41.6,39335,4818,1300,21880,17589,182300,38100,,msa,38100,,2024
"Pierre, SD Micro Area",81645,20679,40.2,14507,3520,997,8543,6293,237100,38180,,msa,38180,,2024
"Pikeville, KY Micro Area",43214,91951,43.1,65658,6080,3682,38984,28898,106500,38210,,msa,38210,,2024
"Pine Bluff, AR Micro Area",51605,72255,40.2,49729,7068,2148,26948,17261,117000,38220,,msa,38220,,2024
"Pinehurst-Southern Pines, NC Metro Area",86080,104876,43.0,75766,17681,9997,44013,33621,351400,38240,,msa,38240,,2024
"Pittsburg, KS Micro Area",52844,39008,33.6,23380,4829,2147,15838,9628,132600,38260,,msa,38260,,2024
"Pittsburgh, PA Metro Area",75762,2439940,42.8,1782509,411403,192427,1061705,750384,215000,38300,,msa,38300,,2024
"Pittsfield, MA Metro Area",76013,129430,47.3,96087,20452,12362,57585,40263,305400,38340,,msa,38340,,2024
"Plainview, TX Micro Area",52707,37347,34.9,23608,2361,1048,12976,8104,109000,38380,,msa,38380,,2024
"Platteville, WI Micro Area",66858,51770,36.8,32699,5079,2505,19960,13935,200700,38420,,msa,38420,,2024
"Plattsburgh, NY Micro Area",71224,78493,41.9,54834,8682,5031,33556,23273,180600,38460,,msa,38460,,2024
"Plymouth, IN Micro Area",71808,46284,39.8,31055,4329,1770,17758,13561,204900,38500,,msa,38500,,2024
"Pocatello, ID Metro Area",66499,89454,35.2,57776,11257,4036,33590,23353,300700,38540,,msa,38540,,2024
"Ponca City, OK Micro Area",58423,43625,38.5,28907,3753,1450,16776,11609,124700,38620,,msa,38620,,2024
"Ponce, PR Metro Area",22247,270459,44.4,199183,40605,10776,106387,75432,104900,38660,,msa,38660,,2024
"Pontiac, IL Micro Area",73790,35565,41.8,25134,3267,1078,14615,10860,142200,38700,,msa,38700,,2024
"Poplar Bluff, MO Micro Area",49089,42020,39.5,28761,2945,1094,16594,10726,145100,38740,,msa,38740,,2024
"Port Angeles, WA Micro Area",70370,77813,52.1,61116,11720,5422,35046,25837,421800,38820,,msa,38820,,2024
"Portland-South Portland, ME Metro Area",92175,562843,43.7,418921,117277,52603,240027,175751,420000,38860,,msa,38860,,2024
"Portland-Vancouver-Hillsboro, OR-WA Metro Area",97436,2520987,39.3,1811458,474690,207282,1010265,622968,559400,38900,,msa,38900,,2024
"Port Lavaca, TX Micro Area",79959,19868,41.4,13846,1727,808,8670,6699,171200,38920,,msa,38920,,2024
"Port St. Lucie, FL Metro Area",74514,522676,47.6,390609,75691,29314,205254,161982,364900,38940,,msa,38940,,2024
"Portsmouth, OH Micro Area",50609,72627,41.1,50649,5878,2673,28864,19749,137900,39020,,msa,39020,,2024
"Port Townsend, WA Micro Area",74048,33577,59.8,28552,6942,3799,16340,12916,535000,39040,,msa,39040,,2024
"Pottsville, PA Micro Area",68313,143558,43.7,104280,13367,5821,57988,44125,153000,39060,,msa,39060,,2024
"Prescott Valley-Prescott, AZ Metro Area",69613,245480,55.1,192027,34634,16650,111157,83441,425200,39150,,msa,39150,,2024
"Price, UT Micro Area",58377,20517,38.6,13558,1793,599,8123,5519,228500,39220,,msa,39220,,2024
"Providence-Warwick, RI-MA Metro Area",87040,1684071,40.7,1196324,255278,121142,675395,426651,422500,39300,,msa,39300,,2024
"Provo-Orem-Lehi, UT Metro Area",100704,717986,25.8,371101,112757,37787,206880,141866,535500,39340,,msa,39340,,2024
"Pueblo, CO Metro Area",64010,169356,40.4,118414,19473,8630,68523,47199,291300,39380,,msa,39380,,2024
"Pullman, WA Micro Area",55406,47003,26.4,24572,6734,3265,18721,8765,359600,39420,,msa,39420,,2024
"Punta Gorda, FL Metro Area",69952,201064,59.9,167479,27342,12969,90542,75877,328900,39460,,msa,39460,,2024
"Putnam, CT Micro Area",90589,96312,44.1,71710,10316,6697,39412,30453,307600,39480,,msa,39480,,2024
"Quincy, IL-MO Micro Area",65360,74678,41.1,51300,9140,3238,31100,22567,160600,39500,,msa,39500,,2024
"Racine-Mount Pleasant, WI Metro Area",78096,197532,40.5,136564,26100,10090,80406,57122,251400,39540,,msa,39540,,2024
"Raleigh-Cary, NC Metro Area",100103,1487302,37.6,1011730,312979,151880,574295,382581,418400,39580,,msa,39580,,2024
"Rapid City, SD Metro Area",75255,152950,40.6,107524,23272,7883,62789,44661,307700,39660,,msa,39660,,2024
"Raymondville, TX Micro Area",54180,20139,34.3,13061,1426,366,5691,4254,73600,39700,,msa,39700,,2024
"Reading, PA Metro Area",79777,433015,39.9,296613,52005,22595,163236,116334,257300,39740,,msa,39740,,2024
"Red Bluff, CA Micro Area",63784,65167,40.0,44633,6255,1658,24788,16640,339600,39780,,msa,39780,,2024
"Redding, CA Metro Area",72636,181436,41.7,128897,20853,6723,71232,46694,366400,39820,,msa,39820,,2024
"Red Wing, MN Micro Area",84171,47943,42.5,34018,6581,2243,19727,15548,285100,39860,,msa,39860,,2024
"Reno, NV Metro Area",87485,563020,39.5,399423,78960,34734,224933,139332,502300,39900,,msa,39900,,2024
"Rexburg, ID Micro Area",61940,68561,22.4,27889,6894,2227,17980,9209,372900,39940,,msa,39940,,2024
"Rice Lake, WI Micro Area",65933,46797,44.9,33522,5119,1767,19955,15439,216600,39960,,msa,39960,,2024
"Richmond, IN Micro Area",55692,66397,41.0,45348,5796,2241,26975,18673,140200,39980,,msa,39980,,2024
"Richmond, VA Metro Area",86679,1341248,38.8,937280,233669,111607,533430,357348,353500,40060,,msa,40060,,2024
"Richmond-Berea, KY Micro Area",60368,125967,36.6,81762,13716,7369,49560,32029,201500,40080,,msa,40080,,2024
"Rifle, CO Micro Area",95635,79464,39.3,55734,14117,6071,32619,22082,595100,40090,,msa,40090,,2024
"Rio Grande City-Roma, TX Micro Area",37639,66067,29.4,37199,3309,1356,19157,13320,95100,40100,,msa,40100,,2024
"Riverside-San Bernardino-Ontario, CA Metro Area",89662,4675704,35.9,3071397,481605,198138,1450250,954822,536300,40140,,msa,40140,,2024
"Riverton, WY Micro Area",64904,39533,39.7,26654,4293,2189,15037,10547,268800,40180,,msa,40180,,2024
"Roanoke, VA Metro Area",68761,314986,42.8,225813,44474,18188,131510,90167,251400,40220,,msa,40220,,2024
"Roanoke Rapids, NC Micro Area",47104,64606,46.0,46910,5142,2107,28240,18690,108600,40260,,msa,40260,,2024
"Rochelle, IL Micro Area",82132,51495,42.2,36064,5838,2465,20821,15693,189200,40300,,msa,40300,,2024
"Rochester, MN Metro Area",91882,228522,38.9,156389,39472,16971,92880,69050,306500,40340,,msa,40340,,2024
"Rochester, NY Metro Area",76284,1058413,40.7,744987,157694,94186,445836,300181,204600,40380,,msa,40380,,2024
"Rockford, IL Metro Area",68033,336522,39.6,228907,35582,16191,135474,92323,171300,40420,,msa,40420,,2024
"Rockingham, NC Micro Area",44883,42344,40.5,28881,2991,1199,17026,11228,127800,40460,,msa,40460,,2024
"Rock Springs, WY Micro Area",75034,41542,37.9,27494,4031,1255,17502,13049,251400,40540,,msa,40540,,2024
"Rocky Mount, NC Metro Area",59636,144952,41.6,101186,14058,5187,58449,36608,167800,40580,,msa,40580,,2024
"Rolla, MO Micro Area",58396,45194,35.8,28524,4870,2913,17329,10689,206500,40620,,msa,40620,,2024
"Rome, GA Metro Area",65565,99693,38.2,66421,9985,4699,36856,23434,217900,40660,,msa,40660,,2024
"Roseburg, OR Micro Area",61310,112072,46.5,83392,10216,4357,47519,34567,310300,40700,,msa,40700,,2024
"Roswell, NM Micro Area",52938,64217,37.2,41958,4469,2206,23712,16904,156400,40740,,msa,40740,,2024
"Ruidoso, NM Micro Area",53303,20224,52.4,15872,2971,1652,10000,7681,233200,40760,,msa,40760,,2024
"Russellville, AL Micro Area",53338,31966,38.0,21249,2116,1029,11954,8651,136000,40770,,msa,40770,,2024
"Russellville, AR Micro Area",57102,84265,37.4,55656,8594,2844,32671,22759,165100,40780,,msa,40780,,2024
"Ruston, LA Micro Area",39172,48174,28.6,26490,5299,3160,18487,9938,210100,40820,,msa,40820,,2024
"Rutland, VT Micro Area",68616,60425,47.7,45098,9532,4649,25321,19017,229400,40860,,msa,40860,,2024
"Sacramento-Roseville-Folsom, CA Metro Area",97188,2426388,38.5,1668679,389624,150208,881889,555650,589500,40900,,msa,40900,,2024
"Safford, AZ Micro Area",67325,39232,34.9,25235,2505,951,12746,9322,212000,40940,,msa,40940,,2024
"Saginaw, MI Metro Area",60622,188665,41.2,131086,20475,8997,77958,57770,152800,40980,,msa,40980,,2024
"St. Cloud, MN Metro Area",76497,202458,35.4,127269,24146,8484,78122,52820,272800,41060,,msa,41060,,2024
"St. George, UT Metro Area",80632,196431,39.1,130298,29167,11603,69786,49994,510700,41100,,msa,41100,,2024
"St. Joseph, MO-KS Metro Area",65005,120012,39.9,82835,12998,5117,46883,32408,171300,41140,,msa,41140,,2024
"St. Louis, MO-IL Metro Area",80196,2810850,39.9,1967322,447575,223733,1160386,816909,244800,41180,,msa,41180,,2024
"St. Marys, PA Micro Area",66380,30506,48.4,22648,2930,1361,13325,10600,133600,41260,,msa,41260,,2024
"Salem, OH Micro Area",58180,100704,44.6,73031,8191,3577,41459,30159,151600,41400,,msa,41400,,2024
"Salem, OR Metro Area",78900,438906,37.5,294271,51105,20807,159856,100397,424100,41420,,msa,41420,,2024
"Salina, KS Micro Area",65745,59487,40.2,40715,7984,2570,24931,16979,178200,41460,,msa,41460,,2024
"Salinas, CA Metro Area",97230,437613,35.5,281390,46903,21516,132489,68993,781000,41500,,msa,41500,,2024
"Salisbury, MD Metro Area",73802,129736,36.6,83919,13897,6460,48818,31307,241200,41540,,msa,41540,,2024
"Salt Lake City-Murray, UT Metro Area",98083,1275870,33.9,822506,199252,82648,450170,301437,515400,41620,,msa,41620,,2024
"San Angelo, TX Metro Area",68419,120986,36.1,79637,13487,5012,47344,30947,197100,41660,,msa,41660,,2024
"San Antonio-New Braunfels, TX Metro Area",76213,2662733,35.9,1759605,355335,156464,967488,612876,278800,41700,,msa,41700,,2024
"San Diego-Chula Vista-Carlsbad, CA Metro Area",106268,3288774,37.3,2281385,593057,262772,1171278,639138,854700,41740,,msa,41740,,2024
"Sandpoint, ID Micro Area",66979,51049,48.1,38336,7195,2589,20283,15877,487900,41760,,msa,41760,,2024
"Sandusky, OH Metro Area",73502,114575,47.1,84488,15847,6858,50986,38814,207500,41780,,msa,41780,,2024
"Sanford, NC Micro Area",65387,65816,39.5,44766,6326,2460,25145,16927,240200,41820,,msa,41820,,2024
"San Francisco-Oakland-Fremont, CA Metro Area",136027,4645029,40.3,3402905,1023544,520481,1744070,967608,1140700,41860,,msa,41860,,2024
"San Jose-Sunnyvale-Santa Clara, CA Metro Area",162111,1969337,38.0,1391615,387279,278174,679914,377117,1447800,41940,,msa,41940,,2024
"San Juan-Bayamón-Caguas, PR Metro Area",29276,2052186,44.5,1539382,345524,102471,829535,560868,145900,41980,,msa,41980,,2024
"San Luis Obispo-Paso Robles, CA Metro Area",97446,281555,40.4,190352,46055,19220,109503,67986,824700,42020,,msa,42020,,2024
"Santa Cruz-Watsonville, CA Metro Area",111093,264926,39.8,178903,45302,21713,96898,58079,1027500,42100,,msa,42100,,2024
"Santa Fe, NM Metro Area",79071,156105,48.7,120004,26545,17968,70767,50603,446300,42140,,msa,42140,,2024
"Santa Maria-Santa Barbara, CA Metro Area",98161,443701,34.6,278364,61162,26012,149608,78344,790700,42200,,msa,42200,,2024
"Santa Rosa-Petaluma, CA Metro Area",104674,485040,42.9,354661,84877,34590,190998,119598,815500,42220,,msa,42220,,2024
"Sault Ste. Marie, MI Micro Area",62217,36295,41.6,25680,3894,1567,14080,10564,161900,42300,,msa,42300,,2024
"Savannah, GA Metro Area",77180,418285,36.9,283053,61469,28947,161273,100253,302000,42340,,msa,42340,,2024
"Sayre, PA Micro Area",63675,59858,43.6,42489,5271,2635,24610,17759,187500,42380,,msa,42380,,2024
"Scottsbluff, NE Micro Area",63838,36585,40.5,24906,4419,1717,15383,10658,168800,42420,,msa,42420,,2024
"Scottsboro, AL Micro Area",51908,53053,43.5,37972,3747,1641,21795,16374,159500,42460,,msa,42460,,2024
"Scranton--Wilkes-Barre, PA Metro Area",65158,569788,42.1,404650,66593,31635,234230,157811,187200,42540,,msa,42540,,2024
"Seaford, DE Micro Area",81497,255626,51.9,193708,36534,19996,106441,86851,382600,42580,,msa,42580,,2024
"Searcy, AR Micro Area",55249,77838,38.8,51455,6088,3251,29629,20482,163600,42620,,msa,42620,,2024
"Seattle-Tacoma-Bellevue, WA Metro Area",115177,4061920,37.5,2890014,812767,405541,1608596,964807,717500,42660,,msa,42660,,2024
"Sebastian-Vero Beach-West Vero Corridor, FL Metro Area",73491,166936,55.3,131802,26186,13274,70816,56735,351500,42680,,msa,42680,,2024
"Sebring, FL Metro Area",54897,105702,54.4,82181,10671,4007,46879,36845,187900,42700,,msa,42700,,2024
"Sedalia, MO Micro Area",60430,43397,38.2,28868,3219,1543,16996,11751,166300,42740,,msa,42740,,2024
"Selinsgrove, PA Micro Area",66876,39668,40.6,26746,3411,1593,14600,11035,215300,42780,,msa,42780,,2024
"Selma, AL Micro Area",35627,36858,41.2,25176,2970,1162,15947,10178,94600,42820,,msa,42820,,2024
"Seneca, SC Micro Area",62388,80469,47.3,59158,10258,5248,34515,26303,237100,42860,,msa,42860,,2024
"Seneca Falls, NY Micro Area",68089,32920,43.0,23742,3740,1684,13606,9654,155400,42900,,msa,42900,,2024
"Sevierville, TN Micro Area",62581,99652,43.5,71666,10314,3542,40344,28519,299000,42940,,msa,42940,,2024
"Seymour, IN Micro Area",70262,46660,38.4,30885,4450,1526,18138,13272,178300,42980,,msa,42980,,2024
"Shawano, WI Micro Area",66189,45291,44.7,32153,4168,1634,18651,14432,189600,43020,,msa,43020,,2024
"Shawnee, OK Micro Area",61398,73463,37.9,49160,6808,2490,26927,18954,165400,43060,,msa,43060,,2024
"Sheboygan, WI Metro Area",73094,117991,41.7,82942,15087,6016,49725,35541,232700,43100,,msa,43100,,2024
"Shelby-Kings Mountain, NC Micro Area",58534,100991,41.3,69701,9715,4325,38850,27540,200000,43140,,msa,43140,,2024
"Shelbyville, TN Micro Area",67225,52237,37.6,34479,4166,1321,19505,14017,281200,43180,,msa,43180,,2024
"Shelton, WA Micro Area",83270,67982,44.7,50192,7133,2975,26029,21426,411800,43220,,msa,43220,,2024
"Sheridan, WY Micro Area",71388,32055,42.7,22866,4488,1893,13845,9782,394900,43260,,msa,43260,,2024
"Sherman-Denison, TX Metro Area",72182,143337,39.0,96958,15602,5422,55248,36895,248400,43300,,msa,43300,,2024
"Show Low, AZ Micro Area",54606,108415,39.5,72679,8471,4068,40063,29321,201500,43320,,msa,43320,,2024
"Shreveport-Bossier City, LA Metro Area",55925,386819,38.6,262802,40806,20149,157101,98847,191600,43340,,msa,43340,,2024
"Sidney, OH Micro Area",73978,47929,40.3,32068,4583,1819,18906,13930,208100,43380,,msa,43380,,2024
"Sierra Vista-Douglas, AZ Metro Area",59742,125566,43.0,89778,15198,7612,50982,36213,218300,43420,,msa,43420,,2024
"Sikeston, MO Micro Area",59476,49835,40.3,33928,4642,1942,19809,13718,143300,43460,,msa,43460,,2024
"Silver City, NM Micro Area",44958,27775,49.5,20577,3416,2302,11295,8561,175600,43500,,msa,43500,,2024
"Sioux City, IA-NE-SD Metro Area",75192,144682,36.2,92926,15102,5712,55468,37864,193100,43580,,msa,43580,,2024
"Sioux Falls, SD-MN Metro Area",82754,298181,36.3,197444,50306,15406,122517,81039,295900,43620,,msa,43620,,2024
"Slidell-Mandeville-Covington, LA Metro Area",81202,272421,40.5,187382,45528,17460,105082,82876,284000,43640,,msa,43640,,2024
"Snyder, TX Micro Area",60039,16488,36.9,10993,1154,246,5876,4514,113800,43660,,msa,43660,,2024
"Somerset, KY Micro Area",51898,65897,42.3,46570,4760,2758,26210,18996,166900,43700,,msa,43700,,2024
"Somerset, PA Micro Area",61446,72799,46.9,54558,6336,2519,29344,23594,150600,43740,,msa,43740,,2024
"Sonora, CA Micro Area",77404,54498,48.4,41675,6715,2595,22690,16771,433200,43760,,msa,43760,,2024
"South Bend-Mishawaka, IN-MI Metro Area",67217,324560,37.9,215929,41159,18252,128459,91336,196600,43780,,msa,43780,,2024
"Sparta, WI Micro Area",69467,46208,39.7,31202,4603,1491,18301,13316,210000,43890,,msa,43890,,2024
"Spartanburg, SC Metro Area",64382,374737,38.2,255018,38546,18050,143283,104370,225000,43900,,msa,43900,,2024
"Spearfish, SD Micro Area",73384,27233,44.8,19838,4175,1573,12054,7846,346500,43940,,msa,43940,,2024
"Spencer, IA Micro Area",65428,16461,42.3,11452,2358,559,7282,5340,178600,43980,,msa,43980,,2024
"Spirit Lake, IA Micro Area",75432,17990,48.7,13520,3053,768,8845,6851,270700,44020,,msa,44020,,2024
"Spokane-Spokane Valley, WA Metro Area",77488,597123,39.1,416915,85022,34432,237769,156296,405300,44060,,msa,44060,,2024
"Springfield, IL Metro Area",75895,207042,41.1,145260,31291,15344,89990,64597,177300,44100,,msa,44100,,2024
"Springfield, MA Metro Area",71306,462815,40.0,320931,55400,29482,184471,114780,298800,44140,,msa,44140,,2024
"Springfield, MO Metro Area",65071,486785,37.3,323417,61499,27945,198884,126538,230700,44180,,msa,44180,,2024
"Springfield, OH Metro Area",63132,135158,41.2,93713,11938,5776,55975,38844,169900,44220,,msa,44220,,2024
"Starkville, MS Micro Area",48750,61743,27.4,33277,7289,4304,25913,13576,208300,44260,,msa,44260,,2024
"State College, PA Metro Area",74291,158576,34.2,97777,22159,14177,59013,36467,323500,44300,,msa,44300,,2024
"Statesboro, GA Micro Area",57446,93440,31.4,54256,10066,4296,34933,19055,207800,44340,,msa,44340,,2024
"Staunton-Stuarts Draft, VA Metro Area",73544,126822,42.7,92475,16023,7067,52233,37707,284500,44420,,msa,44420,,2024
"Steamboat Springs, CO Micro Area",95400,38291,42.3,28189,7643,2926,16671,12311,564500,44460,,msa,44460,,2024
"Stephenville, TX Micro Area",65115,43794,32.0,25895,5250,2288,16816,10619,269100,44500,,msa,44500,,2024
"Sterling, CO Micro Area",51829,20892,39.2,15104,1937,929,8203,5439,245300,44540,,msa,44540,,2024
"Sterling, IL Micro Area",67500,54947,43.0,38673,4939,2550,23120,17786,127100,44580,,msa,44580,,2024
"Stevens Point-Plover, WI Micro Area",76070,70832,38.0,46544,11205,3593,29679,20695,243100,44620,,msa,44620,,2024
"Stillwater, OK Micro Area",49809,82972,27.7,45211,9805,5026,32609,16641,223300,44660,,msa,44660,,2024
"Stockton-Lodi, CA Metro Area",92179,797334,35.4,513773,79428,26768,245250,152030,530700,44700,,msa,44700,,2024
"Storm Lake, IA Micro Area",71719,20753,35.6,13051,1918,603,7546,5525,159500,44740,,msa,44740,,2024
"Sturgis, MI Micro Area",66425,60969,39.9,41475,4494,2012,23620,17980,178300,44780,,msa,44780,,2024
"Sulphur Springs, TX Micro Area",70888,37784,39.5,25476,3633,1515,14002,9957,221100,44860,,msa,44860,,2024
"Summerville, GA Micro Area",50285,25036,41.1,17623,1173,760,9154,6114,115600,44900,,msa,44900,,2024
"Sumter, SC Metro Area",56693,104725,38.0,69673,10191,5263,41083,27990,165300,44940,,msa,44940,,2024
"Sunbury, PA Micro Area",62262,108663,44.2,79905,11284,4462,45748,33979,174900,44980,,msa,44980,,2024
"Susanville, CA Micro Area",67403,30356,38.3,22345,2244,464,9247,6305,265300,45000,,msa,45000,,2024
"Sweetwater, TX Micro Area",50747,14454,39.3,9458,1007,414,5886,4008,96300,45020,,msa,45020,,2024
"Syracuse, NY Metro Area",75492,656410,40.1,451763,88288,51859,271251,185614,187700,45060,,msa,45060,,2024
"Tahlequah, OK Micro Area",53218,47942,37.3,30907,5866,2146,18698,12291,168500,45140,,msa,45140,,2024
"Talladega-Sylacauga, AL Micro Area",57722,91321,42.6,65970,5795,3531,38062,27813,144400,45180,,msa,45180,,2024
"Tallahassee, FL Metro Area",65261,391730,34.8,246349,59012,28446,157965,91171,276000,45220,,msa,45220,,2024
"Tampa-St. Petersburg-Clearwater, FL Metro Area",74392,3304691,42.2,2407628,527299,223238,1330303,903370,345100,45300,,msa,45300,,2024
"Taos, NM Micro Area",58950,34543,52.6,27201,6063,3261,15549,12067,382800,45340,,msa,45340,,2024
"Taylorville, IL Micro Area",62611,33538,43.2,24493,2964,865,13586,10217,115500,45380,,msa,45380,,2024
"Terre Haute, IN Metro Area",56594,168719,38.4,113088,16211,6802,67374,45635,143500,45460,,msa,45460,,2024
"Texarkana, TX-AR Metro Area",55646,146296,39.0,99561,12561,6081,56252,36642,160600,45500,,msa,45500,,2024
"The Dalles, OR Micro Area",64175,26552,41.0,18909,2628,936,10563,7131,367400,45520,,msa,45520,,2024
"Thomaston, GA Micro Area",55429,28029,41.1,19346,1935,735,10595,6462,168700,45580,,msa,45580,,2024
"Thomasville, GA Micro Area",60262,71885,39.6,48949,6224,2559,28792,18597,180600,45620,,msa,45620,,2024
"Tiffin, OH Micro Area",66025,54770,40.2,37157,4845,2266,22279,16346,154700,45660,,msa,45660,,2024
"Tifton, GA Micro Area",49785,50377,37.4,33139,3159,2257,18935,11649,151300,45700,,msa,45700,,2024
"Toccoa, GA Micro Area",54754,27012,40.8,18632,1732,814,10524,7748,175300,45740,,msa,45740,,2024
"Toledo, OH Metro Area",65486,602322,38.2,405652,74652,34798,254486,162104,176300,45780,,msa,45780,,2024
"Topeka, KS Metro Area",69888,232468,40.1,159526,29896,13470,96999,68083,183200,45820,,msa,45820,,2024
"Torrington, CT Micro Area",93551,113216,47.1,85120,19064,11138,47845,36503,335600,45860,,msa,45860,,2024
"Town of Pecos, TX Micro Area",64297,12664,34.4,7867,416,126,4224,3113,118000,45880,,msa,45880,,2024
"Traverse City, MI Metro Area",80889,155449,46.3,115706,27010,13882,65429,53559,324300,45900,,msa,45900,,2024
"Trenton-Princeton, NJ Metro Area",100645,385864,39.5,261611,63514,38462,144114,89569,377700,45940,,msa,45940,,2024
"Troy, AL Micro Area",48677,32987,31.6,19373,3261,1629,12484,7657,157600,45980,,msa,45980,,2024
"Truckee-Grass Valley, CA Micro Area",89882,102481,50.1,79518,21323,8170,42865,32342,621800,46020,,msa,46020,,2024
"Tucson, AZ Metro Area",70315,1060490,39.8,730009,151514,80343,437827,285639,319700,46060,,msa,46060,,2024
"Tullahoma-Manchester, TN Micro Area",62285,66384,39.8,45446,5620,2973,25836,18197,251500,46100,,msa,46100,,2024
"Tulsa, OK Metro Area",69359,1037534,37.4,693200,138988,50675,406447,266029,221700,46140,,msa,46140,,2024
"Tupelo, MS Micro Area",63170,132254,37.8,88239,13187,6147,51805,38099,170600,46180,,msa,46180,,2024
"Tuscaloosa, AL Metro Area",61517,278526,34.0,173080,29204,14122,105683,66609,230700,46220,,msa,46220,,2024
"Twin Falls, ID Metro Area",68810,118907,35.8,76407,10761,3977,43031,30716,325500,46300,,msa,46300,,2024
"Tyler, TX Metro Area",74192,241740,37.5,160294,30159,11263,83134,57215,240700,46340,,msa,46340,,2024
"Ukiah, CA Micro Area",68092,90244,44.1,65093,9777,4561,34842,21500,512200,46380,,msa,46380,,2024
"Union City, TN Micro Area",54613,30453,41.8,21567,2456,1109,12527,8533,133600,46460,,msa,46460,,2024
"Urbana, OH Micro Area",75556,38804,41.7,27444,3778,1206,15646,12017,204000,46500,,msa,46500,,2024
"Urban Honolulu, HI Metro Area",106195,1001146,39.8,708001,171424,68017,338868,202604,897500,46520,,msa,46520,,2024
"Utica-Rome, NY Metro Area",69779,288881,41.7,201973,30681,17758,120961,84158,172900,46540,,msa,46540,,2024
"Utuado, PR Micro Area",20800,27621,47.0,20880,3672,713,11311,7391,104000,46580,,msa,46580,,2024
"Uvalde, TX Micro Area",53801,24881,34.5,15561,2121,682,8417,5939,150800,46620,,msa,46620,,2024
"Valdosta, GA Metro Area",57085,150188,33.2,92429,13821,6788,56786,33981,201300,46660,,msa,46660,,2024
"Vallejo, CA Metro Area",100401,451918,39.2,315641,62203,19902,157512,99263,617700,46700,,msa,46700,,2024
"Van Wert, OH Micro Area",67917,28826,41.6,20068,2299,908,11549,9478,152000,46780,,msa,46780,,2024
"Vermillion, SD Micro Area",56850,15219,24.9,7594,1915,952,5547,2819,232300,46820,,msa,46820,,2024
"Vernal, UT Micro Area",73746,37056,33.2,22196,2741,834,12145,8928,298600,46860,,msa,46860,,2024
"Vernon, TX Micro Area",54102,12616,40.5,8754,1076,293,4778,3210,89400,46900,,msa,46900,,2024
"Vicksburg, MS Micro Area",59401,43020,40.8,29482,4927,2349,16772,11717,156400,46980,,msa,46980,,2024
"Victoria, TX Metro Area",70236,98554,37.2,65393,9194,2662,37666,25191,208800,47020,,msa,47020,,2024
"Vidalia, GA Micro Area",52500,35742,37.7,23246,2630,1294,13552,8694,133500,47080,,msa,47080,,2024
"Vincennes, IN Micro Area",61237,36007,39.0,24200,2916,1339,15169,10285,137700,47180,,msa,47180,,2024
"Vineland, NJ Metro Area",67436,153305,37.7,103026,13189,4773,53781,35782,221400,47220,,msa,47220,,2024
"Vineyard Haven, MA Micro Area",125786,20933,50.7,16542,4543,2708,7584,6225,1165800,47240,,msa,47240,,2024
"Virginia Beach-Chesapeake-Norfolk, VA-NC Metro Area",82330,1787235,37.4,1219406,262724,130888,707408,448695,340900,47260,,msa,47260,,2024
"Visalia, CA Metro Area",71300,478693,32.1,287690,31114,12630,143195,83701,330100,47300,,msa,47300,,2024
"Wabash, IN Micro Area",66806,30844,42.7,21686,3479,1283,12674,10200,157200,47340,,msa,47340,,2024
"Waco, TX Metro Area",66205,302045,35.1,189895,31838,13778,111178,70690,234100,47380,,msa,47380,,2024
"Wahpeton, ND-MN Micro Area",73734,22955,39.6,15266,2912,555,9504,6780,183300,47420,,msa,47420,,2024
"Walla Walla, WA Metro Area",74202,62161,38.5,41195,6689,3725,23447,15236,408900,47460,,msa,47460,,2024
"Wapakoneta, OH Micro Area",78660,46125,41.0,31536,4183,2265,18940,14794,189800,47540,,msa,47540,,2024
"Warner Robins, GA Metro Area",79345,198209,36.6,130305,22876,13056,74449,50110,217900,47580,,msa,47580,,2024
"Warren, PA Micro Area",60480,37920,47.1,27966,3609,1518,16123,12813,127500,47620,,msa,47620,,2024
"Warrensburg, MO Micro Area",67272,54732,31.5,32392,5816,2610,21087,13391,235700,47660,,msa,47660,,2024
"Warsaw, IN Micro Area",75317,80442,39.1,54244,9036,3921,31934,24583,216000,47700,,msa,47700,,2024
"Washington, IN Micro Area",68503,33658,34.5,20916,2555,736,11814,8552,197200,47780,,msa,47780,,2024
"Washington, NC Micro Area",58357,44499,47.7,32768,4626,1760,19385,13478,192700,47820,,msa,47820,,2024
"Washington-Arlington-Alexandria, DC-VA-MD-WV Metro Area",126684,6318377,38.0,4348200,1178613,828044,2373022,1510742,579900,47900,,msa,47900,,2024
"Washington Court House, OH Micro Area",63275,28876,39.9,19877,1909,786,11582,7492,170700,47920,,msa,47920,,2024
"Waterbury-Shelton, CT Metro Area",86191,454969,41.8,326360,63183,35540,180116,123476,317700,47930,,msa,47930,,2024
"Waterloo-Cedar Falls, IA Metro Area",70811,168637,36.8,108560,21830,8090,69396,48202,194800,47940,,msa,47940,,2024
"Watertown, SD Micro Area",72727,28767,40.4,19626,3072,832,12526,8747,237700,47980,,msa,47980,,2024
"Watertown-Fort Atkinson, WI Micro Area",83750,86003,41.5,60143,11836,4060,34873,25502,274100,48020,,msa,48020,,2024
"Watertown-Fort Drum, NY Metro Area",66301,115040,33.7,74083,11375,6532,47606,26018,188200,48060,,msa,48060,,2024
"Wausau, WI Metro Area",77884,138403,41.3,97134,19147,5964,57866,42414,219600,48140,,msa,48140,,2024
"Waycross, GA Micro Area",51821,56178,38.7,37861,3305,1947,20562,13987,126600,48180,,msa,48180,,2024
"Waynesville, NC Micro Area",61912,62662,47.8,47569,8595,4058,27123,20314,279200,48200,,msa,48200,,2024
"Weatherford, OK Micro Area",60977,39074,35.1,24143,4340,1836,15175,9789,155000,48220,,msa,48220,,2024
"Weirton-Steubenville, WV-OH Metro Area",58784,114754,45.6,83063,11163,4800,49642,35921,131300,48260,,msa,48260,,2024
"Wenatchee-East Wenatchee, WA Metro Area",81938,124538,39.8,85632,15729,5573,47443,31394,469100,48300,,msa,48300,,2024
"West Plains, MO Micro Area",50993,40383,40.3,27491,2963,1348,15965,11223,173000,48460,,msa,48460,,2024
"Wheeling, WV-OH Metro Area",57418,136920,44.2,99669,14373,6820,58024,41990,156600,48540,,msa,48540,,2024
"Whitewater-Elkhorn, WI Micro Area",80520,105657,41.4,71642,15290,5792,43087,30431,302700,48580,,msa,48580,,2024
"Wichita, KS Metro Area",70655,652622,36.7,430462,87366,38398,254776,166350,201200,48620,,msa,48620,,2024
"Wichita Falls, TX Metro Area",65379,149358,36.6,98396,16451,5913,56774,36637,157600,48660,,msa,48660,,2024
"Wildwood-The Villages, FL Metro Area",76508,143408,68.5,129083,27316,13700,70318,61604,385400,48680,,msa,48680,,2024
"Williamsport, PA Metro Area",63917,113489,41.4,79894,12660,5215,46861,32375,202200,48700,,msa,48700,,2024
"Williston, ND Micro Area",85595,39555,31.8,24541,4255,1437,15154,8029,284800,48780,,msa,48780,,2024
"Willmar, MN Micro Area",76592,44079,40.0,29740,5973,1825,17603,12764,243200,48820,,msa,48820,,2024
"Wilmington, NC Metro Area",76471,453347,45.4,333771,84898,34211,199271,143771,362400,48900,,msa,48900,,2024
"Wilmington, OH Micro Area",70407,42012,40.8,28395,3594,1627,16761,12034,211900,48940,,msa,48940,,2024
"Wilson, NC Micro Area",56423,79290,40.6,54277,7341,3344,33068,19856,186000,48980,,msa,48980,,2024
"Winchester, TN Micro Area",63494,43990,42.2,30336,4456,2124,17445,13503,236900,49010,,msa,49010,,2024
"Winchester, VA-WV Metro Area",84298,146386,41.2,103110,18039,9264,55520,40226,355400,49020,,msa,49020,,2024
"Winnemucca, NV Micro Area",81073,17289,37.7,11271,1632,396,6911,5112,278300,49080,,msa,49080,,2024
"Winona, MN Micro Area",70744,49779,36.4,31414,6909,2430,20253,14073,235400,49100,,msa,49100,,2024
"Winston-Salem, NC Metro Area",65975,689766,40.7,477163,92655,37128,281596,194817,233300,49180,,msa,49180,,2024
"Wisconsin Rapids-Marshfield, WI Micro Area",67989,74004,43.8,53139,7914,2383,32253,23408,175600,49220,,msa,49220,,2024
"Woodward, OK Micro Area",61417,20158,37.8,13650,1925,681,7925,5804,169000,49260,,msa,49260,,2024
"Wooster, OH Micro Area",73574,116588,38.9,77070,12114,5412,44365,33965,222100,49300,,msa,49300,,2024
"Worcester, MA Metro Area",95939,867788,40.2,609049,139278,77224,335826,220916,423700,49340,,msa,49340,,2024
"Worthington, MN Micro Area",66101,22041,35.7,13649,1763,445,7674,5692,197200,49380,,msa,49380,,2024
"Yakima, WA Metro Area",70656,257152,33.3,157998,19276,8041,87708,54244,310100,49420,,msa,49420,,2024
"Yankton, SD Micro Area",72821,23414,42.5,16359,3262,1217,9695,7046,225900,49460,,msa,49460,,2024
"York-Hanover, PA Metro Area",84829,462924,41.1,325365,56117,26812,181583,138624,248600,49620,,msa,49620,,2024
"Youngstown-Warren, OH Metro Area",56713,427420,43.5,306607,48099,19730,184615,130607,149000,49660,,msa,49660,,2024
"Yuba City, CA Metro Area",78179,183364,35.4,118976,15720,5256,61927,38599,424200,49700,,msa,49700,,2024
"Yuma, AZ Metro Area",62876,211741,36.1,137936,14688,6500,79341,56310,217800,49740,,msa,49740,,2024
"Zanesville, OH Micro Area",60780,86411,40.3,59472,7659,3783,34357,23423,182200,49780,,msa,49780,,2024
"Zapata, TX Micro Area",39239,13841,32.3,8090,818,310,4565,3285,97100,49820,,msa,49820,,2024
"Atlanta-Sandy Springs-Roswell, GA Metro Division; Atlanta-Sandy Springs-Roswell, GA Metro Area",86620,4876830,37.0,3272223,823598,395957,1803253,1166198,361200,12060,12054,division,12054,12060,2024
"Marietta, GA Metro Division; Atlanta-Sandy Springs-Roswell, GA Metro Area",100877,1379547,38.0,940856,260975,107366,509802,363271,386000,12060,31924,division,31924,12060,2024
"Boston, MA Metro Division; Boston-Cambridge-Newton, MA-NH Metro Area",111800,2050278,38.3,1450515,404999,231091,813676,471812,647200,14460,14454,division,14454,14460,2024
"Cambridge-Newton-Framingham, MA Metro Division; Boston-Cambridge-Newton, MA-NH Metro Area",120883,2451419,39.6,1732157,479781,312873,947362,587731,687400,14460,15764,division,15764,14460,2024
"Rockingham County-Strafford County, NH Metro Division; Boston-Cambridge-Newton, MA-NH Metro Area",110161,451657,43.0,327933,90335,41746,179650,135025,463400,14460,40484,division,40484,14460,2024
"Chicago-Naperville-Schaumburg, IL Metro Division; Chicago-Naperville-Elgin, IL-IN Metro Area",90170,7179386,38.5,5012792,1261798,645952,2833450,1783772,332600,16980,16984,division,16984,16980,2024
"Elgin, IL Metro Division; Chicago-Naperville-Elgin, IL-IN Metro Area",100022,755633,37.5,496178,118324,52413,269628,202706,314400,16980,20994,division,20994,16980,2024
"Lake County, IL Metro Division; Chicago-Naperville-Elgin, IL-IN Metro Area",110416,714223,39.1,475309,130975,69695,258455,193403,345700,16980,29404,division,29404,16980,2024
"Lake County-Porter County-Jasper County, IN Metro Division; Chicago-Naperville-Elgin, IL-IN Metro Area",75120,722353,40.1,498277,87221,34277,282250,208511,239900,16980,29414,division,29414,16980,2024
"Dallas-Plano-Irving, TX Metro Division; Dallas-Fort Worth-Arlington, TX Metro Area",92486,5382430,35.5,3546467,937190,428396,1962227,1159323,379300,19100,19124,division,19124,19100,2024
"Fort Worth-Arlington-Grapevine, TX Metro Division; Dallas-Fort Worth-Arlington, TX Metro Area",85506,2603160,35.7,1703868,373679,151801,929498,578597,323800,19100,23104,division,23104,19100,2024
"Detroit-Dearborn-Livonia, MI Metro Division; Detroit-Warren-Dearborn, MI Metro Area",60539,1772259,37.9,1206499,201917,98614,700591,453652,178500,19820,19804,division,19804,19820,2024
"Warren-Troy-Farmington Hills, MI Metro Division; Detroit-Warren-Dearborn, MI Metro Area",88280,2604569,41.7,1871078,440314,224982,1068225,805716,293300,19820,47664,division,47664,19820,2024
"Anaheim-Santa Ana-Irvine, CA Metro Division; Los Angeles-Long Beach-Anaheim, CA Metro Area",116289,3165820,39.4,2217917,615032,247570,1082960,610659,962600,31080,11244,division,11244,31080,2024
"Los Angeles-Long Beach-Glendale, CA Metro Division; Los Angeles-Long Beach-Anaheim, CA Metro Area",90112,9808667,38.2,6917487,1590181,608104,3416449,1567983,834200,31080,31084,division,31084,31080,2024
"Fort Lauderdale-Pompano Beach-Sunrise, FL Metro Division; Miami-Fort Lauderdale-West Palm Beach, FL Metro Area",77633,1977129,41.3,1418380,318491,138539,753956,479343,414600,33100,22744,division,22744,33100,2024
"Miami-Miami Beach-Kendall, FL Metro Division; Miami-Fort Lauderdale-West Palm Beach, FL Metro Area",71753,2738356,40.7,1964800,416258,163607,975411,509440,463000,33100,33124,division,33124,33100,2024
"West Palm Beach-Boca Raton-Delray Beach, FL Metro Division; Miami-Fort Lauderdale-West Palm Beach, FL Metro Area",83581,1533806,45.3,1131157,277864,118899,605430,424264,447300,33100,48424,division,48424,33100,2024
"Lakewood-New Brunswick, NJ Metro Division; New York-Newark-Jersey City, NY-NJ Metro Area",112244,2520851,41.1,1750968,475645,248663,934139,680122,483100,35620,29484,division,29484,35620,2024
"Nassau County-Suffolk County, NY Metro Division; New York-Newark-Jersey City, NY-NJ Metro Area",137898,2919737,41.8,2051091,494473,302281,970731,796612,630000,35620,35004,division,35004,35620,2024
"Newark, NJ Metro Division; New York-Newark-Jersey City, NY-NJ Metro Area",105500,2232787,39.9,1545361,403915,207498,824937,495414,517900,35620,35084,division,35084,35620,2024
"New York-Jersey City-White Plains, NY-NJ Metro Division; New York-Newark-Jersey City, NY-NJ Metro Area",87995,12125162,38.6,8622680,2147203,1147441,4680140,1843069,686400,35620,35614,division,35614,35620,2024
"Camden, NJ Metro Division; Philadelphia-Camden-Wilmington, PA-NJ-DE-MD Metro Area",99795,1302016,40.2,912719,221914,96043,492307,356131,318000,37980,15804,division,15804,37980,2024
"Montgomery County-Bucks County-Chester County, PA Metro Division; Philadelphia-Camden-Wilmington, PA-NJ-DE-MD Metro Area",117678,2062874,42.0,1459857,429112,229157,789466,587067,452000,37980,33874,division,33874,37980,2024
"Philadelphia, PA Metro Division; Philadelphia-Camden-Wilmington, PA-NJ-DE-MD Metro Area",67714,2158928,36.2,1484216,306092,165249,896374,502921,264200,37980,37964,division,37964,37980,2024
"Wilmington, DE-MD-NJ Metro Division; Philadelphia-Camden-Wilmington, PA-NJ-DE-MD Metro Area",90224,748196,39.7,522152,110431,59048,289614,202916,341700,37980,48864,division,48864,37980,2024
"Oakland-Fremont-Berkeley, CA Metro Division; San Francisco-Oakland-Fremont, CA Metro Area",128560,2814485,39.6,2008589,568011,296076,1012663,607328,978500,41860,36084,division,36084,41860,2024
"San Francisco-San Mateo-Redwood City, CA Metro Division; San Francisco-Oakland-Fremont, CA Metro Area",148514,1572575,40.4,1204563,391888,192272,628389,293664,1482500,41860,41884,division,41884,41860,2024
"San Rafael, CA Metro Division; San Francisco-Oakland-Fremont, CA Metro Area",149091,257969,47.4,189753,63645,32133,103018,66616,1507300,41860,42034,division,42034,41860,2024
"Everett, WA Metro Division; Seattle-Tacoma-Bellevue, WA Metro Area",111246,844430,38.6,596438,148026,62211,316212,215602,696000,42660,21794,division,21794,42660,2024
"Seattle-Bellevue-Kent, WA Metro Division; Seattle-Tacoma-Bellevue, WA Metro Area",124746,2287171,37.4,1657996,540088,291531,941054,521805,859900,42660,42644,division,42644,42660,2024
"Tacoma-Lakewood, WA Metro Division; Seattle-Tacoma-Bellevue, WA Metro Area",99564,930319,37.0,635580,124653,51799,351330,227400,526600,42660,45104,division,45104,42660,2024
"St. Petersburg-Clearwater-Largo, FL Metro Division; Tampa-St. Petersburg-Clearwater, FL Metro Area",72646,963481,49.0,753975,174933,71421,428473,297912,355100,45300,41304,division,41304,45300,2024
"Tampa, FL Metro Division; Tampa-St. Petersburg-Clearwater, FL Metro Area",75284,2341210,39.9,1653653,352366,151817,901830,605458,341000,45300,45294,division,45294,45300,2024
"Arlington-Alexandria-Reston, VA-WV Metro Division; Washington-Arlington-Alexandria, DC-VA-MD-WV Metro Area",140012,3153805,38.0,2146842,643993,439407,1146067,774675,633400,47900,11694,division,11694,47900,2024
"Frederick-Gaithersburg-Bethesda, MD Metro Division; Washington-Arlington-Alexandria, DC-VA-MD-WV Metro Area",129927,1352997,40.0,936511,250976,181108,493845,334734,590200,47900,23224,division,23224,47900,2024
"Washington, DC-MD Metro Division; Washington-Arlington-Alexandria, DC-VA-MD-WV Metro Area",106950,1811575,36.9,1264847,283644,207529,733110,401333,474500,47900,47764,division,47764,47900,2024
