place_id,place_name,hpi_type,hpi_flavor,yr,avg_index_nsa,quarters_available,NAME,median_income,total_pop,median_age,adults_25_plus,bachelors_count,masters_count,total_occupied_units,owner_occupied_units,median_home_value,cbsa_code,metropolitan division,geo_level,geo_code,parent_cbsa,year,homeownership_rate
10180,"Abilene, TX",traditional,all-transactions,2014,186.8775,4,"Abilene, TX Metro Area",44249,167171,34.1,105223,15483,5036,60343,38204,91900,10180,,msa,10180,,2014,0.6331140314535241
10180,"Abilene, TX",traditional,all-transactions,2019,225.72750000000002,4,"Abilene, TX Metro Area",52511,170669,34.1,108067,16565,6061,60931,37756,116100,10180,,msa,10180,,2019,0.6196517372109436
10180,"Abilene, TX",traditional,all-transactions,2024,335.5475,4,"Abilene, TX Metro Area",67328,180408,34.5,114622,19850,8220,66088,42252,178700,10180,,msa,10180,,2024,0.6393293790098051
10420,"Akron, OH",traditional,all-transactions,2014,131.7925,4,"Akron, OH Metro Area",50776,703017,40.0,475037,88763,34933,281752,190131,137600,10420,,msa,10420,,2014,0.6748168602174962
10420,"Akron, OH",traditional,all-transactions,2019,160.675,4,"Akron, OH Metro Area",57285,703845,40.3,485570,96686,42654,286543,190863,150000,10420,,msa,10420,,2019,0.6660885102759446
10420,"Akron, OH",traditional,all-transactions,2024,248.60750000000002,4,"Akron, OH Metro Area",72371,699820,41.0,492073,107457,48140,296516,201905,213000,10420,,msa,10420,,2024,0.6809244695058614
10500,"Albany, GA",traditional,all-transactions,2014,143.535,4,"Albany, GA Metro Area",36805,156706,35.7,99770,9655,4480,58250,32825,103900,10500,,msa,10500,,2014,0.563519313304721
10500,"Albany, GA",traditional,all-transactions,2019,158.9,4,"Albany, GA Metro Area",44844,148436,36.9,97094,11153,5521,55714,30225,117700,10500,,msa,10500,,2019,0.542502782065549
10500,"Albany, GA",traditional,all-transactions,2024,240.49,4,"Albany, GA Metro Area",56906,146018,38.1,97190,11855,7163,57689,32438,157300,10500,,msa,10500,,2024,0.5622909046785349
10540,"Albany, OR",traditional,all-transactions,2014,167.6975,4,"Albany, OR Metro Area",44965,118270,39.4,80413,9722,3231,44942,29529,171700,10540,,msa,10540,,2014,0.6570468603978461
10540,"Albany, OR",traditional,all-transactions,2019,264.5325,4,"Albany-Lebanon, OR Metro Area",55893,125048,39.6,86850,11549,3675,47762,30748,221600,10540,,msa,10540,,2019,0.6437753862903564
10540,"Albany, OR",traditional,all-transactions,2024,405.265,4,"Albany, OR Metro Area",76329,130706,40.1,92020,13606,4753,50729,33918,376400,10540,,msa,10540,,2024,0.6686116422559089
10580,"Albany-Schenectady-Troy, NY",traditional,all-transactions,2014,183.725,4,"Albany-Schenectady-Troy, NY Metro Area",61841,875567,39.9,595704,112463,68299,347401,226423,196800,10580,,msa,10580,,2014,0.651762660441392
10580,"Albany-Schenectady-Troy, NY",traditional,all-transactions,2019,206.79250000000002,4,"Albany-Schenectady-Troy, NY Metro Area",71285,880736,40.0,608647,125071,75480,352713,225446,213600,10580,,msa,10580,,2019,0.6391768945289796
10580,"Albany-Schenectady-Troy, NY",traditional,all-transactions,2024,313.78499999999997,4,"Albany-Schenectady-Troy, NY Metro Area",88074,906052,40.5,634704,143568,90666,383063,245753,285900,10580,,msa,10580,,2024,0.6415472128605477
10740,"Albuquerque, NM",traditional,all-transactions,2014,154.29749999999999,4,"Albuquerque, NM Metro Area",48875,899137,36.9,597546,101561,54464,344168,229093,177100,10740,,msa,10740,,2014,0.6656429418191115
10740,"Albuquerque, NM",traditional,all-transactions,2019,182.32,4,"Albuquerque, NM Metro Area",54072,912108,38.2,626163,112215,61389,351354,235397,192800,10740,,msa,10740,,2019,0.6699710263722627
10740,"Albuquerque, NM",traditional,all-transactions,2024,292.0625,4,"Albuquerque, NM Metro Area",70783,921482,39.8,650478,128243,72281,376025,259675,287800,10740,,msa,10740,,2024,0.6905790838375108
10780,"Alexandria, LA",traditional,all-transactions,2014,194.565,4,"Alexandria, LA Metro Area",41032,154562,37.3,101860,11535,3846,54908,36475,115900,10780,,msa,10780,,2014,0.6642929991986596
10780,"Alexandria, LA",traditional,all-transactions,2019,211.58249999999998,4,"Alexandria, LA Metro Area",46367,153310,37.6,102911,12254,4885,55477,34725,136200,10780,,msa,10780,,2019,0.6259350721920796
10780,"Alexandria, LA",traditional,all-transactions,2024,271.83000000000004,4,"Alexandria, LA Metro Area",56353,149622,38.0,100899,13901,5658,56394,37644,175200,10780,,msa,10780,,2024,0.667517821044792
10900,"Allentown-Bethlehem-Easton, PA-NJ",traditional,all-transactions,2014,163.1625,4,"Allentown-Bethlehem-Easton, PA-NJ Metro Area",58681,826260,41.0,568319,95644,42240,313786,221920,202900,10900,,msa,10900,,2014,0.7072335923208811
10900,"Allentown-Bethlehem-Easton, PA-NJ",traditional,all-transactions,2019,188.8125,4,"Allentown-Bethlehem-Easton, PA-NJ Metro Area",67652,837610,41.4,583640,106961,48782,320529,220430,213800,10900,,msa,10900,,2019,0.6877068845564676
10900,"Allentown-Bethlehem-Easton, PA-NJ",traditional,all-transactions,2024,306.975,4,"Allentown-Bethlehem-Easton, PA-NJ Metro Area",84587,873603,41.4,613839,127900,57875,339656,236772,300800,10900,,msa,10900,,2024,0.6970935299243941
11020,"Altoona, PA",traditional,all-transactions,2014,178.5125,4,"Altoona, PA Metro Area",43871,126708,42.6,88648,11084,3878,50948,36708,108500,11020,,msa,11020,,2014,0.720499332652901
11020,"Altoona, PA",traditional,all-transactions,2019,199.97,4,"Altoona, PA Metro Area",49181,123157,43.4,88488,12495,4860,52126,36377,123600,11020,,msa,11020,,2019,0.6978667075931397
11020,"Altoona, PA",traditional,all-transactions,2024,272.445,4,"Altoona, PA Metro Area",62382,121277,43.1,86786,14576,4879,50558,36579,161100,11020,,msa,11020,,2024,0.7235056766486017
11100,"Amarillo, TX",traditional,all-transactions,2014,173.0125,4,"Amarillo, TX Metro Area",49553,257038,34.3,164003,26029,8868,95576,61670,118500,11100,,msa,11100,,2014,0.6452456683686281
11100,"Amarillo, TX",traditional,all-transactions,2019,202.4125,4,"Amarillo, TX Metro Area",55515,263776,35.1,170885,28965,9183,97345,62393,140500,11100,,msa,11100,,2019,0.6409471467461092
11100,"Amarillo, TX",traditional,all-transactions,2024,291.6875,4,"Amarillo, TX Metro Area",69611,271917,36.3,177871,31863,11472,103062,65834,208700,11100,,msa,11100,,2024,0.6387805398692049
11180,"Ames, IA",traditional,all-transactions,2014,176.9525,4,"Ames, IA Metro Area",51270,91939,26.5,48013,13350,5650,35666,19202,164200,11180,,msa,11180,,2014,0.5383838950260752
11180,"Ames, IA",traditional,all-transactions,2019,212.575,4,"Ames, IA Metro Area",58600,123311,29.2,69358,18492,7673,48765,28793,170600,11180,,msa,11180,,2019,0.590443965959192
11180,"Ames, IA",traditional,all-transactions,2024,303.3975,4,"Ames, IA Metro Area",73127,127134,29.9,72273,20313,8441,49840,30348,246300,11180,,msa,11180,,2024,0.608908507223114
11200,"Amherst Town-Northampton, MA",traditional,all-transactions,2024,342.35749999999996,4,"Amherst Town-Northampton, MA Metro Area",87001,162028,37.4,100832,24154,18950,62114,42116,390300,11200,,msa,11200,,2024,0.6780435972566571
11244,"Anaheim-Santa Ana-Irvine, CA (MSAD)",traditional,all-transactions,2014,283.6625,4,"Anaheim-Santa Ana-Irvine, CA Metro Division; Los Angeles-Long Beach-Anaheim, CA Metro Area",75998,3086331,36.7,2043735,494995,179886,1002285,583146,532300,11244,11244,division,11244,31080,2014,0.581816549185112
11244,"Anaheim-Santa Ana-Irvine, CA (MSAD)",traditional,all-transactions,2019,355.7225,4,"Anaheim-Santa Ana-Irvine, CA Metro Division; Los Angeles-Long Beach-Anaheim, CA Metro Area",90234,3168044,38.1,2168424,564720,217133,1037492,595272,679300,11244,11244,division,11244,31080,2019,0.5737605687561929
11244,"Anaheim-Santa Ana-Irvine, CA (MSAD)",traditional,all-transactions,2024,541.355,4,"Anaheim-Santa Ana-Irvine, CA Metro Division; Los Angeles-Long Beach-Anaheim, CA Metro Area",116289,3165820,39.4,2217917,615032,247570,1082960,610659,962600,11244,11244,division,11244,31080,2024,0.5638795523380364
11260,"Anchorage, AK",traditional,all-transactions,2014,213.815,4,"Anchorage, AK Metro Area",76453,392021,33.0,247251,47946,18663,136268,86636,268200,11260,,msa,11260,,2014,0.6357765579593154
11260,"Anchorage, AK",traditional,all-transactions,2019,230.73250000000002,4,"Anchorage, AK Metro Area",83048,398900,34.0,260056,52286,22002,137784,89426,294800,11260,,msa,11260,,2019,0.649030366370551
11260,"Anchorage, AK",traditional,all-transactions,2024,318.3025,4,"Anchorage, AK Metro Area",100505,401964,35.6,267713,57575,25023,148466,100185,379100,11260,,msa,11260,,2024,0.6748009645305996
11460,"Ann Arbor, MI",traditional,all-transactions,2014,162.9925,4,"Ann Arbor, MI Metro Area",60805,351454,33.3,217885,54494,36742,136471,82742,199200,11460,,msa,11460,,2014,0.6062973085857069
11460,"Ann Arbor, MI",traditional,all-transactions,2019,217.37,4,"Ann Arbor, MI Metro Area",72586,367000,33.6,229268,60380,43126,141245,86332,263600,11460,,msa,11460,,2019,0.611221636164112
11460,"Ann Arbor, MI",traditional,all-transactions,2024,313.295,4,"Ann Arbor, MI Metro Area",89180,369822,35.0,237324,64674,46968,150550,92768,374100,11460,,msa,11460,,2024,0.6161939554965128
11500,"Anniston-Oxford, AL",traditional,all-transactions,2014,155.5875,4,"Anniston-Oxford-Jacksonville, AL Metro Area",40919,117186,38.8,78667,8434,3664,45348,31077,103300,11500,,msa,11500,,2014,0.6853003440063509
11500,"Anniston-Oxford, AL",traditional,all-transactions,2019,178.20499999999998,4,"Anniston-Oxford, AL Metro Area",47255,114618,39.6,79108,8311,4484,44605,31254,118000,11500,,msa,11500,,2019,0.7006837798453088
11500,"Anniston-Oxford, AL",traditional,all-transactions,2024,275.3025,4,"Anniston-Oxford, AL Metro Area",55029,116090,39.3,78486,9874,4609,45015,31654,156600,11500,,msa,11500,,2024,0.7031878262801289
11540,"Appleton, WI",traditional,all-transactions,2014,151.215,4,"Appleton, WI Metro Area",60413,228641,38.0,152422,29587,9016,88750,65442,158400,11540,,msa,11540,,2014,0.737374647887324
11540,"Appleton, WI",traditional,all-transactions,2019,189.84,4,"Appleton, WI Metro Area",67616,235628,38.8,159675,33335,10466,93455,68362,171300,11540,,msa,11540,,2019,0.7314964421379273
11540,"Appleton, WI",traditional,all-transactions,2024,307.91499999999996,4,"Appleton, WI Metro Area",85825,245768,39.4,169765,39891,11975,99754,73140,268900,11540,,msa,11540,,2024,0.7332036810553962
11694,"Arlington-Alexandria-Reston, VA-WV (MSAD)",traditional,all-transactions,2024,393.525,4,"Arlington-Alexandria-Reston, VA-WV Metro Division; Washington-Arlington-Alexandria, DC-VA-MD-WV Metro Area",140012,3153805,38.0,2146842,643993,439407,1146067,774675,633400,11694,11694,division,11694,47900,2024,0.6759421569594098
11700,"Asheville, NC",traditional,all-transactions,2014,219.76,4,"Asheville, NC Metro Area",44820,433204,43.0,312899,61465,25333,181793,123751,179700,11700,,msa,11700,,2014,0.680724780382083
11700,"Asheville, NC",traditional,all-transactions,2019,305.5025,4,"Asheville, NC Metro Area",52735,454351,44.2,335326,74111,32263,191756,129932,220600,11700,,msa,11700,,2019,0.6775902709693569
11700,"Asheville, NC",traditional,all-transactions,2024,502.1175,4,"Asheville, NC Metro Area",71838,414711,44.0,309724,78889,35883,161264,112183,370900,11700,,msa,11700,,2024,0.6956481297747792
12020,"Athens-Clarke County, GA",traditional,all-transactions,2014,164.625,4,"Athens-Clarke County, GA Metro Area",41624,196287,30.7,115287,20050,12018,68975,38585,158600,12020,,msa,12020,,2014,0.5594055817325118
12020,"Athens-Clarke County, GA",traditional,all-transactions,2019,226.705,4,"Athens-Clarke County, GA Metro Area",47214,208457,32.2,126504,25183,14947,78662,42583,178700,12020,,msa,12020,,2019,0.5413414355088861
12020,"Athens-Clarke County, GA",traditional,all-transactions,2024,396.6325,4,"Athens-Clarke County, GA Metro Area",65608,220197,33.6,135797,29079,17974,86101,47934,310200,12020,,msa,12020,,2024,0.5567182727262169
12054,"Atlanta-Sandy Springs-Roswell, GA (MSAD)",traditional,all-transactions,2024,363.1275,4,"Atlanta-Sandy Springs-Roswell, GA Metro Division; Atlanta-Sandy Springs-Roswell, GA Metro Area",86620,4876830,37.0,3272223,823598,395957,1803253,1166198,361200,12054,12054,division,12054,12060,2024,0.6467190128063006
12100,"Atlantic City-Hammonton, NJ",traditional,all-transactions,2014,214.46,4,"Atlantic City-Hammonton, NJ Metro Area",54392,275325,40.5,186811,30807,10587,101166,68479,230200,12100,,msa,12100,,2014,0.6768973765889725
12100,"Atlantic City-Hammonton, NJ",traditional,all-transactions,2019,235.575,4,"Atlantic City-Hammonton, NJ Metro Area",62110,266105,41.7,184676,34305,12463,99850,67025,217900,12100,,msa,12100,,2019,0.671256885327992
12100,"Atlantic City-Hammonton, NJ",traditional,all-transactions,2024,431.15999999999997,4,"Atlantic City-Hammonton, NJ Metro Area",82105,371211,44.5,267290,58701,22648,154441,111334,331700,12100,,msa,12100,,2024,0.7208837031617252
12220,"Auburn-Opelika, AL",traditional,all-transactions,2014,165.485,4,"Auburn-Opelika, AL Metro Area",43641,147790,30.2,85595,16049,7911,56637,34197,150100,12220,,msa,12220,,2014,0.6037925737592034
12220,"Auburn-Opelika, AL",traditional,all-transactions,2019,204.3125,4,"Auburn-Opelika, AL Metro Area",51463,161152,31.9,97055,19015,10682,60237,37111,169300,12220,,msa,12220,,2019,0.6160831382704982
12220,"Auburn-Opelika, AL",traditional,all-transactions,2024,310.7175,4,"Auburn-Opelika, AL Metro Area",63649,199825,34.1,124218,27317,15614,76673,50518,247500,12220,,msa,12220,,2024,0.6588760058951652
12260,"Augusta-Richmond County, GA-SC",traditional,all-transactions,2014,153.645,4,"Augusta-Richmond County, GA-SC Metro Area",46144,575669,37.0,379294,56546,23198,208736,140911,125900,12260,,msa,12260,,2014,0.6750680285144872
12260,"Augusta-Richmond County, GA-SC",traditional,all-transactions,2019,186.8525,4,"Augusta-Richmond County, GA-SC Metro Area",53269,599616,37.6,404405,65143,26450,215210,144377,146100,12260,,msa,12260,,2019,0.670865666093583
12260,"Augusta-Richmond County, GA-SC",traditional,all-transactions,2024,300.5875,4,"Augusta-Richmond County, GA-SC Metro Area",69344,624181,38.3,426107,75133,35175,231857,157738,226100,12260,,msa,12260,,2024,0.6803245103663034
12420,"Austin-Round Rock-San Marcos, TX",traditional,all-transactions,2014,236.7225,4,"Austin-Round Rock, TX Metro Area",61900,1835016,33.3,1182550,316670,119146,673901,390412,196500,12420,,msa,12420,,2014,0.5793313854705662
12420,"Austin-Round Rock-San Marcos, TX",traditional,all-transactions,2019,339.1225,4,"Austin-Round Rock-Georgetown, TX Metro Area",76844,2114441,34.7,1415811,408396,163686,764989,445231,281500,12420,,msa,12420,,2019,0.5820096759561249
12420,"Austin-Round Rock-San Marcos, TX",traditional,all-transactions,2024,505.67,4,"Austin-Round Rock-San Marcos, TX Metro Area",100431,2426592,36.0,1670579,531649,236077,989434,576470,465000,12420,,msa,12420,,2024,0.5826260265970241
12540,"Bakersfield-Delano, CA",traditional,all-transactions,2014,181.5025,4,"Bakersfield, CA Metro Area",48574,857730,31.0,506477,51067,17956,257737,147334,161800,12540,,msa,12540,,2014,0.5716447386289124
12540,"Bakersfield-Delano, CA",traditional,all-transactions,2019,223.10750000000002,4,"Bakersfield, CA Metro Area",53350,887641,31.6,537799,58968,20953,270282,157554,213900,12540,,msa,12540,,2019,0.5829245010766533
12540,"Bakersfield-Delano, CA",traditional,all-transactions,2024,348.465,4,"Bakersfield-Delano, CA Metro Area",70210,915075,32.7,563569,69245,26410,284931,171133,338300,12540,,msa,12540,,2024,0.6006120780118696
12580,"Baltimore-Columbia-Towson, MD",traditional,all-transactions,2014,207.6925,4,"Baltimore-Columbia-Towson, MD Metro Area",70311,2753396,38.2,1866079,385227,210380,1032863,686405,277600,12580,,msa,12580,,2014,0.6645653876651598
12580,"Baltimore-Columbia-Towson, MD",traditional,all-transactions,2019,233.2475,4,"Baltimore-Columbia-Towson, MD Metro Area",81598,2796733,38.4,1934366,433703,246522,1049909,698615,298500,12580,,msa,12580,,2019,0.6654052875058696
12580,"Baltimore-Columbia-Towson, MD",traditional,all-transactions,2024,327.02,4,"Baltimore-Columbia-Towson, MD Metro Area",99470,2849436,39.0,1980396,465808,292937,1120269,749584,391300,12580,,msa,12580,,2024,0.6691107225139676
12620,"Bangor, ME",traditional,all-transactions,2014,176.48250000000002,4,"Bangor, ME Metro Area",44543,153627,40.8,105346,16180,6405,62215,41918,137700,12620,,msa,12620,,2014,0.6737603471831551
12620,"Bangor, ME",traditional,all-transactions,2019,201.825,4,"Bangor, ME Metro Area",50808,151774,42.0,107888,18842,7730,62156,43123,144700,12620,,msa,12620,,2019,0.6937866014544051
12620,"Bangor, ME",traditional,all-transactions,2024,352.2575,4,"Bangor, ME Metro Area",66356,154710,42.5,111532,20331,8885,65221,46010,214100,12620,,msa,12620,,2024,0.7054476318977017
12700,"Barnstable Town, MA",traditional,all-transactions,2014,257.5225,4,"Barnstable Town, MA Metro Area",61597,215167,50.8,164363,37716,20087,94371,74245,362800,12700,,msa,12700,,2014,0.7867353318286338
12700,"Barnstable Town, MA",traditional,all-transactions,2019,317.435,4,"Barnstable Town, MA Metro Area",74336,213496,53.3,165855,41225,22640,94323,75287,393500,12700,,msa,12700,,2019,0.7981828398163756
12700,"Barnstable Town, MA",traditional,all-transactions,2024,539.8125,4,"Barnstable Town, MA Metro Area",95241,231668,55.4,183732,47512,29705,105777,85753,629000,12700,,msa,12700,,2024,0.8106960870510602
12940,"Baton Rouge, LA",traditional,all-transactions,2014,192.7375,4,"Baton Rouge, LA Metro Area",51829,814805,34.5,520286,93989,30983,299156,204029,158600,12940,,msa,12940,,2014,0.682015403334715
12940,"Baton Rouge, LA",traditional,all-transactions,2019,224.45999999999998,4,"Baton Rouge, LA Metro Area",58912,854318,35.6,556924,100136,36666,308531,212985,181700,12940,,msa,12940,,2019,0.690319611319446
12940,"Baton Rouge, LA",traditional,all-transactions,2024,283.7925,4,"Baton Rouge, LA Metro Area",69599,875313,36.2,570234,106950,47239,332585,229860,241100,12940,,msa,12940,,2024,0.691131590420494
12980,"Battle Creek, MI",traditional,all-transactions,2014,142.835,4,"Battle Creek, MI Metro Area",43199,135150,40.0,91028,11714,4660,52842,36908,97100,12980,,msa,12980,,2014,0.6984595586843798
12980,"Battle Creek, MI",traditional,all-transactions,2019,181.48499999999999,4,"Battle Creek, MI Metro Area",48607,134212,39.8,91137,12525,5242,53991,37743,110000,12980,,msa,12980,,2019,0.699060954603545
12980,"Battle Creek, MI",traditional,all-transactions,2024,287.7,4,"Battle Creek, MI Metro Area",63177,133778,40.2,91914,13769,5633,53333,38747,162800,12980,,msa,12980,,2024,0.7265107906924418
13020,"Bay City, MI",traditional,all-transactions,2014,138.39999999999998,4,"Bay City, MI Metro Area",45715,107074,42.3,74904,9499,3292,43712,34145,93300,13020,,msa,13020,,2014,0.7811356149341142
13020,"Bay City, MI",traditional,all-transactions,2019,162.6025,4,"Bay City, MI Metro Area",48819,104104,43.4,74642,9689,3594,44339,34037,102000,13020,,msa,13020,,2019,0.7676537585421412
13020,"Bay City, MI",traditional,all-transactions,2024,266.5575,4,"Bay City, MI Metro Area",61763,103008,43.9,75312,11358,4166,45103,34745,152200,13020,,msa,13020,,2024,0.7703478704299049
13140,"Beaumont-Port Arthur, TX",traditional,all-transactions,2014,173.795,4,"Beaumont-Port Arthur, TX Metro Area",44845,404741,36.9,267558,31403,9173,149713,102905,95500,13140,,msa,13140,,2014,0.6873484600535692
13140,"Beaumont-Port Arthur, TX",traditional,all-transactions,2019,213.85,4,"Beaumont-Port Arthur, TX Metro Area",54016,395174,36.9,263453,34237,10384,145308,97408,114500,13140,,msa,13140,,2019,0.6703553830484212
13140,"Beaumont-Port Arthur, TX",traditional,all-transactions,2024,290.75,4,"Beaumont-Port Arthur, TX Metro Area",64659,396827,37.7,265577,36012,11867,149466,101933,173600,13140,,msa,13140,,2024,0.6819811863567634
13220,"Beckley, WV",traditional,all-transactions,2014,192.005,4,"Beckley, WV Metro Area",38606,124536,41.5,88945,9338,3824,48730,36447,86900,13220,,msa,13220,,2014,0.7479376154319721
13220,"Beckley, WV",traditional,all-transactions,2019,194.51999999999998,4,"Beckley, WV Metro Area",42817,118828,43.2,85312,9441,4170,48644,36369,101800,13220,,msa,13220,,2019,0.7476564427267495
13220,"Beckley, WV",traditional,all-transactions,2024,287.2875,4,"Beckley, WV Metro Area",52620,112714,43.4,80850,10361,4362,44952,34236,129600,13220,,msa,13220,,2024,0.7616123865456487
13380,"Bellingham, WA",traditional,all-transactions,2014,202.5525,4,"Bellingham, WA Metro Area",53025,204855,36.5,132477,28409,9950,79837,50008,273000,13380,,msa,13380,,2014,0.6263762415922441
13380,"Bellingham, WA",traditional,all-transactions,2019,300.3725,4,"Bellingham, WA Metro Area",62984,220821,37.3,146274,32227,12314,86523,53580,345700,13380,,msa,13380,,2019,0.6192573073055719
13380,"Bellingham, WA",traditional,all-transactions,2024,468.575,4,"Bellingham, WA Metro Area",81784,230503,38.4,157791,38558,16257,94021,59904,585800,13380,,msa,13380,,2024,0.6371342572404037
13460,"Bend, OR",traditional,all-transactions,2014,216.115,4,"Bend-Redmond, OR Metro Area",49584,163141,41.4,115139,23323,9357,64917,42175,243400,13460,,msa,13460,,2014,0.6496757397908098
13460,"Bend, OR",traditional,all-transactions,2019,336.825,4,"Bend, OR Metro Area",67043,186251,42.4,135615,30445,12409,74397,49809,364600,13460,,msa,13460,,2019,0.6695028025323602
13460,"Bend, OR",traditional,all-transactions,2024,545.5775,4,"Bend, OR Metro Area",89788,257814,43.0,191189,49072,20080,104529,73771,602600,13460,,msa,13460,,2024,0.705746730572377
13740,"Billings, MT",traditional,all-transactions,2014,216.2275,4,"Billings, MT Metro Area",51481,162892,38.9,111263,22803,5944,66009,45601,187100,13740,,msa,13740,,2014,0.6908300383281067
13740,"Billings, MT",traditional,all-transactions,2019,253.65,4,"Billings, MT Metro Area",61278,179071,39.5,123540,27044,8106,74670,51900,227900,13740,,msa,13740,,2019,0.6950582563278425
13740,"Billings, MT",traditional,all-transactions,2024,394.0375,4,"Billings, MT Metro Area",77194,189255,39.9,132024,31225,9113,78371,55456,355200,13740,,msa,13740,,2024,0.7076086817828023
13780,"Binghamton, NY",traditional,all-transactions,2014,170.0875,4,"Binghamton, NY Metro Area",48290,249261,40.6,167325,24021,14584,99616,68367,108800,13780,,msa,13780,,2014,0.6863054127850947
13780,"Binghamton, NY",traditional,all-transactions,2019,179.7575,4,"Binghamton, NY Metro Area",54295,241874,40.8,162760,25322,15403,98579,66598,117600,13780,,msa,13780,,2019,0.6755799916817984
13780,"Binghamton, NY",traditional,all-transactions,2024,274.6725,4,"Binghamton, NY Metro Area",64590,245242,40.3,165301,27049,16961,102352,69011,156000,13780,,msa,13780,,2024,0.6742516023135845
13820,"Birmingham, AL",traditional,all-transactions,2014,160.17000000000002,4,"Birmingham-Hoover, AL Metro Area",48438,1135534,38.1,766908,133142,52861,435724,303258,144000,13820,,msa,13820,,2014,0.6959864501381609
13820,"Birmingham, AL",traditional,all-transactions,2019,198.835,4,"Birmingham-Hoover, AL Metro Area",57447,1085330,38.5,742599,146273,57595,417562,287678,165200,13820,,msa,13820,,2019,0.6889467911352086
13820,"Birmingham, AL",traditional,all-transactions,2024,297.145,4,"Birmingham, AL Metro Area",71498,1184613,38.9,810907,167866,72066,465003,329222,240200,13820,,msa,13820,,2024,0.7079997333350537
13900,"Bismarck, ND",traditional,all-transactions,2014,262.89,4,"Bismarck, ND Metro Area",62375,120688,37.0,80902,17273,5114,49468,35482,171000,13900,,msa,13900,,2014,0.7172717716503598
13900,"Bismarck, ND",traditional,all-transactions,2019,286.2625,4,"Bismarck, ND Metro Area",71398,127503,37.3,87141,21167,5475,53810,37367,249000,13900,,msa,13900,,2019,0.6944248280988664
13900,"Bismarck, ND",traditional,all-transactions,2024,379.5325,4,"Bismarck, ND Metro Area",85156,136216,38.4,92525,23861,7168,55940,40397,306400,13900,,msa,13900,,2024,0.7221487307829818
13980,"Blacksburg-Christiansburg-Radford, VA",traditional,all-transactions,2014,188.46249999999998,4,"Blacksburg-Christiansburg-Radford, VA Metro Area",44564,179908,32.8,107490,18070,9415,68600,42677,159300,13980,,msa,13980,,2014,0.6221137026239068
13980,"Blacksburg-Christiansburg-Radford, VA",traditional,all-transactions,2019,217.3225,4,"Blacksburg-Christiansburg, VA Metro Area",55065,166785,33.5,101838,18247,10743,62701,37911,182600,13980,,msa,13980,,2019,0.6046315050796638
13980,"Blacksburg-Christiansburg-Radford, VA",traditional,all-transactions,2024,332.3225,4,"Blacksburg-Christiansburg-Radford, VA Metro Area",65839,181664,35.1,112826,20431,13077,70282,44239,240900,13980,,msa,13980,,2024,0.6294499302808685
14010,"Bloomington, IL",traditional,all-transactions,2014,145.3375,4,"Bloomington, IL Metro Area",61173,188851,33.2,114596,32215,10740,71161,48111,154000,14010,,msa,14010,,2014,0.6760866204803193
14010,"Bloomington, IL",traditional,all-transactions,2019,149.025,4,"Bloomington, IL Metro Area",67675,172578,33.1,104831,30723,12080,65845,42551,167000,14010,,msa,14010,,2019,0.646229782063938
14010,"Bloomington, IL",traditional,all-transactions,2024,226.5525,4,"Bloomington, IL Metro Area",79905,171556,34.3,106224,32898,12225,70220,45704,208400,14010,,msa,14010,,2024,0.6508686983765309
14020,"Bloomington, IN",traditional,all-transactions,2014,166.2625,4,"Bloomington, IN Metro Area",42416,162422,29.7,92831,17947,12151,62317,35780,150800,14020,,msa,14020,,2014,0.5741611438291317
14020,"Bloomington, IN",traditional,all-transactions,2019,214.91750000000002,4,"Bloomington, IN Metro Area",49798,167296,31.1,99455,21794,13161,64400,38056,166400,14020,,msa,14020,,2019,0.5909316770186336
14020,"Bloomington, IN",traditional,all-transactions,2024,325.5125,4,"Bloomington, IN Metro Area",65543,162569,33.1,98983,21584,14947,67854,38979,263700,14020,,msa,14020,,2024,0.5744539747104076
14260,"Boise City, ID",traditional,all-transactions,2014,171.12,4,"Boise City, ID Metro Area",50776,639616,34.9,408520,82552,27336,232248,158062,164400,14260,,msa,14260,,2014,0.6805742137714856
14260,"Boise City, ID",traditional,all-transactions,2019,289.755,4,"Boise City, ID Metro Area",60568,710743,36.3,466995,99679,34428,260369,181466,239900,14260,,msa,14260,,2019,0.6969570110112955
14260,"Boise City, ID",traditional,all-transactions,2024,481.825,4,"Boise City, ID Metro Area",85987,811115,37.6,548846,135013,49142,304187,220621,468900,14260,,msa,14260,,2024,0.7252808305417391
14454,"Boston, MA (MSAD)",traditional,all-transactions,2014,242.845,4,"Boston, MA Metro Division; Boston-Cambridge-Newton, MA-NH Metro Area",70181,1931560,37.2,1314269,320350,161191,729965,419603,365100,14454,14454,division,14454,14460,2014,0.574826190296795
14454,"Boston, MA (MSAD)",traditional,all-transactions,2019,312.11,4,"Boston, MA Metro Division; Boston-Cambridge-Newton, MA-NH Metro Area",86274,2012345,37.4,1403836,365855,194759,762604,438044,441600,14454,14454,division,14454,14460,2019,0.574405589270447
14454,"Boston, MA (MSAD)",traditional,all-transactions,2024,464.8375,4,"Boston, MA Metro Division; Boston-Cambridge-Newton, MA-NH Metro Area",111800,2050278,38.3,1450515,404999,231091,813676,471812,647200,14454,14454,division,14454,14460,2024,0.5798524228316922
14500,"Boulder, CO",traditional,all-transactions,2014,224.39249999999998,4,"Boulder, CO Metro Area",69407,305166,35.7,195716,61713,34828,121526,76007,358000,14500,,msa,14500,,2014,0.6254381778384872
14500,"Boulder, CO",traditional,all-transactions,2019,337.8525,4,"Boulder, CO Metro Area",83019,322510,36.6,212755,72262,40006,127415,79273,497300,14500,,msa,14500,,2019,0.6221637954714908
14500,"Boulder, CO",traditional,all-transactions,2024,470.825,4,"Boulder, CO Metro Area",103994,328961,37.7,220629,75396,45033,137008,84900,756300,14500,,msa,14500,,2024,0.6196718439799136
14540,"Bowling Green, KY",traditional,all-transactions,2014,155.83499999999998,4,"Bowling Green, KY Metro Area",43396,162322,34.9,102291,13644,6903,62821,39536,124300,14540,,msa,14540,,2014,0.6293436908040305
14540,"Bowling Green, KY",traditional,all-transactions,2019,193.2625,4,"Bowling Green, KY Metro Area",49700,174498,35.1,110230,17808,8158,65672,41509,151000,14540,,msa,14540,,2019,0.6320654160068218
14540,"Bowling Green, KY",traditional,all-transactions,2024,297.4,4,"Bowling Green, KY Metro Area",63328,186959,35.4,119390,19768,8953,73344,44400,233700,14540,,msa,14540,,2024,0.6053664921465969
14580,"Bozeman, MT",traditional,all-transactions,2014,232.0875,4,"Bozeman, MT Micro Area",54298,93108,33.0,58743,18330,5780,37495,22987,263200,14580,,msa,14580,,2014,0.6130684091212162
14580,"Bozeman, MT",traditional,all-transactions,2019,349.78,4,"Bozeman, MT Micro Area",66397,108063,33.4,68995,22434,7957,43777,26781,357100,14580,,msa,14580,,2019,0.611759599789844
14580,"Bozeman, MT",traditional,all-transactions,2024,610.1800000000001,4,"Bozeman, MT Metro Area",93528,124074,34.2,81048,27561,10286,51215,31270,667600,14580,,msa,14580,,2024,0.6105633115298252
14740,"Bremerton-Silverdale-Port Orchard, WA",traditional,all-transactions,2014,187.4825,4,"Bremerton-Silverdale, WA Metro Area",62473,253614,39.3,172157,33302,12951,97993,65511,259000,14740,,msa,14740,,2014,0.6685273437898626
14740,"Bremerton-Silverdale-Port Orchard, WA",traditional,all-transactions,2019,291.3725,4,"Bremerton-Silverdale-Port Orchard, WA Metro Area",75411,265882,39.1,184816,40043,15717,103913,70456,329900,14740,,msa,14740,,2019,0.6780287355768768
14740,"Bremerton-Silverdale-Port Orchard, WA",traditional,all-transactions,2024,435.125,4,"Bremerton-Silverdale-Port Orchard, WA Metro Area",104158,277881,40.2,198424,47450,20300,108537,76121,555100,14740,,msa,14740,,2024,0.7013368712973456
14860,"Bridgeport-Stamford-Danbury, CT",traditional,all-transactions,2014,189.60750000000002,4,"Bridgeport-Stamford-Norwalk, CT Metro Area",83163,934215,39.6,630525,160572,92566,333502,228331,422400,14860,,msa,14860,,2014,0.6846465688361689
14860,"Bridgeport-Stamford-Danbury, CT",traditional,all-transactions,2019,202.0,4,"Bridgeport-Stamford-Norwalk, CT Metro Area",95645,943926,40.6,643285,172191,100347,340189,228111,428500,14860,,msa,14860,,2019,0.6705419634379712
14860,"Bridgeport-Stamford-Danbury, CT",traditional,all-transactions,2024,318.0675,4,"Bridgeport-Stamford-Danbury, CT Metro Area",114565,956330,41.0,660738,184950,109392,355012,234406,564500,14860,,msa,14860,,2024,0.6602762723513571
15180,"Brownsville-Harlingen, TX",traditional,all-transactions,2014,153.38,4,"Brownsville-Harlingen, TX Metro Area",33390,415103,31.0,237917,27313,7401,119695,80361,77400,15180,,msa,15180,,2014,0.6713814277956472
15180,"Brownsville-Harlingen, TX",traditional,all-transactions,2019,178.68,4,"Brownsville-Harlingen, TX Metro Area",38758,421666,31.7,246971,29859,9510,124605,82097,85800,15180,,msa,15180,,2019,0.6588579912523574
15180,"Brownsville-Harlingen, TX",traditional,all-transactions,2024,296.89750000000004,4,"Brownsville-Harlingen, TX Metro Area",52601,426120,32.7,257360,38820,13763,138433,90278,136500,15180,,msa,15180,,2024,0.6521421915294764
15260,"Brunswick-St. Simons, GA",traditional,all-transactions,2014,170.04,4,"Brunswick, GA Metro Area",44055,113572,40.6,77488,10017,4790,43257,28523,130900,15260,,msa,15260,,2014,0.6593846082714936
15260,"Brunswick-St. Simons, GA",traditional,all-transactions,2019,224.925,4,"Brunswick, GA Metro Area",50671,117400,42.7,82957,12412,5869,46984,31641,155300,15260,,msa,15260,,2019,0.6734420228162779
15260,"Brunswick-St. Simons, GA",traditional,all-transactions,2024,374.565,4,"Brunswick-St. Simons, GA Metro Area",66623,115074,43.6,83143,14318,5957,47209,33022,242500,15260,,msa,15260,,2024,0.699485267639645
15380,"Buffalo-Cheektowaga, NY",traditional,all-transactions,2014,156.625,4,"Buffalo-Cheektowaga-Niagara Falls, NY Metro Area",50726,1135667,40.9,780817,128514,77737,470035,311308,122600,15380,,msa,15380,,2014,0.6623081259906177
15380,"Buffalo-Cheektowaga, NY",traditional,all-transactions,2019,199.15,4,"Buffalo-Cheektowaga, NY Metro Area",57621,1130175,40.8,796707,146777,84748,478104,314126,148500,15380,,msa,15380,,2019,0.6570244130984053
15380,"Buffalo-Cheektowaga, NY",traditional,all-transactions,2024,319.14,4,"Buffalo-Cheektowaga, NY Metro Area",72237,1161343,40.9,826432,166071,99598,501549,335035,226100,15380,,msa,15380,,2024,0.6680005343446004
15500,"Burlington, NC",traditional,all-transactions,2014,135.0725,4,"Burlington, NC Metro Area",42592,153713,39.1,102239,14783,4790,61046,40306,135800,15500,,msa,15500,,2014,0.6602562002424401
15500,"Burlington, NC",traditional,all-transactions,2019,166.8325,4,"Burlington, NC Metro Area",49688,163324,39.1,109872,19098,5843,64439,41994,154800,15500,,msa,15500,,2019,0.6516860907214576
15500,"Burlington, NC",traditional,all-transactions,2024,290.1125,4,"Burlington, NC Metro Area",65651,176893,38.9,119714,22917,8586,70062,45543,241500,15500,,msa,15500,,2024,0.6500385372955383
15540,"Burlington-South Burlington, VT",traditional,all-transactions,2014,214.6675,4,"Burlington-South Burlington, VT Metro Area",62175,213891,37.7,141212,35956,15608,84818,57418,252000,15540,,msa,15540,,2014,0.6769553632483671
15540,"Burlington-South Burlington, VT",traditional,all-transactions,2019,247.3425,4,"Burlington-South Burlington, VT Metro Area",71413,218784,37.8,146712,39250,18200,87679,57745,275600,15540,,msa,15540,,2019,0.6585955587997125
15540,"Burlington-South Burlington, VT",traditional,all-transactions,2024,401.5375,4,"Burlington-South Burlington, VT Metro Area",93043,227846,38.5,156733,45353,23014,94559,63950,401000,15540,,msa,15540,,2024,0.6762973381698199
15764,"Cambridge-Newton-Framingham, MA (MSAD)",traditional,all-transactions,2014,233.01999999999998,4,"Cambridge-Newton-Framingham, MA Metro Division; Boston-Cambridge-Newton, MA-NH Metro Area",78251,2297227,39.2,1587843,394608,240106,870705,545674,385000,15764,15764,division,15764,14460,2014,0.6267036481931308
15764,"Cambridge-Newton-Framingham, MA (MSAD)",traditional,all-transactions,2019,300.15250000000003,4,"Cambridge-Newton-Framingham, MA Metro Division; Boston-Cambridge-Newton, MA-NH Metro Area",94373,2384518,39.3,1666287,437526,284308,898586,565692,470200,15764,15764,division,15764,14460,2019,0.6295357372583147
15764,"Cambridge-Newton-Framingham, MA (MSAD)",traditional,all-transactions,2024,445.02,4,"Cambridge-Newton-Framingham, MA Metro Division; Boston-Cambridge-Newton, MA-NH Metro Area",120883,2451419,39.6,1732157,479781,312873,947362,587731,687400,15764,15764,division,15764,14460,2024,0.6203869270669501
15804,"Camden, NJ (MSAD)",traditional,all-transactions,2014,173.23250000000002,4,"Camden, NJ Metro Division; Philadelphia-Camden-Wilmington, PA-NJ-DE-MD Metro Area",71333,1252492,39.5,849991,175444,65317,456292,337738,222800,15804,15804,division,15804,37980,2014,0.7401795341579515
15804,"Camden, NJ (MSAD)",traditional,all-transactions,2019,192.66,4,"Camden, NJ Metro Division; Philadelphia-Camden-Wilmington, PA-NJ-DE-MD Metro Area",80477,1243605,40.2,863312,190305,77590,458682,334779,222400,15804,15804,division,15804,37980,2019,0.7298716758015357
15804,"Camden, NJ (MSAD)",traditional,all-transactions,2024,336.51750000000004,4,"Camden, NJ Metro Division; Philadelphia-Camden-Wilmington, PA-NJ-DE-MD Metro Area",99795,1302016,40.2,912719,221914,96043,492307,356131,318000,15804,15804,division,15804,37980,2024,0.7233921110201561
15940,"Canton-Massillon, OH",traditional,all-transactions,2014,139.5975,4,"Canton-Massillon, OH Metro Area",46233,403629,41.8,278118,37983,14475,160678,112481,120900,15940,,msa,15940,,2014,0.7000398312152255
15940,"Canton-Massillon, OH",traditional,all-transactions,2019,168.26749999999998,4,"Canton-Massillon, OH Metro Area",53978,399736,42.3,279417,39186,17467,164758,113546,133900,15940,,msa,15940,,2019,0.6891683560130616
15940,"Canton-Massillon, OH",traditional,all-transactions,2024,259.2675,4,"Canton-Massillon, OH Metro Area",67801,400372,42.1,281890,45768,19770,167161,116785,186200,15940,,msa,15940,,2024,0.6986378401660674
15980,"Cape Coral-Fort Myers, FL",traditional,all-transactions,2014,179.995,4,"Cape Coral-Fort Myers, FL Metro Area",47908,647554,46.4,475182,75812,30397,246061,170487,150000,15980,,msa,15980,,2014,0.6928647774332382
15980,"Cape Coral-Fort Myers, FL",traditional,all-transactions,2019,257.3675,4,"Cape Coral-Fort Myers, FL Metro Area",57832,737468,48.5,554846,97615,40004,275965,199589,224800,15980,,msa,15980,,2019,0.7232402659757577
15980,"Cape Coral-Fort Myers, FL",traditional,all-transactions,2024,436.1575,4,"Cape Coral-Fort Myers, FL Metro Area",76107,817666,49.0,618547,117673,52333,327803,243654,362200,15980,,msa,15980,,2024,0.7432939905980116
16020,"Cape Girardeau, MO-IL",traditional,all-transactions,2014,160.73,4,"Cape Girardeau, MO-IL Metro Area",42889,97246,37.2,63019,9981,3905,37288,24944,123700,16020,,msa,16020,,2014,0.6689551598369449
16020,"Cape Girardeau, MO-IL",traditional,all-transactions,2019,179.14499999999998,4,"Cape Girardeau, MO-IL Metro Area",51429,96976,37.8,63657,10647,4578,36341,24529,150800,16020,,msa,16020,,2019,0.6749676673729397
16020,"Cape Girardeau, MO-IL",traditional,all-transactions,2024,254.385,4,"Cape Girardeau, MO-IL Metro Area",66759,98169,38.0,64971,12259,5050,38299,26386,208400,16020,,msa,16020,,2024,0.6889474921016214
16180,"Carson City, NV",traditional,all-transactions,2014,151.875,4,"Carson City, NV Metro Area",50108,54634,42.3,38327,4721,2201,21225,12346,188000,16180,,msa,16180,,2014,0.5816725559481744
16180,"Carson City, NV",traditional,all-transactions,2019,250.6875,4,"Carson City, NV Metro Area",55718,54773,42.4,39324,5629,1957,22755,12915,273800,16180,,msa,16180,,2019,0.5675675675675675
16180,"Carson City, NV",traditional,all-transactions,2024,370.9475,4,"Carson City, NV Metro Area",72355,58384,42.4,42203,6146,2878,23692,14769,453000,16180,,msa,16180,,2024,0.6233749788958298
16220,"Casper, WY",traditional,all-transactions,2014,267.7925,4,"Casper, WY Metro Area",56769,78667,36.2,52446,7564,2608,31790,21582,183100,16220,,msa,16220,,2014,0.6788927335640138
16220,"Casper, WY",traditional,all-transactions,2019,280.57500000000005,4,"Casper, WY Metro Area",62772,80333,36.9,54369,7900,3317,32799,22363,208700,16220,,msa,16220,,2019,0.681819567669746
16220,"Casper, WY",traditional,all-transactions,2024,401.0575,4,"Casper, WY Metro Area",72156,79977,38.4,54860,9415,4484,33886,24967,273000,16220,,msa,16220,,2024,0.7367939562061028
16300,"Cedar Rapids, IA",traditional,all-transactions,2014,150.825,4,"Cedar Rapids, IA Metro Area",59000,261429,37.8,174172,35479,11442,105376,78486,144000,16300,,msa,16300,,2014,0.7448185545095658
16300,"Cedar Rapids, IA",traditional,all-transactions,2019,170.625,4,"Cedar Rapids, IA Metro Area",64687,270056,38.4,182981,40046,12621,109313,82000,155800,16300,,msa,16300,,2019,0.7501395076523378
16300,"Cedar Rapids, IA",traditional,all-transactions,2024,237.32,4,"Cedar Rapids, IA Metro Area",78080,276624,39.7,190699,42194,15540,114000,85551,211500,16300,,msa,16300,,2024,0.7504473684210526
16540,"Chambersburg, PA",traditional,all-transactions,2014,172.6225,4,"Chambersburg-Waynesboro, PA Metro Area",53394,151517,40.6,103988,12709,5797,58298,42320,174300,16540,,msa,16540,,2014,0.7259254176815672
16540,"Chambersburg, PA",traditional,all-transactions,2019,193.615,4,"Chambersburg-Waynesboro, PA Metro Area",63379,154147,41.6,107506,13811,6987,60438,43021,180400,16540,,msa,16540,,2019,0.7118203779079387
16540,"Chambersburg, PA",traditional,all-transactions,2024,293.26,4,"Chambersburg, PA Metro Area",77003,157379,42.1,111277,16288,8563,63510,46691,249800,16540,,msa,16540,,2024,0.7351755629034797
16580,"Champaign-Urbana, IL",traditional,all-transactions,2014,168.035,4,"Champaign-Urbana, IL Metro Area",48182,234672,30.6,137936,28821,16321,91858,53449,142100,16580,,msa,16580,,2014,0.5818654880358815
16580,"Champaign-Urbana, IL",traditional,all-transactions,2019,183.73250000000002,4,"Champaign-Urbana, IL Metro Area",53641,226323,30.9,133548,28383,18796,89061,49156,159700,16580,,msa,16580,,2019,0.551936313313347
16580,"Champaign-Urbana, IL",traditional,all-transactions,2024,271.1075,4,"Champaign-Urbana, IL Metro Area",65528,238842,32.0,142504,29084,20330,98224,56261,201700,16580,,msa,16580,,2024,0.5727826193191073
16620,"Charleston, WV",traditional,all-transactions,2014,160.945,4,"Charleston, WV Metro Area",45692,225248,42.4,160613,21420,9802,95619,68292,97700,16620,,msa,16620,,2014,0.7142095190286449
16620,"Charleston, WV",traditional,all-transactions,2019,164.6525,4,"Charleston, WV Metro Area",45225,264113,43.4,189968,24085,11256,110818,79202,107600,16620,,msa,16620,,2019,0.7147033875363208
16620,"Charleston, WV",traditional,all-transactions,2024,225.6575,4,"Charleston, WV Metro Area",60117,205398,44.0,148704,24067,10438,87358,63032,141100,16620,,msa,16620,,2024,0.7215366652166946
16700,"Charleston-North Charleston, SC",traditional,all-transactions,2014,235.11,4,"Charleston-North Charleston, SC Metro Area",52517,697281,35.8,465461,95963,37899,264864,170985,186700,16700,,msa,16700,,2014,0.6455577201884741
16700,"Charleston-North Charleston, SC",traditional,all-transactions,2019,334.5875,4,"Charleston-North Charleston, SC Metro Area",63649,774508,37.2,535023,123181,47840,291427,192948,236700,16700,,msa,16700,,2019,0.66208004062767
16700,"Charleston-North Charleston, SC",traditional,all-transactions,2024,581.8975,4,"Charleston-North Charleston, SC Metro Area",85254,834267,38.2,583372,147264,64771,335865,231932,377500,16700,,msa,16700,,2024,0.6905512631563276
16740,"Charlotte-Concord-Gastonia, NC-SC",traditional,all-transactions,2014,164.3925,4,"Charlotte-Concord-Gastonia, NC-SC Metro Area",52591,2298915,36.7,1518055,327585,113378,857926,570946,164900,16740,,msa,16740,,2014,0.6654956254968377
16740,"Charlotte-Concord-Gastonia, NC-SC",traditional,all-transactions,2019,228.775,4,"Charlotte-Concord-Gastonia, NC-SC Metro Area",63217,2545560,37.5,1718444,402990,154376,952806,625673,200000,16740,,msa,16740,,2019,0.6566635810437802
16740,"Charlotte-Concord-Gastonia, NC-SC",traditional,all-transactions,2024,393.18,4,"Charlotte-Concord-Gastonia, NC-SC Metro Area",83304,2768407,37.9,1890821,486353,205154,1076260,709351,356400,16740,,msa,16740,,2024,0.6590888818686934
16820,"Charlottesville, VA",traditional,all-transactions,2014,210.3825,4,"Charlottesville, VA Metro Area",59189,223063,37.5,149183,32233,17951,85076,55113,260300,16820,,msa,16820,,2014,0.6478090178193615
16820,"Charlottesville, VA",traditional,all-transactions,2019,254.115,4,"Charlottesville, VA Metro Area",72697,215445,38.3,147219,36288,21283,84003,53435,291100,16820,,msa,16820,,2019,0.6361082342297298
16820,"Charlottesville, VA",traditional,all-transactions,2024,385.52750000000003,4,"Charlottesville, VA Metro Area",93598,224335,39.4,155111,41844,26405,90452,59967,430300,16820,,msa,16820,,2024,0.6629704152478663
16860,"Chattanooga, TN-GA",traditional,all-transactions,2014,177.06,4,"Chattanooga, TN-GA Metro Area",46228,537397,39.8,369116,56443,21616,209002,141708,143200,16860,,msa,16860,,2014,0.6780222198830633
16860,"Chattanooga, TN-GA",traditional,all-transactions,2019,226.4375,4,"Chattanooga, TN-GA Metro Area",53126,556209,40.4,390571,68482,26537,219166,147049,163100,16860,,msa,16860,,2019,0.6709480485111742
16860,"Chattanooga, TN-GA",traditional,all-transactions,2024,394.78249999999997,4,"Chattanooga, TN-GA Metro Area",72161,575812,40.4,407232,81290,34426,231335,157675,272400,16860,,msa,16860,,2024,0.6815873084487863
16940,"Cheyenne, WY",traditional,all-transactions,2014,202.5025,4,"Cheyenne, WY Metro Area",58324,94412,36.9,62674,10894,4132,37364,25428,186600,16940,,msa,16940,,2014,0.6805481211861685
16940,"Cheyenne, WY",traditional,all-transactions,2019,259.9975,4,"Cheyenne, WY Metro Area",66910,98320,37.0,66602,11855,5195,39683,27692,227900,16940,,msa,16940,,2019,0.69783030516846
16940,"Cheyenne, WY",traditional,all-transactions,2024,372.775,4,"Cheyenne, WY Metro Area",80173,101060,38.5,69419,14500,6596,43279,30537,348700,16940,,msa,16940,,2024,0.7055846946556067
16984,"Chicago-Naperville-Schaumburg, IL (MSAD)",traditional,all-transactions,2014,156.8125,4,"Chicago-Naperville-Arlington Heights, IL Metro Division; Chicago-Naperville-Elgin, IL-IN-WI Metro Area",60978,7312675,36.2,4879156,1079786,494597,2663524,1682070,227900,16984,16974,division,16984,16980,2014,0.6315204969056033
16984,"Chicago-Naperville-Schaumburg, IL (MSAD)",traditional,all-transactions,2019,184.3875,4,"Chicago-Naperville-Evanston, IL Metro Division; Chicago-Naperville-Elgin, IL-IN-WI Metro Area",71312,7175030,37.3,4916910,1168851,557629,2676526,1663914,251700,16984,16984,division,16984,16980,2019,0.6216692832425316
16984,"Chicago-Naperville-Schaumburg, IL (MSAD)",traditional,all-transactions,2024,262.2175,4,"Chicago-Naperville-Schaumburg, IL Metro Division; Chicago-Naperville-Elgin, IL-IN Metro Area",90170,7179386,38.5,5012792,1261798,645952,2833450,1783772,332600,16984,16984,division,16984,16980,2024,0.6295406659725776
17020,"Chico, CA",traditional,all-transactions,2014,195.9125,4,"Chico, CA Metro Area",43165,221578,36.9,141823,23653,7585,85215,50593,220100,17020,,msa,17020,,2014,0.5937100275773045
17020,"Chico, CA",traditional,all-transactions,2019,283.0825,4,"Chico, CA Metro Area",52537,225817,37.1,147509,26518,8461,85320,50331,271700,17020,,msa,17020,,2019,0.5899085794655415
17020,"Chico, CA",traditional,all-transactions,2024,359.6675,4,"Chico, CA Metro Area",67928,207929,36.2,135188,27738,10063,83312,47717,424700,17020,,msa,17020,,2024,0.572750624159785
17140,"Cincinnati, OH-KY-IN",traditional,all-transactions,2014,144.2375,4,"Cincinnati, OH-KY-IN Metro Area",55204,2131793,37.4,1406776,271337,115123,817460,548573,152600,17140,,msa,17140,,2014,0.6710701441049103
17140,"Cincinnati, OH-KY-IN",traditional,all-transactions,2019,181.97,4,"Cincinnati, OH-KY-IN Metro Area",63987,2201741,37.9,1477106,309835,137736,861242,572079,168900,17140,,msa,17140,,2019,0.6642488406278375
17140,"Cincinnati, OH-KY-IN",traditional,all-transactions,2024,291.95,4,"Cincinnati, OH-KY-IN Metro Area",81120,2270706,38.2,1537545,350347,160850,906675,619384,258600,17140,,msa,17140,,2024,0.6831378388066286
17300,"Clarksville, TN-KY",traditional,all-transactions,2014,172.8725,4,"Clarksville, TN-KY Metro Area",46653,270751,30.2,162525,23443,8785,96607,57077,135600,17300,,msa,17300,,2014,0.590816400467875
17300,"Clarksville, TN-KY",traditional,all-transactions,2019,207.43,4,"Clarksville, TN-KY Metro Area",53027,299470,31.1,184466,29759,12517,109408,64272,154600,17300,,msa,17300,,2019,0.5874524714828897
17300,"Clarksville, TN-KY",traditional,all-transactions,2024,354.32,4,"Clarksville, TN-KY Metro Area",68967,334564,32.1,208802,35914,16566,124867,76154,253300,17300,,msa,17300,,2024,0.6098809132917424
17410,"Cleveland, OH",traditional,all-transactions,2014,127.465,4,"Cleveland-Elyria, OH Metro Area",49551,2067490,41.0,1424361,251498,111627,846647,558141,139800,17410,,msa,17410,,2014,0.6592369665279627
17410,"Cleveland, OH",traditional,all-transactions,2019,156.155,4,"Cleveland-Elyria, OH Metro Area",56008,2056898,41.3,1441913,272279,125137,861912,559157,151600,17410,,msa,17410,,2019,0.6487402426233768
17410,"Cleveland, OH",traditional,all-transactions,2024,242.655,4,"Cleveland, OH Metro Area",70678,2171526,41.6,1546299,314014,152059,931377,619763,215400,17410,,msa,17410,,2024,0.6654265673298783
17420,"Cleveland, TN",traditional,all-transactions,2014,174.725,4,"Cleveland, TN Metro Area",41301,117719,39.5,79487,9088,3762,44442,30632,137600,17420,,msa,17420,,2014,0.6892579091850052
17420,"Cleveland, TN",traditional,all-transactions,2019,215.01749999999998,4,"Cleveland, TN Metro Area",49921,122563,40.3,84314,11002,4604,47575,31785,156300,17420,,msa,17420,,2019,0.6681029952706253
17420,"Cleveland, TN",traditional,all-transactions,2024,375.1225,4,"Cleveland, TN Metro Area",66135,128963,40.5,89590,12228,6024,50020,34856,247000,17420,,msa,17420,,2024,0.6968412634946022
17660,"Coeur d'Alene, ID",traditional,all-transactions,2014,177.9375,4,"Coeur d'Alene, ID Metro Area",49292,142783,39.4,96099,15019,4833,55807,39177,184200,17660,,msa,17660,,2014,0.7020087085849446
17660,"Coeur d'Alene, ID",traditional,all-transactions,2019,283.14,4,"Coeur d'Alene, ID Metro Area",57242,157322,40.2,108997,18175,6826,62304,43861,260300,17660,,msa,17660,,2019,0.7039836928608115
17660,"Coeur d'Alene, ID",traditional,all-transactions,2024,495.87,4,"Coeur d'Alene, ID Metro Area",81861,181996,40.9,128268,25966,8523,71172,50734,518700,17660,,msa,17660,,2024,0.7128365087393919
17780,"College Station-Bryan, TX",traditional,all-transactions,2014,188.26999999999998,4,"College Station-Bryan, TX Metro Area",39915,235316,26.4,123576,22551,11450,84436,42073,143000,17780,,msa,17780,,2014,0.498282723009143
17780,"College Station-Bryan, TX",traditional,all-transactions,2019,249.165,4,"College Station-Bryan, TX Metro Area",50240,258029,27.8,142800,29395,13716,92666,47650,186800,17780,,msa,17780,,2019,0.5142123324628235
17780,"College Station-Bryan, TX",traditional,all-transactions,2024,374.275,4,"College Station-Bryan, TX Metro Area",60087,278335,28.6,154455,34711,16089,105688,53974,279700,17780,,msa,17780,,2024,0.5106918477026721
17820,"Colorado Springs, CO",traditional,all-transactions,2014,178.765,4,"Colorado Springs, CO Metro Area",57735,669070,34.1,425035,90770,45397,249765,159627,215300,17820,,msa,17820,,2014,0.6391087622365023
17820,"Colorado Springs, CO",traditional,all-transactions,2019,262.9325,4,"Colorado Springs, CO Metro Area",68687,723498,34.6,470846,110796,55390,267755,173128,275700,17820,,msa,17820,,2019,0.6465911000728277
17820,"Colorado Springs, CO",traditional,all-transactions,2024,393.5575,4,"Colorado Springs, CO Metro Area",90144,767824,35.5,513442,128069,66765,302050,201837,461800,17820,,msa,17820,,2024,0.6682238040059593
17860,"Columbia, MO",traditional,all-transactions,2014,161.9875,4,"Columbia, MO Metro Area",49059,168268,29.9,97793,26635,12306,66136,37513,165900,17860,,msa,17860,,2014,0.5672099915325995
17860,"Columbia, MO",traditional,all-transactions,2019,189.91750000000002,4,"Columbia, MO Metro Area",54808,205369,32.1,125773,30789,14212,80487,46627,175400,17860,,msa,17860,,2019,0.5793109446245978
17860,"Columbia, MO",traditional,all-transactions,2024,302.09,4,"Columbia, MO Metro Area",72340,215014,33.5,132794,35599,17563,86393,51727,258700,17860,,msa,17860,,2024,0.5987406387091547
17900,"Columbia, SC",traditional,all-transactions,2014,155.37,4,"Columbia, SC Metro Area",49238,784698,35.9,509433,96499,43428,296439,199204,138500,17900,,msa,17900,,2014,0.6719898528871032
17900,"Columbia, SC",traditional,all-transactions,2019,188.79250000000002,4,"Columbia, SC Metro Area",55971,824278,36.6,544855,109438,50353,312401,212045,154400,17900,,msa,17900,,2019,0.6787590308609768
17900,"Columbia, SC",traditional,all-transactions,2024,305.77250000000004,4,"Columbia, SC Metro Area",68359,849181,37.6,567254,119264,58572,339601,235645,232400,17900,,msa,17900,,2024,0.6938878271854323
17980,"Columbus, GA-AL",traditional,all-transactions,2014,151.8075,4,"Columbus, GA-AL Metro Area",42278,308363,34.1,196919,28043,11212,111394,62301,134700,17980,,msa,17980,,2014,0.5592850602366375
17980,"Columbus, GA-AL",traditional,all-transactions,2019,170.2525,4,"Columbus, GA-AL Metro Area",47571,319402,35.4,210738,30423,14537,118780,66447,142800,17980,,msa,17980,,2019,0.5594123589829938
17980,"Columbus, GA-AL",traditional,all-transactions,2024,260.1725,4,"Columbus, GA-AL Metro Area",59336,325615,36.5,217837,36991,17674,127512,73765,197300,17980,,msa,17980,,2024,0.5784945730597905
18020,"Columbus, IN",traditional,all-transactions,2014,146.72750000000002,4,"Columbus, IN Metro Area",54488,78628,38.0,52856,9105,4515,30516,21300,135900,18020,,msa,18020,,2014,0.6979944946913095
18020,"Columbus, IN",traditional,all-transactions,2019,177.385,4,"Columbus, IN Metro Area",63431,82481,37.8,55986,10923,6598,31452,22470,153500,18020,,msa,18020,,2019,0.7144219763449066
18020,"Columbus, IN",traditional,all-transactions,2024,272.27250000000004,4,"Columbus, IN Metro Area",79901,83536,37.5,56413,11086,6676,33359,23123,232800,18020,,msa,18020,,2024,0.6931562696723523
18140,"Columbus, OH",traditional,all-transactions,2014,151.26250000000002,4,"Columbus, OH Metro Area",55115,1948188,35.6,1279632,273798,107831,748544,464755,158000,18140,,msa,18140,,2014,0.6208786657831737
18140,"Columbus, OH",traditional,all-transactions,2019,202.445,4,"Columbus, OH Metro Area",65150,2077761,36.0,1394022,326275,134535,794449,488592,184800,18140,,msa,18140,,2019,0.6150073824751494
18140,"Columbus, OH",traditional,all-transactions,2024,323.8625,4,"Columbus, OH Metro Area",81945,2175788,36.7,1474109,363297,160697,864663,530433,300800,18140,,msa,18140,,2024,0.6134563407940434
18580,"Corpus Christi, TX",traditional,all-transactions,2014,186.3625,4,"Corpus Christi, TX Metro Area",49359,437528,35.8,282290,35191,14746,157629,95220,108500,18580,,msa,18580,,2014,0.6040766610204975
18580,"Corpus Christi, TX",traditional,all-transactions,2019,223.6275,4,"Corpus Christi, TX Metro Area",56013,428548,35.5,278424,38308,14131,152349,90662,135900,18580,,msa,18580,,2019,0.5950941588064247
18580,"Corpus Christi, TX",traditional,all-transactions,2024,328.205,4,"Corpus Christi, TX Metro Area",67453,448012,37.8,300255,46105,17073,168972,104791,210400,18580,,msa,18580,,2024,0.6201678384584428
18700,"Corvallis, OR",traditional,all-transactions,2014,185.9725,4,"Corvallis, OR Metro Area",49338,86034,32.4,51458,14413,7231,33376,19168,268400,18700,,msa,18700,,2014,0.5743048897411314
18700,"Corvallis, OR",traditional,all-transactions,2019,255.9475,4,"Corvallis, OR Metro Area",62077,91107,33.0,55359,16168,8399,35718,20438,331300,18700,,msa,18700,,2019,0.5722044907329638
18700,"Corvallis, OR",traditional,all-transactions,2024,379.4875,4,"Corvallis, OR Metro Area",77702,96303,34.5,60295,16900,9362,38537,21945,513000,18700,,msa,18700,,2024,0.5694527337364091
18880,"Crestview-Fort Walton Beach-Destin, FL",traditional,all-transactions,2014,186.91750000000002,4,"Crestview-Fort Walton Beach-Destin, FL Metro Area",53083,246805,38.7,169597,28921,13215,96293,64020,177100,18880,,msa,18880,,2014,0.6648458351074326
18880,"Crestview-Fort Walton Beach-Destin, FL",traditional,all-transactions,2019,258.125,4,"Crestview-Fort Walton Beach-Destin, FL Metro Area",62161,272056,38.6,190106,37022,15869,105382,69926,221300,18880,,msa,18880,,2019,0.6635478544723008
18880,"Crestview-Fort Walton Beach-Destin, FL",traditional,all-transactions,2024,419.9475,4,"Crestview-Fort Walton Beach-Destin, FL Metro Area",81993,299547,39.3,209857,44852,21523,119773,85421,364100,18880,,msa,18880,,2024,0.7131907859033338
19124,"Dallas-Plano-Irving, TX (MSAD)",traditional,all-transactions,2014,184.5375,4,"Dallas-Plano-Irving, TX Metro Division; Dallas-Fort Worth-Arlington, TX Metro Area",59922,4426578,33.9,2804887,629760,242572,1561488,922072,161000,19124,19124,division,19124,19100,2014,0.5905085405715574
19124,"Dallas-Plano-Irving, TX (MSAD)",traditional,all-transactions,2019,271.61,4,"Dallas-Plano-Irving, TX Metro Division; Dallas-Fort Worth-Arlington, TX Metro Area",71345,4903580,34.8,3171628,764775,318781,1721276,996511,234000,19124,19124,division,19124,19100,2019,0.5789373697187435
19124,"Dallas-Plano-Irving, TX (MSAD)",traditional,all-transactions,2024,421.46,4,"Dallas-Plano-Irving, TX Metro Division; Dallas-Fort Worth-Arlington, TX Metro Area",92486,5382430,35.5,3546467,937190,428396,1962227,1159323,379300,19124,19124,division,19124,19100,2024,0.5908200223521539
19140,"Dalton, GA",traditional,all-transactions,2014,150.53750000000002,4,"Dalton, GA Metro Area",38818,142548,35.3,90369,6676,3091,48754,31766,110900,19140,,msa,19140,,2014,0.6515567953398695
19140,"Dalton, GA",traditional,all-transactions,2019,191.2175,4,"Dalton, GA Metro Area",48481,143961,36.5,93629,8804,3145,50014,33021,127100,19140,,msa,19140,,2019,0.6602351341624345
19140,"Dalton, GA",traditional,all-transactions,2024,324.3375,4,"Dalton, GA Metro Area",67846,144160,37.1,95354,10364,4573,52080,35936,208800,19140,,msa,19140,,2024,0.6900153609831029
19300,"Daphne-Fairhope-Foley, AL",traditional,all-transactions,2014,176.5125,4,"Daphne-Fairhope-Foley, AL Metro Area",50183,191205,41.8,133267,25444,9188,73058,52203,168800,19300,,msa,19300,,2014,0.7145418708423444
19300,"Daphne-Fairhope-Foley, AL",traditional,all-transactions,2019,229.2475,4,"Daphne-Fairhope-Foley, AL Metro Area",58320,212830,43.0,151112,31801,11812,80930,60896,197900,19300,,msa,19300,,2019,0.7524527369331521
19300,"Daphne-Fairhope-Foley, AL",traditional,all-transactions,2024,375.75,4,"Daphne-Fairhope-Foley, AL Metro Area",78775,246989,43.9,177628,37938,15646,98574,76497,316900,19300,,msa,19300,,2024,0.7760362773145049
19340,"Davenport-Moline-Rock Island, IA-IL",traditional,all-transactions,2014,175.535,4,"Davenport-Moline-Rock Island, IA-IL Metro Area",51263,381913,39.3,259795,43242,17559,154591,109315,124600,19340,,msa,19340,,2014,0.7071239593508031
19340,"Davenport-Moline-Rock Island, IA-IL",traditional,all-transactions,2019,196.64,4,"Davenport-Moline-Rock Island, IA-IL Metro Area",58531,381175,39.7,261609,45071,19226,153939,108190,136200,19340,,msa,19340,,2019,0.7028108536498223
19340,"Davenport-Moline-Rock Island, IA-IL",traditional,all-transactions,2024,271.22249999999997,4,"Davenport-Moline-Rock Island, IA-IL Metro Area",72738,381503,40.4,263369,49772,21987,161702,115884,174100,19340,,msa,19340,,2024,0.7166516184091725
19430,"Dayton-Kettering-Beavercreek, OH",traditional,all-transactions,2014,121.63,4,"Dayton, OH Metro Area",47162,801259,39.4,540147,83384,45482,327391,208923,122700,19430,,msa,19430,,2014,0.6381452147432275
19430,"Dayton-Kettering-Beavercreek, OH",traditional,all-transactions,2019,153.15,4,"Dayton-Kettering, OH Metro Area",55634,803543,39.3,549796,94473,52225,330975,209321,135000,19430,,msa,19430,,2019,0.6324374952790996
19430,"Dayton-Kettering-Beavercreek, OH",traditional,all-transactions,2024,243.945,4,"Dayton-Kettering-Beavercreek, OH Metro Area",71739,816080,39.1,561089,105238,61224,344391,223806,201100,19430,,msa,19430,,2024,0.6498601879840066
19460,"Decatur, AL",traditional,all-transactions,2014,155.2875,4,"Decatur, AL Metro Area",44273,153579,39.7,104920,12673,4673,59168,43427,114700,19460,,msa,19460,,2014,0.7339609248242294
19460,"Decatur, AL",traditional,all-transactions,2019,179.4625,4,"Decatur, AL Metro Area",50422,152271,40.9,105792,14640,5193,58595,43237,131000,19460,,msa,19460,,2019,0.7378957248912024
19460,"Decatur, AL",traditional,all-transactions,2024,299.3225,4,"Decatur, AL Metro Area",68116,157747,40.5,108806,15271,6310,62667,46773,202500,19460,,msa,19460,,2024,0.7463736895016516
19500,"Decatur, IL",traditional,all-transactions,2014,143.60999999999999,4,"Decatur, IL Metro Area",46696,109833,40.5,74711,11201,4541,45153,31267,94000,19500,,msa,19500,,2014,0.6924678315947999
19500,"Decatur, IL",traditional,all-transactions,2019,152.73,4,"Decatur, IL Metro Area",50480,105528,41.1,72701,10466,4144,43912,30039,98400,19500,,msa,19500,,2019,0.6840726908362179
19500,"Decatur, IL",traditional,all-transactions,2024,220.345,4,"Decatur, IL Metro Area",62666,101849,40.6,70226,11294,4605,43468,30493,127300,19500,,msa,19500,,2024,0.7015045550749976
19660,"Deltona-Daytona Beach-Ormond Beach, FL",traditional,all-transactions,2014,170.815,4,"Deltona-Daytona Beach-Ormond Beach, FL Metro Area",42571,597824,46.4,436239,60435,23711,233031,168521,139800,19660,,msa,19660,,2014,0.7231698786856684
19660,"Deltona-Daytona Beach-Ormond Beach, FL",traditional,all-transactions,2019,264.3025,4,"Deltona-Daytona Beach-Ormond Beach, FL Metro Area",50360,646288,47.5,481181,75207,29091,258616,184233,184200,19660,,msa,19660,,2019,0.7123805178333901
19660,"Deltona-Daytona Beach-Ormond Beach, FL",traditional,all-transactions,2024,442.40999999999997,4,"Deltona-Daytona Beach-Ormond Beach, FL Metro Area",71277,706150,47.8,531074,99708,37797,294463,221898,324300,19660,,msa,19660,,2024,0.7535683600316508
19740,"Denver-Aurora-Centennial, CO",traditional,all-transactions,2014,221.49,4,"Denver-Aurora-Lakewood, CO Metro Area",64206,2651392,36.0,1781111,456027,184537,1025246,651631,253100,19740,,msa,19740,,2014,0.6355850205706728
19740,"Denver-Aurora-Centennial, CO",traditional,all-transactions,2019,343.51,4,"Denver-Aurora-Lakewood, CO Metro Area",79664,2892066,36.5,1999290,554780,236837,1112126,710638,380900,19740,,msa,19740,,2019,0.6389905460352514
19740,"Denver-Aurora-Centennial, CO",traditional,all-transactions,2024,490.505,4,"Denver-Aurora-Centennial, CO Metro Area",105762,3002721,37.3,2129090,656454,291007,1221636,782513,603800,19740,,msa,19740,,2024,0.6405451378315635
19780,"Des Moines-West Des Moines, IA",traditional,all-transactions,2014,165.3,4,"Des Moines-West Des Moines, IA Metro Area",61640,590741,35.4,387597,96276,27740,229824,162271,157800,19780,,msa,19780,,2014,0.706066381230855
19780,"Des Moines-West Des Moines, IA",traditional,all-transactions,2019,202.0625,4,"Des Moines-West Des Moines, IA Metro Area",70126,680439,36.2,452383,115068,35036,266943,186059,182400,19780,,msa,19780,,2019,0.696998984801999
19780,"Des Moines-West Des Moines, IA",traditional,all-transactions,2024,287.7725,4,"Des Moines-West Des Moines, IA Metro Area",85890,731120,36.8,489787,131138,45481,294814,204751,267400,19780,,msa,19780,,2024,0.6945090803014782
19804,"Detroit-Dearborn-Livonia, MI (MSAD)",traditional,all-transactions,2014,133.9775,4,"Detroit-Dearborn-Livonia, MI Metro Division; Detroit-Warren-Dearborn, MI Metro Area",41421,1790078,37.7,1172375,153745,75168,667553,426418,83200,19804,19804,division,19804,19820,2014,0.6387777449880384
19804,"Detroit-Dearborn-Livonia, MI (MSAD)",traditional,all-transactions,2019,180.2175,4,"Detroit-Dearborn-Livonia, MI Metro Division; Detroit-Warren-Dearborn, MI Metro Area",47301,1757299,37.9,1181985,169603,86242,682282,423147,113000,19804,19804,division,19804,19820,2019,0.6201937028970426
19804,"Detroit-Dearborn-Livonia, MI (MSAD)",traditional,all-transactions,2024,271.03499999999997,4,"Detroit-Dearborn-Livonia, MI Metro Division; Detroit-Warren-Dearborn, MI Metro Area",60539,1772259,37.9,1206499,201917,98614,700591,453652,178500,19804,19804,division,19804,19820,2024,0.647527587422619
20020,"Dothan, AL",traditional,all-transactions,2014,154.8525,4,"Dothan, AL Metro Area",40515,147165,40.0,100763,11776,4779,57262,38854,107400,20020,,msa,20020,,2014,0.6785302643987287
20020,"Dothan, AL",traditional,all-transactions,2019,172.0725,4,"Dothan, AL Metro Area",46351,148252,41.1,103027,12351,5907,56324,38830,127500,20020,,msa,20020,,2019,0.6894041616362474
20020,"Dothan, AL",traditional,all-transactions,2024,255.8625,4,"Dothan, AL Metro Area",57791,152674,41.3,106909,14449,6164,61011,41554,170700,20020,,msa,20020,,2024,0.6810902951926702
20100,"Dover, DE",traditional,all-transactions,2014,165.73000000000002,4,"Dover, DE Metro Area",55169,167477,36.8,108618,15105,7249,59142,41937,200200,20100,,msa,20100,,2014,0.7090899868114031
20100,"Dover, DE",traditional,all-transactions,2019,192.92000000000002,4,"Dover, DE Metro Area",60910,176699,37.7,118054,17393,7841,65796,45436,220600,20100,,msa,20100,,2019,0.6905586965772995
20100,"Dover, DE",traditional,all-transactions,2024,299.35249999999996,4,"Dover, DE Metro Area",74477,187604,38.8,126457,20776,11406,71424,51808,316600,20100,,msa,20100,,2024,0.725358422939068
20220,"Dubuque, IA",traditional,all-transactions,2014,174.4075,4,"Dubuque, IA Metro Area",53410,95166,38.9,63180,11520,4408,37720,27400,146500,20220,,msa,20220,,2014,0.7264050901378579
20220,"Dubuque, IA",traditional,all-transactions,2019,201.37,4,"Dubuque, IA Metro Area",63031,96982,38.6,64854,12828,5181,38210,28023,166800,20220,,msa,20220,,2019,0.7333943993718922
20220,"Dubuque, IA",traditional,all-transactions,2024,287.0825,4,"Dubuque, IA Metro Area",77630,99030,39.1,67015,14589,6002,40989,30062,237300,20220,,msa,20220,,2024,0.7334162824172339
20260,"Duluth, MN-WI",traditional,all-transactions,2014,220.0375,4,"Duluth, MN-WI Metro Area",47574,279894,40.8,190976,33225,10420,117173,83539,139600,20260,,msa,20260,,2014,0.7129543495515178
20260,"Duluth, MN-WI",traditional,all-transactions,2019,262.3925,4,"Duluth, MN-WI Metro Area",56573,289247,41.6,200202,36868,12671,123623,89138,158900,20260,,msa,20260,,2019,0.7210470543507276
20260,"Duluth, MN-WI",traditional,all-transactions,2024,406.97,4,"Duluth, MN-WI Metro Area",71769,280870,41.5,196545,40558,15100,120365,87067,222400,20260,,msa,20260,,2024,0.7233581190545424
20500,"Durham-Chapel Hill, NC",traditional,all-transactions,2014,172.9875,4,"Durham-Chapel Hill, NC Metro Area",52925,525050,35.8,347287,80476,42989,206783,124579,194100,20500,,msa,20500,,2014,0.6024624848270893
20500,"Durham-Chapel Hill, NC",traditional,all-transactions,2019,231.6175,4,"Durham-Chapel Hill, NC Metro Area",62289,626695,37.6,426496,98868,56461,245658,151655,226100,20500,,msa,20500,,2019,0.6173419957827548
20500,"Durham-Chapel Hill, NC",traditional,all-transactions,2024,384.0125,4,"Durham-Chapel Hill, NC Metro Area",83500,601724,37.9,414288,111925,66090,248256,154335,396100,20500,,msa,20500,,2024,0.6216768174787316
20740,"Eau Claire, WI",traditional,all-transactions,2014,188.05,4,"Eau Claire, WI Metro Area",49537,163658,36.2,106289,18445,6643,64715,42634,148600,20740,,msa,20740,,2014,0.6587962605269257
20740,"Eau Claire, WI",traditional,all-transactions,2019,240.9625,4,"Eau Claire, WI Metro Area",59584,167406,37.0,110687,20150,7536,66582,45136,168600,20740,,msa,20740,,2019,0.6779009341864167
20740,"Eau Claire, WI",traditional,all-transactions,2024,380.26,4,"Eau Claire, WI Metro Area",74595,173915,38.2,116814,25322,8058,71865,47425,259900,20740,,msa,20740,,2024,0.6599179016210951
20940,"El Centro, CA",traditional,all-transactions,2014,158.2975,4,"El Centro, CA Metro Area",41772,177026,31.9,105988,9993,3361,46952,26135,145200,20940,,msa,20940,,2014,0.5566323053331061
20940,"El Centro, CA",traditional,all-transactions,2019,215.08749999999998,4,"El Centro, CA Metro Area",47622,180701,32.4,110125,11716,3829,44829,26156,195800,20940,,msa,20940,,2019,0.583461598518816
20940,"El Centro, CA",traditional,all-transactions,2024,338.59749999999997,4,"El Centro, CA Metro Area",57681,180202,33.2,111419,12870,3594,49644,28210,309600,20940,,msa,20940,,2024,0.5682459108855048
20994,"Elgin, IL (MSAD)",traditional,all-transactions,2014,131.7525,4,"Elgin, IL Metro Division; Chicago-Naperville-Elgin, IL-IN-WI Metro Area",66913,626793,34.6,390744,79333,34181,208690,149894,206000,20994,20994,division,20994,16980,2014,0.7182615362499402
20994,"Elgin, IL (MSAD)",traditional,all-transactions,2019,158.5,4,"Elgin, IL Metro Division; Chicago-Naperville-Elgin, IL-IN-WI Metro Area",79222,761796,36.2,486699,104203,47447,258508,188483,229200,20994,20994,division,20994,16980,2019,0.7291186346263946
20994,"Elgin, IL (MSAD)",traditional,all-transactions,2024,239.89749999999998,4,"Elgin, IL Metro Division; Chicago-Naperville-Elgin, IL-IN Metro Area",100022,755633,37.5,496178,118324,52413,269628,202706,314400,20994,20994,division,20994,16980,2024,0.7517987746079784
21060,"Elizabethtown, KY",traditional,all-transactions,2014,172.95499999999998,4,"Elizabethtown-Fort Knox, KY Metro Area",48617,150917,35.9,97970,10801,6416,55806,36559,135200,21060,,msa,21060,,2014,0.6551087696663441
21060,"Elizabethtown, KY",traditional,all-transactions,2019,202.02,4,"Elizabethtown-Fort Knox, KY Metro Area",54132,150913,37.7,100963,11484,7671,58072,37617,152700,21060,,msa,21060,,2019,0.647764843642375
21060,"Elizabethtown, KY",traditional,all-transactions,2024,328.4325,4,"Elizabethtown, KY Metro Area",67534,127049,37.6,85479,12049,6753,50618,32681,218800,21060,,msa,21060,,2024,0.6456398909478841
21140,"Elkhart-Goshen, IN",traditional,all-transactions,2014,142.9425,4,"Elkhart-Goshen, IN Metro Area",46983,199544,35.1,125486,15156,5821,70427,49478,122600,21140,,msa,21140,,2014,0.702543058770074
21140,"Elkhart-Goshen, IN",traditional,all-transactions,2019,186.9325,4,"Elkhart-Goshen, IN Metro Area",57021,204558,35.6,129685,16854,6792,71718,50067,144300,21140,,msa,21140,,2019,0.6981092612733205
21140,"Elkhart-Goshen, IN",traditional,all-transactions,2024,291.23,4,"Elkhart-Goshen, IN Metro Area",68561,207132,35.6,131311,16780,7192,72309,51749,210400,21140,,msa,21140,,2024,0.715664716701932
21300,"Elmira, NY",traditional,all-transactions,2014,165.6875,4,"Elmira, NY Metro Area",49685,88681,40.9,60887,7696,4871,35390,24160,97800,21300,,msa,21300,,2014,0.6826787228030518
21300,"Elmira, NY",traditional,all-transactions,2019,176.945,4,"Elmira, NY Metro Area",54940,84895,41.3,59604,7568,5015,33989,23217,105800,21300,,msa,21300,,2019,0.6830739356850746
21300,"Elmira, NY",traditional,all-transactions,2024,250.995,4,"Elmira, NY Metro Area",63716,82147,42.0,58412,8865,5700,35262,24132,141100,21300,,msa,21300,,2024,0.6843627701208099
21340,"El Paso, TX",traditional,all-transactions,2014,162.285,4,"El Paso, TX Metro Area",40699,827206,31.4,490681,69199,23607,258622,159945,112500,21340,,msa,21340,,2014,0.6184508665156097
21340,"El Paso, TX",traditional,all-transactions,2019,182.57750000000001,4,"El Paso, TX Metro Area",46795,840477,32.2,513616,80791,29496,269288,164721,121300,21340,,msa,21340,,2019,0.6116908291494608
21340,"El Paso, TX",traditional,all-transactions,2024,295.245,4,"El Paso, TX Metro Area",59751,874182,33.6,551308,95779,34843,300479,193076,180200,21340,,msa,21340,,2024,0.6425607113974687
21420,"Enid, OK",traditional,all-transactions,2014,192.75,4,"Enid, OK Micro Area",46726,61663,36.5,40478,5879,2076,23816,15698,93500,21420,,msa,21420,,2014,0.6591367148135707
21420,"Enid, OK",traditional,all-transactions,2019,207.3125,4,"Enid, OK Metro Area",54006,61898,35.8,40554,6145,2461,23541,15488,112600,21420,,msa,21420,,2019,0.657915976381632
21420,"Enid, OK",traditional,all-transactions,2024,270.5575,4,"Enid, OK Metro Area",66182,62146,36.0,40402,6581,2280,23893,15762,160100,21420,,msa,21420,,2024,0.6596911229230319
21500,"Erie, PA",traditional,all-transactions,2014,151.6225,4,"Erie, PA Metro Area",45703,280132,38.7,186224,30344,12499,109700,72961,117200,21500,,msa,21500,,2014,0.6650957155879672
21500,"Erie, PA",traditional,all-transactions,2019,166.7525,4,"Erie, PA Metro Area",51529,273835,39.7,187526,33624,14279,110318,72878,134100,21500,,msa,21500,,2019,0.6606174876266793
21500,"Erie, PA",traditional,all-transactions,2024,261.89,4,"Erie, PA Metro Area",63354,269052,40.2,186383,34731,15902,110587,75276,177000,21500,,msa,21500,,2024,0.6806948375487173
21660,"Eugene-Springfield, OR",traditional,all-transactions,2014,186.9525,4,"Eugene, OR Metro Area",43685,354764,39.2,239397,40675,17901,145627,86356,214300,21660,,msa,21660,,2014,0.5929944309777719
21660,"Eugene-Springfield, OR",traditional,all-transactions,2019,265.365,4,"Eugene-Springfield, OR Metro Area",52426,373340,39.4,256373,47164,21669,152312,89359,263200,21660,,msa,21660,,2019,0.5866839119701664
21660,"Eugene-Springfield, OR",traditional,all-transactions,2024,398.565,4,"Eugene-Springfield, OR Metro Area",71544,384207,40.3,267847,53761,25455,160445,95774,430600,21660,,msa,21660,,2024,0.5969272959581164
21780,"Evansville, IN",traditional,all-transactions,2014,160.73250000000002,4,"Evansville, IN-KY Metro Area",47425,313450,38.9,211173,31560,12131,126093,86940,121300,21780,,msa,21780,,2014,0.6894910899098284
21780,"Evansville, IN",traditional,all-transactions,2019,191.54,4,"Evansville, IN-KY Metro Area",54063,314960,39.7,216844,36296,14628,128919,87956,139400,21780,,msa,21780,,2019,0.6822578518294433
21780,"Evansville, IN",traditional,all-transactions,2024,283.685,4,"Evansville, IN Metro Area",68232,270494,39.7,186990,35147,15122,113966,80308,204000,21780,,msa,21780,,2024,0.7046663039853992
21794,"Everett, WA (MSAD)",traditional,all-transactions,2024,490.46,4,"Everett, WA Metro Division; Seattle-Tacoma-Bellevue, WA Metro Area",111246,844430,38.6,596438,148026,62211,316212,215602,696000,21794,21794,division,21794,42660,2024,0.6818273816300456
21820,"Fairbanks-College, AK",traditional,all-transactions,2014,178.485,4,"Fairbanks, AK Metro Area",70408,99319,30.6,60377,11237,5100,35844,20976,215000,21820,,msa,21820,,2014,0.5852025443588885
21820,"Fairbanks-College, AK",traditional,all-transactions,2019,199.6325,4,"Fairbanks, AK Metro Area",76992,99072,31.3,61846,11741,4803,36188,21322,240000,21820,,msa,21820,,2019,0.5892008400574776
21820,"Fairbanks-College, AK",traditional,all-transactions,2024,271.555,4,"Fairbanks-College, AK Metro Area",88267,95460,32.5,61502,12423,5756,36359,22424,298200,21820,,msa,21820,,2024,0.6167386341758574
22020,"Fargo, ND-MN",traditional,all-transactions,2014,205.1725,4,"Fargo, ND-MN Metro Area",53634,218290,31.9,134179,33284,9515,89558,50923,161400,22020,,msa,22020,,2014,0.5686035865026017
22020,"Fargo, ND-MN",traditional,all-transactions,2019,248.4925,4,"Fargo, ND-MN Metro Area",64666,240421,32.5,150414,41213,11915,100207,55980,215200,22020,,msa,22020,,2019,0.5586436077319947
22020,"Fargo, ND-MN",traditional,all-transactions,2024,332.60749999999996,4,"Fargo, ND-MN Metro Area",76756,259459,33.0,162617,45733,15057,110387,61047,289100,22020,,msa,22020,,2024,0.5530270774638318
22140,"Farmington, NM",traditional,all-transactions,2014,199.69,4,"Farmington, NM Metro Area",48824,127358,33.7,79497,7473,3526,40693,29769,144100,22140,,msa,22140,,2014,0.7315508809869019
22140,"Farmington, NM",traditional,all-transactions,2019,201.61,4,"Farmington, NM Metro Area",50518,126515,35.4,81566,7114,3967,43387,30813,151200,22140,,msa,22140,,2019,0.7101896881554383
22140,"Farmington, NM",traditional,all-transactions,2024,300.35,4,"Farmington, NM Metro Area",55872,120942,38.3,80496,9172,4119,41732,29713,193800,22140,,msa,22140,,2024,0.7119955909134477
22180,"Fayetteville, NC",traditional,all-transactions,2014,144.05,4,"Fayetteville, NC Metro Area",44692,374036,31.0,228499,34052,13009,138822,76652,130500,22180,,msa,22180,,2014,0.5521603204103096
22180,"Fayetteville, NC",traditional,all-transactions,2019,153.76749999999998,4,"Fayetteville, NC Metro Area",48459,519101,32.3,326138,51124,20131,188642,105248,141000,22180,,msa,22180,,2019,0.5579245343030714
22180,"Fayetteville, NC",traditional,all-transactions,2024,265.1175,4,"Fayetteville, NC Metro Area",61763,392380,32.3,245811,42969,18751,149016,85381,202700,22180,,msa,22180,,2024,0.5729653191603586
22220,"Fayetteville-Springdale-Rogers, AR",traditional,all-transactions,2014,158.16,4,"Fayetteville-Springdale-Rogers, AR-MO Metro Area",48627,483396,33.5,302112,53484,21760,178008,111643,144000,22220,,msa,22220,,2014,0.6271796773178734
22220,"Fayetteville-Springdale-Rogers, AR",traditional,all-transactions,2019,209.20499999999998,4,"Fayetteville-Springdale-Rogers, AR Metro Area",57603,514259,34.0,326086,67432,27787,190853,115569,176000,22220,,msa,22220,,2019,0.6055393417970899
22220,"Fayetteville-Springdale-Rogers, AR",traditional,all-transactions,2024,366.4075,4,"Fayetteville-Springdale-Rogers, AR Metro Area",81650,577726,34.7,371795,83272,37860,215566,134192,307200,22220,,msa,22220,,2024,0.6225100433277975
22380,"Flagstaff, AZ",traditional,all-transactions,2014,200.325,4,"Flagstaff, AZ Metro Area",48540,135817,31.0,79300,15550,7019,46391,27667,217200,22380,,msa,22380,,2014,0.5963872302817357
22380,"Flagstaff, AZ",traditional,all-transactions,2019,272.495,4,"Flagstaff, AZ Metro Area",59460,141274,30.7,83080,17122,9001,47447,28962,280900,22380,,msa,22380,,2019,0.6104074019432209
22380,"Flagstaff, AZ",traditional,all-transactions,2024,467.105,4,"Flagstaff, AZ Metro Area",72966,144508,32.8,88196,20755,10273,55118,32909,448000,22380,,msa,22380,,2024,0.5970644798432454
22420,"Flint, MI",traditional,all-transactions,2014,123.385,4,"Flint, MI Metro Area",41879,418654,39.1,279399,33516,15314,165962,115167,88300,22420,,msa,22420,,2014,0.6939359612441403
22420,"Flint, MI",traditional,all-transactions,2019,167.575,4,"Flint, MI Metro Area",48588,407875,40.5,279412,37711,16727,167902,117587,111100,22420,,msa,22420,,2019,0.7003311455491894
22420,"Flint, MI",traditional,all-transactions,2024,252.34,4,"Flint, MI Metro Area",62281,403305,40.6,280648,42902,16990,167334,118363,182400,22420,,msa,22420,,2024,0.7073457874669822
22500,"Florence, SC",traditional,all-transactions,2014,159.56,4,"Florence, SC Metro Area",40673,206219,38.6,136900,17133,7372,78061,52211,106100,22500,,msa,22500,,2014,0.6688487208721384
22500,"Florence, SC",traditional,all-transactions,2019,174.6,4,"Florence, SC Metro Area",44114,205502,39.9,139677,19584,8114,78672,52717,118600,22500,,msa,22500,,2019,0.6700859263778727
22500,"Florence, SC",traditional,all-transactions,2024,260.565,4,"Florence, SC Metro Area",54443,199675,39.8,136043,18562,9456,78417,52218,170800,22500,,msa,22500,,2024,0.6659015264547228
22520,"Florence-Muscle Shoals, AL",traditional,all-transactions,2014,157.20999999999998,4,"Florence-Muscle Shoals, AL Metro Area",41919,147271,41.4,100769,12529,5640,61133,42962,110400,22520,,msa,22520,,2014,0.7027628285868516
22520,"Florence-Muscle Shoals, AL",traditional,all-transactions,2019,177.8725,4,"Florence-Muscle Shoals, AL Metro Area",48084,147327,41.7,102565,13947,6239,60351,42010,135300,22520,,msa,22520,,2019,0.6960945137611638
22520,"Florence-Muscle Shoals, AL",traditional,all-transactions,2024,292.41999999999996,4,"Florence-Muscle Shoals, AL Metro Area",61891,153852,41.6,106761,17781,7463,63559,44370,187400,22520,,msa,22520,,2024,0.6980915369971208
22540,"Fond du Lac, WI",traditional,all-transactions,2014,152.005,4,"Fond du Lac, WI Metro Area",54529,101709,40.9,70155,10007,3512,41290,29325,146200,22540,,msa,22540,,2014,0.7102203923468152
22540,"Fond du Lac, WI",traditional,all-transactions,2019,181.545,4,"Fond du Lac, WI Metro Area",62391,102597,41.6,71648,11507,3958,41542,29192,157800,22540,,msa,22540,,2019,0.7027105098454576
22540,"Fond du Lac, WI",traditional,all-transactions,2024,294.9425,4,"Fond du Lac, WI Metro Area",74275,104137,41.9,73265,11165,3946,43243,30579,222800,22540,,msa,22540,,2024,0.7071433526813589
22660,"Fort Collins-Loveland, CO",traditional,all-transactions,2014,202.2325,4,"Fort Collins, CO Metro Area",58844,311435,35.5,201336,55383,22746,122743,79788,251600,22660,,msa,22660,,2014,0.6500411428757648
22660,"Fort Collins-Loveland, CO",traditional,all-transactions,2019,304.58,4,"Fort Collins, CO Metro Area",71881,344786,36.0,226787,63577,31470,137021,89118,363800,22660,,msa,22660,,2019,0.6503966545274082
22660,"Fort Collins-Loveland, CO",traditional,all-transactions,2024,440.8875,4,"Fort Collins-Loveland, CO Metro Area",93765,367368,36.8,247787,77866,37343,154232,98737,569100,22660,,msa,22660,,2024,0.6401849162300949
22744,"Fort Lauderdale-Pompano Beach-Sunrise, FL (MSAD)",traditional,all-transactions,2014,217.89249999999998,4,"Fort Lauderdale-Pompano Beach-Deerfield Beach, FL Metro Division; Miami-Fort Lauderdale-West Palm Beach, FL Metro Area",51574,1815269,39.8,1262414,245152,91946,667578,430676,177300,22744,22744,division,22744,33100,2014,0.6451321044132671
22744,"Fort Lauderdale-Pompano Beach-Sunrise, FL (MSAD)",traditional,all-transactions,2019,309.94,4,"Fort Lauderdale-Pompano Beach-Sunrise, FL Metro Division; Miami-Fort Lauderdale-Pompano Beach, FL Metro Area",59547,1926205,40.4,1362196,275133,113532,690050,428682,265000,22744,22744,division,22744,33100,2019,0.6212332439678284
22744,"Fort Lauderdale-Pompano Beach-Sunrise, FL (MSAD)",traditional,all-transactions,2024,537.515,4,"Fort Lauderdale-Pompano Beach-Sunrise, FL Metro Division; Miami-Fort Lauderdale-West Palm Beach, FL Metro Area",77633,1977129,41.3,1418380,318491,138539,753956,479343,414600,22744,22744,division,22744,33100,2024,0.6357705224177538
22900,"Fort Smith, AR-OK",traditional,all-transactions,2014,160.8725,4,"Fort Smith, AR-OK Metro Area",38833,280394,38.1,185433,19942,7231,106691,72787,101400,22900,,msa,22900,,2014,0.6822224929937858
22900,"Fort Smith, AR-OK",traditional,all-transactions,2019,184.595,4,"Fort Smith, AR-OK Metro Area",44750,249777,38.7,167683,21307,6392,97383,64201,115000,22900,,msa,22900,,2019,0.6592629103642319
22900,"Fort Smith, AR-OK",traditional,all-transactions,2024,287.4425,4,"Fort Smith, AR-OK Metro Area",58468,229899,38.7,155551,20928,8040,90992,60605,171200,22900,,msa,22900,,2024,0.6660475646210656
23060,"Fort Wayne, IN",traditional,all-transactions,2014,136.39499999999998,4,"Fort Wayne, IN Metro Area",49607,422029,36.2,272473,44890,18029,163427,116104,114100,23060,,msa,23060,,2014,0.7104334045170014
23060,"Fort Wayne, IN",traditional,all-transactions,2019,176.915,4,"Fort Wayne, IN Metro Area",55341,406305,36.4,265667,48978,18374,158807,110557,130700,23060,,msa,23060,,2019,0.6961720830945739
23060,"Fort Wayne, IN",traditional,all-transactions,2024,301.41,4,"Fort Wayne, IN Metro Area",71213,455416,36.8,300883,61065,22341,182145,128037,214100,23060,,msa,23060,,2024,0.7029399654121716
23104,"Fort Worth-Arlington-Grapevine, TX (MSAD)",traditional,all-transactions,2014,172.865,4,"Fort Worth-Arlington, TX Metro Division; Dallas-Fort Worth-Arlington, TX Metro Area",57960,2276442,34.6,1447704,279575,96049,808567,516612,137100,23104,23104,division,23104,19100,2014,0.6389229340302041
23104,"Fort Worth-Arlington-Grapevine, TX (MSAD)",traditional,all-transactions,2019,255.21749999999997,4,"Fort Worth-Arlington-Grapevine, TX Metro Division; Dallas-Fort Worth-Arlington, TX Metro Area",67842,2417083,34.9,1557355,320920,118283,832194,522993,185900,23104,23104,division,23104,19100,2019,0.6284508179583126
23104,"Fort Worth-Arlington-Grapevine, TX (MSAD)",traditional,all-transactions,2024,393.11,4,"Fort Worth-Arlington-Grapevine, TX Metro Division; Dallas-Fort Worth-Arlington, TX Metro Area",85506,2603160,35.7,1703868,373679,151801,929498,578597,323800,23104,23104,division,23104,19100,2024,0.6224833189528111
23224,"Frederick-Gaithersburg-Bethesda, MD (MSAD)",traditional,all-transactions,2014,220.5375,4,"Silver Spring-Frederick-Rockville, MD Metro Division; Washington-Arlington-Alexandria, DC-VA-MD-WV Metro Area",95427,1244340,38.5,849481,219732,145502,449867,306523,405700,23224,43524,division,23224,47900,2014,0.6813636030204483
23224,"Frederick-Gaithersburg-Bethesda, MD (MSAD)",traditional,all-transactions,2019,247.2475,4,"Frederick-Gaithersburg-Rockville, MD Metro Division; Washington-Arlington-Alexandria, DC-VA-MD-WV Metro Area",106328,1294952,39.2,888810,233699,161480,463476,312246,443800,23224,23224,division,23224,47900,2019,0.6737047873029024
23224,"Frederick-Gaithersburg-Bethesda, MD (MSAD)",traditional,all-transactions,2024,346.75,4,"Frederick-Gaithersburg-Bethesda, MD Metro Division; Washington-Arlington-Alexandria, DC-VA-MD-WV Metro Area",129927,1352997,40.0,936511,250976,181108,493845,334734,590200,23224,23224,division,23224,47900,2024,0.6778118640464114
23420,"Fresno, CA",traditional,all-transactions,2014,179.9075,4,"Fresno, CA Metro Area",45201,948844,31.2,562708,73566,22909,292550,155487,191700,23420,,msa,23420,,2014,0.5314886344214664
23420,"Fresno, CA",traditional,all-transactions,2019,242.1975,4,"Fresno, CA Metro Area",53969,984521,32.2,604137,84769,27427,307906,164124,255000,23420,,msa,23420,,2019,0.5330328087143479
23420,"Fresno, CA",traditional,all-transactions,2024,370.5425,4,"Fresno, CA Metro Area",74468,1177665,33.7,737665,112744,40620,370081,210984,389400,23420,,msa,23420,,2024,0.5701022208651619
23460,"Gadsden, AL",traditional,all-transactions,2014,173.7975,4,"Gadsden, AL Metro Area",38467,104126,40.5,71636,6969,3004,40001,28337,100400,23460,,msa,23460,,2014,0.7084072898177546
23460,"Gadsden, AL",traditional,all-transactions,2019,192.47750000000002,4,"Gadsden, AL Metro Area",44637,102748,41.4,72032,7899,3444,38942,28267,113700,23460,,msa,23460,,2019,0.7258743772790304
23460,"Gadsden, AL",traditional,all-transactions,2024,306.365,4,"Gadsden, AL Metro Area",54563,103105,41.7,72481,8093,3277,39411,29128,167100,23460,,msa,23460,,2024,0.7390829971327801
23540,"Gainesville, FL",traditional,all-transactions,2014,175.6275,4,"Gainesville, FL Metro Area",41961,268707,31.0,160301,31915,16224,102411,56524,160600,23540,,msa,23540,,2014,0.5519328978332406
23540,"Gainesville, FL",traditional,all-transactions,2019,241.31,4,"Gainesville, FL Metro Area",46843,323799,33.7,203708,39357,20925,120833,71998,167500,23540,,msa,23540,,2019,0.5958471609576854
23540,"Gainesville, FL",traditional,all-transactions,2024,400.5625,4,"Gainesville, FL Metro Area",61468,349923,34.5,221466,45693,27149,142499,84433,266200,23540,,msa,23540,,2024,0.5925164387118506
23580,"Gainesville, GA",traditional,all-transactions,2014,157.515,4,"Gainesville, GA Metro Area",51036,185318,35.2,117557,16421,6931,61361,41303,162200,23580,,msa,23580,,2014,0.6731148449340787
23580,"Gainesville, GA",traditional,all-transactions,2019,219.6775,4,"Gainesville, GA Metro Area",62984,198667,36.7,129688,19688,7990,64352,44697,201300,23580,,msa,23580,,2019,0.6945704873197415
23580,"Gainesville, GA",traditional,all-transactions,2024,388.63,4,"Gainesville, GA Metro Area",80901,212705,38.4,142481,23746,9417,73551,50421,350400,23580,,msa,23580,,2024,0.6855243300566953
23900,"Gettysburg, PA",traditional,all-transactions,2014,173.6075,4,"Gettysburg, PA Metro Area",60068,101566,42.4,69921,8635,4728,37956,29200,194100,23900,,msa,23900,,2014,0.7693118347560333
23900,"Gettysburg, PA",traditional,all-transactions,2019,203.085,4,"Gettysburg, PA Metro Area",67253,102470,43.9,72022,9154,5258,39345,30692,205800,23900,,msa,23900,,2019,0.780073706951328
23900,"Gettysburg, PA",traditional,all-transactions,2024,304.3525,4,"Gettysburg, PA Metro Area",84092,106115,43.7,74849,11143,6388,40841,32214,268500,23900,,msa,23900,,2024,0.7887661908376387
24020,"Glens Falls, NY",traditional,all-transactions,2014,189.7475,4,"Glens Falls, NY Metro Area",54112,128298,43.8,91984,12178,7678,51864,37146,165100,24020,,msa,24020,,2014,0.716219342896807
24020,"Glens Falls, NY",traditional,all-transactions,2019,208.64249999999998,4,"Glens Falls, NY Metro Area",59395,125892,45.5,92825,13257,8810,52029,37602,172400,24020,,msa,24020,,2019,0.7227123335063138
24020,"Glens Falls, NY",traditional,all-transactions,2024,323.6125,4,"Glens Falls, NY Metro Area",75836,126039,46.1,95013,15933,9201,54602,40486,232500,24020,,msa,24020,,2024,0.7414746712574631
24140,"Goldsboro, NC",traditional,all-transactions,2014,152.025,4,"Goldsboro, NC Metro Area",41172,124093,36.7,81057,9684,3115,47480,28781,108000,24140,,msa,24140,,2014,0.6061710193765796
24140,"Goldsboro, NC",traditional,all-transactions,2019,165.2,4,"Goldsboro, NC Metro Area",44416,123603,37.8,82135,10684,3845,48343,30032,123500,24140,,msa,24140,,2019,0.6212274786422026
24140,"Goldsboro, NC",traditional,all-transactions,2024,271.51,4,"Goldsboro, NC Metro Area",59733,118652,37.3,79122,11999,4201,47507,29195,178700,24140,,msa,24140,,2024,0.6145410150083146
24220,"Grand Forks, ND-MN",traditional,all-transactions,2014,212.0175,4,"Grand Forks, ND-MN Metro Area",48396,99774,32.0,60058,11422,4007,40687,23527,146700,24220,,msa,24220,,2014,0.5782436650527195
24220,"Grand Forks, ND-MN",traditional,all-transactions,2019,242.8875,4,"Grand Forks, ND-MN Metro Area",55609,101745,32.1,62594,13271,4363,43086,23975,192100,24220,,msa,24220,,2019,0.5564452490368101
24220,"Grand Forks, ND-MN",traditional,all-transactions,2024,318.4425,4,"Grand Forks, ND-MN Metro Area",69836,103628,33.5,64281,14672,5039,43655,25014,242500,24220,,msa,24220,,2024,0.5729927843316917
24260,"Grand Island, NE",traditional,all-transactions,2014,179.045,4,"Grand Island, NE Metro Area",50237,83426,37.6,54717,6880,2191,31918,21574,112200,24260,,msa,24260,,2014,0.6759195438310671
24260,"Grand Island, NE",traditional,all-transactions,2019,219.375,4,"Grand Island, NE Metro Area",57086,75480,37.2,49265,7420,2166,29189,18993,143200,24260,,msa,24260,,2019,0.6506903285484258
24260,"Grand Island, NE",traditional,all-transactions,2024,334.3625,4,"Grand Island, NE Metro Area",69704,76794,37.0,50061,6885,3020,30296,19832,218400,24260,,msa,24260,,2024,0.654607869025614
24300,"Grand Junction, CO",traditional,all-transactions,2014,198.5475,4,"Grand Junction, CO Metro Area",48610,147509,38.2,98727,16525,6044,58966,41098,203200,24300,,msa,24300,,2014,0.6969779194790218
24300,"Grand Junction, CO",traditional,all-transactions,2019,272.9925,4,"Grand Junction, CO Metro Area",55379,151218,39.7,104174,19191,7189,61742,42093,227000,24300,,msa,24300,,2019,0.6817563409024651
24300,"Grand Junction, CO",traditional,all-transactions,2024,434.0,4,"Grand Junction, CO Metro Area",73658,158601,41.3,112574,24378,8146,65830,47707,378600,24300,,msa,24300,,2024,0.7246999848093575
24340,"Grand Rapids-Wyoming-Kentwood, MI",traditional,all-transactions,2014,150.51,4,"Grand Rapids-Wyoming, MI Metro Area",53187,1007329,35.4,643806,126209,50253,372118,270789,139100,24340,,msa,24340,,2014,0.7276965908663381
24340,"Grand Rapids-Wyoming-Kentwood, MI",traditional,all-transactions,2019,217.125,4,"Grand Rapids-Kentwood, MI Metro Area",63302,1062392,35.8,694075,151172,56332,391233,284679,172900,24340,,msa,24340,,2019,0.7276456740612371
24340,"Grand Rapids-Wyoming-Kentwood, MI",traditional,all-transactions,2024,355.22,4,"Grand Rapids-Wyoming-Kentwood, MI Metro Area",82874,1162152,36.8,778630,184499,74909,440316,328536,285300,24340,,msa,24340,,2024,0.7461368653421634
24420,"Grants Pass, OR",traditional,all-transactions,2014,193.89749999999998,4,"Grants Pass, OR Metro Area",37447,83021,47.7,60466,6651,2879,34187,22578,212600,24420,,msa,24420,,2014,0.6604264779009565
24420,"Grants Pass, OR",traditional,all-transactions,2019,274.13,4,"Grants Pass, OR Metro Area",45616,86251,47.7,63802,7021,2968,36367,24116,265500,24420,,msa,24420,,2019,0.6631286605988946
24420,"Grants Pass, OR",traditional,all-transactions,2024,383.1075,4,"Grants Pass, OR Metro Area",60098,88179,47.3,65847,8234,3519,36715,26333,404300,24420,,msa,24420,,2024,0.7172272912978347
24500,"Great Falls, MT",traditional,all-transactions,2014,196.54,4,"Great Falls, MT Metro Area",45091,81953,38.1,55120,9749,3193,33685,21665,159900,24500,,msa,24500,,2014,0.6431646133293751
24500,"Great Falls, MT",traditional,all-transactions,2019,229.8175,4,"Great Falls, MT Metro Area",49913,81625,38.3,55355,9687,3314,34329,22099,179900,24500,,msa,24500,,2019,0.6437414430947596
24500,"Great Falls, MT",traditional,all-transactions,2024,390.0475,4,"Great Falls, MT Metro Area",67690,84606,38.6,58253,10460,4490,35615,24408,265300,24500,,msa,24500,,2024,0.6853292152183069
24540,"Greeley, CO",traditional,all-transactions,2014,183.45499999999998,4,"Greeley, CO Metro Area",58100,265066,33.7,164896,29121,10347,92369,64617,196100,24540,,msa,24540,,2014,0.6995528802953371
24540,"Greeley, CO",traditional,all-transactions,2019,292.15999999999997,4,"Greeley, CO Metro Area",74150,305345,34.4,196540,36473,13676,104671,76321,299000,24540,,msa,24540,,2019,0.7291513408680532
24540,"Greeley, CO",traditional,all-transactions,2024,415.8425,4,"Greeley, CO Metro Area",97097,350396,35.3,230156,48843,20999,124287,94490,471700,24540,,msa,24540,,2024,0.7602565030936461
24580,"Green Bay, WI",traditional,all-transactions,2014,149.9825,4,"Green Bay, WI Metro Area",53053,310726,38.0,207652,37077,11341,123271,85040,156700,24580,,msa,24580,,2014,0.6898621735850281
24580,"Green Bay, WI",traditional,all-transactions,2019,188.51,4,"Green Bay, WI Metro Area",62405,319401,38.8,216772,42538,13030,129648,88138,171200,24580,,msa,24580,,2019,0.679825373318524
24580,"Green Bay, WI",traditional,all-transactions,2024,311.8025,4,"Green Bay, WI Metro Area",79267,331145,39.5,227879,48869,16355,136101,94726,257300,24580,,msa,24580,,2024,0.6959978251445618
24660,"Greensboro-High Point, NC",traditional,all-transactions,2014,142.3675,4,"Greensboro-High Point, NC Metro Area",43670,735777,38.3,490869,89418,31893,290505,185888,140000,24660,,msa,24660,,2014,0.6398788316896439
24660,"Greensboro-High Point, NC",traditional,all-transactions,2019,171.7,4,"Greensboro-High Point, NC Metro Area",50891,762063,38.8,516620,99314,38540,297916,186510,149200,24660,,msa,24660,,2019,0.6260489533962593
24660,"Greensboro-High Point, NC",traditional,all-transactions,2024,288.235,4,"Greensboro-High Point, NC Metro Area",65565,786419,38.9,531868,108691,46144,317045,202128,231000,24660,,msa,24660,,2024,0.6375372581179328
24780,"Greenville, NC",traditional,all-transactions,2014,146.035,4,"Greenville, NC Metro Area",42011,172438,31.4,102006,18979,6871,66427,35836,133400,24780,,msa,24780,,2014,0.5394794285456215
24780,"Greenville, NC",traditional,all-transactions,2019,163.8825,4,"Greenville, NC Metro Area",47437,178433,32.5,108447,22163,9279,69799,36378,148600,24780,,msa,24780,,2019,0.5211822518947263
24780,"Greenville, NC",traditional,all-transactions,2024,264.4,4,"Greenville, NC Metro Area",58188,177193,33.0,107483,21029,10438,74533,38344,208900,24780,,msa,24780,,2024,0.514456683616653
24860,"Greenville-Anderson-Greer, SC",traditional,all-transactions,2014,164.14499999999998,4,"Greenville-Anderson-Mauldin, SC Metro Area",45428,842817,38.2,558820,93564,37877,320027,219337,137600,24860,,msa,24860,,2014,0.6853702968812007
24860,"Greenville-Anderson-Greer, SC",traditional,all-transactions,2019,220.0875,4,"Greenville-Anderson, SC Metro Area",54886,895942,38.6,604842,112391,49302,343270,235310,163400,24860,,msa,24860,,2019,0.6854953826434003
24860,"Greenville-Anderson-Greer, SC",traditional,all-transactions,2024,368.9675,4,"Greenville-Anderson-Greer, SC Metro Area",71240,961939,38.8,654478,141560,60181,383842,271252,264600,24860,,msa,24860,,2024,0.7066761844717357
25060,"Gulfport-Biloxi, MS",traditional,all-transactions,2014,167.225,4,"Gulfport-Biloxi-Pascagoula, MS Metro Area",44826,378972,36.8,250091,32434,14787,143170,93278,130400,25060,,msa,25060,,2014,0.6515191730111056
25060,"Gulfport-Biloxi, MS",traditional,all-transactions,2019,200.51,4,"Gulfport-Biloxi, MS Metro Area",49068,412115,38.0,278196,38641,16173,156897,100678,142500,25060,,msa,25060,,2019,0.6416821226664627
25060,"Gulfport-Biloxi, MS",traditional,all-transactions,2024,303.55,4,"Gulfport-Biloxi, MS Metro Area",62418,421201,39.8,289753,48309,21390,167947,115159,205000,25060,,msa,25060,,2024,0.6856865558777472
25180,"Hagerstown-Martinsburg, MD-WV",traditional,all-transactions,2014,167.89249999999998,4,"Hagerstown-Martinsburg, MD-WV Metro Area",55868,256237,39.5,175185,22194,10392,96383,66284,181200,25180,,msa,25180,,2014,0.6877146384735897
25180,"Hagerstown-Martinsburg, MD-WV",traditional,all-transactions,2019,197.26749999999998,4,"Hagerstown-Martinsburg, MD-WV Metro Area",61138,283147,40.2,197720,25716,13133,107441,75935,195300,25180,,msa,25180,,2019,0.7067599892033767
25180,"Hagerstown-Martinsburg, MD-WV",traditional,all-transactions,2024,306.03999999999996,4,"Hagerstown-Martinsburg, MD-WV Metro Area",78802,302649,40.2,212544,31402,16080,118181,84893,278100,25180,,msa,25180,,2024,0.7183303576717069
25220,"Hammond, LA",traditional,all-transactions,2014,189.8775,4,"Hammond, LA Metro Area",40721,124125,34.1,78327,10411,3482,45027,30589,135400,25220,,msa,25220,,2014,0.6793479467874831
25220,"Hammond, LA",traditional,all-transactions,2019,217.1925,4,"Hammond, LA Metro Area",47832,132057,35.3,85899,11919,3811,47597,32840,162800,25220,,msa,25220,,2019,0.6899594512259176
25220,"Hammond, LA",traditional,all-transactions,2024,292.945,4,"Hammond, LA Metro Area",56760,136738,35.9,89724,12746,4460,51999,36540,212900,25220,,msa,25220,,2024,0.7027058212657936
25260,"Hanford-Corcoran, CA",traditional,all-transactions,2014,162.4775,4,"Hanford-Corcoran, CA Metro Area",47341,151390,31.2,91918,8265,2065,41108,21358,170000,25260,,msa,25260,,2014,0.5195582368395446
25260,"Hanford-Corcoran, CA",traditional,all-transactions,2019,213.835,4,"Hanford-Corcoran, CA Metro Area",57848,150691,31.8,92916,9430,2843,43452,22733,215900,25260,,msa,25260,,2019,0.52317499769861
25260,"Hanford-Corcoran, CA",traditional,all-transactions,2024,325.175,4,"Hanford-Corcoran, CA Metro Area",70995,153298,32.5,96271,8974,3118,44052,23870,324300,25260,,msa,25260,,2024,0.5418596204485608
25420,"Harrisburg-Carlisle, PA",traditional,all-transactions,2014,163.9975,4,"Harrisburg-Carlisle, PA Metro Area",57461,555154,40.2,382997,68531,30134,222939,152406,169900,25420,,msa,25420,,2014,0.6836219773121796
25420,"Harrisburg-Carlisle, PA",traditional,all-transactions,2019,186.6725,4,"Harrisburg-Carlisle, PA Metro Area",64916,571013,40.4,398454,79849,34450,230247,155542,183400,25420,,msa,25420,,2019,0.6755440896081165
25420,"Harrisburg-Carlisle, PA",traditional,all-transactions,2024,286.27250000000004,4,"Harrisburg-Carlisle, PA Metro Area",80919,604155,40.1,421449,92660,41606,246084,167452,253100,25420,,msa,25420,,2024,0.6804668324637115
25500,"Harrisonburg, VA",traditional,all-transactions,2014,183.87,4,"Harrisonburg, VA Metro Area",48518,128166,32.2,75693,12367,5861,45364,28200,198100,25500,,msa,25500,,2014,0.6216383035005731
25500,"Harrisonburg, VA",traditional,all-transactions,2019,212.065,4,"Harrisonburg, VA Metro Area",56500,133557,34.0,81938,14059,7136,47717,29701,209300,25500,,msa,25500,,2019,0.6224406396043339
25500,"Harrisonburg, VA",traditional,all-transactions,2024,316.2275,4,"Harrisonburg, VA Metro Area",75065,136992,34.9,84506,15007,8131,50046,31459,309300,25500,,msa,25500,,2024,0.6286016864484674
25540,"Hartford-West Hartford-East Hartford, CT",traditional,all-transactions,2014,169.4975,4,"Hartford-West Hartford-East Hartford, CT Metro Area",68959,1215159,40.4,831369,169706,96160,469020,316843,247200,25540,,msa,25540,,2014,0.6755426207837619
25540,"Hartford-West Hartford-East Hartford, CT",traditional,all-transactions,2019,178.19,4,"Hartford-East Hartford-Middletown, CT Metro Area",77769,1207677,40.8,838642,183857,105719,473062,313835,249200,25540,,msa,25540,,2019,0.6634119840528303
25540,"Hartford-West Hartford-East Hartford, CT",traditional,all-transactions,2024,285.0175,4,"Hartford-West Hartford-East Hartford, CT Metro Area",95118,1153112,40.8,812615,191923,114907,465181,313190,333500,25540,,msa,25540,,2024,0.6732648152009648
25620,"Hattiesburg, MS",traditional,all-transactions,2014,175.9,4,"Hattiesburg, MS Metro Area",41702,146370,32.8,90802,15764,6778,53626,33594,131100,25620,,msa,25620,,2014,0.626449856412934
25620,"Hattiesburg, MS",traditional,all-transactions,2019,199.45499999999998,4,"Hattiesburg, MS Metro Area",46800,168177,35.2,108512,18246,8138,61584,39316,137100,25620,,msa,25620,,2019,0.6384125746947259
25620,"Hattiesburg, MS",traditional,all-transactions,2024,299.39,4,"Hattiesburg, MS Metro Area",60285,155434,35.5,99734,18346,8814,60155,38660,191200,25620,,msa,25620,,2024,0.6426730945058599
25740,"Helena, MT",traditional,all-transactions,2014,212.8525,4,"Helena, MT Micro Area",56470,76237,42.1,53071,12730,4796,31050,22788,208500,25740,,msa,25740,,2014,0.7339130434782609
25740,"Helena, MT",traditional,all-transactions,2019,264.86,4,"Helena, MT Micro Area",66419,79722,41.9,56348,14089,6191,32377,23152,248400,25740,,msa,25740,,2019,0.7150755165704049
25740,"Helena, MT",traditional,all-transactions,2024,461.39,4,"Helena, MT Metro Area",78528,93906,42.6,67569,18017,6345,39033,28562,401200,25740,,msa,25740,,2024,0.7317398099044399
25860,"Hickory-Lenoir-Morganton, NC",traditional,all-transactions,2014,153.76999999999998,4,"Hickory-Lenoir-Morganton, NC Metro Area",40820,363936,41.4,251692,30300,10648,138096,98877,120200,25860,,msa,25860,,2014,0.7160019117135905
25860,"Hickory-Lenoir-Morganton, NC",traditional,all-transactions,2019,192.27,4,"Hickory-Lenoir-Morganton, NC Metro Area",48114,366678,43.0,260112,32654,11856,144508,103786,131600,25860,,msa,25860,,2019,0.7182024524593794
25860,"Hickory-Lenoir-Morganton, NC",traditional,all-transactions,2024,330.9225,4,"Hickory-Lenoir-Morganton, NC Metro Area",62787,368316,43.5,264723,40388,14071,149578,110454,215600,25860,,msa,25860,,2024,0.7384374707510463
25940,"Hilton Head Island-Bluffton-Port Royal, SC",traditional,all-transactions,2014,187.4675,4,"Hilton Head Island-Bluffton-Beaufort, SC Metro Area",53863,194495,41.1,134715,27404,13384,73803,51555,252400,25940,,msa,25940,,2014,0.69854883947807
25940,"Hilton Head Island-Bluffton-Port Royal, SC",traditional,all-transactions,2019,244.6425,4,"Hilton Head Island-Bluffton, SC Metro Area",64959,214752,44.8,153804,34406,17166,81746,59790,285400,25940,,msa,25940,,2019,0.7314119345289066
25940,"Hilton Head Island-Bluffton-Port Royal, SC",traditional,all-transactions,2024,436.745,4,"Hilton Head Island-Bluffton-Port Royal, SC Metro Area",83304,227455,47.7,166140,42503,21235,95451,72649,439500,25940,,msa,25940,,2024,0.7611130318173722
25980,"Hinesville, GA",traditional,all-transactions,2014,155.6175,4,"Hinesville, GA Metro Area",44133,80456,28.2,45426,5752,1953,27941,14584,121300,25980,,msa,25980,,2014,0.5219569807809312
25980,"Hinesville, GA",traditional,all-transactions,2019,166.675,4,"Hinesville, GA Metro Area",50160,80041,29.1,47216,5582,2255,29180,14674,124100,25980,,msa,25980,,2019,0.5028786840301577
25980,"Hinesville, GA",traditional,all-transactions,2024,295.3975,4,"Hinesville, GA Metro Area",61709,85771,29.7,50799,6501,2271,30160,16223,204500,25980,,msa,25980,,2024,0.5378978779840848
26140,"Homosassa Springs, FL",traditional,all-transactions,2014,144.7775,4,"Homosassa Springs, FL Metro Area",38109,139771,55.0,110151,11853,4466,60670,49432,113500,26140,,msa,26140,,2014,0.8147684193176199
26140,"Homosassa Springs, FL",traditional,all-transactions,2019,228.085,4,"Homosassa Springs, FL Metro Area",44237,145169,56.5,115528,13153,5826,63681,52144,131500,26140,,msa,26140,,2019,0.818831362572824
26140,"Homosassa Springs, FL",traditional,all-transactions,2024,410.515,4,"Homosassa Springs, FL Metro Area",56546,162472,56.9,129981,17051,6787,71291,60758,245500,26140,,msa,26140,,2024,0.852253440125682
26300,"Hot Springs, AR",traditional,all-transactions,2014,173.34,4,"Hot Springs, AR Metro Area",39558,96804,44.1,68941,8765,4026,39876,27022,130200,26300,,msa,26300,,2014,0.6776507172233925
26300,"Hot Springs, AR",traditional,all-transactions,2019,202.9725,4,"Hot Springs, AR Metro Area",44777,98555,45.0,71467,9961,3916,40209,27270,139900,26300,,msa,26300,,2019,0.6782063717078266
26300,"Hot Springs, AR",traditional,all-transactions,2024,323.13,4,"Hot Springs, AR Metro Area",57181,100035,45.5,73124,11844,5015,43667,30296,194300,26300,,msa,26300,,2024,0.6937962305631254
26380,"Houma-Bayou Cane-Thibodaux, LA",traditional,all-transactions,2014,227.465,4,"Houma-Thibodaux, LA Metro Area",50138,209402,35.9,136139,13007,4014,74964,55681,132900,26380,,msa,26380,,2014,0.7427698628675098
26380,"Houma-Bayou Cane-Thibodaux, LA",traditional,all-transactions,2019,241.70499999999998,4,"Houma-Thibodaux, LA Metro Area",51837,210162,36.7,140679,15931,4742,76867,56805,155100,26380,,msa,26380,,2019,0.7390037337218832
26380,"Houma-Bayou Cane-Thibodaux, LA",traditional,all-transactions,2024,291.1675,4,"Houma-Bayou Cane-Thibodaux, LA Metro Area",64038,202438,38.8,136821,18030,6252,79889,61898,189700,26380,,msa,26380,,2024,0.7748000350486299
26420,"Houston-Pasadena-The Woodlands, TX",traditional,all-transactions,2014,218.655,4,"Houston-The Woodlands-Sugar Land, TX Metro Area",58689,6204141,33.5,3908384,762519,283151,2112447,1295275,144000,26420,,msa,26420,,2014,0.6131633124996746
26420,"Houston-Pasadena-The Woodlands, TX",traditional,all-transactions,2019,277.675,4,"Houston-The Woodlands-Sugar Land, TX Metro Area",67516,6884138,34.3,4415305,925398,370856,2352275,1421765,193900,26420,,msa,26420,,2019,0.6044212517669065
26420,"Houston-Pasadena-The Woodlands, TX",traditional,all-transactions,2024,396.9025,4,"Houston-Pasadena-The Woodlands, TX Metro Area",82168,7442788,35.4,4837926,1080098,465149,2661739,1630188,298000,26420,,msa,26420,,2024,0.6124522351740723
26580,"Huntington-Ashland, WV-KY-OH",traditional,all-transactions,2014,165.70999999999998,4,"Huntington-Ashland, WV-KY-OH Metro Area",42448,364514,40.9,252960,28366,14358,143943,103381,103400,26580,,msa,26580,,2014,0.7182079017388827
26580,"Huntington-Ashland, WV-KY-OH",traditional,all-transactions,2019,178.345,4,"Huntington-Ashland, WV-KY-OH Metro Area",45441,361832,41.4,252285,30169,14980,140894,100577,120600,26580,,msa,26580,,2019,0.7138487089585078
26580,"Huntington-Ashland, WV-KY-OH",traditional,all-transactions,2024,248.32999999999998,4,"Huntington-Ashland, WV-KY-OH Metro Area",60078,370729,41.9,259495,35284,18175,152165,111969,154700,26580,,msa,26580,,2024,0.7358393848782572
26620,"Huntsville, AL",traditional,all-transactions,2014,157.2725,4,"Huntsville, AL Metro Area",55881,430396,37.9,289378,64490,29715,167565,117875,161000,26620,,msa,26620,,2014,0.7034583594426044
26620,"Huntsville, AL",traditional,all-transactions,2019,186.7125,4,"Huntsville, AL Metro Area",64483,457003,38.7,313702,75800,37434,180332,123997,179700,26620,,msa,26620,,2019,0.6876039748907571
26620,"Huntsville, AL",traditional,all-transactions,2024,313.69,4,"Huntsville, AL Metro Area",85989,516951,38.8,357065,91131,48806,205984,144511,295200,26620,,msa,26620,,2024,0.7015641991610999
26820,"Idaho Falls, ID",traditional,all-transactions,2014,160.3075,4,"Idaho Falls, ID Metro Area",50987,136057,32.2,81303,14497,4153,45605,34349,153400,26820,,msa,26820,,2014,0.7531849577897161
26820,"Idaho Falls, ID",traditional,all-transactions,2019,243.4,4,"Idaho Falls, ID Metro Area",61007,145507,32.8,87629,18062,5293,49526,35577,183000,26820,,msa,26820,,2019,0.7183499575980293
26820,"Idaho Falls, ID",traditional,all-transactions,2024,418.48,4,"Idaho Falls, ID Metro Area",80291,165361,33.5,101410,22311,6939,55456,40997,372100,26820,,msa,26820,,2024,0.7392707732256203
26900,"Indianapolis-Carmel-Greenwood, IN",traditional,all-transactions,2014,143.35750000000002,4,"Indianapolis-Carmel-Anderson, IN Metro Area",52434,1931182,36.0,1265836,253927,96306,734934,484053,139900,26900,,msa,26900,,2014,0.658634652907608
26900,"Indianapolis-Carmel-Greenwood, IN",traditional,all-transactions,2019,187.1275,4,"Indianapolis-Carmel-Anderson, IN Metro Area",61552,2029472,36.5,1348011,302485,118424,776607,506185,163100,26900,,msa,26900,,2019,0.651790416516977
26900,"Indianapolis-Carmel-Greenwood, IN",traditional,all-transactions,2024,295.8775,4,"Indianapolis-Carmel-Greenwood, IN Metro Area",79852,2130055,36.9,1426691,347581,144257,842765,563165,265900,26900,,msa,26900,,2024,0.6682349172070506
26980,"Iowa City, IA",traditional,all-transactions,2014,164.91500000000002,4,"Iowa City, IA Metro Area",55030,158708,31.0,95259,24305,11554,63906,39356,180800,26980,,msa,26980,,2014,0.6158420179638845
26980,"Iowa City, IA",traditional,all-transactions,2019,192.435,4,"Iowa City, IA Metro Area",62544,170677,31.3,102398,26548,12502,67966,40856,216000,26980,,msa,26980,,2019,0.6011240914574935
26980,"Iowa City, IA",traditional,all-transactions,2024,255.805,4,"Iowa City, IA Metro Area",75088,179200,32.1,109224,31789,14007,72313,44246,293600,26980,,msa,26980,,2024,0.6118678522533985
27060,"Ithaca, NY",traditional,all-transactions,2014,206.78750000000002,4,"Ithaca, NY Metro Area",52836,103179,29.8,58536,12409,9837,38340,21501,171000,27060,,msa,27060,,2014,0.5607981220657277
27060,"Ithaca, NY",traditional,all-transactions,2019,228.5925,4,"Ithaca, NY Metro Area",60240,102642,31.1,59774,13563,10855,39618,21755,204600,27060,,msa,27060,,2019,0.549119087283558
27060,"Ithaca, NY",traditional,all-transactions,2024,354.905,4,"Ithaca, NY Metro Area",74024,104537,32.3,61195,14652,11743,43263,23422,290900,27060,,msa,27060,,2024,0.541386404086633
27100,"Jackson, MI",traditional,all-transactions,2014,141.8025,4,"Jackson, MI Metro Area",45452,159927,40.2,108955,14172,4956,60485,43916,110500,27100,,msa,27100,,2014,0.7260643134661486
27100,"Jackson, MI",traditional,all-transactions,2019,189.32999999999998,4,"Jackson, MI Metro Area",53658,158636,41.2,110176,16535,6201,61805,45409,131600,27100,,msa,27100,,2019,0.7347140199013025
27100,"Jackson, MI",traditional,all-transactions,2024,286.47,4,"Jackson, MI Metro Area",66073,160060,41.5,112708,17538,7062,62540,46927,193700,27100,,msa,27100,,2024,0.750351774864087
27140,"Jackson, MS",traditional,all-transactions,2014,157.61,4,"Jackson, MS Metro Area",45366,574998,35.3,370983,65690,27469,206923,139355,129800,27140,,msa,27140,,2014,0.673463075636831
27140,"Jackson, MS",traditional,all-transactions,2019,175.5425,4,"Jackson, MS Metro Area",52504,597727,36.5,395387,72436,31504,217785,146618,145600,27140,,msa,27140,,2019,0.6732235920747526
27140,"Jackson, MS",traditional,all-transactions,2024,238.2575,4,"Jackson, MS Metro Area",61644,611324,38.4,411711,79590,35496,237841,160548,200500,27140,,msa,27140,,2024,0.6750223889068747
27180,"Jackson, TN",traditional,all-transactions,2014,136.325,4,"Jackson, TN Metro Area",41346,130233,37.5,84955,12301,4200,47768,31612,108900,27180,,msa,27180,,2014,0.6617819460726846
27180,"Jackson, TN",traditional,all-transactions,2019,162.2375,4,"Jackson, TN Metro Area",46875,178442,39.1,119401,16331,6674,68815,45440,118000,27180,,msa,27180,,2019,0.6603211509118652
27180,"Jackson, TN",traditional,all-transactions,2024,286.8075,4,"Jackson, TN Metro Area",61177,181719,38.8,122650,17545,8283,72451,47706,185300,27180,,msa,27180,,2024,0.6584588204441623
27260,"Jacksonville, FL",traditional,all-transactions,2014,189.70499999999998,4,"Jacksonville, FL Metro Area",52067,1380995,37.7,928973,176272,58604,516599,339808,158300,27260,,msa,27260,,2014,0.6577790510628166
27260,"Jacksonville, FL",traditional,all-transactions,2019,271.64,4,"Jacksonville, FL Metro Area",61723,1503574,38.3,1037750,213615,81866,563946,363686,204700,27260,,msa,27260,,2019,0.6448950786068169
27260,"Jacksonville, FL",traditional,all-transactions,2024,448.185,4,"Jacksonville, FL Metro Area",79643,1683960,39.3,1175272,280172,107327,663101,440778,343400,27260,,msa,27260,,2024,0.6647222670452917
27340,"Jacksonville, NC",traditional,all-transactions,2014,181.0425,4,"Jacksonville, NC Metro Area",46141,182921,25.9,96034,12257,4026,61147,32832,154100,27340,,msa,27340,,2014,0.5369355814676109
27340,"Jacksonville, NC",traditional,all-transactions,2019,209.975,4,"Jacksonville, NC Metro Area",50278,195069,26.4,104678,16761,5543,64386,34160,156900,27340,,msa,27340,,2019,0.5305501195912155
27340,"Jacksonville, NC",traditional,all-transactions,2024,359.68,4,"Jacksonville, NC Metro Area",68148,207906,27.7,114320,19336,8096,75265,47971,236400,27340,,msa,27340,,2024,0.6373613233242543
27500,"Janesville-Beloit, WI",traditional,all-transactions,2014,145.3075,4,"Janesville-Beloit, WI Metro Area",49645,160465,38.8,107485,14021,5761,63385,44212,131500,27500,,msa,27500,,2014,0.6975151849806737
27500,"Janesville-Beloit, WI",traditional,all-transactions,2019,194.8175,4,"Janesville-Beloit, WI Metro Area",57875,162152,39.5,110227,16246,6332,64739,44254,146200,27500,,msa,27500,,2019,0.6835755881308021
27500,"Janesville-Beloit, WI",traditional,all-transactions,2024,315.9325,4,"Janesville-Beloit, WI Metro Area",75673,164350,40.3,113735,20122,7103,67201,47819,231600,27500,,msa,27500,,2024,0.7115816728917724
27620,"Jefferson City, MO",traditional,all-transactions,2014,165.13,4,"Jefferson City, MO Metro Area",51025,150440,38.1,100997,17119,6297,56404,40379,136100,27620,,msa,27620,,2014,0.7158889440465215
27620,"Jefferson City, MO",traditional,all-transactions,2019,189.9175,4,"Jefferson City, MO Metro Area",59186,151273,38.7,103472,18938,7372,56683,40088,157000,27620,,msa,27620,,2019,0.7072314450540726
27620,"Jefferson City, MO",traditional,all-transactions,2024,307.5675,4,"Jefferson City, MO Metro Area",74030,150437,39.8,103676,20970,8423,58587,42282,217500,27620,,msa,27620,,2024,0.7216959393722157
27740,"Johnson City, TN",traditional,all-transactions,2014,176.3825,4,"Johnson City, TN Metro Area",39084,200271,40.9,139044,20782,9027,83999,57454,128500,27740,,msa,27740,,2014,0.6839843331468232
27740,"Johnson City, TN",traditional,all-transactions,2019,206.985,4,"Johnson City, TN Metro Area",44439,202049,42.3,142983,22629,9694,85301,57028,148400,27740,,msa,27740,,2019,0.6685501928465083
27740,"Johnson City, TN",traditional,all-transactions,2024,369.17,4,"Johnson City, TN Metro Area",57762,210729,42.1,149695,26092,11994,88979,60684,219200,27740,,msa,27740,,2024,0.6820036188314097
27780,"Johnstown, PA",traditional,all-transactions,2014,161.28,4,"Johnstown, PA Metro Area",42304,140835,44.1,100239,12117,4849,57959,42792,86800,27780,,msa,27780,,2014,0.7383150157870219
27780,"Johnstown, PA",traditional,all-transactions,2019,172.9125,4,"Johnstown, PA Metro Area",46659,133009,45.4,95176,12802,5202,56674,42000,91900,27780,,msa,27780,,2019,0.7410805660443942
27780,"Johnstown, PA",traditional,all-transactions,2024,254.51749999999998,4,"Johnstown, PA Metro Area",58418,131538,45.6,94666,14824,5842,55973,42745,121000,27780,,msa,27780,,2024,0.7636717703178318
27860,"Jonesboro, AR",traditional,all-transactions,2014,156.6025,4,"Jonesboro, AR Metro Area",40358,124194,34.6,79001,11008,3947,47395,28183,111200,27860,,msa,27860,,2014,0.5946407848929212
27860,"Jonesboro, AR",traditional,all-transactions,2019,180.23250000000002,4,"Jonesboro, AR Metro Area",46068,131241,35.1,85256,12665,4765,50901,29617,127500,27860,,msa,27860,,2019,0.5818549733796978
27860,"Jonesboro, AR",traditional,all-transactions,2024,255.1975,4,"Jonesboro, AR Metro Area",56738,135792,35.3,87937,14181,6274,53229,32378,192200,27860,,msa,27860,,2024,0.6082774427473745
27900,"Joplin, MO-KS",traditional,all-transactions,2014,161.07999999999998,4,"Joplin, MO Metro Area",41562,175679,36.6,114201,15709,5426,67433,45770,103800,27900,,msa,27900,,2014,0.678747794106743
27900,"Joplin, MO-KS",traditional,all-transactions,2019,183.54500000000002,4,"Joplin, MO Metro Area",49098,178100,37.0,118161,18426,5660,67961,44973,122200,27900,,msa,27900,,2019,0.6617471785288621
27900,"Joplin, MO-KS",traditional,all-transactions,2024,297.6725,4,"Joplin, MO-KS Metro Area",61901,203626,38.3,135978,22260,7667,79505,53992,165500,27900,,msa,27900,,2024,0.679101943274008
27980,"Kahului-Wailuku, HI",traditional,all-transactions,2014,208.79,4,"Kahului-Wailuku-Lahaina, HI Metro Area",64563,158887,40.0,110836,19381,5947,53177,30442,510300,27980,,msa,27980,,2014,0.5724655396129906
27980,"Kahului-Wailuku, HI",traditional,all-transactions,2019,278.8325,4,"Kahului-Wailuku-Lahaina, HI Metro Area",80948,165979,41.2,118117,21366,7390,54479,33259,633500,27980,,msa,27980,,2019,0.6104921162282715
27980,"Kahului-Wailuku, HI",traditional,all-transactions,2024,436.89,4,"Kahului-Wailuku, HI Metro Area",97109,164589,43.2,119223,24587,8303,55881,36638,904700,27980,,msa,27980,,2024,0.6556432418890141
28020,"Kalamazoo-Portage, MI",traditional,all-transactions,2014,147.79250000000002,4,"Kalamazoo-Portage, MI Metro Area",46392,330439,35.4,208165,39044,17441,128220,86165,131700,28020,,msa,28020,,2014,0.6720090469505537
28020,"Kalamazoo-Portage, MI",traditional,all-transactions,2019,191.0525,4,"Kalamazoo-Portage, MI Metro Area",56511,262745,34.4,164642,38045,18980,103445,66214,159300,28020,,msa,28020,,2019,0.6400889361496448
28020,"Kalamazoo-Portage, MI",traditional,all-transactions,2024,294.5575,4,"Kalamazoo-Portage, MI Metro Area",72532,262375,35.0,167183,41575,19833,107110,69106,241800,28020,,msa,28020,,2024,0.6451871907384932
28100,"Kankakee, IL",traditional,all-transactions,2014,134.3725,4,"Kankakee, IL Metro Area",51000,112682,37.3,73109,7800,4191,41430,28401,143100,28100,,msa,28100,,2014,0.6855177407675598
28100,"Kankakee, IL",traditional,all-transactions,2019,153.61,4,"Kankakee, IL Metro Area",58902,110637,37.7,72882,9399,4578,39796,27072,147900,28100,,msa,28100,,2019,0.6802693738064127
28100,"Kankakee, IL",traditional,all-transactions,2024,230.3425,4,"Kankakee, IL Metro Area",71281,106635,39.0,71873,9385,4388,40996,28641,192600,28100,,msa,28100,,2024,0.6986291345497122
28140,"Kansas City, MO-KS",traditional,all-transactions,2014,164.7525,4,"Kansas City, MO-KS Metro Area",57056,2040869,36.7,1357225,291816,120988,792793,525750,158300,28140,,msa,28140,,2014,0.6631617584918131
28140,"Kansas City, MO-KS",traditional,all-transactions,2019,221.8225,4,"Kansas City, MO-KS Metro Area",66632,2124518,37.4,1433633,336503,145734,830500,540673,183300,28140,,msa,28140,,2019,0.6510210716435882
28140,"Kansas City, MO-KS",traditional,all-transactions,2024,349.675,4,"Kansas City, MO-KS Metro Area",83460,2218142,38.0,1512611,372319,170327,895368,589480,287300,28140,,msa,28140,,2024,0.6583661689942013
28420,"Kennewick-Richland, WA",traditional,all-transactions,2014,161.14,4,"Kennewick-Richland, WA Metro Area",59476,266561,33.0,164129,26357,10580,90832,61537,174000,28420,,msa,28420,,2014,0.6774815043156597
28420,"Kennewick-Richland, WA",traditional,all-transactions,2019,236.85,4,"Kennewick-Richland, WA Metro Area",67310,289527,33.9,181035,30241,13297,98844,67932,226700,28420,,msa,28420,,2019,0.6872647808668204
28420,"Kennewick-Richland, WA",traditional,all-transactions,2024,363.1475,4,"Kennewick-Richland, WA Metro Area",89010,311807,34.6,197207,36025,16302,107936,73988,397900,28420,,msa,28420,,2024,0.6854802846131041
28450,"Kenosha, WI",traditional,all-transactions,2024,295.22249999999997,4,"Kenosha, WI Metro Area",81239,168438,39.4,115540,23543,9404,68904,45963,265500,28450,,msa,28450,,2024,0.6670585161964472
28660,"Killeen-Temple, TX",traditional,all-transactions,2014,155.5475,4,"Killeen-Temple, TX Metro Area",50671,417887,30.4,251007,34103,12740,135062,77276,120600,28660,,msa,28660,,2014,0.5721520486887504
28660,"Killeen-Temple, TX",traditional,all-transactions,2019,196.8075,4,"Killeen-Temple, TX Metro Area",54798,444716,31.6,273995,41962,16536,152818,85602,143700,28660,,msa,28660,,2019,0.5601565260636836
28660,"Killeen-Temple, TX",traditional,all-transactions,2024,322.34000000000003,4,"Killeen-Temple, TX Metro Area",69923,494360,32.8,309958,53191,20002,177681,102945,234500,28660,,msa,28660,,2024,0.5793810255457815
28700,"Kingsport-Bristol, TN-VA",traditional,all-transactions,2014,181.3,4,"Kingsport-Bristol-Bristol, TN-VA Metro Area",39178,308800,43.9,222005,27665,10656,129662,96099,118900,28700,,msa,28700,,2014,0.7411500670975305
28700,"Kingsport-Bristol, TN-VA",traditional,all-transactions,2019,210.08749999999998,4,"Kingsport-Bristol, TN-VA Metro Area",44869,306546,45.3,223824,29283,12427,128074,92790,134400,28700,,msa,28700,,2019,0.7245030216905851
28700,"Kingsport-Bristol, TN-VA",traditional,all-transactions,2024,364.9575,4,"Kingsport-Bristol, TN-VA Metro Area",57792,310842,45.7,229428,35926,13897,130939,96974,198400,28700,,msa,28700,,2024,0.7406044035772382
28740,"Kingston, NY",traditional,all-transactions,2014,214.23250000000002,4,"Kingston, NY Metro Area",58592,181598,42.9,128233,20984,13414,69388,48242,226600,28740,,msa,28740,,2014,0.6952498991180032
28740,"Kingston, NY",traditional,all-transactions,2019,262.2825,4,"Kingston, NY Metro Area",64304,178665,44.0,130190,22618,14734,69320,47321,230500,28740,,msa,28740,,2019,0.6826457010963647
28740,"Kingston, NY",traditional,all-transactions,2024,458.6775,4,"Kingston, NY Metro Area",86271,182601,44.1,134979,27981,18070,74278,51924,352500,28740,,msa,28740,,2024,0.6990495166805784
28880,"Kiryas Joel-Poughkeepsie-Newburgh, NY",traditional,all-transactions,2019,216.5125,4,"Poughkeepsie-Newburgh-Middletown, NY Metro Area",80534,673839,39.2,448388,81414,50771,236429,160124,276500,28880,,msa,28880,,2019,0.6772604037575762
28880,"Kiryas Joel-Poughkeepsie-Newburgh, NY",traditional,all-transactions,2024,348.29,4,"Kiryas Joel-Poughkeepsie-Newburgh, NY Metro Area",98233,704836,39.4,473803,95998,59515,254883,174449,393600,28880,,msa,28880,,2024,0.6844277570493128
28940,"Knoxville, TN",traditional,all-transactions,2014,175.7,4,"Knoxville, TN Metro Area",44906,847765,40.3,581447,96190,38747,340980,234569,148200,28940,,msa,28940,,2014,0.6879259780632295
28940,"Knoxville, TN",traditional,all-transactions,2019,221.1675,4,"Knoxville, TN Metro Area",54636,853337,40.4,591129,105440,47057,341209,234316,171300,28940,,msa,28940,,2019,0.6867228003950658
28940,"Knoxville, TN",traditional,all-transactions,2024,415.0525,4,"Knoxville, TN Metro Area",72422,932241,40.6,651780,129474,57335,378234,266262,290200,28940,,msa,28940,,2024,0.7039610399911166
29020,"Kokomo, IN",traditional,all-transactions,2014,122.675,4,"Kokomo, IN Metro Area",42078,82914,41.2,56876,7175,3149,34386,23603,96200,29020,,msa,29020,,2014,0.6864130750886989
29020,"Kokomo, IN",traditional,all-transactions,2019,152.14,4,"Kokomo, IN Metro Area",52373,82331,41.7,56983,8006,3541,34701,24376,109500,29020,,msa,29020,,2019,0.7024581424166451
29020,"Kokomo, IN",traditional,all-transactions,2024,243.56,4,"Kokomo, IN Metro Area",64027,83752,40.7,58020,8024,3229,35593,25119,165000,29020,,msa,29020,,2024,0.7057286545107184
29100,"La Crosse-Onalaska, WI-MN",traditional,all-transactions,2014,194.08249999999998,4,"La Crosse-Onalaska, WI-MN Metro Area",51160,135329,36.7,87137,16333,6217,54165,36341,154700,29100,,msa,29100,,2014,0.6709314132742545
29100,"La Crosse-Onalaska, WI-MN",traditional,all-transactions,2019,240.175,4,"La Crosse-Onalaska, WI-MN Metro Area",58501,136542,37.2,88785,18870,7476,55771,36562,173400,29100,,msa,29100,,2019,0.6555736852486059
29100,"La Crosse-Onalaska, WI-MN",traditional,all-transactions,2024,363.505,4,"La Crosse-Onalaska, WI-MN Metro Area",73340,170190,39.3,113089,23796,9968,72055,48767,247400,29100,,msa,29100,,2024,0.6768024425785858
29180,"Lafayette, LA",traditional,all-transactions,2014,204.8225,4,"Lafayette, LA Metro Area",47174,475457,35.0,306074,44567,12708,177280,122097,127400,29180,,msa,29180,,2014,0.6887240523465704
29180,"Lafayette, LA",traditional,all-transactions,2019,219.98000000000002,4,"Lafayette, LA Metro Area",51955,489914,36.0,325714,53406,16146,181798,125557,157100,29180,,msa,29180,,2019,0.6906401610578774
29180,"Lafayette, LA",traditional,all-transactions,2024,272.82,4,"Lafayette, LA Metro Area",60892,413428,37.3,278503,53669,15223,164378,112095,214400,29180,,msa,29180,,2024,0.6819343221112314
29200,"Lafayette-West Lafayette, IN",traditional,all-transactions,2014,132.23250000000002,4,"Lafayette-West Lafayette, IN Metro Area",45364,207013,29.4,117488,21690,10461,78213,44685,125000,29200,,msa,29200,,2014,0.5713244601281117
29200,"Lafayette-West Lafayette, IN",traditional,all-transactions,2019,169.49,4,"Lafayette-West Lafayette, IN Metro Area",53321,228541,30.0,131562,25872,12811,85317,50661,145800,29200,,msa,29200,,2019,0.5937972502549316
29200,"Lafayette-West Lafayette, IN",traditional,all-transactions,2024,276.6075,4,"Lafayette-West Lafayette, IN Metro Area",62011,226805,30.8,132233,27757,12943,90706,52637,226100,29200,,msa,29200,,2024,0.5803033977906643
29340,"Lake Charles, LA",traditional,all-transactions,2014,194.2525,4,"Lake Charles, LA Metro Area",44644,201656,36.3,130920,18613,5711,77334,54378,118600,29340,,msa,29340,,2014,0.7031577313988673
29340,"Lake Charles, LA",traditional,all-transactions,2019,231.04500000000002,4,"Lake Charles, LA Metro Area",51196,208549,36.3,138239,20193,7261,80514,54776,155600,29340,,msa,29340,,2019,0.6803288869016568
29340,"Lake Charles, LA",traditional,all-transactions,2024,266.87,4,"Lake Charles, LA Metro Area",66700,244027,37.6,163269,25044,9144,92043,67963,207800,29340,,msa,29340,,2024,0.738383147007377
29404,"Lake County, IL (MSAD)",traditional,all-transactions,2014,137.8125,4,"Lake County-Kenosha County, IL-WI Metro Division; Chicago-Naperville-Elgin, IL-IN-WI Metro Area",71585,870438,37.2,559862,132215,63121,304419,223506,224500,29404,29404,division,29404,16980,2014,0.7342051580223311
29404,"Lake County, IL (MSAD)",traditional,all-transactions,2019,152.5275,4,"Lake County-Kenosha County, IL-WI Metro Division; Chicago-Naperville-Elgin, IL-IN-WI Metro Area",82767,869997,38.4,570713,140533,70911,310233,222049,242300,29404,29404,division,29404,16980,2019,0.715749130492243
29404,"Lake County, IL (MSAD)",traditional,all-transactions,2024,224.62,4,"Lake County, IL Metro Division; Chicago-Naperville-Elgin, IL-IN Metro Area",110416,714223,39.1,475309,130975,69695,258455,193403,345700,29404,29404,division,29404,16980,2024,0.7483043469849684
29414,"Lake County-Porter County-Jasper County, IN (MSAD)",traditional,all-transactions,2014,148.1925,4,"Gary, IN Metro Division; Chicago-Naperville-Elgin, IL-IN-WI Metro Area",52478,706542,38.2,468678,65528,24876,261927,187272,144600,29414,23844,division,29414,16980,2014,0.7149778373363571
29414,"Lake County-Porter County-Jasper County, IN (MSAD)",traditional,all-transactions,2019,179.645,4,"Gary, IN Metro Division; Chicago-Naperville-Elgin, IL-IN-WI Metro Area",59955,701782,39.3,475947,72735,28772,269354,192515,159500,29414,23844,division,29414,16980,2019,0.7147285728075321
29414,"Lake County-Porter County-Jasper County, IN (MSAD)",traditional,all-transactions,2024,273.43,4,"Lake County-Porter County-Jasper County, IN Metro Division; Chicago-Naperville-Elgin, IL-IN Metro Area",75120,722353,40.1,498277,87221,34277,282250,208511,239900,29414,29414,division,29414,16980,2024,0.7387457927369353
29420,"Lake Havasu City-Kingman, AZ",traditional,all-transactions,2014,168.8075,4,"Lake Havasu City-Kingman, AZ Metro Area",38456,202482,48.6,148797,11604,4584,80529,54904,124600,29420,,msa,29420,,2014,0.6817916526965441
29420,"Lake Havasu City-Kingman, AZ",traditional,all-transactions,2019,247.07999999999998,4,"Lake Havasu City-Kingman, AZ Metro Area",45587,207695,51.6,158391,13078,4936,86889,60192,160500,29420,,msa,29420,,2019,0.6927459172047095
29420,"Lake Havasu City-Kingman, AZ",traditional,all-transactions,2024,401.9625,4,"Lake Havasu City-Kingman, AZ Metro Area",57684,220517,53.6,172400,16295,7148,101973,75535,281000,29420,,msa,29420,,2024,0.7407352926755122
29460,"Lakeland-Winter Haven, FL",traditional,all-transactions,2014,160.68,4,"Lakeland-Winter Haven, FL Metro Area",43063,617323,40.3,420091,53596,18197,220556,153444,107100,29460,,msa,29460,,2014,0.6957144670741218
29460,"Lakeland-Winter Haven, FL",traditional,all-transactions,2019,243.5125,4,"Lakeland-Winter Haven, FL Metro Area",50584,686218,40.2,475256,62685,24549,235283,162088,150800,29460,,msa,29460,,2019,0.6889065508345269
29460,"Lakeland-Winter Haven, FL",traditional,all-transactions,2024,424.9325,4,"Lakeland-Winter Haven, FL Metro Area",65978,790694,39.5,548366,86729,31509,289425,203945,266500,29460,,msa,29460,,2024,0.704655783018053
29484,"Lakewood-New Brunswick, NJ (MSAD)",traditional,all-transactions,2019,249.495,4,"New Brunswick-Lakewood, NJ Metro Division; New York-Newark-Jersey City, NY-NJ-PA Metro Area",89126,2373832,41.0,1643063,417614,207720,864720,624977,353600,29484,35154,division,29484,35620,2019,0.7227507169950966
29484,"Lakewood-New Brunswick, NJ (MSAD)",traditional,all-transactions,2024,410.41499999999996,4,"Lakewood-New Brunswick, NJ Metro Division; New York-Newark-Jersey City, NY-NJ Metro Area",112244,2520851,41.1,1750968,475645,248663,934139,680122,483100,29484,29484,division,29484,35620,2024,0.7280736592734057
29540,"Lancaster, PA",traditional,all-transactions,2014,167.73250000000002,4,"Lancaster, PA Metro Area",57120,526839,38.3,347425,56043,21696,194503,134904,187300,29540,,msa,29540,,2014,0.6935831323938448
29540,"Lancaster, PA",traditional,all-transactions,2019,201.8375,4,"Lancaster, PA Metro Area",66056,540999,38.6,363973,63009,27216,201620,137217,209400,29540,,msa,29540,,2019,0.6805723638527924
29540,"Lancaster, PA",traditional,all-transactions,2024,323.53,4,"Lancaster, PA Metro Area",86959,557931,39.4,380042,78303,33312,212748,148550,301100,29540,,msa,29540,,2024,0.6982439317878429
29620,"Lansing-East Lansing, MI",traditional,all-transactions,2014,135.26,4,"Lansing-East Lansing, MI Metro Area",50155,467122,34.8,292727,54435,25262,181936,117966,129700,29620,,msa,29620,,2014,0.6483928414387476
29620,"Lansing-East Lansing, MI",traditional,all-transactions,2019,176.995,4,"Lansing-East Lansing, MI Metro Area",57925,546772,36.4,354964,67569,32501,214641,142764,146700,29620,,msa,29620,,2019,0.6651292157602695
29620,"Lansing-East Lansing, MI",traditional,all-transactions,2024,266.3775,4,"Lansing-East Lansing, MI Metro Area",72550,472669,36.5,310203,68822,31211,194163,129326,216700,29620,,msa,29620,,2024,0.6660692304919063
29700,"Laredo, TX",traditional,all-transactions,2014,157.485,4,"Laredo, TX Metro Area",38679,259471,28.1,140551,17128,4990,68502,42848,107400,29700,,msa,29700,,2014,0.6254999854018861
29700,"Laredo, TX",traditional,all-transactions,2019,189.23250000000002,4,"Laredo, TX Metro Area",46475,273526,28.8,151324,20686,6233,74789,46513,125900,29700,,msa,29700,,2019,0.6219230100683255
29700,"Laredo, TX",traditional,all-transactions,2024,270.27,4,"Laredo, TX Metro Area",63058,269294,30.0,154265,23302,7324,81373,52630,189900,29700,,msa,29700,,2024,0.6467747287183709
29740,"Las Cruces, NM",traditional,all-transactions,2014,155.485,4,"Las Cruces, NM Metro Area",38426,212942,32.5,127266,20692,10083,74623,48287,137300,29740,,msa,29740,,2014,0.6470793187087092
29740,"Las Cruces, NM",traditional,all-transactions,2019,178.7975,4,"Las Cruces, NM Metro Area",40973,216069,33.1,130958,21105,10457,77842,49113,147400,29740,,msa,29740,,2019,0.6309318876698954
29740,"Las Cruces, NM",traditional,all-transactions,2024,284.075,4,"Las Cruces, NM Metro Area",56848,224266,34.3,140141,25007,14216,84889,55574,220800,29740,,msa,29740,,2024,0.6546666823734524
29820,"Las Vegas-Henderson-North Las Vegas, NV",traditional,all-transactions,2014,146.22750000000002,4,"Las Vegas-Henderson-Paradise, NV Metro Area",52070,2003613,36.1,1332874,197268,68120,715415,379677,163100,29820,,msa,29820,,2014,0.5307087494670926
29820,"Las Vegas-Henderson-North Las Vegas, NV",traditional,all-transactions,2019,232.77,4,"Las Vegas-Henderson-Paradise, NV Metro Area",59340,2182004,37.3,1489158,240892,86429,783524,421252,262700,29820,,msa,29820,,2019,0.5376376473471138
29820,"Las Vegas-Henderson-North Las Vegas, NV",traditional,all-transactions,2024,365.3525,4,"Las Vegas-Henderson-North Las Vegas, NV Metro Area",76472,2329548,38.5,1625416,297729,107764,862518,498384,431000,29820,,msa,29820,,2024,0.5778244627938199
29940,"Lawrence, KS",traditional,all-transactions,2014,177.155,4,"Lawrence, KS Metro Area",50732,113703,28.7,64125,17316,9141,43834,22678,181300,29940,,msa,29940,,2014,0.5173609526851303
29940,"Lawrence, KS",traditional,all-transactions,2019,214.6325,4,"Lawrence, KS Metro Area",59435,120290,29.8,69728,18084,10816,46936,24082,199400,29940,,msa,29940,,2019,0.5130816430884609
29940,"Lawrence, KS",traditional,all-transactions,2024,322.275,4,"Lawrence, KS Metro Area",69746,120302,31.6,71726,20569,11908,50406,25246,309400,29940,,msa,29940,,2024,0.5008530730468596
30020,"Lawton, OK",traditional,all-transactions,2014,151.32,4,"Lawton, OK Metro Area",46283,131804,31.7,81809,11090,3954,46524,26582,111800,30020,,msa,30020,,2014,0.5713610179692202
30020,"Lawton, OK",traditional,all-transactions,2019,150.8275,4,"Lawton, OK Metro Area",52076,127620,33.3,81298,10445,5466,45037,24469,121700,30020,,msa,30020,,2019,0.5433088349579235
30020,"Lawton, OK",traditional,all-transactions,2024,211.7775,4,"Lawton, OK Metro Area",60665,127310,34.4,82634,13179,5197,46938,26603,161000,30020,,msa,30020,,2024,0.5667689292257873
30140,"Lebanon, PA",traditional,all-transactions,2014,165.82999999999998,4,"Lebanon, PA Metro Area",56173,135184,41.1,92605,11590,4981,51793,37002,164500,30140,,msa,30140,,2014,0.7144208676848223
30140,"Lebanon, PA",traditional,all-transactions,2019,187.39,4,"Lebanon, PA Metro Area",60281,139729,41.0,95909,12576,5530,53579,37479,171300,30140,,msa,30140,,2019,0.6995091360421061
30140,"Lebanon, PA",traditional,all-transactions,2024,298.7325,4,"Lebanon, PA Metro Area",78425,144186,41.1,99692,14856,7144,56712,40419,242000,30140,,msa,30140,,2024,0.7127063055438002
30300,"Lewiston, ID-WA",traditional,all-transactions,2014,190.1425,4,"Lewiston, ID-WA Metro Area",44993,61610,42.5,42827,6124,2062,25564,17517,167100,30300,,msa,30300,,2014,0.6852214051009232
30300,"Lewiston, ID-WA",traditional,all-transactions,2019,241.76749999999998,4,"Lewiston, ID-WA Metro Area",56430,62638,42.3,44228,6956,1882,25485,18364,193700,30300,,msa,30300,,2019,0.7205807337649598
30300,"Lewiston, ID-WA",traditional,all-transactions,2024,397.8625,4,"Lewiston, ID-WA Metro Area",72475,65164,42.8,46385,8071,2584,26760,19114,331900,30300,,msa,30300,,2024,0.7142750373692077
30340,"Lewiston-Auburn, ME",traditional,all-transactions,2014,172.595,4,"Lewiston-Auburn, ME Metro Area",45765,107470,40.4,73811,10077,3520,44391,28461,152800,30340,,msa,30340,,2014,0.641143475028722
30340,"Lewiston-Auburn, ME",traditional,all-transactions,2019,213.33249999999998,4,"Lewiston-Auburn, ME Metro Area",53509,107602,41.0,74726,11335,3759,45630,29359,158200,30340,,msa,30340,,2019,0.6434144203374973
30340,"Lewiston-Auburn, ME",traditional,all-transactions,2024,374.57,4,"Lewiston-Auburn, ME Metro Area",67873,113423,40.5,78846,12701,4566,46953,31865,252800,30340,,msa,30340,,2024,0.6786573807850403
30460,"Lexington-Fayette, KY",traditional,all-transactions,2014,169.8275,4,"Lexington-Fayette, KY Metro Area",49997,483997,35.5,316082,64546,29061,192393,113544,163000,30460,,msa,30460,,2014,0.5901670019179492
30460,"Lexington-Fayette, KY",traditional,all-transactions,2019,211.645,4,"Lexington-Fayette, KY Metro Area",58685,510647,36.1,336190,71583,34634,202126,119407,182700,30460,,msa,30460,,2019,0.5907552714643342
30460,"Lexington-Fayette, KY",traditional,all-transactions,2024,336.51,4,"Lexington-Fayette, KY Metro Area",71966,522560,36.7,346634,83637,40344,216273,128234,281300,30460,,msa,30460,,2024,0.5929265326693577
30500,"Lexington Park, MD",traditional,all-transactions,2024,301.62,4,"Lexington Park, MD Metro Area",126256,209439,38.6,142853,29042,19320,75901,60232,434100,30500,,msa,30500,,2024,0.793560032147139
30620,"Lima, OH",traditional,all-transactions,2014,146.3225,4,"Lima, OH Metro Area",43648,105562,38.2,69276,6961,3676,40191,27189,106200,30620,,msa,30620,,2014,0.6764947376278271
30620,"Lima, OH",traditional,all-transactions,2019,175.745,4,"Lima, OH Metro Area",53131,103175,39.2,69145,7959,3695,40650,27263,118100,30620,,msa,30620,,2019,0.6706765067650676
30620,"Lima, OH",traditional,all-transactions,2024,270.8475,4,"Lima, OH Metro Area",64038,101348,39.7,68305,8371,3796,41295,27952,165300,30620,,msa,30620,,2024,0.67688582152803
30700,"Lincoln, NE",traditional,all-transactions,2014,163.7575,4,"Lincoln, NE Metro Area",52291,310665,33.1,192429,45243,15017,122757,73841,149700,30700,,msa,30700,,2014,0.6015217054831904
30700,"Lincoln, NE",traditional,all-transactions,2019,211.3775,4,"Lincoln, NE Metro Area",61031,330329,33.7,205095,50172,19911,130924,79078,176600,30700,,msa,30700,,2019,0.6039992667501757
30700,"Lincoln, NE",traditional,all-transactions,2024,318.6275,4,"Lincoln, NE Metro Area",75049,344337,34.5,216747,56919,22658,140914,83953,273500,30700,,msa,30700,,2024,0.5957747278481911
30780,"Little Rock-North Little Rock-Conway, AR",traditional,all-transactions,2014,165.395,4,"Little Rock-North Little Rock-Conway, AR Metro Area",49179,716849,36.0,472813,86080,30603,274285,179151,136400,30780,,msa,30780,,2014,0.6531563884280949
30780,"Little Rock-North Little Rock-Conway, AR",traditional,all-transactions,2019,184.8275,4,"Little Rock-North Little Rock-Conway, AR Metro Area",54746,737015,36.9,493560,93094,39291,284127,182060,154600,30780,,msa,30780,,2019,0.6407697966050393
30780,"Little Rock-North Little Rock-Conway, AR",traditional,all-transactions,2024,271.4425,4,"Little Rock-North Little Rock-Conway, AR Metro Area",67154,758629,37.6,510660,106281,45436,311547,198580,214100,30780,,msa,30780,,2024,0.6373998144742206
30860,"Logan, UT-ID",traditional,all-transactions,2014,172.8625,4,"Logan, UT-ID Metro Area",49915,128807,25.7,65892,14888,4988,39746,26575,185700,30860,,msa,30860,,2014,0.6686207417098576
30860,"Logan, UT-ID",traditional,all-transactions,2019,245.985,4,"Logan, UT-ID Metro Area",58809,137629,25.7,70617,17112,5501,42790,27754,234100,30860,,msa,30860,,2019,0.6486094881981771
30860,"Logan, UT-ID",traditional,all-transactions,2024,418.5075,4,"Logan, UT-ID Metro Area",81126,155102,26.8,82037,21156,8824,49371,32142,436800,30860,,msa,30860,,2024,0.6510299568572644
30980,"Longview, TX",traditional,all-transactions,2014,189.9275,4,"Longview, TX Metro Area",46615,216746,37.2,142244,16947,5495,77524,53035,109300,30980,,msa,30980,,2014,0.6841107270006708
30980,"Longview, TX",traditional,all-transactions,2019,212.93,4,"Longview, TX Metro Area",51580,284796,37.6,188442,24789,8332,100968,68938,134000,30980,,msa,30980,,2019,0.6827707788606291
30980,"Longview, TX",traditional,all-transactions,2024,334.49,4,"Longview, TX Metro Area",66647,291044,38.1,192932,27747,10156,108174,76114,184400,30980,,msa,30980,,2024,0.703625640172315
31020,"Longview-Kelso, WA",traditional,all-transactions,2014,161.715,4,"Longview, WA Metro Area",46571,102072,40.7,69753,6951,2967,39765,26290,175200,31020,,msa,31020,,2014,0.661134163208852
31020,"Longview-Kelso, WA",traditional,all-transactions,2019,255.41750000000002,4,"Longview, WA Metro Area",54506,106778,41.3,74257,7906,3544,41952,27719,219300,31020,,msa,31020,,2019,0.6607313119755912
31020,"Longview-Kelso, WA",traditional,all-transactions,2024,385.4,4,"Longview-Kelso, WA Metro Area",76531,112360,41.5,78946,9404,3630,43943,29876,397500,31020,,msa,31020,,2024,0.6798807546139317
31084,"Los Angeles-Long Beach-Glendale, CA (MSAD)",traditional,all-transactions,2014,272.7625,4,"Los Angeles-Long Beach-Glendale, CA Metro Division; Los Angeles-Long Beach-Anaheim, CA Metro Area",55870,9974203,35.3,6557746,1281851,442258,3242391,1503915,425100,31084,31084,division,31084,31080,2014,0.4638290076674898
31084,"Los Angeles-Long Beach-Glendale, CA (MSAD)",traditional,all-transactions,2019,366.6775,4,"Los Angeles-Long Beach-Glendale, CA Metro Division; Los Angeles-Long Beach-Anaheim, CA Metro Area",68044,10081570,36.5,6886895,1460862,522777,3316795,1519516,583200,31084,31084,division,31084,31080,2019,0.45812780108508366
31084,"Los Angeles-Long Beach-Glendale, CA (MSAD)",traditional,all-transactions,2024,535.8525,4,"Los Angeles-Long Beach-Glendale, CA Metro Division; Los Angeles-Long Beach-Anaheim, CA Metro Area",90112,9808667,38.2,6917487,1590181,608104,3416449,1567983,834200,31084,31084,division,31084,31080,2024,0.45895109220128855
31140,"Louisville/Jefferson County, KY-IN",traditional,all-transactions,2014,165.965,4,"Louisville/Jefferson County, KY-IN Metro Area",50386,1253305,38.5,851207,137935,64914,491885,331957,148000,31140,,msa,31140,,2014,0.6748670929180601
31140,"Louisville/Jefferson County, KY-IN",traditional,all-transactions,2019,208.1125,4,"Louisville/Jefferson County, KY-IN Metro Area",59158,1257088,39.0,867371,155154,73038,491443,329631,169500,31140,,msa,31140,,2019,0.6707410625443846
31140,"Louisville/Jefferson County, KY-IN",traditional,all-transactions,2024,308.8125,4,"Louisville/Jefferson County, KY-IN Metro Area",73863,1372558,39.4,954675,188635,91779,558306,384757,248700,31140,,msa,31140,,2024,0.689150752454747
31180,"Lubbock, TX",traditional,all-transactions,2014,169.695,4,"Lubbock, TX Metro Area",45337,298578,30.8,175583,30617,11433,111251,64151,107800,31180,,msa,31180,,2014,0.5766330190290424
31180,"Lubbock, TX",traditional,all-transactions,2019,202.6775,4,"Lubbock, TX Metro Area",51942,316474,31.0,187606,34838,14111,117703,65696,137300,31180,,msa,31180,,2019,0.55815059938999
31180,"Lubbock, TX",traditional,all-transactions,2024,283.0525,4,"Lubbock, TX Metro Area",63629,358708,32.4,217500,41806,17975,140553,80347,202700,31180,,msa,31180,,2024,0.5716491287983892
31340,"Lynchburg, VA",traditional,all-transactions,2014,174.95999999999998,4,"Lynchburg, VA Metro Area",46913,255440,40.1,169329,26604,10622,98815,70396,162000,31340,,msa,31340,,2014,0.7124019632646865
31340,"Lynchburg, VA",traditional,all-transactions,2019,200.3575,4,"Lynchburg, VA Metro Area",53798,261652,39.9,175296,29777,13861,100912,70843,169100,31340,,msa,31340,,2019,0.7020275091168543
31340,"Lynchburg, VA",traditional,all-transactions,2024,316.355,4,"Lynchburg, VA Metro Area",68996,263798,40.0,178570,34863,15458,103401,74033,239700,31340,,msa,31340,,2024,0.7159795359812767
31420,"Macon-Bibb County, GA",traditional,all-transactions,2014,133.82999999999998,4,"Macon, GA Metro Area",39609,231956,37.6,151939,19903,8165,84303,51997,120400,31420,,msa,31420,,2014,0.6167870657034744
31420,"Macon-Bibb County, GA",traditional,all-transactions,2019,155.52249999999998,4,"Macon-Bibb County, GA Metro Area",44332,229504,38.3,153515,20710,9817,86131,52698,122200,31420,,msa,31420,,2019,0.6118354599389302
31420,"Macon-Bibb County, GA",traditional,all-transactions,2024,246.9325,4,"Macon-Bibb County, GA Metro Area",59526,234943,38.6,158773,20658,11863,88590,54816,188300,31420,,msa,31420,,2024,0.6187605824585167
31540,"Madison, WI",traditional,all-transactions,2014,176.175,4,"Madison, WI Metro Area",61227,620368,35.8,410228,104717,45313,255724,157870,217500,31540,,msa,31540,,2014,0.6173452628615226
31540,"Madison, WI",traditional,all-transactions,2019,221.82,4,"Madison, WI Metro Area",72374,653725,36.2,435823,120872,52570,271938,166247,248400,31540,,msa,31540,,2019,0.6113415557958064
31540,"Madison, WI",traditional,all-transactions,2024,342.36249999999995,4,"Madison, WI Metro Area",88804,691830,37.0,467729,142503,60620,301580,181998,372400,31540,,msa,31540,,2024,0.603481663240268
31700,"Manchester-Nashua, NH",traditional,all-transactions,2014,206.93,4,"Manchester-Nashua, NH Metro Area",70906,402776,39.9,276792,62701,27810,154236,103198,245900,31700,,msa,31700,,2014,0.6690915220830416
31700,"Manchester-Nashua, NH",traditional,all-transactions,2019,263.1125,4,"Manchester-Nashua, NH Metro Area",81460,413035,40.7,291168,70773,31606,161086,106397,274800,31700,,msa,31700,,2019,0.6604981190171709
31700,"Manchester-Nashua, NH",traditional,all-transactions,2024,440.48,4,"Manchester-Nashua, NH Metro Area",103545,426378,41.0,307804,78243,39666,168740,113710,421100,31700,,msa,31700,,2024,0.67387697048714
31740,"Manhattan, KS",traditional,all-transactions,2014,200.9425,4,"Manhattan, KS Metro Area",48097,96816,25.9,50421,12007,5743,34271,17355,166700,31740,,msa,31740,,2014,0.506404832073765
31740,"Manhattan, KS",traditional,all-transactions,2019,221.3225,4,"Manhattan, KS Metro Area",54141,132928,26.6,71104,15625,7255,47872,23091,182300,31740,,msa,31740,,2019,0.48234876336898397
31740,"Manhattan, KS",traditional,all-transactions,2024,307.4275,4,"Manhattan, KS Metro Area",65469,133965,27.3,73359,17470,7923,51234,26637,223700,31740,,msa,31740,,2024,0.5199086544091814
31860,"Mankato, MN",traditional,all-transactions,2014,183.9325,4,"Mankato-North Mankato, MN Metro Area",54112,97643,31.6,59000,12564,3826,37129,25346,163300,31860,,msa,31860,,2014,0.6826469875299631
31860,"Mankato, MN",traditional,all-transactions,2019,225.785,4,"Mankato, MN Metro Area",60827,100749,33.1,61078,13825,4799,38976,25698,187600,31860,,msa,31860,,2019,0.6593288177339901
31860,"Mankato, MN",traditional,all-transactions,2024,315.2625,4,"Mankato, MN Metro Area",75808,104282,34.0,63208,14866,4564,40608,26328,268100,31860,,msa,31860,,2024,0.6483451536643026
31900,"Mansfield, OH",traditional,all-transactions,2014,127.9625,4,"Mansfield, OH Metro Area",42042,122813,41.2,85359,9043,3287,48211,33204,102400,31900,,msa,31900,,2014,0.6887224907178859
31900,"Mansfield, OH",traditional,all-transactions,2019,163.4325,4,"Mansfield, OH Metro Area",49547,121100,41.1,84649,10153,4110,48449,32633,110600,31900,,msa,31900,,2019,0.6735536337179302
31900,"Mansfield, OH",traditional,all-transactions,2024,272.5175,4,"Mansfield, OH Metro Area",59509,125099,40.9,87570,10053,4333,50111,34036,164800,31900,,msa,31900,,2024,0.6792121490291553
31924,"Marietta, GA (MSAD)",traditional,all-transactions,2024,386.42,4,"Marietta, GA Metro Division; Atlanta-Sandy Springs-Roswell, GA Metro Area",100877,1379547,38.0,940856,260975,107366,509802,363271,386000,31924,31924,division,31924,12060,2024,0.7125727243125762
32580,"McAllen-Edinburg-Mission, TX",traditional,all-transactions,2014,148.43,4,"McAllen-Edinburg-Mission, TX Metro Area",34952,806447,28.6,443037,52084,14743,221150,150221,78900,32580,,msa,32580,,2014,0.6792719873389103
32580,"McAllen-Edinburg-Mission, TX",traditional,all-transactions,2019,176.225,4,"McAllen-Edinburg-Mission, TX Metro Area",40014,855176,29.2,479260,63264,20013,238345,162163,87100,32580,,msa,32580,,2019,0.6803708909354087
32580,"McAllen-Edinburg-Mission, TX",traditional,all-transactions,2024,281.195,4,"McAllen-Edinburg-Mission, TX Metro Area",54338,891977,30.5,516001,72515,25290,270210,182271,140900,32580,,msa,32580,,2024,0.6745531253469523
32780,"Medford, OR",traditional,all-transactions,2014,196.6225,4,"Medford, OR Metro Area",44086,206583,42.7,145232,22643,9844,82977,51817,217200,32780,,msa,32780,,2014,0.6244742519011293
32780,"Medford, OR",traditional,all-transactions,2019,275.1225,4,"Medford, OR Metro Area",53412,216574,42.6,155029,26514,11324,88241,55792,280300,32780,,msa,32780,,2019,0.6322684466404506
32780,"Medford, OR",traditional,all-transactions,2024,377.9925,4,"Medford, OR Metro Area",73999,222645,42.8,161295,31660,12721,92035,60693,430200,32780,,msa,32780,,2024,0.6594556418753735
32820,"Memphis, TN-MS-AR",traditional,all-transactions,2014,141.43,4,"Memphis, TN-MS-AR Metro Area",47647,1337014,35.4,857667,145418,56601,489161,303635,133700,32820,,msa,32820,,2014,0.6207261004045703
32820,"Memphis, TN-MS-AR",traditional,all-transactions,2019,179.9975,4,"Memphis, TN-MS-AR Metro Area",53209,1339623,36.3,880776,152962,69189,497232,297553,152200,32820,,msa,32820,,2019,0.5984188467355279
32820,"Memphis, TN-MS-AR",traditional,all-transactions,2024,271.895,4,"Memphis, TN-MS-AR Metro Area",66401,1341924,36.8,891153,167636,78327,522879,316353,245900,32820,,msa,32820,,2024,0.6050214294320483
32900,"Merced, CA",traditional,all-transactions,2014,168.9275,4,"Merced, CA Metro Area",43066,261609,30.2,150292,12985,4009,76516,40310,152600,32900,,msa,32900,,2014,0.5268179204349417
32900,"Merced, CA",traditional,all-transactions,2019,246.2025,4,"Merced, CA Metro Area",53672,271382,31.1,160388,14630,5301,80008,41795,252700,32900,,msa,32900,,2019,0.5223852614738527
32900,"Merced, CA",traditional,all-transactions,2024,371.2375,4,"Merced, CA Metro Area",65510,290201,31.8,174127,18484,5816,86055,46474,391800,32900,,msa,32900,,2024,0.540049968043693
33124,"Miami-Miami Beach-Kendall, FL (MSAD)",traditional,all-transactions,2014,232.235,4,"Miami-Miami Beach-Kendall, FL Metro Division; Miami-Fort Lauderdale-West Palm Beach, FL Metro Area",43099,2600861,38.8,1799044,300700,105829,833541,458132,194100,33124,33124,division,33124,33100,2014,0.5496214343385628
33124,"Miami-Miami Beach-Kendall, FL (MSAD)",traditional,all-transactions,2019,337.5825,4,"Miami-Miami Beach-Kendall, FL Metro Division; Miami-Fort Lauderdale-Pompano Beach, FL Metro Area",51347,2699428,39.9,1914094,360837,132902,883372,451932,289600,33124,33124,division,33124,33100,2019,0.5115987375646953
33124,"Miami-Miami Beach-Kendall, FL (MSAD)",traditional,all-transactions,2024,628.995,4,"Miami-Miami Beach-Kendall, FL Metro Division; Miami-Fort Lauderdale-West Palm Beach, FL Metro Area",71753,2738356,40.7,1964800,416258,163607,975411,509440,463000,33124,33124,division,33124,33100,2024,0.5222824019823439
33140,"Michigan City-La Porte, IN",traditional,all-transactions,2014,153.03,4,"Michigan City-La Porte, IN Metro Area",47117,111293,39.7,76956,8346,3562,42756,30448,124000,33140,,msa,33140,,2014,0.7121339695013565
33140,"Michigan City-La Porte, IN",traditional,all-transactions,2019,188.5925,4,"Michigan City-La Porte, IN Metro Area",53658,110154,40.3,77222,9297,3249,43039,31135,132600,33140,,msa,33140,,2019,0.7234136480866191
33140,"Michigan City-La Porte, IN",traditional,all-transactions,2024,299.59749999999997,4,"Michigan City-La Porte, IN Metro Area",71055,111917,41.1,79325,11975,4581,43633,32614,195500,33140,,msa,33140,,2024,0.747461783512479
33220,"Midland, MI",traditional,all-transactions,2014,138.995,4,"Midland, MI Metro Area",52613,83620,40.7,56831,11012,4925,33709,25318,128000,33220,,msa,33220,,2014,0.7510753804621911
33220,"Midland, MI",traditional,all-transactions,2019,161.34,4,"Midland, MI Metro Area",62625,83355,41.8,58374,12272,5540,34199,26197,141700,33220,,msa,33220,,2019,0.766016550191526
33220,"Midland, MI",traditional,all-transactions,2024,252.9075,4,"Midland, MI Metro Area",77705,83757,41.8,59935,13117,6366,34993,27322,195400,33220,,msa,33220,,2024,0.7807847283742463
33260,"Midland, TX",traditional,all-transactions,2014,291.285,4,"Midland, TX Metro Area",66689,151483,32.5,94192,16618,5002,53172,36063,155400,33260,,msa,33260,,2014,0.6782329045362221
33260,"Midland, TX",traditional,all-transactions,2019,368.895,4,"Midland, TX Metro Area",79140,173816,31.7,108459,20891,6335,58692,39396,211000,33260,,msa,33260,,2019,0.6712328767123288
33260,"Midland, TX",traditional,all-transactions,2024,447.27250000000004,4,"Midland, TX Metro Area",92952,180019,32.9,112412,23935,8286,69624,47289,309400,33260,,msa,33260,,2024,0.6792054463977939
33340,"Milwaukee-Waukesha, WI",traditional,all-transactions,2014,163.76,4,"Milwaukee-Waukesha-West Allis, WI Metro Area",53628,1565368,37.2,1040048,225465,84077,622201,379054,194700,33340,,msa,33340,,2014,0.6092147071444758
33340,"Milwaukee-Waukesha, WI",traditional,all-transactions,2019,201.515,4,"Milwaukee-Waukesha, WI Metro Area",62389,1575223,37.8,1068789,245910,96202,631092,379466,213900,33340,,msa,33340,,2019,0.601284757214479
33340,"Milwaukee-Waukesha, WI",traditional,all-transactions,2024,310.825,4,"Milwaukee-Waukesha, WI Metro Area",78218,1568938,38.7,1079400,277001,108983,656436,396385,306400,33340,,msa,33340,,2024,0.6038440914270393
33460,"Minneapolis-St. Paul-Bloomington, MN-WI",traditional,all-transactions,2014,195.0425,4,"Minneapolis-St. Paul-Bloomington, MN-WI Metro Area",68019,3424786,36.4,2281241,591691,209561,1323355,932026,212600,33460,,msa,33460,,2014,0.704290232023909
33460,"Minneapolis-St. Paul-Bloomington, MN-WI",traditional,all-transactions,2019,251.2675,4,"Minneapolis-St. Paul-Bloomington, MN-WI Metro Area",80421,3573609,37.1,2420035,661932,252309,1373979,961214,257000,33460,,msa,33460,,2019,0.6995842003407621
33460,"Minneapolis-St. Paul-Bloomington, MN-WI",traditional,all-transactions,2024,345.5075,4,"Minneapolis-St. Paul-Bloomington, MN-WI Metro Area",99833,3713668,38.0,2545311,746981,290803,1477259,1044794,374000,33460,,msa,33460,,2024,0.7072517412315646
33500,"Minot, ND",traditional,all-transactions,2014,278.41,4,"Minot, ND Micro Area",58918,74111,32.5,45942,8020,2270,29150,18744,161300,33500,,msa,33500,,2014,0.6430188679245283
33500,"Minot, ND",traditional,all-transactions,2019,280.27750000000003,4,"Minot, ND Micro Area",68669,77132,32.4,49366,10317,2715,31821,19762,201800,33500,,msa,33500,,2019,0.6210364224882939
33500,"Minot, ND",traditional,all-transactions,2024,358.15250000000003,4,"Minot, ND Metro Area",78200,76484,34.2,49682,9908,3389,31781,19954,254000,33500,,msa,33500,,2024,0.6278594128567383
33540,"Missoula, MT",traditional,all-transactions,2014,221.1125,4,"Missoula, MT Metro Area",47029,111011,34.4,72063,18323,6836,45961,27203,237300,33540,,msa,33540,,2014,0.5918713692043254
33540,"Missoula, MT",traditional,all-transactions,2019,288.5575,4,"Missoula, MT Metro Area",54062,117309,36.0,78952,21073,8070,49313,29040,284000,33540,,msa,33540,,2019,0.5888913673879099
33540,"Missoula, MT",traditional,all-transactions,2024,518.4125,4,"Missoula, MT Metro Area",74989,125631,37.5,86958,24693,10454,54829,32722,466400,33540,,msa,33540,,2024,0.596800962994036
33660,"Mobile, AL",traditional,all-transactions,2014,157.5875,4,"Mobile, AL Metro Area",43844,414045,36.9,271571,37981,13742,154400,102973,124500,33660,,msa,33660,,2014,0.6669235751295337
33660,"Mobile, AL",traditional,all-transactions,2019,189.66,4,"Mobile, AL Metro Area",47302,430655,38.1,290184,43782,16774,162241,105804,128900,33660,,msa,33660,,2019,0.6521409508077489
33660,"Mobile, AL",traditional,all-transactions,2024,293.8325,4,"Mobile, AL Metro Area",58880,412590,38.5,280484,46976,19053,161665,106752,190700,33660,,msa,33660,,2024,0.660328456994402
33700,"Modesto, CA",traditional,all-transactions,2014,182.49,4,"Modesto, CA Metro Area",49573,522794,33.3,322668,35408,11419,168090,96098,175400,33700,,msa,33700,,2014,0.5717056338866083
33700,"Modesto, CA",traditional,all-transactions,2019,263.48,4,"Modesto, CA Metro Area",60704,543194,34.1,343626,40630,11755,173898,100576,291600,33700,,msa,33700,,2019,0.5783620283154493
33700,"Modesto, CA",traditional,all-transactions,2024,387.7425,4,"Modesto, CA Metro Area",81468,553990,34.9,354367,47465,15085,177874,108828,450100,33700,,msa,33700,,2024,0.6118263489886099
33740,"Monroe, LA",traditional,all-transactions,2014,190.175,4,"Monroe, LA Metro Area",38406,177908,35.3,113624,16269,5904,66444,41540,116000,33740,,msa,33740,,2014,0.6251881283486846
33740,"Monroe, LA",traditional,all-transactions,2019,210.51,4,"Monroe, LA Metro Area",40119,203457,36.9,133851,20178,6749,73870,45717,127600,33740,,msa,33740,,2019,0.6188845268715311
33740,"Monroe, LA",traditional,all-transactions,2024,263.825,4,"Monroe, LA Metro Area",51660,223674,38.0,149261,22615,10039,87006,55646,170300,33740,,msa,33740,,2024,0.6395650874652323
33780,"Monroe, MI",traditional,all-transactions,2014,136.7275,4,"Monroe, MI Metro Area",54911,150851,41.4,103121,12159,5470,58328,46182,137500,33780,,msa,33780,,2014,0.7917638184062543
33780,"Monroe, MI",traditional,all-transactions,2019,175.1675,4,"Monroe, MI Metro Area",62203,149727,42.6,105199,14257,6023,59929,47778,161700,33780,,msa,33780,,2019,0.7972434046955564
33780,"Monroe, MI",traditional,all-transactions,2024,253.9325,4,"Monroe, MI Metro Area",77335,155505,42.8,111168,16378,7515,63029,51502,228900,33780,,msa,33780,,2024,0.8171159307620302
33860,"Montgomery, AL",traditional,all-transactions,2014,137.685,4,"Montgomery, AL Metro Area",46977,375225,36.1,244642,40796,19122,142351,93587,128500,33860,,msa,33860,,2014,0.6574383039107559
33860,"Montgomery, AL",traditional,all-transactions,2019,148.7775,4,"Montgomery, AL Metro Area",52649,373544,37.4,251092,45345,22033,144883,92867,141600,33860,,msa,33860,,2019,0.6409792729305716
33860,"Montgomery, AL",traditional,all-transactions,2024,214.2825,4,"Montgomery, AL Metro Area",64010,386024,38.0,261207,46875,25479,151438,99054,191900,33860,,msa,33860,,2024,0.6540894623542308
33874,"Montgomery County-Bucks County-Chester County, PA (MSAD)",traditional,all-transactions,2014,190.4225,4,"Montgomery County-Bucks County-Chester County, PA Metro Division; Philadelphia-Camden-Wilmington, PA-NJ-DE-MD Metro Area",80347,1941999,41.2,1342220,344718,169659,725218,542384,303200,33874,33874,division,33874,37980,2014,0.747890978988387
33874,"Montgomery County-Bucks County-Chester County, PA (MSAD)",traditional,all-transactions,2019,220.315,4,"Montgomery County-Bucks County-Chester County, PA Metro Division; Philadelphia-Camden-Wilmington, PA-NJ-DE-MD Metro Area",92898,1970189,41.8,1379627,381753,195726,746016,554030,330900,33874,33874,division,33874,37980,2019,0.7426516321365761
33874,"Montgomery County-Bucks County-Chester County, PA (MSAD)",traditional,all-transactions,2024,336.795,4,"Montgomery County-Bucks County-Chester County, PA Metro Division; Philadelphia-Camden-Wilmington, PA-NJ-DE-MD Metro Area",117678,2062874,42.0,1459857,429112,229157,789466,587067,452000,33874,33874,division,33874,37980,2024,0.7436254379542627
34060,"Morgantown, WV",traditional,all-transactions,2014,191.49,4,"Morgantown, WV Metro Area",46028,134052,32.7,83804,14136,7114,49467,31155,144900,34060,,msa,34060,,2014,0.6298138152707866
34060,"Morgantown, WV",traditional,all-transactions,2019,218.2975,4,"Morgantown, WV Metro Area",52332,139157,34.2,90361,16171,10157,51895,32705,170600,34060,,msa,34060,,2019,0.6302148569226322
34060,"Morgantown, WV",traditional,all-transactions,2024,283.83,4,"Morgantown, WV Metro Area",64640,141323,35.1,92338,17625,11897,57438,36256,233000,34060,,msa,34060,,2024,0.6312197499912949
34100,"Morristown, TN",traditional,all-transactions,2014,165.555,4,"Morristown, TN Metro Area",39822,115029,40.6,79366,7763,3534,44380,31303,123700,34100,,msa,34100,,2014,0.7053402433528616
34100,"Morristown, TN",traditional,all-transactions,2019,207.2675,4,"Morristown, TN Metro Area",45878,140912,42.6,98526,9697,4040,53569,38600,137900,34100,,msa,34100,,2019,0.7205659989919543
34100,"Morristown, TN",traditional,all-transactions,2024,378.1175,4,"Morristown, TN Metro Area",60553,122533,41.8,86051,10739,4665,47963,34781,218100,34100,,msa,34100,,2024,0.7251631465921647
34580,"Mount Vernon-Anacortes, WA",traditional,all-transactions,2014,177.6975,4,"Mount Vernon-Anacortes, WA Metro Area",54917,118364,40.6,81190,12539,5430,45309,30395,254900,34580,,msa,34580,,2014,0.6708380233507691
34580,"Mount Vernon-Anacortes, WA",traditional,all-transactions,2019,274.9625,4,"Mount Vernon-Anacortes, WA Metro Area",67028,125612,41.5,88196,14943,6028,48493,33255,306000,34580,,msa,34580,,2019,0.6857690800734126
34580,"Mount Vernon-Anacortes, WA",traditional,all-transactions,2024,435.09000000000003,4,"Mount Vernon-Anacortes, WA Metro Area",89263,131328,42.1,94631,17428,8157,52329,36664,545100,34580,,msa,34580,,2024,0.700644002369623
34620,"Muncie, IN",traditional,all-transactions,2014,136.9875,4,"Muncie, IN Metro Area",37900,117441,34.8,71189,9240,5183,46239,29323,88300,34620,,msa,34620,,2014,0.634161638443738
34620,"Muncie, IN",traditional,all-transactions,2019,161.19,4,"Muncie, IN Metro Area",43512,115020,35.6,71040,9484,5408,46026,29215,93600,34620,,msa,34620,,2019,0.6347499239560248
34620,"Muncie, IN",traditional,all-transactions,2024,257.645,4,"Muncie, IN Metro Area",58127,112280,35.8,70560,10683,5654,46256,30751,139400,34620,,msa,34620,,2024,0.6648002421307506
34740,"Muskegon-Norton Shores, MI",traditional,all-transactions,2014,141.8225,4,"Muskegon, MI Metro Area",41842,171328,39.0,114263,13657,4988,64889,48481,98600,34740,,msa,34740,,2014,0.7471374192852409
34740,"Muskegon-Norton Shores, MI",traditional,all-transactions,2019,203.865,4,"Muskegon, MI Metro Area",50854,173297,39.3,118362,16129,5620,65939,49270,117900,34740,,msa,34740,,2019,0.7472057507696508
34740,"Muskegon-Norton Shores, MI",traditional,all-transactions,2024,353.5875,4,"Muskegon-Norton Shores, MI Metro Area",65024,175961,40.0,122392,18261,6089,67732,52871,198300,34740,,msa,34740,,2024,0.7805911533691609
34820,"Myrtle Beach-Conway-North Myrtle Beach, SC",traditional,all-transactions,2014,167.555,4,"Myrtle Beach-Conway-North Myrtle Beach, SC-NC Metro Area",43681,396187,44.3,287394,45215,17254,164095,116562,163400,34820,,msa,34820,,2014,0.710332429385417
34820,"Myrtle Beach-Conway-North Myrtle Beach, SC",traditional,all-transactions,2019,211.41250000000002,4,"Myrtle Beach-Conway-North Myrtle Beach, SC-NC Metro Area",52660,463987,48.1,350466,57793,24085,187199,139386,189100,34820,,msa,34820,,2019,0.7445873108296519
34820,"Myrtle Beach-Conway-North Myrtle Beach, SC",traditional,all-transactions,2024,358.355,4,"Myrtle Beach-Conway-North Myrtle Beach, SC Metro Area",66880,383016,48.7,288090,50658,20254,158779,122680,287700,34820,,msa,34820,,2024,0.772646256746799
34900,"Napa, CA",traditional,all-transactions,2014,251.0275,4,"Napa, CA Metro Area",70925,139253,40.3,95540,20343,6486,49631,29997,439000,34900,,msa,34900,,2014,0.6044004755092584
34900,"Napa, CA",traditional,all-transactions,2019,338.4625,4,"Napa, CA Metro Area",88596,139623,41.3,98223,22816,7689,48705,31276,635900,34900,,msa,34900,,2019,0.6421517298018684
34900,"Napa, CA",traditional,all-transactions,2024,444.04,4,"Napa, CA Metro Area",111471,134869,42.9,97520,25153,9081,49763,31555,869500,34900,,msa,34900,,2024,0.6341056608323453
34940,"Naples-Marco Island, FL",traditional,all-transactions,2014,219.3125,4,"Naples-Immokalee-Marco Island, FL Metro Area",56250,334474,48.0,248040,47974,20272,126331,92058,258400,34940,,msa,34940,,2014,0.7287047518028037
34940,"Naples-Marco Island, FL",traditional,all-transactions,2019,315.7975,4,"Naples-Marco Island, FL Metro Area",69653,371453,50.8,282120,60615,27810,142979,104852,360800,34940,,msa,34940,,2019,0.7333384622916652
34940,"Naples-Marco Island, FL",traditional,all-transactions,2024,571.155,4,"Naples-Marco Island, FL Metro Area",90045,398291,53.3,308251,72405,34357,165875,127058,540700,34940,,msa,34940,,2024,0.7659864355689525
34980,"Nashville-Davidson--Murfreesboro--Franklin, TN",traditional,all-transactions,2014,188.845,4,"Nashville-Davidson--Murfreesboro--Franklin, TN Metro Area",52805,1730515,36.1,1146660,235741,84213,654063,430700,171700,34980,,msa,34980,,2014,0.6584992577167643
34980,"Nashville-Davidson--Murfreesboro--Franklin, TN",traditional,all-transactions,2019,279.58000000000004,4,"Nashville-Davidson--Murfreesboro--Franklin, TN Metro Area",66347,1871903,36.4,1261659,295961,113412,708788,464900,240800,34980,,msa,34980,,2019,0.6559083957403342
34980,"Nashville-Davidson--Murfreesboro--Franklin, TN",traditional,all-transactions,2024,463.205,4,"Nashville-Davidson--Murfreesboro--Franklin, TN Metro Area",85447,2079596,36.9,1415949,368250,149100,829134,540644,409600,34980,,msa,34980,,2024,0.652058653969081
35004,"Nassau County-Suffolk County, NY (MSAD)",traditional,all-transactions,2014,242.76,4,"Nassau County-Suffolk County, NY Metro Division; New York-Newark-Jersey City, NY-NJ-PA Metro Area",92876,2850974,40.8,1945410,403056,238849,938692,748451,408800,35004,35004,division,35004,35620,2014,0.7973339497939687
35004,"Nassau County-Suffolk County, NY (MSAD)",traditional,all-transactions,2019,302.3025,4,"Nassau County-Suffolk County, NY Metro Division; New York-Newark-Jersey City, NY-NJ-PA Metro Area",107701,2840341,41.6,1973855,441762,264808,936278,754814,446900,35004,35004,division,35004,35620,2019,0.8061857696111625
35004,"Nassau County-Suffolk County, NY (MSAD)",traditional,all-transactions,2024,451.435,4,"Nassau County-Suffolk County, NY Metro Division; New York-Newark-Jersey City, NY-NJ Metro Area",137898,2919737,41.8,2051091,494473,302281,970731,796612,630000,35004,35004,division,35004,35620,2024,0.8206310502085542
35084,"Newark, NJ (MSAD)",traditional,all-transactions,2014,203.7275,4,"Newark, NJ-PA Metro Division; New York-Newark-Jersey City, NY-NJ-PA Metro Area",76570,2491176,39.5,1689104,396188,188298,881532,565027,368500,35084,35084,division,35084,35620,2014,0.6409602827804323
35084,"Newark, NJ (MSAD)",traditional,all-transactions,2019,231.415,4,"Newark, NJ-PA Metro Division; New York-Newark-Jersey City, NY-NJ-PA Metro Area",83038,2164575,40.1,1487983,362050,174524,780509,473443,380800,35084,35084,division,35084,35620,2019,0.6065823712474808
35084,"Newark, NJ (MSAD)",traditional,all-transactions,2024,359.835,4,"Newark, NJ Metro Division; New York-Newark-Jersey City, NY-NJ Metro Area",105500,2232787,39.9,1545361,403915,207498,824937,495414,517900,35084,35084,division,35084,35620,2024,0.6005476781863343
35300,"New Haven, CT",traditional,all-transactions,2014,179.3275,4,"New Haven-Milford, CT Metro Area",61646,863148,39.6,589145,106338,61474,327086,206556,250400,35300,,msa,35300,,2014,0.6315036412441988
35300,"New Haven, CT",traditional,all-transactions,2019,193.265,4,"New Haven-Milford, CT Metro Area",69905,857513,40.3,597200,111165,66765,330572,204451,248600,35300,,msa,35300,,2019,0.618476458986242
35300,"New Haven, CT",traditional,all-transactions,2024,310.0475,4,"New Haven, CT Metro Area",88197,570598,40.2,399673,86918,53387,230673,139620,353100,35300,,msa,35300,,2024,0.6052723985902121
35380,"New Orleans-Metairie, LA",traditional,all-transactions,2014,207.9625,4,"New Orleans-Metairie, LA Metro Area",47412,1226440,37.3,830402,144076,50256,470837,292721,173600,35380,,msa,35380,,2014,0.6217034769994711
35380,"New Orleans-Metairie, LA",traditional,all-transactions,2019,255.245,4,"New Orleans-Metairie, LA Metro Area",53084,1267777,38.3,881502,167736,64383,482358,300688,197800,35380,,msa,35380,,2019,0.623371023181952
35380,"New Orleans-Metairie, LA",traditional,all-transactions,2024,315.015,4,"New Orleans-Metairie, LA Metro Area",62655,981662,39.2,688306,136392,60394,398564,241581,260200,35380,,msa,35380,,2024,0.6061285013197378
35614,"New York-Jersey City-White Plains, NY-NJ (MSAD)",traditional,all-transactions,2014,231.58,4,"New York-Jersey City-White Plains, NY-NJ Metro Division; New York-Newark-Jersey City, NY-NJ-PA Metro Area",61002,14125810,36.9,9639935,2089645,1010429,5143717,2278256,414100,35614,35614,division,35614,35620,2014,0.44292016843072823
35614,"New York-Jersey City-White Plains, NY-NJ (MSAD)",traditional,all-transactions,2019,283.245,4,"New York-Jersey City-White Plains, NY-NJ Metro Division; New York-Newark-Jersey City, NY-NJ-PA Metro Area",70343,11915488,37.3,8345943,1928040,980488,4415494,1735601,528200,35614,35614,division,35614,35620,2019,0.3930706281109203
35614,"New York-Jersey City-White Plains, NY-NJ (MSAD)",traditional,all-transactions,2024,401.0025,4,"New York-Jersey City-White Plains, NY-NJ Metro Division; New York-Newark-Jersey City, NY-NJ Metro Area",87995,12125162,38.6,8622680,2147203,1147441,4680140,1843069,686400,35614,35614,division,35614,35620,2024,0.3938063818603717
35660,"Niles, MI",traditional,all-transactions,2014,163.51749999999998,4,"Niles-Benton Harbor, MI Metro Area",44701,155992,41.3,106881,15929,8020,60320,43397,130700,35660,,msa,35660,,2014,0.7194462864721486
35660,"Niles, MI",traditional,all-transactions,2019,203.98250000000002,4,"Niles, MI Metro Area",50795,154133,42.1,107629,17947,9005,63665,45014,150700,35660,,msa,35660,,2019,0.7070446870336919
35660,"Niles, MI",traditional,all-transactions,2024,322.53,4,"Niles, MI Metro Area",65425,153288,42.7,108207,20111,9846,63999,46611,224300,35660,,msa,35660,,2024,0.7283082548164815
35840,"North Port-Bradenton-Sarasota, FL",traditional,all-transactions,2014,192.3125,4,"North Port-Sarasota-Bradenton, FL Metro Area",49875,722784,50.3,548853,96784,45611,306165,220899,169000,35840,,msa,35840,,2014,0.7215031110675616
35840,"North Port-Bradenton-Sarasota, FL",traditional,all-transactions,2019,286.365,4,"North Port-Sarasota-Bradenton, FL Metro Area",60810,803709,52.5,622073,121681,57157,328198,242930,246400,35840,,msa,35840,,2019,0.7401934198258369
35840,"North Port-Bradenton-Sarasota, FL",traditional,all-transactions,2024,495.3275,4,"North Port-Bradenton-Sarasota, FL Metro Area",80859,889339,53.6,696273,159527,75371,388951,294149,402200,35840,,msa,35840,,2024,0.7562623569549892
35980,"Norwich-New London-Willimantic, CT",traditional,all-transactions,2014,169.6575,4,"Norwich-New London, CT Metro Area",66693,274071,40.6,188762,32268,20343,106882,71809,247700,35980,,msa,35980,,2014,0.671853071611684
35980,"Norwich-New London-Willimantic, CT",traditional,all-transactions,2019,188.3,4,"Norwich-New London, CT Metro Area",73490,267390,41.4,187957,34499,21037,107827,71566,241700,35980,,msa,35980,,2019,0.663711315347733
35980,"Norwich-New London-Willimantic, CT",traditional,all-transactions,2024,309.82,4,"Norwich-New London-Willimantic, CT Metro Area",86586,279971,41.1,198368,39277,24622,115768,75341,323400,35980,,msa,35980,,2024,0.6507929652408265
36084,"Oakland-Fremont-Berkeley, CA (MSAD)",traditional,all-transactions,2014,262.9475,4,"Oakland-Hayward-Berkeley, CA Metro Division; San Francisco-Oakland-Hayward, CA Metro Area",76183,2640540,37.6,1796081,446508,196689,931917,538798,472300,36084,36084,division,36084,41860,2014,0.5781609306408189
36084,"Oakland-Fremont-Berkeley, CA (MSAD)",traditional,all-transactions,2019,370.8925,4,"Oakland-Berkeley-Livermore, CA Metro Division; San Francisco-Oakland-Berkeley, CA Metro Area",99545,2799005,38.4,1959840,526941,250683,971946,569135,704400,36084,36084,division,36084,41860,2019,0.5855623666335372
36084,"Oakland-Fremont-Berkeley, CA (MSAD)",traditional,all-transactions,2024,478.5275,4,"Oakland-Fremont-Berkeley, CA Metro Division; San Francisco-Oakland-Fremont, CA Metro Area",128560,2814485,39.6,2008589,568011,296076,1012663,607328,978500,36084,36084,division,36084,41860,2024,0.5997335737555337
36100,"Ocala, FL",traditional,all-transactions,2014,155.97,4,"Ocala, FL Metro Area",39339,334771,47.8,246795,27759,9984,133137,101048,111500,36100,,msa,36100,,2014,0.7589775945079129
36100,"Ocala, FL",traditional,all-transactions,2019,224.3275,4,"Ocala, FL Metro Area",45371,353526,48.7,263547,34395,13553,139172,104381,139900,36100,,msa,36100,,2019,0.7500143707067514
36100,"Ocala, FL",traditional,all-transactions,2024,389.385,4,"Ocala, FL Metro Area",61010,400078,47.9,299128,44764,18684,164881,127737,243100,36100,,msa,36100,,2024,0.7747223755314439
36220,"Odessa, TX",traditional,all-transactions,2014,247.215,4,"Odessa, TX Metro Area",54903,144932,30.9,86219,8874,2520,50214,32894,96800,36220,,msa,36220,,2014,0.6550762735492094
36220,"Odessa, TX",traditional,all-transactions,2019,313.635,4,"Odessa, TX Metro Area",62973,160579,30.4,95420,10362,3058,52530,34087,140500,36220,,msa,36220,,2019,0.6489053873976776
36220,"Odessa, TX",traditional,all-transactions,2024,379.16499999999996,4,"Odessa, TX Metro Area",71536,164654,31.4,98717,12012,4031,64563,41753,200200,36220,,msa,36220,,2024,0.6467016712358472
36260,"Ogden, UT",traditional,all-transactions,2014,178.97,4,"Ogden-Clearfield, UT Metro Area",63393,614521,30.7,358619,72104,24516,195735,147111,198200,36260,,msa,36260,,2014,0.7515824967430454
36260,"Ogden, UT",traditional,all-transactions,2019,263.5675,4,"Ogden-Clearfield, UT Metro Area",75062,662875,31.8,395617,85277,30610,209117,158449,255500,36260,,msa,36260,,2019,0.7577050168087721
36260,"Ogden, UT",traditional,all-transactions,2024,428.555,4,"Ogden, UT Metro Area",101203,653374,33.0,403001,93208,36590,213829,162728,471500,36260,,msa,36260,,2024,0.761019319175603
36420,"Oklahoma City, OK",traditional,all-transactions,2014,185.8525,4,"Oklahoma City, OK Metro Area",50967,1297998,34.6,836758,156570,56652,490013,316467,133700,36420,,msa,36420,,2014,0.6458338860397581
36420,"Oklahoma City, OK",traditional,all-transactions,2019,221.735,4,"Oklahoma City, OK Metro Area",59084,1382841,35.2,902665,177311,68501,515208,328795,157600,36420,,msa,36420,,2019,0.6381791431810065
36420,"Oklahoma City, OK",traditional,all-transactions,2024,331.43,4,"Oklahoma City, OK Metro Area",72094,1463267,36.0,960506,208680,82111,571211,363406,230000,36420,,msa,36420,,2024,0.6362027341910432
36500,"Olympia-Lacey-Tumwater, WA",traditional,all-transactions,2014,173.635,4,"Olympia-Tumwater, WA Metro Area",62286,259330,38.4,177313,35722,16178,101530,65854,241300,36500,,msa,36500,,2014,0.6486161725598345
36500,"Olympia-Lacey-Tumwater, WA",traditional,all-transactions,2019,253.66000000000003,4,"Olympia-Lacey-Tumwater, WA Metro Area",72003,279711,39.0,196382,42921,19860,109983,71908,287900,36500,,msa,36500,,2019,0.6538101342934817
36500,"Olympia-Lacey-Tumwater, WA",traditional,all-transactions,2024,402.5,4,"Olympia-Lacey-Tumwater, WA Metro Area",96563,299067,40.0,214184,50643,23583,118899,80487,480300,36500,,msa,36500,,2024,0.6769358867610324
36540,"Omaha, NE-IA",traditional,all-transactions,2014,165.7575,4,"Omaha-Council Bluffs, NE-IA Metro Area",57357,886157,34.9,573597,128043,45294,340906,225352,145900,36540,,msa,36540,,2014,0.6610385267493092
36540,"Omaha, NE-IA",traditional,all-transactions,2019,213.1275,4,"Omaha-Council Bluffs, NE-IA Metro Area",67885,931779,35.7,610458,145297,54997,359324,235479,171000,36540,,msa,36540,,2019,0.6553389141832997
36540,"Omaha, NE-IA",traditional,all-transactions,2024,324.4875,4,"Omaha, NE-IA Metro Area",84829,982064,36.6,649299,160678,67020,389812,257911,268600,36540,,msa,36540,,2024,0.6616291956122439
36740,"Orlando-Kissimmee-Sanford, FL",traditional,all-transactions,2014,178.25,4,"Orlando-Kissimmee-Sanford, FL Metro Area",48559,2226835,36.5,1481910,281797,101422,779612,484428,156100,36740,,msa,36740,,2014,0.6213706305187708
36740,"Orlando-Kissimmee-Sanford, FL",traditional,all-transactions,2019,266.8125,4,"Orlando-Kissimmee-Sanford, FL Metro Area",58368,2508970,37.2,1717353,366304,134555,872831,531585,221600,36740,,msa,36740,,2019,0.6090354261019602
36740,"Orlando-Kissimmee-Sanford, FL",traditional,all-transactions,2024,444.31,4,"Orlando-Kissimmee-Sanford, FL Metro Area",78533,2793746,38.5,1945965,464646,181793,1022315,644674,369800,36740,,msa,36740,,2024,0.6306021138298861
36780,"Oshkosh-Neenah, WI",traditional,all-transactions,2014,151.3825,4,"Oshkosh-Neenah, WI Metro Area",51949,168413,37.6,111910,20564,6304,68484,45154,142100,36780,,msa,36780,,2014,0.6593364873547106
36780,"Oshkosh-Neenah, WI",traditional,all-transactions,2019,187.64749999999998,4,"Oshkosh-Neenah, WI Metro Area",58543,170411,38.3,114836,23271,6698,70594,46039,152500,36780,,msa,36780,,2019,0.6521659064509732
36780,"Oshkosh-Neenah, WI",traditional,all-transactions,2024,305.8425,4,"Oshkosh-Neenah, WI Metro Area",74925,171769,38.7,117593,24968,8779,72667,47791,225800,36780,,msa,36780,,2024,0.6576712950858024
36980,"Owensboro, KY",traditional,all-transactions,2014,158.825,4,"Owensboro, KY Metro Area",45639,115795,39.6,77960,8464,4428,45111,31847,109100,36980,,msa,36980,,2014,0.7059697191372393
36980,"Owensboro, KY",traditional,all-transactions,2019,194.6925,4,"Owensboro, KY Metro Area",52046,118477,39.1,80070,10433,5345,47299,32906,129400,36980,,msa,36980,,2019,0.6957018118776296
36980,"Owensboro, KY",traditional,all-transactions,2024,286.4075,4,"Owensboro, KY Metro Area",68002,112762,39.0,75952,11367,5866,45280,31354,195400,36980,,msa,36980,,2024,0.692446996466431
37100,"Oxnard-Thousand Oaks-Ventura, CA",traditional,all-transactions,2014,250.0425,4,"Oxnard-Thousand Oaks-Ventura, CA Metro Area",77335,835790,36.9,544266,108296,43588,267829,172637,444800,37100,,msa,37100,,2014,0.6445791904536103
37100,"Oxnard-Thousand Oaks-Ventura, CA",traditional,all-transactions,2019,313.5625,4,"Oxnard-Thousand Oaks-Ventura, CA Metro Area",88131,847263,38.1,570146,121499,48177,271040,171174,588400,37100,,msa,37100,,2019,0.6315451593860685
37100,"Oxnard-Thousand Oaks-Ventura, CA",traditional,all-transactions,2024,453.2175,4,"Oxnard-Thousand Oaks-Ventura, CA Metro Area",109797,837469,39.6,580810,129719,55090,280360,181039,822700,37100,,msa,37100,,2024,0.6457376230560707
37140,"Paducah, KY-IL",traditional,all-transactions,2014,161.67249999999999,4,"Paducah, KY-IL Micro Area",43028,98410,42.9,69436,8105,3794,40409,28622,105500,37140,,msa,37140,,2014,0.7083075552475934
37140,"Paducah, KY-IL",traditional,all-transactions,2019,179.51,4,"Paducah, KY-IL Micro Area",46584,96754,42.8,68312,9003,3828,40598,28050,122300,37140,,msa,37140,,2019,0.6909207350115769
37140,"Paducah, KY-IL",traditional,all-transactions,2024,264.26250000000005,4,"Paducah, KY-IL Metro Area",64160,102748,43.2,72988,11152,5058,41735,30053,168700,37140,,msa,37140,,2024,0.7200910506768899
37340,"Palm Bay-Melbourne-Titusville, FL",traditional,all-transactions,2014,163.69,4,"Palm Bay-Melbourne-Titusville, FL Metro Area",48483,548891,46.3,400434,66517,30191,221582,160380,138500,37340,,msa,37340,,2014,0.7237952541271403
37340,"Palm Bay-Melbourne-Titusville, FL",traditional,all-transactions,2019,265.64,4,"Palm Bay-Melbourne-Titusville, FL Metro Area",56775,585507,47.3,434825,81151,39297,230417,171269,196400,37340,,msa,37340,,2019,0.7433001905241367
37340,"Palm Bay-Melbourne-Titusville, FL",traditional,all-transactions,2024,445.34000000000003,4,"Palm Bay-Melbourne-Titusville, FL Metro Area",78476,632780,46.7,474168,96754,49059,257695,197609,339600,37340,,msa,37340,,2024,0.766832883835542
37460,"Panama City-Panama City Beach, FL",traditional,all-transactions,2014,184.0475,4,"Panama City, FL Metro Area",46742,188769,40.1,131370,18357,6816,72769,45239,155000,37460,,msa,37460,,2014,0.6216795613516745
37460,"Panama City-Panama City Beach, FL",traditional,all-transactions,2019,252.37,4,"Panama City, FL Metro Area",54316,182161,39.8,128438,19477,7995,71422,46488,178400,37460,,msa,37460,,2019,0.6508918820531489
37460,"Panama City-Panama City Beach, FL",traditional,all-transactions,2024,400.49,4,"Panama City-Panama City Beach, FL Metro Area",71514,211922,41.1,151625,26481,11571,88065,60085,294300,37460,,msa,37460,,2024,0.6822801339919378
37620,"Parkersburg-Vienna, WV",traditional,all-transactions,2014,163.60250000000002,4,"Parkersburg-Vienna, WV Metro Area",42223,92405,42.5,65548,7731,3053,38325,27972,103400,37620,,msa,37620,,2014,0.7298630136986302
37620,"Parkersburg-Vienna, WV",traditional,all-transactions,2019,182.07,4,"Parkersburg-Vienna, WV Metro Area",47218,90758,43.6,64801,8504,3971,37993,27462,122300,37620,,msa,37620,,2019,0.7228173610928329
37620,"Parkersburg-Vienna, WV",traditional,all-transactions,2024,255.505,4,"Parkersburg-Vienna, WV Metro Area",57391,88460,44.1,63615,9407,4397,37877,28703,156300,37620,,msa,37620,,2024,0.7577949679224859
37860,"Pensacola-Ferry Pass-Brent, FL",traditional,all-transactions,2014,171.9975,4,"Pensacola-Ferry Pass-Brent, FL Metro Area",49255,462339,38.1,307856,50497,19100,169978,112375,137200,37860,,msa,37860,,2014,0.6611149678193649
37860,"Pensacola-Ferry Pass-Brent, FL",traditional,all-transactions,2019,240.64499999999998,4,"Pensacola-Ferry Pass-Brent, FL Metro Area",56007,488246,38.3,333216,57976,23893,183618,122756,164000,37860,,msa,37860,,2019,0.6685401213388665
37860,"Pensacola-Ferry Pass-Brent, FL",traditional,all-transactions,2024,401.785,4,"Pensacola-Ferry Pass-Brent, FL Metro Area",75967,524395,39.0,363168,70744,29639,201632,142117,286000,37860,,msa,37860,,2024,0.7048335581653705
37900,"Peoria, IL",traditional,all-transactions,2014,162.5775,4,"Peoria, IL Metro Area",54686,380241,38.9,256475,46011,17091,152051,108641,129900,37900,,msa,37900,,2014,0.7145036862631617
37900,"Peoria, IL",traditional,all-transactions,2019,164.79250000000002,4,"Peoria, IL Metro Area",59397,406883,39.9,279972,50563,20215,163182,117751,132000,37900,,msa,37900,,2019,0.721593067862877
37900,"Peoria, IL",traditional,all-transactions,2024,230.39,4,"Peoria, IL Metro Area",71857,365202,40.1,251253,51367,21315,153870,112894,164200,37900,,msa,37900,,2024,0.7336972769220771
37964,"Philadelphia, PA (MSAD)",traditional,all-transactions,2014,216.44,4,"Philadelphia, PA Metro Division; Philadelphia-Camden-Wilmington, PA-NJ-DE-MD Metro Area",43083,2107695,34.8,1384043,221303,104952,784868,449913,165600,37964,37964,division,37964,37980,2014,0.5732339705530102
37964,"Philadelphia, PA (MSAD)",traditional,all-transactions,2019,272.555,4,"Philadelphia, PA Metro Division; Philadelphia-Camden-Wilmington, PA-NJ-DE-MD Metro Area",52114,2143629,35.4,1456777,271614,131577,808594,461434,180000,37964,37964,division,37964,37980,2019,0.5706621617276408
37964,"Philadelphia, PA (MSAD)",traditional,all-transactions,2024,383.10249999999996,4,"Philadelphia, PA Metro Division; Philadelphia-Camden-Wilmington, PA-NJ-DE-MD Metro Area",67714,2158928,36.2,1484216,306092,165249,896374,502921,264200,37964,37964,division,37964,37980,2024,0.5610615658196244
38060,"Phoenix-Mesa-Chandler, AZ",traditional,all-transactions,2014,206.9475,4,"Phoenix-Mesa-Scottsdale, AZ Metro Area",53310,4337542,35.4,2809221,521361,209470,1550372,965620,170200,38060,,msa,38060,,2014,0.6228311656815267
38060,"Phoenix-Mesa-Chandler, AZ",traditional,all-transactions,2019,295.9925,4,"Phoenix-Mesa-Chandler, AZ Metro Area",63883,4761603,36.7,3178168,636413,264379,1693396,1073694,250000,38060,,msa,38060,,2019,0.6340477950815994
38060,"Phoenix-Mesa-Chandler, AZ",traditional,all-transactions,2024,504.115,4,"Phoenix-Mesa-Chandler, AZ Metro Area",88301,5028754,37.9,3446042,755720,335267,1892613,1260206,440900,38060,,msa,38060,,2024,0.6658550902905137
38240,"Pinehurst-Southern Pines, NC",traditional,all-transactions,2014,169.98,4,"Pinehurst-Southern Pines, NC Micro Area",50393,90579,45.1,65353,12887,5601,36947,27594,199000,38240,,msa,38240,,2014,0.7468536011042846
38240,"Pinehurst-Southern Pines, NC",traditional,all-transactions,2019,203.1775,4,"Pinehurst-Southern Pines, NC Micro Area",59963,97294,44.3,70123,16293,7170,39821,30143,216500,38240,,msa,38240,,2019,0.756962406770297
38240,"Pinehurst-Southern Pines, NC",traditional,all-transactions,2024,355.6825,4,"Pinehurst-Southern Pines, NC Metro Area",86080,104876,43.0,75766,17681,9997,44013,33621,351400,38240,,msa,38240,,2024,0.7638879421988958
38300,"Pittsburgh, PA",traditional,all-transactions,2014,175.0125,4,"Pittsburgh, PA Metro Area",51883,2358793,42.7,1682624,320002,142606,989655,691836,128100,38300,,msa,38300,,2014,0.6990678569804629
38300,"Pittsburgh, PA",traditional,all-transactions,2019,213.0075,4,"Pittsburgh, PA Metro Area",60535,2331447,43.1,1691994,359756,165127,1009415,702216,154000,38300,,msa,38300,,2019,0.6956663017688464
38300,"Pittsburgh, PA",traditional,all-transactions,2024,307.22,4,"Pittsburgh, PA Metro Area",75762,2439940,42.8,1782509,411403,192427,1061705,750384,215000,38300,,msa,38300,,2024,0.7067725969078039
38340,"Pittsfield, MA",traditional,all-transactions,2014,197.76,4,"Pittsfield, MA Metro Area",49737,130064,45.4,93321,16450,9144,55369,37953,204100,38340,,msa,38340,,2014,0.6854557604435695
38340,"Pittsfield, MA",traditional,all-transactions,2019,223.535,4,"Pittsfield, MA Metro Area",59230,126425,47.1,92628,17354,9864,54813,37928,216100,38340,,msa,38340,,2019,0.6919526389725065
38340,"Pittsfield, MA",traditional,all-transactions,2024,362.7825,4,"Pittsfield, MA Metro Area",76013,129430,47.3,96087,20452,12362,57585,40263,305400,38340,,msa,38340,,2024,0.6991924980463663
38540,"Pocatello, ID",traditional,all-transactions,2014,166.305,4,"Pocatello, ID Metro Area",43953,83394,32.4,51204,9192,2901,30277,20850,143800,38540,,msa,38540,,2014,0.6886415430855104
38540,"Pocatello, ID",traditional,all-transactions,2019,229.2775,4,"Pocatello, ID Metro Area",51429,93436,34.1,59229,10859,3330,33788,23001,159100,38540,,msa,38540,,2019,0.6807446430685451
38540,"Pocatello, ID",traditional,all-transactions,2024,405.4975,4,"Pocatello, ID Metro Area",66499,89454,35.2,57776,11257,4036,33590,23353,300700,38540,,msa,38540,,2024,0.6952366775826139
38860,"Portland-South Portland, ME",traditional,all-transactions,2014,215.1775,4,"Portland-South Portland, ME Metro Area",58000,518387,42.7,369467,86347,33713,214107,150604,232500,38860,,msa,38860,,2014,0.7034053066924482
38860,"Portland-South Portland, ME",traditional,all-transactions,2019,274.5825,4,"Portland-South Portland, ME Metro Area",70266,532075,43.7,388429,99438,42963,221938,158513,263300,38860,,msa,38860,,2019,0.7142219899251142
38860,"Portland-South Portland, ME",traditional,all-transactions,2024,473.3125,4,"Portland-South Portland, ME Metro Area",92175,562843,43.7,418921,117277,52603,240027,175751,420000,38860,,msa,38860,,2024,0.7322134593191599
38900,"Portland-Vancouver-Hillsboro, OR-WA",traditional,all-transactions,2014,218.8175,4,"Portland-Vancouver-Hillsboro, OR-WA Metro Area",58832,2288796,37.3,1565294,346043,139880,878078,534425,264200,38900,,msa,38900,,2014,0.6086304405758942
38900,"Portland-Vancouver-Hillsboro, OR-WA",traditional,all-transactions,2019,319.2525,4,"Portland-Vancouver-Hillsboro, OR-WA Metro Area",74792,2445761,38.1,1717941,424888,180459,938646,585963,368800,38900,,msa,38900,,2019,0.6242640995646921
38900,"Portland-Vancouver-Hillsboro, OR-WA",traditional,all-transactions,2024,437.755,4,"Portland-Vancouver-Hillsboro, OR-WA Metro Area",97436,2520987,39.3,1811458,474690,207282,1010265,622968,559400,38900,,msa,38900,,2024,0.6166382087868034
38940,"Port St. Lucie, FL",traditional,all-transactions,2014,164.2875,4,"Port St. Lucie, FL Metro Area",45752,433646,46.0,315101,46878,19003,167932,124818,140400,38940,,msa,38940,,2014,0.7432651311245028
38940,"Port St. Lucie, FL",traditional,all-transactions,2019,265.885,4,"Port St. Lucie, FL Metro Area",55153,472012,47.8,349901,58367,23653,179289,134411,210100,38940,,msa,38940,,2019,0.7496890495233952
38940,"Port St. Lucie, FL",traditional,all-transactions,2024,467.1675,4,"Port St. Lucie, FL Metro Area",74514,522676,47.6,390609,75691,29314,205254,161982,364900,38940,,msa,38940,,2024,0.7891782864158555
39150,"Prescott Valley-Prescott, AZ",traditional,all-transactions,2014,180.095,4,"Prescott, AZ Metro Area",44000,213689,50.8,160107,25274,10223,91508,64048,181100,39150,,msa,39150,,2014,0.6999169471521616
39150,"Prescott Valley-Prescott, AZ",traditional,all-transactions,2019,262.145,4,"Prescott Valley-Prescott, AZ Metro Area",52451,228067,53.4,175215,26314,13220,98386,70821,252000,39150,,msa,39150,,2019,0.7198280243124022
39150,"Prescott Valley-Prescott, AZ",traditional,all-transactions,2024,425.1525,4,"Prescott Valley-Prescott, AZ Metro Area",69613,245480,55.1,192027,34634,16650,111157,83441,425200,39150,,msa,39150,,2024,0.7506589778421512
39300,"Providence-Warwick, RI-MA",traditional,all-transactions,2014,197.33,4,"Providence-Warwick, RI-MA Metro Area",56267,1604317,40.0,1094519,197346,90010,620570,378697,253900,39300,,msa,39300,,2014,0.6102405852683823
39300,"Providence-Warwick, RI-MA",traditional,all-transactions,2019,250.875,4,"Providence-Warwick, RI-MA Metro Area",67818,1618268,40.3,1130015,221987,103892,628401,386000,276900,39300,,msa,39300,,2019,0.6142574566240346
39300,"Providence-Warwick, RI-MA",traditional,all-transactions,2024,408.95500000000004,4,"Providence-Warwick, RI-MA Metro Area",87040,1684071,40.7,1196324,255278,121142,675395,426651,422500,39300,,msa,39300,,2024,0.6317058906269665
39340,"Provo-Orem-Lehi, UT",traditional,all-transactions,2014,181.6525,4,"Provo-Orem, UT Metro Area",60647,550774,24.5,268499,68145,20810,148535,100397,221100,39340,,msa,39340,,2014,0.6759147675632006
39340,"Provo-Orem-Lehi, UT",traditional,all-transactions,2019,262.2825,4,"Provo-Orem, UT Metro Area",74387,616791,24.8,305813,84820,28223,169455,115012,303300,39340,,msa,39340,,2019,0.6787170635271901
39340,"Provo-Orem-Lehi, UT",traditional,all-transactions,2024,422.14,4,"Provo-Orem-Lehi, UT Metro Area",100704,717986,25.8,371101,112757,37787,206880,141866,535500,39340,,msa,39340,,2024,0.6857405259087394
39380,"Pueblo, CO",traditional,all-transactions,2014,156.705,4,"Pueblo, CO Metro Area",41974,160757,38.8,107136,14294,6720,62829,40786,137600,39380,,msa,39380,,2014,0.6491588279297776
39380,"Pueblo, CO",traditional,all-transactions,2019,232.79250000000002,4,"Pueblo, CO Metro Area",46783,165982,39.3,113465,16263,6593,64314,41589,164600,39380,,msa,39380,,2019,0.6466554715924993
39380,"Pueblo, CO",traditional,all-transactions,2024,361.185,4,"Pueblo, CO Metro Area",64010,169356,40.4,118414,19473,8630,68523,47199,291300,39380,,msa,39380,,2024,0.6888052186856968
39460,"Punta Gorda, FL",traditional,all-transactions,2014,167.665,4,"Punta Gorda, FL Metro Area",44265,163151,56.9,131689,17501,7038,70948,55801,140900,39460,,msa,39460,,2014,0.7865056097423465
39460,"Punta Gorda, FL",traditional,all-transactions,2019,254.3675,4,"Punta Gorda, FL Metro Area",51499,181067,59.1,149434,21996,9675,76891,61262,195400,39460,,msa,39460,,2019,0.7967382398460158
39460,"Punta Gorda, FL",traditional,all-transactions,2024,424.71500000000003,4,"Punta Gorda, FL Metro Area",69952,201064,59.9,167479,27342,12969,90542,75877,328900,39460,,msa,39460,,2024,0.8380309690530362
39540,"Racine-Mount Pleasant, WI",traditional,all-transactions,2014,149.0575,4,"Racine, WI Metro Area",55055,195039,39.5,131513,20351,8204,75078,52433,167300,39540,,msa,39540,,2014,0.6983803511015211
39540,"Racine-Mount Pleasant, WI",traditional,all-transactions,2019,192.16,4,"Racine, WI Metro Area",61336,195602,40.2,133504,22178,9137,76974,52019,176000,39540,,msa,39540,,2019,0.675799620651129
39540,"Racine-Mount Pleasant, WI",traditional,all-transactions,2024,297.0875,4,"Racine-Mount Pleasant, WI Metro Area",78096,197532,40.5,136564,26100,10090,80406,57122,251400,39540,,msa,39540,,2024,0.7104196204263363
39580,"Raleigh-Cary, NC",traditional,all-transactions,2014,161.6875,4,"Raleigh, NC Metro Area",62794,1189579,35.5,774622,215220,82948,440375,291842,206600,39580,,msa,39580,,2014,0.6627124609707635
39580,"Raleigh-Cary, NC",traditional,all-transactions,2019,215.4125,4,"Raleigh-Cary, NC Metro Area",75851,1332311,36.7,889979,263202,112345,494521,324773,249800,39580,,msa,39580,,2019,0.6567425852491603
39580,"Raleigh-Cary, NC",traditional,all-transactions,2024,355.9075,4,"Raleigh-Cary, NC Metro Area",100103,1487302,37.6,1011730,312979,151880,574295,382581,418400,39580,,msa,39580,,2024,0.6661750494084051
39660,"Rapid City, SD",traditional,all-transactions,2014,224.6625,4,"Rapid City, SD Metro Area",51041,139040,37.5,92871,16686,5730,55079,37659,157300,39660,,msa,39660,,2014,0.6837270102943045
39660,"Rapid City, SD",traditional,all-transactions,2019,274.8875,4,"Rapid City, SD Metro Area",57615,138402,38.5,93854,19106,7081,55101,38451,188400,39660,,msa,39660,,2019,0.6978276256329287
39660,"Rapid City, SD",traditional,all-transactions,2024,457.62,4,"Rapid City, SD Metro Area",75255,152950,40.6,107524,23272,7883,62789,44661,307700,39660,,msa,39660,,2024,0.7112870088709806
39740,"Reading, PA",traditional,all-transactions,2014,154.85,4,"Reading, PA Metro Area",55798,413016,39.7,275438,40824,16521,153857,110353,169200,39740,,msa,39740,,2014,0.7172439343026317
39740,"Reading, PA",traditional,all-transactions,2019,180.65,4,"Reading, PA Metro Area",63728,418025,39.9,283578,45558,19263,154712,110655,178700,39740,,msa,39740,,2019,0.7152321733285072
39740,"Reading, PA",traditional,all-transactions,2024,295.0025,4,"Reading, PA Metro Area",79777,433015,39.9,296613,52005,22595,163236,116334,257300,39740,,msa,39740,,2024,0.712673674924649
39820,"Redding, CA",traditional,all-transactions,2014,181.9275,4,"Redding, CA Metro Area",44556,178520,41.9,123699,15358,5446,68961,43687,213700,39820,,msa,39820,,2014,0.6335029944461362
39820,"Redding, CA",traditional,all-transactions,2019,234.315,4,"Redding, CA Metro Area",54667,179212,41.5,126524,18727,6098,71181,45548,252300,39820,,msa,39820,,2019,0.6398898582486899
39820,"Redding, CA",traditional,all-transactions,2024,322.6975,4,"Redding, CA Metro Area",72636,181436,41.7,128897,20853,6723,71232,46694,366400,39820,,msa,39820,,2024,0.655519991015274
39900,"Reno, NV",traditional,all-transactions,2014,158.32,4,"Reno, NV Metro Area",53047,433919,37.7,290967,51947,18891,166284,95644,200800,39900,,msa,39900,,2014,0.5751846238964663
39900,"Reno, NV",traditional,all-transactions,2019,260.64,4,"Reno, NV Metro Area",64801,460924,38.5,319337,61333,24817,183807,107725,333000,39900,,msa,39900,,2019,0.5860767000168655
39900,"Reno, NV",traditional,all-transactions,2024,386.455,4,"Reno, NV Metro Area",87485,563020,39.5,399423,78960,34734,224933,139332,502300,39900,,msa,39900,,2024,0.6194377881413576
40060,"Richmond, VA",traditional,all-transactions,2014,185.865,4,"Richmond, VA Metro Area",59677,1234058,38.0,832834,174059,73415,463593,308173,214900,40060,,msa,40060,,2014,0.6647490363314372
40060,"Richmond, VA",traditional,all-transactions,2019,232.70499999999998,4,"Richmond, VA Metro Area",68529,1269530,38.8,878421,202986,91848,481217,315671,237500,40060,,msa,40060,,2019,0.6559847220692536
40060,"Richmond, VA",traditional,all-transactions,2024,370.0825,4,"Richmond, VA Metro Area",86679,1341248,38.8,937280,233669,111607,533430,357348,353500,40060,,msa,40060,,2024,0.6699060795230865
40140,"Riverside-San Bernardino-Ontario, CA",traditional,all-transactions,2014,225.5025,4,"Riverside-San Bernardino-Ontario, CA Metro Area",55362,4345485,33.2,2667795,340419,133565,1297992,823388,231800,40140,,msa,40140,,2014,0.634355219446653
40140,"Riverside-San Bernardino-Ontario, CA",traditional,all-transactions,2019,305.1225,4,"Riverside-San Bernardino-Ontario, CA Metro Area",65121,4560470,34.5,2910489,404915,162937,1360934,861225,341300,40140,,msa,40140,,2019,0.632819078662154
40140,"Riverside-San Bernardino-Ontario, CA",traditional,all-transactions,2024,484.6175,4,"Riverside-San Bernardino-Ontario, CA Metro Area",89662,4675704,35.9,3071397,481605,198138,1450250,954822,536300,40140,,msa,40140,,2024,0.6583844164799173
40220,"Roanoke, VA",traditional,all-transactions,2014,172.79250000000002,4,"Roanoke, VA Metro Area",50056,310934,42.2,219126,38369,13993,128965,89833,169400,40220,,msa,40220,,2014,0.6965688365060287
40220,"Roanoke, VA",traditional,all-transactions,2019,196.95,4,"Roanoke, VA Metro Area",56596,313009,42.8,223719,38790,15515,128432,88373,180100,40220,,msa,40220,,2019,0.6880917528341847
40220,"Roanoke, VA",traditional,all-transactions,2024,317.90999999999997,4,"Roanoke, VA Metro Area",68761,314986,42.8,225813,44474,18188,131510,90167,251400,40220,,msa,40220,,2024,0.6856284693179225
40340,"Rochester, MN",traditional,all-transactions,2014,177.8825,4,"Rochester, MN Metro Area",64210,210004,38.0,142075,30319,11328,82643,63062,166600,40340,,msa,40340,,2014,0.763065232385078
40340,"Rochester, MN",traditional,all-transactions,2019,232.9375,4,"Rochester, MN Metro Area",73697,217964,38.4,148177,33681,14384,87500,65743,201100,40340,,msa,40340,,2019,0.7513485714285715
40340,"Rochester, MN",traditional,all-transactions,2024,334.3025,4,"Rochester, MN Metro Area",91882,228522,38.9,156389,39472,16971,92880,69050,306500,40340,,msa,40340,,2024,0.7434323858742463
40380,"Rochester, NY",traditional,all-transactions,2014,140.93,4,"Rochester, NY Metro Area",52717,1082578,39.6,728497,132407,79425,429370,291234,130900,40380,,msa,40380,,2014,0.6782821342897734
40380,"Rochester, NY",traditional,all-transactions,2019,167.06,4,"Rochester, NY Metro Area",60102,1072877,40.2,742612,144769,87921,433113,290619,144400,40380,,msa,40380,,2019,0.6710004086693311
40380,"Rochester, NY",traditional,all-transactions,2024,280.46500000000003,4,"Rochester, NY Metro Area",76284,1058413,40.7,744987,157694,94186,445836,300181,204600,40380,,msa,40380,,2024,0.6732991503602221
40420,"Rockford, IL",traditional,all-transactions,2014,115.1025,4,"Rockford, IL Metro Area",49511,346031,38.8,230371,31193,13381,131715,90524,123500,40420,,msa,40420,,2014,0.6872717609991269
40420,"Rockford, IL",traditional,all-transactions,2019,136.395,4,"Rockford, IL Metro Area",56027,338356,39.5,228990,33099,14641,133350,90634,124800,40420,,msa,40420,,2019,0.6796700412448444
40420,"Rockford, IL",traditional,all-transactions,2024,221.27,4,"Rockford, IL Metro Area",68033,336522,39.6,228907,35582,16191,135474,92323,171300,40420,,msa,40420,,2024,0.6814813174483665
40484,"Rockingham County-Strafford County, NH (MSAD)",traditional,all-transactions,2014,217.215,4,"Rockingham County-Strafford County, NH Metro Division; Boston-Cambridge-Newton, MA-NH Metro Area",73068,422089,41.5,290661,67448,30297,164175,120441,263500,40484,40484,division,40484,14460,2014,0.7336135221562358
40484,"Rockingham County-Strafford County, NH (MSAD)",traditional,all-transactions,2019,279.5375,4,"Rockingham County-Strafford County, NH Metro Division; Boston-Cambridge-Newton, MA-NH Metro Area",86571,435483,42.4,307241,76123,35900,170027,126446,299100,40484,40484,division,40484,14460,2019,0.7436818858181348
40484,"Rockingham County-Strafford County, NH (MSAD)",traditional,all-transactions,2024,467.295,4,"Rockingham County-Strafford County, NH Metro Division; Boston-Cambridge-Newton, MA-NH Metro Area",110161,451657,43.0,327933,90335,41746,179650,135025,463400,40484,40484,division,40484,14460,2024,0.7516003339827442
40580,"Rocky Mount, NC",traditional,all-transactions,2014,137.14749999999998,4,"Rocky Mount, NC Metro Area",39763,150953,40.3,101996,11698,3118,58146,36960,100600,40580,,msa,40580,,2014,0.6356413166855845
40580,"Rocky Mount, NC",traditional,all-transactions,2019,156.055,4,"Rocky Mount, NC Metro Area",44559,146678,41.7,101135,12708,4448,58162,36617,111100,40580,,msa,40580,,2019,0.6295691344864345
40580,"Rocky Mount, NC",traditional,all-transactions,2024,256.11,4,"Rocky Mount, NC Metro Area",59636,144952,41.6,101186,14058,5187,58449,36608,167800,40580,,msa,40580,,2024,0.6263238036578898
40660,"Rome, GA",traditional,all-transactions,2014,153.2025,4,"Rome, GA Metro Area",41046,96146,38.1,63085,6687,3057,34794,21468,117500,40660,,msa,40660,,2014,0.6170029315399207
40660,"Rome, GA",traditional,all-transactions,2019,193.25,4,"Rome, GA Metro Area",48336,97369,38.3,64816,7508,3907,35679,21780,132400,40660,,msa,40660,,2019,0.6104431178003867
40660,"Rome, GA",traditional,all-transactions,2024,334.3775,4,"Rome, GA Metro Area",65565,99693,38.2,66421,9985,4699,36856,23434,217900,40660,,msa,40660,,2024,0.6358259170827002
40900,"Sacramento-Roseville-Folsom, CA",traditional,all-transactions,2014,205.4725,4,"Sacramento--Roseville--Arden-Arcade, CA Metro Area",59439,2197422,36.4,1440650,287163,99884,791744,472040,275100,40900,,msa,40900,,2014,0.5962028130304745
40900,"Sacramento-Roseville-Folsom, CA",traditional,all-transactions,2019,284.52,4,"Sacramento-Roseville-Folsom, CA Metro Area",72280,2315980,37.4,1563591,340238,121518,831150,501039,387500,40900,,msa,40900,,2019,0.6028262046561993
40900,"Sacramento-Roseville-Folsom, CA",traditional,all-transactions,2024,402.7225,4,"Sacramento-Roseville-Folsom, CA Metro Area",97188,2426388,38.5,1668679,389624,150208,881889,555650,589500,40900,,msa,40900,,2024,0.6300679563981408
40980,"Saginaw, MI",traditional,all-transactions,2014,126.9275,4,"Saginaw, MI Metro Area",43566,197727,40.0,132147,18097,6383,77589,56490,94800,40980,,msa,40980,,2014,0.7280671229169083
40980,"Saginaw, MI",traditional,all-transactions,2019,156.255,4,"Saginaw, MI Metro Area",48000,191821,40.9,131963,17593,6863,78933,56249,101300,40980,,msa,40980,,2019,0.7126170296327264
40980,"Saginaw, MI",traditional,all-transactions,2024,244.1,4,"Saginaw, MI Metro Area",60622,188665,41.2,131086,20475,8997,77958,57770,152800,40980,,msa,40980,,2024,0.7410400472049052
41060,"St. Cloud, MN",traditional,all-transactions,2014,183.9075,4,"St. Cloud, MN Metro Area",54985,190708,34.0,118867,19832,6126,72216,51309,164100,41060,,msa,41060,,2014,0.7104935194416749
41060,"St. Cloud, MN",traditional,all-transactions,2019,227.9775,4,"St. Cloud, MN Metro Area",61985,198581,34.9,124707,23024,6946,75931,51578,182700,41060,,msa,41060,,2019,0.6792746045752064
41060,"St. Cloud, MN",traditional,all-transactions,2024,336.71,4,"St. Cloud, MN Metro Area",76497,202458,35.4,127269,24146,8484,78122,52820,272800,41060,,msa,41060,,2024,0.6761219630833823
41100,"St. George, UT",traditional,all-transactions,2014,157.0975,4,"St. George, UT Metro Area",49498,144844,33.8,88989,15494,5961,47905,33084,209500,41100,,msa,41100,,2014,0.6906168458407265
41100,"St. George, UT",traditional,all-transactions,2019,221.7425,4,"St. George, UT Metro Area",59839,165811,37.1,106855,18456,7674,57144,40230,283800,41100,,msa,41100,,2019,0.7040109197816043
41100,"St. George, UT",traditional,all-transactions,2024,367.59000000000003,4,"St. George, UT Metro Area",80632,196431,39.1,130298,29167,11603,69786,49994,510700,41100,,msa,41100,,2024,0.7163901068982317
41140,"St. Joseph, MO-KS",traditional,all-transactions,2014,170.93,4,"St. Joseph, MO-KS Metro Area",46145,127637,38.1,85894,10685,4106,46985,31233,110400,41140,,msa,41140,,2014,0.664744067255507
41140,"St. Joseph, MO-KS",traditional,all-transactions,2019,199.605,4,"St. Joseph, MO-KS Metro Area",52810,126173,38.9,86968,12292,4132,47117,31119,123100,41140,,msa,41140,,2019,0.6604622535390623
41140,"St. Joseph, MO-KS",traditional,all-transactions,2024,316.055,4,"St. Joseph, MO-KS Metro Area",65005,120012,39.9,82835,12998,5117,46883,32408,171300,41140,,msa,41140,,2024,0.6912526928737496
41180,"St. Louis, MO-IL",traditional,all-transactions,2014,166.45749999999998,4,"St. Louis, MO-IL Metro Area",54959,2797737,38.5,1894066,365957,168818,1104257,772093,156900,41180,,msa,41180,,2014,0.6991968355192677
41180,"St. Louis, MO-IL",traditional,all-transactions,2019,201.26,4,"St. Louis, MO-IL Metro Area",63705,2805190,39.3,1941293,396882,200787,1126934,776324,172700,41180,,msa,41180,,2019,0.6888815139129709
41180,"St. Louis, MO-IL",traditional,all-transactions,2024,295.645,4,"St. Louis, MO-IL Metro Area",80196,2810850,39.9,1967322,447575,223733,1160386,816909,244800,41180,,msa,41180,,2024,0.703997635269643
41304,"St. Petersburg-Clearwater-Largo, FL (MSAD)",traditional,all-transactions,2024,598.3725,4,"St. Petersburg-Clearwater-Largo, FL Metro Division; Tampa-St. Petersburg-Clearwater, FL Metro Area",72646,963481,49.0,753975,174933,71421,428473,297912,355100,41304,41304,division,41304,45300,2024,0.6952876844048517
41420,"Salem, OR",traditional,all-transactions,2014,176.38,4,"Salem, OR Metro Area",48433,396912,35.9,254797,37482,15695,142136,86159,191100,41420,,msa,41420,,2014,0.6061729611076715
41420,"Salem, OR",traditional,all-transactions,2019,276.575,4,"Salem, OR Metro Area",60178,422678,36.6,277281,44901,17779,148343,91182,250800,41420,,msa,41420,,2019,0.6146700552098852
41420,"Salem, OR",traditional,all-transactions,2024,410.865,4,"Salem, OR Metro Area",78900,438906,37.5,294271,51105,20807,159856,100397,424100,41420,,msa,41420,,2024,0.6280464918426584
41500,"Salinas, CA",traditional,all-transactions,2014,207.185,4,"Salinas, CA Metro Area",58582,424927,33.3,265834,37596,15924,125115,62089,362100,41500,,msa,41500,,2014,0.49625544499060864
41500,"Salinas, CA",traditional,all-transactions,2019,291.8025,4,"Salinas, CA Metro Area",71015,433410,34.4,275668,40905,18092,127155,64900,516600,41500,,msa,41500,,2019,0.5104006920687351
41500,"Salinas, CA",traditional,all-transactions,2024,421.5575,4,"Salinas, CA Metro Area",97230,437613,35.5,281390,46903,21516,132489,68993,781000,41500,,msa,41500,,2024,0.5207451184626648
41540,"Salisbury, MD",traditional,all-transactions,2014,161.73250000000002,4,"Salisbury, MD-DE Metro Area",53004,381868,43.2,266289,37321,18594,143830,105413,213600,41540,,msa,41540,,2014,0.7328999513314329
41540,"Salisbury, MD",traditional,all-transactions,2019,185.4975,4,"Salisbury, MD-DE Metro Area",60446,404417,45.5,288907,46249,24569,160153,117545,234800,41540,,msa,41540,,2019,0.7339544060991676
41540,"Salisbury, MD",traditional,all-transactions,2024,299.8675,4,"Salisbury, MD Metro Area",73802,129736,36.6,83919,13897,6460,48818,31307,241200,41540,,msa,41540,,2024,0.6413003400385103
41620,"Salt Lake City-Murray, UT",traditional,all-transactions,2014,202.6025,4,"Salt Lake City, UT Metro Area",61529,1123643,31.4,684658,137018,50323,366510,245828,227700,41620,,msa,41620,,2014,0.6707265831764481
41620,"Salt Lake City-Murray, UT",traditional,all-transactions,2019,293.8625,4,"Salt Lake City, UT Metro Area",74842,1201043,32.7,753750,169398,65763,395298,268131,298600,41620,,msa,41620,,2019,0.6783009274016059
41620,"Salt Lake City-Murray, UT",traditional,all-transactions,2024,470.595,4,"Salt Lake City-Murray, UT Metro Area",98083,1275870,33.9,822506,199252,82648,450170,301437,515400,41620,,msa,41620,,2024,0.6696070373414488
41660,"San Angelo, TX",traditional,all-transactions,2014,212.26,4,"San Angelo, TX Metro Area",45258,115142,34.0,72805,10558,3501,42986,27050,102300,41660,,msa,41660,,2014,0.6292746475596706
41660,"San Angelo, TX",traditional,all-transactions,2019,252.465,4,"San Angelo, TX Metro Area",53883,120837,34.1,77395,12315,4607,44454,28421,140000,41660,,msa,41660,,2019,0.6393350429657624
41660,"San Angelo, TX",traditional,all-transactions,2024,370.82,4,"San Angelo, TX Metro Area",68419,120986,36.1,79637,13487,5012,47344,30947,197100,41660,,msa,41660,,2024,0.6536625549172017
41700,"San Antonio-New Braunfels, TX",traditional,all-transactions,2014,186.815,4,"San Antonio-New Braunfels, TX Metro Area",52786,2239222,34.3,1418072,241827,95330,771789,483980,134600,41700,,msa,41700,,2014,0.6270884918028113
41700,"San Antonio-New Braunfels, TX",traditional,all-transactions,2019,253.45999999999998,4,"San Antonio-New Braunfels, TX Metro Area",60327,2468193,34.7,1595600,287250,119812,811335,507632,171000,41700,,msa,41700,,2019,0.625674967799984
41700,"San Antonio-New Braunfels, TX",traditional,all-transactions,2024,372.6825,4,"San Antonio-New Braunfels, TX Metro Area",76213,2662733,35.9,1759605,355335,156464,967488,612876,278800,41700,,msa,41700,,2024,0.6334714229013694
41740,"San Diego-Chula Vista-Carlsbad, CA",traditional,all-transactions,2014,264.8225,4,"San Diego-Carlsbad, CA Metro Area",63996,3183143,34.9,2088134,455144,181805,1083811,578412,412800,41740,,msa,41740,,2014,0.5336834558793
41740,"San Diego-Chula Vista-Carlsbad, CA",traditional,all-transactions,2019,347.385,4,"San Diego-Chula Vista-Carlsbad, CA Metro Area",78980,3316073,35.8,2246571,533725,225220,1125286,600104,563700,41740,,msa,41740,,2019,0.5332902035571402
41740,"San Diego-Chula Vista-Carlsbad, CA",traditional,all-transactions,2024,552.84,4,"San Diego-Chula Vista-Carlsbad, CA Metro Area",106268,3288774,37.3,2281385,593057,262772,1171278,639138,854700,41740,,msa,41740,,2024,0.5456757490535978
41780,"Sandusky, OH",traditional,all-transactions,2014,146.28,4,"Sandusky, OH Micro Area",48204,76416,43.8,54077,7204,3089,31998,21885,131900,41780,,msa,41780,,2014,0.6839489968123008
41780,"Sandusky, OH",traditional,all-transactions,2019,175.3875,4,"Sandusky, OH Micro Area",54226,74780,44.8,53639,7815,3352,31183,21593,139900,41780,,msa,41780,,2019,0.6924606356027323
41780,"Sandusky, OH",traditional,all-transactions,2024,273.36,4,"Sandusky, OH Metro Area",73502,114575,47.1,84488,15847,6858,50986,38814,207500,41780,,msa,41780,,2024,0.761267799003648
41884,"San Francisco-San Mateo-Redwood City, CA (MSAD)",traditional,all-transactions,2014,318.1725,4,"San Francisco-Redwood City-South San Francisco, CA Metro Division; San Francisco-Oakland-Hayward, CA Metro Area",84286,1568909,39.0,1169321,348969,147439,607515,281011,748600,41884,41884,division,41884,41860,2014,0.4625581261368032
41884,"San Francisco-San Mateo-Redwood City, CA (MSAD)",traditional,all-transactions,2019,441.7975,4,"San Francisco-San Mateo-Redwood City, CA Metro Division; San Francisco-Oakland-Berkeley, CA Metro Area",117029,1642384,38.9,1246620,401306,184973,625897,294782,1093700,41884,41884,division,41884,41860,2019,0.4709752563121408
41884,"San Francisco-San Mateo-Redwood City, CA (MSAD)",traditional,all-transactions,2024,506.765,4,"San Francisco-San Mateo-Redwood City, CA Metro Division; San Francisco-Oakland-Fremont, CA Metro Area",148514,1572575,40.4,1204563,391888,192272,628389,293664,1482500,41884,41884,division,41884,41860,2024,0.46732835870774314
41940,"San Jose-Sunnyvale-Santa Clara, CA",traditional,all-transactions,2014,309.945,4,"San Jose-Sunnyvale-Santa Clara, CA Metro Area",92960,1898457,36.6,1280436,329150,190908,631835,360713,654800,41940,,msa,41940,,2014,0.5708974653192684
41940,"San Jose-Sunnyvale-Santa Clara, CA",traditional,all-transactions,2019,418.45,4,"San Jose-Sunnyvale-Santa Clara, CA Metro Area",122478,1987846,37.1,1373916,374919,240771,658350,372659,968800,41940,,msa,41940,,2019,0.5660499734183945
41940,"San Jose-Sunnyvale-Santa Clara, CA",traditional,all-transactions,2024,556.2875,4,"San Jose-Sunnyvale-Santa Clara, CA Metro Area",162111,1969337,38.0,1391615,387279,278174,679914,377117,1447800,41940,,msa,41940,,2024,0.554653970943384
42020,"San Luis Obispo-Paso Robles, CA",traditional,all-transactions,2014,259.875,4,"San Luis Obispo-Paso Robles-Arroyo Grande, CA Metro Area",59454,274184,39.5,181329,36175,14387,102350,59381,426200,42020,,msa,42020,,2014,0.5801758671226185
42020,"San Luis Obispo-Paso Robles, CA",traditional,all-transactions,2019,335.95500000000004,4,"San Luis Obispo-Paso Robles, CA Metro Area",73518,282165,39.2,188857,41436,17012,105981,65248,574000,42020,,msa,42020,,2019,0.6156575235183664
42020,"San Luis Obispo-Paso Robles, CA",traditional,all-transactions,2024,494.1875,4,"San Luis Obispo-Paso Robles, CA Metro Area",97446,281555,40.4,190352,46055,19220,109503,67986,824700,42020,,msa,42020,,2024,0.6208597024739049
42034,"San Rafael, CA (MSAD)",traditional,all-transactions,2014,256.1225,4,"San Rafael, CA Metro Division; San Francisco-Oakland-Hayward, CA Metro Area",91529,256802,45.1,188590,58107,27681,103034,64490,785100,42034,42034,division,42034,41860,2014,0.625909893821457
42034,"San Rafael, CA (MSAD)",traditional,all-transactions,2019,322.74,4,"San Rafael, CA Metro Division; San Francisco-Oakland-Berkeley, CA Metro Area",115246,259943,46.8,190403,65371,29500,105432,67115,995800,42034,42034,division,42034,41860,2019,0.6365714394111844
42034,"San Rafael, CA (MSAD)",traditional,all-transactions,2024,395.4775,4,"San Rafael, CA Metro Division; San Francisco-Oakland-Fremont, CA Metro Area",149091,257969,47.4,189753,63645,32133,103018,66616,1507300,42034,42034,division,42034,41860,2024,0.6466442757576346
42100,"Santa Cruz-Watsonville, CA",traditional,all-transactions,2014,255.2825,4,"Santa Cruz-Watsonville, CA Metro Area",66923,267203,36.9,172276,39582,16915,94219,54749,559500,42100,,msa,42100,,2014,0.5810823719207379
42100,"Santa Cruz-Watsonville, CA",traditional,all-transactions,2019,343.66499999999996,4,"Santa Cruz-Watsonville, CA Metro Area",82234,273962,37.8,180000,42819,19835,95818,57561,756600,42100,,msa,42100,,2019,0.6007326389613643
42100,"Santa Cruz-Watsonville, CA",traditional,all-transactions,2024,449.1875,4,"Santa Cruz-Watsonville, CA Metro Area",111093,264926,39.8,178903,45302,21713,96898,58079,1027500,42100,,msa,42100,,2024,0.5993828561993023
42140,"Santa Fe, NM",traditional,all-transactions,2014,161.565,4,"Santa Fe, NM Metro Area",52958,146361,43.9,105598,21862,13363,61313,42533,272700,42140,,msa,42140,,2014,0.6937028036468612
42140,"Santa Fe, NM",traditional,all-transactions,2019,208.1025,4,"Santa Fe, NM Metro Area",61200,149293,46.3,110804,22624,14688,61921,43900,291800,42140,,msa,42140,,2019,0.708967878425736
42140,"Santa Fe, NM",traditional,all-transactions,2024,327.83500000000004,4,"Santa Fe, NM Metro Area",79071,156105,48.7,120004,26545,17968,70767,50603,446300,42140,,msa,42140,,2024,0.7150649313945766
42200,"Santa Maria-Santa Barbara, CA",traditional,all-transactions,2014,243.9175,4,"Santa Maria-Santa Barbara, CA Metro Area",63409,431555,33.6,265963,49596,21078,142028,74300,446500,42200,,msa,42200,,2014,0.5231362829864534
42200,"Santa Maria-Santa Barbara, CA",traditional,all-transactions,2019,305.7925,4,"Santa Maria-Santa Barbara, CA Metro Area",74624,444829,33.8,275092,55474,24612,145856,75945,577400,42200,,msa,42200,,2019,0.5206847849934182
42200,"Santa Maria-Santa Barbara, CA",traditional,all-transactions,2024,478.305,4,"Santa Maria-Santa Barbara, CA Metro Area",98161,443701,34.6,278364,61162,26012,149608,78344,790700,42200,,msa,42200,,2024,0.5236618362654404
42220,"Santa Rosa-Petaluma, CA",traditional,all-transactions,2014,238.39749999999998,4,"Santa Rosa, CA Metro Area",63799,491790,40.5,341490,72304,25309,186935,111419,414500,42220,,msa,42220,,2014,0.5960307058603258
42220,"Santa Rosa-Petaluma, CA",traditional,all-transactions,2019,329.03,4,"Santa Rosa-Petaluma, CA Metro Area",81018,499772,42.1,359314,79864,30937,189374,116393,609600,42220,,msa,42220,,2019,0.6146197471669818
42220,"Santa Rosa-Petaluma, CA",traditional,all-transactions,2024,413.85,4,"Santa Rosa-Petaluma, CA Metro Area",104674,485040,42.9,354661,84877,34590,190998,119598,815500,42220,,msa,42220,,2024,0.6261740960638331
42340,"Savannah, GA",traditional,all-transactions,2014,192.6675,4,"Savannah, GA Metro Area",50560,361161,34.5,233580,44762,18237,132980,79845,168600,42340,,msa,42340,,2014,0.6004286358850955
42340,"Savannah, GA",traditional,all-transactions,2019,247.555,4,"Savannah, GA Metro Area",59459,386036,35.6,257122,50199,21681,142788,84628,188900,42340,,msa,42340,,2019,0.5926828585035157
42340,"Savannah, GA",traditional,all-transactions,2024,441.1425,4,"Savannah, GA Metro Area",77180,418285,36.9,283053,61469,28947,161273,100253,302000,42340,,msa,42340,,2024,0.6216353636380547
42540,"Scranton--Wilkes-Barre, PA",traditional,all-transactions,2014,162.9325,4,"Scranton--Wilkes-Barre--Hazleton, PA Metro Area",45812,562644,42.6,396085,56560,25495,225565,153034,132500,42540,,msa,42540,,2014,0.6784474541706381
42540,"Scranton--Wilkes-Barre, PA",traditional,all-transactions,2019,178.63,4,"Scranton--Wilkes-Barre, PA Metro Area",53491,555642,42.7,395635,61264,27066,226611,151792,139400,42540,,msa,42540,,2019,0.6698350918534405
42540,"Scranton--Wilkes-Barre, PA",traditional,all-transactions,2024,286.71500000000003,4,"Scranton--Wilkes-Barre, PA Metro Area",65158,569788,42.1,404650,66593,31635,234230,157811,187200,42540,,msa,42540,,2024,0.6737437561371302
42644,"Seattle-Bellevue-Kent, WA (MSAD)",traditional,all-transactions,2014,243.9675,4,"Seattle-Bellevue-Everett, WA Metro Division; Seattle-Tacoma-Bellevue, WA Metro Area",72018,2744348,37.2,1901153,512783,207658,1080243,645281,347200,42644,42644,division,42644,42660,2014,0.5973480041064835
42644,"Seattle-Bellevue-Kent, WA (MSAD)",traditional,all-transactions,2019,378.9,4,"Seattle-Bellevue-Kent, WA Metro Division; Seattle-Tacoma-Bellevue, WA Metro Area",92351,2994310,37.2,2121287,614964,278213,1175851,699429,488500,42644,42644,division,42644,42660,2019,0.5948279161220257
42644,"Seattle-Bellevue-Kent, WA (MSAD)",traditional,all-transactions,2024,540.24,4,"Seattle-Bellevue-Kent, WA Metro Division; Seattle-Tacoma-Bellevue, WA Metro Area",124746,2287171,37.4,1657996,540088,291531,941054,521805,859900,42644,42644,division,42644,42660,2024,0.5544899655067616
42680,"Sebastian-Vero Beach-West Vero Corridor, FL",traditional,all-transactions,2014,163.8475,4,"Sebastian-Vero Beach, FL Metro Area",44645,140918,50.2,105814,17760,7301,57342,42565,156300,42680,,msa,42680,,2014,0.7423005824700918
42680,"Sebastian-Vero Beach-West Vero Corridor, FL",traditional,all-transactions,2019,256.5975,4,"Sebastian-Vero Beach, FL Metro Area",54740,153989,53.5,118504,21086,9332,58612,46440,202300,42680,,msa,42680,,2019,0.7923292158602334
42680,"Sebastian-Vero Beach-West Vero Corridor, FL",traditional,all-transactions,2024,445.305,4,"Sebastian-Vero Beach-West Vero Corridor, FL Metro Area",73491,166936,55.3,131802,26186,13274,70816,56735,351500,42680,,msa,42680,,2024,0.8011607546317216
42700,"Sebring, FL",traditional,all-transactions,2014,149.5525,4,"Sebring, FL Metro Area",35911,98261,51.9,74156,7524,2938,39882,30660,87700,42700,,msa,42700,,2014,0.768767865202347
42700,"Sebring, FL",traditional,all-transactions,2019,227.6275,4,"Sebring-Avon Park, FL Metro Area",40942,103437,53.5,79028,8658,3554,41740,31436,108100,42700,,msa,42700,,2019,0.7531384762817441
42700,"Sebring, FL",traditional,all-transactions,2024,407.8125,4,"Sebring, FL Metro Area",54897,105702,54.4,82181,10671,4007,46879,36845,187900,42700,,msa,42700,,2024,0.7859595981142943
43100,"Sheboygan, WI",traditional,all-transactions,2014,152.1225,4,"Sheboygan, WI Metro Area",53029,115168,40.7,79239,12321,4300,46433,33057,150800,43100,,msa,43100,,2014,0.7119290160015507
43100,"Sheboygan, WI",traditional,all-transactions,2019,190.995,4,"Sheboygan, WI Metro Area",60696,115178,41.5,80031,14106,4752,47738,33398,159700,43100,,msa,43100,,2019,0.6996103732875277
43100,"Sheboygan, WI",traditional,all-transactions,2024,312.695,4,"Sheboygan, WI Metro Area",73094,117991,41.7,82942,15087,6016,49725,35541,232700,43100,,msa,43100,,2024,0.7147511312217194
43300,"Sherman-Denison, TX",traditional,all-transactions,2014,181.185,4,"Sherman-Denison, TX Metro Area",47631,121975,40.1,81569,10821,4109,46747,31618,105800,43300,,msa,43300,,2014,0.6763642586690055
43300,"Sherman-Denison, TX",traditional,all-transactions,2019,261.525,4,"Sherman-Denison, TX Metro Area",54815,131014,39.9,88311,12286,4128,48454,32756,137400,43300,,msa,43300,,2019,0.6760226193915879
43300,"Sherman-Denison, TX",traditional,all-transactions,2024,437.7475,4,"Sherman-Denison, TX Metro Area",72182,143337,39.0,96958,15602,5422,55248,36895,248400,43300,,msa,43300,,2024,0.6678069794381697
43340,"Shreveport-Bossier City, LA",traditional,all-transactions,2014,180.865,4,"Shreveport-Bossier City, LA Metro Area",43779,445305,36.3,293029,42415,16032,170715,110028,122700,43340,,msa,43340,,2014,0.644512784465337
43340,"Shreveport-Bossier City, LA",traditional,all-transactions,2019,192.6725,4,"Shreveport-Bossier City, LA Metro Area",46407,399619,36.9,267961,39758,16830,156062,96389,155400,43340,,msa,43340,,2019,0.6176327357076034
43340,"Shreveport-Bossier City, LA",traditional,all-transactions,2024,244.2525,4,"Shreveport-Bossier City, LA Metro Area",55925,386819,38.6,262802,40806,20149,157101,98847,191600,43340,,msa,43340,,2024,0.6291939580270017
43420,"Sierra Vista-Douglas, AZ",traditional,all-transactions,2014,158.1625,4,"Sierra Vista-Douglas, AZ Metro Area",45974,130807,39.6,88904,12968,6001,48846,33223,141300,43420,,msa,43420,,2014,0.6801580477418826
43420,"Sierra Vista-Douglas, AZ",traditional,all-transactions,2019,189.8425,4,"Sierra Vista-Douglas, AZ Metro Area",49260,125867,41.1,87639,12450,6313,50163,34577,146800,43420,,msa,43420,,2019,0.6892929051292785
43420,"Sierra Vista-Douglas, AZ",traditional,all-transactions,2024,307.1925,4,"Sierra Vista-Douglas, AZ Metro Area",59742,125566,43.0,89778,15198,7612,50982,36213,218300,43420,,msa,43420,,2024,0.7103095210074144
43580,"Sioux City, IA-NE-SD",traditional,all-transactions,2014,164.4925,4,"Sioux City, IA-NE-SD Metro Area",49843,168824,36.6,108273,15310,5318,64174,45052,108200,43580,,msa,43580,,2014,0.7020288590394864
43580,"Sioux City, IA-NE-SD",traditional,all-transactions,2019,207.95499999999998,4,"Sioux City, IA-NE-SD Metro Area",59937,143846,36.0,92722,14124,4699,55391,37178,126200,43580,,msa,43580,,2019,0.6711920709140474
43580,"Sioux City, IA-NE-SD",traditional,all-transactions,2024,312.045,4,"Sioux City, IA-NE-SD Metro Area",75192,144682,36.2,92926,15102,5712,55468,37864,193100,43580,,msa,43580,,2024,0.6826278214465998
43620,"Sioux Falls, SD-MN",traditional,all-transactions,2014,179.0275,4,"Sioux Falls, SD Metro Area",57356,238294,34.8,155381,33461,10258,92241,62013,157600,43620,,msa,43620,,2014,0.6722932318600189
43620,"Sioux Falls, SD-MN",traditional,all-transactions,2019,229.35750000000002,4,"Sioux Falls, SD Metro Area",65621,259348,35.2,169909,39395,12470,102294,68130,193300,43620,,msa,43620,,2019,0.6660214675347528
43620,"Sioux Falls, SD-MN",traditional,all-transactions,2024,347.3475,4,"Sioux Falls, SD-MN Metro Area",82754,298181,36.3,197444,50306,15406,122517,81039,295900,43620,,msa,43620,,2024,0.6614510639339847
43640,"Slidell-Mandeville-Covington, LA",traditional,all-transactions,2024,274.9525,4,"Slidell-Mandeville-Covington, LA Metro Area",81202,272421,40.5,187382,45528,17460,105082,82876,284000,43640,,msa,43640,,2024,0.7886793171047373
43780,"South Bend-Mishawaka, IN-MI",traditional,all-transactions,2014,146.4375,4,"South Bend-Mishawaka, IN-MI Metro Area",45036,318917,37.8,208294,32486,14549,121563,86091,114700,43780,,msa,43780,,2014,0.7082006860640162
43780,"South Bend-Mishawaka, IN-MI",traditional,all-transactions,2019,186.29250000000002,4,"South Bend-Mishawaka, IN-MI Metro Area",53323,321739,38.1,212946,36115,15665,122891,86271,131500,43780,,msa,43780,,2019,0.7020123524098592
43780,"South Bend-Mishawaka, IN-MI",traditional,all-transactions,2024,302.9075,4,"South Bend-Mishawaka, IN-MI Metro Area",67217,324560,37.9,215929,41159,18252,128459,91336,196600,43780,,msa,43780,,2024,0.711012852349777
43900,"Spartanburg, SC",traditional,all-transactions,2014,146.055,4,"Spartanburg, SC Metro Area",42588,317057,38.5,210586,28358,11928,120122,82852,117700,43900,,msa,43900,,2014,0.689732105692546
43900,"Spartanburg, SC",traditional,all-transactions,2019,191.4875,4,"Spartanburg, SC Metro Area",52332,307617,38.2,207762,32487,13809,116645,82396,141400,43900,,msa,43900,,2019,0.7063826139140126
43900,"Spartanburg, SC",traditional,all-transactions,2024,326.0775,4,"Spartanburg, SC Metro Area",64382,374737,38.2,255018,38546,18050,143283,104370,225000,43900,,msa,43900,,2024,0.7284185842004983
44060,"Spokane-Spokane Valley, WA",traditional,all-transactions,2014,166.26,4,"Spokane-Spokane Valley, WA Metro Area",49417,533456,38.0,356354,62164,24996,211284,136976,181100,44060,,msa,44060,,2014,0.648302758372617
44060,"Spokane-Spokane Valley, WA",traditional,all-transactions,2019,251.0175,4,"Spokane-Spokane Valley, WA Metro Area",56410,550160,38.2,377041,70793,29422,220365,140251,222400,44060,,msa,44060,,2019,0.6364486193361014
44060,"Spokane-Spokane Valley, WA",traditional,all-transactions,2024,407.4975,4,"Spokane-Spokane Valley, WA Metro Area",77488,597123,39.1,416915,85022,34432,237769,156296,405300,44060,,msa,44060,,2024,0.6573438926016427
44100,"Springfield, IL",traditional,all-transactions,2014,141.3625,4,"Springfield, IL Metro Area",55842,211466,39.9,144517,29472,12267,88221,62164,126900,44100,,msa,44100,,2014,0.7046394849298919
44100,"Springfield, IL",traditional,all-transactions,2019,152.1875,4,"Springfield, IL Metro Area",62533,209167,40.4,145307,30820,13069,88899,61724,141500,44100,,msa,44100,,2019,0.6943160215525483
44100,"Springfield, IL",traditional,all-transactions,2024,211.035,4,"Springfield, IL Metro Area",75895,207042,41.1,145260,31291,15344,89990,64597,177300,44100,,msa,44100,,2024,0.7178242026891877
44140,"Springfield, MA",traditional,all-transactions,2014,179.035,4,"Springfield, MA Metro Area",52546,626775,38.0,406119,68082,37658,236512,147937,214000,44140,,msa,44140,,2014,0.6254946894872142
44140,"Springfield, MA",traditional,all-transactions,2019,209.83499999999998,4,"Springfield, MA Metro Area",59419,699480,39.3,470729,87165,49242,268830,169988,228100,44140,,msa,44140,,2019,0.6323252613175613
44140,"Springfield, MA",traditional,all-transactions,2024,327.0875,4,"Springfield, MA Metro Area",71306,462815,40.0,320931,55400,29482,184471,114780,298800,44140,,msa,44140,,2024,0.6222116213388554
44180,"Springfield, MO",traditional,all-transactions,2014,143.79500000000002,4,"Springfield, MO Metro Area",42880,444728,36.5,289730,49044,18091,177468,113628,128100,44180,,msa,44180,,2014,0.640273176009196
44180,"Springfield, MO",traditional,all-transactions,2019,180.245,4,"Springfield, MO Metro Area",48549,462434,36.8,303598,53353,22197,188342,116654,147700,44180,,msa,44180,,2019,0.6193732677788278
44180,"Springfield, MO",traditional,all-transactions,2024,297.6475,4,"Springfield, MO Metro Area",65071,486785,37.3,323417,61499,27945,198884,126538,230700,44180,,msa,44180,,2024,0.6362402204299994
44220,"Springfield, OH",traditional,all-transactions,2014,133.14249999999998,4,"Springfield, OH Metro Area",43011,137303,41.1,93107,10978,4645,54969,36306,104200,44220,,msa,44220,,2014,0.6604813622223435
44220,"Springfield, OH",traditional,all-transactions,2019,161.925,4,"Springfield, OH Metro Area",50873,134726,41.1,92132,10507,5176,54696,36093,115500,44220,,msa,44220,,2019,0.6598837209302325
44220,"Springfield, OH",traditional,all-transactions,2024,268.07,4,"Springfield, OH Metro Area",63132,135158,41.2,93713,11938,5776,55975,38844,169900,44220,,msa,44220,,2024,0.6939526574363555
44300,"State College, PA",traditional,all-transactions,2014,192.2575,4,"State College, PA Metro Area",50295,156240,29.7,88514,18456,10830,57283,34622,193500,44300,,msa,44300,,2014,0.6044027023724317
44300,"State College, PA",traditional,all-transactions,2019,234.42249999999999,4,"State College, PA Metro Area",60403,161960,32.3,98912,23415,12805,58201,35806,234900,44300,,msa,44300,,2019,0.6152127970309789
44300,"State College, PA",traditional,all-transactions,2024,324.205,4,"State College, PA Metro Area",74291,158576,34.2,97777,22159,14177,59013,36467,323500,44300,,msa,44300,,2024,0.6179485875993426
44420,"Staunton-Stuarts Draft, VA",traditional,all-transactions,2014,182.8,4,"Staunton-Waynesboro, VA Metro Area",49262,119016,42.8,84393,12247,5278,47505,33995,185400,44420,,msa,44420,,2014,0.7156088832754447
44420,"Staunton-Stuarts Draft, VA",traditional,all-transactions,2019,211.2825,4,"Staunton, VA Metro Area",57140,121651,43.7,88085,13694,6424,49329,34806,198600,44420,,msa,44420,,2019,0.7055890044395792
44420,"Staunton-Stuarts Draft, VA",traditional,all-transactions,2024,331.885,4,"Staunton-Stuarts Draft, VA Metro Area",73544,126822,42.7,92475,16023,7067,52233,37707,284500,44420,,msa,44420,,2024,0.7218999483085405
44700,"Stockton-Lodi, CA",traditional,all-transactions,2014,181.8175,4,"Stockton-Lodi, CA Metro Area",53253,701050,33.2,428299,53111,15921,217343,123584,211300,44700,,msa,44700,,2014,0.5686127457521061
44700,"Stockton-Lodi, CA",traditional,all-transactions,2019,261.8225,4,"Stockton, CA Metro Area",64432,742603,34.3,467455,60276,19050,228567,129419,342100,44700,,msa,44700,,2019,0.5662190954949752
44700,"Stockton-Lodi, CA",traditional,all-transactions,2024,381.0125,4,"Stockton-Lodi, CA Metro Area",92179,797334,35.4,513773,79428,26768,245250,152030,530700,44700,,msa,44700,,2024,0.6198980632008155
44940,"Sumter, SC",traditional,all-transactions,2014,167.7825,4,"Sumter, SC Metro Area",40662,107782,35.6,68989,8082,3917,40024,25825,108300,44940,,msa,44940,,2014,0.6452378572856287
44940,"Sumter, SC",traditional,all-transactions,2019,191.4875,4,"Sumter, SC Metro Area",44486,140714,38.1,94383,10868,5041,54937,37115,112300,44940,,msa,44940,,2019,0.6755920417933269
44940,"Sumter, SC",traditional,all-transactions,2024,293.735,4,"Sumter, SC Metro Area",56693,104725,38.0,69673,10191,5263,41083,27990,165300,44940,,msa,44940,,2024,0.6813037022612759
45060,"Syracuse, NY",traditional,all-transactions,2014,156.76749999999998,4,"Syracuse, NY Metro Area",53191,662236,38.9,439319,73429,43235,256796,173405,124400,45060,,msa,45060,,2014,0.6752636333899282
45060,"Syracuse, NY",traditional,all-transactions,2019,180.215,4,"Syracuse, NY Metro Area",60337,652416,39.6,443938,79208,45563,257280,173852,137200,45060,,msa,45060,,2019,0.6757307213930348
45060,"Syracuse, NY",traditional,all-transactions,2024,299.4275,4,"Syracuse, NY Metro Area",75492,656410,40.1,451763,88288,51859,271251,185614,187700,45060,,msa,45060,,2024,0.684288721516234
45104,"Tacoma-Lakewood, WA (MSAD)",traditional,all-transactions,2014,184.9875,4,"Tacoma-Lakewood, WA Metro Division; Seattle-Tacoma-Bellevue, WA Metro Area",59711,812689,35.8,533690,83469,32518,301364,184299,233800,45104,45104,division,45104,42660,2014,0.6115494883264092
45104,"Tacoma-Lakewood, WA (MSAD)",traditional,all-transactions,2019,296.75,4,"Tacoma-Lakewood, WA Metro Division; Seattle-Tacoma-Bellevue, WA Metro Area",72113,877013,36.1,589306,105347,40093,323296,200836,303200,45104,45104,division,45104,42660,2019,0.621213995842819
45104,"Tacoma-Lakewood, WA (MSAD)",traditional,all-transactions,2024,460.2975,4,"Tacoma-Lakewood, WA Metro Division; Seattle-Tacoma-Bellevue, WA Metro Area",99564,930319,37.0,635580,124653,51799,351330,227400,526600,45104,45104,division,45104,42660,2024,0.6472547177866963
45220,"Tallahassee, FL",traditional,all-transactions,2014,162.61,4,"Tallahassee, FL Metro Area",45377,373097,32.4,226940,47994,23124,143932,83187,164600,45220,,msa,45220,,2014,0.5779604257566073
45220,"Tallahassee, FL",traditional,all-transactions,2019,209.625,4,"Tallahassee, FL Metro Area",51874,382197,33.8,238697,52406,24823,147777,86329,177600,45220,,msa,45220,,2019,0.5841842776616117
45220,"Tallahassee, FL",traditional,all-transactions,2024,328.1775,4,"Tallahassee, FL Metro Area",65261,391730,34.8,246349,59012,28446,157965,91171,276000,45220,,msa,45220,,2024,0.5771594973570094
45294,"Tampa, FL (MSAD)",traditional,all-transactions,2024,503.77,4,"Tampa, FL Metro Division; Tampa-St. Petersburg-Clearwater, FL Metro Area",75284,2341210,39.9,1653653,352366,151817,901830,605458,341000,45294,45294,division,45294,45300,2024,0.6713660002439484
45460,"Terre Haute, IN",traditional,all-transactions,2014,142.6225,4,"Terre Haute, IN Metro Area",42780,172240,38.1,113935,13053,5617,64201,43262,87600,45460,,msa,45460,,2014,0.6738524322051058
45460,"Terre Haute, IN",traditional,all-transactions,2019,166.5225,4,"Terre Haute, IN Metro Area",48591,186908,38.6,125319,15768,7181,72902,49462,92900,45460,,msa,45460,,2019,0.6784724698910867
45460,"Terre Haute, IN",traditional,all-transactions,2024,257.4525,4,"Terre Haute, IN Metro Area",56594,168719,38.4,113088,16211,6802,67374,45635,143500,45460,,msa,45460,,2024,0.6773384391605071
45500,"Texarkana, TX-AR",traditional,all-transactions,2014,162.7475,4,"Texarkana, TX-AR Metro Area",41818,149457,38.0,100680,10729,4350,55953,37491,94300,45500,,msa,45500,,2014,0.670044501635301
45500,"Texarkana, TX-AR",traditional,all-transactions,2019,186.65,4,"Texarkana, TX-AR Metro Area",47377,149292,38.6,101603,12737,4826,55865,36079,111500,45500,,msa,45500,,2019,0.6458247561084758
45500,"Texarkana, TX-AR",traditional,all-transactions,2024,276.465,4,"Texarkana, TX-AR Metro Area",55646,146296,39.0,99561,12561,6081,56252,36642,160600,45500,,msa,45500,,2024,0.6513901727938562
45780,"Toledo, OH",traditional,all-transactions,2014,130.4325,4,"Toledo, OH Metro Area",44775,608847,37.2,396351,59992,27064,244015,155890,115900,45780,,msa,45780,,2014,0.6388541688010982
45780,"Toledo, OH",traditional,all-transactions,2019,159.18,4,"Toledo, OH Metro Area",52601,644137,38.1,432298,71433,31563,265076,167757,130900,45780,,msa,45780,,2019,0.6328637824623882
45780,"Toledo, OH",traditional,all-transactions,2024,241.62,4,"Toledo, OH Metro Area",65486,602322,38.2,405652,74652,34798,254486,162104,176300,45780,,msa,45780,,2024,0.6369859245695244
45820,"Topeka, KS",traditional,all-transactions,2014,158.5725,4,"Topeka, KS Metro Area",50797,234195,39.6,157403,27503,10516,94100,63896,118700,45820,,msa,45820,,2014,0.6790223166843783
45820,"Topeka, KS",traditional,all-transactions,2019,185.11,4,"Topeka, KS Metro Area",57603,232778,39.9,158470,29354,12006,94658,64338,133800,45820,,msa,45820,,2019,0.6796889856113588
45820,"Topeka, KS",traditional,all-transactions,2024,289.34000000000003,4,"Topeka, KS Metro Area",69888,232468,40.1,159526,29896,13470,96999,68083,183200,45820,,msa,45820,,2024,0.7018938339570511
45900,"Traverse City, MI",traditional,all-transactions,2014,182.8775,4,"Traverse City, MI Micro Area",50817,145374,44.1,104420,17950,9487,58480,46183,164700,45900,,msa,45900,,2014,0.7897229822161422
45900,"Traverse City, MI",traditional,all-transactions,2019,249.19,4,"Traverse City, MI Micro Area",61019,149033,45.5,109318,22771,10234,60395,48545,203100,45900,,msa,45900,,2019,0.8037917046113089
45900,"Traverse City, MI",traditional,all-transactions,2024,430.0925,4,"Traverse City, MI Metro Area",80889,155449,46.3,115706,27010,13882,65429,53559,324300,45900,,msa,45900,,2024,0.8185819743538798
45940,"Trenton-Princeton, NJ",traditional,all-transactions,2014,181.8625,4,"Trenton, NJ Metro Area",74118,369526,38.3,246366,51014,31314,131475,85625,280400,45940,,msa,45940,,2014,0.6512644989541738
45940,"Trenton-Princeton, NJ",traditional,all-transactions,2019,200.3075,4,"Trenton-Princeton, NJ Metro Area",81057,367922,38.8,247534,54547,34415,129936,81925,291100,45940,,msa,45940,,2019,0.630502709025982
45940,"Trenton-Princeton, NJ",traditional,all-transactions,2024,336.1,4,"Trenton-Princeton, NJ Metro Area",100645,385864,39.5,261611,63514,38462,144114,89569,377700,45940,,msa,45940,,2024,0.6215149118059314
46060,"Tucson, AZ",traditional,all-transactions,2014,166.765,4,"Tucson, AZ Metro Area",46233,993144,37.9,654497,115392,55652,386155,238500,161700,46060,,msa,46060,,2014,0.6176276365708071
46060,"Tucson, AZ",traditional,all-transactions,2019,219.35,4,"Tucson, AZ Metro Area",53379,1027207,38.5,687804,128683,64709,404739,255677,184100,46060,,msa,46060,,2019,0.6317083354952204
46060,"Tucson, AZ",traditional,all-transactions,2024,366.7975,4,"Tucson, AZ Metro Area",70315,1060490,39.8,730009,151514,80343,437827,285639,319700,46060,,msa,46060,,2024,0.6524015193215585
46140,"Tulsa, OK",traditional,all-transactions,2014,170.07,4,"Tulsa, OK Metro Area",49255,954055,36.7,626066,112224,35174,369720,244738,129100,46140,,msa,46140,,2014,0.6619549929676511
46140,"Tulsa, OK",traditional,all-transactions,2019,203.4875,4,"Tulsa, OK Metro Area",55739,990544,37.0,658958,124279,41496,382217,247603,150500,46140,,msa,46140,,2019,0.6478073973685106
46140,"Tulsa, OK",traditional,all-transactions,2024,315.85,4,"Tulsa, OK Metro Area",69359,1037534,37.4,693200,138988,50675,406447,266029,221700,46140,,msa,46140,,2024,0.6545232219699001
46220,"Tuscaloosa, AL",traditional,all-transactions,2014,171.6925,4,"Tuscaloosa, AL Metro Area",43567,233692,32.9,143761,21943,9582,81775,54107,143200,46220,,msa,46220,,2014,0.6616569856313054
46220,"Tuscaloosa, AL",traditional,all-transactions,2019,199.1125,4,"Tuscaloosa, AL Metro Area",50408,250681,34.4,159265,26448,11933,88699,58202,159500,46220,,msa,46220,,2019,0.6561742522463613
46220,"Tuscaloosa, AL",traditional,all-transactions,2024,288.125,4,"Tuscaloosa, AL Metro Area",61517,278526,34.0,173080,29204,14122,105683,66609,230700,46220,,msa,46220,,2024,0.6302716614781942
46300,"Twin Falls, ID",traditional,all-transactions,2014,164.67000000000002,4,"Twin Falls, ID Micro Area",43282,101513,33.9,63357,7100,2092,36267,23902,148000,46300,,msa,46300,,2014,0.659056442495933
46300,"Twin Falls, ID",traditional,all-transactions,2019,240.2575,4,"Twin Falls, ID Metro Area",52919,108599,34.2,68442,8465,3380,39168,26655,166400,46300,,msa,46300,,2019,0.6805300245098039
46300,"Twin Falls, ID",traditional,all-transactions,2024,420.12,4,"Twin Falls, ID Metro Area",68810,118907,35.8,76407,10761,3977,43031,30716,325500,46300,,msa,46300,,2024,0.7138109734842323
46340,"Tyler, TX",traditional,all-transactions,2014,176.4175,4,"Tyler, TX Metro Area",46669,214735,36.0,137881,24044,7543,79089,52107,126400,46340,,msa,46340,,2014,0.6588400409665061
46340,"Tyler, TX",traditional,all-transactions,2019,217.07,4,"Tyler, TX Metro Area",56810,227449,36.6,148915,26482,8718,77678,51589,158600,46340,,msa,46340,,2019,0.6641391384948119
46340,"Tyler, TX",traditional,all-transactions,2024,339.25,4,"Tyler, TX Metro Area",74192,241740,37.5,160294,30159,11263,83134,57215,240700,46340,,msa,46340,,2024,0.688226237159285
46520,"Urban Honolulu, HI",traditional,all-transactions,2014,201.575,4,"Urban Honolulu, HI Metro Area",73581,975690,37.2,660551,141559,47943,310141,170342,564400,46520,,msa,46520,,2014,0.5492405067372582
46520,"Urban Honolulu, HI",traditional,all-transactions,2019,247.315,4,"Urban Honolulu, HI Metro Area",85857,984821,37.9,682097,156134,55185,312795,175751,678200,46520,,msa,46520,,2019,0.5618727920842724
46520,"Urban Honolulu, HI",traditional,all-transactions,2024,334.96500000000003,4,"Urban Honolulu, HI Metro Area",106195,1001146,39.8,708001,171424,68017,338868,202604,897500,46520,,msa,46520,,2024,0.5978847220746721
46540,"Utica-Rome, NY",traditional,all-transactions,2014,165.54000000000002,4,"Utica-Rome, NY Metro Area",48094,298273,41.4,204689,27662,14710,117404,79022,107800,46540,,msa,46540,,2014,0.6730775782767197
46540,"Utica-Rome, NY",traditional,all-transactions,2019,193.615,4,"Utica-Rome, NY Metro Area",55757,292016,41.7,202676,29469,15918,114253,78599,122200,46540,,msa,46540,,2019,0.6879381723018214
46540,"Utica-Rome, NY",traditional,all-transactions,2024,312.03,4,"Utica-Rome, NY Metro Area",69779,288881,41.7,201973,30681,17758,120961,84158,172900,46540,,msa,46540,,2024,0.6957449095162904
46660,"Valdosta, GA",traditional,all-transactions,2014,156.2775,4,"Valdosta, GA Metro Area",36289,142655,30.8,84016,10681,4198,51439,28690,121800,46660,,msa,46660,,2014,0.5577480122086355
46660,"Valdosta, GA",traditional,all-transactions,2019,172.42,4,"Valdosta, GA Metro Area",41647,145315,32.1,88814,12763,5547,52892,29732,132100,46660,,msa,46660,,2019,0.5621265975950994
46660,"Valdosta, GA",traditional,all-transactions,2024,268.1825,4,"Valdosta, GA Metro Area",57085,150188,33.2,92429,13821,6788,56786,33981,201300,46660,,msa,46660,,2024,0.598404536329377
46700,"Vallejo, CA",traditional,all-transactions,2014,200.5275,4,"Vallejo-Fairfield, CA Metro Area",67341,421624,37.2,280199,47620,13014,142521,85815,263600,46700,,msa,46700,,2014,0.6021217925779359
46700,"Vallejo, CA",traditional,all-transactions,2019,287.815,4,"Vallejo, CA Metro Area",81472,441829,38.1,303699,56528,18104,149865,92149,406900,46700,,msa,46700,,2019,0.6148800587195142
46700,"Vallejo, CA",traditional,all-transactions,2024,386.275,4,"Vallejo, CA Metro Area",100401,451918,39.2,315641,62203,19902,157512,99263,617700,46700,,msa,46700,,2024,0.6301932551170705
47020,"Victoria, TX",traditional,all-transactions,2014,205.045,4,"Victoria, TX Metro Area",50549,96312,36.8,62693,7337,2404,35185,23556,115900,47020,,msa,47020,,2014,0.6694898394202075
47020,"Victoria, TX",traditional,all-transactions,2019,227.22,4,"Victoria, TX Metro Area",57163,99674,36.7,65567,8742,3057,34982,23529,142500,47020,,msa,47020,,2019,0.6726030529986851
47020,"Victoria, TX",traditional,all-transactions,2024,333.3225,4,"Victoria, TX Metro Area",70236,98554,37.2,65393,9194,2662,37666,25191,208800,47020,,msa,47020,,2024,0.6687994477778367
47220,"Vineland, NJ",traditional,all-transactions,2014,161.71,4,"Vineland-Bridgeton, NJ Metro Area",50603,157429,36.7,105379,10381,3014,50399,33568,165700,47220,,msa,47220,,2014,0.6660449612095478
47220,"Vineland, NJ",traditional,all-transactions,2019,179.4925,4,"Vineland-Bridgeton, NJ Metro Area",54149,151906,37.6,103121,11107,3837,50729,33093,162500,47220,,msa,47220,,2019,0.6523487551499143
47220,"Vineland, NJ",traditional,all-transactions,2024,306.975,4,"Vineland, NJ Metro Area",67436,153305,37.7,103026,13189,4773,53781,35782,221400,47220,,msa,47220,,2024,0.6653279039065841
47260,"Virginia Beach-Chesapeake-Norfolk, VA-NC",traditional,all-transactions,2014,209.5725,4,"Virginia Beach-Norfolk-Newport News, VA-NC Metro Area",59244,1697898,35.3,1107600,200846,91385,626974,390053,235900,47260,,msa,47260,,2014,0.6221198965188349
47260,"Virginia Beach-Chesapeake-Norfolk, VA-NC",traditional,all-transactions,2019,235.625,4,"Virginia Beach-Norfolk-Newport News, VA-NC Metro Area",66759,1761729,36.3,1182298,230822,110356,663821,409367,245100,47260,,msa,47260,,2019,0.6166828105769477
47260,"Virginia Beach-Chesapeake-Norfolk, VA-NC",traditional,all-transactions,2024,356.44,4,"Virginia Beach-Chesapeake-Norfolk, VA-NC Metro Area",82330,1787235,37.4,1219406,262724,130888,707408,448695,340900,47260,,msa,47260,,2024,0.6342803587180241
47300,"Visalia, CA",traditional,all-transactions,2014,163.1775,4,"Visalia-Porterville, CA Metro Area",42863,451108,30.1,258046,23091,7420,132706,75974,161000,47300,,msa,47300,,2014,0.5724986059409521
47300,"Visalia, CA",traditional,all-transactions,2019,215.26749999999998,4,"Visalia, CA Metro Area",49687,461898,31.0,271351,26586,9274,138238,78866,205000,47300,,msa,47300,,2019,0.5705088325930642
47300,"Visalia, CA",traditional,all-transactions,2024,335.74249999999995,4,"Visalia, CA Metro Area",71300,478693,32.1,287690,31114,12630,143195,83701,330100,47300,,msa,47300,,2024,0.584524599322602
47380,"Waco, TX",traditional,all-transactions,2014,177.70499999999998,4,"Waco, TX Metro Area",41876,257241,33.4,156474,22132,7639,91389,54440,108000,47380,,msa,47380,,2014,0.5956953243825843
47380,"Waco, TX",traditional,all-transactions,2019,243.445,4,"Waco, TX Metro Area",49077,268361,33.7,164471,24799,9615,95253,57105,138600,47380,,msa,47380,,2019,0.5995086768920664
47380,"Waco, TX",traditional,all-transactions,2024,382.9,4,"Waco, TX Metro Area",66205,302045,35.1,189895,31838,13778,111178,70690,234100,47380,,msa,47380,,2024,0.6358272320063322
47460,"Walla Walla, WA",traditional,all-transactions,2014,191.1725,4,"Walla Walla, WA Metro Area",47309,63507,37.5,41335,6512,2942,23404,14893,189100,47460,,msa,47460,,2014,0.63634421466416
47460,"Walla Walla, WA",traditional,all-transactions,2019,262.22,4,"Walla Walla, WA Metro Area",57858,60365,37.5,39728,7196,3289,22646,14677,224800,47460,,msa,47460,,2019,0.648105625717566
47460,"Walla Walla, WA",traditional,all-transactions,2024,400.18,4,"Walla Walla, WA Metro Area",74202,62161,38.5,41195,6689,3725,23447,15236,408900,47460,,msa,47460,,2024,0.6498059453234956
47580,"Warner Robins, GA",traditional,all-transactions,2014,138.2475,4,"Warner Robins, GA Metro Area",51404,184652,35.0,118496,15984,7785,66389,43583,128400,47580,,msa,47580,,2014,0.656479236018015
47580,"Warner Robins, GA",traditional,all-transactions,2019,161.7875,4,"Warner Robins, GA Metro Area",58832,180652,35.7,118143,18830,10409,67192,42917,142000,47580,,msa,47580,,2019,0.638721871651387
47580,"Warner Robins, GA",traditional,all-transactions,2024,267.815,4,"Warner Robins, GA Metro Area",79345,198209,36.6,130305,22876,13056,74449,50110,217900,47580,,msa,47580,,2024,0.6730782146167175
47664,"Warren-Troy-Farmington Hills, MI (MSAD)",traditional,all-transactions,2014,142.76500000000001,4,"Warren-Troy-Farmington Hills, MI Metro Division; Detroit-Warren-Dearborn, MI Metro Area",60606,2502569,40.9,1730052,347819,170744,989276,729344,151600,47664,47664,division,47664,19820,2014,0.7372502719160274
47664,"Warren-Troy-Farmington Hills, MI (MSAD)",traditional,all-transactions,2019,188.675,4,"Warren-Troy-Farmington Hills, MI Metro Division; Detroit-Warren-Dearborn, MI Metro Area",71452,2560549,41.4,1806015,388502,198335,1021537,752315,203300,47664,47664,division,47664,19820,2019,0.7364539904085706
47664,"Warren-Troy-Farmington Hills, MI (MSAD)",traditional,all-transactions,2024,277.76,4,"Warren-Troy-Farmington Hills, MI Metro Division; Detroit-Warren-Dearborn, MI Metro Area",88280,2604569,41.7,1871078,440314,224982,1068225,805716,293300,47664,47664,division,47664,19820,2024,0.7542568279154672
47764,"Washington, DC-MD (MSAD)",traditional,all-transactions,2024,379.64,4,"Washington, DC-MD Metro Division; Washington-Arlington-Alexandria, DC-VA-MD-WV Metro Area",106950,1811575,36.9,1264847,283644,207529,733110,401333,474500,47764,47764,division,47764,47900,2024,0.5474389927841661
47930,"Waterbury-Shelton, CT",traditional,all-transactions,2024,283.4475,4,"Waterbury-Shelton, CT Metro Area",86191,454969,41.8,326360,63183,35540,180116,123476,317700,47930,,msa,47930,,2024,0.6855359879188967
47940,"Waterloo-Cedar Falls, IA",traditional,all-transactions,2014,209.07999999999998,4,"Waterloo-Cedar Falls, IA Metro Area",49897,168831,35.7,107250,19112,6148,66846,46927,129300,47940,,msa,47940,,2014,0.7020165754121414
47940,"Waterloo-Cedar Falls, IA",traditional,all-transactions,2019,229.37,4,"Waterloo-Cedar Falls, IA Metro Area",57495,169556,36.3,108774,21374,7532,67736,46849,149500,47940,,msa,47940,,2019,0.6916410771229479
47940,"Waterloo-Cedar Falls, IA",traditional,all-transactions,2024,322.095,4,"Waterloo-Cedar Falls, IA Metro Area",70811,168637,36.8,108560,21830,8090,69396,48202,194800,47940,,msa,47940,,2024,0.6945933483197879
48060,"Watertown-Fort Drum, NY",traditional,all-transactions,2014,208.5925,4,"Watertown-Fort Drum, NY Metro Area",48613,118885,31.9,73749,8698,5033,44822,24989,135200,48060,,msa,48060,,2014,0.5575163981973138
48060,"Watertown-Fort Drum, NY",traditional,all-transactions,2019,214.495,4,"Watertown-Fort Drum, NY Metro Area",52685,112842,32.5,71540,9566,5106,42734,24135,149900,48060,,msa,48060,,2019,0.5647727804558431
48060,"Watertown-Fort Drum, NY",traditional,all-transactions,2024,291.0725,4,"Watertown-Fort Drum, NY Metro Area",66301,115040,33.7,74083,11375,6532,47606,26018,188200,48060,,msa,48060,,2024,0.5465277486031173
48140,"Wausau, WI",traditional,all-transactions,2014,153.5975,4,"Wausau, WI Metro Area",53779,134886,40.2,91917,14411,4830,53392,39247,142900,48140,,msa,48140,,2014,0.7350726700629308
48140,"Wausau, WI",traditional,all-transactions,2019,186.44,4,"Wausau-Weston, WI Metro Area",61783,163140,41.8,114218,18774,6269,68091,49906,153700,48140,,msa,48140,,2019,0.7329309306663142
48140,"Wausau, WI",traditional,all-transactions,2024,285.78499999999997,4,"Wausau, WI Metro Area",77884,138403,41.3,97134,19147,5964,57866,42414,219600,48140,,msa,48140,,2024,0.7329692738395603
48260,"Weirton-Steubenville, WV-OH",traditional,all-transactions,2014,161.1125,4,"Weirton-Steubenville, WV-OH Metro Area",40973,122666,44.8,87774,9051,3670,51232,37191,85300,48260,,msa,48260,,2014,0.7259330106183636
48260,"Weirton-Steubenville, WV-OH",traditional,all-transactions,2019,193.865,4,"Weirton-Steubenville, WV-OH Metro Area",47314,118213,45.7,85321,9074,4010,49911,35607,93000,48260,,msa,48260,,2019,0.7134098695678307
48260,"Weirton-Steubenville, WV-OH",traditional,all-transactions,2024,290.1975,4,"Weirton-Steubenville, WV-OH Metro Area",58784,114754,45.6,83063,11163,4800,49642,35921,131300,48260,,msa,48260,,2024,0.723600983038556
48300,"Wenatchee-East Wenatchee, WA",traditional,all-transactions,2014,183.6425,4,"Wenatchee, WA Metro Area",51547,112847,38.5,74450,10540,3848,41323,27855,227900,48300,,msa,48300,,2014,0.6740798102751494
48300,"Wenatchee-East Wenatchee, WA",traditional,all-transactions,2019,267.9325,4,"Wenatchee, WA Metro Area",59757,118252,38.9,79500,11825,5153,43647,28772,284100,48300,,msa,48300,,2019,0.6591976539051939
48300,"Wenatchee-East Wenatchee, WA",traditional,all-transactions,2024,410.7975,4,"Wenatchee-East Wenatchee, WA Metro Area",81938,124538,39.8,85632,15729,5573,47443,31394,469100,48300,,msa,48300,,2024,0.6617203802457686
48424,"West Palm Beach-Boca Raton-Delray Beach, FL (MSAD)",traditional,all-transactions,2014,207.81,4,"West Palm Beach-Boca Raton-Delray Beach, FL Metro Division; Miami-Fort Lauderdale-West Palm Beach, FL Metro Area",52878,1359074,43.9,978030,199944,78306,529729,371761,194600,48424,48424,division,48424,33100,2014,0.7017946912477889
48424,"West Palm Beach-Boca Raton-Delray Beach, FL (MSAD)",traditional,all-transactions,2019,306.68,4,"West Palm Beach-Boca Raton-Boynton Beach, FL Metro Division; Miami-Fort Lauderdale-Pompano Beach, FL Metro Area",63299,1465027,44.8,1071994,242569,98376,554095,381611,283600,48424,48424,division,48424,33100,2019,0.6887104196933739
48424,"West Palm Beach-Boca Raton-Delray Beach, FL (MSAD)",traditional,all-transactions,2024,554.4375,4,"West Palm Beach-Boca Raton-Delray Beach, FL Metro Division; Miami-Fort Lauderdale-West Palm Beach, FL Metro Area",83581,1533806,45.3,1131157,277864,118899,605430,424264,447300,48424,48424,division,48424,33100,2024,0.7007647457179195
48540,"Wheeling, WV-OH",traditional,all-transactions,2014,169.725,4,"Wheeling, WV-OH Metro Area",41919,146465,43.7,104973,12960,5310,60436,44372,92600,48540,,msa,48540,,2014,0.734198160037064
48540,"Wheeling, WV-OH",traditional,all-transactions,2019,196.01999999999998,4,"Wheeling, WV-OH Metro Area",50390,141475,44.5,103058,13632,6231,55420,41669,109300,48540,,msa,48540,,2019,0.7518765788523999
48540,"Wheeling, WV-OH",traditional,all-transactions,2024,267.29,4,"Wheeling, WV-OH Metro Area",57418,136920,44.2,99669,14373,6820,58024,41990,156600,48540,,msa,48540,,2024,0.7236660692127396
48620,"Wichita, KS",traditional,all-transactions,2014,154.795,4,"Wichita, KS Metro Area",51059,636095,35.3,407194,79082,28340,241831,161056,122800,48620,,msa,48620,,2014,0.6659857503793972
48620,"Wichita, KS",traditional,all-transactions,2019,185.745,4,"Wichita, KS Metro Area",57379,637690,36.0,414774,81268,34585,244805,159170,139000,48620,,msa,48620,,2019,0.6501909683217254
48620,"Wichita, KS",traditional,all-transactions,2024,289.34000000000003,4,"Wichita, KS Metro Area",70655,652622,36.7,430462,87366,38398,254776,166350,201200,48620,,msa,48620,,2024,0.6529264922912676
48660,"Wichita Falls, TX",traditional,all-transactions,2014,160.43,4,"Wichita Falls, TX Metro Area",45892,151202,35.2,96978,13437,4604,55317,35991,89000,48660,,msa,48660,,2014,0.6506318130050437
48660,"Wichita Falls, TX",traditional,all-transactions,2019,189.6425,4,"Wichita Falls, TX Metro Area",49779,150715,35.6,97996,14944,5802,55913,35515,102300,48660,,msa,48660,,2019,0.6351832310911595
48660,"Wichita Falls, TX",traditional,all-transactions,2024,297.4175,4,"Wichita Falls, TX Metro Area",65379,149358,36.6,98396,16451,5913,56774,36637,157600,48660,,msa,48660,,2024,0.6453129953852116
48680,"Wildwood-The Villages, FL",traditional,all-transactions,2014,216.265,4,"The Villages, FL Metro Area",49874,103708,64.5,91658,14182,7831,45868,41407,199500,48680,,msa,48680,,2014,0.9027426528298595
48680,"Wildwood-The Villages, FL",traditional,all-transactions,2019,257.2375,4,"The Villages, FL Metro Area",57226,125044,67.4,112211,20675,11859,56230,50446,258600,48680,,msa,48680,,2019,0.8971367597367953
48680,"Wildwood-The Villages, FL",traditional,all-transactions,2024,396.9075,4,"Wildwood-The Villages, FL Metro Area",76508,143408,68.5,129083,27316,13700,70318,61604,385400,48680,,msa,48680,,2024,0.8760772490685174
48700,"Williamsport, PA",traditional,all-transactions,2014,188.64499999999998,4,"Williamsport, PA Metro Area",45877,116676,41.3,80224,9953,4177,46008,32189,134600,48700,,msa,48700,,2014,0.6996391931837941
48700,"Williamsport, PA",traditional,all-transactions,2019,203.7625,4,"Williamsport, PA Metro Area",54241,114330,41.5,80512,12470,4710,45608,31581,155800,48700,,msa,48700,,2019,0.6924443080161375
48700,"Williamsport, PA",traditional,all-transactions,2024,290.8125,4,"Williamsport, PA Metro Area",63917,113489,41.4,79894,12660,5215,46861,32375,202200,48700,,msa,48700,,2024,0.6908730074048782
48864,"Wilmington, DE-MD-NJ (MSAD)",traditional,all-transactions,2014,178.89000000000001,4,"Wilmington, DE-MD-NJ Metro Division; Philadelphia-Camden-Wilmington, PA-NJ-DE-MD Metro Area",64527,713150,38.0,477037,90572,42068,262661,183931,238600,48864,48864,division,48864,37980,2014,0.7002600309905163
48864,"Wilmington, DE-MD-NJ (MSAD)",traditional,all-transactions,2019,200.8825,4,"Wilmington, DE-MD-NJ Metro Division; Philadelphia-Camden-Wilmington, PA-NJ-DE-MD Metro Area",73634,721707,39.0,498357,96875,49021,266820,183831,250200,48864,48864,division,48864,37980,2019,0.6889700921969867
48864,"Wilmington, DE-MD-NJ (MSAD)",traditional,all-transactions,2024,309.5675,4,"Wilmington, DE-MD-NJ Metro Division; Philadelphia-Camden-Wilmington, PA-NJ-DE-MD Metro Area",90224,748196,39.7,522152,110431,59048,289614,202916,341700,48864,48864,division,48864,37980,2024,0.7006429247204901
48900,"Wilmington, NC",traditional,all-transactions,2014,183.3325,4,"Wilmington, NC Metro Area",48581,263804,38.7,178955,40755,13260,107330,65788,199000,48900,,msa,48900,,2014,0.6129507127550545
48900,"Wilmington, NC",traditional,all-transactions,2019,240.09,4,"Wilmington, NC Metro Area",55265,288337,39.8,198495,49312,18364,117378,73179,233500,48900,,msa,48900,,2019,0.6234473240300568
48900,"Wilmington, NC",traditional,all-transactions,2024,427.2675,4,"Wilmington, NC Metro Area",76471,453347,45.4,333771,84898,34211,199271,143771,362400,48900,,msa,48900,,2024,0.7214848121402512
49020,"Winchester, VA-WV",traditional,all-transactions,2014,184.695,4,"Winchester, VA-WV Metro Area",51872,131082,39.9,89348,13413,6247,50504,33248,204300,49020,,msa,49020,,2014,0.6583240931411374
49020,"Winchester, VA-WV",traditional,all-transactions,2019,220.22,4,"Winchester, VA-WV Metro Area",67072,137621,41.1,95352,14661,8058,51281,36179,232000,49020,,msa,49020,,2019,0.7055049628517385
49020,"Winchester, VA-WV",traditional,all-transactions,2024,336.295,4,"Winchester, VA-WV Metro Area",84298,146386,41.2,103110,18039,9264,55520,40226,355400,49020,,msa,49020,,2024,0.7245317002881845
49180,"Winston-Salem, NC",traditional,all-transactions,2014,143.6275,4,"Winston-Salem, NC Metro Area",44589,648045,39.8,438277,74064,26176,256301,175763,141900,49180,,msa,49180,,2014,0.6857679057046208
49180,"Winston-Salem, NC",traditional,all-transactions,2019,175.955,4,"Winston-Salem, NC Metro Area",50774,666216,40.6,458477,79602,29678,264877,176960,152400,49180,,msa,49180,,2019,0.66808367657441
49180,"Winston-Salem, NC",traditional,all-transactions,2024,298.3025,4,"Winston-Salem, NC Metro Area",65975,689766,40.7,477163,92655,37128,281596,194817,233300,49180,,msa,49180,,2024,0.6918315601073879
49340,"Worcester, MA",traditional,all-transactions,2014,196.15,4,"Worcester, MA-CT Metro Area",64629,924722,39.7,624886,126263,58412,344842,227083,247200,49340,,msa,49340,,2014,0.6585131741493205
49340,"Worcester, MA",traditional,all-transactions,2019,245.6025,4,"Worcester, MA-CT Metro Area",73408,941338,40.3,649909,136992,67848,354904,232810,269600,49340,,msa,49340,,2019,0.6559802087325023
49340,"Worcester, MA",traditional,all-transactions,2024,390.5125,4,"Worcester, MA Metro Area",95939,867788,40.2,609049,139278,77224,335826,220916,423700,49340,,msa,49340,,2024,0.6578287565584559
49420,"Yakima, WA",traditional,all-transactions,2014,160.615,4,"Yakima, WA Metro Area",43956,246402,32.4,147249,14734,6168,79717,49287,157900,49420,,msa,49420,,2014,0.6182746465622139
49420,"Yakima, WA",traditional,all-transactions,2019,222.5275,4,"Yakima, WA Metro Area",51637,249697,33.0,151437,15348,7058,83048,52062,175900,49420,,msa,49420,,2019,0.6268904729794817
49420,"Yakima, WA",traditional,all-transactions,2024,340.2125,4,"Yakima, WA Metro Area",70656,257152,33.3,157998,19276,8041,87708,54244,310100,49420,,msa,49420,,2024,0.6184612578100059
49620,"York-Hanover, PA",traditional,all-transactions,2014,156.79500000000002,4,"York-Hanover, PA Metro Area",58906,438052,40.6,300951,44181,17793,168278,126177,170900,49620,,msa,49620,,2014,0.7498128097552859
49620,"York-Hanover, PA",traditional,all-transactions,2019,181.3525,4,"York-Hanover, PA Metro Area",66457,445565,41.0,310366,50691,20180,172421,129109,177100,49620,,msa,49620,,2019,0.7488009001223749
49620,"York-Hanover, PA",traditional,all-transactions,2024,281.5475,4,"York-Hanover, PA Metro Area",84829,462924,41.1,325365,56117,26812,181583,138624,248600,49620,,msa,49620,,2024,0.7634194831013916
49660,"Youngstown-Warren, OH",traditional,all-transactions,2014,132.5525,4,"Youngstown-Warren-Boardman, OH-PA Metro Area",42543,559144,43.3,392521,51397,19283,230317,163084,98600,49660,,msa,49660,,2014,0.7080849437948566
49660,"Youngstown-Warren, OH",traditional,all-transactions,2019,156.0,4,"Youngstown-Warren-Boardman, OH-PA Metro Area",47360,541846,44.1,385875,55539,21556,230433,161661,107700,49660,,msa,49660,,2019,0.7015531629584304
49660,"Youngstown-Warren, OH",traditional,all-transactions,2024,254.79250000000002,4,"Youngstown-Warren, OH Metro Area",56713,427420,43.5,306607,48099,19730,184615,130607,149000,49660,,msa,49660,,2024,0.7074560572001192
49700,"Yuba City, CA",traditional,all-transactions,2014,176.06,4,"Yuba City, CA Metro Area",48546,168126,33.6,104933,12359,3492,56435,33095,179100,49700,,msa,49700,,2014,0.5864268627624701
49700,"Yuba City, CA",traditional,all-transactions,2019,255.47,4,"Yuba City, CA Metro Area",58551,172469,34.5,110659,13329,4656,58990,34787,268700,49700,,msa,49700,,2019,0.589710120359383
49700,"Yuba City, CA",traditional,all-transactions,2024,370.90999999999997,4,"Yuba City, CA Metro Area",78179,183364,35.4,118976,15720,5256,61927,38599,424200,49700,,msa,49700,,2024,0.6232983997287128
49740,"Yuma, AZ",traditional,all-transactions,2014,157.1625,4,"Yuma, AZ Metro Area",41380,201453,33.6,123759,11491,4330,69915,48447,113500,49740,,msa,49740,,2014,0.6929414288779232
49740,"Yuma, AZ",traditional,all-transactions,2019,193.70749999999998,4,"Yuma, AZ Metro Area",45243,209468,34.6,132516,13013,5455,73098,49048,127900,49740,,msa,49740,,2019,0.6709896303592437
49740,"Yuma, AZ",traditional,all-transactions,2024,328.355,4,"Yuma, AZ Metro Area",62876,211741,36.1,137936,14688,6500,79341,56310,217800,49740,,msa,49740,,2024,0.7097213294513556
