NAME,B25064_001E,B25070_007E,B25070_008E,B25070_009E,B25070_010E,B25070_001E,B25070_011E,B25002_003E,B25002_001E,B08013_001E,B08012_001E,B17001_002E,B17001_001E,B23025_002E,B23025_001E,metropolitan statistical area/micropolitan statistical area,metropolitan division,geo_level,geo_code,parent_cbsa,year
"Homosassa Springs, FL Metro Area",780,840,644,821,3476,11238,1432,17205,77875,1031230,40599,23770,137082,50980,121340,26140,,msa,26140,,2014
"Hickory-Lenoir-Morganton, NC Metro Area",644,2939,2496,3270,8104,39219,5882,24289,162385,3341000,148224,64042,356358,176200,292856,25860,,msa,25860,,2014
"Hobbs, NM Micro Area",760,567,286,224,913,6281,891,3662,24993,495645,27058,10600,64646,30100,48796,26020,,msa,26020,,2014
"Holland, MI Micro Area",754,471,393,827,1447,7634,738,7774,49541,1136880,47407,15220,110980,54617,87238,26090,,msa,26090,,2014
"Hood River, OR Micro Area",867,281,187,226,459,2957,489,1139,9390,164750,10069,3493,22303,11847,17442,26220,,msa,26220,,2014
"Hot Springs, AR Metro Area",709,991,774,926,3285,12854,1419,10676,50552,782510,36358,20875,94660,43219,78887,26300,,msa,26300,,2014
"Houghton, MI Micro Area",621,322,243,340,1344,4423,449,6137,21099,226310,15112,8052,36747,17828,31900,26340,,msa,26340,,2014
"Houma-Thibodaux, LA Metro Area",795,1297,1174,1434,3498,19283,3234,8374,83338,2200420,87785,33830,205008,98703,163141,26380,,msa,26380,,2014
"Houston-The Woodlands-Sugar Land, TX Metro Area",910,68003,53002,70906,180845,817172,49378,249993,2362440,78923875,2766500,995367,6122011,3158210,4687175,26420,,msa,26420,,2014
"Hudson, NY Micro Area",870,572,457,620,1301,7028,879,7664,32759,710985,26963,6258,60356,32355,52181,26460,,msa,26460,,2014
"Huntingdon, PA Micro Area",558,376,181,217,727,4098,712,5171,22402,494900,17648,5601,40785,20256,38166,26500,,msa,26500,,2014
"Huntington, IN Micro Area",667,424,139,143,722,3408,282,1425,15838,339515,16727,4122,35392,19440,29543,26540,,msa,26540,,2014
"Huntington-Ashland, WV-KY-OH Metro Area",636,2924,1847,2565,9797,40562,7493,20534,164477,3258920,138072,66821,355831,157041,294837,26580,,msa,26580,,2014
"Huntsville, AL Metro Area",733,3747,2708,3773,11021,49690,4574,18388,185953,4165345,191286,56579,418334,220979,342660,26620,,msa,26620,,2014
"Huntsville, TX Micro Area",767,416,517,832,2897,9761,1612,7575,33334,653080,25727,14485,62390,28923,71083,26660,,msa,26660,,2014
"Huron, SD Micro Area",548,229,89,243,424,2589,239,879,8339,116910,8727,3573,17531,9477,13902,26700,,msa,26700,,2014
"Hutchinson, KS Micro Area",666,519,557,484,1477,8043,561,2964,28299,500415,27850,7732,61188,31570,50883,26740,,msa,26740,,2014
"Hutchinson, MN Micro Area",696,356,134,182,730,3516,285,1003,15730,394940,17771,2786,35599,19672,28317,26780,,msa,26780,,2014
"Idaho Falls, ID Metro Area",701,1058,733,997,2232,11256,798,4773,50378,1113310,55891,17285,134729,62985,97064,26820,,msa,26820,,2014
"Indiana, PA Micro Area",678,664,394,570,2886,9845,1289,3954,38352,818790,36523,14223,82870,42819,73865,26860,,msa,26860,,2014
"Indianapolis-Carmel-Anderson, IN Metro Area",800,21256,16217,21813,60653,250881,17182,91133,826067,21379605,867254,276528,1887732,1005279,1491093,26900,,msa,26900,,2014
"Indianola, MS Micro Area",534,302,67,307,870,3505,564,1241,9692,150575,8115,8597,24045,10634,22215,26940,,msa,26940,,2014
"Ionia, MI Micro Area",679,391,531,280,1232,4773,511,2517,24657,661935,24527,9170,59536,29317,49958,26960,,msa,26960,,2014
"Iowa City, IA Metro Area",845,1563,1371,1954,7894,24550,1479,2884,66790,1537065,82138,24553,150129,91273,129341,26980,,msa,26980,,2014
"Iron Mountain, MI-WI Micro Area",643,186,99,175,400,2277,338,5648,18755,206150,12608,3891,30044,14487,25081,27020,,msa,27020,,2014
"Ithaca, NY Metro Area",965,1354,855,1168,5448,16839,1503,3482,41822,852550,45060,18438,89566,52419,89078,27060,,msa,27060,,2014
"Jackson, MI Metro Area",731,1517,1137,1120,4722,16569,1433,8747,69232,1439940,61914,26291,150584,73883,128260,27100,,msa,27100,,2014
"Jackson, MS Metro Area",797,5089,4033,6025,16795,67568,8190,28143,235066,5708460,239871,110584,554441,276619,445257,27140,,msa,27140,,2014
"Jackson, OH Micro Area",634,286,253,448,788,4115,796,1370,14574,328005,12396,7689,32515,14846,25988,27160,,msa,27160,,2014
"Jackson, TN Metro Area",731,1333,796,1290,5039,16156,1619,7932,55700,1046625,51984,24824,124960,61919,103371,27180,,msa,27180,,2014
"Jackson, WY-ID Micro Area",1040,608,293,356,630,4253,323,7099,18530,306910,17083,3017,32042,19931,25839,27220,,msa,27220,,2014
"Jacksonville, FL Metro Area",964,15067,12127,16989,45352,176791,13649,89486,606085,15012645,589423,203994,1353914,706454,1097446,27260,,msa,27260,,2014
"Jacksonville, IL Micro Area",604,435,390,293,839,4790,453,1876,17911,345450,17732,5356,37402,20629,33070,27300,,msa,27300,,2014
"Jacksonville, NC Metro Area",962,2829,1923,3425,5852,28315,1835,11423,72570,2003320,82916,24719,168693,98409,140005,27340,,msa,27340,,2014
"Jacksonville, TX Micro Area",670,260,390,407,1060,5040,877,3393,20920,481145,19279,11177,48161,21302,39090,27380,,msa,27380,,2014
"Jamestown, ND Micro Area",613,247,187,257,384,2991,333,941,9991,140810,10498,2201,19456,11471,17247,27420,,msa,27420,,2014
"Jamestown-Dunkirk-Fredonia, NY Micro Area",611,1051,870,1196,4414,16318,1479,12531,66757,976900,54210,24707,127461,63452,108722,27460,,msa,27460,,2014
"Janesville-Beloit, WI Metro Area",744,1468,1408,1615,4607,19173,1194,4976,68361,1629085,70547,23289,156639,83263,125740,27500,,msa,27500,,2014
"Jasper, IN Micro Area",613,540,181,354,546,4406,416,2216,23235,546925,26132,5106,53794,28755,43279,27540,,msa,27540,,2014
"Jayuya, PR Micro Area",413,74,108,48,229,1420,508,1404,6116,67845,3250,9149,16146,5194,12599,27580,,msa,27580,,2014
"Jefferson, GA Micro Area",782,250,201,352,1052,4699,803,2789,23716,739240,24227,9062,60311,28578,46874,27600,,msa,27600,,2014
"Jefferson City, MO Metro Area",606,1355,853,1047,2541,16025,1641,7371,63775,1320270,66383,18638,140497,73731,119725,27620,,msa,27620,,2014
"Jesup, GA Micro Area",633,169,154,176,773,3180,558,1920,12146,238810,10451,6198,27922,12328,23533,27700,,msa,27700,,2014
"Johnson City, TN Metro Area",644,1800,1480,1854,6510,26545,3911,10700,94699,1784440,82008,38348,193817,94272,164785,27740,,msa,27740,,2014
"Johnstown, PA Metro Area",561,1278,793,967,2760,15167,2245,7467,65426,1306600,56277,19846,132831,64676,116649,27780,,msa,27780,,2014
"Jonesboro, AR Metro Area",646,1596,965,1575,4824,19212,1921,5453,52848,959995,50901,26544,119944,59000,96873,27860,,msa,27860,,2014
"Joplin, MO Metro Area",669,2092,1605,1431,4398,21663,2170,7789,75222,1449160,76080,28850,171513,86924,135726,27900,,msa,27900,,2014
"Junction City, KS Micro Area",1002,508,700,501,1107,7080,569,2111,14893,276235,16514,4633,35609,18718,26119,27920,,msa,27920,,2014
"Juneau, AK Micro Area",1169,485,306,283,688,4389,182,1026,13107,243775,16437,2033,31591,18505,25814,27940,,msa,27940,,2014
"Kahului-Wailuku-Lahaina, HI Metro Area",1280,1799,1734,2011,5310,22735,2287,17829,71006,1522665,72185,17855,156738,87249,126727,27980,,msa,27980,,2014
"Aberdeen, SD Micro Area",587,253,424,289,930,5009,389,1678,19061,300675,21683,4095,40134,23343,33087,10100,,msa,10100,,2014
"Aberdeen, WA Micro Area",732,809,626,484,1748,8472,913,7890,35208,592640,24213,12862,68534,30760,58275,10140,,msa,10140,,2014
"Abilene, TX Metro Area",768,1654,1393,1792,4895,22139,2589,9831,70174,1190805,70389,27891,154005,78217,131984,10180,,msa,10180,,2014
"Ada, OK Micro Area",635,362,378,372,1101,4983,491,2024,16674,289945,16554,7030,36527,18593,29870,10220,,msa,10220,,2014
"Adjuntas, PR Micro Area",367,82,124,70,357,2648,1643,1336,7514,120420,4150,11802,19014,6400,15080,10260,,msa,10260,,2014
"Adrian, MI Micro Area",724,604,414,799,2265,8618,859,5580,43439,1086855,40845,13628,94088,47902,79736,10300,,msa,10300,,2014
"Aguadilla-Isabela, PR Metro Area",405,1252,1052,1599,5436,35694,19696,34415,144035,1918965,75235,175404,328410,106648,265643,10380,,msa,10380,,2014
"Akron, OH Metro Area",753,7167,5690,7344,23244,91621,6177,31241,312993,7351030,318829,103180,687626,373147,570055,10420,,msa,10420,,2014
"Alamogordo, NM Micro Area",775,559,561,709,1335,8432,1008,7075,30982,475935,23558,13761,62663,28127,50964,10460,,msa,10460,,2014
"Albany, GA Metro Area",710,2166,1554,1996,7346,25425,2845,8007,66257,1169270,57154,40600,151361,70882,121559,10500,,msa,10500,,2014
"Albany, OR Metro Area",808,1387,1051,1357,4318,15413,960,4046,48988,1012210,44389,22801,116976,54145,93268,10540,,msa,10540,,2014
"Albany-Schenectady-Troy, NY Metro Area",905,9507,6787,9199,29674,120978,6458,47706,395107,9288215,411931,97483,844293,471762,715572,10580,,msa,10580,,2014
"Albemarle, NC Micro Area",645,612,395,627,1446,6464,790,3694,27178,616295,24126,9695,58416,29295,48579,10620,,msa,10620,,2014
"Albert Lea, MN Micro Area",554,365,147,303,362,3142,263,1132,14209,264775,14311,3514,30561,16127,25015,10660,,msa,10660,,2014
"Albertville, AL Micro Area",593,632,556,831,1581,9756,1467,5805,40329,849435,35590,18479,93019,41962,73260,10700,,msa,10700,,2014
"Albuquerque, NM Metro Area",811,9200,7518,10635,28470,115075,9176,33307,377475,8867760,378097,165801,886767,442810,708072,10740,,msa,10740,,2014
"Alexandria, LA Metro Area",726,1329,1056,1480,4628,18433,2441,10498,65406,1403545,57231,29784,147182,65868,120548,10780,,msa,10780,,2014
"Alexandria, MN Micro Area",685,326,132,301,1007,3717,242,4626,20265,316595,17311,3564,35706,19480,29515,10820,,msa,10820,,2014
"Alice, TX Micro Area",727,185,197,129,729,3881,921,2711,16199,408600,16331,8354,40776,18180,30880,10860,,msa,10860,,2014
"Allentown-Bethlehem-Easton, PA-NJ Metro Area",934,8390,6460,8794,23476,91866,5300,29571,343357,10129190,367785,89964,803274,431048,666063,10900,,msa,10900,,2014
"Alma, MI Micro Area",586,401,205,291,956,3764,463,1554,16259,326395,14777,6831,36272,18051,34418,10940,,msa,10940,,2014
"Alpena, MI Micro Area",550,247,104,282,617,2900,365,3129,15989,195370,11464,5013,28628,13731,24077,10980,,msa,10980,,2014
"Altoona, PA Metro Area",630,1307,764,1002,3036,14240,1174,5263,56211,1056205,55116,17592,123534,61754,103318,11020,,msa,11020,,2014
"Altus, OK Micro Area",685,371,196,385,617,4242,531,1699,12106,167840,11626,4045,25248,13016,19894,11060,,msa,11060,,2014
"Amarillo, TX Metro Area",749,3011,1820,3045,6889,33906,2842,9654,105230,2213390,116821,39951,247994,128997,196620,11100,,msa,11100,,2014
"Americus, GA Micro Area",611,293,337,307,1311,5395,796,2660,16201,280620,13187,10518,34771,16156,28486,11140,,msa,11140,,2014
"Ames, IA Metro Area",760,1111,998,1406,5408,16464,869,1684,37350,836305,46655,18222,83142,52707,77402,11180,,msa,11180,,2014
"Amsterdam, NY Micro Area",702,550,338,362,1675,6424,725,3504,23159,469700,20113,9366,49016,24218,39789,11220,,msa,11220,,2014
"Anchorage, AK Metro Area",1159,4878,3301,4081,9955,49632,2469,18811,155079,4145125,186707,33466,383259,216084,301210,11260,,msa,11260,,2014
"Andrews, TX Micro Area",869,49,47,109,99,1251,215,523,5935,160060,7297,1822,15918,7942,11887,11380,,msa,11380,,2014
"Angola, IN Micro Area",650,315,155,211,443,2995,300,6009,19418,345185,15302,3703,32736,17650,27741,11420,,msa,11420,,2014
"Ann Arbor, MI Metro Area",938,4113,3111,4879,14860,53729,3273,11635,148106,3708430,160499,50597,333221,189375,289108,11460,,msa,11460,,2014
"Anniston-Oxford-Jacksonville, AL Metro Area",634,997,538,1130,3672,14271,1899,7958,53306,1012930,44264,24794,114171,53813,93690,11500,,msa,11500,,2014
"Appleton, WI Metro Area",721,1317,1291,1854,4071,23308,1397,5242,93992,2276875,114798,18590,225117,126801,178385,11540,,msa,11540,,2014
"Arcadia, FL Micro Area",686,232,225,249,514,3053,439,3700,14664,293755,11874,9968,32678,13729,28202,11580,,msa,11580,,2014
"Ardmore, OK Micro Area",668,343,255,349,748,5252,728,3846,21321,359200,19619,7397,47480,22006,37186,11620,,msa,11620,,2014
"Arecibo, PR Metro Area",416,822,708,792,2870,19990,11016,14462,81685,1382690,49713,93889,194093,63421,157489,11640,,msa,11640,,2014
"Arkadelphia, AR Micro Area",604,318,64,153,847,3089,433,1926,10393,183840,8835,4735,19999,10613,18883,11660,,msa,11660,,2014
"Arkansas City-Winfield, KS Micro Area",625,485,304,263,794,4198,368,2212,15995,270095,14880,5994,34109,17149,28458,11680,,msa,11680,,2014
"Asheville, NC Metro Area",789,4801,3221,6054,12156,58042,6549,33796,215589,3817740,178638,68094,424334,211988,357619,11700,,msa,11700,,2014
"Ashland, OH Micro Area",681,397,248,305,1002,5695,585,1773,22112,513465,21958,7825,50886,26106,42317,11740,,msa,11740,,2014
"Ashtabula, OH Micro Area",631,868,640,1128,2813,10775,1217,7031,45964,995150,39267,18357,96528,45731,79811,11780,,msa,11780,,2014
"Astoria, OR Micro Area",825,452,531,517,1384,5876,472,5947,21693,295715,16139,5749,36452,19119,30821,11820,,msa,11820,,2014
"Atchison, KS Micro Area",622,82,126,69,283,1684,276,791,6971,139560,6853,2848,15584,8203,13126,11860,,msa,11860,,2014
"Athens, OH Micro Area",703,510,471,599,3855,9659,1120,4107,26315,493315,24424,17485,55293,30038,55961,11900,,msa,11900,,2014
"Athens, TN Micro Area",590,504,155,323,1248,5125,834,3114,23301,456600,20004,9472,51284,23318,42242,11940,,msa,11940,,2014
"Athens, TX Micro Area",739,715,408,695,1552,7313,1165,9957,39777,808045,28245,15311,77460,33060,63102,11980,,msa,11980,,2014
"Athens-Clarke County, GA Metro Area",791,2088,1593,2779,8784,30390,4642,13184,82159,1770765,81137,49021,185131,94357,160495,12020,,msa,12020,,2014
"Atlanta-Sandy Springs-Roswell, GA Metro Area",970,59364,45370,61923,174879,686759,42830,252315,2189138,70984370,2332059,840560,5362258,2839500,4198168,12060,,msa,12060,,2014
"Atlantic City-Hammonton, NJ Metro Area",1043,3131,2027,3371,10098,32687,1982,25938,127104,2877595,121607,40852,268775,146754,220859,12100,,msa,12100,,2014
"Auburn, IN Micro Area",648,266,230,228,639,3399,217,1339,17574,401575,18404,5544,41783,21084,32742,12140,,msa,12140,,2014
"Auburn, NY Micro Area",666,619,648,704,1569,8664,972,5534,36441,744710,34517,9360,75446,39965,65012,12180,,msa,12180,,2014
"Auburn-Opelika, AL Metro Area",777,1448,1389,1965,7202,22440,2150,7621,64258,1384640,64253,33625,142200,73978,119075,12220,,msa,12220,,2014
"Augusta-Richmond County, GA-SC Metro Area",767,5088,3481,6190,16484,67825,8256,36790,245526,5454345,232362,109837,560327,269846,451862,12260,,msa,12260,,2014
"Augusta-Waterville, ME Micro Area",704,1286,894,1084,3820,15248,1475,9978,61220,1234165,53668,15891,118014,62898,99847,12300,,msa,12300,,2014
"Austin, MN Micro Area",711,444,186,396,1148,4356,293,1488,16999,312735,17881,5758,38740,20391,30605,12380,,msa,12380,,2014
"Austin-Round Rock, TX Metro Area",1014,25369,18242,25125,69906,283489,12919,58065,731966,22086375,854313,268293,1796217,1003041,1426230,12420,,msa,12420,,2014
"Bainbridge, GA Micro Area",630,283,212,287,904,3841,918,1662,12135,223600,9786,7788,26278,11122,21428,12460,,msa,12460,,2014
"Bakersfield, CA Metro Area",887,8992,7754,9887,30520,110403,6916,30038,287775,7200710,303699,192972,824972,372092,630972,12540,,msa,12540,,2014
"Baltimore-Columbia-Towson, MD Metro Area",1141,30584,23084,29708,85692,346458,19626,108076,1140939,39173500,1292093,295371,2685026,1495950,2205546,12580,,msa,12580,,2014
"Bangor, ME Metro Area",730,1695,1367,1778,5536,20297,1662,11901,74116,1506570,68821,24818,146654,79257,127862,12620,,msa,12620,,2014
"Baraboo, WI Micro Area",737,750,506,645,1631,7919,635,4394,29794,666870,30978,7559,61727,34823,49774,12660,,msa,12660,,2014
"Bardstown, KY Micro Area",673,467,218,342,1180,4217,410,1667,18327,483260,18651,7572,43879,22188,34357,12680,,msa,12680,,2014
"Barnstable Town, MA Metro Area",1101,2195,1325,1928,5287,20126,2029,66582,160953,2260485,93672,20588,212184,110236,184461,12700,,msa,12700,,2014
"Barre, VT Micro Area",853,775,320,396,1603,6674,502,5352,30056,648065,28748,5868,57002,33402,48887,12740,,msa,12740,,2014
"Bartlesville, OK Micro Area",669,462,303,584,955,5644,556,2435,23544,373485,21695,7245,50652,24193,40692,12780,,msa,12780,,2014
"Bastrop, LA Micro Area",548,202,160,380,708,3665,924,2080,12463,237135,9425,7203,26402,10851,21341,12820,,msa,12820,,2014
"Batavia, NY Micro Area",722,684,339,351,1488,6454,580,1660,25627,611500,28586,7441,58908,32295,48735,12860,,msa,12860,,2014
"Batesville, AR Micro Area",590,300,323,256,1018,4321,744,1800,16205,290075,14901,8258,35649,16829,29022,12900,,msa,12900,,2014
"Baton Rouge, LA Metro Area",817,7242,5147,7071,25379,95127,10732,36948,336104,9509950,361540,138619,790953,411943,639548,12940,,msa,12940,,2014
"Battle Creek, MI Metro Area",685,1369,884,1353,3805,15934,1166,7990,60832,1086715,54073,22693,131761,64348,107262,12980,,msa,12980,,2014
"Blackfoot, ID Micro Area",617,190,210,304,694,3909,449,1327,16167,371105,17788,6277,45249,20604,32185,13940,,msa,13940,,2014
"Beatrice, NE Micro Area",631,175,122,135,454,2537,219,1294,10413,211725,10343,2449,21504,11449,17462,13100,,msa,13100,,2014
"Blacksburg-Christiansburg-Radford, VA Metro Area",773,1782,1259,2091,8026,25923,3249,10184,78784,1607860,77156,36025,166043,88255,153013,13980,,msa,13980,,2014
"Bay City, MI Metro Area",650,780,831,879,2404,9567,805,4388,48100,930650,43952,16473,105862,51255,86635,13020,,msa,13020,,2014
"Bay City, TX Micro Area",662,250,175,454,842,4171,495,5755,18898,330085,14789,7757,36077,16720,28400,13060,,msa,13060,,2014
"Beaumont-Port Arthur, TX Metro Area",749,3377,2487,3745,10928,46808,5873,22406,172119,3493625,160511,71077,386561,184055,318440,13140,,msa,13140,,2014
"Beaver Dam, WI Micro Area",759,763,516,752,1437,8740,701,4123,37102,888015,40649,7664,83247,46209,71882,13180,,msa,13180,,2014
"Beckley, WV Metro Area",621,687,427,714,2386,12283,2329,8809,57539,1056880,43007,22083,118752,48834,101461,13220,,msa,13220,,2014
"Bedford, IN Micro Area",621,395,170,291,752,3997,502,2431,20992,486215,19174,6311,45006,21695,36691,13260,,msa,13260,,2014
"Beeville, TX Micro Area",781,110,209,401,418,3180,436,1738,10671,225960,9738,5705,24524,10997,26488,13300,,msa,13300,,2014
"Bellefontaine, OH Micro Area",707,287,307,253,1116,4824,521,4681,23152,429535,18803,7606,44916,22335,35791,13340,,msa,13340,,2014
"Bellingham, WA Metro Area",919,2540,1818,2255,9334,29829,1633,11610,91447,1852720,89268,32401,199458,106538,167767,13380,,msa,13380,,2014
"Bemidji, MN Micro Area",661,452,275,492,1131,5035,427,3842,20635,374400,18601,8828,43111,22868,35131,13420,,msa,13420,,2014
"Bend-Redmond, OR Metro Area",931,2456,1399,2300,6307,22742,1173,16028,80945,1206320,64296,24318,161970,80593,131138,13460,,msa,13460,,2014
"Bennettsville, SC Micro Area",552,315,241,234,626,3187,781,2372,12017,214160,8895,8063,25096,10914,23088,13500,,msa,13500,,2014
"Bennington, VT Micro Area",872,527,281,519,1067,4616,316,5452,20929,301160,16027,5010,35248,19315,30456,13540,,msa,13540,,2014
"Berlin, NH-VT Micro Area",676,424,272,351,1021,4807,461,9161,26308,359460,16258,5110,36992,19252,32554,13620,,msa,13620,,2014
"Big Rapids, MI Micro Area",622,351,251,326,1189,4061,564,5556,21085,365070,15896,9370,40081,19918,35894,13660,,msa,13660,,2014
"Big Spring, TX Micro Area",726,206,180,305,505,3710,648,2047,13709,239295,13383,4770,31242,15001,29559,13700,,msa,13700,,2014
"Big Stone Gap, VA Micro Area",592,295,507,511,1615,6919,1625,3932,27304,471505,19807,12260,57072,23517,49639,13720,,msa,13720,,2014
"Billings, MT Metro Area",736,1810,1126,1715,4282,20408,1075,6022,72031,1562820,79106,19813,159028,87670,128928,13740,,msa,13740,,2014
"Binghamton, NY Metro Area",694,2257,1867,2989,8361,31249,2391,12709,112325,2121000,106050,38263,238526,122644,204958,13780,,msa,13780,,2014
"Birmingham-Hoover, AL Metro Area",797,10077,7944,10657,32061,132466,15015,67706,503430,12436990,476397,187575,1112433,550971,898111,13820,,msa,13820,,2014
"Bismarck, ND Metro Area",710,1008,570,879,2515,13986,772,3185,52653,1171815,62243,10643,116913,68818,95594,13900,,msa,13900,,2014
"Bloomington, IL Metro Area",757,1519,1080,1585,5698,23050,1738,6843,78004,1694405,93454,26215,180304,104375,151339,14010,,msa,14010,,2014
"Bloomington, IN Metro Area",808,2246,1299,1836,9889,26537,2154,7219,69536,1421425,72397,34636,147530,83866,137936,14020,,msa,14020,,2014
"Bloomsburg-Berwick, PA Metro Area",712,1081,431,689,2093,9816,1445,3815,37608,784340,37324,11800,80612,41788,71475,14100,,msa,14100,,2014
"Bluefield, WV-VA Micro Area",579,571,631,1014,2796,11804,1803,6802,50698,880495,38186,21619,103753,43240,87175,14140,,msa,14140,,2014
"Blytheville, AR Micro Area",617,493,381,582,1764,7120,1099,3273,20461,288345,16198,11865,44484,19768,34384,14180,,msa,14180,,2014
"Bogalusa, LA Micro Area",567,259,254,469,1079,4817,1338,3582,21171,466535,14338,11615,44923,18247,36605,14220,,msa,14220,,2014
"Boise City, ID Metro Area",813,6273,4207,6126,17388,74186,5821,17837,250085,5662800,263376,97778,627990,314780,484177,14260,,msa,14260,,2014
"Boone, IA Micro Area",642,232,147,257,402,2581,159,1152,11771,255660,12326,2739,25635,14074,21174,14340,,msa,14340,,2014
"Boone, NC Micro Area",822,447,369,682,4321,8615,764,12337,32561,414045,21668,14947,46541,27273,45776,14380,,msa,14380,,2014
"Borger, TX Micro Area",703,104,134,142,329,1944,400,2201,10591,181120,8927,3543,21697,10090,16897,14420,,msa,14420,,2014
"Boston-Cambridge-Newton, MA-NH Metro Area",1219,63633,43054,52671,162023,679127,35565,125835,1890680,66930055,2252477,467910,4496596,2622310,3791587,14460,,msa,14460,,2014
"Boulder, CO Metro Area",1149,3485,3064,3730,14691,45519,2255,7074,128600,3171445,141810,43057,295264,174870,249506,14500,,msa,14500,,2014
"Bowling Green, KY Metro Area",666,1533,1323,1801,5603,23285,2587,7347,70168,1469560,69921,30319,154661,81588,129487,14540,,msa,14540,,2014
"Bozeman, MT Micro Area",850,1127,955,1415,3387,14508,780,5793,43288,789925,45836,12437,89430,54038,75742,14580,,msa,14580,,2014
"Bradford, PA Micro Area",613,320,269,506,1020,4608,496,3796,21136,338690,16991,6622,39828,19799,35342,14620,,msa,14620,,2014
"Brainerd, MN Micro Area",704,790,527,781,1848,9157,903,25920,65450,818990,37312,12111,90160,44481,73491,14660,,msa,14660,,2014
"Branson, MO Micro Area",689,1080,730,960,2233,10648,1050,16567,50300,736690,32403,15479,82620,39179,69330,14700,,msa,14700,,2014
"Breckenridge, CO Micro Area",1143,336,208,147,780,3378,287,19692,30078,267385,15890,4003,28369,18910,24145,14720,,msa,14720,,2014
"Bremerton-Silverdale, WA Metro Area",1043,3605,2176,3060,7136,32482,2151,10289,108282,3247260,108655,26858,245969,129266,205636,14740,,msa,14740,,2014
"Brenham, TX Micro Area",791,126,138,214,594,3134,499,3711,15628,282700,13856,4635,32270,15054,27518,14780,,msa,14780,,2014
"Brevard, NC Micro Area",647,277,67,376,559,3093,634,5550,19285,297075,12182,4398,31949,14579,28047,14820,,msa,14820,,2014
"Bridgeport-Stamford-Norwalk, CT Metro Area",1327,9000,6616,9819,28584,105171,6434,29114,362616,12081605,421248,83497,916013,504161,736025,14860,,msa,14860,,2014
"Brownwood, TX Micro Area",661,295,341,506,519,4035,586,5046,18375,257115,14741,6868,35831,15837,30032,15220,,msa,15220,,2014
"Brunswick, GA Metro Area",788,920,773,1318,3451,14734,1336,15221,58478,951535,44033,22022,111863,53930,89747,15260,,msa,15260,,2014
"Bucyrus, OH Micro Area",642,340,279,358,1204,5286,337,2457,20082,368405,17079,6869,42199,19708,34386,15340,,msa,15340,,2014
"Buffalo-Cheektowaga-Niagara Falls, NY Metro Area",725,12294,8761,12251,41005,158727,9914,49686,519721,10771885,512502,160268,1105152,584236,926994,15380,,msa,15380,,2014
"Burley, ID Micro Area",562,247,307,289,515,4286,858,1262,16110,279510,17315,6451,42783,19704,31409,15420,,msa,15420,,2014
"Burlington, IA-IL Micro Area",625,410,159,335,1178,5239,520,2317,22314,353360,20717,6906,46570,23500,37900,15460,,msa,15460,,2014
"Burlington, NC Metro Area",743,1656,1022,1909,5069,20740,2034,6441,67487,1561395,65872,28098,149641,77058,122224,15500,,msa,15500,,2014
"Burlington-South Burlington, VT Metro Area",1027,2521,2031,2045,7579,27400,1444,8557,93375,2362355,106946,22165,203908,124459,175862,15540,,msa,15540,,2014
"Butte-Silver Bow, MT Micro Area",595,238,179,443,1721,5497,329,1499,16774,235660,15391,6966,33532,17534,28145,15580,,msa,15580,,2014
"Cadillac, MI Micro Area",713,368,214,311,1062,4151,436,7201,25788,390745,18248,8482,47091,21930,37635,15620,,msa,15620,,2014
"Calhoun, GA Micro Area",671,718,474,536,1257,6450,565,2921,22241,499505,22554,11159,54720,25712,42696,15660,,msa,15660,,2014
"California-Lexington Park, MD Metro Area",1259,604,511,958,1909,10412,762,4383,42330,1522490,52980,7193,105691,58258,84099,15680,,msa,15680,,2014
"Cambridge, MD Micro Area",842,399,311,403,1207,4583,397,3233,16652,365570,14447,5417,32126,17135,26529,15700,,msa,15700,,2014
"Cambridge, OH Micro Area",591,458,309,343,727,4035,549,3563,19127,363750,15372,7332,39224,18565,31721,15740,,msa,15740,,2014
"Camden, AR Micro Area",575,164,210,316,869,3752,762,3429,15993,278730,12036,6350,30207,13900,24682,15780,,msa,15780,,2014
"Campbellsville, KY Micro Area",565,166,237,421,585,2942,345,1433,10924,188750,9564,5489,23943,11686,20227,15820,,msa,15820,,2014
"Canon City, CO Micro Area",697,391,281,361,1075,4656,527,2599,19199,310635,13346,6274,35710,15637,39846,15860,,msa,15860,,2014
"Canton, IL Micro Area",613,301,92,343,778,3565,413,1677,16178,398950,14551,5103,34268,16679,29933,15900,,msa,15900,,2014
"Canton-Massillon, OH Metro Area",676,4258,2646,4072,10481,48197,3232,18236,178914,3867375,175514,59425,394114,203321,324838,15940,,msa,15940,,2014
"Cape Coral-Fort Myers, FL Metro Area",939,6939,4879,7907,18688,75574,5164,126708,372769,6387560,234997,102306,637614,288335,538061,15980,,msa,15980,,2014
"Cape Girardeau, MO-IL Metro Area",661,902,582,849,3038,12344,1307,5306,42594,877250,42692,18211,93358,48340,78093,16020,,msa,16020,,2014
"Carbondale-Marion, IL Metro Area",651,1493,1088,1403,5422,18494,2207,9007,59236,1035930,52148,27783,120238,60235,104504,16060,,msa,16060,,2014
"Carlsbad-Artesia, NM Micro Area",738,341,275,265,852,5341,909,2770,22960,420220,23838,7044,54160,26708,41992,16100,,msa,16100,,2014
"Carson City, NV Metro Area",837,642,643,758,1940,8879,440,2275,23500,371860,22210,9015,52598,26845,44409,16180,,msa,16180,,2014
"Casper, WY Metro Area",831,704,600,993,1566,10208,768,3110,34900,701545,39048,7915,77005,43413,62182,16220,,msa,16220,,2014
"Cedar City, UT Micro Area",665,459,331,878,992,5622,532,4744,19879,336470,18101,10422,45658,21661,34477,16260,,msa,16260,,2014
"Cedar Rapids, IA Metro Area",676,2390,1269,1853,5057,26890,1600,8088,113464,2539185,128838,24169,254577,143630,205960,16300,,msa,16300,,2014
"Cedartown, GA Micro Area",669,314,312,334,927,4602,736,2168,16946,398335,15224,8355,40712,18339,31504,16340,,msa,16340,,2014
"Celina, OH Micro Area",650,340,157,384,574,3603,341,1732,17655,350470,19387,3541,40132,21735,31642,16380,,msa,16380,,2014
"Centralia, IL Micro Area",626,207,345,356,925,3927,522,2377,18212,340195,15911,6906,37773,18968,30976,16460,,msa,16460,,2014
"Centralia, WA Micro Area",782,894,638,876,2265,9484,840,4662,34112,693770,26710,12472,74259,33381,60397,16500,,msa,16500,,2014
"Chambersburg-Waynesboro, PA Metro Area",801,1391,1104,1418,2900,15978,1219,5481,63779,1559810,66768,17270,148872,76121,120251,16540,,msa,16540,,2014
"Champaign-Urbana, IL Metro Area",795,2865,2227,2761,12280,38409,3086,10084,101942,1987800,108066,45347,217772,124964,193616,16580,,msa,16580,,2014
"Charleston, WV Metro Area",675,1986,1483,1713,5152,27327,3748,12477,108096,2089815,92010,35745,221662,105203,183264,16620,,msa,16620,,2014
"Charleston-Mattoon, IL Micro Area",616,604,573,645,2638,8906,912,3107,28354,499575,27660,12906,60184,33371,53689,16660,,msa,16660,,2014
"Charleston-North Charleston, SC Metro Area",974,7587,5723,9351,25126,93879,8018,40437,305301,7683960,312078,107248,679303,365945,554360,16700,,msa,16700,,2014
"Charlotte-Concord-Gastonia, NC-SC Metro Area",847,23680,17464,24684,66125,286980,22071,93805,951731,25658475,999568,345884,2262538,1204994,1785523,16740,,msa,16740,,2014
"Charlottesville, VA Metro Area",1050,2266,1356,2123,7081,29963,3950,13231,98307,2338950,95180,29642,208684,109415,183205,16820,,msa,16820,,2014
"Chattanooga, TN-GA Metro Area",736,5129,4180,5870,14855,67294,6943,27119,236121,5268710,230107,84167,523766,268466,432930,16860,,msa,16860,,2014
"Cheyenne, WY Metro Area",783,1137,742,798,1980,11936,995,3607,40971,702300,45895,9728,92355,50637,74330,16940,,msa,16940,,2014
"Chicago-Naperville-Elgin, IL-IN-WI Metro Area",979,100629,73327,100224,312354,1195818,76440,360695,3799255,130872330,4229107,1320369,9363290,5040237,7468164,16980,,msa,16980,,2014
"Brookhaven, MS Micro Area",627,218,260,275,502,3379,1132,2171,15262,351035,12342,8671,34219,13947,26946,15020,,msa,15020,,2014
"Brookings, OR Micro Area",825,336,312,480,638,3565,391,2322,12618,94520,7196,3406,22161,9173,19213,15060,,msa,15060,,2014
"Brookings, SD Micro Area",666,345,237,576,1226,5038,243,1157,13475,235995,17213,5038,29152,19331,27116,15100,,msa,15100,,2014
"Brownsville-Harlingen, TX Metro Area",648,3231,2567,3594,9458,39334,5170,24485,144180,2764980,139362,142946,410344,162212,295972,15180,,msa,15180,,2014
"Chico, CA Metro Area",899,3096,2492,3460,10802,34622,2623,11485,96700,1605320,80047,46643,216592,101837,181730,17020,,msa,17020,,2014
"Clarksburg, WV Micro Area",625,740,507,466,1682,9121,1822,5621,42938,899335,37438,15405,92056,42589,76754,17220,,msa,17220,,2014
"Chillicothe, OH Micro Area",662,606,497,804,1596,8142,1120,3724,31933,730130,27912,13820,71266,34259,62343,17060,,msa,17060,,2014
"Cincinnati, OH-KY-IN Metro Area",750,21130,15507,22008,64398,268887,19281,97311,914771,23264785,957139,294434,2084109,1106276,1667896,17140,,msa,17140,,2014
"Claremont-Lebanon, NH-VT Micro Area",872,2458,1604,1744,5195,25318,2253,33414,122895,2322260,101224,23050,208922,117762,181984,17200,,msa,17200,,2014
"Clarksdale, MS Micro Area",572,333,176,381,866,4322,880,1424,10774,158025,8219,9333,24980,10738,19014,17260,,msa,17260,,2014
"Clarksville, TN-KY Metro Area",820,3896,2786,3328,7407,39530,3496,14528,111135,2492315,111682,45163,261089,130895,203488,17300,,msa,17300,,2014
"Clearlake, CA Micro Area",921,823,803,1056,3500,9976,705,8805,35576,519745,18996,15395,63299,26740,52494,17340,,msa,17340,,2014
"Cleveland, MS Micro Area",576,350,323,346,1245,5417,1007,1783,14160,209035,11997,11193,32181,14960,26295,17380,,msa,17380,,2014
"Cleveland, TN Metro Area",704,1275,626,1268,3268,13810,1652,5667,50109,1069815,47072,22367,113883,55902,94198,17420,,msa,17420,,2014
"Cleveland-Elyria, OH Metro Area",750,23245,16303,22703,75291,288506,22491,109160,955807,22316170,909994,314021,2026451,1068700,1660319,17460,,msa,17410,,2014
"Clewiston, FL Micro Area",764,141,223,312,845,3324,321,3293,14449,386885,13513,9761,36371,16420,28688,17500,,msa,17500,,2014
"Clinton, IA Micro Area",610,495,234,282,1100,5176,480,1785,21762,432325,22425,6819,47883,24994,38881,17540,,msa,17540,,2014
"Clovis, NM Micro Area",715,585,426,605,1685,7393,920,2199,20422,316080,21732,9712,48910,24505,37620,17580,,msa,17580,,2014
"Coamo, PR Micro Area",419,123,118,112,740,2865,987,2481,16049,263115,10700,20196,40367,13162,31849,17620,,msa,17620,,2014
"Coco, PR Micro Area",394,39,144,18,506,2131,871,2923,13936,180640,7556,17573,30158,9631,23810,17640,,msa,17640,,2014
"Coeur d'Alene, ID Metro Area",823,1179,1260,1596,3799,16630,1188,8718,64525,1214750,57730,18385,141098,69701,112065,17660,,msa,17660,,2014
"Coffeyville, KS Micro Area",601,339,191,357,991,4101,357,2801,16507,240355,14428,6102,33521,16562,27351,17700,,msa,17700,,2014
"Coldwater, MI Micro Area",672,291,263,160,867,3534,451,4819,20682,405075,16495,7539,41466,19451,34617,17740,,msa,17740,,2014
"College Station-Bryan, TX Metro Area",849,2685,2227,2884,16318,42363,3301,13379,97815,1965665,103890,60651,220364,119157,190854,17780,,msa,17780,,2014
"Colorado Springs, CO Metro Area",941,9104,6600,8409,19604,90138,4185,19790,269555,6644900,298569,80157,650283,353867,517370,17820,,msa,17820,,2014
"Columbia, MO Metro Area",798,1819,1583,2264,8934,28623,2334,5096,71232,1498365,82972,31958,158839,94497,137079,17860,,msa,17860,,2014
"Columbia, SC Metro Area",837,6809,5695,8718,24357,97235,9180,40148,336587,8185280,347286,124691,750256,411243,625942,17900,,msa,17900,,2014
"Columbus, GA-AL Metro Area",813,4740,3733,4712,10540,49093,3765,18766,130160,2588480,122855,55282,292463,151210,241147,17980,,msa,17980,,2014
"Columbus, IN Metro Area",807,591,514,780,1726,9216,465,2764,33280,709650,36496,9868,77393,40286,61476,18020,,msa,18020,,2014
"Columbus, MS Micro Area",706,731,738,988,2260,8903,726,3353,26784,510540,23837,14586,58279,28791,46487,18060,,msa,18060,,2014
"Columbus, NE Micro Area",643,189,114,133,581,3555,243,839,13505,243615,16573,2963,31942,18335,24849,18100,,msa,18100,,2014
"Columbus, OH Metro Area",822,23233,17660,23077,63961,283789,17432,80842,829386,20913065,894721,286351,1896601,1033377,1523642,18140,,msa,18140,,2014
"Concord, NH Micro Area",942,1565,792,1724,3647,15977,932,6549,63589,1833280,70414,13391,140433,80989,120462,18180,,msa,18180,,2014
"Connersville, IN Micro Area",634,232,276,136,792,2818,296,1512,10848,217880,8832,4843,23473,10560,19115,18220,,msa,18220,,2014
"Cookeville, TN Micro Area",594,905,862,1024,3564,14174,2797,5791,48485,1012140,41042,25309,103295,47633,86629,18260,,msa,18260,,2014
"Coos Bay, OR Micro Area",728,668,775,870,2166,8739,774,4664,30511,439915,21579,11071,61495,26845,52322,18300,,msa,18300,,2014
"Cordele, GA Micro Area",589,288,171,373,1000,3366,503,2145,10719,149390,8331,7261,22881,10569,18123,18380,,msa,18380,,2014
"Corinth, MS Micro Area",608,355,328,353,733,4341,572,2446,17097,305215,14234,8218,36565,16592,29160,18420,,msa,18420,,2014
"Cornelia, GA Micro Area",675,304,279,329,638,3580,541,3523,18136,402030,15843,7182,40447,18375,34428,18460,,msa,18460,,2014
"Corning, NY Micro Area",664,772,521,809,2472,12336,1169,7574,48859,888300,41249,15439,97398,47767,79146,18500,,msa,18500,,2014
"Corpus Christi, TX Metro Area",857,5787,3664,6346,12784,62409,4695,27695,185324,3805010,188908,76043,429581,214382,339131,18580,,msa,18580,,2014
"Corsicana, TX Micro Area",697,389,328,440,1126,5627,864,2704,20364,455670,18794,10247,46959,22520,36778,18620,,msa,18620,,2014
"Cortland, NY Micro Area",675,405,242,418,1478,6109,408,2509,20554,458255,21999,6173,45571,25383,40446,18660,,msa,18660,,2014
"Corvallis, OR Metro Area",845,899,621,1089,5281,14208,1211,3325,36701,691815,35553,18380,81105,43475,73149,18700,,msa,18700,,2014
"Coshocton, OH Micro Area",571,234,241,224,868,3804,433,1881,16442,334115,14153,6579,36306,16809,29172,18740,,msa,18740,,2014
"Craig, CO Micro Area",739,148,68,191,237,1283,117,1291,6181,125825,6256,1516,13016,6978,10203,18780,,msa,18780,,2014
"Crawfordsville, IN Micro Area",672,382,230,206,932,4175,391,1954,16528,348350,16351,5495,36481,18950,30287,18820,,msa,18820,,2014
"Crescent City, CA Micro Area",843,246,195,366,1100,3849,373,1743,11270,105640,7672,5468,24371,9915,22687,18860,,msa,18860,,2014
"Crestview-Fort Walton Beach-Destin, FL Metro Area",1011,2623,2290,3057,7628,32273,2879,43438,139731,2572490,109872,35026,238994,126159,198947,18880,,msa,18880,,2014
"Crossville, TN Micro Area",635,627,397,337,803,4940,770,4450,28373,431330,19029,9206,56220,22314,47682,18900,,msa,18900,,2014
"Cullman, AL Micro Area",621,670,430,588,1589,7659,1564,5924,37084,817790,31004,14354,79581,35718,64539,18980,,msa,18980,,2014
"DeRidder, LA Micro Area",650,271,184,222,500,3028,721,2044,15139,421025,14167,6524,34902,15730,28089,19760,,msa,19760,,2014
"Des Moines-West Des Moines, IA Metro Area",793,5632,3600,5184,13799,67553,3492,16735,246559,5880715,293923,65014,579334,330845,454200,19780,,msa,19780,,2014
"Detroit-Warren-Dearborn, MI Metro Area",846,38260,28395,41984,141177,501067,40986,230062,1886891,46784665,1763522,716941,4250482,2133929,3408799,19820,,msa,19820,,2014
"Cullowhee, NC Micro Area",620,330,331,421,1530,5338,733,10314,26186,309945,16437,8238,36896,19164,34175,19000,,msa,19000,,2014
"Cumberland, MD-WV Metro Area",573,1152,583,1083,2939,13399,2219,6728,46366,876080,38420,16573,93482,45051,85342,19060,,msa,19060,,2014
"Dallas-Fort Worth-Arlington, TX Metro Area",923,78786,61069,80131,202429,931371,47636,211785,2581840,82135660,3036117,978720,6613497,3511715,5074617,19100,,msa,19100,,2014
"Dalton, GA Metro Area",670,1757,1068,1614,3434,16988,1707,6891,55645,1257710,57958,28541,140834,68093,108120,19140,,msa,19140,,2014
"Danville, IL Metro Area",634,765,404,793,2117,9454,1011,4536,36137,652235,31203,14965,78162,37005,63364,19180,,msa,19180,,2014
"Danville, KY Micro Area",615,540,375,533,1283,6361,767,2543,23217,462245,19723,10252,50882,23958,43236,19220,,msa,19220,,2014
"Danville, VA Micro Area",599,783,886,1046,3214,14106,1736,9185,53734,973665,41610,19685,102907,49306,85912,19260,,msa,19260,,2014
"Daphne-Fairhope-Foley, AL Metro Area",882,1771,1885,2002,3989,20855,2420,32505,105563,2098335,79436,25988,188636,91667,152829,19300,,msa,19300,,2014
"Davenport-Moline-Rock Island, IA-IL Metro Area",681,3728,2822,3167,9536,45276,3453,13217,167808,3386720,173036,48848,372834,195276,302853,19340,,msa,19340,,2014
"Dayton, OH Metro Area",751,9309,7722,9220,29811,118468,7942,40101,367492,7226070,342424,130782,773382,400279,641160,19380,,msa,19430,,2014
"Dayton, TN Micro Area",577,346,342,334,668,3774,694,2080,14387,278295,11815,7148,31111,14086,25511,19420,,msa,19420,,2014
"Decatur, AL Metro Area",603,1174,949,868,2683,15741,2231,7346,66514,1543320,62787,23609,151581,73274,122016,19460,,msa,19460,,2014
"Decatur, IL Metro Area",665,1077,733,1069,3242,13886,1380,5271,50424,861445,46640,19262,106173,55329,87850,19500,,msa,19500,,2014
"Decatur, IN Micro Area",550,128,210,245,492,2642,310,909,13073,307560,14080,6237,33924,16031,24787,19540,,msa,19540,,2014
"Defiance, OH Micro Area",647,246,342,271,760,3884,342,1410,16742,350750,17279,5119,37885,19605,30739,19580,,msa,19580,,2014
"Del Rio, TX Micro Area",697,393,334,360,766,5088,816,3646,18701,349930,19097,10619,47495,22040,36193,19620,,msa,19620,,2014
"Deltona-Daytona Beach-Ormond Beach, FL Metro Area",932,5584,4275,6468,18792,64510,6853,70817,303848,5444355,215314,102046,586213,257725,501323,19660,,msa,19660,,2014
"Deming, NM Micro Area",548,153,73,278,641,2971,287,1876,10996,158175,7919,7423,24598,10119,19061,19700,,msa,19700,,2014
"Denver-Aurora-Lakewood, CO Metro Area",998,34267,24585,33313,87982,373615,16448,67403,1092649,33774820,1253421,314917,2618375,1473799,2074181,19740,,msa,19740,,2014
"Dickinson, ND Micro Area",748,156,138,192,579,3118,319,1113,12000,247435,14544,1988,26288,15944,21538,19860,,msa,19860,,2014
"Dixon, IL Micro Area",670,251,235,164,560,3475,379,1589,15057,340945,14880,3501,32536,17246,28705,19940,,msa,19940,,2014
"Dodge City, KS Micro Area",614,91,72,235,615,3954,576,969,12055,238615,15714,6247,33799,17402,24965,19980,,msa,19980,,2014
"Dothan, AL Metro Area",655,1351,1210,1402,3661,18408,2444,10182,67444,1333555,59728,27239,145449,68126,116643,20020,,msa,20020,,2014
"Douglas, GA Micro Area",564,397,212,432,928,4769,803,2428,17025,287430,14833,10255,39381,17372,33279,20060,,msa,20060,,2014
"Dover, DE Metro Area",985,1631,1228,1402,4390,17205,1159,7510,66652,1850795,71874,20938,162184,84105,130957,20100,,msa,20100,,2014
"Dublin, GA Micro Area",590,366,373,499,1606,7177,1682,4557,25424,493435,20239,14055,55872,22638,45309,20140,,msa,20140,,2014
"DuBois, PA Micro Area",586,576,292,424,1657,7250,994,6731,38594,822650,32741,11404,76142,37614,67899,20180,,msa,20180,,2014
"Dubuque, IA Metro Area",690,940,512,874,2660,10320,473,2050,39770,796595,47303,10497,91209,52375,75499,20220,,msa,20220,,2014
"Duluth, MN-WI Metro Area",684,3153,2263,2935,8528,33634,2429,24608,141781,2504300,124836,44038,269166,143690,229909,20260,,msa,20260,,2014
"Dumas, TX Micro Area",639,89,51,160,362,2126,347,1100,7936,174020,10398,4121,21976,11267,15878,20300,,msa,20300,,2014
"Duncan, OK Micro Area",634,301,287,350,999,5307,655,2816,20666,356930,17791,6664,44119,20126,35399,20340,,msa,20340,,2014
"Dunn, NC Micro Area",782,1106,997,1182,2862,14113,1499,6521,48122,1330625,47362,21469,118193,56119,91521,20380,,msa,20380,,2014
"Durango, CO Micro Area",1026,646,496,377,1737,7037,703,5031,26155,520130,24661,5609,50563,28966,43361,20420,,msa,20420,,2014
"Durant, OK Micro Area",665,460,352,479,1271,6082,830,3047,19760,359570,17721,7503,42223,20525,34451,20460,,msa,20460,,2014
"Durham-Chapel Hill, NC Metro Area",871,6678,4428,7126,20991,82204,6099,20606,227389,5402385,233974,87313,500919,276615,423279,20500,,msa,20500,,2014
"Dyersburg, TN Micro Area",616,452,419,423,823,5432,534,1656,16744,301595,15408,5988,37518,17504,29863,20540,,msa,20540,,2014
"Eagle Pass, TX Micro Area",593,314,120,406,990,4775,771,1714,17805,399310,19497,16449,55082,22916,39514,20580,,msa,20580,,2014
"Easton, MD Micro Area",1042,413,454,455,1316,4838,357,3753,19893,424755,16176,3913,37450,19065,31539,20660,,msa,20660,,2014
"East Stroudsburg, PA Metro Area",1038,1013,777,902,3547,11826,933,22908,80569,2716775,69899,20716,165152,87247,136421,20700,,msa,20700,,2014
"Eau Claire, WI Metro Area",720,1894,1653,1856,4918,22081,1343,5222,69937,1508420,78817,21287,156600,90374,132390,20740,,msa,20740,,2014
"Edwards, CO Micro Area",1231,648,359,500,1055,5885,373,13354,31392,587330,29165,5166,51843,33296,41324,20780,,msa,20780,,2014
"Effingham, IL Micro Area",579,162,84,141,319,2781,284,1289,14675,289325,16261,3513,33586,18403,26939,20820,,msa,20820,,2014
"El Campo, TX Micro Area",679,264,158,331,984,4722,749,2735,17227,405865,17311,7378,40529,19959,31423,20900,,msa,20900,,2014
"El Centro, CA Metro Area",772,1821,1290,1804,5894,20817,1503,9528,56480,1159170,54030,38935,166407,71033,131820,20940,,msa,20940,,2014
"El Dorado, AR Micro Area",646,260,127,420,1047,5092,1020,2941,19630,285140,16093,8587,40363,18411,32366,20980,,msa,20980,,2014
"Ellensburg, WA Micro Area",809,520,471,562,2547,7152,709,5435,22188,392215,17743,8691,39287,21331,34957,21260,,msa,21260,,2014
"Elmira, NY Metro Area",707,784,693,930,3172,11230,907,2986,38376,697835,37110,13295,83053,41302,71337,21300,,msa,21300,,2014
"El Paso, TX Metro Area",741,10081,6427,9457,19842,98677,7921,21807,280429,7457545,322004,190889,812182,370801,614194,21340,,msa,21340,,2014
"Emporia, KS Micro Area",594,305,273,384,1170,5279,557,2152,15221,271790,15892,7146,32276,18386,26707,21380,,msa,21380,,2014
"Enid, OK Micro Area",674,624,328,532,877,8118,643,3000,26816,451245,27658,7922,60012,30783,47753,21420,,msa,21420,,2014
"Enterprise, AL Micro Area",676,378,307,434,1241,5853,788,3562,22648,431760,20517,9403,50064,23203,40049,21460,,msa,21460,,2014
"Erie, PA Metro Area",685,2741,2177,2867,9670,36739,2784,9806,119506,2274775,121437,44743,267836,139716,225520,21500,,msa,21500,,2014
"Escanaba, MI Micro Area",540,240,217,154,973,3355,295,4517,20212,274160,14663,6236,36229,17417,30135,21540,,msa,21540,,2014
"Espanola, NM Micro Area",644,103,136,293,761,3136,651,5356,19601,376640,14775,8973,39831,18095,31464,21580,,msa,21580,,2014
"Eugene, OR Metro Area",857,4757,3701,5205,18977,59271,3941,11188,156815,2829045,143320,70817,347686,175784,294200,21660,,msa,21660,,2014
"Eureka-Arcata-Fortuna, CA Micro Area",899,1890,1499,2424,7620,24009,1713,8856,61986,936010,53455,27325,131318,66489,111491,21700,,msa,21700,,2014
"Evanston, WY Micro Area",675,202,94,36,361,2234,239,1188,8745,208935,9469,2946,20786,10556,15313,21740,,msa,21740,,2014
"Evansville, IN-KY Metro Area",704,3248,2475,3342,9182,39153,3372,13341,139434,2894160,142204,44818,303817,159420,249050,21780,,msa,21780,,2014
"Fairbanks, AK Metro Area",1221,1544,1138,1455,2998,14868,940,5892,41736,939075,48417,7640,95378,56403,76989,21820,,msa,21820,,2014
"Fairfield, IA Micro Area",652,145,56,173,390,2145,219,684,7570,104395,6934,2139,15305,8647,14335,21840,,msa,21840,,2014
"Fairmont, WV Micro Area",675,356,199,392,1233,5130,750,3793,26389,605420,24190,9228,55374,26882,46627,21900,,msa,21900,,2014
"Elizabeth City, NC Micro Area",840,527,522,550,1849,7159,831,4312,28002,693790,25777,10579,61410,30595,51452,21020,,msa,21020,,2014
"Elizabethtown-Fort Knox, KY Metro Area",743,1895,1125,1442,3468,19247,1464,7218,63024,1568900,64340,22571,146430,74598,116775,21060,,msa,21060,,2014
"Elk City, OK Micro Area",700,190,185,204,293,2882,367,1993,9763,171320,9277,3018,20905,9973,17843,21120,,msa,21120,,2014
"Elkhart-Goshen, IN Metro Area",715,1534,1145,1940,4810,20949,1497,7413,77840,1707115,86919,31750,195727,99338,149333,21140,,msa,21140,,2014
"Elkins, WV Micro Area",546,254,187,147,724,2812,270,2835,14186,228980,11133,4352,27265,12544,24264,21180,,msa,21180,,2014
"Elko, NV Micro Area",913,414,281,364,660,5316,568,2709,21065,738170,25198,5251,51994,27778,39386,21220,,msa,21220,,2014
"Fallon, NV Micro Area",838,202,406,127,700,3743,486,1328,10759,181170,9776,4043,23977,11665,19264,21980,,msa,21980,,2014
"Fargo, ND-MN Metro Area",698,2732,2330,3237,7858,38635,1645,6044,95602,2024860,118758,26664,209540,130780,174404,22020,,msa,22020,,2014
"Faribault-Northfield, MN Micro Area",738,454,351,536,1161,5526,346,2017,24515,644235,28607,6651,56504,35632,51740,22060,,msa,22060,,2014
"Farmington, MO Micro Area",603,715,436,592,1960,8372,824,4116,28984,586250,24167,11475,57682,27521,53240,22100,,msa,22100,,2014
"Farmington, NM Metro Area",756,756,628,607,2158,10924,1560,8834,49527,1197325,49525,27058,125753,56807,95589,22140,,msa,22140,,2014
"Fernley, NV Micro Area",922,433,592,284,1151,5543,385,2716,22444,593985,18833,7625,51055,23490,40872,22280,,msa,22280,,2014
"Fayetteville, NC Metro Area",861,5870,4153,6145,12556,62170,4856,20735,159557,3406155,156731,65022,360891,184800,284054,22180,,msa,22180,,2014
"Fayetteville-Springdale-Rogers, AR-MO Metro Area",732,5651,3610,5154,12722,66365,6231,23204,201212,4440560,210965,77351,472409,238356,369035,22220,,msa,22220,,2014
"Fergus Falls, MN Micro Area",618,404,172,468,1045,5046,767,11417,35580,525615,25427,6211,56243,29165,46636,22260,,msa,22260,,2014
"Findlay, OH Micro Area",664,524,376,958,1894,9037,531,2426,33221,589110,34633,10862,73161,40062,60106,22300,,msa,22300,,2014
"Fitzgerald, GA Micro Area",609,115,97,168,546,2138,412,1562,7911,94600,5722,6218,17176,6669,13469,22340,,msa,22340,,2014
"Flagstaff, AZ Metro Area",990,1564,1026,1668,5308,18724,1459,17499,63890,1089405,59668,30222,127035,71063,108682,22380,,msa,22380,,2014
"Flint, MI Metro Area",718,4083,2712,4631,16028,50795,4437,25485,191447,3858165,150054,87828,413500,187146,329854,22420,,msa,22420,,2014
"Florence, SC Metro Area",651,2392,1292,1819,5711,25850,4021,11119,89180,1814355,79144,44364,201448,97207,162042,22500,,msa,22500,,2014
"Florence-Muscle Shoals, AL Metro Area",601,1317,1014,1469,4335,18171,2351,8884,70017,1426765,59283,26804,144741,67189,119857,22520,,msa,22520,,2014
"Fond du Lac, WI Metro Area",695,931,490,841,2352,11965,614,2933,44223,1001085,49855,9801,98481,56434,81711,22540,,msa,22540,,2014
"Forest City, NC Micro Area",604,486,346,536,1632,7463,1272,7085,33863,555665,23325,13818,65957,29128,54487,22580,,msa,22580,,2014
"Forrest City, AR Micro Area",585,294,335,269,751,3995,641,1564,10915,178615,9029,6589,23830,10794,21994,22620,,msa,22620,,2014
"Fort Collins, CO Metro Area",1001,4034,3111,3862,12386,42955,2180,12476,135219,3286080,145249,41375,302954,172892,253943,22660,,msa,22660,,2014
"Fort Dodge, IA Micro Area",561,359,349,311,1023,5001,368,1638,17035,254460,15972,5490,34852,18870,30345,22700,,msa,22700,,2014
"Fort Leonard Wood, MO Micro Area",927,505,545,532,852,7379,862,2676,18204,329770,18230,5619,43712,30649,42018,22780,,msa,22780,,2014
"Fort Madison-Keokuk, IA-IL-MO Micro Area",563,462,231,381,947,6108,777,3757,28918,534785,26590,8966,60208,30703,49527,22800,,msa,22800,,2014
"Fort Morgan, CO Micro Area",736,274,203,297,651,3850,374,1022,11465,210825,12459,3404,27654,13948,21416,22820,,msa,22820,,2014
"Fort Polk South, LA Micro Area",908,705,475,588,909,8199,1133,3489,21601,453205,22245,6643,50366,24604,39735,22860,,msa,22860,,2014
"Fort Smith, AR-OK Metro Area",620,2643,1984,2666,7077,33904,4033,15361,122052,2260400,110521,60554,275542,124994,218432,22900,,msa,22900,,2014
"Fort Wayne, IN Metro Area",668,3781,2548,3624,9641,47323,3588,15942,179369,3874645,185828,60904,414441,214980,323597,23060,,msa,23060,,2014
"Frankfort, IN Micro Area",686,349,214,186,595,3341,263,1455,13308,335285,14343,4176,32185,16518,25244,23140,,msa,23140,,2014
"Frankfort, KY Micro Area",699,687,603,937,2321,9992,957,2987,32405,643025,30876,9819,68940,35682,57113,23180,,msa,23180,,2014
"Fredericksburg, TX Micro Area",874,196,274,237,597,2695,259,2248,12854,190870,10472,3270,24736,12148,20973,23240,,msa,23240,,2014
"Freeport, IL Micro Area",608,678,310,569,1269,5512,361,2694,22005,405305,20009,7126,46102,24254,37809,23300,,msa,23300,,2014
"Fremont, NE Micro Area",692,446,162,280,885,5066,275,1424,16586,309825,17324,4271,35665,19502,29004,23340,,msa,23340,,2014
"Fremont, OH Micro Area",623,379,334,458,1400,6129,567,2462,26293,533300,27060,8725,59442,30620,47938,23380,,msa,23380,,2014
"Fresno, CA Metro Area",884,11348,8955,13371,41782,137063,8726,27362,319912,7501805,338576,255019,931998,429350,702056,23420,,msa,23420,,2014
"Gadsden, AL Metro Area",627,1006,878,1117,2195,11664,1734,7506,47507,899790,37810,20059,102374,45133,83490,23460,,msa,23460,,2014
"Gaffney, SC Micro Area",647,500,376,478,1231,6559,1087,3333,23980,421855,20218,12887,54803,24261,43601,23500,,msa,23500,,2014
"Gainesville, FL Metro Area",880,3591,2477,3863,14891,45887,5036,18163,120574,2326065,113411,63981,252542,132507,225440,23540,,msa,23540,,2014
"Gainesville, GA Metro Area",853,1929,1091,1922,4475,20058,1598,7692,69053,2006165,77392,34167,181962,89995,140254,23580,,msa,23580,,2014
"Gainesville, TX Micro Area",731,319,293,376,814,4428,440,2024,16639,428455,16796,5480,37844,19725,30348,23620,,msa,23620,,2014
"Galesburg, IL Micro Area",589,715,341,675,1409,7109,583,2522,23960,391850,20814,8572,48334,23601,43184,23660,,msa,23660,,2014
"Gallup, NM Micro Area",546,359,233,277,780,4820,831,7933,25795,451400,19543,26502,72435,26034,53344,23700,,msa,23700,,2014
"Garden City, KS Micro Area",673,263,226,340,620,5110,508,825,14836,308080,19643,6569,40296,21561,29436,23780,,msa,23780,,2014
"Gardnerville Ranchos, NV Micro Area",1035,436,292,394,1571,5715,464,3912,23677,465520,19036,4910,46802,22686,39319,23820,,msa,23820,,2014
"Georgetown, SC Micro Area",832,353,297,422,1318,5382,921,10514,33823,534585,21428,12601,59780,26087,49404,23860,,msa,23860,,2014
"Gettysburg, PA Metro Area",844,776,554,841,1784,8756,991,3122,41078,1327310,47773,9668,97195,53859,82756,23900,,msa,23900,,2014
"Gillette, WY Micro Area",921,189,255,566,600,4479,168,2070,19386,492195,25130,3191,46870,27211,35477,23940,,msa,23940,,2014
"Glasgow, KY Micro Area",578,608,463,513,1130,6291,1013,3294,24001,433255,20820,10604,51661,24498,41661,23980,,msa,23980,,2014
"Glenwood Springs, CO Micro Area",1135,893,840,992,1642,9452,661,8630,36317,889745,35429,8018,72836,42453,58120,24060,,msa,24060,,2014
"Gloversville, NY Micro Area",701,517,426,587,1759,6899,567,6176,28616,535175,22855,8652,53418,26824,44744,24100,,msa,24100,,2014
"Goldsboro, NC Metro Area",705,1452,1244,1743,4119,18699,1941,5594,53074,1127655,51421,27147,120892,61340,96971,24140,,msa,24140,,2014
"Grand Forks, ND-MN Metro Area",702,1335,939,1082,4654,17160,1639,4065,44752,760445,50832,15473,93896,56633,80863,24220,,msa,24220,,2014
"Grand Island, NE Metro Area",645,838,512,581,1846,10344,1027,2621,34539,674475,40405,11513,81721,45725,64076,24260,,msa,24260,,2014
"Grand Junction, CO Metro Area",841,1694,1305,1737,4705,17868,1390,4264,63230,1328020,62696,22726,144055,73943,117078,24300,,msa,24300,,2014
"Grand Rapids-Wyoming, MI Metro Area",763,8390,6244,8074,24970,101329,5863,33976,406094,9720995,449499,139413,984235,524305,781544,24340,,msa,24340,,2014
"Grants, NM Micro Area",587,160,141,151,532,2109,281,2746,11100,189770,8757,7385,25451,11503,21378,24380,,msa,24380,,2014
"Grants Pass, OR Metro Area",823,744,962,1040,3440,11609,1379,3828,38015,521635,25941,16144,82044,32855,68903,24420,,msa,24420,,2014
"Great Bend, KS Micro Area",603,161,179,263,630,3524,434,1164,12644,228480,12891,4310,26973,14410,21642,24460,,msa,24460,,2014
"Great Falls, MT Metro Area",629,824,585,1126,2099,12020,1012,3769,37454,615145,37732,11511,79842,41788,65443,24500,,msa,24500,,2014
"Greeley, CO Metro Area",868,2303,2216,2336,6494,27752,1963,5535,97904,3091940,117529,34898,258081,136143,200117,24540,,msa,24540,,2014
"Green Bay, WI Metro Area",698,2740,2055,3113,7757,38231,2121,15556,138827,2945755,148471,34496,302375,168484,244440,24580,,msa,24580,,2014
"Greeneville, TN Micro Area",561,713,210,565,1399,8153,1768,3587,32076,607880,26014,14780,66776,30880,56326,24620,,msa,24620,,2014
"Greenfield Town, MA Micro Area",836,868,582,602,2276,9544,840,3287,33677,837095,34722,8321,70131,40487,59408,24640,,msa,24640,,2014
"Greensboro-High Point, NC Metro Area",731,9212,7059,9391,23615,104617,8525,35021,325526,6924635,312717,129454,718280,371456,586045,24660,,msa,24660,,2014
"Greensburg, IN Micro Area",750,228,169,156,374,2829,155,1413,11222,247295,11457,3552,25704,13196,20325,24700,,msa,24700,,2014
"Greenville, MS Micro Area",617,578,419,836,2362,8284,1417,3302,21685,286395,16376,18520,49366,22098,38049,24740,,msa,24740,,2014
"Greenville, NC Metro Area",738,2005,1619,2581,9259,30591,2107,9417,75844,1523815,76979,39853,166192,91557,138169,24780,,msa,24780,,2014
"Greenville, OH Micro Area",589,616,299,424,1027,5865,541,1765,22694,495230,21886,7209,51743,25678,41025,24820,,msa,24820,,2014
"Greenville-Anderson-Mauldin, SC Metro Area",731,8174,5973,8074,23390,100690,11103,45008,365035,7953045,353652,138479,818475,410529,670011,24860,,msa,24860,,2014
"Greenwood, MS Micro Area",554,251,239,449,1533,5961,1694,3565,18244,254025,13096,14630,40303,16012,32574,24900,,msa,24900,,2014
"Greenwood, SC Micro Area",639,1035,799,1077,2816,11364,1512,6561,43073,824015,35609,22009,91288,43381,75778,24940,,msa,24940,,2014
"Grenada, MS Micro Area",535,229,85,113,428,1877,339,2592,10173,160205,7690,4826,21287,9042,17089,24980,,msa,24980,,2014
"Glens Falls, NY Metro Area",835,1167,881,1219,3856,14718,1113,15965,67829,1356220,55905,15450,123986,65709,106067,24020,,msa,24020,,2014
"Hillsdale, MI Micro Area",655,244,258,409,845,3915,467,4057,21689,414040,17646,9033,44832,21180,37052,25880,,msa,25880,,2014
"Hilo, HI Micro Area",1039,1551,1571,2018,5365,22101,3940,19318,83904,1852020,72629,35848,186418,89633,151514,25900,,msa,25900,,2014
"Hilton Head Island-Bluffton-Beaufort, SC Metro Area",1004,2163,1655,2115,4410,22248,1875,30257,104060,1763915,79720,26060,187559,94080,158172,25940,,msa,25940,,2014
"Hinesville, GA Metro Area",929,1304,969,1239,2723,13357,1307,5140,33081,737165,33633,14221,77929,39614,58794,25980,,msa,25980,,2014
"Guayama, PR Metro Area",411,447,280,413,1478,7642,2994,7687,35767,444375,18022,41654,80231,24842,64939,25020,,msa,25020,,2014
"Gulfport-Biloxi-Pascagoula, MS Metro Area",835,4592,2830,4892,12061,49892,4654,28090,171260,3694255,160007,68037,371343,184891,296853,25060,,msa,25060,,2014
"Guymon, OK Micro Area",668,146,118,105,272,2680,418,1011,8177,165910,10467,2572,20970,11473,16119,25100,,msa,25100,,2014
"Hagerstown-Martinsburg, MD-WV Metro Area",858,2715,1853,2387,6447,30099,2149,10100,106483,3253685,109978,33224,246131,130085,202856,25180,,msa,25180,,2014
"Hailey, ID Micro Area",904,480,137,397,396,3642,477,6597,17928,254405,12864,3326,27525,15409,21470,25200,,msa,25200,,2014
"Hammond, LA Metro Area",748,949,791,1333,3685,14438,2454,6336,51363,1482750,49719,26137,120294,59755,96438,25220,,msa,25220,,2014
"Hanford-Corcoran, CA Metro Area",875,1844,1260,1519,4677,19750,1632,3279,44387,1099810,52042,30244,133044,63534,113795,25260,,msa,25260,,2014
"Hannibal, MO Micro Area",599,365,168,366,809,4469,370,2706,18027,330845,16883,5664,37444,19277,31039,25300,,msa,25300,,2014
"Harrisburg-Carlisle, PA Metro Area",850,5790,3835,6122,14755,70533,4556,20000,242939,5830315,260759,60055,536130,294641,448755,25420,,msa,25420,,2014
"Harrison, AR Micro Area",579,231,372,429,639,4630,987,3344,21545,405215,17369,7821,44681,20074,36368,25460,,msa,25460,,2014
"Harrisonburg, VA Metro Area",826,1281,914,1167,4788,17164,1217,6521,51885,1105515,56979,22317,118960,65173,105113,25500,,msa,25500,,2014
"Hartford-West Hartford-East Hartford, CT Metro Area",995,12093,9832,11483,39457,152177,9353,38795,507815,13230270,568321,125526,1168739,667394,985879,25540,,msa,25540,,2014
"Hastings, NE Micro Area",625,213,156,240,562,3676,328,950,13530,221690,14779,3493,29724,16921,24825,25580,,msa,25580,,2014
"Hattiesburg, MS Metro Area",756,1855,803,1632,5932,20032,2211,8495,62121,1426925,61445,32337,141874,71400,114510,25620,,msa,25620,,2014
"Hays, KS Micro Area",625,319,190,453,1072,4422,303,1103,12962,205740,15576,4597,27707,17023,23303,25700,,msa,25700,,2014
"Heber, UT Micro Area",1025,121,189,198,449,1991,132,3306,11058,264900,10507,2087,25380,12201,17915,25720,,msa,25720,,2014
"Helena, MT Micro Area",744,620,381,683,1636,8262,684,4405,35455,641230,36089,8076,74501,40909,61283,25740,,msa,25740,,2014
"Helena-West Helena, AR Micro Area",586,194,392,359,981,3973,644,1840,10131,132945,7004,6999,20585,8987,15708,25760,,msa,25760,,2014
"Henderson, NC Micro Area",656,513,370,576,1614,5995,680,3362,20013,383455,16562,11275,44238,19584,35101,25780,,msa,25780,,2014
"Hereford, TX Micro Area",651,153,65,120,300,2072,413,862,7072,118110,7743,3643,19033,8720,13783,25820,,msa,25820,,2014
"Hermiston-Pendleton, OR Micro Area",677,895,538,897,2055,11452,825,3494,34109,607155,34496,14538,83647,40789,67239,25840,,msa,25840,,2014
"Medford, OR Metro Area",885,2636,1927,3177,9923,31160,1827,8331,91308,1493380,78058,36325,204115,98444,167760,32780,,msa,32780,,2014
"McMinnville, TN Micro Area",558,390,267,249,791,4631,968,2373,17813,358185,15182,8455,39268,17337,31353,32660,,msa,32660,,2014
"McPherson, KS Micro Area",632,227,77,214,278,2716,162,1051,12777,200040,14445,2266,27877,15733,23361,32700,,msa,32700,,2014
"Meadville, PA Micro Area",611,754,501,541,1877,9017,949,9868,44581,776470,35104,13134,83986,41080,71060,32740,,msa,32740,,2014
"Memphis, TN-MS-AR Metro Area",850,15016,12139,17602,50635,185526,16163,69930,559091,13652620,570702,254320,1311615,671864,1029962,32820,,msa,32820,,2014
"Menomonie, WI Micro Area",732,296,292,252,1376,5392,354,1554,18014,460515,20689,6123,40517,23789,36153,32860,,msa,32860,,2014
"Merced, CA Metro Area",870,2964,2341,3753,9394,36206,2942,7387,83903,2342255,88986,65552,256250,115295,190771,32900,,msa,32900,,2014
"Meridian, MS Micro Area",653,849,687,914,2761,12212,1639,7643,47420,923485,41055,24611,102083,48025,83934,32940,,msa,32940,,2014
"Merrill, WI Micro Area",614,185,249,133,523,2965,267,4356,16839,298065,13167,3032,27830,14837,23503,32980,,msa,32980,,2014
"Mobile, AL Metro Area",773,4074,3317,4220,13889,51427,6472,25877,180277,3909715,162098,80412,404297,191763,324724,33660,,msa,33660,,2014
"Modesto, CA Metro Area",993,6097,4708,6852,21820,71992,4874,11808,179898,5095890,191083,104786,516698,245463,393800,33700,,msa,33700,,2014
"Monroe, LA Metro Area",682,2094,1620,2108,6248,24904,3527,10314,76758,1497990,70756,41934,169078,79864,137533,33740,,msa,33740,,2014
"Monroe, MI Metro Area",791,1170,715,802,2786,12146,1086,4861,63189,1563260,63839,17543,149082,74579,120430,33780,,msa,33780,,2014
"Montgomery, AL Metro Area",816,3804,2944,3672,12657,48764,4479,20779,163130,3540175,155529,68446,361695,179726,294540,33860,,msa,33860,,2014
"Montrose, CO Micro Area",829,318,294,448,1257,5022,529,1465,18280,330280,16260,6915,40300,19486,32600,33940,,msa,33940,,2014
"Morehead City, NC Micro Area",780,746,516,705,1747,8740,705,19219,48571,679100,28970,10115,66714,34318,56648,33980,,msa,33980,,2014
"Mexico, MO Micro Area",616,92,200,230,335,2542,279,1446,10827,190305,10199,4160,23868,11732,20410,33020,,msa,33020,,2014
"Miami, OK Micro Area",619,254,163,309,749,3430,447,2069,14057,257750,12478,6959,30930,14489,25092,33060,,msa,33060,,2014
"Miami-Fort Lauderdale-West Palm Beach, FL Metro Area",1136,67077,54294,83860,251427,770279,51186,445029,2475877,68419680,2470192,982999,5697923,2972560,4701725,33100,,msa,33100,,2014
"Michigan City-La Porte, IN Metro Area",698,1079,589,1221,3057,12308,898,5859,48615,1006085,44615,18111,102234,52526,89476,33140,,msa,33140,,2014
"Middlesborough, KY Micro Area",486,270,154,181,987,3681,895,1956,13137,172790,7975,8886,27161,9552,22873,33180,,msa,33180,,2014
"Midland, MI Metro Area",729,726,475,758,1852,8391,833,2386,36095,706950,35169,10827,82063,40644,67098,33220,,msa,33220,,2014
"Midland, TX Metro Area",1027,1238,864,1693,2945,17109,1439,4398,57570,1411785,72802,15196,149770,79174,113493,33260,,msa,33260,,2014
"Milledgeville, GA Micro Area",703,524,456,753,2402,7835,1511,6536,25517,383615,17920,15905,49489,21237,45487,33300,,msa,33300,,2014
"Milwaukee-Waukesha-West Allis, WI Metro Area",822,19724,14176,21939,65398,243147,10441,48748,670949,16611835,722597,237992,1535820,831557,1231944,33340,,msa,33340,,2014
"Mineral Wells, TX Micro Area",699,232,57,183,764,3006,527,4857,15270,260500,10876,4908,27554,12775,21993,33420,,msa,33420,,2014
"Minneapolis-St. Paul-Bloomington, MN-WI Metro Area",916,34932,25081,31908,92337,391329,16834,77091,1400446,42276210,1690238,356449,3367361,1938307,2679157,33460,,msa,33460,,2014
"Minot, ND Micro Area",807,623,680,630,1675,10406,1589,4205,33355,738360,39312,6861,71577,42581,58671,33500,,msa,33500,,2014
"Missoula, MT Metro Area",769,2117,1201,1804,4800,18758,1070,4779,50740,912940,53240,17299,108241,63999,91633,33540,,msa,33540,,2014
"Mitchell, SD Micro Area",597,244,83,337,520,3222,153,616,10166,168130,11296,2781,22283,12467,17999,33580,,msa,33580,,2014
"Moberly, MO Micro Area",656,181,75,159,508,2432,337,2054,10694,195255,9156,4263,22811,10781,20112,33620,,msa,33620,,2014
"Morgan City, LA Micro Area",671,214,333,501,1184,6286,1195,2934,23117,464610,20877,11748,52799,24345,41970,34020,,msa,34020,,2014
"Morgantown, WV Metro Area",720,900,645,1229,4991,18312,3376,9527,58994,1366980,58796,25661,124597,66944,114144,34060,,msa,34060,,2014
"Morristown, TN Metro Area",647,880,834,1004,2962,13077,1719,6207,50587,1066150,45373,21951,112129,53565,92322,34100,,msa,34100,,2014
"Moscow, ID Micro Area",655,571,610,518,2165,6862,461,1098,16167,304895,16942,7354,34852,20065,31775,34140,,msa,34140,,2014
"Moses Lake, WA Micro Area",695,923,504,906,2162,12078,1269,5053,35286,632495,34609,17548,90451,42451,66532,34180,,msa,34180,,2014
"Moultrie, GA Micro Area",582,553,401,473,1390,5631,681,2415,18308,362795,17349,12448,44974,20115,34651,34220,,msa,34220,,2014
"Mountain Home, AR Micro Area",611,333,324,474,781,4318,596,4369,22606,240025,14047,6019,40464,16448,34652,34260,,msa,34260,,2014
"Mountain Home, ID Micro Area",732,263,105,259,458,3777,809,2503,12185,193725,11360,4309,25355,13210,19820,34300,,msa,34300,,2014
"Mount Airy, NC Micro Area",615,427,522,616,1510,8220,1639,4200,33580,732155,29104,14367,72390,33389,58859,34340,,msa,34340,,2014
"Mount Pleasant, MI Micro Area",698,780,560,914,4020,10091,680,3621,28394,524115,29778,20408,64267,37389,59676,34380,,msa,34380,,2014
"Mount Pleasant, TX Micro Area",627,254,260,224,363,3159,359,1527,12059,243695,13115,7112,31947,14996,23994,34420,,msa,34420,,2014
"Mount Sterling, KY Micro Area",616,339,254,255,1048,5200,953,3953,21006,407590,15912,11591,44438,19313,35469,34460,,msa,34460,,2014
"Mount Vernon, IL Micro Area",588,300,220,317,806,4188,518,1590,16879,306840,15665,6307,36669,18477,31190,34500,,msa,34500,,2014
"Mount Vernon, OH Micro Area",691,579,386,239,1623,6637,661,2691,25333,666120,25512,8950,57695,30105,48343,34540,,msa,34540,,2014
"Mount Vernon-Anacortes, WA Metro Area",961,1709,1089,1400,3737,14914,1025,6351,51660,1188590,47501,17352,116682,56048,94335,34580,,msa,34580,,2014
"Muncie, IN Metro Area",690,957,1177,1561,5302,16916,1656,6113,52352,977715,48258,24777,109589,57643,97492,34620,,msa,34620,,2014
"Murray, KY Micro Area",541,581,209,356,1494,5177,857,3292,18146,290655,16355,7341,34424,18937,31852,34660,,msa,34660,,2014
"Muscatine, IA Micro Area",736,381,261,398,827,4180,414,1623,17924,347960,19685,5658,42042,22181,33043,34700,,msa,34700,,2014
"Muskegon, MI Metro Area",669,1453,1023,1713,4842,16408,1378,8479,73368,1384985,64559,33372,164587,79721,134934,34740,,msa,34740,,2014
"Muskogee, OK Micro Area",632,717,593,678,1900,8646,1156,4337,30911,540845,26083,14679,66679,30224,54914,34780,,msa,34780,,2014
"Myrtle Beach-Conway-North Myrtle Beach, SC-NC Metro Area",838,3401,3144,5283,12293,47533,4562,104320,268415,3522855,160243,71152,392039,190717,328353,34820,,msa,34820,,2014
"Nacogdoches, TX Micro Area",719,762,448,893,2537,10267,1173,4010,27718,507440,25869,14480,59696,30083,51526,34860,,msa,34860,,2014
"Napa, CA Metro Area",1376,2046,1240,1999,4977,19634,1116,5372,55003,1467930,62298,13948,135571,73545,111914,34900,,msa,34900,,2014
"Naples-Immokalee-Marco Island, FL Metro Area",1027,3218,2602,3575,8314,34273,3213,73487,199818,2973305,123897,47546,331173,149627,278993,34940,,msa,34940,,2014
"Nashville-Davidson--Murfreesboro--Franklin, TN Metro Area",855,19053,15107,19713,50503,223363,16676,61101,715164,20802765,783876,243313,1691272,912654,1358146,34980,,msa,34980,,2014
"Natchez, MS-LA Micro Area",556,361,438,572,1207,7148,2341,4194,24042,339745,16840,15105,49058,20335,42102,35020,,msa,35020,,2014
"Natchitoches, LA Micro Area",623,354,241,671,1725,5625,994,4083,18681,337655,14928,10402,38346,17498,30899,35060,,msa,35060,,2014
"New Bern, NC Metro Area",857,1555,952,1670,3396,16901,1812,8786,57974,1155810,52490,19799,123065,62446,102246,35100,,msa,35100,,2014
"Newberry, SC Micro Area",654,452,306,195,625,3843,665,3706,17936,373625,15586,6342,36328,18017,30234,35140,,msa,35140,,2014
"New Castle, IN Micro Area",633,344,206,349,1093,4851,526,3006,21220,474705,18442,7893,45832,21664,40215,35220,,msa,35220,,2014
"New Castle, PA Micro Area",625,911,464,672,2130,9434,1337,4271,40887,855450,37564,12660,87472,42731,73544,35260,,msa,35260,,2014
"New Haven-Milford, CT Metro Area",1064,10813,7674,10575,35925,120530,7865,35116,362202,9533415,394287,106282,836739,465715,699988,35300,,msa,35300,,2014
"New Orleans-Metairie, LA Metro Area",921,14025,10049,15021,52386,178116,16902,79411,550248,13701960,538409,225241,1207013,621581,977266,35380,,msa,35380,,2014
"New Philadelphia-Dover, OH Micro Area",653,744,511,1112,2106,10135,801,3696,40062,838595,40315,13033,91361,46213,73516,35420,,msa,35420,,2014
"Newport, OR Micro Area",825,685,588,648,1542,7232,560,9984,30656,339525,18171,7801,45595,21757,39086,35440,,msa,35440,,2014
"Newport, TN Micro Area",551,215,262,363,940,4454,1108,2618,17406,354485,13077,9747,35023,15931,28820,35460,,msa,35460,,2014
"Newton, IA Micro Area",648,256,270,277,782,4044,359,1498,16156,355560,15992,3926,34617,18354,29589,35500,,msa,35500,,2014
"New Ulm, MN Micro Area",607,148,168,120,470,2396,208,763,11512,182950,12295,2044,24318,14104,20596,35580,,msa,35580,,2014
"New York-Newark-Jersey City, NY-NJ-PA Metro Area",1246,294926,207046,292913,962133,3410772,176375,729575,7834578,309251620,8794012,2781156,19514260,10339688,15934930,35620,,msa,35620,,2014
"Niles-Benton Harbor, MI Metro Area",665,1356,1042,1726,4189,16923,1549,16490,76810,1264050,63681,26779,151758,75678,124533,35660,,msa,35660,,2014
"Nogales, AZ Micro Area",616,328,210,517,1267,5419,785,2561,18075,341495,16503,11452,46840,20010,35058,35700,,msa,35700,,2014
"Norfolk, NE Micro Area",604,413,380,497,808,6044,489,1628,20897,363640,23629,6087,47075,26375,37533,35740,,msa,35740,,2014
"North Platte, NE Micro Area",628,335,113,269,924,5104,515,1690,17232,239205,16778,4577,36419,18920,28988,35820,,msa,35820,,2014
"Raymondville, TX Micro Area",526,65,79,78,236,1109,306,1612,7073,108670,5401,7447,19613,6130,16940,39700,,msa,39700,,2014
"Reading, PA Metro Area",849,4019,2723,2996,12121,43504,3108,10965,164822,4546655,185410,57239,400042,216588,329111,39740,,msa,39740,,2014
"Red Bluff, CA Micro Area",833,816,341,746,1621,7422,796,3637,27117,496355,20934,11604,62301,26852,49632,39780,,msa,39780,,2014
"Redding, CA Metro Area",932,2063,1816,2909,7709,25274,1683,8686,77647,1253290,62387,31616,175832,77370,144420,39820,,msa,39820,,2014
"Red Wing, MN Micro Area",708,446,235,437,941,4479,420,1573,20316,507665,21942,4738,45391,25138,36933,39860,,msa,39860,,2014
"Reno, NV Metro Area",908,6394,4862,6061,17711,70640,3206,21397,187681,4111135,192384,66924,428006,228802,346245,39900,,msa,39900,,2014
"Rexburg, ID Micro Area",641,442,435,801,2119,6216,434,5689,20604,352015,19216,14617,49186,23750,38279,39940,,msa,39940,,2014
"Richmond, IN Micro Area",632,1168,382,903,2085,9157,866,3334,31225,528925,26877,13862,65750,31358,54649,39980,,msa,39980,,2014
"Richmond, VA Metro Area",981,13159,10956,13331,37220,155420,10158,48703,512296,13826045,561182,147359,1195191,653496,985742,40060,,msa,40060,,2014
"Richmond-Berea, KY Micro Area",631,1242,644,1185,3770,14471,1222,4734,43120,1000155,43400,21344,95924,49999,83000,40080,,msa,40080,,2014
"Rio Grande City, TX Micro Area",500,376,229,349,843,3768,751,3498,19571,422120,18821,23910,61387,23775,43808,40100,,msa,40100,,2014
"Riverside-San Bernardino-Ontario, CA Metro Area",1145,43131,35869,51604,142277,474604,26392,216171,1514163,49893240,1597442,765774,4261627,2004950,3289335,40140,,msa,40140,,2014
"Riverton, WY Micro Area",683,248,273,291,793,4315,488,2441,17731,300165,16625,5558,39732,20402,31612,40180,,msa,40180,,2014
"Roanoke, VA Metro Area",756,2971,2022,2924,8669,39132,3184,16414,145379,3062700,139459,41757,303118,157819,252793,40220,,msa,40220,,2014
"Roanoke Rapids, NC Micro Area",659,793,788,768,3088,10540,1703,7225,37343,599820,25463,18857,72704,31936,60900,40260,,msa,40260,,2014
"Rochelle, IL Micro Area",693,361,332,219,910,5024,428,1807,22566,569840,23678,5734,51873,27718,41866,40300,,msa,40300,,2014
"Rochester, MN Metro Area",781,1612,1398,1526,3980,19581,1490,6268,88911,2008205,104674,17938,206768,116876,163190,40340,,msa,40340,,2014
"Rock Springs, WY Micro Area",908,326,151,314,611,4913,389,2251,18938,470820,21972,5325,43811,24330,33505,40540,,msa,40540,,2014
"Rochester, NY Metro Area",797,12044,8613,12290,39445,138136,7512,42545,471915,10127545,484442,152126,1042790,557502,875803,40380,,msa,40380,,2014
"Rockford, IL Metro Area",748,2842,2510,3320,10264,41191,3227,14074,145789,3325565,146669,56526,340299,176704,270187,40420,,msa,40420,,2014
"Rockingham, NC Micro Area",606,328,316,715,1658,6571,953,2583,20843,328230,16329,10708,44915,20084,36492,40460,,msa,40460,,2014
"Rocky Mount, NC Metro Area",706,1947,1187,1889,5366,21186,2242,8926,67072,1250415,58843,30251,147378,72780,119924,40580,,msa,40580,,2014
"Rolla, MO Micro Area",660,715,513,421,1416,6488,729,2925,19662,335265,17628,8105,42024,20485,36348,40620,,msa,40620,,2014
"Rome, GA Metro Area",702,1461,801,849,3304,13326,1115,5681,40475,792435,37192,19704,92146,44215,75886,40660,,msa,40660,,2014
"Roseburg, OR Micro Area",776,1360,799,1322,3510,13737,920,5188,48918,724405,35953,20807,105767,45446,88513,40700,,msa,40700,,2014
"Roswell, NM Micro Area",684,770,261,575,1727,8134,1156,3166,26672,463115,25301,14006,64016,29372,49848,40740,,msa,40740,,2014
"Russellville, AR Micro Area",616,726,329,809,2087,9613,1271,4865,35466,681870,35030,15523,81124,39697,66874,40780,,msa,40780,,2014
"Ruston, LA Micro Area",648,609,360,701,2297,7896,1439,2527,19587,391395,19288,13549,43766,23213,38559,40820,,msa,40820,,2014
"Rutland, VT Micro Area",796,631,674,590,1942,7740,472,8136,33771,572885,27766,7655,58610,32629,50986,40860,,msa,40860,,2014
"Sacramento--Roseville--Arden-Arcade, CA Metro Area",1071,28289,22046,31227,90760,319704,16684,86313,878057,22687020,873786,347879,2161829,1083160,1728252,40900,,msa,40900,,2014
"Safford, AZ Micro Area",732,158,121,129,587,3033,628,2121,13096,241105,11054,7158,32916,13753,27918,40940,,msa,40940,,2014
"Saginaw, MI Metro Area",710,1400,1166,1749,6078,21099,1741,9225,86814,1636050,76291,34853,192077,92129,158313,40980,,msa,40980,,2014
"St. Cloud, MN Metro Area",712,1752,1295,1549,4905,20907,1407,6443,78659,1922835,92869,24774,182480,108647,150873,41060,,msa,41060,,2014
"St. George, UT Metro Area",943,1220,1058,1308,3517,14821,1544,11892,59797,944185,51587,22131,142942,60946,106845,41100,,msa,41100,,2014
"St. Joseph, MO-KS Metro Area",674,1267,1206,1288,3185,15752,1470,6612,53597,1040020,55727,18670,119069,63097,101999,41140,,msa,41140,,2014
"St. Louis, MO-IL Metro Area",808,27173,21104,28207,77700,332164,25570,126988,1231245,31808845,1266626,361731,2741015,1474114,2224712,41180,,msa,41180,,2014
"St. Marys, GA Micro Area",910,724,438,737,1191,7178,449,2766,21326,500090,22723,6534,49536,25999,39287,41220,,msa,41220,,2014
"Salem, OH Micro Area",607,921,587,672,2175,11987,1791,4676,46860,1090270,44041,16627,102586,51526,86595,41400,,msa,41400,,2014
"Salem, OR Metro Area",797,4560,3937,5643,14812,55977,2791,10015,152151,3448065,154596,71999,385531,189355,307269,41420,,msa,41420,,2014
"Salina, KS Micro Area",677,562,549,730,1764,7937,528,2012,26988,475935,29629,10064,60195,33150,48233,41460,,msa,41460,,2014
"Salinas, CA Metro Area",1228,6479,5011,6814,16616,63026,2739,14479,139594,3769410,168500,69898,406132,200196,323806,41500,,msa,41500,,2014
"Salisbury, MD-DE Metro Area",960,3143,2347,3191,9788,38417,4073,90546,234376,3665695,156851,53564,366784,184059,313661,41540,,msa,41540,,2014
"Salt Lake City, UT Metro Area",919,11304,7805,9918,27438,120682,6396,23220,389730,11635975,514330,140949,1108285,589352,829052,41620,,msa,41620,,2014
"San Angelo, TX Metro Area",737,1437,1151,1336,3190,15936,1462,4908,47894,910800,51879,17420,109006,57806,90884,41660,,msa,41660,,2014
"San Antonio-New Braunfels, TX Metro Area",865,23701,18037,24462,62247,287809,21623,79380,851169,24228280,967497,363302,2193994,1110459,1717626,41700,,msa,41700,,2014
"San Diego-Carlsbad, CA Metro Area",1328,47684,35984,53954,137411,505399,28947,91090,1174901,33621115,1368504,455855,3102463,1648072,2540664,41740,,msa,41740,,2014
"Sandpoint, ID Micro Area",734,398,229,249,1219,4848,464,7234,24622,349820,14725,6296,40240,17539,33274,41760,,msa,41760,,2014
"Sandusky, OH Micro Area",710,901,545,596,1845,10113,820,5779,37777,705850,33963,9543,75133,39032,61954,41780,,msa,41780,,2014
"Sanford, NC Micro Area",688,444,430,530,1400,6969,703,2957,24196,570475,24267,10841,57877,28988,45481,41820,,msa,41820,,2014
"San Francisco-Oakland-Hayward, CA Metro Area",1446,66300,49981,65345,186582,758167,33946,112428,1754894,60809340,2006765,497279,4402039,2437878,3641806,41860,,msa,41860,,2014
"San German, PR Metro Area",405,422,388,555,1083,15200,10626,22823,67025,783570,30121,69982,134396,36804,109224,41900,,msa,41900,,2014
"San Jose-Sunnyvale-Santa Clara, CA Metro Area",1629,22424,16957,22425,64104,271122,9716,26562,658397,21871560,850390,187017,1870891,1004672,1495713,41940,,msa,41940,,2014
"San Juan-Carolina-Caguas, PR Metro Area",499,13666,9484,13697,44897,241601,96919,179925,972689,22085170,697678,940384,2277715,894302,1839166,41980,,msa,41980,,2014
"San Luis Obispo-Paso Robles-Arroyo Grande, CA Metro Area",1226,3501,2925,4017,12746,42969,3185,15859,118209,2406835,113069,38121,258271,134302,229279,42020,,msa,42020,,2014
"Santa Cruz-Watsonville, CA Metro Area",1427,4243,2720,3921,12556,39470,1916,10652,104871,3030935,117575,39252,257150,141807,218820,42100,,msa,42100,,2014
"Santa Fe, NM Metro Area",930,1522,967,1626,4615,18780,1673,10241,71554,1377495,63106,23896,143457,76685,120282,42140,,msa,42140,,2014
"Santa Isabel, PR Micro Area",415,77,34,134,483,1968,690,1389,9237,161395,6450,11750,23114,7735,17661,42180,,msa,42180,,2014
"Santa Maria-Santa Barbara, CA Metro Area",1357,6334,4412,6377,19869,67728,3728,11537,153565,3569135,184336,68953,414198,219724,344560,42200,,msa,42200,,2014
"Santa Rosa, CA Metro Area",1302,7048,5180,7741,21228,75516,4185,18824,205759,5377550,213425,59716,485077,260677,399649,42220,,msa,42220,,2014
"Sault Ste. Marie, MI Micro Area",612,333,332,372,1006,4268,451,6867,21249,233185,13860,6378,34038,16810,31819,42300,,msa,42300,,2014
"Savannah, GA Metro Area",940,4853,3493,4572,13737,53135,4306,20582,153562,3658700,156377,60696,349135,180868,284285,42340,,msa,42340,,2014
"Sayre, PA Micro Area",666,485,331,520,916,6094,960,5744,30082,567035,25395,8106,61488,28598,50202,42380,,msa,42380,,2014
"Scottsbluff, NE Micro Area",673,422,191,331,992,4778,518,2040,17566,286470,18217,5215,37873,20501,30396,42420,,msa,42420,,2014
"Scottsboro, AL Micro Area",550,351,285,341,784,5212,1254,4345,24770,520330,20112,9567,52438,23361,42773,42460,,msa,42460,,2014
"Scranton--Wilkes-Barre--Hazleton, PA Metro Area",694,5926,3716,5199,16413,72531,7043,33029,258594,5254530,243604,82639,542306,279092,464031,42540,,msa,42540,,2014
"Searcy, AR Micro Area",635,690,485,755,1958,9222,1333,3378,32825,711460,30980,13489,74385,34996,61678,42620,,msa,42620,,2014
"Seattle-Tacoma-Bellevue, WA Metro Area",1128,49644,37497,50036,122185,552027,25888,102720,1484327,46794640,1655617,408050,3499589,1947157,2849382,42660,,msa,42660,,2014
"Sebastian-Vero Beach, FL Metro Area",861,1408,1116,1814,4248,14777,964,19444,76786,1072100,49163,21438,139365,61155,118491,42680,,msa,42680,,2014
"Sebring, FL Metro Area",722,738,437,971,2330,9222,1417,15268,55150,624540,29024,18617,97026,35952,82459,42700,,msa,42700,,2014
"Sedalia, MO Micro Area",681,306,346,453,1362,5086,416,1972,18222,327235,17850,7792,41418,20346,32736,42740,,msa,42740,,2014
"Selinsgrove, PA Micro Area",689,277,180,210,575,3515,375,1676,16090,404300,17410,4139,37609,20170,32180,42780,,msa,42780,,2014
"Selma, AL Micro Area",564,546,314,610,1735,6367,1263,3957,20216,298845,13224,15163,42234,17056,32716,42820,,msa,42820,,2014
"Seneca, SC Micro Area",690,491,628,667,1770,7635,1143,8574,38893,639705,27413,13902,73921,32916,60969,42860,,msa,42860,,2014
"Seneca Falls, NY Micro Area",692,286,173,296,895,3624,384,2652,16137,338065,14538,4175,32093,16387,28917,42900,,msa,42900,,2014
"Sevierville, TN Micro Area",724,899,906,982,2532,12270,1363,19883,56136,1034825,40819,14033,91371,48134,74809,42940,,msa,42940,,2014
"Seymour, IN Micro Area",696,286,218,424,749,4245,328,1687,18344,394410,19053,5923,42099,21530,33731,42980,,msa,42980,,2014
"Sioux City, IA-NE-SD Metro Area",661,1653,1097,1188,3990,19122,1261,4724,68898,1421295,80767,22004,164872,90138,129062,43580,,msa,43580,,2014
"Sioux Falls, SD Metro Area",713,2559,1334,2531,5258,30228,1583,6260,98501,2307365,125610,23392,232907,137318,183140,43620,,msa,43620,,2014
"Snyder, TX Micro Area",696,117,119,152,108,1561,253,1216,7110,115815,7103,1953,15365,7549,13251,43660,,msa,43660,,2014
"Somerset, KY Micro Area",579,482,395,538,2475,7737,1222,5258,31310,491960,24508,16223,62469,28072,50918,43700,,msa,43700,,2014
"Somerset, PA Micro Area",572,485,313,497,1073,6533,1050,8306,38054,724605,31118,9206,72475,35967,64390,43740,,msa,43740,,2014
"Sonora, CA Micro Area",924,691,575,428,1951,6809,575,9121,31302,459855,17592,7444,50714,22936,46272,43760,,msa,43760,,2014
"South Bend-Mishawaka, IN-MI Metro Area",720,2962,1848,3036,8152,35472,3423,19495,141058,2902780,136842,52308,306378,160776,251336,43780,,msa,43780,,2014
"Spartanburg, SC Metro Area",693,2999,2013,3295,8488,37270,4645,17345,137467,2941310,129147,56648,308880,152019,249896,43900,,msa,43900,,2014
"Spearfish, SD Micro Area",595,409,122,220,655,3514,272,2564,13047,221405,11526,3501,23603,13251,20449,43940,,msa,43940,,2014
"Spencer, IA Micro Area",568,138,157,230,225,1897,180,798,8067,125310,7962,1721,16125,8941,13175,43980,,msa,43980,,2014
"Shawano, WI Micro Area",609,331,236,242,739,4357,474,4763,23020,445515,19811,5969,45012,23197,36802,43020,,msa,43020,,2014
"Shawnee, OK Micro Area",657,615,354,535,1578,7906,1116,3406,29439,667175,28073,12506,67156,31896,55106,43060,,msa,43060,,2014
"Sheboygan, WI Metro Area",660,1266,635,999,2079,13376,709,4266,50699,1018050,55911,10430,111642,63018,91692,43100,,msa,43100,,2014
"Shelby, NC Micro Area",655,998,639,1057,3204,11854,1662,5896,43303,907305,38161,19225,95448,46101,77738,43140,,msa,43140,,2014
"Shelbyville, TN Micro Area",667,397,202,487,1120,5080,662,1891,18499,473135,18185,9508,44960,20806,34828,43180,,msa,43180,,2014
"Shelton, WA Micro Area",896,316,333,474,1388,5045,627,9497,32596,652240,20720,10080,59097,25562,49962,43220,,msa,43220,,2014
"Sheridan, WY Micro Area",757,250,140,207,732,3787,511,1575,14143,228555,13262,2392,28586,15049,23794,43260,,msa,43260,,2014
"Sherman-Denison, TX Metro Area",784,1079,844,1550,2913,15129,1545,7324,54071,1228965,49435,18771,119015,58646,96332,43300,,msa,43300,,2014
"Show Low, AZ Micro Area",667,753,441,565,1943,9930,1756,23196,57214,658315,29119,32138,104710,40017,80066,43320,,msa,43320,,2014
"Shreveport-Bossier City, LA Metro Area",751,5311,3266,4813,14098,60687,7763,25093,195808,4122785,189592,84753,435852,213027,347621,43340,,msa,43340,,2014
"Sidney, OH Micro Area",688,444,208,308,1037,4955,355,1594,20210,412705,22228,5553,48525,24870,37691,43380,,msa,43380,,2014
"Sierra Vista-Douglas, AZ Metro Area",792,1002,1239,1017,3190,15623,1497,10956,59802,878425,46394,21165,120617,54436,104263,43420,,msa,43420,,2014
"Sikeston, MO Micro Area",595,442,311,303,969,4898,480,1617,16978,308055,16693,7456,38460,19173,30682,43460,,msa,43460,,2014
"Silver City, NM Micro Area",642,283,154,235,693,2984,403,2454,14683,199940,10093,5621,28706,12259,23698,43500,,msa,43500,,2014
"Spirit Lake, IA Micro Area",641,70,119,123,408,2008,173,5165,12996,134940,8112,1135,16522,9296,14028,44020,,msa,44020,,2014
"Spokane-Spokane Valley, WA Metro Area",776,6865,4921,6870,18934,74308,4258,21861,233145,4716140,216344,82537,518002,257699,425902,44060,,msa,44060,,2014
"Springfield, IL Metro Area",735,2073,1584,1728,6766,26057,1989,7750,95971,1910605,98439,30253,207273,112542,167877,44100,,msa,44100,,2014
"Springfield, MA Metro Area",839,8665,5051,7228,24914,88575,4824,18247,254759,6219175,271098,99041,589476,324024,510561,44140,,msa,44140,,2014
"Springfield, MO Metro Area",691,5592,4166,5678,15274,63840,4166,17169,194637,4210270,193423,75451,429071,222435,353929,44180,,msa,44180,,2014
"Springfield, OH Metro Area",669,1841,1293,1269,4719,18663,1316,6277,61246,1230620,55477,25498,133892,65747,109322,44220,,msa,44220,,2014
"Starkville, MS Micro Area",713,625,314,758,3128,8449,809,3334,21112,360615,18868,14666,43853,23111,40574,44260,,msa,44260,,2014
"State College, PA Metro Area",894,1716,1006,1669,7814,22661,2255,6760,64043,1392005,68986,28344,139471,77966,134902,44300,,msa,44300,,2014
"Statesboro, GA Micro Area",760,931,500,1111,4474,12813,1297,3508,29311,587745,28291,22014,66468,33808,58861,44340,,msa,44340,,2014
"Sterling, CO Micro Area",634,154,99,242,440,2535,303,1140,8965,174150,10017,3630,21528,12048,18786,44540,,msa,44540,,2014
"Staunton-Waynesboro, VA Metro Area",781,1014,943,1148,3083,13510,1292,5596,53101,1170015,52459,15038,113749,58578,97147,44420,,msa,44420,,2014
"Steamboat Springs, CO Micro Area",1150,143,104,343,692,2770,255,6760,16333,200150,12108,2397,23120,14688,19376,44460,,msa,44460,,2014
"Stephenville, TX Micro Area",702,280,385,246,1906,5947,854,2423,17119,347920,18101,8982,37549,20050,31812,44500,,msa,44500,,2014
"Sterling, IL Micro Area",636,473,452,490,1093,5746,552,2431,25759,495105,25356,6745,56483,29070,45947,44580,,msa,44580,,2014
"Stevens Point, WI Micro Area",664,569,617,598,2290,8872,622,2270,30224,649580,33823,9861,66882,39078,57780,44620,,msa,44620,,2014
"Stillwater, OK Micro Area",711,818,869,1107,5054,14889,1651,4250,34432,614180,35421,17878,70737,39742,65019,44660,,msa,44660,,2014
"Stockton-Lodi, CA Metro Area",1033,8017,6170,9531,27425,93759,5778,18267,235610,7581895,255858,132986,686706,324499,524915,44700,,msa,44700,,2014
"Storm Lake, IA Micro Area",581,209,103,61,258,2277,297,593,8228,129185,9514,2337,19326,11003,15847,44740,,msa,44740,,2014
"Sturgis, MI Micro Area",646,526,400,359,1185,5601,555,4844,27700,545530,24032,10696,59994,28366,47218,44780,,msa,44780,,2014
"Sulphur Springs, TX Micro Area",683,225,168,270,789,3756,607,1849,15092,295100,13850,7187,34854,16462,27423,44860,,msa,44860,,2014
"Summerville, GA Micro Area",581,254,47,166,470,2928,642,1575,10922,197250,8434,5606,23479,9814,20528,44900,,msa,44900,,2014
"Summit Park, UT Micro Area",1218,321,128,216,512,3171,322,13504,26929,428680,17433,3175,37748,20911,28825,44920,,msa,44920,,2014
"Sumter, SC Metro Area",735,1276,952,909,2881,14199,1865,6473,46497,933090,42072,19494,105089,50233,83746,44940,,msa,44940,,2014
"Sunbury, PA Micro Area",609,1099,600,706,1947,11155,1510,5825,44995,919575,39016,12673,89517,44707,77853,44980,,msa,44980,,2014
"Susanville, CA Micro Area",901,243,189,316,878,3573,324,2897,12718,174320,8759,3856,22566,10904,28848,45000,,msa,45000,,2014
"Sweetwater, TX Micro Area",560,67,93,165,216,1665,216,1673,7122,102595,6147,2716,14646,6927,11632,45020,,msa,45020,,2014
"Syracuse, NY Metro Area",760,6500,4570,6600,21233,83391,6229,32121,288917,6006060,288365,97650,633768,332256,533622,45060,,msa,45060,,2014
"Tahlequah, OK Micro Area",588,414,368,405,1147,5785,932,4711,21584,427760,18185,10370,45836,20839,37954,45140,,msa,45140,,2014
"Talladega-Sylacauga, AL Micro Area",600,748,614,628,2042,9776,1690,7894,43617,795860,32481,20443,89072,40661,74745,45180,,msa,45180,,2014
"Tallahassee, FL Metro Area",904,4932,3372,5132,19804,60745,6812,20203,164135,3621905,163552,81393,351830,193719,307506,45220,,msa,45220,,2014
"Tampa-St. Petersburg-Clearwater, FL Metro Area",951,34591,27221,39899,104015,394306,26558,227894,1362891,30389350,1169887,440551,2805897,1400372,2328792,45300,,msa,45300,,2014
"Taos, NM Micro Area",762,175,171,460,972,3636,569,7057,20296,246275,11962,7751,32716,16240,27173,45340,,msa,45340,,2014
"Taylorville, IL Micro Area",606,277,286,175,626,3657,333,1447,15536,361270,14629,4809,32482,16463,28019,45380,,msa,45380,,2014
"Terre Haute, IN Metro Area",674,1907,1312,1465,5040,20939,2529,10081,74282,1535985,71334,29181,159732,80681,139557,45460,,msa,45460,,2014
"Texarkana, TX-AR Metro Area",692,1354,1013,1543,4467,18462,2362,8694,64647,1084635,57998,27537,142768,66211,117574,45500,,msa,45500,,2014
"The Dalles, OR Micro Area",734,176,130,386,932,3405,435,1804,11399,153940,9501,4196,24878,11776,20340,45520,,msa,45520,,2014
"The Villages, FL Metro Area",780,444,255,351,868,4461,770,12643,58511,484325,19356,10324,94389,24675,96291,45540,,msa,48680,,2014
"Thomaston, GA Micro Area",675,463,279,235,955,3724,398,1788,12151,211350,9266,5875,26078,11316,21270,45580,,msa,45580,,2014
"Thomasville, GA Micro Area",693,388,389,582,1684,7299,1943,2918,20270,331290,15782,11490,43711,18870,35074,45620,,msa,45620,,2014
"Tiffin, OH Micro Area",635,474,347,476,1123,6075,567,2489,24028,499065,24223,9068,53171,28061,44802,45660,,msa,45660,,2014
"Tifton, GA Micro Area",602,288,388,409,1099,5600,1026,2433,16399,306210,14805,10764,38818,16950,31542,45700,,msa,45700,,2014
"Toccoa, GA Micro Area",591,138,101,266,459,2343,238,3324,12584,214545,9833,4807,24868,11710,20471,45740,,msa,45740,,2014
"Toledo, OH Metro Area",675,6940,4959,7060,23512,88125,6779,29291,273306,5344605,263325,113298,591263,311845,484157,45780,,msa,45780,,2014
"Topeka, KS Metro Area",722,2431,1597,2870,6598,30204,2141,9968,104068,2121700,105854,33458,228606,119611,182784,45820,,msa,45820,,2014
"Torrington, CT Micro Area",946,1604,1029,1290,3501,17102,1813,12261,87490,2427650,91309,12633,184972,106828,154608,45860,,msa,45860,,2014
"Traverse City, MI Micro Area",828,867,843,1262,2826,12297,886,22880,81360,1365600,62359,17418,141803,73125,118883,45900,,msa,45900,,2014
"Trenton, NJ Metro Area",1135,3896,2788,4292,11947,45850,2534,12594,144069,4499315,163881,41005,351231,197580,297734,45940,,msa,45940,,2014
"Troy, AL Micro Area",592,385,430,201,1652,5396,878,2605,15514,266090,13991,8513,31253,16486,27473,45980,,msa,45980,,2014
"Truckee-Grass Valley, CA Micro Area",1190,850,891,1437,3163,11221,870,11994,52832,896310,35975,12163,97729,46953,82966,46020,,msa,46020,,2014
"Tucson, AZ Metro Area",813,11501,9722,12495,39202,147655,10893,58409,444564,9580030,395223,184229,967318,473652,796692,46060,,msa,46060,,2014
"Tullahoma-Manchester, TN Micro Area",653,644,680,830,2347,11483,1430,5555,45256,866830,38645,18129,97571,45933,80367,46100,,msa,46100,,2014
"Tulsa, OK Metro Area",749,9968,7570,9579,25681,124982,11108,45844,415564,8919520,419166,140168,938028,476753,738859,46140,,msa,46140,,2014
"Tupelo, MS Micro Area",644,1175,1042,797,2928,14205,1962,7881,58689,1209090,57230,24620,135748,64031,106983,46180,,msa,46180,,2014
"Tuscaloosa, AL Metro Area",756,1942,1305,1993,7943,27668,3315,21573,103348,2168430,94865,43871,222773,109034,188906,46220,,msa,46220,,2014
"Twin Falls, ID Micro Area",697,1042,739,1112,2275,12365,1357,3302,39569,723325,42115,16185,99707,48148,75895,46300,,msa,46300,,2014
"Tyler, TX Metro Area",841,2393,1937,2010,6290,26982,2271,8717,87806,2029445,90402,35447,209871,103712,166594,46340,,msa,46340,,2014
"Ukiah, CA Micro Area",972,1071,1062,1496,4274,14558,1462,6845,40538,610900,33118,17395,86121,42251,70525,46380,,msa,46380,,2014
"Union City, TN-KY Micro Area",570,375,316,464,948,5045,728,2838,17996,272995,14041,7420,37011,16650,30333,46460,,msa,46460,,2014
"Urbana, OH Micro Area",708,214,351,374,740,3913,340,1550,16713,451545,16840,4868,38666,19827,31364,46500,,msa,46500,,2014
"Urban Honolulu, HI Metro Area",1528,12754,10401,13783,37934,139799,10028,29689,339830,12821570,463757,92129,944550,519554,785129,46520,,msa,46520,,2014
"Utica-Rome, NY Metro Area",692,3122,2314,2887,9163,38382,3302,20027,137431,2561180,125457,46552,284407,145299,241758,46540,,msa,46540,,2014
"Uvalde, TX Micro Area",649,248,169,144,464,2570,542,2297,10919,181285,10143,6166,26064,11891,20061,46620,,msa,46620,,2014
"Valdosta, GA Metro Area",751,1769,1285,2275,5707,22749,2738,7248,58687,1088180,56081,35983,137887,68192,111022,46660,,msa,46660,,2014
"Vallejo-Fairfield, CA Metro Area",1290,5274,3709,5352,15990,56706,2782,11248,153769,5194425,175925,53317,408529,214300,333972,46700,,msa,46700,,2014
"Valley, AL Micro Area",664,436,251,411,1095,4570,827,3043,16944,322750,12812,8051,33653,15134,27605,46740,,msa,46740,,2014
"Van Wert, OH Micro Area",635,210,156,251,378,2718,335,1274,12662,230670,12335,3747,28095,14345,22551,46780,,msa,46780,,2014
"Vermillion, SD Micro Area",676,108,90,253,972,2488,128,518,5703,94490,6383,3292,11666,7770,11865,46820,,msa,46820,,2014
"Vernal, UT Micro Area",964,176,39,133,597,2737,195,1405,12453,272325,14259,3980,34135,15702,24075,46860,,msa,46860,,2014
"Vernon, TX Micro Area",590,106,214,59,181,1820,202,1040,6293,78020,5759,2562,12929,6422,10384,46900,,msa,46900,,2014
"Vicksburg, MS Micro Area",658,565,438,514,1645,7196,1394,4555,26085,409520,21604,14291,56644,24992,44797,46980,,msa,46980,,2014
"Victoria, TX Metro Area",777,925,831,970,2586,11629,910,4117,39302,866160,41628,16560,94746,47343,74511,47020,,msa,47020,,2014
"Vidalia, GA Micro Area",553,383,379,470,950,4886,953,2274,16019,276920,13476,8994,35051,15239,27829,47080,,msa,47080,,2014
"Vincennes, IN Micro Area",628,422,259,354,1083,4970,585,2285,16990,328015,16923,5252,35364,18675,31079,47180,,msa,47180,,2014
"Vineland-Bridgeton, NJ Metro Area",978,1450,1220,1645,5500,16831,851,5731,56130,1417560,59624,26192,145322,72184,124247,47220,,msa,47220,,2014
"Vineyard Haven, MA Micro Area",1461,70,40,112,287,1287,168,11508,17347,114715,7738,1891,16786,9239,14100,47240,,msa,47240,,2014
"Virginia Beach-Norfolk-Newport News, VA-NC Metro Area",1082,23479,17025,22920,58975,236921,12696,69884,696858,18968520,793851,199333,1631213,912142,1351489,47260,,msa,47260,,2014
"Visalia-Porterville, CA Metro Area",826,4656,3544,5823,15164,56732,3973,11163,143869,3495825,160044,122044,445056,197879,322441,47300,,msa,47300,,2014
"Wabash, IN Micro Area",636,216,188,251,646,3088,480,1358,14135,262070,14120,4567,30562,15968,26353,47340,,msa,47340,,2014
"Waco, TX Metro Area",760,2702,2424,3054,9788,36949,3316,12563,103952,2052585,107771,53053,246198,121637,200720,47380,,msa,47380,,2014
"Wahpeton, ND-MN Micro Area",493,82,77,147,419,2404,212,1281,10660,207045,11197,2288,21576,12659,18445,47420,,msa,47420,,2014
"Walla Walla, WA Metro Area",708,893,425,781,1925,8511,574,2370,25774,395040,25813,9759,58249,29707,51054,47460,,msa,47460,,2014
"Wapakoneta, OH Micro Area",652,160,206,307,789,4647,366,1486,19601,427655,21409,4148,45144,23992,35836,47540,,msa,47540,,2014
"Warner Robins, GA Metro Area",809,1529,1412,2199,5041,22806,1929,9142,75531,1641705,77305,30925,179080,90051,144007,47580,,msa,47580,,2014
"Warren, PA Micro Area",585,300,222,259,649,3888,473,6416,23445,355490,17497,5224,40221,19779,33996,47620,,msa,47620,,2014
"Warrensburg, MO Micro Area",732,649,300,577,2105,7821,787,1753,21665,531795,24785,8619,49472,28225,43175,47660,,msa,47660,,2014
"North Port-Sarasota-Bradenton, FL Metro Area",976,7816,5879,8157,22100,85266,6520,98369,404534,6177410,268013,94428,713110,320795,611740,35840,,msa,35840,,2014
"North Vernon, IN Micro Area",720,164,114,79,665,2552,390,1472,12057,308230,11582,4588,27750,13721,22054,35860,,msa,35860,,2014
"North Wilkesboro, NC Micro Area",586,361,273,622,2042,7199,1260,5666,33021,592775,24873,16539,67969,30529,55906,35900,,msa,35900,,2014
"Norwalk, OH Micro Area",622,552,427,479,1064,6132,456,2643,25150,563230,25516,8115,58437,29201,45726,35940,,msa,35940,,2014
"Norwich-New London, CT Metro Area",1024,3670,2447,3191,6515,35073,2234,14214,121096,2971025,131588,23856,261570,152534,223639,35980,,msa,35980,,2014
"Oak Harbor, WA Micro Area",1076,964,779,917,2059,10350,659,7638,40458,906875,32721,7539,76968,39494,64827,36020,,msa,36020,,2014
"Ocala, FL Metro Area",819,2580,2260,3109,8081,32089,3726,30594,163731,2662855,107576,59591,325876,134144,279068,36100,,msa,36100,,2014
"Ocean City, NJ Metro Area",1042,963,588,872,2852,10139,1301,57561,98630,910285,40823,10483,94168,48602,81077,36140,,msa,36140,,2014
"Odessa, TX Metro Area",849,1113,1047,1111,3031,17320,2148,4334,54548,1333730,64787,20788,142651,71150,106375,36220,,msa,36220,,2014
"Ogden-Clearfield, UT Metro Area",833,4519,2830,4076,9270,48624,3192,12525,208260,5875370,264296,60483,609171,297274,437175,36260,,msa,36260,,2014
"Ogdensburg-Massena, NY Micro Area",698,891,681,961,3087,12212,1383,10603,52182,863010,41840,19710,99910,50617,91462,36300,,msa,36300,,2014
"Oil City, PA Micro Area",586,421,269,396,1041,5303,689,4973,27385,489360,22741,8487,53124,26024,44374,36340,,msa,36340,,2014
"Okeechobee, FL Micro Area",699,264,260,266,788,3675,586,5122,18335,305195,12610,10161,36405,15446,31448,36380,,msa,36380,,2014
"Oklahoma City, OK Metro Area",774,13452,9988,13896,40452,173546,14051,57080,547093,12975795,586938,198577,1265843,657958,1007827,36420,,msa,36420,,2014
"Olean, NY Micro Area",617,597,597,700,1957,8990,803,9250,41048,704925,32575,13598,76841,37789,63200,36460,,msa,36460,,2014
"Olympia-Tumwater, WA Metro Area",1056,3304,2178,2883,7979,35676,1982,8543,110073,2787090,113413,30320,255767,133037,207683,36500,,msa,36500,,2014
"Omaha-Council Bluffs, NE-IA Metro Area",807,9699,6306,9258,25257,115554,6056,27366,368272,8761090,436154,106731,868565,487770,679739,36540,,msa,36540,,2014
"Orangeburg, SC Micro Area",667,785,695,570,2631,10741,2712,8504,42340,845380,32277,21816,88184,38984,72820,36700,,msa,36700,,2014
"Oneonta, NY Micro Area",775,427,328,489,1963,6197,657,6913,30711,572895,25836,9288,56755,30658,52519,36580,,msa,36580,,2014
"Ontario, OR-ID Micro Area",617,509,401,638,1478,6071,699,2179,20632,320680,18158,11958,49916,22522,40873,36620,,msa,36620,,2014
"Opelousas, LA Micro Area",578,622,600,778,2354,9110,1604,5276,35940,790360,29760,22819,82248,33294,63337,36660,,msa,36660,,2014
"Orlando-Kissimmee-Sanford, FL Metro Area",1032,26355,21835,31047,85511,295184,16607,175536,955148,26294830,968649,353087,2185714,1157509,1778559,36740,,msa,36740,,2014
"Oshkosh-Neenah, WI Metro Area",673,1703,1136,1924,4959,23330,778,5277,73761,1519590,81528,19961,159429,90647,136631,36780,,msa,36780,,2014
"Oskaloosa, IA Micro Area",582,179,125,144,487,2707,239,651,9735,181935,10076,3159,21699,11853,17610,36820,,msa,36820,,2014
"Othello, WA Micro Area",669,262,57,128,354,2051,344,437,6264,126630,7280,4348,18676,8746,13017,36830,,msa,36830,,2014
"Ottawa, KS Micro Area",725,333,90,169,687,2821,134,1203,11136,280440,11539,3437,25030,13436,19871,36840,,msa,36840,,2014
"Ottawa-Peru, IL Micro Area",672,990,920,989,3192,15205,1591,8220,68649,1485345,66580,18860,149353,78568,122504,36860,,msa,36860,,2014
"Ottumwa, IA Micro Area",613,442,246,333,1032,4642,649,1955,19648,354905,18738,8504,43042,21787,34751,36900,,msa,36900,,2014
"Owatonna, MN Micro Area",713,214,228,440,765,3328,227,1048,15387,309295,17476,3932,35848,19689,28200,36940,,msa,36940,,2014
"Owensboro, KY Metro Area",634,969,674,1333,2644,13264,1449,4857,49968,947870,48813,18191,112965,54593,90570,36980,,msa,36980,,2014
"Paris, TN Micro Area",609,254,96,280,688,3515,643,3713,17030,261060,11796,6260,31649,14250,26027,37540,,msa,37540,,2014
"Paris, TX Micro Area",645,458,362,469,1621,6522,765,3566,22531,389830,20171,9218,48708,23033,39182,37580,,msa,37580,,2014
"Parkersburg-Vienna, WV Metro Area",611,842,748,945,2155,10353,1322,5125,43450,769425,37638,15395,90830,43392,74894,37620,,msa,37620,,2014
"Parsons, KS Micro Area",579,315,137,132,435,2497,282,1573,10068,154065,9067,3382,20723,10237,16664,37660,,msa,37660,,2014
"Payson, AZ Micro Area",735,422,219,733,1075,5752,935,12101,32925,348135,16816,11705,52263,20667,43457,37740,,msa,37740,,2014
"Pecos, TX Micro Area",616,54,30,82,107,1053,229,927,4632,79995,4633,2128,11461,5256,11185,37780,,msa,37780,,2014
"Pensacola-Ferry Pass-Brent, FL Metro Area",913,6207,4238,5687,12112,57603,4370,33772,203750,4422665,186628,67230,436765,229561,373211,37860,,msa,37860,,2014
"Peoria, IL Metro Area",700,3612,2719,3082,8391,43410,3357,12849,164900,3474320,168477,48245,370308,191885,300212,37900,,msa,37900,,2014
"Peru, IN Micro Area",646,232,215,277,509,3389,619,2138,15384,332655,13917,5733,34227,16614,29393,37940,,msa,37940,,2014
"Philadelphia-Camden-Wilmington, PA-NJ-DE-MD Metro Area",1011,57334,43205,62332,198588,715073,49575,211100,2440139,76524515,2660936,772960,5866415,3143609,4807950,37980,,msa,37980,,2014
"Owosso, MI Micro Area",675,442,440,515,1368,6408,656,2749,30184,782150,27820,10638,68503,33445,55781,37020,,msa,37020,,2014
"Oxford, MS Micro Area",799,379,321,537,2573,6732,710,6623,23180,368855,20639,11772,45086,24077,41959,37060,,msa,37060,,2014
"Oxford, NC Micro Area",752,296,146,449,1093,5063,601,3042,23025,633205,22443,8653,54701,26489,46551,37080,,msa,37080,,2014
"Oxnard-Thousand Oaks-Ventura, CA Metro Area",1494,9102,7187,10663,26252,95192,3779,15218,283047,9142610,364502,91912,824329,438567,652229,37100,,msa,37100,,2014
"Ozark, AL Micro Area",621,563,396,609,1357,7517,921,3323,22793,414655,20499,9114,48674,23941,39410,37120,,msa,37120,,2014
"Paducah, KY-IL Micro Area",606,1004,562,968,2534,11787,1186,6639,47048,763185,40087,16774,96344,45640,79184,37140,,msa,37140,,2014
"Pahrump, NV Micro Area",803,512,215,331,1514,5279,394,4248,22051,337035,12877,7891,42420,16461,35766,37220,,msa,37220,,2014
"Palatka, FL Micro Area",655,604,527,507,2020,6905,704,9119,36961,642560,23169,19019,71707,28107,58984,37260,,msa,37260,,2014
"Palestine, TX Micro Area",715,275,313,287,1038,4557,743,3512,20122,417195,19388,8288,45585,21343,48072,37300,,msa,37300,,2014
"Palm Bay-Melbourne-Titusville, FL Metro Area",904,5897,3424,6161,15462,61202,5178,49423,271005,5131355,212680,76083,541773,259181,457880,37340,,msa,37340,,2014
"Pampa, TX Micro Area",644,131,83,134,419,2195,400,1720,10123,170460,9205,2866,20985,10050,17629,37420,,msa,37420,,2014
"Panama City, FL Metro Area",927,2541,1971,2703,6409,27530,2341,36254,109023,1758125,80543,27219,183018,93658,153184,37460,,msa,37460,,2014
"Paragould, AR Micro Area",662,368,321,484,1195,5820,905,1571,18181,337400,16804,7516,42190,19402,33526,37500,,msa,37500,,2014
"Phoenix-Mesa-Scottsdale, AZ Metro Area",953,50203,37073,52147,135212,584752,42075,269793,1820165,45408450,1760548,728145,4260900,2094020,3347861,38060,,msa,38060,,2014
"Picayune, MS Micro Area",790,322,359,422,899,4901,1300,3667,24282,663805,19527,11818,53946,23189,43766,38100,,msa,38100,,2014
"Pierre, SD Micro Area",593,191,62,175,398,2981,267,947,9921,129945,11629,2036,20711,12533,17292,38180,,msa,38180,,2014
"Pine Bluff, AR Metro Area",656,844,633,974,3006,12291,1790,6106,42059,767345,34372,21220,87680,41219,77676,38220,,msa,38220,,2014
"Pinehurst-Southern Pines, NC Micro Area",740,681,577,714,1818,9353,1466,7600,44547,840525,34741,14609,89656,40277,73423,38240,,msa,38240,,2014
"Pittsburg, KS Micro Area",683,663,503,557,1454,6131,682,2479,17843,286980,17715,8102,37392,19833,31535,38260,,msa,38260,,2014
"Pittsburgh, PA Metro Area",722,23278,16262,20723,65518,297819,25528,113984,1103639,28047400,1066557,282867,2299786,1223277,1952680,38300,,msa,38300,,2014
"Pittsfield, MA Metro Area",754,1904,1000,1326,4103,17416,979,13060,68429,1180715,57948,15746,124013,68715,109102,38340,,msa,38340,,2014
"Plainview, TX Micro Area",596,339,152,273,734,4325,729,1889,13533,216085,13651,7976,33014,15921,26836,38380,,msa,38380,,2014
"Platteville, WI Micro Area",662,530,259,503,1064,5683,664,2223,21695,497065,23957,7851,47266,27181,41754,38420,,msa,38420,,2014
"Plattsburgh, NY Micro Area",736,750,795,738,2601,10146,961,3933,35909,711375,34134,11268,73996,38728,68580,38460,,msa,38460,,2014
"Plymouth, IN Micro Area",653,226,320,306,756,4063,413,2451,19919,428045,20196,6147,46261,23640,36210,38500,,msa,38500,,2014
"Pocatello, ID Metro Area",627,774,680,622,2456,9427,476,2995,33272,671250,35343,13018,81074,40818,63109,38540,,msa,38540,,2014
"Point Pleasant, WV-OH Micro Area",554,272,173,257,978,4900,1088,4608,26839,543145,20005,10719,56389,23040,46457,38580,,msa,38580,,2014
"Ponca City, OK Micro Area",621,372,262,431,932,5460,532,3383,21655,325660,19048,8126,44727,21480,35550,38620,,msa,38620,,2014
"Ponce, PR Metro Area",394,1318,1057,1420,5512,31872,15663,27330,138351,2028275,83424,177192,333440,114970,267232,38660,,msa,38660,,2014
"Pontiac, IL Micro Area",629,266,186,171,605,3937,512,1336,15851,319205,15272,3718,34211,17384,31206,38700,,msa,38700,,2014
"Poplar Bluff, MO Micro Area",606,452,489,444,1196,5684,732,2910,19683,293220,16978,8063,41811,19538,34042,38740,,msa,38740,,2014
"Portales, NM Micro Area",697,270,220,298,794,2939,432,1053,8251,124865,8223,5249,18882,9470,15437,38780,,msa,38780,,2014
"Port Angeles, WA Micro Area",832,983,727,1116,2090,9454,636,4727,35690,536905,25657,10651,70569,30845,60922,38820,,msa,38820,,2014
"Port Clinton, OH Micro Area",703,304,237,290,683,3496,288,10584,27950,416060,18164,4204,40714,20717,34110,38840,,msa,38840,,2014
"Portland-South Portland, ME Metro Area",920,5856,4653,5519,14868,63503,4337,50136,264243,6160290,250463,57052,507157,289440,425610,38860,,msa,38860,,2014
"Portland-Vancouver-Hillsboro, OR-WA Metro Area",968,29669,22921,32939,85967,343653,15699,55810,933888,25457395,1004870,313670,2254504,1215597,1820979,38900,,msa,38900,,2014
"Port Lavaca, TX Micro Area",742,70,77,364,471,2307,316,3662,11535,191470,8692,4203,21287,10009,16524,38920,,msa,38920,,2014
"Port St. Lucie, FL Metro Area",977,3931,2833,4894,13012,43114,3842,47589,215521,4219285,156058,69264,427703,195623,357354,38940,,msa,38940,,2014
"Portsmouth, OH Micro Area",550,487,440,819,2222,9185,1610,4542,34100,678795,26465,18284,74570,31209,63070,39020,,msa,39020,,2014
"Pottsville, PA Micro Area",627,1384,491,1086,2472,14702,1762,10110,69232,1566005,60649,18679,139848,69989,121675,39060,,msa,39060,,2014
"Prescott, AZ Metro Area",850,2190,1848,2329,7080,27460,2724,19783,111291,1685685,73527,33813,210479,91282,179963,39140,,msa,39150,,2014
"Price, UT Micro Area",594,194,84,180,365,2355,171,1752,9586,139095,8691,2885,20414,9947,16027,39220,,msa,39220,,2014
"Prineville, OR Micro Area",724,172,191,210,768,2832,382,1282,10259,138265,6970,4291,20639,9187,17087,39260,,msa,39260,,2014
"Providence-Warwick, RI-MA Metro Area",885,23356,15086,19794,58636,241873,14173,73091,693661,18301735,734878,211778,1547987,863591,1309631,39300,,msa,39300,,2014
"Provo-Orem, UT Metro Area",880,3991,3152,4408,11681,48138,2900,7541,156076,4649955,217535,74135,538134,253706,375399,39340,,msa,39340,,2014
"Pueblo, CO Metro Area",761,1774,1544,2211,5958,22043,1362,6955,69784,1281800,62464,30102,156001,73695,126659,39380,,msa,39380,,2014
"Pullman, WA Micro Area",695,487,389,723,3952,9446,977,2374,19548,284070,18775,12948,39557,22617,39903,39420,,msa,39420,,2014
"Punta Gorda, FL Metro Area",900,1054,1002,1644,3875,15147,1456,30011,100959,1175935,49673,20343,159806,62814,143862,39460,,msa,39460,,2014
"Quincy, IL-MO Micro Area",580,731,449,720,1841,8821,918,3703,34411,609760,35462,10503,74866,40105,61525,39500,,msa,39500,,2014
"Racine, WI Metro Area",783,2078,1332,2092,5302,22645,1263,7145,82223,2029835,86220,25174,189941,100053,152991,39540,,msa,39540,,2014
"Raleigh, NC Metro Area",912,12638,8101,13758,32607,148533,7534,40147,480522,13493000,542556,142508,1163236,640295,916690,39580,,msa,39580,,2014
"Rapid City, SD Metro Area",779,1490,1258,1398,3234,17420,1470,6680,61759,1213565,66922,16207,134876,75152,109270,39660,,msa,39660,,2014
"Warsaw, IN Micro Area",698,415,251,436,1222,6733,639,7849,37263,737865,35203,9401,76080,40340,60515,47700,,msa,47700,,2014
"Washington, IN Micro Area",595,148,120,199,429,2949,373,1021,12483,298885,13464,4036,31553,15012,23806,47780,,msa,47780,,2014
"Washington, NC Micro Area",653,371,317,422,1265,5630,1097,6161,25055,417115,17574,9362,47124,21157,38444,47820,,msa,47820,,2014
"Washington-Arlington-Alexandria, DC-VA-MD-WV Metro Area",1479,72462,53072,66708,165745,767473,35062,154004,2266555,100063525,2920249,483149,5758974,3359925,4635879,47900,,msa,47900,,2014
"Washington Court House, OH Micro Area",701,449,250,383,1045,4461,342,1139,12671,258070,11779,5142,28183,13713,22748,47920,,msa,47920,,2014
"Waterloo-Cedar Falls, IA Metro Area",682,1676,996,1401,5476,19919,1351,5062,71908,1332550,80967,23582,161010,91636,136086,47940,,msa,47940,,2014
"Watertown, SD Micro Area",600,202,290,307,486,3642,289,861,12527,207070,14189,2899,27193,15709,21515,47980,,msa,47980,,2014
"Watertown-Fort Atkinson, WI Micro Area",761,757,571,746,1674,9231,538,2953,35220,952990,41045,9064,80804,46704,67076,48020,,msa,48020,,2014
"Watertown-Fort Drum, NY Metro Area",941,1598,1156,1382,3630,19833,2713,13486,58308,936140,50946,16917,112769,60090,91718,48060,,msa,48060,,2014
"Wauchula, FL Micro Area",648,217,114,91,560,2132,250,2133,9667,226155,9053,7910,25716,10726,20809,48100,,msa,48100,,2014
"Wausau, WI Metro Area",690,1343,577,1358,2935,14145,928,4648,58040,1243650,65711,15171,132896,74898,106643,48140,,msa,48140,,2014
"Waycross, GA Micro Area",633,463,512,425,1316,6802,1317,3770,24329,421795,19544,12482,52037,22330,43150,48180,,msa,48180,,2014
"Weatherford, OK Micro Area",614,296,126,143,866,4117,638,2020,12322,240950,13113,4486,26984,14310,22393,48220,,msa,48220,,2014
"Weirton-Steubenville, WV-OH Metro Area",598,1146,593,1093,2749,14041,1937,6823,58055,1239600,49041,19552,118780,56145,101711,48260,,msa,48260,,2014
"Wenatchee, WA Metro Area",784,893,1081,984,2220,13468,1343,10532,51855,882160,47008,16892,111807,54912,87477,48300,,msa,48300,,2014
"Kalamazoo-Portage, MI Metro Area",718,3498,2935,3827,11250,42055,3131,18607,146827,3004505,143217,61322,321140,169229,263709,28020,,msa,28020,,2014
"Kalispell, MT Micro Area",771,1164,862,830,2366,11088,908,10111,47184,741110,39045,12490,91225,46998,73641,28060,,msa,28060,,2014
"Kankakee, IL Metro Area",808,936,596,1090,3236,13029,982,3759,45189,1108465,47102,17207,108284,55623,88144,28100,,msa,28100,,2014
"Kansas City, MO-KS Metro Area",839,21996,15576,20708,61420,267043,16470,84204,876997,21492050,944209,253896,2008075,1084321,1582217,28140,,msa,28140,,2014
"Kapaa, HI Micro Area",1265,852,453,744,1684,8349,834,7717,30112,655050,29799,7920,67669,34964,55049,28180,,msa,28180,,2014
"Kearney, NE Micro Area",708,424,411,792,1160,7213,619,1590,22254,433565,28201,5905,51286,31274,42368,28260,,msa,28260,,2014
"Keene, NH Micro Area",938,1031,597,951,2235,9060,535,4123,34782,806255,35913,8427,71764,42948,63932,28300,,msa,28300,,2014
"Kendallville, IN Micro Area",641,482,216,338,641,4321,407,2444,20147,473335,20567,5930,46446,23924,36621,28340,,msa,28340,,2014
"Kennett, MO Micro Area",512,391,469,502,789,4787,580,1637,14364,221985,11138,8271,30967,12727,24597,28380,,msa,28380,,2014
"Kennewick-Richland, WA Metro Area",812,2061,1657,2762,6462,29295,1707,5377,96209,2384945,110950,40836,262419,126753,196930,28420,,msa,28420,,2014
"Kerrville, TX Micro Area",782,491,225,497,1184,5899,778,3569,23922,366295,19213,7818,48239,22409,41116,28500,,msa,28500,,2014
"Ketchikan, AK Micro Area",1054,220,116,205,455,2320,183,894,6199,86385,6508,1540,13438,7495,10820,28540,,msa,28540,,2014
"Key West, FL Micro Area",1400,1146,878,1339,3457,11213,670,24443,52861,666335,35503,10240,73684,41373,65228,28580,,msa,28580,,2014
"Kill Devil Hills, NC Micro Area",1014,384,321,321,880,4961,581,19392,35699,365060,18485,3957,37922,21471,31888,28620,,msa,28620,,2014
"Killeen-Temple, TX Metro Area",871,5187,4265,5026,9545,57786,4687,29161,164223,3574670,177492,57331,395077,202174,313229,28660,,msa,28660,,2014
"Kingsport-Bristol-Bristol, TN-VA Metro Area",600,2523,1914,2973,6480,33563,4326,17512,147174,2769515,121784,51408,302814,141713,253574,28700,,msa,28700,,2014
"Kingston, NY Metro Area",1014,2005,1554,1714,6187,21146,1919,14350,83738,2162585,77744,21385,174070,95498,151331,28740,,msa,28740,,2014
"Wichita, KS Metro Area",718,6662,5146,6761,16513,80775,5761,26732,268563,5446290,286642,89746,624991,326005,485760,48620,,msa,48620,,2014
"West Plains, MO Micro Area",553,330,334,345,1261,5109,781,1986,18046,284155,15056,9062,39719,17448,31465,48460,,msa,48460,,2014
"Wheeling, WV-OH Metro Area",554,1567,662,1087,2914,16064,2187,8847,69283,1340765,60711,21337,139142,68994,121406,48540,,msa,48540,,2014
"Whitewater-Elkhorn, WI Micro Area",820,1073,694,1146,2991,12750,929,11752,51598,1221840,48976,13570,99933,56741,82456,48580,,msa,48580,,2014
"Wichita Falls, TX Metro Area",729,1503,1047,1526,4210,19326,1399,9725,65042,1054050,65388,22213,137896,75104,120521,48660,,msa,48660,,2014
"Williamsport, PA Metro Area",699,919,855,1136,3090,13819,1319,6578,52586,1029980,51445,16395,111109,58716,95528,48700,,msa,48700,,2014
"Williston, ND Micro Area",756,169,72,143,490,3563,335,1950,13063,245760,14093,2179,26541,15250,21229,48780,,msa,48780,,2014
"Willmar, MN Micro Area",664,402,262,437,1006,4353,352,2696,19581,360235,20610,5561,41642,23145,33501,48820,,msa,48820,,2014
"Wilmington, NC Metro Area",893,3473,2507,3965,11103,41542,2811,22617,129947,2534220,115559,46546,256916,139275,215969,48900,,msa,48900,,2014
"Wilmington, OH Micro Area",685,467,238,303,1270,5588,641,2023,18075,445505,17187,6855,40555,20486,32757,48940,,msa,48940,,2014
"Wilson, NC Micro Area",727,1024,931,1074,3280,12801,1080,3617,35643,647170,32481,19140,79870,38814,64020,48980,,msa,48980,,2014
"Winchester, VA-WV Metro Area",893,1236,1170,1592,3240,17256,2778,7017,57521,1725095,58289,13482,128193,66255,104020,49020,,msa,49020,,2014
"Winnemucca, NV Micro Area",781,66,50,112,261,1651,261,1073,7165,229550,7412,1671,16635,8631,12842,49080,,msa,49080,,2014
"Winona, MN Micro Area",629,356,267,256,1714,5674,377,1796,20877,452125,26121,7109,47160,30398,42855,49100,,msa,49100,,2014
"Winston-Salem, NC Metro Area",696,6676,4664,6403,19158,80538,7056,32596,288897,6179910,270983,113423,634233,319691,514122,49180,,msa,49180,,2014
"Wisconsin Rapids-Marshfield, WI Micro Area",613,646,501,697,1598,8122,601,2083,34198,652875,34238,8216,73174,38859,59668,49220,,msa,49220,,2014
"Woodward, OK Micro Area",654,178,99,50,426,2050,207,1621,8867,177840,9202,2854,19704,9970,16012,49260,,msa,49260,,2014
"Wooster, OH Micro Area",666,1142,534,711,2226,11404,956,3268,45861,1043480,50165,14888,111162,56947,89505,49300,,msa,49300,,2014
"Worcester, MA-CT Metro Area",920,11120,7226,9522,27589,117759,6682,32412,377254,11925550,429145,103293,894426,502120,743152,49340,,msa,49340,,2014
"Worthington, MN Micro Area",602,198,118,184,414,2214,201,723,8561,168830,9719,3448,21249,11090,16551,49380,,msa,49380,,2014
"Yakima, WA Metro Area",771,2755,2327,3009,7151,30430,2297,6289,86006,1866210,94530,54474,242320,111418,179724,49420,,msa,49420,,2014
"Yankton, SD Micro Area",571,219,86,134,485,2583,293,888,9728,160430,10786,2865,20888,11708,18258,49460,,msa,49460,,2014
"York-Hanover, PA Metro Area",838,3446,2620,3957,9684,42101,2754,11534,179812,5526970,204592,44374,429027,235684,349859,49620,,msa,49620,,2014
"Youngstown-Warren-Boardman, OH-PA Metro Area",627,5487,4081,5838,15377,67233,6978,28712,259029,4890420,226810,91116,539982,264082,456448,49660,,msa,49660,,2014
"Yuba City, CA Metro Area",892,2239,1586,2579,5575,23340,1750,5368,61803,1693275,59208,31750,165720,75902,126841,49700,,msa,49700,,2014
"Yuma, AZ Metro Area",847,1659,1740,1807,4655,21468,1941,18908,88823,1318225,69322,40145,193755,84806,153342,49740,,msa,49740,,2014
"Zanesville, OH Micro Area",637,837,768,1137,2360,11076,1080,3746,37906,857840,35038,16058,83487,40934,68178,49780,,msa,49780,,2014
"Zapata, TX Micro Area",431,96,43,0,228,925,218,1793,6217,101855,4923,5173,14179,5683,9868,49820,,msa,49820,,2014
"Klamath Falls, OR Micro Area",738,841,510,772,2756,9293,914,5664,32812,416975,23962,12068,64921,30262,53218,28900,,msa,28900,,2014
"Kingsville, TX Micro Area",735,358,287,502,1183,5333,659,1963,13153,234595,13482,7852,30734,15560,25476,28780,,msa,28780,,2014
"Kinston, NC Micro Area",662,624,372,830,2562,9390,1009,3750,27321,502145,23334,13758,58101,28079,46987,28820,,msa,28820,,2014
"Kirksville, MO Micro Area",570,351,220,277,1397,4303,407,2035,13388,230275,12089,6956,26899,13827,24879,28860,,msa,28860,,2014
"Knoxville, TN Metro Area",741,9718,6043,7883,23607,106411,12292,42936,383916,8226935,354388,134826,826485,408250,687456,28940,,msa,28940,,2014
"Laredo, TX Metro Area",745,1955,1530,2664,6778,25654,3375,7006,75508,1977450,91309,81776,255549,104285,179164,29700,,msa,29700,,2014
"Las Cruces, NM Metro Area",705,2294,1729,2333,7105,26336,2544,8365,82988,1723535,84559,57837,207701,101570,163412,29740,,msa,29740,,2014
"Las Vegas, NM Micro Area",636,163,145,255,897,3079,738,4275,15581,192095,9237,8096,27509,10576,23590,29780,,msa,29780,,2014
"Las Vegas-Henderson-Paradise, NV Metro Area",1009,28881,22357,32418,80188,335738,16813,135716,851131,20980310,866486,311679,1979101,1035500,1570602,29820,,msa,29820,,2014
"Laurel, MS Micro Area",628,498,443,535,1413,7756,1613,5468,36743,731440,31743,19171,83242,35632,65923,29860,,msa,29860,,2014
"Laurinburg, NC Micro Area",607,230,250,438,1299,4616,863,2253,15184,221530,10372,10559,33876,13208,28479,29900,,msa,29900,,2014
"Lawrence, KS Metro Area",860,1555,1218,1562,6609,21156,988,3610,47444,1161525,57254,19324,104698,65721,94239,29940,,msa,29940,,2014
"Lawrenceburg, TN Micro Area",563,379,142,315,854,4103,787,2233,18165,409560,15760,8050,41435,18816,32558,29980,,msa,29980,,2014
"Kokomo, IN Metro Area",647,752,451,1211,2665,10783,1086,4245,38631,676425,33409,14309,81599,39134,66093,29020,,msa,29020,,2014
"Laconia, NH Micro Area",899,446,380,392,1341,6285,628,12531,37541,766030,28588,6069,59323,32254,49812,29060,,msa,29060,,2014
"La Crosse-Onalaska, WI-MN Metro Area",732,1580,1035,1271,4192,17824,1171,3296,57461,1255435,67891,17756,129848,75951,110356,29100,,msa,29100,,2014
"Lafayette, LA Metro Area",717,3343,2911,4241,11634,55183,8105,21458,198738,5249190,209459,83085,466478,237709,368655,29180,,msa,29180,,2014
"Lafayette-West Lafayette, IN Metro Area",793,2949,1860,3302,9998,33528,2584,7594,85807,1713920,91756,39628,192532,105533,167898,29200,,msa,29200,,2014
"La Grande, OR Micro Area",680,169,210,269,1123,3638,324,1361,11495,172075,9875,4700,24993,11758,20692,29260,,msa,29260,,2014
"LaGrange, GA Micro Area",767,620,720,707,2742,9768,773,3608,28205,559645,26597,14583,66552,32208,52946,29300,,msa,29300,,2014
"Lake Charles, LA Metro Area",755,1563,1625,2033,4938,22956,3023,10300,87634,1785130,84416,33507,197733,96804,156960,29340,,msa,29340,,2014
"Lake City, FL Micro Area",776,419,318,532,1460,6729,914,4746,28460,547415,23376,12607,63145,29621,54420,29380,,msa,29380,,2014
"Lake Havasu City-Kingman, AZ Metro Area",799,1840,1601,2178,5708,25625,2773,31052,111581,1234360,64119,38836,195144,78614,167761,29420,,msa,29420,,2014
"Lakeland-Winter Haven, FL Metro Area",870,5793,4623,5837,17326,67112,6189,61061,281617,5832250,227824,111170,602537,274607,491189,29460,,msa,29460,,2014
"Lamesa, TX Micro Area",524,44,63,97,104,1254,398,835,5198,69345,4510,2192,11567,5146,10694,29500,,msa,29500,,2014
"Lancaster, PA Metro Area",896,5190,3764,5045,15543,59599,3466,10269,204772,5452940,239278,54151,512222,274840,412775,29540,,msa,29540,,2014
"Lansing-East Lansing, MI Metro Area",785,5754,4108,5226,18333,63970,3743,17433,199369,4307405,204513,78892,445829,240637,378776,29620,,msa,29620,,2014
"Laramie, WY Micro Area",727,478,426,711,2728,7711,575,2933,18373,226550,18311,9623,34856,21001,31736,29660,,msa,29660,,2014
"Lawton, OK Metro Area",767,1604,1170,1583,3783,19942,1566,7809,54333,965750,55457,21901,121928,66347,102471,30020,,msa,30020,,2014
"Lebanon, MO Micro Area",601,286,252,189,1082,4066,526,2028,15773,289350,13786,6765,34957,16081,27837,30060,,msa,30060,,2014
"Lebanon, PA Metro Area",761,1055,934,1178,2955,14791,1025,4050,55843,1406535,60848,14379,131886,69749,107540,30140,,msa,30140,,2014
"Levelland, TX Micro Area",671,139,196,139,274,2475,538,1175,9297,191950,10019,3396,22472,11437,17760,30220,,msa,30220,,2014
"Lewisburg, PA Micro Area",715,380,393,139,881,4185,374,1969,17027,334230,15772,4217,35737,19034,37777,30260,,msa,30260,,2014
"Lewisburg, TN Micro Area",643,411,181,161,565,3080,351,1464,13188,363210,12809,4749,30621,15023,24381,30280,,msa,30280,,2014
"Lewiston, ID-WA Metro Area",673,614,502,708,1549,8047,533,1725,27289,421720,26127,7847,60320,30212,49946,30300,,msa,30300,,2014
"Lewiston-Auburn, ME Metro Area",706,1460,953,1308,3727,15930,841,4796,49187,1149970,48525,16756,104279,56557,86084,30340,,msa,30340,,2014
"Lewistown, PA Micro Area",621,431,277,479,776,5214,671,2717,21539,433480,18576,7248,45877,21129,37294,30380,,msa,30380,,2014
"Lexington, NE Micro Area",646,197,129,110,427,2948,328,1885,11365,201275,12455,3452,25713,14062,19833,30420,,msa,30420,,2014
"Lexington-Fayette, KY Metro Area",749,5791,4736,6236,19144,78849,6919,19627,212020,4697630,225673,81396,465320,261055,386496,30460,,msa,30460,,2014
"Liberal, KS Micro Area",661,233,109,103,370,2545,135,654,8096,152925,10281,4162,22772,11809,16620,30580,,msa,30580,,2014
"Lima, OH Metro Area",652,980,797,1316,3371,13002,936,4739,44930,843845,44456,18629,101506,52083,83535,30620,,msa,30620,,2014
"Lincoln, IL Micro Area",610,193,208,332,543,3351,363,990,11898,223115,10647,3029,23408,11911,24976,30660,,msa,30660,,2014
"Lincoln, NE Metro Area",725,3959,3428,4054,11263,48916,2070,6920,129677,2949865,157757,43094,295748,176876,246271,30700,,msa,30700,,2014
"Little Rock-North Little Rock-Conway, AR Metro Area",765,7627,5839,7802,20667,95134,7901,38985,313270,7234810,321334,104356,703479,363463,561753,30780,,msa,30780,,2014
"Lock Haven, PA Micro Area",675,240,180,226,1099,4244,444,4098,19045,376360,16430,6248,37005,18791,32490,30820,,msa,30820,,2014
"Logan, UT-ID Metro Area",678,1347,804,979,2670,13171,1050,3059,42805,958135,55568,19396,124732,62898,91994,30860,,msa,30860,,2014
"Logan, WV Micro Area",555,102,196,269,577,3589,1159,2288,16732,281590,11066,6961,35457,13244,29479,30880,,msa,30880,,2014
"Logansport, IN Micro Area",629,252,267,233,902,3756,318,1640,16399,342310,16635,6435,37781,19074,30481,30900,,msa,30900,,2014
"London, KY Micro Area",566,1341,911,1182,3058,15803,2897,6417,55056,835895,41640,32357,123642,50520,99768,30940,,msa,30940,,2014
"Longview, TX Metro Area",744,1361,1311,1914,5858,24489,2653,10804,88328,2033030,89160,36689,207320,100275,169231,30980,,msa,30980,,2014
"Manitowoc, WI Micro Area",604,601,508,485,1334,8203,832,3263,37180,748040,38934,7878,79713,43540,65663,31820,,msa,31820,,2014
"Mankato-North Mankato, MN Metro Area",736,956,561,980,3215,11783,779,2523,39652,848880,50324,14832,91829,57419,79687,31860,,msa,31860,,2014
"Mansfield, OH Metro Area",625,1264,861,1206,2874,15007,1192,6210,54421,1002295,47731,18834,115397,55669,98693,31900,,msa,31900,,2014
"Marietta, OH Micro Area",592,503,176,524,1381,6133,738,3274,28197,561785,24611,9859,59545,28377,50540,31930,,msa,31930,,2014
"Marinette, WI-MI Micro Area",565,466,270,464,1368,6222,760,15477,44564,566550,27356,8778,63824,31891,54037,31940,,msa,31940,,2014
"Marion, IN Micro Area",628,707,417,482,1655,8049,898,3507,30336,506125,26647,12447,63935,32002,56441,31980,,msa,31980,,2014
"Longview, WA Metro Area",758,908,1209,1476,3839,13475,781,3686,43451,892160,37143,18511,100642,45765,80913,31020,,msa,31020,,2014
"Los Alamos, NM Micro Area",974,122,38,133,243,1876,41,834,8329,132135,8448,986,17851,9337,14388,31060,,msa,31060,,2014
"Los Angeles-Long Beach-Anaheim, CA Metro Area",1284,193143,154531,215828,659375,2157615,101404,275865,4520541,161136555,5585254,2197573,12868687,6740138,10357620,31080,,msa,31080,,2014
"Louisville/Jefferson County, KY-IN Metro Area",735,12865,9717,11672,36282,159928,11545,51970,543855,13227010,560782,181445,1226527,649203,992592,31140,,msa,31140,,2014
"Lubbock, TX Metro Area",801,3736,2970,4094,13096,47100,3937,12330,123581,2265915,137429,57861,286258,154776,233306,31180,,msa,31180,,2014
"Ludington, MI Micro Area",672,224,142,226,751,3031,353,5126,17259,208160,11335,4491,28287,13764,23356,31220,,msa,31220,,2014
"Lufkin, TX Micro Area",750,892,513,1015,2290,10463,1341,5107,35947,603810,33638,16909,84661,39246,66359,31260,,msa,31260,,2014
"Lumberton, NC Micro Area",601,1190,932,1288,3589,16349,3222,7080,52526,1052000,45661,41950,131193,54194,103153,31300,,msa,31300,,2014
"Lynchburg, VA Metro Area",741,2469,1601,2141,7145,28419,3551,14649,113464,2527335,110171,38505,243192,126138,209268,31340,,msa,31340,,2014
"Macomb, IL Micro Area",656,260,185,437,1658,4796,816,1854,14407,205285,13724,6664,27563,16168,27782,31380,,msa,31380,,2014
"Macon, GA Metro Area",743,2335,2188,3096,9177,32306,3967,17601,101904,1970075,85826,52099,223325,102346,181367,31420,,msa,31420,,2014
"Madera, CA Metro Area",937,1284,1064,1894,3766,16793,2133,6776,49499,1027590,40205,33290,143767,58101,114471,31460,,msa,31460,,2014
"Madison, IN Micro Area",679,306,266,380,611,3658,379,1569,14315,311080,13284,4630,30183,15715,26289,31500,,msa,31500,,2014
"Madison, WI Metro Area",892,8556,6224,7942,23832,97854,3890,15711,271435,6950735,321301,75824,603866,362779,500162,31540,,msa,31540,,2014
"Madisonville, KY Micro Area",597,350,259,284,973,5182,717,2704,21237,406995,18960,7867,45448,21349,37057,31580,,msa,31580,,2014
"Magnolia, AR Micro Area",604,143,74,288,679,3033,776,2064,11573,167495,9631,6123,22826,11251,19761,31620,,msa,31620,,2014
"Malone, NY Micro Area",655,409,348,502,1130,5420,724,6161,25292,376710,18489,9001,45612,22048,42300,31660,,msa,31660,,2014
"Malvern, AR Micro Area",677,206,191,227,748,3461,652,2271,14298,348315,13147,4543,31356,15023,26853,31680,,msa,31680,,2014
"Manchester-Nashua, NH Metro Area",1067,4914,3129,4244,11834,51038,2245,12518,166754,5304025,196199,33938,394777,229187,323150,31700,,msa,31700,,2014
"Manhattan, KS Metro Area",863,1403,1093,1339,4037,16916,2185,3654,37925,799780,46002,16712,87396,53522,78516,31740,,msa,31740,,2014
"Marion, NC Micro Area",575,349,122,330,968,5115,1195,3720,20862,382010,16099,8892,44075,19694,36562,32000,,msa,32000,,2014
"Marion, OH Micro Area",702,682,576,735,1822,7767,457,3211,27797,561035,25083,11438,59947,28858,53863,32020,,msa,32020,,2014
"Marquette, MI Micro Area",618,775,538,505,2029,8154,911,7738,34431,503030,28150,10597,63023,32385,56614,32100,,msa,32100,,2014
"Marshall, MN Micro Area",609,317,106,174,605,3271,226,1046,11122,198800,13025,3433,24577,14766,20064,32140,,msa,32140,,2014
"Marshall, MO Micro Area",586,291,182,192,535,2882,208,1234,10099,176880,10019,4195,21955,11325,18702,32180,,msa,32180,,2014
"Marshall, TX Micro Area",690,390,293,380,911,6068,1022,4329,27873,600105,27242,10618,65199,31619,51981,32220,,msa,32220,,2014
"Marshalltown, IA Micro Area",654,239,239,239,769,4105,318,1425,16779,306950,18017,4730,39712,20706,31810,32260,,msa,32260,,2014
"Martin, TN Micro Area",567,182,203,437,1176,4662,726,1858,15512,289020,13833,6900,32093,16499,28667,32280,,msa,32280,,2014
"Martinsville, VA Micro Area",591,490,499,706,1836,8506,1241,4924,33370,569175,24984,12752,65615,29840,54345,32300,,msa,32300,,2014
"Maryville, MO Micro Area",602,231,318,257,1148,3889,300,929,9565,166095,10835,5475,20051,12329,19750,32340,,msa,32340,,2014
"Mason City, IA Micro Area",604,495,395,408,1044,6274,561,2661,25719,421945,25176,6842,49966,28092,41865,32380,,msa,32380,,2014
"Mayaguez, PR Metro Area",395,659,499,679,2633,14065,5917,11465,48435,531450,24832,48368,100983,33563,85069,32420,,msa,32420,,2014
"Mayfield, KY Micro Area",577,188,105,424,900,3711,657,2482,16766,313615,14353,6811,36768,16923,29286,32460,,msa,32460,,2014
"Maysville, KY Micro Area",555,185,60,215,221,2069,390,1481,8117,177050,7062,3392,17048,7906,13741,32500,,msa,32500,,2014
"McAlester, OK Micro Area",661,489,308,335,900,5219,968,4291,22768,354675,17680,8457,42885,19646,36286,32540,,msa,32540,,2014
"McAllen-Edinburg-Mission, TX Metro Area",658,4874,4568,6564,17955,70929,9051,33811,254961,5941870,273136,275717,797048,326064,560891,32580,,msa,32580,,2014
"McComb, MS Micro Area",631,272,377,473,1262,5663,1338,4649,24531,495845,17815,14158,52081,21205,40918,32620,,msa,32620,,2014
"Boston, MA Metro Division; Boston-Cambridge-Newton, MA-NH Metro Area",1257,29323,20113,22802,77864,310362,18281,59166,789131,28972195,931177,229792,1859481,1086310,1583038,14460,14454,division,14454,14460,2014
"Cambridge-Newton-Framingham, MA Metro Division; Boston-Cambridge-Newton, MA-NH Metro Area",1217,30350,20170,25890,74459,325031,15280,51348,922053,31961295,1111127,208329,2225803,1290464,1864195,14460,15764,division,15764,14460,2014
"Rockingham County-Strafford County, NH Metro Division; Boston-Cambridge-Newton, MA-NH Metro Area",1055,3960,2771,3979,9700,43734,2004,15321,179496,5996565,210173,29789,411312,245536,344354,14460,40484,division,40484,14460,2014
"Chicago-Naperville-Arlington Heights, IL Metro Division; Chicago-Naperville-Elgin, IL-IN-WI Metro Area",992,82015,60372,82042,256729,981454,61492,286093,2949617,103272975,3256505,1041561,7206113,3894858,5766377,16980,16974,division,16984,16980,2014
"Elgin, IL Metro Division; Chicago-Naperville-Elgin, IL-IN-WI Metro Area",962,5319,4051,5306,16011,58796,3022,15196,223886,8123545,282943,77967,613450,333277,477000,16980,20994,division,20994,16980,2014
"Gary, IN Metro Division; Chicago-Naperville-Elgin, IL-IN-WI Metro Area",815,5638,3989,6139,19432,74655,7009,33515,295442,8122615,295756,111548,695793,345357,552882,16980,23844,division,29414,16980,2014
"Lake County-Kenosha County, IL-WI Metro Division; Chicago-Naperville-Elgin, IL-IN-WI Metro Area",990,7657,4915,6737,20182,80913,4917,25891,330310,11353200,393903,89293,847934,466745,671905,16980,29404,division,29404,16980,2014
"Dallas-Plano-Irving, TX Metro Division; Dallas-Fort Worth-Arlington, TX Metro Area",934,53952,42292,53965,138202,639416,30641,135986,1697474,54613795,2015853,649285,4370669,2340995,3348364,19100,19124,division,19124,19100,2014
"Fort Worth-Arlington, TX Metro Division; Dallas-Fort Worth-Arlington, TX Metro Area",898,24834,18777,26166,64227,291955,16995,75799,884366,27521860,1020264,329435,2242828,1170720,1726253,19100,23104,division,23104,19100,2014
"Warren-Troy-Farmington Hills, MI Metro Division; Detroit-Warren-Dearborn, MI Metro Area",887,21028,14789,21857,62656,259932,16587,80509,1069785,30381080,1111694,278646,2479878,1307987,2005386,19820,47664,division,47664,19820,2014
"Detroit-Dearborn-Livonia, MI Metro Division; Detroit-Warren-Dearborn, MI Metro Area",797,17232,13606,20127,78521,241135,24399,149553,817106,16403585,651828,438295,1770604,825942,1403413,19820,19804,division,19804,19820,2014
"Anaheim-Santa Ana-Irvine, CA Metro Division; Los Angeles-Long Beach-Anaheim, CA Metro Area",1522,40576,29784,42196,119988,419139,18859,56181,1058466,36518055,1375356,391705,3049290,1623143,2444040,31080,11244,division,11244,31080,2014
"Los Angeles-Long Beach-Glendale, CA Metro Division; Los Angeles-Long Beach-Anaheim, CA Metro Area",1221,152567,124747,173632,539387,1738476,82545,219684,3462075,124618500,4209898,1805868,9819397,5116995,7913580,31080,31084,division,31084,31080,2014
"Fort Lauderdale-Pompano Beach-Deerfield Beach, FL Metro Division; Miami-Fort Lauderdale-West Palm Beach, FL Metro Area",1179,21838,16476,25551,72286,236902,15404,145239,812817,22313555,811673,263443,1800091,979383,1464593,33100,22744,division,22744,33100,2014
"Miami-Miami Beach-Kendall, FL Metro Division; Miami-Fort Lauderdale-West Palm Beach, FL Metro Area",1098,32281,26489,42041,130401,375409,25580,161055,994596,32334605,1101363,524382,2557255,1318129,2116291,33100,33124,division,33124,33100,2014
"West Palm Beach-Boca Raton-Delray Beach, FL Metro Division; Miami-Fort Lauderdale-West Palm Beach, FL Metro Area",1158,12958,11329,16268,48740,157968,10202,138735,668464,13771520,557156,195174,1340577,675048,1120841,33100,48424,division,48424,33100,2014
"Dutchess County-Putnam County, NY Metro Division; New York-Newark-Jersey City, NY-NJ-PA Metro Area",1140,2660,2348,3177,11381,38565,2558,16099,157161,5950160,178844,30277,379545,212920,323893,35620,20524,division,20524,35620,2014
"Nassau County-Suffolk County, NY Metro Division; New York-Newark-Jersey City, NY-NJ-PA Metro Area",1536,16283,12657,17808,57048,190241,12464,99051,1037743,42740300,1311212,184047,2801948,1494024,2284083,35620,35004,division,35004,35620,2014
"Newark, NJ-PA Metro Division; New York-Newark-Jersey City, NY-NJ-PA Metro Area",1169,26648,21082,28343,85845,316505,15222,97533,979065,36174215,1125377,250312,2446492,1340737,1970769,35620,35084,division,35084,35620,2014
"New York-Jersey City-White Plains, NY-NJ Metro Division; New York-Newark-Jersey City, NY-NJ-PA Metro Area",1243,249335,170959,243585,807859,2865461,146131,516892,5660609,224386950,6178579,2316520,13886275,7292007,11356185,35620,35614,division,35614,35620,2014
"Camden, NJ Metro Division; Philadelphia-Camden-Wilmington, PA-NJ-DE-MD Metro Area",1069,9989,7545,10850,34082,118554,6822,37052,493344,16259835,571392,114088,1228786,672781,996279,37980,15804,division,15804,37980,2014
"Montgomery County-Bucks County-Chester County, PA Metro Division; Philadelphia-Camden-Wilmington, PA-NJ-DE-MD Metro Area",1151,15449,10852,15506,44151,182834,10134,41636,766854,25828790,924600,121900,1900721,1069544,1553898,37980,33874,division,33874,37980,2014
"Philadelphia, PA Metro Division; Philadelphia-Camden-Wilmington, PA-NJ-DE-MD Metro Area",927,25319,19445,29149,101373,334955,27848,107204,892072,26116905,843321,458087,2043324,1026730,1688523,37980,37964,division,37964,37980,2014
"Wilmington, DE-MD-NJ Metro Division; Philadelphia-Camden-Wilmington, PA-NJ-DE-MD Metro Area",1023,6577,5363,6827,18982,78730,4771,25208,287869,8318985,321623,78885,693584,374554,569250,37980,48864,division,48864,37980,2014
"Oakland-Hayward-Berkeley, CA Metro Division; San Francisco-Oakland-Hayward, CA Metro Area",1348,36196,26446,34763,103697,393119,17473,58603,990520,35203270,1119101,311362,2603141,1385897,2107347,41860,36084,division,36084,41860,2014
"San Francisco-Redwood City-South San Francisco, CA Metro Division; San Francisco-Oakland-Hayward, CA Metro Area",1585,26804,20593,27051,72038,326504,14788,45190,652705,22345995,776897,164000,1549286,915634,1324842,41860,41884,division,41884,41860,2014
"San Rafael, CA Metro Division; San Francisco-Oakland-Hayward, CA Metro Area",1659,3300,2942,3531,10847,38544,1685,8635,111669,3260080,110767,21917,249612,136347,209617,41860,42034,division,42034,41860,2014
"Seattle-Bellevue-Everett, WA Metro Division; Seattle-Tacoma-Bellevue, WA Metro Area",1154,38846,29071,38203,94373,434962,20341,75160,1155403,36604370,1304719,308307,2704981,1531396,2212370,42660,42644,division,42644,42660,2014
"Tacoma-Lakewood, WA Metro Division; Seattle-Tacoma-Bellevue, WA Metro Area",1021,10798,8426,11833,27812,117065,5547,27560,328924,10190270,350898,99743,794608,415761,637012,42660,45104,division,45104,42660,2014
"Silver Spring-Frederick-Rockville, MD Metro Division; Washington-Arlington-Alexandria, DC-VA-MD-WV Metro Area",1551,14367,10136,13283,32595,143344,6629,22197,472064,21131170,612114,83098,1231433,708835,981692,47900,43524,division,23224,47900,2014
"Washington-Arlington-Alexandria, DC-VA-MD-WV Metro Division; Washington-Arlington-Alexandria, DC-VA-MD-WV Metro Area",1463,58095,42936,53425,133150,624129,28433,131807,1794491,78932355,2308135,400051,4527541,2651090,3654187,47900,47894,division,47894,47900,2014
