NAME,B25064_001E,B25070_007E,B25070_008E,B25070_009E,B25070_010E,B25070_001E,B25070_011E,B25002_003E,B25002_001E,B08013_001E,B08012_001E,B17001_002E,B17001_001E,B23025_002E,B23025_001E,metropolitan statistical area/micropolitan statistical area,metropolitan division,geo_level,geo_code,parent_cbsa,year
"Big Stone Gap, VA Micro Area",628,382,208,360,1365,5792,1377,3308,19861,289810,13672,8898,39266,16086,34856,13720,,msa,13720,,2019
"Billings, MT Metro Area",884,1888,1491,1849,4498,22770,1339,7950,82620,1678300,85576,16890,175079,94196,142180,13740,,msa,13740,,2019
"Binghamton, NY Metro Area",772,2488,1805,2669,8636,31981,2863,14894,113473,2086770,103484,36844,231734,116589,200034,13780,,msa,13780,,2019
"Birmingham-Hoover, AL Metro Area",896,10250,6862,10397,28086,129884,13665,67303,484865,12531490,473061,149424,1062779,528932,863519,13820,,msa,13820,,2019
"Bismarck, ND Metro Area",867,1026,1131,1021,3222,16443,1190,4758,58568,1212175,66324,9779,123701,71970,101328,13900,,msa,13900,,2019
"Blackfoot, ID Micro Area",662,282,80,252,447,3479,381,1756,16745,430690,18453,5039,45080,20744,33201,13940,,msa,13940,,2019
"Blacksburg-Christiansburg, VA Metro Area",875,1817,1072,1288,6127,24790,3266,9742,72443,1480090,72508,32791,152984,81170,143344,13980,,msa,13980,,2019
"Bloomington, IL Metro Area",845,1279,1081,1334,5109,23294,2856,6539,72384,1498955,83601,24575,164486,91719,139526,14010,,msa,14010,,2019
"Bloomington, IN Metro Area",905,2187,1478,2193,8432,26344,2241,7383,71783,1624380,77652,33860,151124,88067,142861,14020,,msa,14020,,2019
"Bloomsburg-Berwick, PA Metro Area",748,875,687,647,1730,10545,1482,4599,38375,810875,37071,10986,78546,40813,70553,14100,,msa,14100,,2019
"Bluefield, WV-VA Micro Area",662,806,582,953,2341,12338,2274,9962,54076,885150,37462,19158,104074,42548,89105,14140,,msa,14140,,2019
"Blytheville, AR Micro Area",632,498,332,732,1163,7152,777,4170,20559,302370,16545,10017,41186,19129,32523,14180,,msa,14180,,2019
"Bogalusa, LA Micro Area",655,731,274,338,911,5738,1556,4164,21777,520120,16600,10840,44436,19289,36677,14220,,msa,14220,,2019
"Boise City, ID Metro Area",958,6449,5113,6979,15121,78903,6938,15228,275597,6973035,313403,82770,697424,357682,551501,14260,,msa,14260,,2019
"Bonham, TX Micro Area",788,156,162,214,521,3336,429,2011,14464,412415,12994,3796,31577,14551,28041,14300,,msa,14300,,2019
"Boone, NC Micro Area",870,410,454,451,3215,8419,884,12674,33751,475495,23156,12415,48976,27868,48803,14380,,msa,14380,,2019
"Borger, TX Micro Area",758,90,136,34,165,1363,228,3714,10643,137245,8482,3083,21180,9409,16623,14420,,msa,14420,,2019
"Boston-Cambridge-Newton, MA-NH Metro Area",1475,66579,42116,55112,161577,701035,36676,127239,1958456,77621175,2442362,437149,4676008,2757573,3983774,14460,,msa,14460,,2019
"Boulder, CO Metro Area",1495,4253,2906,4161,14906,48142,2032,8681,136096,3522345,150498,36358,310784,183623,267744,14500,,msa,14500,,2019
"Bowling Green, KY Metro Area",761,1601,1389,1621,4905,24163,2241,9220,74892,1713875,77458,28740,165992,87595,139645,14540,,msa,14540,,2019
"Bozeman, MT Micro Area",1074,1626,1190,1118,4119,16996,893,5701,49478,1019200,55698,11775,104238,64229,88657,14580,,msa,14580,,2019
"Bradford, PA Micro Area",657,218,251,313,832,4448,559,4128,21275,388780,17289,6172,38319,19391,34282,14620,,msa,14620,,2019
"Brainerd, MN Micro Area",783,1004,622,696,1451,8728,828,27798,67782,896970,40141,10719,92058,45199,75576,14660,,msa,14660,,2019
"Branson, MO Micro Area",816,543,609,410,1490,8532,818,8561,30833,521270,22925,7839,53350,26561,44803,14700,,msa,14700,,2019
"Breckenridge, CO Micro Area",1393,464,208,444,501,3671,263,20579,31220,287475,17290,2437,30524,20453,26256,14720,,msa,14720,,2019
"Bremerton-Silverdale-Port Orchard, WA Metro Area",1249,3203,2408,2566,6933,33457,1646,8796,112709,3650335,119442,22404,257272,135347,217237,14740,,msa,14740,,2019
"Brenham, TX Micro Area",885,56,255,263,800,3267,551,3581,16206,304040,14633,3959,32923,16428,28602,14780,,msa,14780,,2019
"Brevard, NC Micro Area",756,293,318,215,632,3495,642,5078,19645,295550,12507,4679,32699,14944,28892,14820,,msa,14820,,2019
"Bridgeport-Stamford-Norwalk, CT Metro Area",1499,8750,6851,10617,31114,112078,6035,32376,372565,13766215,439787,82327,926424,510807,755389,14860,,msa,14860,,2019
"Brookhaven, MS Micro Area",713,132,43,307,485,3131,926,2882,15581,350180,12863,7094,33777,14444,27150,15020,,msa,15020,,2019
"Brookings, OR Micro Area",888,296,191,361,586,3020,183,2402,12948,102265,6567,2796,22485,8337,19772,15060,,msa,15060,,2019
"Brookings, SD Micro Area",750,442,310,267,1314,5268,324,1667,14563,274840,18079,4564,31112,20224,28284,15100,,msa,15100,,2019
"Brownsville, TN Micro Area",651,185,174,225,623,3004,425,1239,8420,168000,7135,3267,17374,7865,14128,15140,,msa,15140,,2019
"Brownsville-Harlingen, TX Metro Area",733,3505,2603,3975,9951,42508,5061,26491,151096,3055165,153712,120764,418195,171180,307002,15180,,msa,15180,,2019
"Brownwood, TX Micro Area",765,428,202,285,533,3968,506,4570,18979,253605,15548,4545,36136,17090,30638,15220,,msa,15220,,2019
"Brunswick, GA Metro Area",857,1270,958,1185,3179,15343,1614,13853,60837,1086715,49096,21211,115756,54837,94808,15260,,msa,15260,,2019
"Bucyrus-Galion, OH Micro Area",640,413,360,327,875,5392,507,2262,20044,405515,18150,6118,40931,19768,33706,15340,,msa,15340,,2019
"Buffalo-Cheektowaga, NY Metro Area",808,11930,9557,12317,41082,163978,10939,50631,528735,11402540,524147,154663,1100056,578840,928277,15380,,msa,15380,,2019
"Burley, ID Micro Area",659,127,168,250,477,4221,933,1987,16948,305845,18542,6762,43877,20374,32385,15420,,msa,15420,,2019
"Burlington, IA-IL Micro Area",756,536,339,449,1259,5544,463,2603,22471,383965,21128,6741,45312,23589,37244,15460,,msa,15460,,2019
"Burlington, NC Metro Area",813,1689,1305,2076,5164,22445,1521,6205,70644,1785385,73924,25621,158887,82112,130926,15500,,msa,15500,,2019
"Burlington-South Burlington, VT Metro Area",1207,2810,1881,2669,7814,29934,1491,9907,97586,2548740,112425,23204,208586,126145,182680,15540,,msa,15540,,2019
"Butte-Silver Bow, MT Micro Area",638,389,165,277,1268,4652,436,2282,17242,235770,15363,5892,33852,16836,28582,15580,,msa,15580,,2019
"Cadillac, MI Micro Area",715,358,213,349,802,4209,456,7169,26187,411065,19074,6776,47689,21710,38219,15620,,msa,15620,,2019
"Calhoun, GA Micro Area",731,595,474,691,1175,7167,898,2053,22614,591750,24578,10186,56476,27183,45071,15660,,msa,15660,,2019
"California-Lexington Park, MD Metro Area",1398,810,945,1004,1978,11741,611,4557,45109,1703805,54012,8818,109119,58909,88083,15680,,msa,15680,,2019
"Cambridge, MD Micro Area",879,495,378,308,876,4214,495,3564,16747,383470,13908,5007,31676,16165,26138,15700,,msa,15700,,2019
"Cambridge, OH Micro Area",669,248,346,364,1128,4629,722,3115,19335,389740,16070,7664,38559,17809,31460,15740,,msa,15740,,2019
"Camden, AR Micro Area",532,162,137,251,624,3263,514,4516,16024,238070,11263,6108,28486,12497,23325,15780,,msa,15780,,2019
"Campbellsville, KY Micro Area",619,526,248,449,921,5072,715,2038,16308,318765,14656,6318,35218,16444,29343,15820,,msa,15820,,2019
"Canon City, CO Micro Area",838,342,243,478,854,4278,335,2669,19805,311105,13271,5226,36119,15191,40764,15860,,msa,15860,,2019
"Canton-Massillon, OH Metro Area",739,3911,2699,3984,9527,51212,3420,15574,180332,4037845,179332,52471,389560,201951,323863,15940,,msa,15940,,2019
"Cape Coral-Fort Myers, FL Metro Area",1154,6194,5208,6795,19481,76376,5201,118082,394047,7814115,284141,95303,728258,326667,620831,15980,,msa,15980,,2019
"Cheyenne, WY Metro Area",950,1044,737,1066,2454,11991,680,3701,43384,736995,46447,9532,96073,52390,78142,16940,,msa,16940,,2019
"Chicago-Naperville-Elgin, IL-IN-WI Metro Area",1122,101059,75614,101766,292276,1247660,75922,329297,3843918,141608425,4422700,1105111,9351905,5064631,7576763,16980,,msa,16980,,2019
"Cape Girardeau, MO-IL Metro Area",788,778,636,742,2471,11812,1276,7465,43806,923165,42427,15721,93565,47707,78324,16020,,msa,16020,,2019
"Carbondale-Marion, IL Metro Area",706,1597,1069,1692,5200,20353,2189,10658,65873,1180270,54353,24368,128824,62021,113097,16060,,msa,16060,,2019
"Carlsbad-Artesia, NM Micro Area",946,246,286,554,664,6483,1080,3325,24576,493890,25880,8323,56878,27782,44220,16100,,msa,16100,,2019
"Carroll, IA Micro Area",621,228,99,197,291,2109,184,766,9492,134800,9811,1707,19897,10869,15834,16140,,msa,16140,,2019
"Carson City, NV Metro Area",940,974,637,738,1797,9840,229,1219,23974,491250,24336,5960,52548,27089,44940,16180,,msa,16180,,2019
"Casper, WY Metro Area",860,873,724,918,1593,10436,825,4180,36979,664485,39088,7393,78266,43051,63098,16220,,msa,16220,,2019
"Cedar City, UT Micro Area",813,453,326,480,1235,6131,457,4216,21231,355130,20930,8622,50642,23699,38258,16260,,msa,16260,,2019
"Cedar Rapids, IA Metro Area",753,2014,1422,1917,4994,27313,1564,8088,117401,2654605,134143,26243,262853,147445,214292,16300,,msa,16300,,2019
"Cedartown, GA Micro Area",718,509,367,268,1359,5326,445,1985,17023,482045,17268,7634,41594,19172,32451,16340,,msa,16340,,2019
"Celina, OH Micro Area",679,171,144,304,473,3731,357,1798,18032,380365,20324,2591,40301,21661,31612,16380,,msa,16380,,2019
"Central City, KY Micro Area",600,117,42,178,440,2312,272,2447,13798,279435,11446,4587,30232,12781,25500,16420,,msa,16420,,2019
"Centralia, IL Micro Area",646,410,161,318,723,4216,626,2328,18274,306285,15476,6493,36615,17976,29919,16460,,msa,16460,,2019
"Centralia, WA Micro Area",876,887,529,845,1872,8988,811,4530,35148,840730,29523,10069,76897,33872,63433,16500,,msa,16500,,2019
"Chambersburg-Waynesboro, PA Metro Area",883,1418,963,1172,2975,17417,1222,5065,65503,1734690,69685,14050,151885,78105,123885,16540,,msa,16540,,2019
"Champaign-Urbana, IL Metro Area",881,3285,2194,2905,10184,39905,4940,11044,100105,1907205,105296,39705,210526,117187,187993,16580,,msa,16580,,2019
"Charleston, WV Metro Area",723,2054,1842,1645,6265,31616,5864,20773,131591,2423695,100362,48243,260203,112865,216131,16620,,msa,16620,,2019
"Charleston-Mattoon, IL Micro Area",685,595,627,506,1980,8978,864,3142,28367,510230,28407,11415,58473,32068,51738,16660,,msa,16660,,2019
"Charleston-North Charleston, SC Metro Area",1156,7714,6577,8296,21782,98479,8552,41185,332612,9533185,359801,97420,756164,405306,622087,16700,,msa,16700,,2019
"Charlotte-Concord-Gastonia, NC-SC Metro Area",1030,26781,21018,27600,63577,327133,22746,88796,1041602,31728635,1167006,294232,2505607,1344673,2007226,16740,,msa,16740,,2019
"Charlottesville, VA Metro Area",1203,2224,1722,2309,6503,30568,3463,11573,95576,2279270,97547,24297,203561,111664,178051,16820,,msa,16820,,2019
"Chattanooga, TN-GA Metro Area",827,5675,4373,6738,14073,72117,6748,27414,246580,5717810,241943,71589,541280,274373,452316,16860,,msa,16860,,2019
"Chico, CA Metro Area",1060,3188,2293,3475,10458,34989,2273,11185,96505,1836665,87880,41974,220091,104685,185581,17020,,msa,17020,,2019
"Chillicothe, OH Micro Area",741,724,399,590,1878,8374,1007,3223,32025,768655,29828,12307,71005,33152,62382,17060,,msa,17060,,2019
"Cincinnati, OH-KY-IN Metro Area",842,22584,16009,21451,61423,289163,18624,80779,942021,25684905,1022005,263045,2151116,1147192,1740409,17140,,msa,17140,,2019
"Clarksburg, WV Micro Area",746,644,440,559,1480,8852,1402,6745,43142,950380,38109,14154,90684,42851,76167,17220,,msa,17220,,2019
"Clarksdale, MS Micro Area",579,402,194,285,978,4340,734,1929,10711,155815,7475,7882,22674,9427,17581,17260,,msa,17260,,2019
"Clarksville, TN-KY Metro Area",919,3973,3115,3890,8234,45136,3163,16465,125873,3194465,131940,42189,287733,146448,227831,17300,,msa,17300,,2019
"Clearlake, CA Micro Area",978,598,673,833,1949,8626,998,9185,34845,612630,19966,11753,63157,26657,52349,17340,,msa,17340,,2019
"Cleveland, MS Micro Area",637,425,379,310,1458,5620,953,2246,14357,192550,10304,10593,30305,11725,24856,17380,,msa,17380,,2019
"Cleveland, TN Metro Area",760,1222,1095,1123,2749,15790,1914,5041,52616,1182590,53115,18806,118517,59645,99120,17420,,msa,17420,,2019
"Cleveland-Elyria, OH Metro Area",817,24368,16915,23111,68370,302755,22381,100267,962179,23081255,934157,287694,2015300,1062531,1672816,17460,,msa,17410,,2019
"Clewiston, FL Micro Area",786,250,343,233,970,4342,582,2277,14804,467610,16480,10159,40156,19161,30996,17500,,msa,17500,,2019
"Clinton, IA Micro Area",683,451,243,507,1180,5250,425,2391,22026,405465,20474,5988,45776,23217,37442,17540,,msa,17540,,2019
"Clovis, NM Micro Area",843,813,428,530,1582,7972,666,2719,21267,344070,22030,10186,48670,24036,37924,17580,,msa,17580,,2019
"Coamo, PR Micro Area",493,149,97,183,522,2983,926,3100,16204,277495,10664,17889,38867,12344,32061,17620,,msa,17620,,2019
"Coco, PR Micro Area",430,97,0,116,268,1987,860,3265,13301,188695,7545,13986,28017,8433,22817,17640,,msa,17640,,2019
"Coeur d'Alene, ID Metro Area",993,1700,1424,1807,3578,18443,844,8588,70892,1475555,67490,18244,155412,76378,125159,17660,,msa,17660,,2019
"Coffeyville, KS Micro Area",659,415,222,315,654,4239,437,2891,16467,232250,13919,5911,31583,15262,25588,17700,,msa,17700,,2019
"Coldwater, MI Micro Area",753,259,286,371,598,4292,394,4199,20849,392450,17650,6490,41041,19550,34683,17740,,msa,17740,,2019
"College Station-Bryan, TX Metro Area",935,2804,2708,3791,14626,45016,3186,15216,107882,2134575,114904,54947,241733,127147,210006,17780,,msa,17780,,2019
"Colorado Springs, CO Metro Area",1173,9428,7237,8884,21515,94627,3611,17880,285635,7964275,332501,70532,704381,384493,568409,17820,,msa,17820,,2019
"Columbia, MO Metro Area",862,2525,2254,2642,8556,33860,2197,8927,89414,1918110,99408,33445,193937,110761,167947,17860,,msa,17860,,2019
"Columbia, SC Metro Area",933,8495,5770,8368,24425,100356,8599,42947,355348,9218555,379026,118133,788974,425462,662568,17900,,msa,17900,,2019
"Columbus, GA-AL Metro Area",879,4037,3149,4431,12681,52333,3766,21103,139883,2908880,128831,58263,304996,150306,251648,17980,,msa,17980,,2019
"Cullman, AL Micro Area",706,586,438,565,1105,7818,1430,6808,37842,875320,33080,12133,81597,36078,66350,18980,,msa,18980,,2019
"Columbus, IN Metro Area",937,627,364,482,1541,8982,600,2895,34347,748350,37956,10859,81340,41943,65087,18020,,msa,18020,,2019
"Columbus, MS Micro Area",805,589,421,532,1784,8183,1223,4878,27314,480535,24046,11722,57347,27731,46829,18060,,msa,18060,,2019
"Columbus, NE Micro Area",769,315,116,171,440,3566,199,837,13784,226080,16477,2836,32725,17933,25499,18100,,msa,18100,,2019
"Columbus, OH Metro Area",953,24300,17363,23868,60969,305857,14907,67624,862073,23747960,985373,266079,2021763,1108584,1639687,18140,,msa,18140,,2019
"Concord, NH Micro Area",1042,1344,928,1471,3257,16499,974,6508,64960,1979165,73154,9348,143143,82999,124603,18180,,msa,18180,,2019
"Connersville, IN Micro Area",705,240,156,212,694,2922,227,1241,10825,257835,9620,4336,22811,10605,18755,18220,,msa,18220,,2019
"Cookeville, TN Micro Area",694,893,1019,1189,3207,15005,2231,5479,50609,1116690,45801,19973,107287,50934,90736,18260,,msa,18260,,2019
"Coos Bay, OR Micro Area",818,760,501,845,1842,9227,908,4099,31124,435975,22871,10111,62619,27272,53312,18300,,msa,18300,,2019
"Cordele, GA Micro Area",649,183,235,359,938,3907,726,2207,10792,178505,8574,7085,22229,10232,17758,18380,,msa,18380,,2019
"Corinth, MS Micro Area",617,300,286,200,525,4585,697,2619,17268,331610,14825,5440,36275,16398,29499,18420,,msa,18420,,2019
"Cornelia, GA Micro Area",772,309,64,249,581,3291,396,3303,18442,491640,17846,6381,42296,19364,35919,18460,,msa,18460,,2019
"Corning, NY Micro Area",695,909,654,721,1816,10866,1176,9724,49585,887510,40509,12971,94727,45744,78030,18500,,msa,18500,,2019
"Corpus Christi, TX Metro Area",1014,5276,3985,4883,13313,61687,3936,25164,177513,3770335,186298,69055,419365,206903,333331,18580,,msa,18580,,2019
"Corsicana, TX Micro Area",817,543,202,389,765,5391,905,3600,20938,539310,19595,8150,48041,22745,37608,18620,,msa,18620,,2019
"Cortland, NY Micro Area",778,442,292,463,1380,6097,513,2992,20737,458055,21576,7272,44338,24531,39892,18660,,msa,18660,,2019
"Corvallis, OR Metro Area",1081,1085,916,1259,5004,15280,1330,2681,38399,794660,40594,16319,85469,46629,78079,18700,,msa,18700,,2019
"Coshocton, OH Micro Area",615,292,204,175,550,3767,515,1979,16455,366300,15027,5181,36053,16859,28823,18740,,msa,18740,,2019
"Craig, CO Micro Area",779,171,88,107,367,1891,221,934,6300,150030,5861,2206,13003,6480,10130,18780,,msa,18780,,2019
"Crawfordsville, IN Micro Area",684,329,215,315,674,4377,279,1261,16643,384715,17689,4198,36709,19722,30565,18820,,msa,18820,,2019
"Crescent City, CA Micro Area",878,359,295,284,858,3672,361,1434,11379,122645,8473,4760,24448,9774,22152,18860,,msa,18860,,2019
"Crestview-Fort Walton Beach-Destin, FL Metro Area",1109,3907,2439,3330,7218,35456,2731,43672,149054,3002945,120099,30339,263984,136410,219009,18880,,msa,18880,,2019
"Crossville, TN Micro Area",696,524,171,413,1204,5790,639,3913,29714,467890,20401,8020,58183,23006,49975,18900,,msa,18900,,2019
"Decatur, IN Micro Area",624,165,81,249,437,2858,350,809,13290,317690,14482,5825,34673,16070,25288,19540,,msa,19540,,2019
"Defiance, OH Micro Area",747,195,165,286,630,3628,354,1520,16817,366470,17947,3809,37420,19748,30495,19580,,msa,19580,,2019
"Del Rio, TX Micro Area",731,426,198,554,717,5758,515,3359,19138,369585,20230,9536,46976,21961,36626,19620,,msa,19620,,2019
"Deltona-Daytona Beach-Ormond Beach, FL Metro Area",1076,5552,4870,7977,20049,74383,6207,53861,312477,6454855,247631,88502,635075,284142,545944,19660,,msa,19660,,2019
"Deming, NM Micro Area",562,231,182,410,689,3482,482,2383,11287,140045,7232,6553,23676,8619,18265,19700,,msa,19700,,2019
"Denver-Aurora-Lakewood, CO Metro Area",1380,37827,27207,38511,89144,401488,15377,61864,1173990,39874095,1426179,252594,2856401,1644691,2304612,19740,,msa,19740,,2019
"DeRidder, LA Micro Area",741,188,90,159,424,3046,714,2293,15813,424160,14061,5668,36547,16018,28948,19760,,msa,19760,,2019
"Des Moines-West Des Moines, IA Metro Area",904,6420,4825,5986,15427,80884,4095,19154,286097,6990780,340382,62318,667349,377860,527722,19780,,msa,19780,,2019
"Detroit-Warren-Dearborn, MI Metro Area",943,43008,29915,42185,128724,528357,39278,202215,1906034,51769805,1911370,618358,4271868,2171320,3472315,19820,,msa,19820,,2019
"Dickinson, ND Micro Area",916,200,216,244,834,4957,444,2342,15249,286480,15479,2746,31281,16896,24489,19860,,msa,19860,,2019
"Dixon, IL Micro Area",694,246,166,264,773,3817,384,1295,15083,320855,14742,3874,31027,16001,28404,19940,,msa,19940,,2019
"Dodge City, KS Micro Area",778,294,255,339,559,4366,238,924,12268,212615,16263,4858,33503,17678,24920,19980,,msa,19980,,2019
"Cullowhee, NC Micro Area",716,498,247,388,2019,7589,1312,13926,36319,462760,23112,9751,53082,26060,47954,19000,,msa,19000,,2019
"Cumberland, MD-WV Metro Area",689,863,623,1064,2115,11157,1465,7724,46039,902050,38259,14105,89602,42892,83013,19060,,msa,19060,,2019
"Dallas-Fort Worth-Arlington, TX Metro Area",1139,92420,68669,89863,204682,1033966,49985,211508,2764978,97341240,3421806,843711,7232260,3864777,5618156,19100,,msa,19100,,2019
"Dalton, GA Metro Area",711,1333,769,1194,2419,16993,1255,6139,56153,1426415,63208,22473,141917,69110,111291,19140,,msa,19140,,2019
"Danville, IL Metro Area",685,605,520,611,1897,9485,857,4958,36109,583060,29689,14081,74449,33495,61185,19180,,msa,19180,,2019
"Danville, KY Micro Area",705,539,492,362,962,5720,562,2785,23505,499040,20388,8887,50615,23629,44145,19220,,msa,19220,,2019
"Danville, VA Micro Area",706,918,914,1508,2969,15340,1574,9162,53722,953125,41895,18469,99406,47247,84241,19260,,msa,19260,,2019
"Daphne-Fairhope-Foley, AL Metro Area",1020,1657,1115,1573,3792,20034,2699,33234,114164,2342025,87084,21704,209618,99495,172297,19300,,msa,19300,,2019
"Davenport-Moline-Rock Island, IA-IL Metro Area",765,3394,2704,3669,9125,45749,3362,16038,169977,3469660,173765,46497,371638,192260,303411,19340,,msa,19340,,2019
"Dayton, TN Micro Area",647,205,290,375,571,3505,502,2496,14673,283900,12226,6122,31711,14295,25908,19420,,msa,19420,,2019
"Dayton-Kettering, OH Metro Area",807,9492,6627,9269,24790,121654,6933,38499,369474,7727665,357550,113301,775217,404211,648027,19430,,msa,19430,,2019
"Decatur, AL Metro Area",641,1046,896,944,2617,15358,2206,8751,67346,1514770,62160,23032,149758,67880,121706,19460,,msa,19460,,2019
"Decatur, IL Metro Area",684,1045,890,1006,3272,13873,1228,6480,50392,792275,44372,17295,102004,50375,84466,19500,,msa,19500,,2019
"Dothan, AL Metro Area",730,1087,933,1124,3697,17494,2331,13157,69481,1361270,59063,26944,146412,65886,118593,20020,,msa,20020,,2019
"Douglas, GA Micro Area",608,296,312,456,926,6094,1058,3480,20798,403975,19650,10268,47231,21157,39962,20060,,msa,20060,,2019
"Dover, DE Metro Area",1084,2068,1655,2045,4796,20360,1467,5957,71753,2047180,77548,23134,171048,87028,140381,20100,,msa,20100,,2019
"Dublin, GA Micro Area",604,530,418,698,1440,8072,1677,5869,28894,578065,23035,16350,61758,25508,50426,20140,,msa,20140,,2019
"DuBois, PA Micro Area",666,642,492,578,1344,7256,940,8000,39248,845215,32397,10777,74047,36364,66818,20180,,msa,20180,,2019
"Dubuque, IA Metro Area",783,727,488,629,2361,10187,546,3089,41299,801105,47901,10646,93255,52649,77469,20220,,msa,20220,,2019
"Duluth, MN-WI Metro Area",766,3287,1914,2566,7279,34485,2748,28012,151635,2768405,133468,36791,278391,148927,239273,20260,,msa,20260,,2019
"Dumas, TX Micro Area",816,339,12,141,206,2300,112,1334,8067,167955,9756,2712,21148,10431,15303,20300,,msa,20300,,2019
"Duncan, OK Micro Area",694,405,175,340,678,4612,765,3990,20710,361045,17244,6100,42782,19607,34693,20340,,msa,20340,,2019
"Durango, CO Micro Area",1147,766,454,484,1490,6394,542,6031,27825,565170,26288,4919,53782,30586,46079,20420,,msa,20420,,2019
"Durant, OK Micro Area",743,333,419,489,1215,6520,934,3080,20333,371735,18813,7728,45158,21063,36767,20460,,msa,20460,,2019
"Durham-Chapel Hill, NC Metro Area",1033,9321,5498,7300,21008,94003,6188,23703,269361,7110985,287878,84924,596966,330262,511520,20500,,msa,20500,,2019
"Dyersburg, TN Micro Area",680,555,387,302,1052,5820,611,1772,16892,319130,15633,6788,36582,17383,29534,20540,,msa,20540,,2019
"Eagle Pass, TX Micro Area",659,205,330,370,1167,5584,547,2101,18387,470145,20907,15616,57972,23957,42051,20580,,msa,20580,,2019
"Easton, MD Micro Area",1116,171,460,698,956,4998,513,3421,20247,454805,16198,3179,36689,18390,31146,20660,,msa,20660,,2019
"East Stroudsburg, PA Metro Area",1108,1300,538,987,3692,13138,1029,24387,81485,2940600,74712,18550,165579,86051,139279,20700,,msa,20700,,2019
"Eau Claire, WI Metro Area",822,1992,1343,1652,4196,21446,1169,5892,72474,1608765,81318,20006,160434,91469,136177,20740,,msa,20740,,2019
"Edwards, CO Micro Area",1594,337,612,769,1076,5491,228,14290,32461,687915,30132,4354,54401,34862,44064,20780,,msa,20780,,2019
"Effingham, IL Micro Area",650,288,178,106,418,3415,354,1015,14892,291635,16434,3571,33601,17775,26897,20820,,msa,20820,,2019
"El Campo, TX Micro Area",775,373,168,327,879,5021,721,2434,17633,409555,17342,7212,40992,19113,31992,20900,,msa,20900,,2019
"El Centro, CA Metro Area",830,1754,1352,1584,4804,18673,1380,12861,57690,1251730,56636,41100,170621,70423,134294,20940,,msa,20940,,2019
"El Dorado, AR Micro Area",674,210,142,404,854,3861,644,4305,20031,298255,15225,7444,38998,16405,30812,20980,,msa,20980,,2019
"Elizabeth City, NC Micro Area",910,609,444,600,1935,7396,732,3679,24312,659815,21461,7808,50202,24089,42618,21020,,msa,21020,,2019
"Elizabethtown-Fort Knox, KY Metro Area",818,1588,972,1599,2747,20455,1867,7429,65501,1615055,66517,19320,146766,74095,118849,21060,,msa,21060,,2019
"Elk City, OK Micro Area",718,99,110,121,340,2558,551,2468,10046,167820,8339,3363,20145,9036,17169,21120,,msa,21120,,2019
"Elkhart-Goshen, IN Metro Area",810,1831,1434,1339,4012,21651,1675,7378,79096,1769380,91246,24885,200909,101623,154257,21140,,msa,21140,,2019
"Elkins, WV Micro Area",655,163,103,106,743,3170,495,3115,14250,249260,10790,4908,26513,12010,23994,21180,,msa,21180,,2019
"Elko, NV Micro Area",948,238,221,314,525,5398,515,3966,22805,776350,25797,6174,53317,28398,41050,21220,,msa,21220,,2019
"Ellensburg, WA Micro Area",1004,514,326,661,2408,7498,618,5454,23801,434265,20831,7808,43321,23805,38863,21260,,msa,21260,,2019
"Elmira, NY Metro Area",813,1187,707,765,2445,10772,565,4881,38870,713765,35928,11136,80273,39591,68786,21300,,msa,21300,,2019
"El Paso, TX Metro Area",837,9149,7651,9501,21330,104567,8220,28392,297680,8310270,350466,166605,824536,394137,636038,21340,,msa,21340,,2019
"Emporia, KS Micro Area",672,464,274,576,1234,5629,479,2208,16828,278615,17200,5656,34154,19521,28707,21380,,msa,21380,,2019
"Enid, OK Metro Area",856,484,510,695,1130,8053,926,3262,26803,505375,28028,8279,60200,30792,47877,21420,,msa,21420,,2019
"Enterprise, AL Micro Area",803,429,430,381,1188,6825,727,3264,23188,493460,21778,7670,50898,24317,40755,21460,,msa,21460,,2019
"Erie, PA Metro Area",753,2941,2382,2556,8423,37440,2781,11044,121362,2377110,120100,41793,260956,134079,221516,21500,,msa,21500,,2019
"Escanaba, MI Micro Area",584,325,130,226,726,3669,400,4133,20367,292055,14753,4588,35485,16426,29763,21540,,msa,21540,,2019
"Espanola, NM Micro Area",623,147,160,120,568,2946,845,7454,20184,389875,13475,9351,38887,15325,31098,21580,,msa,21580,,2019
"Forrest City, AR Micro Area",633,389,218,303,897,4249,830,1602,10990,153085,7961,5585,22438,9148,20618,22620,,msa,22620,,2019
"Eufaula, AL-GA Micro Area",586,250,139,339,835,3905,735,3782,13969,202390,8888,7340,24706,10137,22507,21640,,msa,21640,,2019
"Eugene-Springfield, OR Metro Area",989,5276,4220,5404,17726,62953,3893,10299,162611,3271015,159980,64457,365808,186619,312236,21660,,msa,21660,,2019
"Eureka-Arcata, CA Micro Area",981,2375,1482,2217,7508,23601,1810,8410,63089,1030545,55205,26674,132584,67323,112435,21700,,msa,21700,,2019
"Evanston, WY Micro Area",698,95,131,127,155,1743,151,1444,9041,202345,8960,2298,20259,9936,15111,21740,,msa,21740,,2019
"Evansville, IN-KY Metro Area",773,3044,2671,3668,8740,40963,2826,13359,142278,3067735,146285,43868,305650,159687,252608,21780,,msa,21780,,2019
"Fairbanks, AK Metro Area",1305,1183,1090,1303,2735,14866,946,8001,44189,939885,49137,7575,94778,55445,77300,21820,,msa,21820,,2019
"Fairfield, IA Micro Area",685,141,130,254,362,2277,354,886,7640,118035,8007,2087,17267,9695,15569,21840,,msa,21840,,2019
"Fairmont, MN Micro Area",620,215,93,86,403,2293,231,1222,9981,149385,9014,2685,19550,10324,15973,21860,,msa,21860,,2019
"Fairmont, WV Micro Area",765,534,364,267,1030,5818,1094,3457,26383,561085,23393,9003,55002,26344,46287,21900,,msa,21900,,2019
"Fallon, NV Micro Area",821,219,246,262,531,3437,174,1007,10947,206620,9948,3119,23695,11112,19174,21980,,msa,21980,,2019
"Fort Morgan, CO Micro Area",835,391,329,195,681,3929,372,855,11783,242015,12747,3078,28063,14232,21900,22820,,msa,22820,,2019
"Fort Payne, AL Micro Area",628,569,274,370,1162,7413,1867,5269,31309,683335,28431,14833,70355,30888,56091,22840,,msa,22840,,2019
"Fort Polk South, LA Micro Area",951,638,518,594,1281,8313,1115,4506,22202,457175,20992,8166,47327,23239,38224,22860,,msa,22860,,2019
"Fort Smith, AR-OK Metro Area",690,2635,2019,2573,5966,33182,2777,13607,110990,2175435,101811,46736,246255,111832,196583,22900,,msa,22900,,2019
"Fargo, ND-MN Metro Area",837,3267,2494,3375,8987,44227,1512,8136,108343,2259490,130713,25689,232173,142540,190598,22020,,msa,22020,,2019
"Faribault-Northfield, MN Micro Area",843,426,299,516,1483,5987,427,2009,25014,669115,28477,5301,57898,35498,53338,22060,,msa,22060,,2019
"Farmington, MO Micro Area",690,610,482,689,1529,7855,508,5167,30065,667625,26260,9249,59587,28743,54530,22100,,msa,22100,,2019
"Farmington, NM Metro Area",817,1065,585,743,2328,12574,1789,7726,51113,1128645,47519,26075,124418,54679,96472,22140,,msa,22140,,2019
"Fayetteville, NC Metro Area",932,7080,5140,8086,18889,83394,7091,30394,219036,5399750,222508,89068,497327,252532,400305,22180,,msa,22180,,2019
"Fayetteville-Springdale-Rogers, AR Metro Area",833,5514,3675,5484,12842,75284,5999,15973,206826,4898535,234728,64295,502563,257103,397202,22220,,msa,22220,,2019
"Fergus Falls, MN Micro Area",678,462,357,180,1073,5363,594,11506,36193,564485,26143,5328,57190,29491,47000,22260,,msa,22260,,2019
"Fernley, NV Micro Area",1033,362,429,457,1031,6204,611,2231,23420,619755,21560,6293,54105,24450,43982,22280,,msa,22280,,2019
"Findlay, OH Micro Area",768,768,571,593,1516,9960,768,2262,34199,632595,36643,7937,73597,40461,60861,22300,,msa,22300,,2019
"Fitzgerald, GA Micro Area",656,151,131,267,368,2652,530,1558,8001,98315,6087,4925,16630,6566,13331,22340,,msa,22340,,2019
"Flagstaff, AZ Metro Area",1181,1267,1019,1445,5024,18485,1642,18639,66086,1150335,61906,22539,128041,72432,115514,22380,,msa,22380,,2019
"Flint, MI Metro Area",767,3605,3109,4272,12680,50315,4334,24388,192290,4271735,162776,76326,403003,190251,326434,22420,,msa,22420,,2019
"Florence, SC Metro Area",745,2002,1243,1883,5214,25955,4310,12872,91544,1927125,83059,38008,200780,94611,163220,22500,,msa,22500,,2019
"Florence-Muscle Shoals, AL Metro Area",675,1221,989,1433,3180,18341,2869,11238,71589,1460340,60832,21565,144594,66288,120727,22520,,msa,22520,,2019
"Fond du Lac, WI Metro Area",747,1040,682,870,2027,12350,711,3664,45206,1038175,50963,8341,99325,55799,83183,22540,,msa,22540,,2019
"Forest City, NC Micro Area",636,537,382,500,1580,7595,1045,7718,34401,656805,25612,11712,65312,28955,54469,22580,,msa,22580,,2019
"Fort Leonard Wood, MO Micro Area",993,628,278,384,1277,7682,787,3940,19094,449490,23797,6497,43055,29859,42235,22780,,msa,22780,,2019
"Fort Madison-Keokuk, IA-IL-MO Micro Area",650,397,299,536,843,5689,600,4677,28976,535215,25489,8071,57248,28691,47622,22800,,msa,22800,,2019
"Fort Wayne, IN Metro Area",771,4077,2862,3868,9243,48250,2725,14098,172905,4100920,187968,51793,399675,209832,314023,23060,,msa,23060,,2019
"Frankfort, IN Micro Area",726,236,419,224,536,3541,181,1309,13342,310895,13868,3916,31415,15794,24681,23140,,msa,23140,,2019
"Frankfort, KY Micro Area",742,782,629,502,1714,9922,737,2892,32662,726450,33497,9495,70848,36829,58988,23180,,msa,23180,,2019
"Fredericksburg, TX Micro Area",948,386,162,181,540,2947,514,2490,13184,232325,11126,2476,26082,12646,21875,23240,,msa,23240,,2019
"Freeport, IL Micro Area",651,626,605,353,889,5938,501,2226,21965,432110,19523,6000,44246,22554,36461,23300,,msa,23300,,2019
"Fremont, NE Micro Area",760,416,330,526,863,5780,386,1517,16778,338120,17628,4452,35542,19310,28803,23340,,msa,23340,,2019
"Fremont, OH Micro Area",701,505,396,275,1160,6430,460,2744,26318,534245,27099,6706,57698,29728,47268,23380,,msa,23380,,2019
"Fresno, CA Metro Area",998,12197,9011,14165,40855,143782,8932,23236,331142,8716890,377688,218254,968001,447145,732804,23420,,msa,23420,,2019
"Gadsden, AL Metro Area",669,529,645,1067,1833,10675,1458,8762,47704,966940,40256,17625,101346,45161,83242,23460,,msa,23460,,2019
"Gaffney, SC Micro Area",712,536,492,536,1068,6429,1448,3869,24568,519105,22411,10837,55986,24594,45362,23500,,msa,23500,,2019
"Gainesville, FL Metro Area",957,3045,3248,4184,14665,48835,5546,24733,145566,3250775,137715,64698,307512,156523,270907,23540,,msa,23540,,2019
"Gainesville, GA Metro Area",963,1462,1516,1489,3979,19655,1297,8783,73135,2405650,88006,27432,196852,97072,153831,23580,,msa,23580,,2019
"Gainesville, TX Micro Area",887,424,292,364,585,4709,752,1577,16928,447425,17890,5024,39109,20211,31590,23620,,msa,23620,,2019
"Galesburg, IL Micro Area",634,563,495,464,1652,6883,723,3237,23917,371300,20232,8413,46294,22273,41667,23660,,msa,23660,,2019
"Gallup, NM Micro Area",672,327,117,213,996,6090,1280,5370,26312,470080,21103,24982,71737,27598,53804,23700,,msa,23700,,2019
"Garden City, KS Micro Area",802,367,235,307,662,4748,376,1409,15129,272110,19239,5208,39934,21104,29517,23780,,msa,23780,,2019
"Gardnerville Ranchos, NV Micro Area",1102,443,361,517,966,5930,344,3658,24399,462470,19142,4170,47836,22401,40985,23820,,msa,23820,,2019
"Georgetown, SC Micro Area",901,295,298,599,1048,5399,802,9847,35345,591800,22938,10968,61344,27076,51961,23860,,msa,23860,,2019
"Gettysburg, PA Metro Area",922,771,577,635,1487,8653,1023,2947,42292,1354655,47825,7622,98301,52918,84043,23900,,msa,23900,,2019
"Gillette, WY Micro Area",906,478,265,370,869,5697,581,4098,27482,630180,28527,7319,60757,32410,46960,23940,,msa,23940,,2019
"Glasgow, KY Micro Area",659,321,395,516,1623,6523,623,3413,24418,454035,21029,12672,52736,24046,42720,23980,,msa,23980,,2019
"Glens Falls, NY Metro Area",895,1375,1063,1201,3101,14427,983,17410,69439,1407085,57179,12575,121539,64033,105523,24020,,msa,24020,,2019
"Glenwood Springs, CO Micro Area",1246,1077,500,785,1757,9740,711,9052,38017,1125105,39024,6209,75961,45368,61130,24060,,msa,24060,,2019
"Gloversville, NY Micro Area",779,589,349,697,1341,6615,844,6555,29112,582100,23576,7814,52435,25982,43949,24100,,msa,24100,,2019
"Goldsboro, NC Metro Area",777,1463,1103,1581,3635,18311,2238,5948,54291,1162845,52466,24383,120420,58902,97607,24140,,msa,24140,,2019
"Granbury, TX Micro Area",961,417,387,381,1057,5018,509,4244,26396,777440,23169,5615,57594,25800,47445,24180,,msa,24180,,2019
"Grand Forks, ND-MN Metro Area",804,1300,1117,1728,4368,19111,1177,4827,47913,820165,51762,14241,96327,57490,81720,24220,,msa,24220,,2019
"Grand Island, NE Metro Area",757,798,363,795,1885,10196,700,2565,31754,674870,36980,8498,74065,40445,57661,24260,,msa,24260,,2019
"Grand Junction, CO Metro Area",963,1691,1284,1802,5019,19649,826,4857,66599,1257295,64287,21032,147871,75903,122073,24300,,msa,24300,,2019
"Grand Rapids, MN Micro Area",696,272,296,153,988,3653,370,8161,27667,428690,18420,5376,44098,21005,36888,24330,,msa,24330,,2019
"Grand Rapids-Kentwood, MI Metro Area",884,9033,6048,8608,22705,106554,5913,26416,417649,11064130,508094,114124,1034962,564570,834582,24340,,msa,24340,,2019
"Grants, NM Micro Area",660,211,62,173,301,2727,593,2689,11397,198250,8377,6660,25489,10685,21370,24380,,msa,24380,,2019
"Grants Pass, OR Metro Area",908,1136,1087,1039,3382,12251,790,2736,39103,563120,29703,15384,84901,35044,71435,24420,,msa,24420,,2019
"Great Bend, KS Micro Area",648,333,134,198,464,3160,252,2109,12733,207005,12606,3978,25853,13809,20859,24460,,msa,24460,,2019
"Great Falls, MT Metro Area",770,910,944,1202,2251,12230,942,4528,38857,588235,37103,10561,79394,40697,64975,24500,,msa,24500,,2019
"Greeley, CO Metro Area",1085,2551,1669,2356,6062,28350,2429,4499,109170,3903735,140840,29866,298294,159185,233287,24540,,msa,24540,,2019
"Green Bay, WI Metro Area",784,3818,2014,3078,6973,41510,2059,13624,143272,3173950,158507,29788,311434,173921,253732,24580,,msa,24580,,2019
"Greeneville, TN Micro Area",620,401,494,454,1017,7126,1461,5138,32534,618340,26829,11119,66720,29984,57193,24620,,msa,24620,,2019
"Greensboro-High Point, NC Metro Area",834,8828,7618,9998,22827,111406,8548,36954,334870,7607875,333586,118252,740448,380102,613000,24660,,msa,24660,,2019
"Greensburg, IN Micro Area",791,208,168,189,399,3123,248,1033,11386,280145,12839,2981,26023,13773,20941,24700,,msa,24700,,2019
"Greenville, MS Micro Area",681,638,353,829,2456,8474,1338,3603,21591,270180,15945,15399,45449,18897,35361,24740,,msa,24740,,2019
"Greenville, NC Metro Area",794,2475,1365,2725,10053,33421,2457,9585,79384,1649140,79542,39314,171321,91863,144334,24780,,msa,24780,,2019
"Greenville, OH Micro Area",673,295,180,442,828,5675,564,2042,22903,544185,23552,5331,50719,25877,40635,24820,,msa,24820,,2019
"Greenville-Anderson, SC Metro Area",855,8668,6251,7895,22413,107960,9279,41648,384918,9446760,396046,117707,871508,445386,717455,24860,,msa,24860,,2019
"Greenwood, MS Micro Area",563,445,253,493,1295,5641,1443,4518,18307,231750,12201,11936,37763,13866,30302,24900,,msa,24900,,2019
"Greenwood, SC Micro Area",733,778,675,722,2433,9931,766,3841,31453,624755,29150,14105,67912,32802,56078,24940,,msa,24940,,2019
"Grenada, MS Micro Area",682,248,52,249,459,3024,530,1852,10243,152030,8113,4362,20705,8893,16756,24980,,msa,24980,,2019
"Guayama, PR Metro Area",391,472,257,453,1442,7186,2241,9298,35372,424900,16569,39109,73450,19817,62156,25020,,msa,25020,,2019
"Gulfport-Biloxi, MS Metro Area",881,4231,3021,4796,13534,56219,5386,30638,187535,4358180,174057,74860,404087,197814,326959,25060,,msa,25060,,2019
"Guymon, OK Micro Area",771,234,24,118,255,2167,471,1464,8232,150185,10292,3988,20311,11087,15530,25100,,msa,25100,,2019
"Hagerstown-Martinsburg, MD-WV Metro Area",945,2704,1854,1982,6260,31506,2463,12619,120060,3825165,124674,32586,272941,140788,227204,25180,,msa,25180,,2019
"Hailey, ID Micro Area",927,186,229,164,427,2490,366,7856,16245,230670,11357,2960,23378,13084,18862,25200,,msa,25200,,2019
"Hammond, LA Metro Area",832,978,705,1132,4379,14757,1926,7728,55325,1740370,55027,27511,128283,62437,102868,25220,,msa,25220,,2019
"Hanford-Corcoran, CA Metro Area",990,1962,1454,1871,4022,20719,1393,2729,46181,1234020,54159,24725,135855,63270,113805,25260,,msa,25260,,2019
"Hannibal, MO Micro Area",680,303,165,346,740,4678,611,2633,18234,330835,16796,6066,37238,18877,30830,25300,,msa,25300,,2019
"Harrisburg-Carlisle, PA Metro Area",956,6195,4125,5615,14529,74705,3787,20958,251205,6247720,270715,53947,552146,302526,462513,25420,,msa,25420,,2019
"Harrison, AR Micro Area",631,377,257,250,633,4705,682,3740,21710,384730,17807,6595,44375,19942,35990,25460,,msa,25460,,2019
"Harrisonburg, VA Metro Area",895,1383,956,1221,4083,18016,1482,6048,53765,1206365,60819,19920,124368,67877,110165,25500,,msa,25500,,2019
"Hartford-East Hartford-Middletown, CT Metro Area",1116,13507,9565,13154,38555,159227,9355,42553,515615,13961500,575954,115132,1165808,656089,994434,25540,,msa,25540,,2019
"Hastings, NE Micro Area",722,266,147,347,991,4263,318,1194,13906,250410,14897,3750,29968,16265,24968,25580,,msa,25580,,2019
"Hattiesburg, MS Metro Area",812,1987,1593,1569,5090,22268,2744,10322,71906,1714255,70372,36590,163649,79846,131757,25620,,msa,25620,,2019
"Hays, KS Micro Area",711,562,239,182,946,4483,402,1710,13254,184875,15251,4271,27569,16589,22974,25700,,msa,25700,,2019
"Heber, UT Micro Area",1397,585,368,366,1223,5886,524,17148,41247,820060,33640,4154,72349,39313,55029,25720,,msa,25720,,2019
"Helena, MT Micro Area",830,881,448,619,1447,9225,694,4356,36733,650010,37592,7777,77912,41749,64529,25740,,msa,25740,,2019
"Helena-West Helena, AR Micro Area",586,177,143,296,896,3878,831,2726,10211,106875,6387,6362,18420,7505,14245,25760,,msa,25760,,2019
"Henderson, NC Micro Area",699,680,240,395,1664,7346,884,3264,20139,439545,17470,9138,43836,20904,35182,25780,,msa,25780,,2019
"Hereford, TX Micro Area",788,74,42,62,316,2210,406,924,7069,117800,7915,2995,18461,8786,13442,25820,,msa,25820,,2019
"Hermiston-Pendleton, OR Micro Area",762,906,571,719,1812,10462,926,4116,35132,665680,35270,14558,83649,40164,68364,25840,,msa,25840,,2019
"Hickory-Lenoir-Morganton, NC Metro Area",692,2804,2426,2995,6528,40722,4514,20301,164809,3654035,157033,53310,358553,178467,300005,25860,,msa,25860,,2019
"Hillsdale, MI Micro Area",703,402,206,403,532,4260,607,3853,21960,452995,17937,7137,44008,20308,36966,25880,,msa,25880,,2019
"Hilo, HI Micro Area",1180,1242,1257,1893,5106,22406,3104,18371,87824,2083860,79751,30632,196381,94121,161098,25900,,msa,25900,,2019
"Hilton Head Island-Bluffton, SC Metro Area",1175,1996,1768,2032,4950,21956,1715,29323,111069,2064895,86415,23468,209037,100432,177763,25940,,msa,25940,,2019
"Hinesville, GA Metro Area",1048,1460,872,1629,2879,14506,959,5882,35062,803965,33628,12891,77565,38711,59580,25980,,msa,25980,,2019
"Hobbs, NM Micro Area",895,492,246,326,1310,7478,981,4087,26610,595465,28026,10698,67623,30848,51389,26020,,msa,26020,,2019
"Holland, MI Micro Area",814,411,306,724,1094,7567,1041,7761,51177,1253785,52471,11890,114800,57422,91234,26090,,msa,26090,,2019
"Homosassa Springs, FL Metro Area",843,1176,633,1140,2910,11537,1222,15960,79641,1122850,42604,22350,142358,50572,126312,26140,,msa,26140,,2019
"Hood River, OR Micro Area",1133,236,66,175,494,2818,409,1314,9914,196140,10407,1419,22983,12369,18267,26220,,msa,26220,,2019
"Hope, AR Micro Area",694,270,272,479,429,3610,693,3648,15139,269395,11884,6775,29718,13064,23507,26260,,msa,26260,,2019
"Hot Springs, AR Metro Area",771,1365,744,594,2962,12939,1554,10660,50869,852730,38833,18032,96855,43613,81156,26300,,msa,26300,,2019
"Houghton, MI Micro Area",635,265,196,352,1343,4562,487,6814,21281,240225,14627,6965,35554,17042,31526,26340,,msa,26340,,2019
"Houma-Thibodaux, LA Metro Area",826,1386,859,1764,4473,20062,3018,9674,86541,2295050,85251,37619,205919,96174,164017,26380,,msa,26380,,2019
"Houston-The Woodlands-Sugar Land, TX Metro Area",1101,78592,59615,82826,207630,930510,55765,244459,2596734,93470590,3096366,929512,6797640,3498642,5246127,26420,,msa,26420,,2019
"Hudson, NY Micro Area",928,452,292,429,1457,6563,676,8520,33486,705595,26850,6777,58561,31242,51132,26460,,msa,26460,,2019
"Huntingdon, PA Micro Area",642,243,167,175,598,4084,767,5917,22696,545635,17571,4917,39825,19727,38181,26500,,msa,26500,,2019
"Huntington, IN Micro Area",703,348,142,361,550,3617,323,1307,16049,378335,17614,3809,34942,19129,29405,26540,,msa,26540,,2019
"Huntington-Ashland, WV-KY-OH Metro Area",728,2949,1964,2866,9174,40317,7169,27068,167962,3231680,136161,66870,352890,151699,293889,26580,,msa,26580,,2019
"Huntsville, AL Metro Area",836,4574,3687,4074,10661,56335,4928,17301,197633,4674305,207724,56474,444510,230865,367971,26620,,msa,26620,,2019
"Huntsville, TX Micro Area",908,509,457,829,3367,10673,1669,4201,26164,680765,24745,12325,55013,27203,62588,26660,,msa,26660,,2019
"Huron, SD Micro Area",613,131,167,120,295,2841,296,1114,9592,136605,9397,3067,19985,10145,15524,26700,,msa,26700,,2019
"Hutchinson, KS Micro Area",696,680,371,635,1543,7683,606,3481,28495,503475,27969,7701,59870,30759,50085,26740,,msa,26740,,2019
"Hutchinson, MN Micro Area",781,222,214,188,573,3288,213,1176,15890,431440,18071,3018,35455,19630,28517,26780,,msa,26780,,2019
"Idaho Falls, ID Metro Area",813,1059,803,1237,2678,13949,849,4056,53582,1227090,60767,14267,144144,67601,104966,26820,,msa,26820,,2019
"Indiana, PA Micro Area",709,626,519,900,2345,9586,1069,5724,38970,844955,35211,12898,79196,40079,71448,26860,,msa,26860,,2019
"Indianapolis-Carmel-Anderson, IN Metro Area",916,23473,15847,24267,57466,270422,17828,83714,860321,23902485,950408,246104,1985723,1065342,1581911,26900,,msa,26900,,2019
"Indianola, MS Micro Area",642,290,294,301,828,3864,655,1346,9668,148625,7906,6937,21868,9521,20884,26940,,msa,26940,,2019
"Iowa City, IA Metro Area",949,1812,1354,1852,8664,27110,2073,5399,73365,1732440,89130,27609,162446,98871,139092,26980,,msa,26980,,2019
"Iron Mountain, MI-WI Micro Area",657,237,96,211,594,2811,279,5716,18895,221830,12403,3371,29223,13835,24799,27020,,msa,27020,,2019
"Ithaca, NY Metro Area",1164,1417,1017,1297,6088,17863,1659,3853,43471,884760,45537,16838,89120,52901,89222,27060,,msa,27060,,2019
"Jackson, MI Metro Area",782,1354,901,1698,3296,16396,1283,7775,69580,1510375,65601,20509,148808,73068,128515,27100,,msa,27100,,2019
"Jackson, MS Metro Area",875,5906,4317,5645,14739,71167,8750,33369,251154,6306875,256585,97497,574581,289199,470401,27140,,msa,27140,,2019
"Jackson, OH Micro Area",704,334,137,182,661,3933,640,2072,14852,338950,12873,5983,31882,14714,25476,27160,,msa,27160,,2019
"Jackson, TN Metro Area",793,2205,1009,1920,5141,23375,3172,10440,79255,1594060,73922,30060,172028,81424,142110,27180,,msa,27180,,2019
"Jackson, WY-ID Micro Area",1292,511,160,299,506,4396,316,6955,19681,354435,18114,1938,34587,20868,28062,27220,,msa,27220,,2019
"Jacksonville, FL Metro Area",1093,18672,13742,17936,42200,200260,13735,80951,644897,18164470,672532,185254,1473622,768739,1202645,27260,,msa,27260,,2019
"Jacksonville, IL Micro Area",709,375,388,252,875,4708,532,2255,17913,359940,16873,5025,35871,18962,32632,27300,,msa,27300,,2019
"Jacksonville, NC Metro Area",997,3453,1993,2856,4966,30226,2108,14895,79281,1952035,94785,23065,174605,106967,151325,27340,,msa,27340,,2019
"Jacksonville, TX Micro Area",728,297,335,179,847,5104,961,3149,21287,484665,19285,8013,48713,21592,40263,27380,,msa,27380,,2019
"Jamestown, ND Micro Area",683,107,174,190,544,3066,212,1337,10245,152530,10158,2352,19410,11035,17225,27420,,msa,27420,,2019
"Jamestown-Dunkirk-Fredonia, NY Micro Area",659,1278,767,1367,4526,16320,1361,14570,67645,945970,52751,22398,123076,59600,105397,27460,,msa,27460,,2019
"Janesville-Beloit, WI Metro Area",838,1736,1382,1544,4002,20485,1142,4289,69028,1743060,75972,20359,158476,84311,128603,27500,,msa,27500,,2019
"Jasper, AL Micro Area",626,360,296,305,1200,5692,1246,6122,31141,663720,23376,11440,63036,26672,51506,27530,,msa,27530,,2019
"Jasper, IN Micro Area",649,398,170,291,772,4638,417,1630,23652,530755,26915,5185,53735,28895,42982,27540,,msa,27540,,2019
"Jayuya, PR Micro Area",371,63,45,5,241,2039,1165,1332,6169,74095,3050,8694,14258,3790,11739,27580,,msa,27580,,2019
"Jefferson, GA Micro Area",823,461,301,403,840,5125,739,2222,25388,899480,29075,7564,67035,32506,52409,27600,,msa,27600,,2019
"Jefferson City, MO Metro Area",666,1167,1135,1030,2207,16595,1456,8391,65074,1463735,69038,14494,140363,74479,121118,27620,,msa,27620,,2019
"Jennings, LA Micro Area",635,397,154,334,587,3176,569,2193,13919,365040,11746,5897,30893,13385,24322,27660,,msa,27660,,2019
"Jesup, GA Micro Area",655,238,217,182,447,3795,516,1887,12287,267800,10319,4209,27498,11650,23254,27700,,msa,27700,,2019
"Johnson City, TN Metro Area",707,2229,1508,2645,5209,28273,3446,12198,97499,1821000,84586,34176,195014,95355,168454,27740,,msa,27740,,2019
"Johnstown, PA Metro Area",634,1179,722,1041,2878,14674,2058,9277,65951,1310530,53800,19466,126423,60598,110409,27780,,msa,27780,,2019
"Jonesboro, AR Metro Area",735,1639,1006,1775,4284,21284,2349,5510,56411,1116320,56457,22130,126335,63565,102423,27860,,msa,27860,,2019
"Joplin, MO Metro Area",752,1796,1576,1774,3953,22988,2268,8114,76075,1488025,78442,27803,174610,87409,139030,27900,,msa,27900,,2019
"Juneau, AK Micro Area",1310,307,315,333,768,4464,158,1022,13698,262850,16279,2440,31783,18351,26030,27940,,msa,27940,,2019
"Kahului-Wailuku-Lahaina, HI Metro Area",1510,1674,1226,1753,4708,21220,2030,18690,73169,1667500,78117,15189,163618,88797,132991,27980,,msa,27980,,2019
"Aberdeen, SD Micro Area",692,516,298,388,885,6148,386,2226,20075,281520,21196,4127,41569,23429,33971,10100,,msa,10100,,2019
"Aberdeen, WA Micro Area",775,784,682,828,1858,9468,664,7551,36273,702090,25892,10037,69587,30619,59488,10140,,msa,10140,,2019
"Abilene, TX Metro Area",907,1804,1642,1877,4298,23175,2317,10582,71513,1313425,73294,23008,157040,81030,134483,10180,,msa,10180,,2019
"Ada, OK Micro Area",707,357,235,285,741,4864,568,2603,16881,303785,17032,5414,36839,18271,30333,10220,,msa,10220,,2019
"Adrian, MI Micro Area",767,627,414,737,1670,8617,631,5461,43806,1150215,42215,10608,93281,46924,80011,10300,,msa,10300,,2019
"Aguadilla-Isabela, PR Metro Area",425,1498,897,1210,4802,37786,21906,37655,146903,1937795,76641,155168,298738,98427,251282,10380,,msa,10380,,2019
"Akron, OH Metro Area",830,7892,5318,7621,21933,95680,6005,28584,315127,7774410,327187,90089,686576,371313,577303,10420,,msa,10420,,2019
"Alamogordo, NM Micro Area",792,818,656,805,1358,8462,961,8111,31745,484520,24799,13816,62503,28036,52420,10460,,msa,10460,,2019
"Albany, GA Metro Area",756,2010,1371,1848,6362,25489,2407,9600,65314,1181800,57244,34594,142915,68003,116434,10500,,msa,10500,,2019
"Albany-Lebanon, OR Metro Area",964,1501,1386,1391,3602,17014,819,2654,50416,1168365,51208,16376,123415,58793,100165,10540,,msa,10540,,2019
"Albany-Schenectady-Troy, NY Metro Area",1013,10235,7514,10106,27520,127267,5881,54983,407696,9902490,422925,86564,850225,473775,729087,10580,,msa,10580,,2019
"Albemarle, NC Micro Area",708,326,206,361,1103,5977,624,4473,27805,727760,26976,7659,59571,30540,49762,10620,,msa,10620,,2019
"Albert Lea, MN Micro Area",681,372,156,185,488,3034,242,1348,14357,274285,14358,3295,29923,15688,24510,10660,,msa,10660,,2019
"Albertville, AL Micro Area",649,653,668,687,1741,10403,1707,5714,40597,927195,37738,19147,94283,40975,74429,10700,,msa,10700,,2019
"Albuquerque, NM Metro Area",892,9490,7212,10053,27930,115957,9197,38252,389606,9389090,394210,145857,900195,446536,731662,10740,,msa,10740,,2019
"Alexander City, AL Micro Area",655,367,269,406,826,4911,1154,8769,29006,519720,18426,8945,50331,21130,42181,10760,,msa,10760,,2019
"Alexandria, LA Metro Area",809,1697,1373,1751,4410,20752,3196,12014,67491,1447000,59839,28453,146147,66594,120647,10780,,msa,10780,,2019
"Alexandria, MN Micro Area",733,517,152,316,931,4283,258,4489,21152,322505,17672,2814,37037,19895,30306,10820,,msa,10820,,2019
"Alice, TX Micro Area",692,441,336,437,637,5030,1381,5448,21946,547985,19364,11814,51110,21676,39328,10860,,msa,10860,,2019
"Allentown-Bethlehem-Easton, PA-NJ Metro Area",1066,9656,6143,9237,22876,100099,5722,29043,349572,10870895,387908,84600,813537,438377,682523,10900,,msa,10900,,2019
"Alma, MI Micro Area",687,280,305,237,875,3863,530,1295,16330,367190,15337,5890,35178,17352,33788,10940,,msa,10940,,2019
"Alpena, MI Micro Area",596,235,108,245,448,2812,258,3304,16056,198560,11920,4002,28004,13506,23864,10980,,msa,10980,,2019
"Altoona, PA Metro Area",722,1406,972,1155,3621,15749,1332,4721,56847,1100595,53824,17648,120340,59393,101131,11020,,msa,11020,,2019
"Altus, OK Micro Area",737,344,274,331,438,4052,567,2354,12116,168935,11110,4204,24328,12323,19243,11060,,msa,11060,,2019
"Amarillo, TX Metro Area",853,2775,2049,2565,7693,34952,2336,11785,109130,2354310,121361,34902,253383,131417,202980,11100,,msa,11100,,2019
"Americus, GA Micro Area",731,537,551,422,1158,5652,689,2723,16097,269930,13218,8464,33147,15410,27980,11140,,msa,11140,,2019
"Ames, IA Metro Area",892,1316,853,1609,5927,19972,1461,3160,51925,1165480,61249,19995,111989,68481,104189,11180,,msa,11180,,2019
"Amsterdam, NY Micro Area",783,682,242,446,1763,6205,570,3836,23496,504050,20338,9544,48265,23203,39377,11220,,msa,11220,,2019
"Anchorage, AK Metro Area",1288,4573,2970,3952,9868,48358,2352,21411,159195,4185420,187381,36485,389722,214094,309140,11260,,msa,11260,,2019
"Andrews, TX Micro Area",1028,86,87,90,192,1443,251,723,6296,189425,8021,1647,17927,8484,13071,11380,,msa,11380,,2019
"Angola, IN Micro Area",783,313,104,175,169,3170,373,5725,19986,361730,16757,3061,32823,18170,28187,11420,,msa,11420,,2019
"Ann Arbor, MI Metro Area",1114,4313,2489,4242,14701,54913,2789,9778,151023,4214915,174422,48500,346834,198008,306370,11460,,msa,11460,,2019
"Anniston-Oxford, AL Metro Area",716,935,795,942,2660,13351,1622,9026,53631,1149805,46008,19969,111542,52674,92886,11500,,msa,11500,,2019
"Appleton, WI Metro Area",804,1717,1446,1758,3864,25093,1236,4273,97728,2431170,120999,17069,231872,131519,186084,11540,,msa,11540,,2019
"Arcadia, FL Micro Area",687,439,319,563,605,3654,436,3117,15189,327765,12441,9399,35018,14250,30529,11580,,msa,11580,,2019
"Ardmore, OK Micro Area",764,409,293,493,1113,6581,808,4704,26311,482495,23812,9128,57405,26578,45328,11620,,msa,11620,,2019
"Arecibo, PR Metro Area",438,813,607,991,2943,20041,10593,17418,82965,1344850,48877,85578,179643,59302,151236,11640,,msa,11640,,2019
"Arkadelphia, AR Micro Area",606,336,235,263,687,3587,381,2087,10533,211290,10173,4017,19798,10799,18643,11660,,msa,11660,,2019
"Asheville, NC Metro Area",911,6063,4793,6108,11498,61824,5669,35880,227636,4184550,195153,54379,444482,224403,379153,11700,,msa,11700,,2019
"Ashland, OH Micro Area",725,316,287,233,781,5352,582,1895,22312,550630,24093,7048,51060,26529,42900,11740,,msa,11740,,2019
"Ashtabula, OH Micro Area",696,1097,457,1068,2443,11152,1466,8342,46174,959170,38380,18825,94629,43452,78853,11780,,msa,11780,,2019
"Astoria, OR Micro Area",927,552,383,464,1014,5974,501,6647,22447,343215,16923,3864,38506,19279,32445,11820,,msa,11820,,2019
"Atchison, KS Micro Area",660,132,63,74,246,1825,420,1003,6961,140220,7246,2269,14910,8019,12806,11860,,msa,11860,,2019
"Athens, OH Micro Area",791,657,295,543,3210,9509,1198,4132,26689,554910,26744,16942,56177,30355,57409,11900,,msa,11900,,2019
"Athens, TN Micro Area",694,400,322,429,1388,5521,753,2614,23418,446075,19991,9937,51553,22723,43216,11940,,msa,11940,,2019
"Athens, TX Micro Area",785,471,492,503,1635,7624,1248,10489,41246,979710,30557,13599,79575,33945,65945,11980,,msa,11980,,2019
"Baton Rouge, LA Metro Area",922,6888,5567,7717,23155,95546,12079,55871,364402,10291590,381373,131831,831089,426679,675904,12940,,msa,12940,,2019
"Battle Creek, MI Metro Area",751,1269,974,1719,3687,16248,830,6898,60889,1168805,56637,21423,130391,64143,107038,12980,,msa,12980,,2019
"Athens-Clarke County, GA Metro Area",853,2411,2089,3462,10292,36079,3080,7160,85822,1994815,91670,43329,196815,104917,170958,12020,,msa,12020,,2019
"Atlanta-Sandy Springs-Alpharetta, GA Metro Area",1156,68091,49057,71254,171543,773109,38521,195598,2299958,85220200,2646896,698041,5765678,3079053,4584199,12060,,msa,12060,,2019
"Atlantic City-Hammonton, NJ Metro Area",1120,3336,2261,3888,9030,32825,1549,28401,128251,3013530,120830,34691,260341,139427,215890,12100,,msa,12100,,2019
"Atmore, AL Micro Area",616,280,288,327,542,4146,1018,3497,16586,277460,12517,7551,34089,14365,29780,12120,,msa,12120,,2019
"Auburn, IN Micro Area",701,295,224,300,472,4020,319,1244,18045,399680,20629,4821,42485,22333,33693,12140,,msa,12140,,2019
"Auburn, NY Micro Area",763,606,307,694,1907,8970,706,5856,37077,801665,34106,8812,72846,38351,64074,12180,,msa,12180,,2019
"Auburn-Opelika, AL Metro Area",856,1223,1245,1984,6105,23126,2684,8735,68972,1639235,70929,30423,155265,79457,130253,12220,,msa,12220,,2019
"Augusta-Richmond County, GA-SC Metro Area",877,5250,4019,6769,16992,70833,7185,42808,258018,6139255,250694,95655,582902,282901,476186,12260,,msa,12260,,2019
"Augusta-Waterville, ME Micro Area",761,1476,701,1151,3034,15353,1513,10649,62754,1313215,55543,15117,118001,62283,101057,12300,,msa,12300,,2019
"Austin, MN Micro Area",716,257,228,529,609,4206,243,1506,17071,331770,18215,5277,39053,19992,30950,12380,,msa,12380,,2019
"Austin-Round Rock-Georgetown, TX Metro Area",1273,29697,21398,26297,67710,319758,14405,65548,830537,27647100,1016902,223588,2071838,1182941,1674911,12420,,msa,12420,,2019
"Bainbridge, GA Micro Area",677,90,197,265,733,4287,718,2132,12216,229930,10040,6203,25476,11086,20862,12460,,msa,12460,,2019
"Bakersfield, CA Metro Area",978,9946,7667,11822,28816,112728,7208,27835,298117,7592030,325983,179980,857145,382901,656416,12540,,msa,12540,,2019
"Baltimore-Columbia-Towson, MD Metro Area",1295,29154,21958,28642,82954,351294,19251,110269,1160178,41750625,1331638,274713,2728006,1505265,2250483,12580,,msa,12580,,2019
"Bangor, ME Metro Area",799,1307,1261,1794,4102,19033,1498,13633,75789,1522630,68049,21501,145179,77077,127529,12620,,msa,12620,,2019
"Baraboo, WI Micro Area",801,786,482,727,1440,8159,496,4192,30414,709675,32204,6228,62901,35175,51048,12660,,msa,12660,,2019
"Bardstown, KY Micro Area",761,245,66,296,636,4292,512,1198,19051,533385,20325,4147,45036,22729,35888,12680,,msa,12680,,2019
"Barnstable Town, MA Metro Area",1311,1657,1329,1623,4870,19036,1847,69234,163557,2299885,96225,13529,210562,110854,185337,12700,,msa,12700,,2019
"Barre, VT Micro Area",916,727,543,388,1230,7339,602,5932,30760,646925,28209,5916,56075,32205,48602,12740,,msa,12740,,2019
"Bartlesville, OK Micro Area",740,392,331,339,1057,5968,828,3285,23740,399605,21199,6738,50822,23517,40813,12780,,msa,12780,,2019
"Batavia, NY Micro Area",747,412,255,509,1314,6591,708,2038,25797,625650,28073,6189,56919,30851,47515,12860,,msa,12860,,2019
"Batesville, AR Micro Area",604,584,392,316,873,5762,1048,4638,26407,401545,20843,9792,53072,22918,43352,12900,,msa,12900,,2019
"Bay City, MI Metro Area",663,678,732,894,1959,10302,737,3950,48289,1009710,44378,16266,102883,50274,85481,13020,,msa,13020,,2019
"Bay City, TX Micro Area",851,206,215,256,734,4061,640,5706,19554,346115,15007,6884,36334,16676,28456,13060,,msa,13060,,2019
"Beatrice, NE Micro Area",640,185,125,290,384,2732,173,1470,10449,212820,10128,2251,21117,11445,17230,13100,,msa,13100,,2019
"Beaumont-Port Arthur, TX Metro Area",857,3780,3055,3772,8991,47900,5128,25383,170691,3641575,162223,59745,376513,176377,309685,13140,,msa,13140,,2019
"Beaver Dam, WI Micro Area",810,777,578,626,1894,10584,587,2825,37805,1004110,42808,6903,83476,47190,71794,13180,,msa,13180,,2019
"Beckley, WV Metro Area",671,720,481,975,2495,12275,2759,9029,57673,1087350,41360,22083,114352,47811,96983,13220,,msa,13220,,2019
"Bedford, IN Micro Area",686,401,161,317,705,4324,628,2376,21157,475555,20041,5549,44695,21891,36790,13260,,msa,13260,,2019
"Beeville, TX Micro Area",868,131,134,228,778,3084,538,2470,10739,201150,9636,5120,24846,10905,26560,13300,,msa,13300,,2019
"Bellefontaine, OH Micro Area",725,253,281,366,577,4823,516,4733,23410,443640,20105,5090,44753,22711,36144,13340,,msa,13340,,2019
"Bellingham, WA Metro Area",1060,2581,2786,2725,8808,32943,1616,10167,96690,2160350,98333,30432,215555,113814,182461,13380,,msa,13380,,2019
"Bemidji, MN Micro Area",765,395,299,544,1545,5722,362,4223,21595,372485,19242,8306,43962,22726,35787,13420,,msa,13420,,2019
"Bend, OR Metro Area",1208,2060,1906,1770,5882,24588,1645,14317,88714,1542140,79172,19976,185187,96326,152562,13460,,msa,13460,,2019
"Bennettsville, SC Micro Area",610,113,268,252,647,3571,851,2436,12049,220150,8806,6298,23886,10464,22006,13500,,msa,13500,,2019
"Bennington, VT Micro Area",812,272,147,318,689,3787,308,6572,21153,313855,15560,3742,34357,18023,29649,13540,,msa,13540,,2019
"Berlin, NH Micro Area",745,208,273,310,750,4040,254,7826,21594,276295,12940,3675,29378,15245,27228,13620,,msa,13620,,2019
"Big Rapids, MI Micro Area",712,336,335,193,1156,4214,523,5731,21539,394100,17033,8541,40240,19980,36233,13660,,msa,13660,,2019
"Big Spring, TX Micro Area",868,287,83,243,805,3829,395,2116,13180,259630,13845,5470,31555,15417,29189,13700,,msa,13700,,2019
"Oshkosh-Neenah, WI Metro Area",766,1869,1381,2175,4403,24555,834,5012,75606,1545400,83543,18396,162424,90796,139430,36780,,msa,36780,,2019
"Oskaloosa, IA Micro Area",652,142,167,79,566,2766,211,942,9869,193460,10380,2949,21567,11499,17477,36820,,msa,36820,,2019
"Othello, WA Micro Area",822,166,65,84,352,2202,364,635,6608,130020,6978,4951,19332,8270,13390,36830,,msa,36830,,2019
"Ottawa, IL Micro Area",755,1436,896,1217,3046,16390,1545,7774,68980,1523875,66837,18706,144524,74980,120784,36837,,msa,36837,,2019
"Ottawa, KS Micro Area",793,174,309,187,443,2801,129,1128,11246,289210,12100,2441,24809,13248,20200,36840,,msa,36840,,2019
"Ottumwa, IA Micro Area",718,419,182,282,912,4124,413,1589,16070,283040,15490,5132,34348,17397,27993,36900,,msa,36900,,2019
"Owatonna, MN Micro Area",770,330,248,297,784,3649,194,936,15628,320995,17858,3236,36180,19655,28430,36940,,msa,36940,,2019
"Owensboro, KY Metro Area",755,1333,712,995,2888,14393,1258,3855,51154,1069690,51298,18660,115356,56443,92366,36980,,msa,36980,,2019
"Oak Harbor, WA Micro Area",1218,1073,679,1039,1754,9921,700,7134,41902,979550,34533,6291,80217,40214,69518,36020,,msa,36020,,2019
"Ocala, FL Metro Area",896,2834,1640,2687,8193,34791,3976,29813,168985,2974880,115545,55192,343041,137479,295412,36100,,msa,36100,,2019
"Ocean City, NJ Metro Area",1169,605,549,1072,2589,8982,1007,59141,99312,914155,40117,8878,90966,45904,78754,36140,,msa,36140,,2019
"Odessa, TX Metro Area",1059,1715,851,1378,2701,18443,1699,5863,58393,1700380,71851,18899,158804,79868,116949,36220,,msa,36220,,2019
"Ogden-Clearfield, UT Metro Area",982,4351,3045,3634,8521,50668,2639,13922,223039,6813375,296509,48464,656941,328262,479299,36260,,msa,36260,,2019
"Ogdensburg-Massena, NY Micro Area",741,703,521,749,2900,11337,1117,11261,53194,843710,40633,17328,96981,47317,89297,36300,,msa,36300,,2019
"Oil City, PA Micro Area",622,474,288,553,785,5501,713,5570,27620,492025,21661,6513,50605,24335,43055,36340,,msa,36340,,2019
"Okeechobee, FL Micro Area",772,467,269,284,795,3871,447,4775,18679,361115,14791,7982,37948,16418,33433,36380,,msa,36380,,2019
"Oklahoma City, OK Metro Area",876,14887,10695,15168,36515,186413,14250,58058,573266,14573415,634602,186957,1349560,702177,1077695,36420,,msa,36420,,2019
"Olean, NY Micro Area",655,630,520,787,1891,9001,828,9817,41596,702460,31782,12324,74679,35692,61926,36460,,msa,36460,,2019
"Olympia-Lacey-Tumwater, WA Metro Area",1218,3809,2869,3440,9009,38075,1794,6573,116556,3281880,122607,28660,276118,141687,226692,36500,,msa,36500,,2019
"Omaha-Council Bluffs, NE-IA Metro Area",927,10579,7921,10042,23092,123845,6856,26930,386254,9464860,461632,93901,912773,507307,718050,36540,,msa,36540,,2019
"Oxford, MS Micro Area",954,476,607,265,2515,7105,813,6932,25653,464035,23748,10788,48878,26522,44747,37060,,msa,37060,,2019
"Oxnard-Thousand Oaks-Ventura, CA Metro Area",1776,10022,7786,10862,26580,99866,4448,17856,288896,10427805,383438,74645,835220,441661,673573,37100,,msa,37100,,2019
"Ozark, AL Micro Area",730,643,273,528,1260,7506,713,4297,23103,425700,19744,8424,47739,22104,39177,37120,,msa,37120,,2019
"Paducah, KY-IL Micro Area",708,1081,765,617,2383,12548,1743,7355,47953,775375,39875,14917,94574,43722,77798,37140,,msa,37140,,2019
"Pahrump, NV Micro Area",850,284,290,470,1071,5571,739,3316,22404,359935,13905,7157,43725,16151,37674,37220,,msa,37220,,2019
"Palatka, FL Micro Area",728,568,664,561,1816,8471,1624,8472,37415,762645,24366,16932,71761,28344,59191,37260,,msa,37260,,2019
"Palestine, TX Micro Area",770,476,498,373,610,5071,709,3799,20476,427620,18294,6598,44348,19868,47967,37300,,msa,37300,,2019
"Palm Bay-Melbourne-Titusville, FL Metro Area",1068,4670,4592,5530,13685,59148,3935,47756,278173,5885135,233536,68456,578893,267746,491256,37340,,msa,37340,,2019
"Pampa, TX Micro Area",743,167,71,150,467,2147,378,2271,10456,173225,9148,3505,21484,9918,17861,37420,,msa,37420,,2019
"Panama City, FL Metro Area",1049,2579,1624,2175,5654,24934,1429,31637,103059,1940280,80720,26221,179751,90550,147605,37460,,msa,37460,,2019
"Paragould, AR Micro Area",698,610,158,461,993,5693,527,1753,19007,371150,17721,7246,44080,20313,35266,37500,,msa,37500,,2019
"Paris, TN Micro Area",643,315,63,419,557,3183,445,3842,17236,255300,11994,6382,31720,13320,26428,37540,,msa,37540,,2019
"Paris, TX Micro Area",735,568,396,470,1446,7033,904,2981,22774,407620,20606,8530,48911,22606,39106,37580,,msa,37580,,2019
"Parkersburg-Vienna, WV Metro Area",710,861,686,850,1902,10531,1801,5593,43586,758250,36027,15052,89720,39955,73882,37620,,msa,37620,,2019
"Parsons, KS Micro Area",633,199,215,242,423,2493,282,1882,10058,136530,9063,3619,19672,9844,15855,37660,,msa,37660,,2019
"Payson, AZ Micro Area",816,336,407,219,702,5364,1124,11597,33542,352745,17268,11367,52641,20525,43850,37740,,msa,37740,,2019
"Pearsall, TX Micro Area",818,138,77,83,170,1406,312,1451,5993,119860,6214,3618,15557,7112,15767,37770,,msa,37770,,2019
"Pecos, TX Micro Area",873,24,58,29,242,980,226,1159,4707,104340,5655,2048,13610,6529,12557,37780,,msa,37780,,2019
"Pella, IA Micro Area",721,212,97,329,455,3902,255,871,14236,305005,15788,2466,31593,17293,26321,37800,,msa,37800,,2019
"Pensacola-Ferry Pass-Brent, FL Metro Area",1015,5378,4693,5930,11131,60862,4363,29386,213004,5110945,203541,57649,463324,237961,395554,37860,,msa,37860,,2019
"Peoria, IL Metro Area",764,3225,2168,3242,9100,45431,4086,19810,182992,3645935,176704,47966,394502,198019,323357,37900,,msa,37900,,2019
"Peru, IN Micro Area",714,370,358,149,678,3881,368,1794,15405,354685,14716,5110,33444,16153,29110,37940,,msa,37940,,2019
"Philadelphia-Camden-Wilmington, PA-NJ-DE-MD Metro Area",1143,61541,43456,58918,191950,746038,47680,208091,2488203,84446655,2793001,732592,5929560,3202220,4904034,37980,,msa,37980,,2019
"Phoenix-Mesa-Chandler, AZ Metro Area",1124,52232,39015,53630,133000,619702,37711,221627,1915023,54785200,2042299,641626,4677963,2353146,3746344,38060,,msa,38060,,2019
"Picayune, MS Micro Area",765,299,198,270,821,4666,753,4366,25386,697350,20379,9188,53717,23674,44257,38100,,msa,38100,,2019
"Pierre, SD Micro Area",683,269,62,160,397,2615,197,739,9543,127685,10554,1995,19496,11389,16290,38180,,msa,38180,,2019
"Pine Bluff, AR Metro Area",725,812,605,880,2398,11791,1705,8661,42452,672030,30907,17102,79222,35306,73866,38220,,msa,38220,,2019
"Pinehurst-Southern Pines, NC Micro Area",879,534,385,629,1975,9678,689,7452,47273,977075,39252,10878,95974,45527,78722,38240,,msa,38240,,2019
"Pittsburg, KS Micro Area",717,543,296,648,1706,6208,444,2857,18141,302090,17917,7513,36940,19518,31401,38260,,msa,38260,,2019
"Pittsburgh, PA Metro Area",831,23760,15668,21775,62963,307199,23885,116728,1126143,29253330,1081822,253654,2273555,1220508,1940717,38300,,msa,38300,,2019
"Pittsfield, MA Metro Area",872,1858,915,1512,3729,16885,1260,14266,69079,1170140,59033,13063,119987,67243,107763,38340,,msa,38340,,2019
"Plainview, TX Micro Area",647,224,134,193,600,4123,786,2468,13401,229900,13467,5046,31508,15073,25606,38380,,msa,38380,,2019
"Platteville, WI Micro Area",709,374,326,385,1004,5804,651,2493,22076,502235,23881,7278,48031,26854,42220,38420,,msa,38420,,2019
"Plattsburgh, NY Micro Area",810,882,570,689,1987,10491,946,5275,36576,655205,33978,10902,72677,37438,67584,38460,,msa,38460,,2019
"Plymouth, IN Micro Area",754,217,356,538,826,4375,470,2951,20255,448240,20031,5918,45608,22190,36024,38500,,msa,38500,,2019
"Pocatello, ID Metro Area",689,690,623,711,2225,10787,848,3508,37296,692355,38114,14575,91226,43418,71249,38540,,msa,38540,,2019
"Point Pleasant, WV-OH Micro Area",665,296,192,308,850,5223,1327,4364,26986,604765,20994,10192,55218,23201,45815,38580,,msa,38580,,2019
"Ponca City, OK Micro Area",674,334,254,490,820,5731,768,3905,21515,315665,17916,7517,43436,20183,34615,38620,,msa,38620,,2019
"Ponce, PR Metro Area",402,1317,760,1009,3651,26724,13324,20272,101401,1512700,60046,113335,222531,75895,185843,38660,,msa,38660,,2019
"Pontiac, IL Micro Area",715,211,257,228,881,3890,314,1612,15919,325720,15123,5057,33702,16835,29369,38700,,msa,38700,,2019
"Poplar Bluff, MO Micro Area",655,690,645,484,1204,7014,789,5047,26496,425725,21209,13299,55111,24458,44722,38740,,msa,38740,,2019
"Portales, NM Micro Area",778,261,113,258,636,2830,407,1704,8518,132115,7847,4425,17763,8912,14778,38780,,msa,38780,,2019
"Port Angeles, WA Micro Area",952,772,569,1088,2013,9760,674,4152,37110,583845,26474,10768,74140,31419,63886,38820,,msa,38820,,2019
"Portland-South Portland, ME Metro Area",1060,6056,3965,5002,12493,63425,4175,51588,273526,6642125,266179,44006,520253,300742,443829,38860,,msa,38860,,2019
"Portland-Vancouver-Hillsboro, OR-WA Metro Area",1271,30614,23032,31789,82643,352683,15541,54555,993201,30945070,1142699,256577,2412378,1321327,1975134,38900,,msa,38900,,2019
"Port Lavaca, TX Micro Area",743,169,103,43,297,2064,442,4430,12012,171410,9080,2923,21351,10188,16968,38920,,msa,38920,,2019
"Port St. Lucie, FL Metro Area",1162,4680,3028,3876,12417,44878,3042,42492,221781,5019550,183701,56651,465950,209850,393431,38940,,msa,38940,,2019
"Portsmouth, OH Micro Area",626,879,549,564,2145,9670,1315,4705,34563,672185,26556,16330,72411,30350,61448,39020,,msa,39020,,2019
"Pottsville, PA Micro Area",703,1208,948,988,2882,14303,1707,11121,69870,1589160,59774,16816,135206,66499,117828,39060,,msa,39060,,2019
"Poughkeepsie-Newburgh-Middletown, NY Metro Area",1240,6714,4670,7085,21473,76305,5098,27612,264041,10003165,300339,68207,647576,341683,539544,39100,,msa,28880,,2019
"Prescott Valley-Prescott, AZ Metro Area",947,1537,1400,3586,5855,27565,2445,18456,116842,1849195,79167,29085,223134,93458,194627,39150,,msa,39150,,2019
"Price, UT Micro Area",669,99,142,155,521,2056,273,1999,9828,143250,8051,3347,19957,9339,15615,39220,,msa,39220,,2019
"Prineville, OR Micro Area",865,201,283,230,518,2663,228,1205,10793,234125,8397,3082,22911,9858,19119,39260,,msa,39260,,2019
"Providence-Warwick, RI-MA Metro Area",968,20629,15593,18597,52385,242401,14703,75209,703610,20410560,770860,187701,1562542,868893,1334990,39300,,msa,39300,,2019
"Provo-Orem, UT Metro Area",1054,5500,3743,4999,10499,54443,2505,8465,177920,5726290,261255,64234,601765,297235,429998,39340,,msa,39340,,2019
"Pueblo, CO Metro Area",829,2265,1206,1997,6213,22725,1594,6909,71223,1457845,65553,30591,161900,74374,132663,39380,,msa,39380,,2019
"Pullman, WA Micro Area",814,614,525,745,3602,10146,905,2842,20841,342875,21241,11219,42295,25104,42565,39420,,msa,39420,,2019
"Punta Gorda, FL Metro Area",1032,1276,874,1721,4545,15629,1180,27567,104458,1369645,55193,19623,177251,66219,161698,39460,,msa,39460,,2019
"Quincy, IL-MO Micro Area",696,798,408,580,1592,8530,733,3878,34742,626000,34626,9740,73687,38678,60806,39500,,msa,39500,,2019
"Racine, WI Metro Area",857,1971,1677,2087,5970,24955,1012,5781,82755,2200280,90007,23643,190270,99105,155456,39540,,msa,39540,,2019
"Raleigh-Cary, NC Metro Area",1113,15116,10356,14527,30786,169748,7657,40976,535497,16482850,619867,128135,1306195,722090,1045072,39580,,msa,39580,,2019
"Rapid City, SD Metro Area",846,1616,1240,1534,2672,16650,895,5649,60750,1219420,65838,16680,134740,73317,109342,39660,,msa,39660,,2019
"Raymondville, TX Micro Area",664,146,145,114,253,1704,329,1541,7323,157165,7312,5468,20275,8863,16862,39700,,msa,39700,,2019
"Reading, PA Metro Area",939,4398,2768,3753,9925,44057,2909,12393,167105,4865055,192850,48573,404844,218745,335068,39740,,msa,39740,,2019
"Red Bluff, CA Micro Area",872,817,471,817,2277,8376,847,3369,27558,534360,22857,13930,63142,26996,50521,39780,,msa,39780,,2019
"Redding, CA Metro Area",1039,2103,1189,2397,7040,25633,1482,7453,78634,1397045,68073,29423,176274,78436,144796,39820,,msa,39820,,2019
"Red Wing, MN Micro Area",862,467,224,294,1090,4808,299,1164,20616,550140,22541,4230,45342,25087,37144,39860,,msa,39860,,2019
"Reno, NV Metro Area",1074,6590,5022,7168,15075,76082,2775,15537,199344,4847395,219020,51151,455375,246699,371777,39900,,msa,39900,,2019
"Rexburg, ID Micro Area",727,466,635,852,2486,6920,256,7847,23210,364115,21956,13550,51125,25395,39647,39940,,msa,39940,,2019
"Richmond, IN Micro Area",688,793,693,627,1207,8807,567,4728,31372,575495,28445,10395,63523,31771,53448,39980,,msa,39980,,2019
"Rockford, IL Metro Area",803,3495,2058,3402,9786,42716,2759,12417,145767,3532805,149856,48915,333128,172063,267283,40420,,msa,40420,,2019
"Rockingham, NC Micro Area",664,474,401,407,1859,6218,887,3205,21585,409010,17184,10935,43457,19748,35986,40460,,msa,40460,,2019
"Rockport, TX Micro Area",1012,152,93,317,268,1891,284,6617,16165,179735,8661,5127,24070,10606,20564,40530,,msa,40530,,2019
"Rock Springs, WY Micro Area",861,333,139,165,628,3691,338,4248,19771,405505,20717,4921,42958,22887,33137,40540,,msa,40540,,2019
"Rocky Mount, NC Metro Area",756,1775,1440,1464,4387,21545,2802,9873,68035,1396585,60944,26261,143914,69834,117935,40580,,msa,40580,,2019
"Rolla, MO Micro Area",727,373,536,493,1687,7256,821,2306,20287,351510,18173,8569,41549,20209,36387,40620,,msa,40620,,2019
"Rome, GA Metro Area",762,1083,1166,1236,2709,13899,1157,4920,40599,923430,39274,17122,93107,44216,77072,40660,,msa,40660,,2019
"Roseburg, OR Micro Area",824,768,957,1385,2570,14470,1397,4876,50332,765940,39823,15801,107837,46432,90820,40700,,msa,40700,,2019
"Roswell, NM Micro Area",771,507,447,568,1130,7244,961,3995,27279,490040,26040,12280,63174,28429,50128,40740,,msa,40740,,2019
"Ruidoso, NM Micro Area",697,56,195,67,201,1470,213,10590,18156,122080,6736,2026,19170,7938,16401,40760,,msa,40760,,2019
"Russellville, AR Micro Area",660,1021,670,417,1832,9156,980,6038,36120,671415,33877,14872,81393,38101,67693,40780,,msa,40780,,2019
"Ruston, LA Micro Area",729,917,795,1023,2135,8592,1444,2539,20251,383080,19907,13350,43993,21903,38969,40820,,msa,40820,,2019
"Rutland, VT Micro Area",826,754,545,483,1647,7238,436,9073,34411,627100,27795,5710,56785,30872,49787,40860,,msa,40860,,2019
"Sacramento-Roseville-Folsom, CA Metro Area",1290,29759,21445,30950,87569,330111,17428,72058,903208,26840635,971876,305863,2282378,1137887,1842661,40900,,msa,40900,,2019
"Safford, AZ Micro Area",769,195,133,175,643,3276,553,2569,13586,267600,12328,7679,33980,14292,28895,40940,,msa,40940,,2019
"Saginaw, MI Metro Area",780,2066,1556,1939,5545,22684,1925,8732,87665,1745570,78733,33351,185415,88961,155785,40980,,msa,40980,,2019
"Richmond, VA Metro Area",1117,14134,11353,13706,38997,165546,9231,39985,521202,15154120,599908,139048,1237185,679904,1025999,40060,,msa,40060,,2019
"Richmond-Berea, KY Micro Area",696,866,781,1078,3585,15191,1271,4776,43634,1091000,44606,20246,98252,50777,85333,40080,,msa,40080,,2019
"Rio Grande City-Roma, TX Micro Area",588,276,306,266,793,4028,907,3608,19796,530215,19631,22015,63419,25831,45233,40100,,msa,40100,,2019
"Riverside-San Bernardino-Ontario, CA Metro Area",1326,44853,36372,52719,140778,499709,25974,200324,1561258,59544035,1813054,658892,4464912,2122092,3513245,40140,,msa,40140,,2019
"Riverton, WY Micro Area",789,281,215,246,542,4404,736,3103,18010,281050,15885,5038,38864,19444,30841,40180,,msa,40180,,2019
"Roanoke, VA Metro Area",845,3130,2243,3281,8986,40059,2083,18033,146465,3464775,139108,39079,304109,156345,256454,40220,,msa,40220,,2019
"Roanoke Rapids, NC Micro Area",717,1161,720,654,2427,10560,1948,8041,37605,608155,24951,16805,68920,28741,58267,40260,,msa,40260,,2019
"Rochelle, IL Micro Area",745,437,313,286,824,5631,616,1642,22663,606435,23382,4787,50212,26581,40885,40300,,msa,40300,,2019
"Rochester, MN Metro Area",908,1793,1251,1137,4604,21757,1603,6327,93827,2174255,108423,17769,214944,120219,170446,40340,,msa,40340,,2019
"Rochester, NY Metro Area",902,12176,8682,12019,37779,142494,7419,47340,480453,10601045,491511,138605,1033274,554758,876652,40380,,msa,40380,,2019
"St. Cloud, MN Metro Area",814,2095,1315,1867,4690,24353,1106,5826,81757,2149890,99957,23623,191010,112630,156773,41060,,msa,41060,,2019
"St. George, UT Metro Area",1015,1202,1251,1590,3043,16914,1527,11645,68789,1065115,61407,19289,163692,71464,126752,41100,,msa,41100,,2019
"St. Joseph, MO-KS Metro Area",768,778,741,1174,2947,15998,1545,6879,53996,1028880,55228,17927,117671,60566,101910,41140,,msa,41140,,2019
"St. Louis, MO-IL Metro Area",902,27687,20514,28925,76793,350610,22333,130011,1256945,33989150,1312830,310448,2745684,1475077,2251860,41180,,msa,41180,,2019
"St. Marys, GA Micro Area",945,556,624,457,1515,7243,375,2706,22044,564035,24583,7961,51251,27104,41684,41220,,msa,41220,,2019
"St. Marys, PA Micro Area",591,265,60,307,347,3006,377,3770,17790,274980,14764,2836,29922,16096,25121,41260,,msa,41260,,2019
"Salem, OH Micro Area",663,901,613,848,1832,11001,1579,5292,46829,1092105,42853,14196,99223,48595,84499,41400,,msa,41400,,2019
"Salem, OR Metro Area",986,4546,4003,4693,13652,57161,2822,9971,158314,4343370,177030,57233,411252,202882,331127,41420,,msa,41420,,2019
"Salina, KS Micro Area",756,717,671,616,1395,7812,524,2760,27165,447380,29020,6699,58947,31637,48025,41460,,msa,41460,,2019
"Salinas, CA Metro Area",1495,6586,4714,6792,15003,62255,2636,14665,141820,4241400,181058,54393,416284,202743,331873,41500,,msa,41500,,2019
"Salisbury, MD-DE Metro Area",1024,3488,2686,4085,10272,42608,3793,88159,248312,4174915,167948,48947,389733,192275,335029,41540,,msa,41540,,2019
"Salt Lake City, UT Metro Area",1114,11063,7786,11035,24329,127167,6200,23741,419039,13070215,575645,106959,1185883,645330,903711,41620,,msa,41620,,2019
"San Angelo, TX Metro Area",881,1605,1149,1270,2956,16033,1228,5645,50099,999710,55874,15434,114856,61187,94856,41660,,msa,41660,,2019
"San Antonio-New Braunfels, TX Metro Area",1024,25395,20267,27438,63347,303703,22442,81435,892770,28962025,1087801,349850,2426780,1222517,1912022,41700,,msa,41700,,2019
"San Diego-Chula Vista-Carlsbad, CA Metro Area",1658,51417,36023,53796,144790,525182,21164,88605,1213891,40069285,1514012,374787,3234305,1764675,2671935,41740,,msa,41740,,2019
"Sandpoint, ID Micro Area",853,230,212,359,1003,4268,396,7584,25121,413890,16056,6262,43020,18948,36036,41760,,msa,41760,,2019
"Sandusky, OH Micro Area",756,598,212,756,2224,9590,698,6677,37860,725280,34446,8608,73651,37868,61552,41780,,msa,41780,,2019
"Sanford, NC Micro Area",775,684,286,490,1586,7293,416,2615,24509,653470,25654,9565,59433,28992,47170,41820,,msa,41820,,2019
"San Francisco-Oakland-Berkeley, CA Metro Area",1905,63527,45801,62569,169840,772243,32441,107209,1810484,75895430,2215329,418640,4639622,2610816,3869242,41860,,msa,41860,,2019
"San German, PR Metro Area",447,443,326,739,1365,13636,8517,26439,68360,784235,30080,65065,124230,37198,105168,41900,,msa,41900,,2019
"San Jose-Sunnyvale-Santa Clara, CA Metro Area",2249,25547,16696,23680,61466,285691,11151,33115,691465,27906095,945662,147595,1956372,1076062,1592951,41940,,msa,41940,,2019
"San Juan-Bayamon-Caguas, PR Metro Area",517,12719,9482,11366,42555,241563,100745,215427,975709,20893425,669675,831583,2083325,837260,1747280,41980,,msa,41980,,2019
"Sayre, PA Micro Area",738,597,328,528,997,6501,781,5639,30660,577455,24954,7643,60147,28153,49125,42380,,msa,42380,,2019
"Scottsbluff, NE Micro Area",755,396,324,374,894,5107,654,2040,17599,249430,16922,4915,37102,19149,29593,42420,,msa,42420,,2019
"Scottsboro, AL Micro Area",590,481,229,351,477,5066,1407,4346,25041,512595,19414,9536,51312,21460,42222,42460,,msa,42460,,2019
"Scottsburg, IN Micro Area",789,327,209,160,342,2515,305,1666,10637,249865,9802,3459,23257,10700,19074,42500,,msa,42500,,2019
"Scranton--Wilkes-Barre, PA Metro Area",789,5371,4012,4983,15307,74819,7635,37199,263810,5612710,248517,77605,534952,278799,458120,42540,,msa,42540,,2019
"Searcy, AR Micro Area",702,1002,479,811,1668,9860,1401,4724,33779,764060,31192,11742,74839,34272,62498,42620,,msa,42620,,2019
"Seattle-Tacoma-Bellevue, WA Metro Area",1492,55682,39388,50569,124094,598882,24723,93473,1592620,58406500,1880633,342356,3812730,2141529,3125212,42660,,msa,42660,,2019
"Sebastian-Vero Beach, FL Metro Area",959,1148,908,1212,3033,12172,922,21486,80098,1216935,53149,17418,152398,62799,131686,42680,,msa,42680,,2019
"Sebring-Avon Park, FL Metro Area",816,715,892,936,2261,10304,1271,14051,55791,644035,31224,18949,101823,37078,87692,42700,,msa,42700,,2019
"Sedalia, MO Micro Area",707,470,298,401,933,5004,385,2246,18279,333205,17404,6794,41503,19987,33037,42740,,msa,42740,,2019
"Selinsgrove, PA Micro Area",727,264,194,266,455,4118,560,1648,16442,432435,18445,3983,38125,20700,33042,42780,,msa,42780,,2019
"Selma, AL Micro Area",643,456,485,449,1614,6469,1103,4509,20419,327350,13763,11204,38546,16142,30693,42820,,msa,42820,,2019
"Seneca, SC Micro Area",762,655,536,701,1894,8725,1422,8392,40370,794265,30345,13436,76679,34019,63576,42860,,msa,42860,,2019
"Seneca Falls, NY Micro Area",781,240,195,265,770,3542,380,2797,16361,310550,14340,3825,31431,15852,28371,42900,,msa,42900,,2019
"Sevierville, TN Micro Area",791,1253,581,819,1973,11395,1084,20214,57424,1113065,43081,13078,95585,49402,79633,42940,,msa,42940,,2019
"Seymour, IN Micro Area",767,221,383,333,948,4681,382,2388,19141,422280,20099,6268,42849,21633,34443,42980,,msa,42980,,2019
"San Luis Obispo-Paso Robles, CA Metro Area",1476,3569,2847,3838,10652,40733,2223,16024,122005,2629935,121038,33261,266098,139024,237717,42020,,msa,42020,,2019
"Santa Cruz-Watsonville, CA Metro Area",1717,3150,3119,3374,11748,38257,2067,10489,106307,3398045,122521,34419,262224,144847,226982,42100,,msa,42100,,2019
"Santa Fe, NM Metro Area",1048,1357,894,1916,3501,18021,1794,11067,72988,1434495,63868,18797,146734,73448,125470,42140,,msa,42140,,2019
"Santa Isabel, PR Micro Area",488,61,57,112,316,1653,435,1827,9194,180765,7456,9867,21757,8602,17658,42180,,msa,42180,,2019
"Santa Maria-Santa Barbara, CA Metro Area",1643,6686,5075,6987,19195,69911,3083,11305,157161,4020715,196453,57556,425052,228476,356516,42200,,msa,42200,,2019
"Santa Rosa-Petaluma, CA Metro Area",1621,7012,5744,7012,18145,72981,3927,18339,207713,5906650,231110,45418,492490,268613,412267,42220,,msa,42220,,2019
"Sault Ste. Marie, MI Micro Area",674,297,226,337,961,4557,436,7444,21443,263220,14690,6257,34009,17152,31624,42300,,msa,42300,,2019
"Savannah, GA Metro Area",1086,4400,3776,4685,13552,58160,4719,19521,162309,4312120,176690,51167,372454,201968,306450,42340,,msa,42340,,2019
"Shawano, WI Micro Area",614,154,276,188,608,4317,487,4839,23251,461950,19703,5795,44629,22303,36411,43020,,msa,43020,,2019
"Shawnee, OK Micro Area",718,541,454,509,1358,7911,913,3886,29803,699430,28783,11177,69046,32170,57119,43060,,msa,43060,,2019
"Sheboygan, WI Metro Area",727,944,709,1187,2005,14340,701,3337,51075,1026380,56370,8110,112045,61559,92536,43100,,msa,43100,,2019
"Shelby, NC Micro Area",696,872,698,851,2255,11482,1824,7976,43614,947265,38422,19391,95255,43841,78747,43140,,msa,43140,,2019
"Shelbyville, TN Micro Area",767,453,286,447,940,5356,371,2104,19133,519510,20856,6818,47692,23017,37316,43180,,msa,43180,,2019
"Shelton, WA Micro Area",988,452,301,243,1414,5491,670,9225,33503,765580,23131,8731,62526,27054,52889,43220,,msa,43220,,2019
"Sheridan, WY Micro Area",836,364,133,214,708,4134,308,1664,14915,210500,13743,1726,29274,15690,24474,43260,,msa,43260,,2019
"Sherman-Denison, TX Metro Area",874,1318,940,1086,3055,15698,1377,7517,55971,1419285,56648,16775,128315,63998,103292,43300,,msa,43300,,2019
"Show Low, AZ Micro Area",720,792,398,789,1887,10923,2136,23021,58011,643630,30178,29663,106309,38298,82886,43320,,msa,43320,,2019
"Shreveport-Bossier City, LA Metro Area",832,4449,4050,5950,15653,59673,6937,27186,183248,3643610,166517,83360,391209,185231,313314,43340,,msa,43340,,2019
"Sidney, OH Micro Area",733,393,236,320,619,5362,322,1840,20448,439320,23826,4240,48071,26229,37941,43380,,msa,43380,,2019
"Sierra Vista-Douglas, AZ Metro Area",783,1098,1052,1263,2818,15586,1396,10945,61108,917180,44347,19476,117255,50158,101327,43420,,msa,43420,,2019
"Sikeston, MO Micro Area",687,399,156,301,1038,5078,601,2029,17259,335755,16083,7512,37873,17600,30405,43460,,msa,43460,,2019
"Silver City, NM Micro Area",671,410,188,179,876,3784,696,3220,15071,163210,9526,6460,26965,10896,22639,43500,,msa,43500,,2019
"Sioux City, IA-NE-SD Metro Area",797,1596,845,1118,2922,18213,1506,4561,59952,1254135,69336,17714,140544,76215,109901,43580,,msa,43580,,2019
"Sioux Falls, SD Metro Area",829,3300,1926,2258,5889,34164,1676,6545,108839,2513700,135071,21956,252917,147658,198628,43620,,msa,43620,,2019
"Snyder, TX Micro Area",761,88,135,113,149,1474,182,1276,7217,106925,6743,2173,15087,7169,13222,43660,,msa,43660,,2019
"Somerset, KY Micro Area",682,494,436,632,1682,7848,1285,6186,31487,551070,24608,14330,63092,27835,51641,43700,,msa,43700,,2019
"Somerset, PA Micro Area",607,626,430,483,962,6501,1004,8815,38459,750520,29815,8559,69090,33975,62428,43740,,msa,43740,,2019
"Sonora, CA Micro Area",1009,546,514,535,1510,6463,659,9051,31553,508710,18880,6443,50532,22150,45972,43760,,msa,43760,,2019
"South Bend-Mishawaka, IN-MI Metro Area",788,2673,2203,2606,7842,36620,3712,20117,143008,3140265,143719,46184,308977,160551,255483,43780,,msa,43780,,2019
"Spartanburg, SC Metro Area",794,2774,1889,2314,6925,34249,3911,12959,129604,3090525,134384,41995,299116,150248,244240,43900,,msa,43900,,2019
"Spearfish, SD Micro Area",761,228,186,280,792,3901,226,2968,14016,220230,12686,3096,24406,13904,21501,43940,,msa,43940,,2019
"Spencer, IA Micro Area",700,156,74,172,371,2328,189,1020,8232,124750,7389,1723,15879,8467,12959,43980,,msa,43980,,2019
"Spirit Lake, IA Micro Area",844,136,133,163,276,1685,195,5680,13854,139060,8599,1392,16902,9387,14285,44020,,msa,44020,,2019
"Spokane-Spokane Valley, WA Metro Area",902,7497,5211,6546,18651,80114,3765,18252,238617,5214460,231504,73516,535168,267182,441705,44060,,msa,44060,,2019
"Springfield, IL Metro Area",818,1823,1253,2047,6572,27175,2108,8568,97467,1903455,94793,29122,204778,106676,167782,44100,,msa,44100,,2019
"Springfield, MA Metro Area",948,9746,6105,8937,25768,98842,5759,22763,291593,7336000,315466,97892,661179,359391,579090,44140,,msa,44140,,2019
"Springfield, MO Metro Area",762,6022,4127,5919,15123,71688,5961,15366,203708,4548995,203794,67860,446585,225246,369733,44180,,msa,44180,,2019
"Springfield, OH Metro Area",749,1476,879,1383,3527,18603,1186,6576,61272,1298680,57758,19570,131347,65406,108131,44220,,msa,44220,,2019
"Starkville, MS Micro Area",778,542,386,687,3104,9493,1634,5189,26769,482440,23060,15635,54391,26703,49544,44260,,msa,44260,,2019
"State College, PA Metro Area",1000,1474,1114,1652,7399,22395,2021,8504,66705,1470240,71979,26030,143344,80524,140544,44300,,msa,44300,,2019
"Statesboro, GA Micro Area",805,1105,540,910,3567,12617,1171,3760,31135,716580,32085,17874,67645,37345,62429,44340,,msa,44340,,2019
"Staunton, VA Metro Area",863,1058,948,850,2908,14523,1254,5059,54388,1258225,54409,12352,115709,60038,100163,44420,,msa,44420,,2019
"Steamboat Springs, CO Micro Area",1282,212,82,348,482,2766,190,7225,16828,254255,12710,2705,24781,14975,21075,44460,,msa,44460,,2019
"Stephenville, TX Micro Area",911,374,265,271,1250,4972,572,4586,18181,348210,18669,7305,39761,20819,34093,44500,,msa,44500,,2019
"Sterling, CO Micro Area",786,325,138,401,489,2917,203,715,9108,190020,10406,2701,21500,11653,18279,44540,,msa,44540,,2019
"Sterling, IL Micro Area",695,500,258,395,1087,5805,391,2739,25823,479985,25216,5852,54873,27520,45125,44580,,msa,44580,,2019
"Stevens Point, WI Micro Area",776,614,591,529,1906,8881,443,2236,30911,680975,35546,8099,67209,39139,58435,44620,,msa,44620,,2019
"Stillwater, OK Micro Area",817,985,775,1438,5127,14878,1355,5537,36325,631460,35257,19739,73664,38656,67604,44660,,msa,44660,,2019
"Stockton, CA Metro Area",1208,9364,6904,9678,25407,99148,5222,14693,243260,9950605,290719,105461,726994,339798,562701,44700,,msa,44700,,2019
"Storm Lake, IA Micro Area",706,172,139,168,246,2663,295,761,8285,137365,9661,2462,19037,10896,15540,44740,,msa,44740,,2019
"Sturgis, MI Micro Area",722,518,240,384,1175,6132,589,3770,27920,575130,26400,8884,59829,29477,47612,44780,,msa,44780,,2019
"Sulphur Springs, TX Micro Area",811,234,194,210,751,4081,635,1957,15381,366250,15548,5027,35842,17168,28455,44860,,msa,44860,,2019
"Summerville, GA Micro Area",608,272,85,285,336,2945,269,1721,10981,233395,8685,4415,22778,9643,19853,44900,,msa,44900,,2019
"Sumter, SC Metro Area",774,1577,1049,1390,3328,17822,2595,11023,65960,1311095,55207,26943,136629,63927,112320,44940,,msa,44940,,2019
"Sunbury, PA Micro Area",663,783,524,798,2013,11421,1553,6390,45465,944420,39315,11552,87589,43706,75909,44980,,msa,44980,,2019
"Susanville, CA Micro Area",956,322,80,264,639,3010,294,3503,12783,161105,7811,2830,21010,9249,26650,45000,,msa,45000,,2019
"Sweetwater, TX Micro Area",695,80,148,159,250,1772,307,1669,7076,105340,6062,2359,14623,6739,11487,45020,,msa,45020,,2019
"Syracuse, NY Metro Area",853,6351,4214,6246,20196,83428,5723,37885,295165,6219915,291727,88282,622738,328983,531375,45060,,msa,45060,,2019
"Tahlequah, OK Micro Area",666,312,482,346,1130,5274,621,5492,22157,450935,18576,10362,46967,21339,39073,45140,,msa,45140,,2019
"Talladega-Sylacauga, AL Micro Area",628,696,573,673,1679,9013,1325,6466,37861,729975,29673,14653,76886,34100,65202,45180,,msa,45180,,2019
"Tallahassee, FL Metro Area",991,5154,3601,5583,17780,61448,5333,22752,170529,3942240,171040,71995,360362,196263,317118,45220,,msa,45220,,2019
"Tampa-St. Petersburg-Clearwater, FL Metro Area",1115,37963,29944,40241,102364,425883,26345,206725,1419992,36422675,1314442,411907,3051848,1527285,2550190,45300,,msa,45300,,2019
"Taos, NM Micro Area",784,276,221,189,751,2854,476,8813,20916,243625,11943,5976,32587,15190,27558,45340,,msa,45340,,2019
"Taylorville, IL Micro Area",674,258,338,167,493,3466,496,1713,15614,341200,14010,3831,31171,15210,26863,45380,,msa,45380,,2019
"Terre Haute, IN Metro Area",722,1724,1401,2182,5307,23440,2483,10768,83670,1810155,78794,28764,173313,88302,152141,45460,,msa,45460,,2019
"Texarkana, TX-AR Metro Area",742,1402,1097,1952,4068,19786,2158,10042,65907,1138560,57378,24942,141904,63859,118366,45500,,msa,45500,,2019
"The Dalles, OR Micro Area",842,196,159,308,614,3897,387,1373,11678,193275,10610,2969,25660,12383,20877,45520,,msa,45520,,2019
"The Villages, FL Metro Area",914,358,501,628,1568,5784,782,14570,70800,544835,21861,9445,115461,26297,117026,45540,,msa,48680,,2019
"Thomaston, GA Micro Area",639,246,150,199,692,3293,747,2001,12155,231090,9956,5359,25581,10900,20923,45580,,msa,45580,,2019
"Thomasville, GA Micro Area",861,356,551,673,1627,6821,971,3120,20715,365515,18617,8408,43827,21142,35127,45620,,msa,45620,,2019
"Tiffin, OH Micro Area",696,456,347,363,965,6006,584,2484,24132,557365,25480,6663,52012,28011,44654,45660,,msa,45660,,2019
"Tifton, GA Micro Area",689,495,381,348,1171,6057,623,1601,16745,324420,17950,8987,38508,18944,31385,45700,,msa,45700,,2019
"Toccoa, GA Micro Area",750,208,87,527,473,2882,305,3081,12624,220510,9897,3291,24841,11455,20850,45740,,msa,45740,,2019
"Toledo, OH Metro Area",752,7620,5122,6669,20898,97319,6956,38255,303331,6219945,293829,102091,626177,331493,517051,45780,,msa,45780,,2019
"Topeka, KS Metro Area",809,2503,1605,2477,6136,30320,1703,10480,105138,2174280,106648,25290,227225,117191,183818,45820,,msa,45820,,2019
"Torrington, CT Micro Area",1065,1401,1266,1498,3878,17429,1290,14109,88252,2575165,89760,12416,179809,102320,152691,45860,,msa,45860,,2019
"Traverse City, MI Micro Area",908,1052,692,949,2526,11850,829,24079,84474,1502695,66623,14568,146524,75638,123425,45900,,msa,45900,,2019
"Trenton-Princeton, NJ Metro Area",1266,3965,3034,4048,12462,48011,2701,14919,144855,4722130,167117,40980,351928,192101,298481,45940,,msa,45940,,2019
"Troy, AL Micro Area",669,355,163,368,1258,4376,863,4522,16123,275685,13599,7701,31521,14932,27622,45980,,msa,45980,,2019
"Truckee-Grass Valley, CA Micro Area",1273,934,549,1230,3109,10539,971,13134,53989,944225,37054,10844,98185,46329,84376,46020,,msa,46020,,2019
"Tucson, AZ Metro Area",907,12900,8988,12948,35562,149062,11050,55173,459912,10406915,418325,167823,998061,486131,834998,46060,,msa,46060,,2019
"Tullahoma-Manchester, TN Micro Area",716,757,403,759,2210,11459,1476,5907,46471,1036625,43386,13793,100312,48155,83243,46100,,msa,46100,,2019
"Tulsa, OK Metro Area",852,10630,7943,10902,25645,134614,11637,48695,430912,9608485,440307,139706,973883,493866,772364,46140,,msa,46140,,2019
"Tupelo, MS Micro Area",721,1111,1014,1278,3320,17954,2779,10509,71189,1589495,69304,25605,161636,76210,128924,46180,,msa,46180,,2019
"Tuscaloosa, AL Metro Area",819,2119,1572,2580,7649,30497,3893,24350,113049,2487085,103081,45615,238103,116128,203280,46220,,msa,46220,,2019
"Twin Falls, ID Metro Area",791,826,1038,912,2145,12513,1411,2645,41813,869970,47853,16453,107244,53130,80891,46300,,msa,46300,,2019
"Tyler, TX Metro Area",941,1672,2057,2166,5339,26089,2335,12740,90418,2326535,95528,34116,222154,107802,177448,46340,,msa,46340,,2019
"Ukiah, CA Micro Area",1146,1040,753,1335,3696,13797,1586,6552,40960,686805,33095,15251,85684,41349,70884,46380,,msa,46380,,2019
"Union, SC Micro Area",690,164,209,306,552,3629,680,2663,14095,302965,11256,5834,27001,12680,22267,46420,,msa,46420,,2019
"Union City, TN Micro Area",621,475,285,238,689,4463,843,1901,14618,253200,12283,6267,29766,13643,24464,46460,,msa,46460,,2019
"Urbana, OH Micro Area",696,324,123,311,496,4068,249,1627,16786,437980,17310,3845,37897,19395,31345,46500,,msa,46500,,2019
"Urban Honolulu, HI Metro Area",1745,12093,9239,14430,37201,137044,8475,37776,350571,13953440,479981,79070,953141,531051,797370,46520,,msa,46520,,2019
"Utica-Rome, NY Metro Area",749,2726,1645,2773,7715,35654,3019,24845,139098,2524550,122551,42022,278819,138304,237430,46540,,msa,46540,,2019
"Uvalde, TX Micro Area",645,209,212,199,175,2359,537,2319,11160,203590,10728,4737,26410,11831,20669,46620,,msa,46620,,2019
"Valdosta, GA Metro Area",786,1827,1370,1802,4884,23160,3733,8843,61735,1225830,59911,33889,140560,66631,114202,46660,,msa,46660,,2019
"Vallejo, CA Metro Area",1592,5770,4475,4907,14592,57716,2414,7935,157800,6505685,196052,41121,430780,223788,353910,46700,,msa,46700,,2019
"Van Wert, OH Micro Area",712,112,129,274,523,2645,337,1163,12707,266975,13221,3090,27821,14221,22433,46780,,msa,46780,,2019
"Vermillion, SD Micro Area",741,141,80,263,806,2422,150,806,6039,108740,6832,2644,11790,8283,11806,46820,,msa,46820,,2019
"Vernal, UT Micro Area",811,223,200,85,337,2546,230,3178,13747,274660,14096,4479,35679,16266,25417,46860,,msa,46860,,2019
"Vernon, TX Micro Area",616,140,89,113,260,2034,206,1060,6240,84530,6024,2390,12447,6538,10313,46900,,msa,46900,,2019
"Vicksburg, MS Micro Area",720,380,413,282,1661,6182,1035,3827,22062,381635,18913,9487,45990,20753,36624,46980,,msa,46980,,2019
"Victoria, TX Metro Area",912,860,819,790,2463,11453,1200,5938,40920,880445,42687,14600,98040,47962,77398,47020,,msa,47020,,2019
"Vidalia, GA Micro Area",604,319,155,408,1035,4913,712,3064,16191,303675,13326,7727,34839,15360,28050,47080,,msa,47080,,2019
"Vincennes, IN Micro Area",659,411,226,432,911,5330,488,2076,17114,350415,17440,5381,34676,18998,30139,47180,,msa,47180,,2019
"Vineland-Bridgeton, NJ Metro Area",1069,1657,1300,1683,6001,17636,962,5719,56448,1392090,58891,23051,139782,66521,119686,47220,,msa,47220,,2019
"Vineyard Haven, MA Micro Area",1459,129,160,167,428,1872,394,11137,17902,92490,7328,1299,17168,9050,14535,47240,,msa,47240,,2019
"Virginia Beach-Norfolk-Newport News, VA-NC Metro Area",1180,24184,18286,24813,57086,254454,13569,71190,735011,20870305,846760,190903,1690683,944898,1414928,47260,,msa,47260,,2019
"Visalia, CA Metro Area",942,5141,3717,6225,15548,59372,4504,10756,148994,3783200,167293,108512,456186,197822,334664,47300,,msa,47300,,2019
"Wabash, IN Micro Area",706,230,234,207,684,3346,298,1292,14154,290750,13959,3387,29385,15434,25650,47340,,msa,47340,,2019
"Waco, TX Metro Area",864,3315,2383,3195,9456,38148,3770,13670,108923,2278210,114718,50320,256812,126048,209758,47380,,msa,47380,,2019
"Wahpeton, ND-MN Micro Area",644,282,116,212,405,2591,369,1259,10854,197805,10798,2213,21269,12018,18159,47420,,msa,47420,,2019
"Walla Walla, WA Metro Area",926,573,536,822,2176,7969,392,2099,24745,393740,24610,7329,55272,27986,48957,47460,,msa,47460,,2019
"Wapakoneta, OH Micro Area",729,248,194,270,847,4584,463,1014,19902,440310,22487,3773,45036,24158,36050,47540,,msa,47540,,2019
"Warner Robins, GA Metro Area",888,2249,1159,1936,5176,24275,1680,7478,74670,1847525,81236,26692,176598,90615,140373,47580,,msa,47580,,2019
"Warren, PA Micro Area",614,276,133,261,581,3958,609,6514,23629,344655,17249,4926,39012,19137,33022,47620,,msa,47620,,2019
"Kingsport-Bristol, TN-VA Metro Area",663,2722,2059,2309,6278,35284,5449,21073,149147,2837605,121162,49841,299823,136282,254173,28700,,msa,28700,,2019
"Kingston, NY Metro Area",1112,1732,1657,1642,6596,21999,1670,15819,85139,2284760,78729,23571,170910,92003,150819,28740,,msa,28740,,2019
"Kingsville, TX Micro Area",857,399,346,439,1142,5325,794,2408,13560,258525,13199,7935,29652,14875,24828,28780,,msa,28780,,2019
"Kinston, NC Micro Area",717,749,503,802,1946,9410,1006,4459,27607,515800,22053,12836,55386,25966,45461,28820,,msa,28820,,2019
"Kirksville, MO Micro Area",632,288,338,264,958,4150,719,2915,13648,217405,11808,6220,27251,13293,24697,28860,,msa,28860,,2019
"Klamath Falls, OR Micro Area",772,750,324,848,2641,9962,730,5669,33555,396145,24749,12853,66002,29047,53969,28900,,msa,28900,,2019
"Knoxville, TN Metro Area",833,8842,6459,8088,21019,106893,10972,45223,386432,8906595,372513,121796,833002,420558,697332,28940,,msa,28940,,2019
"Kalamazoo-Portage, MI Metro Area",812,3396,2280,2903,7964,37231,1573,8663,112108,2553690,125453,38054,254596,141491,211797,28020,,msa,28020,,2019
"Kalispell, MT Micro Area",855,797,674,771,1893,10035,858,10012,48785,859105,43794,10831,98998,50102,80383,28060,,msa,28060,,2019
"Kankakee, IL Metro Area",887,1240,495,1101,3169,12724,696,5766,45562,1190730,48318,15039,106111,53770,88183,28100,,msa,28100,,2019
"Kansas City, MO-KS Metro Area",961,24319,17685,22682,53964,289827,15760,79509,910009,23646460,1014773,219899,2090932,1135846,1664934,28140,,msa,28140,,2019
"Kapaa, HI Micro Area",1375,721,586,579,1480,8338,996,8358,31016,731095,33012,5752,70984,38043,57623,28180,,msa,28180,,2019
"Kearney, NE Micro Area",767,545,460,532,1435,7390,529,1721,23449,465365,29221,6955,53251,31640,43860,28260,,msa,28260,,2019
"Keene, NH Micro Area",949,651,805,659,1814,9212,565,5447,35588,826245,35559,6409,71402,41290,64043,28300,,msa,28300,,2019
"Kendallville, IN Micro Area",712,343,216,287,504,4274,410,2279,20555,486470,21877,3453,46413,23953,36993,28340,,msa,28340,,2019
"Kennett, MO Micro Area",576,302,246,327,1018,4685,711,2086,14428,234200,10996,7505,29205,12493,23225,28380,,msa,28380,,2019
"Kennewick-Richland, WA Metro Area",955,2725,1543,2695,6161,30912,1902,5460,104304,2624940,120793,36894,285104,136402,215424,28420,,msa,28420,,2019
"Kerrville, TX Micro Area",874,538,509,495,859,6267,768,3233,24636,419955,20584,5880,50232,23551,42993,28500,,msa,28500,,2019
"Ketchikan, AK Micro Area",1169,154,165,220,468,2075,138,1004,6401,98465,6913,1304,13617,7772,11098,28540,,msa,28540,,2019
"Key West, FL Micro Area",1627,1393,862,1369,3595,12990,779,21450,53518,698280,37949,8160,74532,42410,65747,28580,,msa,28580,,2019
"Kill Devil Hills, NC Micro Area",1089,240,338,365,907,3978,355,19216,34745,348395,16518,3230,35970,19354,30068,28620,,msa,28620,,2019
"Killeen-Temple, TX Metro Area",921,5716,4602,5865,12257,67216,4233,23250,176068,4064040,187369,56861,418193,214896,337734,28660,,msa,28660,,2019
"Kokomo, IN Metro Area",700,665,500,634,2499,10325,740,4695,39396,691265,34942,12046,80868,39150,66053,29020,,msa,29020,,2019
"Laconia, NH Micro Area",999,433,361,397,1472,6134,462,13555,38607,746940,28988,5186,60025,32661,51021,29060,,msa,29060,,2019
"La Crosse-Onalaska, WI-MN Metro Area",825,1435,932,1569,3929,19209,1100,3297,59068,1294805,68684,16010,131292,75369,112175,29100,,msa,29100,,2019
"Lafayette, LA Metro Area",811,3711,3024,4499,11840,56241,9310,27693,209491,5431350,211423,91848,480710,237122,381624,29180,,msa,29180,,2019
"Lafayette-West Lafayette, IN Metro Area",840,3016,2364,2759,8894,34656,2493,8282,93599,2065985,107226,36679,210988,119312,186005,29200,,msa,29200,,2019
"La Grande, OR Micro Area",818,387,260,224,567,3797,315,1121,11829,181925,10641,3573,25679,12492,21221,29260,,msa,29260,,2019
"LaGrange, GA-AL Micro Area",792,998,795,1078,3594,15000,1858,7141,45517,1035180,42578,20211,101228,47288,81672,29300,,msa,29300,,2019
"Lake Charles, LA Metro Area",833,1987,1611,2240,5386,25738,2843,13779,94293,1940795,89618,34946,205008,98673,162066,29340,,msa,29340,,2019
"Lake City, FL Micro Area",829,503,524,418,1206,7180,1120,3900,29033,619625,24942,10261,64977,29083,56542,29380,,msa,29380,,2019
"Lake Havasu City-Kingman, AZ Metro Area",826,2209,1617,2374,4554,26697,3097,27684,114573,1431035,68044,33364,203644,79369,175830,29420,,msa,29420,,2019
"Lakeland-Winter Haven, FL Metro Area",978,6286,4992,6272,16244,73195,5967,60173,295456,7510055,269784,106475,672585,303665,550530,29460,,msa,29460,,2019
"Lamesa, TX Micro Area",645,83,127,54,267,1327,178,865,5187,69400,4116,2840,10950,4764,9947,29500,,msa,29500,,2019
"Lancaster, PA Metro Area",1009,4610,4152,5497,15201,64403,3202,9365,210985,5904500,253668,53659,528680,282885,427196,29540,,msa,29540,,2019
"Lansing-East Lansing, MI Metro Area",858,5496,4190,5680,17030,71877,4029,18447,233088,5600860,250495,77972,524254,283591,447654,29620,,msa,29620,,2019
"Laramie, WY Micro Area",796,789,400,726,2224,7806,371,3322,19266,252195,19855,7454,35944,22381,32724,29660,,msa,29660,,2019
"Laredo, TX Metro Area",844,2140,1896,2605,6632,28276,3546,8252,83041,2242870,105081,74264,270104,115090,192461,29700,,msa,29700,,2019
"Las Cruces, NM Metro Area",754,1844,1852,2503,7018,28729,2982,10055,87897,1788925,84309,55581,210408,96375,168734,29740,,msa,29740,,2019
"Las Vegas, NM Micro Area",660,152,138,401,817,3691,820,5643,18965,251695,9988,8295,30695,12089,27416,29780,,msa,29780,,2019
"Las Vegas-Henderson-Paradise, NV Metro Area",1132,32462,24840,34082,85051,362272,19378,116346,899870,24546955,975987,295030,2154251,1109385,1727250,29820,,msa,29820,,2019
"Laurel, MS Micro Area",676,772,430,623,1593,7791,1548,6017,37504,816805,33990,18144,83228,36794,65909,29860,,msa,29860,,2019
"Laurinburg, NC Micro Area",674,243,216,334,1441,5105,776,2390,15312,267600,11551,8897,32639,13741,27760,29900,,msa,29900,,2019
"Lawrence, KS Metro Area",926,1749,1549,1599,6090,22854,897,3409,50345,1309255,64067,20169,112036,71344,100418,29940,,msa,29940,,2019
"Lawrenceburg, TN Micro Area",661,424,147,206,705,3935,769,2300,18260,424545,15864,7250,42771,18290,33761,29980,,msa,29980,,2019
"Lawton, OK Metro Area",829,1505,1281,1439,3983,20568,1552,9598,54635,892730,50882,19001,117462,63523,100608,30020,,msa,30020,,2019
"Lebanon, MO Micro Area",661,245,184,268,572,4305,510,1910,16022,315290,14937,5265,35077,16619,27755,30060,,msa,30060,,2019
"Lebanon, NH-VT Micro Area",951,2317,1612,2124,4946,24041,2075,37232,125864,2475860,102133,20657,208279,114565,183587,30100,,msa,30100,,2019
"Lebanon, PA Metro Area",874,1358,916,1658,3140,16100,782,4030,57609,1489980,64819,14715,136039,71791,111299,30140,,msa,30140,,2019
"Levelland, TX Micro Area",696,231,108,241,297,2357,327,1387,9384,211730,9721,3662,22206,11004,17628,30220,,msa,30220,,2019
"Lewisburg, PA Micro Area",769,173,267,250,1038,4012,299,2824,17357,355000,16483,4258,36023,18599,38203,30260,,msa,30260,,2019
"Lewisburg, TN Micro Area",763,234,153,271,437,3481,365,1345,13669,423915,14042,4531,32476,15880,26216,30280,,msa,30280,,2019
"Lewiston, ID-WA Metro Area",754,679,493,548,1419,7121,501,2387,27872,453435,26787,8010,61273,30393,51014,30300,,msa,30300,,2019
"Lewiston-Auburn, ME Metro Area",771,1633,918,1262,2850,16271,870,4262,49892,1225310,50764,12283,104281,56822,86746,30340,,msa,30340,,2019
"Lewistown, PA Micro Area",682,495,286,396,818,5463,566,2811,21854,471710,20197,6127,45537,22153,37148,30380,,msa,30380,,2019
"Lexington, NE Micro Area",725,276,207,167,435,3208,242,1709,11616,208795,12601,3067,25355,13616,19762,30420,,msa,30420,,2019
"Lexington-Fayette, KY Metro Area",867,6497,4820,6139,18097,82719,5394,18083,220209,5229270,242027,78062,492508,272456,410171,30460,,msa,30460,,2019
"Liberal, KS Micro Area",787,189,121,76,427,2437,149,919,8240,161255,10424,3668,21737,11437,15841,30580,,msa,30580,,2019
"Lima, OH Metro Area",703,1078,823,976,2945,13387,849,4431,45081,906890,46046,13819,99233,51065,82102,30620,,msa,30620,,2019
"Lincoln, IL Micro Area",689,220,120,135,434,2943,161,1253,12050,254725,11612,2323,24979,13168,24117,30660,,msa,30660,,2019
"Lincoln, NE Metro Area",848,3965,3567,3826,10874,51846,2276,7334,138258,3328350,172466,38521,315394,187407,262474,30700,,msa,30700,,2019
"Little Rock-North Little Rock-Conway, AR Metro Area",845,8573,5842,8259,22074,102067,7579,41022,325149,7634870,331239,108782,722566,363253,582519,30780,,msa,30780,,2019
"Lock Haven, PA Micro Area",736,396,230,256,814,4378,309,4560,19250,407400,16939,5777,37185,18950,31915,30820,,msa,30820,,2019
"Logan, UT-ID Metro Area",795,1266,1104,1148,3281,15036,764,3435,46225,1112205,61808,20010,134696,68472,99842,30860,,msa,30860,,2019
"Logansport, IN Micro Area",650,270,208,276,561,3825,528,1681,16369,343520,17028,5353,36777,18595,30214,30900,,msa,30900,,2019
"London, KY Micro Area",612,1216,860,706,3302,17300,4351,10309,65085,1131320,49650,38880,142947,56103,117568,30940,,msa,30940,,2019
"Longview, TX Metro Area",830,2640,1798,2315,6648,32030,3360,18564,119532,2653445,115469,45024,273409,128518,222067,30980,,msa,30980,,2019
"Longview, WA Metro Area",854,1361,1275,1473,2787,14233,890,2759,44711,1070250,41570,15131,105240,47862,85037,31020,,msa,31020,,2019
"Los Alamos, NM Micro Area",1062,117,37,112,186,2053,116,453,8384,151000,9313,809,18540,10156,14864,31060,,msa,31060,,2019
"Los Angeles-Long Beach-Anaheim, CA Metro Area",1545,206281,154985,221118,642047,2239499,106647,288962,4643249,185667455,6005033,1820494,13059503,6924748,10672276,31080,,msa,31080,,2019
"Louisville/Jefferson County, KY-IN Metro Area",854,12965,9784,12629,31586,161812,10979,51983,543426,14046215,582639,154199,1230232,655549,1005538,31140,,msa,31140,,2019
"Lubbock, TX Metro Area",935,4596,2603,4932,13823,52007,4512,14958,132661,2571890,147934,57397,303925,161077,248255,31180,,msa,31180,,2019
"Ludington, MI Micro Area",698,300,149,165,511,2820,307,5350,17536,215550,12222,4294,28540,13435,23723,31220,,msa,31220,,2019
"Lufkin, TX Micro Area",827,700,765,947,2067,10504,1177,5887,36922,717440,34851,15026,84680,39169,67358,31260,,msa,31260,,2019
"Lumberton, NC Micro Area",645,1217,805,1123,2962,15799,3279,7283,53210,1153305,47223,35706,128917,52202,103205,31300,,msa,31300,,2019
"Lynchburg, VA Metro Area",817,2827,1949,2853,5542,30069,2955,15617,116529,2724585,114370,32965,248985,127835,216185,31340,,msa,31340,,2019
"Macomb, IL Micro Area",662,170,160,343,1078,3839,478,3018,14426,223515,12715,5928,27017,14653,25802,31380,,msa,31380,,2019
"Macon-Bibb County, GA Metro Area",800,2478,2004,2931,8290,33433,4487,16586,102717,2121985,89960,48109,221249,102105,182038,31420,,msa,31420,,2019
"Madera, CA Metro Area",1014,1491,1072,1860,3492,16109,1561,5796,50677,1500390,52938,29273,146837,63913,117569,31460,,msa,31460,,2019
"Madison, IN Micro Area",742,194,153,305,807,3554,261,1845,14477,325390,13574,4001,29674,14989,26472,31500,,msa,31500,,2019
"Madison, WI Metro Area",1046,8933,6032,8157,22568,105691,3990,14646,286584,7613580,347864,65544,637418,382317,532567,31540,,msa,31540,,2019
"Madisonville, KY Micro Area",715,392,153,280,964,5676,997,2817,21405,396460,18159,8534,44095,19964,36061,31580,,msa,31580,,2019
"Magnolia, AR Micro Area",664,170,110,109,499,2533,506,3104,11666,150480,8732,5482,21933,10034,19430,31620,,msa,31620,,2019
"Malone, NY Micro Area",703,382,337,274,1255,5438,691,6739,25754,357720,17811,7981,44890,20858,41669,31660,,msa,31660,,2019
"Malvern, AR Micro Area",619,226,228,379,279,2790,361,1913,14512,339685,12760,5658,31368,13980,27540,31680,,msa,31680,,2019
"Manchester-Nashua, NH Metro Area",1191,5196,3304,4346,11663,54689,2003,10106,171192,5908105,208441,31468,404745,237135,338329,31700,,msa,31700,,2019
"Manhattan, KS Metro Area",972,2220,1530,2350,5623,24781,1160,8033,55905,1127740,66984,20783,121581,74519,105579,31740,,msa,31740,,2019
"Manitowoc, WI Micro Area",672,524,482,443,1044,8517,665,2923,37486,742775,38411,7799,78223,41750,64901,31820,,msa,31820,,2019
"Mankato, MN Metro Area",870,1243,740,1132,3035,13278,665,2974,41950,928405,51288,14265,94901,59478,82280,31860,,msa,31860,,2019
"Mansfield, OH Metro Area",682,1224,776,1377,2900,15816,943,5741,54190,1114675,49859,15321,113445,55338,97923,31900,,msa,31900,,2019
"Marietta, OH Micro Area",668,568,386,458,1316,6644,646,3021,28218,589510,25614,8337,58671,28275,49998,31930,,msa,31930,,2019
"Marinette, WI-MI Micro Area",643,592,366,477,1219,7041,812,16037,45137,581505,28000,8087,62106,30965,53198,31940,,msa,31940,,2019
"Marion, IN Micro Area",700,697,613,543,1697,8326,690,4115,30487,513720,27061,10953,60861,31343,54276,31980,,msa,31980,,2019
"McAllen-Edinburg-Mission, TX Metro Area",734,6013,4721,6128,18040,76182,9641,37962,276307,6814775,303102,250879,844950,352862,604559,32580,,msa,32580,,2019
"McComb, MS Micro Area",717,404,152,300,1042,4464,938,4115,18519,331755,13589,12637,38291,14690,30450,32620,,msa,32620,,2019
"McMinnville, TN Micro Area",640,286,246,292,859,4801,1037,2248,17975,399875,16423,8714,40078,18169,32208,32660,,msa,32660,,2019
"McPherson, KS Micro Area",746,274,87,145,678,3761,338,924,13258,194160,14043,2382,27176,15177,22965,32700,,msa,32700,,2019
"Meadville, PA Micro Area",664,568,475,670,1685,9531,1246,9750,44914,796575,36085,10855,81944,40619,69856,32740,,msa,32740,,2019
"Medford, OR Metro Area",993,2944,2279,2760,8682,32449,2047,7190,95431,1620090,85681,33234,214204,101463,176884,32780,,msa,32780,,2019
"Memphis, TN-MS-AR Metro Area",930,16980,11709,17373,49298,199679,16460,69841,567073,14344830,592923,230793,1313071,668970,1043136,32820,,msa,32820,,2019
"Menomonie, WI Micro Area",796,431,264,272,1062,5368,492,1604,18463,489210,21594,4830,41074,24404,36801,32860,,msa,32860,,2019
"Merced, CA Metro Area",1021,3029,2457,3491,8589,38213,3470,5243,85251,2787960,97330,56217,265217,119232,199752,32900,,msa,32900,,2019
"Meridian, MS Micro Area",726,1111,327,833,2858,12561,1683,8479,48063,914155,40603,20757,97628,44400,81160,32940,,msa,32940,,2019
"Marion, NC Micro Area",645,374,241,212,660,4967,796,3230,21403,425645,17587,7402,44137,19844,37089,32000,,msa,32000,,2019
"Marion, OH Micro Area",731,765,588,617,1839,8318,634,3151,27888,572535,25159,8790,59343,28550,52912,32020,,msa,32020,,2019
"Marquette, MI Micro Area",738,748,450,621,1650,7761,697,8298,34850,515900,28872,9833,62841,32573,55956,32100,,msa,32100,,2019
"Marshall, MN Micro Area",666,329,215,200,603,3167,152,1259,11277,188610,12507,3473,24560,13895,19930,32140,,msa,32140,,2019
"Marshall, MO Micro Area",640,267,169,280,294,2518,308,1910,10182,177035,9735,3517,21653,10814,18279,32180,,msa,32180,,2019
"Marshalltown, IA Micro Area",689,481,299,268,590,4551,525,1374,16793,326865,17915,4651,38675,19903,30961,32260,,msa,32260,,2019
"Martin, TN Micro Area",626,520,313,448,813,4736,579,1975,15615,287595,13871,6264,30904,15183,27855,32280,,msa,32280,,2019
"Martinsville, VA Micro Area",618,809,379,593,1628,8395,997,6513,33263,540745,24000,12111,62985,27121,52494,32300,,msa,32300,,2019
"Maryville, MO Micro Area",657,250,131,340,693,3541,322,1371,9766,168075,10453,4263,19355,11410,19264,32340,,msa,32340,,2019
"Mason City, IA Micro Area",702,580,278,519,1066,6655,456,3459,25872,432515,24379,4879,49176,27200,41106,32380,,msa,32380,,2019
"Mayaguez, PR Metro Area",413,553,657,810,3405,15194,6811,13768,52413,569615,24687,51120,98442,33612,84289,32420,,msa,32420,,2019
"Mayfield, KY Micro Area",639,257,141,363,606,3511,643,2570,16886,346120,15105,7165,36557,16691,29293,32460,,msa,32460,,2019
"Maysville, KY Micro Area",661,200,144,105,325,2169,385,1463,8163,164580,6886,2978,16739,7660,13664,32500,,msa,32500,,2019
"McAlester, OK Micro Area",718,362,251,355,887,4903,856,5279,23095,345570,16432,7057,41959,18704,35431,32540,,msa,32540,,2019
"Mexico, MO Micro Area",649,195,120,211,356,2926,364,1607,10893,229240,10208,3540,23501,11444,20411,33020,,msa,33020,,2019
"Miami, OK Micro Area",677,293,223,223,647,3677,531,2216,14063,253155,12357,6302,30392,13634,24513,33060,,msa,33060,,2019
"Miami-Fort Lauderdale-Pompano Beach, FL Metro Area",1363,79337,64620,93251,273856,865292,48874,406586,2534103,82074195,2743364,880300,6015495,3142270,4990746,33100,,msa,33100,,2019
"Michigan City-La Porte, IN Metro Area",747,728,778,1274,2449,11904,871,6138,49177,1064635,45045,15490,101967,50768,89052,33140,,msa,33140,,2019
"Middlesborough, KY Micro Area",522,282,201,315,900,3607,759,2611,13235,160610,7197,9218,25965,8409,21730,33180,,msa,33180,,2019
"Midland, MI Metro Area",777,656,463,568,1763,8002,480,2774,36973,807920,36110,8557,82022,40254,67563,33220,,msa,33220,,2019
"Midland, TX Metro Area",1269,1888,943,1158,3867,19296,1520,4586,63278,1669080,84134,16345,171686,90807,128660,33260,,msa,33260,,2019
"Milledgeville, GA Micro Area",702,430,426,540,2233,7598,1157,6814,25979,446400,19370,11065,47189,22353,44938,33300,,msa,33300,,2019
"Milwaukee-Waukesha, WI Metro Area",903,19909,15196,20135,58787,251626,13323,47620,678712,17398815,751418,206175,1545145,831994,1252002,33340,,msa,33340,,2019
"Minden, LA Micro Area",688,206,383,535,1727,5477,1440,3130,19681,382935,13814,11416,38265,15469,31540,33380,,msa,33380,,2019
"Mineral Wells, TX Micro Area",800,205,189,232,846,2799,305,5249,15504,269305,10845,5097,28153,12702,22579,33420,,msa,33420,,2019
"Minneapolis-St. Paul-Bloomington, MN-WI Metro Area",1102,36761,25035,33201,87462,412765,15309,68319,1442298,46303150,1809313,302434,3514868,2027086,2817590,33460,,msa,33460,,2019
"Minot, ND Micro Area",967,1126,694,591,2139,12059,715,5659,37480,794465,41092,6889,74960,44444,60493,33500,,msa,33500,,2019
"Missoula, MT Metro Area",863,1759,1063,1337,5231,20273,1206,4642,53955,1133110,60329,16317,114330,68285,97367,33540,,msa,33540,,2019
"Mitchell, SD Micro Area",760,259,255,268,584,3616,287,1002,10707,155035,11585,2952,22358,12553,18311,33580,,msa,33580,,2019
"Moberly, MO Micro Area",622,129,98,213,641,2458,141,2155,10781,214705,9997,3712,22672,10979,20046,33620,,msa,33620,,2019
"Mobile, AL Metro Area",849,4243,3357,4458,13416,56437,7890,29984,192225,4309390,170513,79726,422479,192116,340683,33660,,msa,33660,,2019
"Modesto, CA Metro Area",1155,5949,5240,6901,18537,73322,4889,7850,181748,6305400,210559,81415,538643,251150,411851,33700,,msa,33700,,2019
"Monroe, LA Metro Area",736,2589,1751,2703,6435,28153,4665,19002,92872,1734600,78680,47541,195368,86827,159449,33740,,msa,33740,,2019
"Monroe, MI Metro Area",834,1254,906,1501,2202,12151,769,4441,64370,1683410,66373,16493,148255,73858,121731,33780,,msa,33780,,2019
"Montgomery, AL Metro Area",895,3940,2884,3818,13272,52016,5394,22696,167579,3576375,156823,62266,360804,176120,296606,33860,,msa,33860,,2019
"Montrose, CO Micro Area",921,316,302,442,1191,5284,552,2930,22233,363795,18006,6570,45980,21262,37725,33940,,msa,33940,,2019
"Morehead City, NC Micro Area",902,603,412,550,1604,8165,953,20464,50219,681735,29090,7238,67723,33255,58319,33980,,msa,33980,,2019
"Mount Vernon, OH Micro Area",737,468,317,406,1357,6508,685,2572,25820,713790,26586,7593,57946,30008,49017,34540,,msa,34540,,2019
"Mount Vernon-Anacortes, WA Metro Area",1102,1489,1129,1043,3330,15238,949,5400,53893,1364200,52468,14815,123656,60464,101230,34580,,msa,34580,,2019
"Muncie, IN Metro Area",727,1211,760,1402,4764,16811,1701,6690,52716,1039035,49967,23562,107758,56542,96541,34620,,msa,34620,,2019
"Murray, KY Micro Area",705,363,255,384,1457,5632,827,3824,18820,290865,17239,7541,35042,19168,32582,34660,,msa,34660,,2019
"Muscatine, IA Micro Area",831,294,154,292,778,4426,413,1499,18159,350965,20199,4054,42090,22221,33417,34700,,msa,34700,,2019
"Muskegon, MI Metro Area",760,1254,1231,1708,3705,16669,1282,8153,74092,1579610,72639,25719,166377,81218,137713,34740,,msa,34740,,2019
"Muskogee, OK Micro Area",681,748,488,840,1931,9101,1068,4747,30981,526785,25334,13641,64789,28310,53611,34780,,msa,34780,,2019
"Myrtle Beach-Conway-North Myrtle Beach, SC-NC Metro Area",959,3963,2951,3966,11212,47813,5224,108091,295290,4228665,184846,64409,457311,212953,391969,34820,,msa,34820,,2019
"Nacogdoches, TX Micro Area",768,672,605,1083,2816,10318,888,4685,28442,556105,26431,14803,59750,30497,51544,34860,,msa,34860,,2019
"Napa, CA Metro Area",1700,1717,1313,1632,4046,17429,968,6897,55602,1669405,65157,10614,136360,74549,114315,34900,,msa,34900,,2019
"Naples-Marco Island, FL Metro Area",1317,3702,2849,4075,9445,38127,2270,71494,214473,3538185,142967,41243,367773,164957,314236,34940,,msa,34940,,2019
"Nashville-Davidson--Murfreesboro--Franklin, TN Metro Area",1073,22628,15380,19173,46778,243888,15036,61186,769974,25038550,899009,209076,1835177,1017812,1483677,34980,,msa,34980,,2019
"Morgan City, LA Micro Area",781,486,492,389,1072,7800,2700,3648,23504,384675,18440,9890,50119,21145,40082,34020,,msa,34020,,2019
"Morgantown, WV Metro Area",819,1271,817,1029,5593,19190,2326,8183,60078,1381550,60251,25360,130122,69178,117948,34060,,msa,34060,,2019
"Morristown, TN Metro Area",706,1195,846,1289,2777,14969,2100,8927,62496,1414135,56433,21796,137008,64003,114399,34100,,msa,34100,,2019
"Moscow, ID Micro Area",737,527,372,630,1783,7044,347,1538,16960,357765,18850,6571,36351,21104,32957,34140,,msa,34140,,2019
"Moses Lake, WA Micro Area",785,907,505,615,1550,11554,1225,6658,37476,718625,37742,14023,94542,43435,70039,34180,,msa,34180,,2019
"Moultrie, GA Micro Area",647,574,347,435,1273,5742,915,3145,18650,403355,17814,11124,44708,20259,34836,34220,,msa,34220,,2019
"Mountain Home, AR Micro Area",703,327,329,355,609,4397,406,4452,22887,247900,15262,5360,40888,16824,35079,34260,,msa,34260,,2019
"Mountain Home, ID Micro Area",833,525,452,326,506,4263,491,1883,12489,233640,11453,3959,25883,12789,20606,34300,,msa,34300,,2019
"Mount Airy, NC Micro Area",628,734,220,549,1464,7737,1279,5007,34160,789540,30008,11651,70930,32635,58469,34340,,msa,34340,,2019
"Mount Gay-Shamrock, WV Micro Area",662,261,62,163,646,3779,1273,3037,16853,253515,9296,8268,32531,11475,27271,34350,,msa,34350,,2019
"Mount Pleasant, MI Micro Area",736,745,440,683,3141,9367,808,4415,29154,569080,31317,16707,64236,36417,59838,34380,,msa,34380,,2019
"Mount Pleasant, TX Micro Area",712,304,389,431,711,4867,366,2705,18203,389545,19198,8072,45056,20924,33999,34420,,msa,34420,,2019
"Mount Sterling, KY Micro Area",679,473,186,304,650,5252,945,3487,21446,483810,17896,9014,46021,20049,36783,34460,,msa,34460,,2019
"Mount Vernon, IL Micro Area",701,341,299,298,744,4009,362,2013,16998,294960,15084,6046,35505,17336,30393,34500,,msa,34500,,2019
"Natchez, MS-LA Micro Area",617,464,552,549,1194,6648,1977,5904,24303,378650,16180,13488,46406,18515,41139,35020,,msa,35020,,2019
"Natchitoches, LA Micro Area",713,704,395,958,2121,8235,1780,4474,19133,279805,11721,12235,37875,14118,30309,35060,,msa,35060,,2019
"New Bern, NC Metro Area",885,1492,1193,1469,3289,17571,1759,9178,59865,1144520,52561,18615,118576,59212,101555,35100,,msa,35100,,2019
"Newberry, SC Micro Area",765,269,277,448,794,3961,600,3478,18288,417095,16311,6539,37058,18027,30829,35140,,msa,35140,,2019
"New Castle, IN Micro Area",721,491,178,504,849,4853,466,2897,21201,514115,18844,6748,44740,21023,39551,35220,,msa,35220,,2019
"New Castle, PA Micro Area",696,753,659,882,1955,9431,1221,4204,41259,879970,37391,11670,84605,42252,71677,35260,,msa,35260,,2019
"New Haven-Milford, CT Metro Area",1153,10579,7790,11403,32548,126121,8075,36481,367053,10273960,402925,97553,831151,460033,704968,35300,,msa,35300,,2019
"New Orleans-Metairie, LA Metro Area",991,14914,11931,15258,51487,181670,16813,75486,557844,14558415,557173,215731,1245779,634716,1015015,35380,,msa,35380,,2019
"New Philadelphia-Dover, OH Micro Area",772,720,626,738,2049,10726,950,3586,40217,1002590,42099,11645,90912,45983,73768,35420,,msa,35420,,2019
"Newport, OR Micro Area",924,596,520,635,1602,7321,700,10227,31525,328650,17465,7794,47893,20309,41355,35440,,msa,35440,,2019
"Newport, TN Micro Area",646,301,138,176,807,4629,988,3540,17600,379015,13481,8242,35103,15214,29197,35460,,msa,35460,,2019
"New Ulm, MN Micro Area",629,129,117,183,256,2242,150,965,11729,198830,12443,1670,24075,13917,20407,35580,,msa,35580,,2019
"New York-Newark-Jersey City, NY-NJ-PA Metro Area",1439,295463,206766,282870,907177,3408166,178562,720241,7717242,331098380,8905221,2435057,18966426,10097577,15599578,35620,,msa,35620,,2019
"Niles, MI Metro Area",743,1621,1212,1358,4082,18651,1459,13849,77514,1344625,67729,24305,150558,76158,124155,35660,,msa,35660,,2019
"Nogales, AZ Micro Area",675,600,211,467,1131,5128,458,2481,18334,394730,16452,10729,46120,18694,35419,35700,,msa,35700,,2019
"Norfolk, NE Micro Area",684,469,164,367,926,6047,687,1638,21283,371555,23577,5990,46862,26045,37360,35740,,msa,35740,,2019
"North Platte, NE Micro Area",748,392,270,365,824,5049,347,2087,17481,273985,17321,3569,35623,18820,28890,35820,,msa,35820,,2019
"North Port-Sarasota-Bradenton, FL Metro Area",1209,8166,5549,8113,21096,85268,5358,103568,431766,7621625,301052,81662,793476,350781,687720,35840,,msa,35840,,2019
"North Vernon, IN Micro Area",714,152,29,157,410,2402,207,1524,12316,331270,13410,2987,27350,14328,22048,35860,,msa,35860,,2019
"Warrensburg, MO Micro Area",806,654,487,737,1537,7750,396,2416,22280,543950,25341,7098,49035,28470,43202,47660,,msa,47660,,2019
"Warsaw, IN Micro Area",788,633,483,446,1080,7818,753,7529,38526,721175,37280,7584,77232,41226,61891,47700,,msa,47700,,2019
"Washington, IN Micro Area",692,193,112,167,511,2977,446,1327,12554,361760,13911,3888,32556,15105,24479,47780,,msa,47780,,2019
"Washington, NC Micro Area",740,339,393,439,1407,5936,880,6380,26081,424155,18346,8689,46640,20864,38703,47820,,msa,47820,,2019
"Washington-Arlington-Alexandria, DC-VA-MD-WV Metro Area",1690,72480,53843,65705,172844,807672,36021,144270,2361267,108917245,3111430,475067,6089543,3527931,4924117,47900,,msa,47900,,2019
"Washington Court House, OH Micro Area",718,325,228,225,805,4131,410,1010,12783,319660,12084,4551,28101,13532,22646,47920,,msa,47920,,2019
"North Wilkesboro, NC Micro Area",632,496,539,329,1460,6988,989,4834,33587,714590,28202,11929,67437,31244,55949,35900,,msa,35900,,2019
"Norwalk, OH Micro Area",695,454,309,546,1073,6672,643,2372,25307,599535,26423,7580,57565,28774,45821,35940,,msa,35940,,2019
"Norwich-New London, CT Metro Area",1130,3677,2009,3096,7890,36261,1990,15599,123426,3077020,129793,24040,255691,148327,221259,35980,,msa,35980,,2019
"Oneonta, NY Micro Area",833,363,264,682,1632,6517,626,7823,31232,594020,25908,8154,54849,29761,51507,36580,,msa,36580,,2019
"Ontario, OR-ID Micro Area",709,438,433,529,1009,6624,873,2404,21342,375635,19559,8870,49578,22216,41174,36620,,msa,36620,,2019
"Waterloo-Cedar Falls, IA Metro Area",784,1563,894,1545,4932,20887,1376,6156,73892,1431425,82747,22531,162734,92265,136594,47940,,msa,47940,,2019
"Watertown, SD Micro Area",734,347,225,132,1187,4633,482,1670,16001,263490,16777,3883,33436,18648,26502,47980,,msa,47980,,2019
"Watertown-Fort Atkinson, WI Micro Area",857,1001,588,744,1495,9839,614,2853,35818,1065845,43370,6800,81518,47783,68941,48020,,msa,48020,,2019
"Watertown-Fort Drum, NY Metro Area",987,1873,914,1739,3702,18599,1452,17235,59969,888180,49236,14897,106273,56102,88137,48060,,msa,48060,,2019
"Wauchula, FL Micro Area",740,193,323,139,438,2758,389,1900,9763,223200,9194,6105,25304,10380,20760,48100,,msa,48100,,2019
"Wausau-Weston, WI Metro Area",742,1505,918,1238,2763,18185,1213,8386,76477,1581620,80168,14687,160620,88486,131457,48140,,msa,48140,,2019
"Waycross, GA Micro Area",662,724,425,631,1451,6619,620,4014,24885,444835,19941,12432,52089,22120,43126,48180,,msa,48180,,2019
"Weatherford, OK Micro Area",728,80,108,191,1049,3985,594,1983,12636,255940,13129,5000,27535,14339,22458,48220,,msa,48220,,2019
"Weirton-Steubenville, WV-OH Metro Area",657,941,560,1087,2704,14304,1964,7752,57663,1164605,48127,18071,114522,54294,98227,48260,,msa,48260,,2019
"Wenatchee, WA Metro Area",909,973,686,1124,2072,14875,1851,11048,54695,979255,51013,13660,116935,57395,92335,48300,,msa,48300,,2019
"West Plains, MO Micro Area",598,235,181,197,987,5017,972,2403,18281,298015,15679,8782,39430,17138,31666,48460,,msa,48460,,2019
"West Point, MS Micro Area",750,103,47,201,498,2182,608,1671,9289,149155,6619,4941,19349,7858,15797,48500,,msa,48500,,2019
"Wheeling, WV-OH Metro Area",642,1250,594,1112,2244,13751,2022,13504,68924,1376160,58319,17351,134546,64612,117558,48540,,msa,48540,,2019
"Whitewater, WI Micro Area",880,957,738,889,2892,12830,848,11505,52379,1223155,50243,10666,100240,55905,83850,48580,,msa,48580,,2019
"Wichita, KS Metro Area",818,6797,5621,6917,16827,85635,5449,26997,271802,5889335,295695,81370,625857,326119,491722,48620,,msa,48620,,2019
"Wichita Falls, TX Metro Area",793,1677,1277,1548,4468,20398,1774,9559,65472,1098905,66795,21985,135516,74287,120811,48660,,msa,48660,,2019
"Williamsport, PA Metro Area",787,1260,918,953,3224,14027,979,7820,53428,1064205,50743,14691,107874,56021,93641,48700,,msa,48700,,2019
"Williston, ND Micro Area",968,397,226,311,577,6787,510,5002,19322,300530,17926,2108,34454,19249,26043,48780,,msa,48780,,2019
"Willmar, MN Micro Area",776,218,190,425,887,4389,317,3028,19917,362660,20652,4409,41941,22708,33403,48820,,msa,48820,,2019
"Wilmington, NC Metro Area",1018,3710,2632,4136,10861,44199,3899,22683,140061,2786550,125721,43744,280074,147066,238744,48900,,msa,48900,,2019
"Wilmington, OH Micro Area",755,499,244,500,1069,5845,516,1635,18163,491205,18412,6002,40554,20918,33281,48940,,msa,48940,,2019
"Wilson, NC Micro Area",753,922,1006,824,3088,13096,1111,4132,36146,737400,34082,16217,79833,38764,64647,48980,,msa,48980,,2019
"Winchester, VA-WV Metro Area",1047,1344,843,1266,2388,15102,1671,8818,60099,1970170,61969,13628,134274,69049,110747,49020,,msa,49020,,2019
"Winfield, KS Micro Area",694,299,260,317,591,4397,439,2669,16168,283310,14802,4675,33085,16286,27828,49060,,msa,49060,,2019
"Winnemucca, NV Micro Area",841,216,169,85,217,1858,202,1052,7552,225555,7886,2208,16622,8792,12782,49080,,msa,49080,,2019
"Winona, MN Micro Area",696,434,257,404,1406,5749,312,1778,21220,483200,26534,6074,47085,29676,42667,49100,,msa,49100,,2019
"Winston-Salem, NC Metro Area",773,7586,5000,6585,19262,87917,7367,33294,298171,6799670,285913,104252,651843,322859,535200,49180,,msa,49180,,2019
"Wisconsin Rapids-Marshfield, WI Micro Area",718,742,373,624,1628,8933,620,2736,35068,662530,33998,7418,72250,37386,58965,49220,,msa,49220,,2019
"Woodward, OK Micro Area",787,185,79,302,299,2571,476,2204,11313,188565,10600,2887,23614,11758,19273,49260,,msa,49260,,2019
"Wooster, OH Micro Area",735,971,503,692,2018,11850,968,2824,46648,1073975,52273,12618,111821,58108,91002,49300,,msa,49300,,2019
"Worcester, MA-CT Metro Area",1047,11632,7517,9736,25648,122094,8407,29918,384822,13045770,444871,93290,907793,507790,767642,49340,,msa,49340,,2019
"Worthington, MN Micro Area",726,130,109,138,346,2356,202,626,8659,167380,10061,2889,21315,11117,16353,49380,,msa,49380,,2019
"Yakima, WA Metro Area",825,2546,1903,2091,6058,30986,2867,5650,88698,1895635,99959,42755,245808,113442,182907,49420,,msa,49420,,2019
"Yankton, SD Micro Area",644,122,141,182,476,3289,249,665,10110,167520,10767,2372,21333,11872,18458,49460,,msa,49460,,2019
"Yauco, PR Metro Area",390,222,206,438,607,7876,5253,13939,43817,500790,20806,49367,90295,28015,74322,49500,,msa,49500,,2019
"York-Hanover, PA Metro Area",957,4100,3082,3697,9035,43312,2693,11714,184135,5806405,212281,41925,435951,235326,358518,49620,,msa,49620,,2019
"Youngstown-Warren-Boardman, OH-PA Metro Area",681,5809,4140,5641,14264,68772,6385,28877,259310,5106360,227330,87462,523965,257411,446374,49660,,msa,49660,,2019
"Yuba City, CA Metro Area",1019,2725,1840,2473,4949,24203,1547,3991,62981,1884830,65878,26259,169675,76902,131026,49700,,msa,49700,,2019
"Yuma, AZ Metro Area",839,1669,1778,1484,4890,24050,2263,19527,92625,1564650,76189,39608,203812,88216,161991,49740,,msa,49740,,2019
"Zanesville, OH Micro Area",703,726,580,766,2772,10506,871,4062,37940,884155,36891,13396,83515,40867,68863,49780,,msa,49780,,2019
"Zapata, TX Micro Area",520,91,42,174,284,1137,243,1951,6454,100540,4706,4888,14149,5828,10027,49820,,msa,49820,,2019
"Opelousas, LA Micro Area",652,556,548,777,1913,9677,2218,6440,36925,818365,29468,21355,81523,33356,63407,36660,,msa,36660,,2019
"Orangeburg, SC Micro Area",687,863,651,674,2083,10803,2692,9737,42797,949750,32673,20037,84762,38601,70596,36700,,msa,36700,,2019
"Orlando-Kissimmee-Sanford, FL Metro Area",1210,31089,23206,37300,87420,341246,18912,159772,1032603,33034640,1137435,336907,2464619,1296560,2019337,36740,,msa,36740,,2019
"Fort Dodge, IA Micro Area",642,310,143,345,980,4898,418,1716,17022,262895,15769,4629,33714,17500,29811,22700,,msa,22700,,2019
"Fort Collins, CO Metro Area",1297,4148,3480,4781,13219,47903,2246,11208,148229,3855800,164257,38822,335018,191618,284223,22660,,msa,22660,,2019
"Boston, MA Metro Division; Boston-Cambridge-Newton, MA-NH Metro Area",1534,30947,20477,24323,78880,324560,17837,60265,822869,33718560,1016238,217327,1939800,1147356,1665924,14460,14454,division,14454,14460,2019
"Cambridge-Newton-Framingham, MA Metro Division; Boston-Cambridge-Newton, MA-NH Metro Area",1478,31396,19536,26972,73916,332894,16794,50949,949535,37344820,1202170,194405,2313032,1354898,1955987,14460,15764,division,15764,14460,2019
"Rockingham County-Strafford County, NH Metro Division; Boston-Cambridge-Newton, MA-NH Metro Area",1174,4236,2103,3817,8781,43581,2045,16025,186052,6557795,223954,25417,423176,255319,361863,14460,40484,division,40484,14460,2019
"Chicago-Naperville-Evanston, IL Metro Division; Chicago-Naperville-Elgin, IL-IN-WI Metro Area",1145,80902,60281,83750,240286,1012612,59929,260413,2936939,110016130,3347581,863796,7063222,3841362,5743055,16980,16984,division,16984,16980,2019
"Elgin, IL Metro Division; Chicago-Naperville-Elgin, IL-IN-WI Metro Area",1114,6074,4796,5527,16650,70025,3447,12694,271202,10599720,358249,71549,750514,408097,588594,16980,20994,division,20994,16980,2019
"Gary, IN Metro Division; Chicago-Naperville-Elgin, IL-IN-WI Metro Area",891,5613,5080,5243,16829,76839,7958,31904,301258,8754545,303790,95288,689912,342984,558968,16980,23844,division,29414,16980,2019
"Lake County-Kenosha County, IL-WI Metro Division; Chicago-Naperville-Elgin, IL-IN-WI Metro Area",1111,8470,5457,7246,18511,88184,4588,24286,334519,12238025,413080,74478,848257,472188,686146,16980,29404,division,29404,16980,2019
"Dallas-Plano-Irving, TX Metro Division; Dallas-Fort Worth-Arlington, TX Metro Area",1161,63635,48999,62628,142132,724765,33958,139053,1860329,66153095,2307039,567551,4847753,2617075,3763617,19100,19124,division,19124,19100,2019
"Fort Worth-Arlington-Grapevine, TX Metro Division; Dallas-Fort Worth-Arlington, TX Metro Area",1087,28785,19670,27235,62550,309201,16027,72455,904649,31188150,1114767,276160,2384507,1247702,1854539,19100,23104,division,23104,19100,2019
"Detroit-Dearborn-Livonia, MI Metro Division; Detroit-Warren-Dearborn, MI Metro Area",875,20886,15020,21016,71285,259135,24199,132820,815102,17812635,702324,387362,1736055,820038,1386924,19820,19804,division,19804,19820,2019
"Warren-Troy-Farmington Hills, MI Metro Division; Detroit-Warren-Dearborn, MI Metro Area",1010,22122,14895,21169,57439,269222,15079,69395,1090932,33957175,1209046,230996,2535813,1351282,2085391,19820,47664,division,47664,19820,2019
"Anaheim-Santa Ana-Irvine, CA Metro Division; Los Angeles-Long Beach-Anaheim, CA Metro Area",1854,43177,31558,43646,120166,442220,20388,62957,1100449,41008055,1462310,340048,3130730,1671054,2548382,31080,11244,division,11244,31080,2019
"Los Angeles-Long Beach-Glendale, CA Metro Division; Los Angeles-Long Beach-Anaheim, CA Metro Area",1460,163104,123427,177472,521881,1797279,86259,226005,3542800,144659400,4542723,1480446,9928773,5253694,8123894,31080,31084,division,31084,31080,2019
"Fort Lauderdale-Pompano Beach-Sunrise, FL Metro Division; Miami-Fort Lauderdale-Pompano Beach, FL Metro Area",1392,25199,19424,29074,79823,261368,12616,133449,823499,25869415,898752,249553,1909208,1029786,1564316,33100,22744,division,22744,33100,2019
"Miami-Miami Beach-Kendall, FL Metro Division; Miami-Fort Lauderdale-Pompano Beach, FL Metro Area",1328,38877,32399,46425,143455,431440,26506,140822,1024194,39943765,1219626,455005,2661642,1385300,2209841,33100,33124,division,33124,33100,2019
"West Palm Beach-Boca Raton-Boynton Beach, FL Metro Division; Miami-Fort Lauderdale-Pompano Beach, FL Metro Area",1398,15261,12797,17752,50578,172484,9752,132315,686410,16261015,624986,175742,1444645,727184,1216589,33100,48424,division,48424,33100,2019
"Nassau County-Suffolk County, NY Metro Division; New York-Newark-Jersey City, NY-NJ-PA Metro Area",1755,15775,9889,15847,54548,181464,13503,112254,1048532,46977155,1358624,174424,2793611,1501909,2306035,35620,35004,division,35004,35620,2019
"Newark, NJ-PA Metro Division; New York-Newark-Jersey City, NY-NJ-PA Metro Area",1267,26526,19531,27981,78768,307066,14276,84018,864527,34205755,1013438,215438,2125501,1160710,1734521,35620,35084,division,35084,35620,2019
"New Brunswick-Lakewood, NJ Metro Division; New York-Newark-Jersey City, NY-NJ-PA Metro Area",1459,19011,14432,20805,62030,239743,14595,108439,973159,36178340,1076831,186642,2328127,1222148,1908033,35620,35154,division,29484,35620,2019
"New York-Jersey City-White Plains, NY-NJ Metro Division; New York-Newark-Jersey City, NY-NJ-PA Metro Area",1442,234151,162914,218237,711831,2679893,136188,415530,4831024,213737130,5456328,1858553,11719187,6212810,9650989,35620,35614,division,35614,35620,2019
"Camden, NJ Metro Division; Philadelphia-Camden-Wilmington, PA-NJ-DE-MD Metro Area",1186,11531,7547,10656,31938,123903,6655,40295,498977,17554250,590434,109198,1220948,667833,1002576,37980,15804,division,15804,37980,2019
"Montgomery County-Bucks County-Chester County, PA Metro Division; Philadelphia-Camden-Wilmington, PA-NJ-DE-MD Metro Area",1283,15177,11402,14476,44275,191986,9382,39325,785341,28127155,950943,116412,1927492,1085027,1595180,37980,33874,division,33874,37980,2019
"Philadelphia, PA Metro Division; Philadelphia-Camden-Wilmington, PA-NJ-DE-MD Metro Area",1050,27953,19862,26814,96581,347160,26382,101779,910373,29778800,915745,428083,2079196,1069729,1723224,37980,37964,division,37964,37980,2019
"Wilmington, DE-MD-NJ Metro Division; Philadelphia-Camden-Wilmington, PA-NJ-DE-MD Metro Area",1148,6880,4645,6972,19156,82989,5261,26692,293512,8986450,335879,78899,701924,379631,583054,37980,48864,division,48864,37980,2019
"Oakland-Berkeley-Livermore, CA Metro Division; San Francisco-Oakland-Berkeley, CA Metro Area",1805,35202,26811,36200,96462,402811,17251,49869,1021815,44774465,1239764,260176,2763168,1497016,2260966,41860,36084,division,36084,41860,2019
"San Francisco-San Mateo-Redwood City, CA Metro Division; San Francisco-Oakland-Berkeley, CA Metro Area",2064,24982,16461,23002,64004,331115,13075,49688,675585,27462570,863334,140115,1622585,977876,1395012,41860,41884,division,41884,41860,2019
"San Rafael, CA Metro Division; San Francisco-Oakland-Berkeley, CA Metro Area",2069,3343,2529,3367,9374,38317,2115,7652,113084,3658395,112231,18349,253869,135924,213264,41860,42034,division,42034,41860,2019
"Seattle-Bellevue-Kent, WA Metro Division; Seattle-Tacoma-Bellevue, WA Metro Area",1568,44462,30946,38832,96908,476422,18023,69747,1245598,45405130,1484065,252642,2952731,1691940,2432301,42660,42644,division,42644,42660,2019
"Tacoma-Lakewood, WA Metro Division; Seattle-Tacoma-Bellevue, WA Metro Area",1250,11220,8442,11737,27186,122460,6700,23726,347022,13001370,396568,89714,859999,449589,692911,42660,45104,division,45104,42660,2019
"Frederick-Gaithersburg-Rockville, MD Metro Division; Washington-Arlington-Alexandria, DC-VA-MD-WV Metro Area",1723,13792,9849,13177,36028,151230,6081,23212,486688,22379430,641842,87547,1280920,731293,1026368,47900,23224,division,23224,47900,2019
"Washington-Arlington-Alexandria, DC-VA-MD-WV Metro Division; Washington-Arlington-Alexandria, DC-VA-MD-WV Metro Area",1681,58688,43994,52528,136816,656442,29940,121058,1874579,86537815,2469588,387520,4808623,2796638,3897749,47900,47894,division,47894,47900,2019
