cbsa_code,metric,period,value
10100,inventory,2018,251.9
10100,inventory,2019,221.0833
10100,inventory,2020,176.8333
10100,inventory,2021,136.0833
10100,inventory,2022,116.8333
10100,inventory,2023,111.9167
10100,inventory,2024,133.5833
10100,inventory,2025,152.3333
10100,inventory,2026,132.5
10100,inventory,2026-08,140.0
10140,inventory,2018,566.6
10140,inventory,2019,474.5833
10140,inventory,2020,330.1667
10140,inventory,2021,400.1667
10140,inventory,2022,557.1667
10140,inventory,2023,514.4167
10140,inventory,2024,439.0833
10140,inventory,2025,571.8333
10140,inventory,2026,619.875
10140,inventory,2026-08,791.0
10180,inventory,2018,952.6
10180,inventory,2019,881.75
10180,inventory,2020,827.75
10180,inventory,2021,616.5
10180,inventory,2022,598.25
10180,inventory,2023,689.5833
10180,inventory,2024,872.8333
10180,inventory,2025,869.25
10180,inventory,2026,554.75
10180,inventory,2026-08,596.0
10220,inventory,2018,276.1
10220,inventory,2019,228.3333
10220,inventory,2020,180.75
10220,inventory,2021,136.5833
10220,inventory,2022,126.0833
10220,inventory,2023,144.1667
10220,inventory,2024,149.3333
10220,inventory,2025,176.6667
10220,inventory,2026,165.125
10220,inventory,2026-08,174.0
10300,inventory,2018,495.1
10300,inventory,2019,505.25
10300,inventory,2020,409.75
10300,inventory,2021,353.1667
10300,inventory,2022,363.75
10300,inventory,2023,301.9167
10300,inventory,2024,335.3333
10300,inventory,2025,319.0833
10300,inventory,2026,299.25
10300,inventory,2026-08,381.0
10420,inventory,2018,3645.9
10420,inventory,2019,3240.75
10420,inventory,2020,2573.75
10420,inventory,2021,1832.6667
10420,inventory,2022,1747.0833
10420,inventory,2023,1519.8333
10420,inventory,2024,1499.75
10420,inventory,2025,1698.5833
10420,inventory,2026,1727.875
10420,inventory,2026-08,2220.0
10460,inventory,2018,646.4
10460,inventory,2019,568.0833
10460,inventory,2020,399.6667
10460,inventory,2021,258.5
10460,inventory,2022,228.1667
10460,inventory,2023,205.1667
10460,inventory,2024,272.3333
10460,inventory,2025,358.9167
10460,inventory,2026,365.75
10460,inventory,2026-08,414.0
10500,inventory,2018,778.8
10500,inventory,2019,737.3333
10500,inventory,2020,573.0833
10500,inventory,2021,411.25
10500,inventory,2022,372.8333
10500,inventory,2023,315.4167
10500,inventory,2024,436.75
10500,inventory,2025,512.5833
10500,inventory,2026,544.5
10500,inventory,2026-08,615.0
10540,inventory,2018,578.1
10540,inventory,2019,547.6667
10540,inventory,2020,467.1667
10540,inventory,2021,340.9167
10540,inventory,2022,330.5
10540,inventory,2023,325.5833
10540,inventory,2024,349.0
10540,inventory,2025,413.0833
10540,inventory,2026,424.875
10540,inventory,2026-08,500.0
10580,inventory,2018,3011.2
10580,inventory,2019,2786.1667
10580,inventory,2020,1947.1667
10580,inventory,2021,2263.5833
10580,inventory,2022,2182.0
10580,inventory,2023,1726.9167
10580,inventory,2024,1547.6667
10580,inventory,2025,1578.4167
10580,inventory,2026,1499.125
10580,inventory,2026-08,2034.0
10620,inventory,2018,246.6
10620,inventory,2019,223.1667
10620,inventory,2020,168.1667
10620,inventory,2021,167.25
10620,inventory,2022,189.6667
10620,inventory,2023,220.0833
10620,inventory,2024,228.3333
10620,inventory,2025,290.8333
10620,inventory,2026,296.5
10620,inventory,2026-08,328.0
10660,inventory,2018,125.7
10660,inventory,2019,135.25
10660,inventory,2020,128.5833
10660,inventory,2021,77.6667
10660,inventory,2022,84.1667
10660,inventory,2023,83.75
10660,inventory,2024,92.5833
10660,inventory,2025,117.3333
10660,inventory,2026,132.375
10660,inventory,2026-08,167.0
10700,inventory,2018,581.3
10700,inventory,2019,490.0
10700,inventory,2020,405.4167
10700,inventory,2021,278.1667
10700,inventory,2022,282.5
10700,inventory,2023,304.1667
10700,inventory,2024,401.3333
10700,inventory,2025,467.0833
10700,inventory,2026,522.0
10700,inventory,2026-08,573.0
10740,inventory,2018,4357.0
10740,inventory,2019,3693.8333
10740,inventory,2020,2740.0833
10740,inventory,2021,2119.8333
10740,inventory,2022,1890.4167
10740,inventory,2023,1828.6667
10740,inventory,2024,2220.3333
10740,inventory,2025,2657.5
10740,inventory,2026,2589.25
10740,inventory,2026-08,2897.0
10760,inventory,2021,198.8
10760,inventory,2022,226.6667
10760,inventory,2023,240.5833
10760,inventory,2024,275.5
10760,inventory,2025,295.1667
10760,inventory,2026,349.5
10760,inventory,2026-08,388.0
10780,inventory,2018,710.8
10780,inventory,2019,664.5
10780,inventory,2020,508.0833
10780,inventory,2021,351.9167
10780,inventory,2022,366.4167
10780,inventory,2023,417.3333
10780,inventory,2024,443.6667
10780,inventory,2025,459.0
10780,inventory,2026,469.875
10780,inventory,2026-08,486.0
10820,inventory,2018,328.0
10820,inventory,2019,274.5833
10820,inventory,2020,204.6667
10820,inventory,2021,159.5
10820,inventory,2022,150.0833
10820,inventory,2023,129.5
10820,inventory,2024,143.0833
10820,inventory,2025,170.8333
10820,inventory,2026,157.125
10820,inventory,2026-08,205.0
10860,inventory,2018,165.7
10860,inventory,2019,125.5
10860,inventory,2020,118.3333
10860,inventory,2021,130.1667
10860,inventory,2022,191.75
10860,inventory,2023,200.0
10860,inventory,2024,176.9167
10860,inventory,2025,167.9167
10860,inventory,2026,206.375
10860,inventory,2026-08,218.0
10900,inventory,2018,4215.0
10900,inventory,2019,3771.5
10900,inventory,2020,2748.6667
10900,inventory,2021,2216.4167
10900,inventory,2022,1920.4167
10900,inventory,2023,1580.9167
10900,inventory,2024,1733.0
10900,inventory,2025,1867.25
10900,inventory,2026,1870.375
10900,inventory,2026-08,2274.0
10940,inventory,2018,209.1
10940,inventory,2019,176.3333
10940,inventory,2020,138.25
10940,inventory,2021,109.75
10940,inventory,2022,101.4167
10940,inventory,2023,86.9167
10940,inventory,2024,93.4167
10940,inventory,2025,98.0833
10940,inventory,2026,98.75
10940,inventory,2026-08,115.0
10980,inventory,2018,275.1
10980,inventory,2019,231.6667
10980,inventory,2020,185.3333
10980,inventory,2021,344.2
10980,inventory,2022,356.25
10980,inventory,2023,192.0833
10980,inventory,2024,103.9167
10980,inventory,2025,96.6667
10980,inventory,2026,85.0
10980,inventory,2026-08,131.0
11020,inventory,2018,467.7
11020,inventory,2019,484.3333
11020,inventory,2020,408.9167
11020,inventory,2021,259.6667
11020,inventory,2022,251.0
11020,inventory,2023,236.6667
11020,inventory,2024,266.6667
11020,inventory,2025,302.25
11020,inventory,2026,298.0
11020,inventory,2026-08,324.0
11060,inventory,2018,240.6
11060,inventory,2019,199.75
11060,inventory,2020,128.3333
11060,inventory,2021,76.3333
11060,inventory,2022,73.25
11060,inventory,2023,96.75
11060,inventory,2024,113.3333
11060,inventory,2025,143.25
11060,inventory,2026,130.5
11060,inventory,2026-08,123.0
11100,inventory,2018,1514.6
11100,inventory,2019,1482.5833
11100,inventory,2020,1106.0
11100,inventory,2021,781.25
11100,inventory,2022,702.5833
11100,inventory,2023,852.3333
11100,inventory,2024,1169.75
11100,inventory,2025,1278.0833
11100,inventory,2026,1071.25
11100,inventory,2026-08,1056.0
11140,inventory,2018,170.7
11140,inventory,2019,147.6667
11140,inventory,2020,111.1667
11140,inventory,2021,73.6667
11140,inventory,2022,73.1667
11140,inventory,2023,68.0833
11140,inventory,2024,64.8333
11140,inventory,2025,86.3333
11140,inventory,2026,87.375
11140,inventory,2026-08,100.0
11180,inventory,2018,545.0
11180,inventory,2019,588.1667
11180,inventory,2020,457.5833
11180,inventory,2021,326.5
11180,inventory,2022,297.6667
11180,inventory,2023,295.8333
11180,inventory,2024,309.0833
11180,inventory,2025,359.0833
11180,inventory,2026,372.5
11180,inventory,2026-08,438.0
11220,inventory,2018,222.6
11220,inventory,2019,220.4167
11220,inventory,2020,199.75
11220,inventory,2021,132.5833
11220,inventory,2022,122.1667
11220,inventory,2023,120.0833
11220,inventory,2024,112.25
11220,inventory,2025,112.75
11220,inventory,2026,100.25
11220,inventory,2026-08,142.0
11260,inventory,2018,2379.4
11260,inventory,2019,2145.6667
11260,inventory,2020,1772.0
11260,inventory,2021,1329.3333
11260,inventory,2022,1023.8333
11260,inventory,2023,828.9167
11260,inventory,2024,973.0
11260,inventory,2025,1056.25
11260,inventory,2026,971.875
11260,inventory,2026-08,1399.0
11380,inventory,2018,94.0
11380,inventory,2019,82.0
11380,inventory,2020,108.3333
11380,inventory,2021,106.1667
11380,inventory,2022,90.0833
11380,inventory,2023,75.4167
11380,inventory,2024,65.6667
11380,inventory,2025,68.25
11380,inventory,2026,81.25
11380,inventory,2026-08,99.0
11420,inventory,2018,267.5
11420,inventory,2019,243.0
11420,inventory,2020,163.5833
11420,inventory,2021,95.9167
11420,inventory,2022,103.3333
11420,inventory,2023,113.3333
11420,inventory,2024,144.5
11420,inventory,2025,163.0
11420,inventory,2026,138.375
11420,inventory,2026-08,192.0
11460,inventory,2018,1294.9
11460,inventory,2019,1454.75
11460,inventory,2020,1356.8333
11460,inventory,2021,1072.1667
11460,inventory,2022,787.5833
11460,inventory,2023,640.3333
11460,inventory,2024,644.9167
11460,inventory,2025,748.8333
11460,inventory,2026,799.0
11460,inventory,2026-08,1065.0
11500,inventory,2018,635.4
11500,inventory,2019,511.1667
11500,inventory,2020,438.25
11500,inventory,2021,394.75
11500,inventory,2022,447.4167
11500,inventory,2023,377.0833
11500,inventory,2024,353.3333
11500,inventory,2025,387.1667
11500,inventory,2026,381.0
11500,inventory,2026-08,398.0
11540,inventory,2018,1194.0
11540,inventory,2019,1128.5833
11540,inventory,2020,969.5833
11540,inventory,2021,844.1667
11540,inventory,2022,621.75
11540,inventory,2023,553.5
11540,inventory,2024,701.25
11540,inventory,2025,639.5
11540,inventory,2026,615.5
11540,inventory,2026-08,797.0
11580,inventory,2018,121.5
11580,inventory,2019,151.0833
11580,inventory,2020,131.1667
11580,inventory,2021,97.5
11580,inventory,2022,103.0833
11580,inventory,2023,118.0
11580,inventory,2024,162.1667
11580,inventory,2025,155.9167
11580,inventory,2026,159.5
11580,inventory,2026-08,148.0
11620,inventory,2018,299.4
11620,inventory,2019,245.25
11620,inventory,2020,203.6667
11620,inventory,2021,275.4167
11620,inventory,2022,271.75
11620,inventory,2023,297.75
11620,inventory,2024,338.0833
11620,inventory,2025,345.5833
11620,inventory,2026,395.875
11620,inventory,2026-08,405.0
11660,inventory,2018,130.1
11660,inventory,2019,103.3333
11660,inventory,2020,81.75
11660,inventory,2021,57.9167
11660,inventory,2022,65.1667
11660,inventory,2023,84.0833
11660,inventory,2024,101.1667
11660,inventory,2025,101.75
11660,inventory,2026,132.75
11660,inventory,2026-08,153.0
11680,inventory,2018,199.0
11680,inventory,2019,199.4167
11680,inventory,2020,147.5833
11680,inventory,2021,108.25
11680,inventory,2022,117.9167
11680,inventory,2023,135.0
11680,inventory,2024,137.5
11680,inventory,2025,149.0
11680,inventory,2026,158.375
11680,inventory,2026-08,170.0
11700,inventory,2018,3322.7
11700,inventory,2019,3205.3333
11700,inventory,2020,2396.5
11700,inventory,2021,2268.0833
11700,inventory,2022,2520.6667
11700,inventory,2023,2480.75
11700,inventory,2024,2285.0833
11700,inventory,2025,3104.1667
11700,inventory,2026,3248.5
11700,inventory,2026-08,3859.0
11740,inventory,2018,196.5
11740,inventory,2019,168.25
11740,inventory,2020,124.0
11740,inventory,2021,107.1667
11740,inventory,2022,99.3333
11740,inventory,2023,90.6667
11740,inventory,2024,90.3333
11740,inventory,2025,107.4167
11740,inventory,2026,112.5
11740,inventory,2026-08,131.0
11820,inventory,2018,416.1
11820,inventory,2019,367.3333
11820,inventory,2020,281.0833
11820,inventory,2021,178.1667
11820,inventory,2022,202.9167
11820,inventory,2023,216.25
11820,inventory,2024,247.3333
11820,inventory,2025,307.25
11820,inventory,2026,273.25
11820,inventory,2026-08,354.0
11860,inventory,2018,87.0
11860,inventory,2019,60.0
11860,inventory,2020,47.25
11860,inventory,2021,55.9
11860,inventory,2022,67.75
11860,inventory,2023,57.4167
11860,inventory,2024,50.4167
11860,inventory,2025,45.6667
11860,inventory,2026,52.625
11860,inventory,2026-08,58.0
11900,inventory,2018,220.4
11900,inventory,2019,223.8333
11900,inventory,2020,196.25
11900,inventory,2021,166.5833
11900,inventory,2022,170.5
11900,inventory,2023,124.8333
11900,inventory,2024,101.1667
11900,inventory,2025,123.6667
11900,inventory,2026,145.75
11900,inventory,2026-08,174.0
11940,inventory,2018,326.1
11940,inventory,2019,315.0
11940,inventory,2020,244.4167
11940,inventory,2021,288.5
11940,inventory,2022,342.25
11940,inventory,2023,286.4167
11940,inventory,2024,211.25
11940,inventory,2025,251.1667
11940,inventory,2026,285.625
11940,inventory,2026-08,311.0
11980,inventory,2018,678.0
11980,inventory,2019,625.6667
11980,inventory,2020,563.0
11980,inventory,2021,509.8333
11980,inventory,2022,532.1667
11980,inventory,2023,640.4167
11980,inventory,2024,800.8333
11980,inventory,2025,903.4167
11980,inventory,2026,895.5
11980,inventory,2026-08,1005.0
12020,inventory,2018,1058.1
12020,inventory,2019,978.25
12020,inventory,2020,868.3333
12020,inventory,2021,588.8333
12020,inventory,2022,504.9167
12020,inventory,2023,466.75
12020,inventory,2024,566.25
12020,inventory,2025,720.3333
12020,inventory,2026,858.0
12020,inventory,2026-08,955.0
12060,inventory,2018,29049.0
12060,inventory,2019,31577.0833
12060,inventory,2020,27679.75
12060,inventory,2021,21070.6667
12060,inventory,2022,20716.1667
12060,inventory,2023,19411.8333
12060,inventory,2024,24199.0833
12060,inventory,2025,30885.0833
12060,inventory,2026,31167.75
12060,inventory,2026-08,34194.0
12100,inventory,2018,3024.1
12100,inventory,2019,2886.1667
12100,inventory,2020,2320.4167
12100,inventory,2021,1745.8333
12100,inventory,2022,1365.5
12100,inventory,2023,1082.8333
12100,inventory,2024,1160.0
12100,inventory,2025,1349.25
12100,inventory,2026,1391.875
12100,inventory,2026-08,1558.0
12140,inventory,2018,156.9
12140,inventory,2019,143.0
12140,inventory,2020,109.5
12140,inventory,2021,81.25
12140,inventory,2022,80.8333
12140,inventory,2023,77.5
12140,inventory,2024,89.3333
12140,inventory,2025,109.0833
12140,inventory,2026,98.625
12140,inventory,2026-08,111.0
12180,inventory,2018,357.5
12180,inventory,2019,337.9167
12180,inventory,2020,259.0833
12180,inventory,2021,183.8333
12180,inventory,2022,167.0833
12180,inventory,2023,126.6667
12180,inventory,2024,123.5833
12180,inventory,2025,143.5
12180,inventory,2026,152.75
12180,inventory,2026-08,197.0
12220,inventory,2018,1116.9
12220,inventory,2019,1124.3333
12220,inventory,2020,1004.5833
12220,inventory,2021,709.3333
12220,inventory,2022,509.0833
12220,inventory,2023,568.8333
12220,inventory,2024,681.0
12220,inventory,2025,741.0
12220,inventory,2026,828.0
12220,inventory,2026-08,960.0
12260,inventory,2018,3419.9
12260,inventory,2019,3316.0
12260,inventory,2020,2543.0
12260,inventory,2021,1849.9167
12260,inventory,2022,1713.8333
12260,inventory,2023,1757.3333
12260,inventory,2024,1967.0
12260,inventory,2025,2293.0
12260,inventory,2026,2727.625
12260,inventory,2026-08,2989.0
12300,inventory,2018,795.6
12300,inventory,2019,753.0
12300,inventory,2020,582.25
12300,inventory,2021,401.6667
12300,inventory,2022,340.0
12300,inventory,2023,306.9167
12300,inventory,2024,351.3333
12300,inventory,2025,404.0
12300,inventory,2026,415.75
12300,inventory,2026-08,577.0
12380,inventory,2018,156.1
12380,inventory,2019,154.9167
12380,inventory,2020,135.5833
12380,inventory,2021,102.4167
12380,inventory,2022,99.6667
12380,inventory,2023,113.6667
12380,inventory,2024,108.25
12380,inventory,2025,118.5
12380,inventory,2026,135.375
12380,inventory,2026-08,157.0
12420,inventory,2018,9335.2
12420,inventory,2019,8924.1667
12420,inventory,2020,7304.0
12420,inventory,2021,7399.6667
12420,inventory,2022,9292.8333
12420,inventory,2023,10776.0833
12420,inventory,2024,11922.6667
12420,inventory,2025,13593.0
12420,inventory,2026,13254.875
12420,inventory,2026-08,15167.0
12460,inventory,2018,150.5
12460,inventory,2019,92.4167
12460,inventory,2020,81.0
12460,inventory,2021,67.75
12460,inventory,2022,72.3333
12460,inventory,2023,81.5
12460,inventory,2024,83.0833
12460,inventory,2025,112.5
12460,inventory,2026,101.125
12460,inventory,2026-08,97.0
12540,inventory,2018,2882.1
12540,inventory,2019,2808.0
12540,inventory,2020,2313.1667
12540,inventory,2021,2030.1667
12540,inventory,2022,2271.5833
12540,inventory,2023,1975.1667
12540,inventory,2024,2203.0
12540,inventory,2025,2817.4167
12540,inventory,2026,2781.25
12540,inventory,2026-08,2980.0
12580,inventory,2018,13222.9
12580,inventory,2019,12302.8333
12580,inventory,2020,9226.5833
12580,inventory,2021,7686.8333
12580,inventory,2022,6715.75
12580,inventory,2023,5608.75
12580,inventory,2024,6147.0833
12580,inventory,2025,7313.0
12580,inventory,2026,7687.125
12580,inventory,2026-08,9062.0
12620,inventory,2018,903.5
12620,inventory,2019,989.8333
12620,inventory,2020,722.0
12620,inventory,2021,512.25
12620,inventory,2022,442.0
12620,inventory,2023,377.3333
12620,inventory,2024,478.4167
12620,inventory,2025,550.6667
12620,inventory,2026,618.0
12620,inventory,2026-08,800.0
12660,inventory,2018,482.6
12660,inventory,2019,458.5833
12660,inventory,2020,354.0
12660,inventory,2021,372.5
12660,inventory,2022,316.5833
12660,inventory,2023,239.4167
12660,inventory,2024,197.3333
12660,inventory,2025,225.3333
12660,inventory,2026,230.0
12660,inventory,2026-08,251.0
12700,inventory,2018,2928.2
12700,inventory,2019,3017.9167
12700,inventory,2020,2369.9167
12700,inventory,2021,1282.75
12700,inventory,2022,1150.0833
12700,inventory,2023,1096.8333
12700,inventory,2024,1344.5
12700,inventory,2025,1527.0
12700,inventory,2026,1328.875
12700,inventory,2026-08,1629.0
12740,inventory,2018,488.0
12740,inventory,2019,479.5833
12740,inventory,2020,357.0833
12740,inventory,2021,184.75
12740,inventory,2022,125.9167
12740,inventory,2023,115.0
12740,inventory,2024,150.3333
12740,inventory,2025,196.3333
12740,inventory,2026,202.25
12740,inventory,2026-08,281.0
12780,inventory,2018,382.7
12780,inventory,2019,334.0833
12780,inventory,2020,218.1667
12780,inventory,2021,170.0833
12780,inventory,2022,184.5833
12780,inventory,2023,178.3333
12780,inventory,2024,177.0833
12780,inventory,2025,223.5833
12780,inventory,2026,242.5
12780,inventory,2026-08,249.0
12860,inventory,2018,150.3
12860,inventory,2019,143.25
12860,inventory,2020,123.9167
12860,inventory,2021,94.6667
12860,inventory,2022,87.9167
12860,inventory,2023,70.3333
12860,inventory,2024,75.0833
12860,inventory,2025,77.0
12860,inventory,2026,63.875
12860,inventory,2026-08,95.0
12900,inventory,2018,66.6
12900,inventory,2019,107.6667
12900,inventory,2020,149.0
12900,inventory,2021,274.8333
12900,inventory,2022,368.4167
12900,inventory,2023,327.25
12900,inventory,2024,279.8333
12900,inventory,2025,316.0833
12900,inventory,2026,361.875
12900,inventory,2026-08,376.0
12940,inventory,2018,5107.3
12940,inventory,2019,5216.4167
12940,inventory,2020,4336.6667
12940,inventory,2021,2824.8333
12940,inventory,2022,2110.25
12940,inventory,2023,2422.1667
12940,inventory,2024,2998.25
12940,inventory,2025,3405.0833
12940,inventory,2026,3500.75
12940,inventory,2026-08,3683.0
12980,inventory,2018,601.6
12980,inventory,2019,539.75
12980,inventory,2020,403.0833
12980,inventory,2021,359.0833
12980,inventory,2022,376.5833
12980,inventory,2023,322.9167
12980,inventory,2024,342.8333
12980,inventory,2025,366.3333
12980,inventory,2026,383.625
12980,inventory,2026-08,459.0
13020,inventory,2018,497.2
13020,inventory,2019,448.6667
13020,inventory,2020,328.0
13020,inventory,2021,465.75
13020,inventory,2022,450.0833
13020,inventory,2023,295.8333
13020,inventory,2024,257.8333
13020,inventory,2025,280.3333
13020,inventory,2026,299.375
13020,inventory,2026-08,375.0
13060,inventory,2018,335.6
13060,inventory,2019,347.6667
13060,inventory,2020,261.9167
13060,inventory,2021,171.3333
13060,inventory,2022,190.9167
13060,inventory,2023,212.75
13060,inventory,2024,238.75
13060,inventory,2025,305.1667
13060,inventory,2026,321.0
13060,inventory,2026-08,342.0
13100,inventory,2018,124.8
13100,inventory,2019,105.6667
13100,inventory,2020,71.0833
13100,inventory,2021,75.5833
13100,inventory,2022,82.75
13100,inventory,2023,66.0833
13100,inventory,2024,62.8333
13100,inventory,2025,85.8333
13100,inventory,2026,88.25
13100,inventory,2026-08,107.0
13140,inventory,2018,1301.8
13140,inventory,2019,1657.5833
13140,inventory,2020,1515.4167
13140,inventory,2021,1266.8333
13140,inventory,2022,1416.6667
13140,inventory,2023,1481.5
13140,inventory,2024,1612.0
13140,inventory,2025,1710.0
13140,inventory,2026,1565.125
13140,inventory,2026-08,1604.0
13180,inventory,2018,385.6
13180,inventory,2019,384.3333
13180,inventory,2020,314.6667
13180,inventory,2021,263.0833
13180,inventory,2022,209.5833
13180,inventory,2023,175.8333
13180,inventory,2024,203.75
13180,inventory,2025,211.8333
13180,inventory,2026,208.75
13180,inventory,2026-08,246.0
13220,inventory,2018,782.7
13220,inventory,2019,656.6667
13220,inventory,2020,544.0833
13220,inventory,2021,415.8333
13220,inventory,2022,323.0833
13220,inventory,2023,308.5
13220,inventory,2024,306.8333
13220,inventory,2025,344.1667
13220,inventory,2026,346.125
13220,inventory,2026-08,373.0
13260,inventory,2018,288.5
13260,inventory,2019,244.75
13260,inventory,2020,204.6667
13260,inventory,2021,132.0833
13260,inventory,2022,146.1667
13260,inventory,2023,148.8333
13260,inventory,2024,196.9167
13260,inventory,2025,219.9167
13260,inventory,2026,229.75
13260,inventory,2026-08,263.0
13300,inventory,2018,136.0
13300,inventory,2019,120.8333
13300,inventory,2020,109.9167
13300,inventory,2021,89.9167
13300,inventory,2022,119.5
13300,inventory,2023,137.5
13300,inventory,2024,129.8333
13300,inventory,2025,144.4167
13300,inventory,2026,148.625
13300,inventory,2026-08,150.0
13340,inventory,2018,242.5
13340,inventory,2019,219.25
13340,inventory,2020,163.9167
13340,inventory,2021,136.4167
13340,inventory,2022,171.25
13340,inventory,2023,150.3333
13340,inventory,2024,154.5833
13340,inventory,2025,168.3333
13340,inventory,2026,186.375
13340,inventory,2026-08,235.0
13380,inventory,2018,961.5
13380,inventory,2019,895.8333
13380,inventory,2020,707.9167
13380,inventory,2021,527.3333
13380,inventory,2022,601.3333
13380,inventory,2023,601.0833
13380,inventory,2024,601.0
13380,inventory,2025,792.6667
13380,inventory,2026,834.75
13380,inventory,2026-08,1126.0
13420,inventory,2018,269.4
13420,inventory,2019,238.3333
13420,inventory,2020,184.0
13420,inventory,2021,129.75
13420,inventory,2022,119.3333
13420,inventory,2023,127.1667
13420,inventory,2024,141.75
13420,inventory,2025,163.6667
13420,inventory,2026,163.375
13420,inventory,2026-08,215.0
13460,inventory,2018,2068.1
13460,inventory,2019,1835.8333
13460,inventory,2020,1189.75
13460,inventory,2021,892.0833
13460,inventory,2022,1018.0
13460,inventory,2023,971.9167
13460,inventory,2024,1174.5
13460,inventory,2025,1481.0833
13460,inventory,2026,1396.625
13460,inventory,2026-08,1817.0
13540,inventory,2018,629.1
13540,inventory,2019,587.0
13540,inventory,2020,439.3333
13540,inventory,2021,196.3333
13540,inventory,2022,132.3333
13540,inventory,2023,112.8333
13540,inventory,2024,151.25
13540,inventory,2025,169.75
13540,inventory,2026,176.125
13540,inventory,2026-08,221.0
13660,inventory,2018,381.2
13660,inventory,2019,316.3333
13660,inventory,2020,225.25
13660,inventory,2021,233.3333
13660,inventory,2022,229.9167
13660,inventory,2023,175.25
13660,inventory,2024,177.4167
13660,inventory,2025,172.75
13660,inventory,2026,166.375
13660,inventory,2026-08,211.0
13700,inventory,2018,158.8
13700,inventory,2019,149.4167
13700,inventory,2020,188.0
13700,inventory,2021,162.0
13700,inventory,2022,173.25
13700,inventory,2023,168.9167
13700,inventory,2024,176.8333
13700,inventory,2025,183.8333
13700,inventory,2026,184.125
13700,inventory,2026-08,181.0
13740,inventory,2018,1168.5
13740,inventory,2019,1089.9167
13740,inventory,2020,742.8333
13740,inventory,2021,536.9167
13740,inventory,2022,538.0833
13740,inventory,2023,611.6667
13740,inventory,2024,752.8333
13740,inventory,2025,914.9167
13740,inventory,2026,861.5
13740,inventory,2026-08,1021.0
13780,inventory,2018,1166.4
13780,inventory,2019,1164.9167
13780,inventory,2020,947.0833
13780,inventory,2021,662.25
13780,inventory,2022,607.5833
13780,inventory,2023,506.4167
13780,inventory,2024,486.75
13780,inventory,2025,461.75
13780,inventory,2026,466.5
13780,inventory,2026-08,587.0
13820,inventory,2018,6365.2
13820,inventory,2019,5694.75
13820,inventory,2020,4659.5
13820,inventory,2021,3671.9167
13820,inventory,2022,3724.9167
13820,inventory,2023,3880.5833
13820,inventory,2024,4513.4167
13820,inventory,2025,5194.0833
13820,inventory,2026,5438.125
13820,inventory,2026-08,5797.0
13900,inventory,2018,953.9
13900,inventory,2019,885.4167
13900,inventory,2020,650.4167
13900,inventory,2021,489.5833
13900,inventory,2022,402.25
13900,inventory,2023,370.9167
13900,inventory,2024,374.25
13900,inventory,2025,376.1667
13900,inventory,2026,361.25
13900,inventory,2026-08,415.0
13940,inventory,2018,150.1
13940,inventory,2019,133.0833
13940,inventory,2020,119.0833
13940,inventory,2021,85.0
13940,inventory,2022,111.0833
13940,inventory,2023,131.75
13940,inventory,2024,129.6667
13940,inventory,2025,172.0833
13940,inventory,2026,202.0
13940,inventory,2026-08,213.0
13980,inventory,2018,687.3
13980,inventory,2019,614.75
13980,inventory,2020,477.9167
13980,inventory,2021,355.5833
13980,inventory,2022,359.0
13980,inventory,2023,316.5
13980,inventory,2024,352.9167
13980,inventory,2025,395.5
13980,inventory,2026,449.25
13980,inventory,2026-08,531.0
14010,inventory,2018,1307.6
14010,inventory,2019,1050.25
14010,inventory,2020,714.6667
14010,inventory,2021,466.9167
14010,inventory,2022,353.5833
14010,inventory,2023,276.4167
14010,inventory,2024,279.6667
14010,inventory,2025,279.75
14010,inventory,2026,298.5
14010,inventory,2026-08,364.0
14020,inventory,2018,911.5
14020,inventory,2019,804.3333
14020,inventory,2020,642.5833
14020,inventory,2021,494.25
14020,inventory,2022,532.3333
14020,inventory,2023,504.3333
14020,inventory,2024,595.5833
14020,inventory,2025,744.8333
14020,inventory,2026,791.25
14020,inventory,2026-08,886.0
14100,inventory,2018,441.0
14100,inventory,2019,427.25
14100,inventory,2020,338.25
14100,inventory,2021,261.5
14100,inventory,2022,157.3333
14100,inventory,2023,135.5833
14100,inventory,2024,162.1667
14100,inventory,2025,170.75
14100,inventory,2026,168.25
14100,inventory,2026-08,177.0
14140,inventory,2018,700.2
14140,inventory,2019,667.6667
14140,inventory,2020,496.5833
14140,inventory,2021,381.4167
14140,inventory,2022,297.3333
14140,inventory,2023,262.1667
14140,inventory,2024,262.25
14140,inventory,2025,297.9167
14140,inventory,2026,299.875
14140,inventory,2026-08,338.0
14180,inventory,2018,204.8
14180,inventory,2019,218.5833
14180,inventory,2020,160.75
14180,inventory,2021,114.0
14180,inventory,2022,115.0833
14180,inventory,2023,132.4167
14180,inventory,2024,127.3333
14180,inventory,2025,131.4167
14180,inventory,2026,143.75
14180,inventory,2026-08,150.0
14220,inventory,2018,151.6
14220,inventory,2019,150.75
14220,inventory,2020,117.3333
14220,inventory,2021,74.1667
14220,inventory,2022,77.8333
14220,inventory,2023,95.5833
14220,inventory,2024,120.6667
14220,inventory,2025,130.3333
14220,inventory,2026,135.0
14220,inventory,2026-08,134.0
14260,inventory,2018,4081.6
14260,inventory,2019,4119.0833
14260,inventory,2020,3083.0
14260,inventory,2021,2147.25
14260,inventory,2022,2686.6667
14260,inventory,2023,2278.0833
14260,inventory,2024,2449.4167
14260,inventory,2025,2799.0
14260,inventory,2026,2662.0
14260,inventory,2026-08,3147.0
14300,inventory,2021,124.2
14300,inventory,2022,167.1667
14300,inventory,2023,231.8333
14300,inventory,2024,261.8333
14300,inventory,2025,306.9167
14300,inventory,2026,309.5
14300,inventory,2026-08,347.0
14380,inventory,2018,957.6
14380,inventory,2019,789.3333
14380,inventory,2020,504.6667
14380,inventory,2021,404.9167
14380,inventory,2022,559.1667
14380,inventory,2023,608.25
14380,inventory,2024,494.3333
14380,inventory,2025,507.5
14380,inventory,2026,489.625
14380,inventory,2026-08,650.0
14420,inventory,2018,109.8
14420,inventory,2019,137.9167
14420,inventory,2020,108.3333
14420,inventory,2021,73.6667
14420,inventory,2022,88.0833
14420,inventory,2023,92.0833
14420,inventory,2024,87.8333
14420,inventory,2025,115.5
14420,inventory,2026,107.625
14420,inventory,2026-08,117.0
14460,inventory,2018,13884.0
14460,inventory,2019,14188.3333
14460,inventory,2020,11396.5833
14460,inventory,2021,10055.75
14460,inventory,2022,9225.75
14460,inventory,2023,7572.3333
14460,inventory,2024,8190.3333
14460,inventory,2025,9512.8333
14460,inventory,2026,9910.5
14460,inventory,2026-08,12631.0
14500,inventory,2018,1378.0
14500,inventory,2019,1422.3333
14500,inventory,2020,1133.0833
14500,inventory,2021,1013.0
14500,inventory,2022,964.75
14500,inventory,2023,1126.6667
14500,inventory,2024,1398.75
14500,inventory,2025,1710.0833
14500,inventory,2026,1510.875
14500,inventory,2026-08,1716.0
14540,inventory,2018,1017.5
14540,inventory,2019,1018.75
14540,inventory,2020,783.4167
14540,inventory,2021,616.25
14540,inventory,2022,578.25
14540,inventory,2023,606.4167
14540,inventory,2024,714.6667
14540,inventory,2025,858.4167
14540,inventory,2026,964.75
14540,inventory,2026-08,1079.0
14580,inventory,2018,745.2
14580,inventory,2019,715.75
14580,inventory,2020,551.4167
14580,inventory,2021,378.0833
14580,inventory,2022,429.6667
14580,inventory,2023,453.75
14580,inventory,2024,604.75
14580,inventory,2025,669.9167
14580,inventory,2026,656.75
14580,inventory,2026-08,827.0
14620,inventory,2018,254.7
14620,inventory,2019,239.9167
14620,inventory,2020,193.5833
14620,inventory,2021,110.9167
14620,inventory,2022,99.8333
14620,inventory,2023,94.9167
14620,inventory,2024,89.1667
14620,inventory,2025,103.5833
14620,inventory,2026,111.125
14620,inventory,2026-08,136.0
14660,inventory,2018,1058.4
14660,inventory,2019,949.3333
14660,inventory,2020,704.75
14660,inventory,2021,495.4167
14660,inventory,2022,487.5
14660,inventory,2023,424.0
14660,inventory,2024,460.0833
14660,inventory,2025,559.5833
14660,inventory,2026,592.0
14660,inventory,2026-08,831.0
14700,inventory,2018,1414.1
14700,inventory,2019,1265.5
14700,inventory,2020,973.9167
14700,inventory,2021,618.0833
14700,inventory,2022,648.5833
14700,inventory,2023,494.8333
14700,inventory,2024,643.0
14700,inventory,2025,769.75
14700,inventory,2026,828.75
14700,inventory,2026-08,918.0
14720,inventory,2018,572.3
14720,inventory,2019,654.5833
14720,inventory,2020,560.1667
14720,inventory,2021,279.3333
14720,inventory,2022,335.9167
14720,inventory,2023,379.3333
14720,inventory,2024,565.0
14720,inventory,2025,703.5833
14720,inventory,2026,677.375
14720,inventory,2026-08,1020.0
14740,inventory,2018,893.6
14740,inventory,2019,761.25
14740,inventory,2020,577.5
14740,inventory,2021,555.1667
14740,inventory,2022,644.5
14740,inventory,2023,531.75
14740,inventory,2024,606.4167
14740,inventory,2025,711.1667
14740,inventory,2026,738.625
14740,inventory,2026-08,1015.0
14780,inventory,2018,277.0
14780,inventory,2019,275.0
14780,inventory,2020,266.75
14780,inventory,2021,149.5
14780,inventory,2022,165.6667
14780,inventory,2023,180.3333
14780,inventory,2024,202.6667
14780,inventory,2025,256.25
14780,inventory,2026,270.25
14780,inventory,2026-08,286.0
14820,inventory,2018,527.6
14820,inventory,2019,490.9167
14820,inventory,2020,366.5
14820,inventory,2021,245.25
14820,inventory,2022,300.5
14820,inventory,2023,286.0833
14820,inventory,2024,262.8333
14820,inventory,2025,329.4167
14820,inventory,2026,368.0
14820,inventory,2026-08,443.0
14860,inventory,2018,6477.0
14860,inventory,2019,6193.8333
14860,inventory,2020,5160.0
14860,inventory,2021,3477.5
14860,inventory,2022,2447.4167
14860,inventory,2023,1874.3333
14860,inventory,2024,1835.0
14860,inventory,2025,1929.5
14860,inventory,2026,1883.0
14860,inventory,2026-08,2352.0
15020,inventory,2018,92.6
15020,inventory,2019,108.0
15020,inventory,2020,95.8333
15020,inventory,2021,66.25
15020,inventory,2022,78.4167
15020,inventory,2023,73.6667
15020,inventory,2024,76.3333
15020,inventory,2025,80.5833
15020,inventory,2026,90.0
15020,inventory,2026-08,88.0
15060,inventory,2018,324.6
15060,inventory,2019,285.4167
15060,inventory,2020,236.6667
15060,inventory,2021,147.75
15060,inventory,2022,126.1667
15060,inventory,2023,157.5833
15060,inventory,2024,178.0833
15060,inventory,2025,197.3333
15060,inventory,2026,220.75
15060,inventory,2026-08,272.0
15100,inventory,2018,139.7
15100,inventory,2019,115.4167
15100,inventory,2020,103.75
15100,inventory,2021,59.6667
15100,inventory,2022,48.9167
15100,inventory,2023,49.5833
15100,inventory,2024,64.5
15100,inventory,2025,81.5833
15100,inventory,2026,65.0
15100,inventory,2026-08,85.0
15180,inventory,2018,1971.4
15180,inventory,2019,1788.75
15180,inventory,2020,1355.1667
15180,inventory,2021,853.4167
15180,inventory,2022,860.75
15180,inventory,2023,1072.3333
15180,inventory,2024,1457.8333
15180,inventory,2025,1754.0833
15180,inventory,2026,1731.0
15180,inventory,2026-08,1681.0
15220,inventory,2018,263.4
15220,inventory,2019,250.4167
15220,inventory,2020,195.5
15220,inventory,2021,225.25
15220,inventory,2022,257.9167
15220,inventory,2023,272.9167
15220,inventory,2024,240.0833
15220,inventory,2025,247.0833
15220,inventory,2026,260.375
15220,inventory,2026-08,279.0
15260,inventory,2018,1422.5
15260,inventory,2019,1269.0833
15260,inventory,2020,1078.3333
15260,inventory,2021,597.5
15260,inventory,2022,506.5
15260,inventory,2023,520.0833
15260,inventory,2024,614.6667
15260,inventory,2025,837.5
15260,inventory,2026,895.125
15260,inventory,2026-08,945.0
15340,inventory,2018,179.6
15340,inventory,2019,151.0833
15340,inventory,2020,103.6667
15340,inventory,2021,91.6667
15340,inventory,2022,102.8333
15340,inventory,2023,98.9167
15340,inventory,2024,107.0833
15340,inventory,2025,113.5
15340,inventory,2026,117.25
15340,inventory,2026-08,135.0
15380,inventory,2018,3397.2
15380,inventory,2019,3221.5833
15380,inventory,2020,2510.75
15380,inventory,2021,2073.6667
15380,inventory,2022,1968.6667
15380,inventory,2023,1769.25
15380,inventory,2024,1764.75
15380,inventory,2025,1841.0833
15380,inventory,2026,1868.125
15380,inventory,2026-08,2703.0
15420,inventory,2018,109.5
15420,inventory,2019,128.4167
15420,inventory,2020,111.5833
15420,inventory,2021,85.6667
15420,inventory,2022,119.8333
15420,inventory,2023,125.5
15420,inventory,2024,137.8333
15420,inventory,2025,148.9167
15420,inventory,2026,136.625
15420,inventory,2026-08,158.0
15460,inventory,2018,345.6
15460,inventory,2019,333.5833
15460,inventory,2020,326.75
15460,inventory,2021,265.8333
15460,inventory,2022,223.4167
15460,inventory,2023,193.1667
15460,inventory,2024,169.4167
15460,inventory,2025,194.75
15460,inventory,2026,185.75
15460,inventory,2026-08,208.0
15500,inventory,2018,488.0
15500,inventory,2019,425.4167
15500,inventory,2020,337.75
15500,inventory,2021,318.5833
15500,inventory,2022,334.75
15500,inventory,2023,391.5
15500,inventory,2024,401.4167
15500,inventory,2025,500.6667
15500,inventory,2026,541.0
15500,inventory,2026-08,597.0
15540,inventory,2018,961.2
15540,inventory,2019,1052.6667
15540,inventory,2020,794.25
15540,inventory,2021,463.9167
15540,inventory,2022,370.0
15540,inventory,2023,336.8333
15540,inventory,2024,449.0
15540,inventory,2025,553.6667
15540,inventory,2026,589.875
15540,inventory,2026-08,835.0
15580,inventory,2018,205.5
15580,inventory,2019,205.0
15580,inventory,2020,165.6667
15580,inventory,2021,128.8333
15580,inventory,2022,115.0833
15580,inventory,2023,135.5
15580,inventory,2024,184.0833
15580,inventory,2025,172.0833
15580,inventory,2026,179.0
15580,inventory,2026-08,218.0
15620,inventory,2018,351.4
15620,inventory,2019,325.6667
15620,inventory,2020,243.4167
15620,inventory,2021,150.0833
15620,inventory,2022,160.0
15620,inventory,2023,133.5
15620,inventory,2024,152.6667
15620,inventory,2025,165.0833
15620,inventory,2026,149.875
15620,inventory,2026-08,229.0
15660,inventory,2018,258.3
15660,inventory,2019,277.6667
15660,inventory,2020,220.9167
15660,inventory,2021,172.3333
15660,inventory,2022,205.5
15660,inventory,2023,177.0
15660,inventory,2024,186.4167
15660,inventory,2025,203.5
15660,inventory,2026,244.0
15660,inventory,2026-08,266.0
15700,inventory,2018,304.0
15700,inventory,2019,268.9167
15700,inventory,2020,208.8333
15700,inventory,2021,241.0833
15700,inventory,2022,268.0833
15700,inventory,2023,194.0
15700,inventory,2024,167.9167
15700,inventory,2025,206.6667
15700,inventory,2026,214.5
15700,inventory,2026-08,246.0
15740,inventory,2018,236.0
15740,inventory,2019,236.5833
15740,inventory,2020,176.75
15740,inventory,2021,107.6667
15740,inventory,2022,106.1667
15740,inventory,2023,91.5
15740,inventory,2024,108.6667
15740,inventory,2025,116.3333
15740,inventory,2026,123.0
15740,inventory,2026-08,141.0
15780,inventory,2018,144.9
15780,inventory,2019,124.4167
15780,inventory,2020,102.3636
15780,inventory,2021,110.25
15780,inventory,2022,108.4167
15780,inventory,2023,125.4167
15780,inventory,2024,92.5833
15780,inventory,2025,94.8333
15780,inventory,2026,123.25
15780,inventory,2026-08,144.0
15820,inventory,2018,112.2
15820,inventory,2019,109.5
15820,inventory,2020,88.5
15820,inventory,2021,94.4167
15820,inventory,2022,121.5833
15820,inventory,2023,123.6667
15820,inventory,2024,143.4167
15820,inventory,2025,186.6667
15820,inventory,2026,192.625
15820,inventory,2026-08,196.0
15940,inventory,2018,1781.1
15940,inventory,2019,1724.25
15940,inventory,2020,1394.8333
15940,inventory,2021,995.8333
15940,inventory,2022,900.0
15940,inventory,2023,820.5
15940,inventory,2024,807.8333
15940,inventory,2025,913.4167
15940,inventory,2026,960.75
15940,inventory,2026-08,1204.0
15980,inventory,2018,11411.9
15980,inventory,2019,11562.9167
15980,inventory,2020,9355.3333
15980,inventory,2021,7830.75
15980,inventory,2022,10170.0
15980,inventory,2023,11512.6667
15980,inventory,2024,12114.0833
15980,inventory,2025,13954.6667
15980,inventory,2026,12378.625
15980,inventory,2026-08,10537.0
16020,inventory,2018,629.4
16020,inventory,2019,579.0833
16020,inventory,2020,487.1667
16020,inventory,2021,346.6667
16020,inventory,2022,351.1667
16020,inventory,2023,330.0833
16020,inventory,2024,306.5
16020,inventory,2025,335.6667
16020,inventory,2026,333.75
16020,inventory,2026-08,357.0
16060,inventory,2018,637.6
16060,inventory,2019,600.5
16060,inventory,2020,415.25
16060,inventory,2021,628.0
16060,inventory,2022,724.25
16060,inventory,2023,516.1667
16060,inventory,2024,444.3333
16060,inventory,2025,483.0
16060,inventory,2026,531.625
16060,inventory,2026-08,546.0
16100,inventory,2018,265.3
16100,inventory,2019,267.4167
16100,inventory,2020,273.4167
16100,inventory,2021,224.7273
16100,inventory,2022,241.3333
16100,inventory,2023,167.0833
16100,inventory,2024,145.0833
16100,inventory,2025,148.3333
16100,inventory,2026,158.125
16100,inventory,2026-08,176.0
16140,inventory,2021,95.5
16140,inventory,2022,102.75
16140,inventory,2023,77.0833
16140,inventory,2024,70.6667
16140,inventory,2025,88.5833
16140,inventory,2026,87.875
16140,inventory,2026-08,100.0
16180,inventory,2018,193.1
16180,inventory,2019,219.8333
16180,inventory,2020,180.6667
16180,inventory,2021,139.6667
16180,inventory,2022,180.25
16180,inventory,2023,168.0
16180,inventory,2024,181.3333
16180,inventory,2025,153.4167
16180,inventory,2026,133.75
16180,inventory,2026-08,167.0
16220,inventory,2018,574.9
16220,inventory,2019,435.8333
16220,inventory,2020,356.1667
16220,inventory,2021,261.3333
16220,inventory,2022,207.4167
16220,inventory,2023,208.6667
16220,inventory,2024,229.8333
16220,inventory,2025,286.5
16220,inventory,2026,279.5
16220,inventory,2026-08,310.0
16260,inventory,2018,448.3
16260,inventory,2019,423.3333
16260,inventory,2020,365.3333
16260,inventory,2021,276.1667
16260,inventory,2022,407.25
16260,inventory,2023,404.25
16260,inventory,2024,437.1667
16260,inventory,2025,588.9167
16260,inventory,2026,613.375
16260,inventory,2026-08,718.0
16300,inventory,2018,1472.4
16300,inventory,2019,1401.75
16300,inventory,2020,1114.5833
16300,inventory,2021,871.8333
16300,inventory,2022,909.0
16300,inventory,2023,862.75
16300,inventory,2024,912.9167
16300,inventory,2025,1009.0
16300,inventory,2026,848.625
16300,inventory,2026-08,841.0
16340,inventory,2018,208.3
16340,inventory,2019,177.6667
16340,inventory,2020,147.9167
16340,inventory,2021,126.6667
16340,inventory,2022,124.6667
16340,inventory,2023,123.0833
16340,inventory,2024,154.5
16340,inventory,2025,162.6667
16340,inventory,2026,179.125
16340,inventory,2026-08,187.0
16380,inventory,2018,161.5
16380,inventory,2019,140.8333
16380,inventory,2020,100.3333
16380,inventory,2021,71.0833
16380,inventory,2022,59.0
16380,inventory,2023,57.9167
16380,inventory,2024,66.3333
16380,inventory,2025,60.9167
16380,inventory,2026,61.375
16380,inventory,2026-08,64.0
16460,inventory,2018,240.4
16460,inventory,2019,225.3333
16460,inventory,2020,152.0833
16460,inventory,2021,120.9167
16460,inventory,2022,102.0
16460,inventory,2023,99.5833
16460,inventory,2024,87.75
16460,inventory,2025,113.3333
16460,inventory,2026,118.75
16460,inventory,2026-08,122.0
16500,inventory,2018,384.4
16500,inventory,2019,326.6667
16500,inventory,2020,254.6667
16500,inventory,2021,217.25
16500,inventory,2022,290.4167
16500,inventory,2023,255.0
16500,inventory,2024,297.1667
16500,inventory,2025,365.8333
16500,inventory,2026,362.125
16500,inventory,2026-08,469.0
16540,inventory,2018,765.7
16540,inventory,2019,643.5833
16540,inventory,2020,460.25
16540,inventory,2021,356.0
16540,inventory,2022,300.4167
16540,inventory,2023,264.0
16540,inventory,2024,289.6667
16540,inventory,2025,328.0833
16540,inventory,2026,353.0
16540,inventory,2026-08,417.0
16580,inventory,2018,1316.9
16580,inventory,2019,1214.9167
16580,inventory,2020,927.1667
16580,inventory,2021,627.5
16580,inventory,2022,541.8333
16580,inventory,2023,393.9167
16580,inventory,2024,399.9167
16580,inventory,2025,429.3333
16580,inventory,2026,513.5
16580,inventory,2026-08,637.0
16620,inventory,2018,1374.7
16620,inventory,2019,1245.0
16620,inventory,2020,963.3333
16620,inventory,2021,722.1667
16620,inventory,2022,655.8333
16620,inventory,2023,597.3333
16620,inventory,2024,597.0833
16620,inventory,2025,611.6667
16620,inventory,2026,607.25
16620,inventory,2026-08,638.0
16660,inventory,2018,389.1
16660,inventory,2019,372.0
16660,inventory,2020,300.6667
16660,inventory,2021,299.4167
16660,inventory,2022,290.3333
16660,inventory,2023,192.9167
16660,inventory,2024,107.6667
16660,inventory,2025,133.9167
16660,inventory,2026,133.75
16660,inventory,2026-08,155.0
16700,inventory,2018,6002.7
16700,inventory,2019,6100.5833
16700,inventory,2020,5097.5
16700,inventory,2021,3014.75
16700,inventory,2022,2649.3333
16700,inventory,2023,2875.9167
16700,inventory,2024,3526.1667
16700,inventory,2025,5178.1667
16700,inventory,2026,6010.375
16700,inventory,2026-08,6432.0
16740,inventory,2018,10853.5
16740,inventory,2019,9999.8333
16740,inventory,2020,7559.5
16740,inventory,2021,7227.0833
16740,inventory,2022,7419.5833
16740,inventory,2023,7644.75
16740,inventory,2024,9216.3333
16740,inventory,2025,11684.5833
16740,inventory,2026,12569.875
16740,inventory,2026-08,14481.0
16820,inventory,2018,1852.5
16820,inventory,2019,1729.5833
16820,inventory,2020,1333.25
16820,inventory,2021,766.0833
16820,inventory,2022,593.3333
16820,inventory,2023,541.9167
16820,inventory,2024,576.8333
16820,inventory,2025,715.0
16820,inventory,2026,792.875
16820,inventory,2026-08,971.0
16860,inventory,2018,2796.5
16860,inventory,2019,2997.25
16860,inventory,2020,2339.5
16860,inventory,2021,1560.8333
16860,inventory,2022,1809.25
16860,inventory,2023,1950.0
16860,inventory,2024,2387.1667
16860,inventory,2025,2457.5
16860,inventory,2026,2797.5
16860,inventory,2026-08,3157.0
16940,inventory,2018,564.9
16940,inventory,2019,450.4167
16940,inventory,2020,429.75
16940,inventory,2021,303.1667
16940,inventory,2022,321.5833
16940,inventory,2023,390.3333
16940,inventory,2024,400.5
16940,inventory,2025,411.75
16940,inventory,2026,358.0
16940,inventory,2026-08,406.0
16980,inventory,2018,46019.4
16980,inventory,2019,46230.8333
16980,inventory,2020,39675.4167
16980,inventory,2021,34665.4167
16980,inventory,2022,27521.6667
16980,inventory,2023,21862.6667
16980,inventory,2024,21109.5833
16980,inventory,2025,21761.4167
16980,inventory,2026,20878.5
16980,inventory,2026-08,24419.0
17020,inventory,2018,839.7
17020,inventory,2019,807.0
17020,inventory,2020,552.5833
17020,inventory,2021,487.0833
17020,inventory,2022,544.75
17020,inventory,2023,499.8333
17020,inventory,2024,547.25
17020,inventory,2025,672.5833
17020,inventory,2026,662.125
17020,inventory,2026-08,756.0
17060,inventory,2018,238.6
17060,inventory,2019,218.6667
17060,inventory,2020,166.5833
17060,inventory,2021,142.6667
17060,inventory,2022,121.3333
17060,inventory,2023,128.0833
17060,inventory,2024,145.9167
17060,inventory,2025,170.9167
17060,inventory,2026,170.25
17060,inventory,2026-08,174.0
17140,inventory,2018,8219.9
17140,inventory,2019,7460.75
17140,inventory,2020,5571.9167
17140,inventory,2021,5114.5
17140,inventory,2022,4646.25
17140,inventory,2023,4060.25
17140,inventory,2024,4758.1667
17140,inventory,2025,5454.6667
17140,inventory,2026,5759.125
17140,inventory,2026-08,6689.0
17220,inventory,2018,474.6
17220,inventory,2019,428.0
17220,inventory,2020,373.5833
17220,inventory,2021,352.3333
17220,inventory,2022,340.0833
17220,inventory,2023,225.5833
17220,inventory,2024,210.8333
17220,inventory,2025,201.9167
17220,inventory,2026,187.875
17220,inventory,2026-08,205.0
17260,inventory,2018,21.5
17260,inventory,2019,23.5833
17260,inventory,2020,21.6667
17260,inventory,2021,10.4167
17260,inventory,2022,15.25
17260,inventory,2023,17.8333
17260,inventory,2024,34.25
17260,inventory,2025,46.9167
17260,inventory,2026,57.0
17260,inventory,2026-08,61.0
17300,inventory,2018,1605.0
17300,inventory,2019,1484.4167
17300,inventory,2020,1201.0833
17300,inventory,2021,922.0909
17300,inventory,2022,1070.8333
17300,inventory,2023,1055.25
17300,inventory,2024,1338.1667
17300,inventory,2025,1646.9167
17300,inventory,2026,1779.625
17300,inventory,2026-08,1964.0
17340,inventory,2018,526.2
17340,inventory,2019,571.3333
17340,inventory,2020,417.0833
17340,inventory,2021,363.25
17340,inventory,2022,451.25
17340,inventory,2023,443.9167
17340,inventory,2024,456.8333
17340,inventory,2025,481.75
17340,inventory,2026,465.375
17340,inventory,2026-08,512.0
17380,inventory,2021,6.75
17380,inventory,2022,13.8333
17380,inventory,2023,21.1667
17380,inventory,2024,62.0
17380,inventory,2025,83.6667
17380,inventory,2026,74.875
17380,inventory,2026-08,77.0
17410,inventory,2018,11394.6
17410,inventory,2019,10792.0833
17410,inventory,2020,8243.6667
17410,inventory,2021,5946.75
17410,inventory,2022,5377.6667
17410,inventory,2023,4853.0833
17410,inventory,2024,4633.0
17410,inventory,2025,5187.4167
17410,inventory,2026,5379.75
17410,inventory,2026-08,6717.0
17420,inventory,2018,637.3
17420,inventory,2019,662.8333
17420,inventory,2020,621.75
17420,inventory,2021,413.5
17420,inventory,2022,475.3333
17420,inventory,2023,452.3333
17420,inventory,2024,538.0
17420,inventory,2025,515.6667
17420,inventory,2026,620.75
17420,inventory,2026-08,692.0
17500,inventory,2018,125.1
17500,inventory,2019,126.0
17500,inventory,2020,127.6667
17500,inventory,2021,228.4444
17500,inventory,2022,410.6667
17500,inventory,2023,358.0
17500,inventory,2024,224.25
17500,inventory,2025,209.0833
17500,inventory,2026,235.375
17500,inventory,2026-08,242.0
17540,inventory,2018,224.3
17540,inventory,2019,183.25
17540,inventory,2020,181.4167
17540,inventory,2021,159.6667
17540,inventory,2022,145.8333
17540,inventory,2023,133.5
17540,inventory,2024,147.75
17540,inventory,2025,194.1667
17540,inventory,2026,169.25
17540,inventory,2026-08,175.0
17580,inventory,2018,365.1
17580,inventory,2019,351.6667
17580,inventory,2020,264.1667
17580,inventory,2021,202.0833
17580,inventory,2022,207.25
17580,inventory,2023,193.3333
17580,inventory,2024,229.8333
17580,inventory,2025,295.0833
17580,inventory,2026,271.125
17580,inventory,2026-08,278.0
17660,inventory,2018,1475.0
17660,inventory,2019,1118.4167
17660,inventory,2020,872.6667
17660,inventory,2021,699.7273
17660,inventory,2022,834.4167
17660,inventory,2023,1075.6667
17660,inventory,2024,1105.4167
17660,inventory,2025,1178.75
17660,inventory,2026,1069.875
17660,inventory,2026-08,1344.0
17740,inventory,2018,256.4
17740,inventory,2019,235.5
17740,inventory,2020,191.0833
17740,inventory,2021,142.8333
17740,inventory,2022,150.75
17740,inventory,2023,132.8333
17740,inventory,2024,139.0
17740,inventory,2025,162.25
17740,inventory,2026,133.0
17740,inventory,2026-08,149.0
17780,inventory,2018,1470.8
17780,inventory,2019,1584.75
17780,inventory,2020,1442.5
17780,inventory,2021,868.5
17780,inventory,2022,788.5
17780,inventory,2023,1028.25
17780,inventory,2024,1220.0
17780,inventory,2025,1357.3333
17780,inventory,2026,1471.375
17780,inventory,2026-08,1652.0
17820,inventory,2018,3242.2
17820,inventory,2019,3214.5
17820,inventory,2020,3038.9167
17820,inventory,2021,2175.0833
17820,inventory,2022,2606.9167
17820,inventory,2023,2590.3333
17820,inventory,2024,3111.6667
17820,inventory,2025,3984.9167
17820,inventory,2026,4129.875
17820,inventory,2026-08,4910.0
17860,inventory,2018,1122.2
17860,inventory,2019,983.0833
17860,inventory,2020,676.9167
17860,inventory,2021,543.25
17860,inventory,2022,432.0
17860,inventory,2023,405.5
17860,inventory,2024,632.1667
17860,inventory,2025,769.4167
17860,inventory,2026,772.375
17860,inventory,2026-08,854.0
17900,inventory,2018,4647.4
17900,inventory,2019,3929.5833
17900,inventory,2020,2828.3333
17900,inventory,2021,2074.3333
17900,inventory,2022,1937.4167
17900,inventory,2023,2077.3333
17900,inventory,2024,2580.0833
17900,inventory,2025,3037.5
17900,inventory,2026,3345.125
17900,inventory,2026-08,3761.0
17980,inventory,2018,1880.6
17980,inventory,2019,1628.25
17980,inventory,2020,1159.9167
17980,inventory,2021,1001.0
17980,inventory,2022,1028.1667
17980,inventory,2023,880.8333
17980,inventory,2024,899.5
17980,inventory,2025,1030.5833
17980,inventory,2026,1123.875
17980,inventory,2026-08,1196.0
18020,inventory,2018,335.9
18020,inventory,2019,292.25
18020,inventory,2020,246.9167
18020,inventory,2021,195.1667
18020,inventory,2022,206.0
18020,inventory,2023,190.3333
18020,inventory,2024,210.4167
18020,inventory,2025,246.75
18020,inventory,2026,262.375
18020,inventory,2026-08,318.0
18060,inventory,2018,320.6
18060,inventory,2019,294.0833
18060,inventory,2020,261.1667
18060,inventory,2021,182.1667
18060,inventory,2022,176.4167
18060,inventory,2023,177.4167
18060,inventory,2024,211.8333
18060,inventory,2025,211.25
18060,inventory,2026,231.75
18060,inventory,2026-08,254.0
18100,inventory,2018,103.0
18100,inventory,2019,97.1667
18100,inventory,2020,90.5833
18100,inventory,2021,80.9167
18100,inventory,2022,98.1667
18100,inventory,2023,90.8333
18100,inventory,2024,76.3333
18100,inventory,2025,104.1667
18100,inventory,2026,117.0
18100,inventory,2026-08,137.0
18140,inventory,2018,6785.0
18140,inventory,2019,6394.6667
18140,inventory,2020,4981.6667
18140,inventory,2021,4319.25
18140,inventory,2022,4164.75
18140,inventory,2023,3834.75
18140,inventory,2024,4380.9167
18140,inventory,2025,5345.4167
18140,inventory,2026,5484.25
18140,inventory,2026-08,6726.0
18180,inventory,2018,798.7
18180,inventory,2019,755.75
18180,inventory,2020,519.1667
18180,inventory,2021,307.3333
18180,inventory,2022,271.25
18180,inventory,2023,220.8333
18180,inventory,2024,264.5833
18180,inventory,2025,321.75
18180,inventory,2026,323.75
18180,inventory,2026-08,441.0
18220,inventory,2018,92.8
18220,inventory,2019,89.9167
18220,inventory,2020,66.6667
18220,inventory,2021,56.3333
18220,inventory,2022,62.8333
18220,inventory,2023,59.5
18220,inventory,2024,73.6667
18220,inventory,2025,97.1667
18220,inventory,2026,95.125
18220,inventory,2026-08,116.0
18260,inventory,2018,553.5
18260,inventory,2019,555.9167
18260,inventory,2020,445.8333
18260,inventory,2021,485.1667
18260,inventory,2022,569.25
18260,inventory,2023,528.5833
18260,inventory,2024,495.3333
18260,inventory,2025,579.5833
18260,inventory,2026,601.375
18260,inventory,2026-08,640.0
18300,inventory,2018,416.5
18300,inventory,2019,371.3333
18300,inventory,2020,331.6667
18300,inventory,2021,274.1667
18300,inventory,2022,275.75
18300,inventory,2023,309.0833
18300,inventory,2024,312.8333
18300,inventory,2025,349.75
18300,inventory,2026,376.25
18300,inventory,2026-08,451.0
18380,inventory,2018,129.9
18380,inventory,2019,116.1667
18380,inventory,2020,93.6667
18380,inventory,2021,64.0
18380,inventory,2022,51.5
18380,inventory,2023,58.75
18380,inventory,2024,67.0833
18380,inventory,2025,83.3333
18380,inventory,2026,102.0
18380,inventory,2026-08,110.0
18420,inventory,2018,119.6
18420,inventory,2019,112.0833
18420,inventory,2020,94.0
18420,inventory,2021,125.6667
18420,inventory,2022,184.9167
18420,inventory,2023,184.5833
18420,inventory,2024,98.0
18420,inventory,2025,104.75
18420,inventory,2026,98.25
18420,inventory,2026-08,107.0
18460,inventory,2018,313.6
18460,inventory,2019,288.5833
18460,inventory,2020,237.1667
18460,inventory,2021,152.0
18460,inventory,2022,185.5
18460,inventory,2023,170.0
18460,inventory,2024,161.5833
18460,inventory,2025,206.1667
18460,inventory,2026,217.25
18460,inventory,2026-08,244.0
18500,inventory,2018,560.2
18500,inventory,2019,510.25
18500,inventory,2020,419.5833
18500,inventory,2021,279.0833
18500,inventory,2022,251.9167
18500,inventory,2023,213.0833
18500,inventory,2024,235.0833
18500,inventory,2025,222.8333
18500,inventory,2026,199.375
18500,inventory,2026-08,231.0
18580,inventory,2018,2994.6
18580,inventory,2019,2952.75
18580,inventory,2020,2296.75
18580,inventory,2021,1668.4167
18580,inventory,2022,1887.25
18580,inventory,2023,2026.4167
18580,inventory,2024,2495.3333
18580,inventory,2025,2994.8333
18580,inventory,2026,3064.0
18580,inventory,2026-08,3322.0
18620,inventory,2018,187.5
18620,inventory,2019,203.5833
18620,inventory,2020,172.0
18620,inventory,2021,308.3333
18620,inventory,2022,425.5
18620,inventory,2023,423.0833
18620,inventory,2024,286.0
18620,inventory,2025,301.75
18620,inventory,2026,296.0
18620,inventory,2026-08,314.0
18660,inventory,2018,235.8
18660,inventory,2019,190.4167
18660,inventory,2020,159.6667
18660,inventory,2021,113.6667
18660,inventory,2022,88.6667
18660,inventory,2023,64.5
18660,inventory,2024,59.4167
18660,inventory,2025,73.1667
18660,inventory,2026,76.5
18660,inventory,2026-08,90.0
18700,inventory,2018,376.0
18700,inventory,2019,342.3333
18700,inventory,2020,262.6667
18700,inventory,2021,181.6667
18700,inventory,2022,153.5
18700,inventory,2023,147.5
18700,inventory,2024,181.6667
18700,inventory,2025,198.8333
18700,inventory,2026,242.625
18700,inventory,2026-08,328.0
18740,inventory,2018,191.0
18740,inventory,2019,160.3333
18740,inventory,2020,132.75
18740,inventory,2021,83.0
18740,inventory,2022,74.0833
18740,inventory,2023,92.5833
18740,inventory,2024,74.0
18740,inventory,2025,82.1667
18740,inventory,2026,89.75
18740,inventory,2026-08,115.0
18820,inventory,2018,166.6
18820,inventory,2019,155.25
18820,inventory,2020,121.0
18820,inventory,2021,95.4167
18820,inventory,2022,103.6667
18820,inventory,2023,104.1667
18820,inventory,2024,116.4167
18820,inventory,2025,122.9167
18820,inventory,2026,124.5
18820,inventory,2026-08,133.0
18860,inventory,2018,155.1
18860,inventory,2019,166.8333
18860,inventory,2020,163.75
18860,inventory,2021,100.0
18860,inventory,2022,75.5833
18860,inventory,2023,82.8333
18860,inventory,2024,109.75
18860,inventory,2025,136.0833
18860,inventory,2026,128.0
18860,inventory,2026-08,152.0
18880,inventory,2018,3708.4
18880,inventory,2019,3621.75
18880,inventory,2020,3150.4167
18880,inventory,2021,2405.4167
18880,inventory,2022,2533.5
18880,inventory,2023,3193.0833
18880,inventory,2024,4463.0
18880,inventory,2025,5104.0
18880,inventory,2026,4914.375
18880,inventory,2026-08,5201.0
18900,inventory,2018,628.7
18900,inventory,2019,558.5833
18900,inventory,2020,395.4167
18900,inventory,2021,328.9167
18900,inventory,2022,307.5833
18900,inventory,2023,349.25
18900,inventory,2024,467.9167
18900,inventory,2025,662.9167
18900,inventory,2026,758.5
18900,inventory,2026-08,782.0
18980,inventory,2018,617.1
18980,inventory,2019,637.4167
18980,inventory,2020,526.25
18980,inventory,2021,372.75
18980,inventory,2022,364.1667
18980,inventory,2023,394.1667
18980,inventory,2024,414.5833
18980,inventory,2025,513.5
18980,inventory,2026,553.75
18980,inventory,2026-08,624.0
19060,inventory,2018,630.6
19060,inventory,2019,575.75
19060,inventory,2020,401.1667
19060,inventory,2021,412.1667
19060,inventory,2022,436.8333
19060,inventory,2023,342.9167
19060,inventory,2024,275.0
19060,inventory,2025,293.75
19060,inventory,2026,293.875
19060,inventory,2026-08,327.0
19100,inventory,2018,30125.6
19100,inventory,2019,32187.6667
19100,inventory,2020,27688.9167
19100,inventory,2021,20681.9167
19100,inventory,2022,18762.6667
19100,inventory,2023,20895.9167
19100,inventory,2024,27805.5
19100,inventory,2025,34501.1667
19100,inventory,2026,33751.375
19100,inventory,2026-08,37227.0
19140,inventory,2018,527.5
19140,inventory,2019,531.75
19140,inventory,2020,419.25
19140,inventory,2021,306.4167
19140,inventory,2022,390.6667
19140,inventory,2023,311.9167
19140,inventory,2024,366.0833
19140,inventory,2025,444.5833
19140,inventory,2026,516.125
19140,inventory,2026-08,565.0
19180,inventory,2018,404.1
19180,inventory,2019,358.9167
19180,inventory,2020,289.4167
19180,inventory,2021,181.3333
19180,inventory,2022,160.75
19180,inventory,2023,154.6667
19180,inventory,2024,157.8333
19180,inventory,2025,153.0833
19180,inventory,2026,166.5
19180,inventory,2026-08,208.0
19220,inventory,2018,291.1
19220,inventory,2019,272.8333
19220,inventory,2020,200.9167
19220,inventory,2021,237.6667
19220,inventory,2022,279.5833
19220,inventory,2023,241.9167
19220,inventory,2024,190.0833
19220,inventory,2025,226.25
19220,inventory,2026,234.0
19220,inventory,2026-08,266.0
19260,inventory,2018,549.6
19260,inventory,2019,481.5
19260,inventory,2020,359.5833
19260,inventory,2021,199.1667
19260,inventory,2022,181.9167
19260,inventory,2023,208.3333
19260,inventory,2024,298.3333
19260,inventory,2025,332.5
19260,inventory,2026,355.375
19260,inventory,2026-08,394.0
19300,inventory,2018,3102.4
19300,inventory,2019,3126.0
19300,inventory,2020,2682.8333
19300,inventory,2021,1762.6667
19300,inventory,2022,1725.75
19300,inventory,2023,2039.0
19300,inventory,2024,2940.9167
19300,inventory,2025,3466.25
19300,inventory,2026,3385.375
19300,inventory,2026-08,3515.0
19340,inventory,2018,1434.7
19340,inventory,2019,1508.8333
19340,inventory,2020,1376.0833
19340,inventory,2021,1315.0833
19340,inventory,2022,1059.9167
19340,inventory,2023,915.0
19340,inventory,2024,1033.6667
19340,inventory,2025,1129.1667
19340,inventory,2026,1099.375
19340,inventory,2026-08,1231.0
19430,inventory,2018,3373.6
19430,inventory,2019,2845.75
19430,inventory,2020,2184.5
19430,inventory,2021,1856.5833
19430,inventory,2022,1875.5833
19430,inventory,2023,1682.9167
19430,inventory,2024,1911.6667
19430,inventory,2025,2218.5
19430,inventory,2026,2361.5
19430,inventory,2026-08,2891.0
19460,inventory,2018,705.6
19460,inventory,2019,562.6667
19460,inventory,2020,435.9167
19460,inventory,2021,330.9167
19460,inventory,2022,371.9167
19460,inventory,2023,362.1667
19460,inventory,2024,471.3333
19460,inventory,2025,631.4167
19460,inventory,2026,625.25
19460,inventory,2026-08,664.0
19500,inventory,2018,703.6
19500,inventory,2019,630.9167
19500,inventory,2020,521.25
19500,inventory,2021,378.6667
19500,inventory,2022,329.0833
19500,inventory,2023,260.25
19500,inventory,2024,268.75
19500,inventory,2025,288.6667
19500,inventory,2026,311.125
19500,inventory,2026-08,353.0
19540,inventory,2018,94.0
19540,inventory,2019,82.4167
19540,inventory,2020,58.6667
19540,inventory,2021,39.1667
19540,inventory,2022,47.1667
19540,inventory,2023,38.0833
19540,inventory,2024,48.5833
19540,inventory,2025,52.0
19540,inventory,2026,55.5
19540,inventory,2026-08,53.0
19580,inventory,2018,144.7
19580,inventory,2019,129.25
19580,inventory,2020,99.0833
19580,inventory,2021,156.5
19580,inventory,2022,169.8333
19580,inventory,2023,109.25
19580,inventory,2024,64.0
19580,inventory,2025,85.4167
19580,inventory,2026,81.375
19580,inventory,2026-08,82.0
19620,inventory,2018,250.7
19620,inventory,2019,200.8333
19620,inventory,2020,187.0
19620,inventory,2021,139.0
19620,inventory,2022,174.4167
19620,inventory,2023,200.25
19620,inventory,2024,243.0833
19620,inventory,2025,290.75
19620,inventory,2026,304.25
19620,inventory,2026-08,312.0
19660,inventory,2018,6310.9
19660,inventory,2019,6379.8333
19660,inventory,2020,5350.3333
19660,inventory,2021,3746.5
19660,inventory,2022,3781.6667
19660,inventory,2023,4736.8333
19660,inventory,2024,6506.1667
19660,inventory,2025,7335.9167
19660,inventory,2026,6618.75
19660,inventory,2026-08,6464.0
19700,inventory,2018,167.5
19700,inventory,2019,161.6667
19700,inventory,2020,118.1818
19700,inventory,2021,79.9167
19700,inventory,2022,56.1667
19700,inventory,2023,54.0
19700,inventory,2024,63.0833
19700,inventory,2025,76.5833
19700,inventory,2026,83.375
19700,inventory,2026-08,84.0
19740,inventory,2018,11242.6
19740,inventory,2019,12196.9167
19740,inventory,2020,9848.25
19740,inventory,2021,7600.5833
19740,inventory,2022,8299.25
19740,inventory,2023,8618.4167
19740,inventory,2024,10591.5
19740,inventory,2025,13748.0833
19740,inventory,2026,13370.75
19740,inventory,2026-08,15917.0
19760,inventory,2018,348.2
19760,inventory,2019,241.25
19760,inventory,2020,164.5833
19760,inventory,2021,92.0
19760,inventory,2022,119.4167
19760,inventory,2023,146.1667
19760,inventory,2024,172.4167
19760,inventory,2025,179.4167
19760,inventory,2026,164.25
19760,inventory,2026-08,180.0
19780,inventory,2018,4556.4
19780,inventory,2019,4199.1667
19780,inventory,2020,3893.0
19780,inventory,2021,2547.3333
19780,inventory,2022,2183.1667
19780,inventory,2023,2221.25
19780,inventory,2024,2600.0833
19780,inventory,2025,3184.1667
19780,inventory,2026,3431.0
19780,inventory,2026-08,3882.0
19820,inventory,2018,18116.4
19820,inventory,2019,19136.6667
19820,inventory,2020,15402.25
19820,inventory,2021,12913.5
19820,inventory,2022,13008.25
19820,inventory,2023,11438.6667
19820,inventory,2024,11614.9167
19820,inventory,2025,12833.25
19820,inventory,2026,13389.125
19820,inventory,2026-08,16070.0
19860,inventory,2018,349.7
19860,inventory,2019,258.4167
19860,inventory,2020,250.9167
19860,inventory,2021,206.5833
19860,inventory,2022,168.0
19860,inventory,2023,142.4167
19860,inventory,2024,103.75
19860,inventory,2025,136.4167
19860,inventory,2026,132.5
19860,inventory,2026-08,135.0
19940,inventory,2018,189.4
19940,inventory,2019,175.5833
19940,inventory,2020,154.4167
19940,inventory,2021,116.4167
19940,inventory,2022,93.5833
19940,inventory,2023,76.5
19940,inventory,2024,68.5
19940,inventory,2025,80.3333
19940,inventory,2026,92.5
19940,inventory,2026-08,106.0
19980,inventory,2018,108.0
19980,inventory,2019,115.75
19980,inventory,2020,89.5
19980,inventory,2021,67.3333
19980,inventory,2022,68.0
19980,inventory,2023,64.3333
19980,inventory,2024,79.0
19980,inventory,2025,120.5833
19980,inventory,2026,134.875
19980,inventory,2026-08,134.0
20020,inventory,2018,1086.4
20020,inventory,2019,816.75
20020,inventory,2020,614.6667
20020,inventory,2021,428.0833
20020,inventory,2022,389.4167
20020,inventory,2023,423.4167
20020,inventory,2024,531.5
20020,inventory,2025,609.6667
20020,inventory,2026,680.875
20020,inventory,2026-08,739.0
20060,inventory,2018,164.8
20060,inventory,2019,144.5833
20060,inventory,2020,121.0
20060,inventory,2021,82.8333
20060,inventory,2022,87.5833
20060,inventory,2023,88.5833
20060,inventory,2024,102.9167
20060,inventory,2025,104.3333
20060,inventory,2026,135.25
20060,inventory,2026-08,150.0
20100,inventory,2018,822.6
20100,inventory,2019,680.4167
20100,inventory,2020,527.8333
20100,inventory,2021,428.0
20100,inventory,2022,395.5833
20100,inventory,2023,373.9167
20100,inventory,2024,420.3333
20100,inventory,2025,494.75
20100,inventory,2026,489.125
20100,inventory,2026-08,571.0
20140,inventory,2018,205.0
20140,inventory,2019,198.5833
20140,inventory,2020,152.8333
20140,inventory,2021,124.0
20140,inventory,2022,126.9167
20140,inventory,2023,121.1667
20140,inventory,2024,127.1667
20140,inventory,2025,147.0833
20140,inventory,2026,161.875
20140,inventory,2026-08,180.0
20180,inventory,2018,330.6
20180,inventory,2019,347.1667
20180,inventory,2020,276.5
20180,inventory,2021,203.6667
20180,inventory,2022,201.5
20180,inventory,2023,177.25
20180,inventory,2024,176.75
20180,inventory,2025,185.3333
20180,inventory,2026,187.875
20180,inventory,2026-08,223.0
20220,inventory,2018,372.2
20220,inventory,2019,335.0
20220,inventory,2020,264.1667
20220,inventory,2021,303.0
20220,inventory,2022,320.8333
20220,inventory,2023,239.6667
20220,inventory,2024,199.3333
20220,inventory,2025,209.5833
20220,inventory,2026,224.375
20220,inventory,2026-08,258.0
20260,inventory,2018,1496.8
20260,inventory,2019,1278.1667
20260,inventory,2020,998.25
20260,inventory,2021,939.9167
20260,inventory,2022,929.0
20260,inventory,2023,819.8333
20260,inventory,2024,830.6667
20260,inventory,2025,916.5833
20260,inventory,2026,937.0
20260,inventory,2026-08,1295.0
20300,inventory,2018,70.6
20300,inventory,2019,76.8333
20300,inventory,2020,70.3333
20300,inventory,2021,49.4167
20300,inventory,2022,55.8333
20300,inventory,2023,87.9167
20300,inventory,2024,67.4167
20300,inventory,2025,68.8333
20300,inventory,2026,67.0
20300,inventory,2026-08,72.0
20340,inventory,2018,396.2
20340,inventory,2019,341.9167
20340,inventory,2020,264.0
20340,inventory,2021,216.75
20340,inventory,2022,185.3333
20340,inventory,2023,156.4167
20340,inventory,2024,172.1667
20340,inventory,2025,196.9167
20340,inventory,2026,223.75
20340,inventory,2026-08,261.0
20420,inventory,2018,744.7
20420,inventory,2019,725.3333
20420,inventory,2020,593.8333
20420,inventory,2021,382.25
20420,inventory,2022,389.4167
20420,inventory,2023,331.0
20420,inventory,2024,360.3333
20420,inventory,2025,403.1667
20420,inventory,2026,418.875
20420,inventory,2026-08,544.0
20460,inventory,2018,218.0
20460,inventory,2019,183.75
20460,inventory,2020,144.3333
20460,inventory,2021,145.5833
20460,inventory,2022,192.8333
20460,inventory,2023,252.4167
20460,inventory,2024,231.9167
20460,inventory,2025,277.3333
20460,inventory,2026,292.5
20460,inventory,2026-08,308.0
20500,inventory,2018,1949.3
20500,inventory,2019,1970.4167
20500,inventory,2020,1618.8333
20500,inventory,2021,1148.0833
20500,inventory,2022,1301.25
20500,inventory,2023,1256.25
20500,inventory,2024,1391.75
20500,inventory,2025,1999.5
20500,inventory,2026,2174.875
20500,inventory,2026-08,2514.0
20540,inventory,2018,147.8
20540,inventory,2019,143.4167
20540,inventory,2020,133.3
20540,inventory,2021,91.0
20540,inventory,2022,107.0833
20540,inventory,2023,97.3333
20540,inventory,2024,104.3333
20540,inventory,2025,114.75
20540,inventory,2026,133.5
20540,inventory,2026-08,141.0
20580,inventory,2018,284.0
20580,inventory,2019,250.3333
20580,inventory,2020,255.4167
20580,inventory,2021,170.5
20580,inventory,2022,193.75
20580,inventory,2023,173.4167
20580,inventory,2024,183.6667
20580,inventory,2025,238.75
20580,inventory,2026,283.125
20580,inventory,2026-08,300.0
20660,inventory,2018,469.4
20660,inventory,2019,420.75
20660,inventory,2020,324.3333
20660,inventory,2021,187.8333
20660,inventory,2022,130.5
20660,inventory,2023,117.25
20660,inventory,2024,162.25
20660,inventory,2025,210.5
20660,inventory,2026,226.5
20660,inventory,2026-08,263.0
20700,inventory,2018,1914.6
20700,inventory,2019,1780.9167
20700,inventory,2020,1319.1667
20700,inventory,2021,973.1667
20700,inventory,2022,969.4167
20700,inventory,2023,977.5833
20700,inventory,2024,1127.3333
20700,inventory,2025,1181.0
20700,inventory,2026,1196.625
20700,inventory,2026-08,1410.0
20740,inventory,2018,770.8
20740,inventory,2019,782.75
20740,inventory,2020,751.1667
20740,inventory,2021,597.3333
20740,inventory,2022,581.4167
20740,inventory,2023,579.5
20740,inventory,2024,472.9167
20740,inventory,2025,475.8333
20740,inventory,2026,438.75
20740,inventory,2026-08,577.0
20780,inventory,2018,883.7
20780,inventory,2019,857.0833
20780,inventory,2020,746.9167
20780,inventory,2021,455.5833
20780,inventory,2022,389.8333
20780,inventory,2023,403.8333
20780,inventory,2024,443.75
20780,inventory,2025,517.0833
20780,inventory,2026,568.5
20780,inventory,2026-08,757.0
20820,inventory,2018,178.8
20820,inventory,2019,159.0
20820,inventory,2020,171.0833
20820,inventory,2021,173.3333
20820,inventory,2022,146.0833
20820,inventory,2023,111.8333
20820,inventory,2024,89.1667
20820,inventory,2025,89.5
20820,inventory,2026,86.125
20820,inventory,2026-08,97.0
20900,inventory,2018,220.1
20900,inventory,2019,248.4167
20900,inventory,2020,243.0833
20900,inventory,2021,180.4167
20900,inventory,2022,218.8333
20900,inventory,2023,211.5
20900,inventory,2024,167.0833
20900,inventory,2025,195.5833
20900,inventory,2026,205.125
20900,inventory,2026-08,200.0
20940,inventory,2018,401.3
20940,inventory,2019,337.25
20940,inventory,2020,248.3333
20940,inventory,2021,194.9167
20940,inventory,2022,206.9167
20940,inventory,2023,191.75
20940,inventory,2024,182.0
20940,inventory,2025,228.8333
20940,inventory,2026,229.375
20940,inventory,2026-08,228.0
20980,inventory,2018,182.4
20980,inventory,2019,185.8333
20980,inventory,2020,145.4167
20980,inventory,2021,93.6667
20980,inventory,2022,87.1667
20980,inventory,2023,99.9167
20980,inventory,2024,89.3333
20980,inventory,2025,89.8333
20980,inventory,2026,105.375
20980,inventory,2026-08,114.0
21020,inventory,2018,627.1
21020,inventory,2019,593.25
21020,inventory,2020,407.5
21020,inventory,2021,250.6667
21020,inventory,2022,220.0
21020,inventory,2023,159.5833
21020,inventory,2024,188.1667
21020,inventory,2025,233.0
21020,inventory,2026,228.375
21020,inventory,2026-08,254.0
21060,inventory,2018,762.3
21060,inventory,2019,669.25
21060,inventory,2020,467.75
21060,inventory,2021,503.0833
21060,inventory,2022,553.3333
21060,inventory,2023,521.75
21060,inventory,2024,484.0
21060,inventory,2025,633.9167
21060,inventory,2026,708.125
21060,inventory,2026-08,778.0
21120,inventory,2018,255.8
21120,inventory,2019,245.5833
21120,inventory,2020,216.4167
21120,inventory,2021,194.5
21120,inventory,2022,155.4167
21120,inventory,2023,130.5
21120,inventory,2024,121.0
21120,inventory,2025,139.0833
21120,inventory,2026,121.625
21120,inventory,2026-08,123.0
21140,inventory,2018,640.8
21140,inventory,2019,600.9167
21140,inventory,2020,497.0833
21140,inventory,2021,329.5833
21140,inventory,2022,316.5833
21140,inventory,2023,351.0833
21140,inventory,2024,417.75
21140,inventory,2025,474.5833
21140,inventory,2026,464.375
21140,inventory,2026-08,581.0
21180,inventory,2018,181.1
21180,inventory,2019,158.0833
21180,inventory,2020,132.9167
21180,inventory,2021,134.0833
21180,inventory,2022,122.6667
21180,inventory,2023,81.0
21180,inventory,2024,66.5
21180,inventory,2025,84.9167
21180,inventory,2026,86.0
21180,inventory,2026-08,96.0
21220,inventory,2018,352.3
21220,inventory,2019,347.5833
21220,inventory,2020,261.1667
21220,inventory,2021,188.5
21220,inventory,2022,191.25
21220,inventory,2023,179.5833
21220,inventory,2024,208.6667
21220,inventory,2025,223.3333
21220,inventory,2026,156.0
21220,inventory,2026-08,156.0
21260,inventory,2018,263.9
21260,inventory,2019,229.3333
21260,inventory,2020,180.0
21260,inventory,2021,152.8333
21260,inventory,2022,184.1667
21260,inventory,2023,219.5833
21260,inventory,2024,277.9167
21260,inventory,2025,336.25
21260,inventory,2026,366.375
21260,inventory,2026-08,521.0
21300,inventory,2018,515.0
21300,inventory,2019,451.6667
21300,inventory,2020,379.25
21300,inventory,2021,264.3333
21300,inventory,2022,234.3333
21300,inventory,2023,194.9167
21300,inventory,2024,208.4167
21300,inventory,2025,249.0
21300,inventory,2026,223.875
21300,inventory,2026-08,265.0
21340,inventory,2018,3861.7
21340,inventory,2019,3513.75
21340,inventory,2020,3158.3333
21340,inventory,2021,1464.5833
21340,inventory,2022,1373.5
21340,inventory,2023,2217.25
21340,inventory,2024,3215.25
21340,inventory,2025,3629.4167
21340,inventory,2026,3432.375
21340,inventory,2026-08,3359.0
21380,inventory,2018,124.1
21380,inventory,2019,120.5
21380,inventory,2020,91.1667
21380,inventory,2021,77.0
21380,inventory,2022,72.5833
21380,inventory,2023,68.5
21380,inventory,2024,66.9167
21380,inventory,2025,110.9167
21380,inventory,2026,103.375
21380,inventory,2026-08,118.0
21420,inventory,2018,417.3
21420,inventory,2019,379.75
21420,inventory,2020,310.8333
21420,inventory,2021,241.7273
21420,inventory,2022,207.0833
21420,inventory,2023,191.4167
21420,inventory,2024,221.3333
21420,inventory,2025,241.0
21420,inventory,2026,263.625
21420,inventory,2026-08,299.0
21460,inventory,2018,497.6
21460,inventory,2019,398.5
21460,inventory,2020,265.5
21460,inventory,2021,200.3333
21460,inventory,2022,157.0
21460,inventory,2023,151.0833
21460,inventory,2024,204.5
21460,inventory,2025,251.9167
21460,inventory,2026,281.375
21460,inventory,2026-08,291.0
21500,inventory,2018,1500.7
21500,inventory,2019,1261.75
21500,inventory,2020,821.0
21500,inventory,2021,560.25
21500,inventory,2022,515.0833
21500,inventory,2023,418.4167
21500,inventory,2024,398.9167
21500,inventory,2025,433.3333
21500,inventory,2026,419.125
21500,inventory,2026-08,538.0
21540,inventory,2018,281.2
21540,inventory,2019,252.6667
21540,inventory,2020,205.3333
21540,inventory,2021,134.5
21540,inventory,2022,128.0833
21540,inventory,2023,112.0833
21540,inventory,2024,131.9167
21540,inventory,2025,123.6667
21540,inventory,2026,122.125
21540,inventory,2026-08,161.0
21640,inventory,2021,62.3
21640,inventory,2022,69.9167
21640,inventory,2023,77.0833
21640,inventory,2024,107.1667
21640,inventory,2025,133.1667
21640,inventory,2026,139.5
21640,inventory,2026-08,149.0
21660,inventory,2018,1348.7
21660,inventory,2019,1150.4167
21660,inventory,2020,996.6667
21660,inventory,2021,814.25
21660,inventory,2022,850.4167
21660,inventory,2023,886.5833
21660,inventory,2024,1015.75
21660,inventory,2025,1057.75
21660,inventory,2026,996.5
21660,inventory,2026-08,1243.0
21700,inventory,2018,658.3
21700,inventory,2019,624.75
21700,inventory,2020,448.6667
21700,inventory,2021,291.3333
21700,inventory,2022,360.5
21700,inventory,2023,404.0
21700,inventory,2024,494.75
21700,inventory,2025,551.25
21700,inventory,2026,497.75
21700,inventory,2026-08,614.0
21740,inventory,2018,128.5
21740,inventory,2019,111.5
21740,inventory,2020,79.0833
21740,inventory,2021,70.5
21740,inventory,2022,66.0833
21740,inventory,2023,63.4167
21740,inventory,2024,58.3333
21740,inventory,2025,74.3333
21740,inventory,2026,82.25
21740,inventory,2026-08,86.0
21780,inventory,2018,1397.0
21780,inventory,2019,1340.5
21780,inventory,2020,971.25
21780,inventory,2021,829.5833
21780,inventory,2022,771.4167
21780,inventory,2023,726.75
21780,inventory,2024,870.5833
21780,inventory,2025,1036.9167
21780,inventory,2026,1099.625
21780,inventory,2026-08,1181.0
21820,inventory,2018,348.7
21820,inventory,2019,464.0833
21820,inventory,2020,371.5833
21820,inventory,2021,293.0
21820,inventory,2022,306.4167
21820,inventory,2023,289.8333
21820,inventory,2024,275.0
21820,inventory,2025,257.6667
21820,inventory,2026,246.5
21820,inventory,2026-08,396.0
21860,inventory,2021,106.7
21860,inventory,2022,105.5833
21860,inventory,2023,91.0833
21860,inventory,2024,64.5
21860,inventory,2025,73.0
21860,inventory,2026,103.25
21860,inventory,2026-08,123.0
21900,inventory,2018,312.6
21900,inventory,2019,289.75
21900,inventory,2020,259.25
21900,inventory,2021,221.25
21900,inventory,2022,205.0833
21900,inventory,2023,149.0833
21900,inventory,2024,143.4167
21900,inventory,2025,141.25
21900,inventory,2026,118.625
21900,inventory,2026-08,137.0
21980,inventory,2018,96.5
21980,inventory,2019,127.25
21980,inventory,2020,97.1667
21980,inventory,2021,63.3333
21980,inventory,2022,90.4167
21980,inventory,2023,72.1667
21980,inventory,2024,71.25
21980,inventory,2025,84.3333
21980,inventory,2026,67.0
21980,inventory,2026-08,74.0
22020,inventory,2018,1453.8
22020,inventory,2019,1525.75
22020,inventory,2020,1350.4167
22020,inventory,2021,725.4167
22020,inventory,2022,581.4167
22020,inventory,2023,631.5
22020,inventory,2024,891.9167
22020,inventory,2025,874.0
22020,inventory,2026,835.75
22020,inventory,2026-08,997.0
22060,inventory,2018,209.7
22060,inventory,2019,251.9167
22060,inventory,2020,207.1667
22060,inventory,2021,142.0833
22060,inventory,2022,135.5
22060,inventory,2023,128.8333
22060,inventory,2024,135.8333
22060,inventory,2025,167.3333
22060,inventory,2026,186.25
22060,inventory,2026-08,239.0
22100,inventory,2018,424.5
22100,inventory,2019,361.9167
22100,inventory,2020,265.4167
22100,inventory,2021,250.1667
22100,inventory,2022,272.25
22100,inventory,2023,242.0
22100,inventory,2024,230.0
22100,inventory,2025,263.3333
22100,inventory,2026,220.125
22100,inventory,2026-08,243.0
22140,inventory,2018,633.6
22140,inventory,2019,585.3333
22140,inventory,2020,470.0
22140,inventory,2021,380.9167
22140,inventory,2022,212.25
22140,inventory,2023,178.25
22140,inventory,2024,180.4167
22140,inventory,2025,199.9167
22140,inventory,2026,198.375
22140,inventory,2026-08,234.0
22180,inventory,2018,3514.3
22180,inventory,2019,2742.0
22180,inventory,2020,1742.4167
22180,inventory,2021,1438.3333
22180,inventory,2022,1355.25
22180,inventory,2023,1265.5833
22180,inventory,2024,1568.1667
22180,inventory,2025,1912.8333
22180,inventory,2026,2095.375
22180,inventory,2026-08,2359.0
22220,inventory,2018,3807.9
22220,inventory,2019,3380.5
22220,inventory,2020,2263.8333
22220,inventory,2021,1624.75
22220,inventory,2022,1598.4167
22220,inventory,2023,1768.0
22220,inventory,2024,1972.0
22220,inventory,2025,2466.25
22220,inventory,2026,2973.625
22220,inventory,2026-08,3512.0
22260,inventory,2018,472.3
22260,inventory,2019,387.0
22260,inventory,2020,334.9167
22260,inventory,2021,316.0833
22260,inventory,2022,330.25
22260,inventory,2023,278.0833
22260,inventory,2024,293.1667
22260,inventory,2025,315.5
22260,inventory,2026,305.5
22260,inventory,2026-08,438.0
22300,inventory,2018,325.5
22300,inventory,2019,303.3333
22300,inventory,2020,235.75
22300,inventory,2021,271.0
22300,inventory,2022,246.4167
22300,inventory,2023,196.8333
22300,inventory,2024,178.25
22300,inventory,2025,203.0833
22300,inventory,2026,181.0
22300,inventory,2026-08,196.0
22340,inventory,2018,71.4
22340,inventory,2019,78.5
22340,inventory,2020,62.4167
22340,inventory,2021,45.25
22340,inventory,2022,70.6667
22340,inventory,2023,53.9167
22340,inventory,2024,44.25
22340,inventory,2025,64.6667
22340,inventory,2026,91.75
22340,inventory,2026-08,90.0
22380,inventory,2018,950.0
22380,inventory,2019,920.5
22380,inventory,2020,622.75
22380,inventory,2021,389.3333
22380,inventory,2022,474.3333
22380,inventory,2023,474.5
22380,inventory,2024,544.9167
22380,inventory,2025,697.25
22380,inventory,2026,701.875
22380,inventory,2026-08,910.0
22420,inventory,2018,1669.5
22420,inventory,2019,1650.25
22420,inventory,2020,1278.0833
22420,inventory,2021,1121.1667
22420,inventory,2022,1270.8333
22420,inventory,2023,1174.9167
22420,inventory,2024,1233.0
22420,inventory,2025,1327.9167
22420,inventory,2026,1194.375
22420,inventory,2026-08,1398.0
22500,inventory,2018,885.4
22500,inventory,2019,765.6667
22500,inventory,2020,629.75
22500,inventory,2021,473.9167
22500,inventory,2022,478.75
22500,inventory,2023,421.1667
22500,inventory,2024,443.6667
22500,inventory,2025,522.3333
22500,inventory,2026,588.0
22500,inventory,2026-08,656.0
22520,inventory,2018,1005.4
22520,inventory,2019,941.5
22520,inventory,2020,665.3333
22520,inventory,2021,482.0
22520,inventory,2022,532.5
22520,inventory,2023,530.5
22520,inventory,2024,605.0833
22520,inventory,2025,729.6667
22520,inventory,2026,794.625
22520,inventory,2026-08,888.0
22540,inventory,2018,571.9
22540,inventory,2019,497.75
22540,inventory,2020,429.5833
22540,inventory,2021,356.25
22540,inventory,2022,274.9167
22540,inventory,2023,223.0833
22540,inventory,2024,272.0833
22540,inventory,2025,312.0833
22540,inventory,2026,283.25
22540,inventory,2026-08,337.0
22580,inventory,2018,521.7
22580,inventory,2019,524.9167
22580,inventory,2020,338.5
22580,inventory,2021,260.6667
22580,inventory,2022,306.0
22580,inventory,2023,337.5833
22580,inventory,2024,365.6667
22580,inventory,2025,414.8333
22580,inventory,2026,431.0
22580,inventory,2026-08,516.0
22620,inventory,2018,95.5
22620,inventory,2019,81.6667
22620,inventory,2020,64.25
22620,inventory,2021,37.5
22620,inventory,2022,47.4167
22620,inventory,2023,48.9167
22620,inventory,2024,42.8333
22620,inventory,2025,38.1667
22620,inventory,2026,44.375
22620,inventory,2026-08,57.0
22660,inventory,2018,1989.3
22660,inventory,2019,1764.25
22660,inventory,2020,1390.1667
22660,inventory,2021,1296.25
22660,inventory,2022,1257.4167
22660,inventory,2023,1391.8333
22660,inventory,2024,1663.1667
22660,inventory,2025,2103.6667
22660,inventory,2026,1913.5
22660,inventory,2026-08,2253.0
22700,inventory,2021,195.1
22700,inventory,2022,219.1667
22700,inventory,2023,172.1667
22700,inventory,2024,139.25
22700,inventory,2025,148.5
22700,inventory,2026,150.0
22700,inventory,2026-08,162.0
22780,inventory,2018,515.5
22780,inventory,2019,441.75
22780,inventory,2020,314.1667
22780,inventory,2021,298.6667
22780,inventory,2022,331.0
22780,inventory,2023,303.0
22780,inventory,2024,210.3333
22780,inventory,2025,224.0
22780,inventory,2026,215.5
22780,inventory,2026-08,259.0
22800,inventory,2018,342.0
22800,inventory,2019,307.0
22800,inventory,2020,301.4167
22800,inventory,2021,256.8333
22800,inventory,2022,223.25
22800,inventory,2023,176.5833
22800,inventory,2024,182.1667
22800,inventory,2025,252.8333
22800,inventory,2026,238.375
22800,inventory,2026-08,260.0
22820,inventory,2018,123.6
22820,inventory,2019,132.8333
22820,inventory,2020,105.3333
22820,inventory,2021,105.75
22820,inventory,2022,125.25
22820,inventory,2023,132.1667
22820,inventory,2024,135.5833
22820,inventory,2025,165.1667
22820,inventory,2026,147.75
22820,inventory,2026-08,160.0
22840,inventory,2021,118.8
22840,inventory,2022,170.25
22840,inventory,2023,178.5
22840,inventory,2024,201.6667
22840,inventory,2025,233.3333
22840,inventory,2026,232.5
22840,inventory,2026-08,260.0
22900,inventory,2018,1746.7
22900,inventory,2019,1625.6667
22900,inventory,2020,1214.1667
22900,inventory,2021,912.8333
22900,inventory,2022,980.5
22900,inventory,2023,944.4167
22900,inventory,2024,956.5833
22900,inventory,2025,1122.5
22900,inventory,2026,1225.0
22900,inventory,2026-08,1256.0
23060,inventory,2018,1597.3
23060,inventory,2019,1334.5
23060,inventory,2020,1095.6667
23060,inventory,2021,837.1667
23060,inventory,2022,836.5833
23060,inventory,2023,811.8333
23060,inventory,2024,1020.0
23060,inventory,2025,1235.6667
23060,inventory,2026,1174.75
23060,inventory,2026-08,1375.0
23140,inventory,2018,104.9
23140,inventory,2019,95.1667
23140,inventory,2020,66.25
23140,inventory,2021,88.5833
23140,inventory,2022,102.4167
23140,inventory,2023,73.3333
23140,inventory,2024,71.0
23140,inventory,2025,76.1667
23140,inventory,2026,85.75
23140,inventory,2026-08,93.0
23180,inventory,2018,396.5
23180,inventory,2019,348.5833
23180,inventory,2020,262.8333
23180,inventory,2021,220.6667
23180,inventory,2022,202.9167
23180,inventory,2023,185.8333
23180,inventory,2024,210.6667
23180,inventory,2025,247.4167
23180,inventory,2026,275.375
23180,inventory,2026-08,291.0
23240,inventory,2018,325.8
23240,inventory,2019,293.0833
23240,inventory,2020,266.75
23240,inventory,2021,151.9091
23240,inventory,2022,202.6667
23240,inventory,2023,318.8333
23240,inventory,2024,434.6667
23240,inventory,2025,582.1667
23240,inventory,2026,587.0
23240,inventory,2026-08,590.0
23300,inventory,2018,255.4
23300,inventory,2019,227.75
23300,inventory,2020,192.0833
23300,inventory,2021,151.9167
23300,inventory,2022,142.5833
23300,inventory,2023,139.1667
23300,inventory,2024,148.75
23300,inventory,2025,145.5833
23300,inventory,2026,136.875
23300,inventory,2026-08,173.0
23340,inventory,2018,121.8
23340,inventory,2019,125.8333
23340,inventory,2020,100.5833
23340,inventory,2021,73.5833
23340,inventory,2022,81.8333
23340,inventory,2023,87.6667
23340,inventory,2024,109.5833
23340,inventory,2025,115.5833
23340,inventory,2026,134.25
23340,inventory,2026-08,145.0
23380,inventory,2018,207.2
23380,inventory,2019,191.1667
23380,inventory,2020,154.5833
23380,inventory,2021,104.9167
23380,inventory,2022,106.25
23380,inventory,2023,82.25
23380,inventory,2024,98.9167
23380,inventory,2025,104.9167
23380,inventory,2026,95.5
23380,inventory,2026-08,118.0
23420,inventory,2018,2448.2
23420,inventory,2019,2493.75
23420,inventory,2020,1827.0833
23420,inventory,2021,1533.0833
23420,inventory,2022,1757.9167
23420,inventory,2023,1444.9167
23420,inventory,2024,1604.0833
23420,inventory,2025,2001.75
23420,inventory,2026,2102.625
23420,inventory,2026-08,2269.0
23460,inventory,2018,631.0
23460,inventory,2019,538.6667
23460,inventory,2020,398.75
23460,inventory,2021,297.3333
23460,inventory,2022,300.6667
23460,inventory,2023,295.4167
23460,inventory,2024,379.1667
23460,inventory,2025,415.5
23460,inventory,2026,420.625
23460,inventory,2026-08,463.0
23500,inventory,2018,132.2
23500,inventory,2019,136.1667
23500,inventory,2020,122.5833
23500,inventory,2021,86.3333
23500,inventory,2022,101.0833
23500,inventory,2023,114.25
23500,inventory,2024,139.3333
23500,inventory,2025,160.9167
23500,inventory,2026,166.625
23500,inventory,2026-08,178.0
23540,inventory,2018,1493.8
23540,inventory,2019,1338.0
23540,inventory,2020,1166.5
23540,inventory,2021,1113.75
23540,inventory,2022,1068.0
23540,inventory,2023,1056.6667
23540,inventory,2024,1420.5833
23540,inventory,2025,1637.25
23540,inventory,2026,1656.75
23540,inventory,2026-08,1733.0
23580,inventory,2018,1097.0
23580,inventory,2019,1118.75
23580,inventory,2020,979.75
23580,inventory,2021,796.0
23580,inventory,2022,806.4167
23580,inventory,2023,692.5833
23580,inventory,2024,738.25
23580,inventory,2025,962.0
23580,inventory,2026,1059.0
23580,inventory,2026-08,1161.0
23620,inventory,2018,200.3
23620,inventory,2019,216.0833
23620,inventory,2020,197.6667
23620,inventory,2021,158.25
23620,inventory,2022,144.25
23620,inventory,2023,194.0
23620,inventory,2024,260.5
23620,inventory,2025,300.4167
23620,inventory,2026,306.125
23620,inventory,2026-08,338.0
23660,inventory,2018,323.4
23660,inventory,2019,285.3333
23660,inventory,2020,234.6667
23660,inventory,2021,157.3333
23660,inventory,2022,141.0833
23660,inventory,2023,134.4167
23660,inventory,2024,141.8333
23660,inventory,2025,151.0
23660,inventory,2026,147.25
23660,inventory,2026-08,183.0
23700,inventory,2018,108.0
23700,inventory,2019,88.1667
23700,inventory,2020,62.6667
23700,inventory,2021,53.1667
23700,inventory,2022,50.8333
23700,inventory,2023,35.6667
23700,inventory,2024,44.3333
23700,inventory,2025,63.0
23700,inventory,2026,65.625
23700,inventory,2026-08,62.0
23780,inventory,2018,126.8
23780,inventory,2019,136.0833
23780,inventory,2020,107.75
23780,inventory,2021,103.0
23780,inventory,2022,99.1667
23780,inventory,2023,104.1667
23780,inventory,2024,124.75
23780,inventory,2025,140.25
23780,inventory,2026,152.875
23780,inventory,2026-08,171.0
23820,inventory,2018,445.5
23820,inventory,2019,481.1667
23820,inventory,2020,418.6667
23820,inventory,2021,245.9167
23820,inventory,2022,266.6667
23820,inventory,2023,277.6667
23820,inventory,2024,302.25
23820,inventory,2025,364.5
23820,inventory,2026,299.0
23820,inventory,2026-08,350.0
23900,inventory,2018,471.7
23900,inventory,2019,449.1667
23900,inventory,2020,311.4167
23900,inventory,2021,208.5833
23900,inventory,2022,186.1667
23900,inventory,2023,164.25
23900,inventory,2024,176.25
23900,inventory,2025,228.5
23900,inventory,2026,235.5
23900,inventory,2026-08,283.0
23940,inventory,2018,438.7
23940,inventory,2019,352.5833
23940,inventory,2020,301.1667
23940,inventory,2021,286.75
23940,inventory,2022,217.3333
23940,inventory,2023,184.75
23940,inventory,2024,220.4167
23940,inventory,2025,249.5
23940,inventory,2026,213.125
23940,inventory,2026-08,231.0
23980,inventory,2018,334.9
23980,inventory,2019,305.5
23980,inventory,2020,223.1667
23980,inventory,2021,315.0
23980,inventory,2022,379.0
23980,inventory,2023,292.5
23980,inventory,2024,227.75
23980,inventory,2025,265.8333
23980,inventory,2026,278.0
23980,inventory,2026-08,293.0
24020,inventory,2018,1251.5
24020,inventory,2019,1134.1667
24020,inventory,2020,799.4167
24020,inventory,2021,475.75
24020,inventory,2022,418.4167
24020,inventory,2023,346.3333
24020,inventory,2024,400.25
24020,inventory,2025,401.25
24020,inventory,2026,391.125
24020,inventory,2026-08,514.0
24100,inventory,2018,345.5
24100,inventory,2019,362.5833
24100,inventory,2020,258.6667
24100,inventory,2021,233.8333
24100,inventory,2022,217.8333
24100,inventory,2023,188.3333
24100,inventory,2024,161.9167
24100,inventory,2025,146.5833
24100,inventory,2026,154.75
24100,inventory,2026-08,221.0
24140,inventory,2018,541.8
24140,inventory,2019,389.75
24140,inventory,2020,278.0833
24140,inventory,2021,247.9167
24140,inventory,2022,223.0833
24140,inventory,2023,201.5833
24140,inventory,2024,279.4167
24140,inventory,2025,307.9167
24140,inventory,2026,327.375
24140,inventory,2026-08,359.0
24180,inventory,2022,8.3333
24180,inventory,2023,385.4545
24180,inventory,2024,623.75
24180,inventory,2025,753.75
24180,inventory,2026,732.125
24180,inventory,2026-08,813.0
24220,inventory,2018,621.5
24220,inventory,2019,625.5
24220,inventory,2020,505.75
24220,inventory,2021,408.0
24220,inventory,2022,413.75
24220,inventory,2023,356.6667
24220,inventory,2024,294.0
24220,inventory,2025,268.6667
24220,inventory,2026,241.125
24220,inventory,2026-08,292.0
24260,inventory,2018,281.6
24260,inventory,2019,290.0
24260,inventory,2020,257.1667
24260,inventory,2021,185.75
24260,inventory,2022,199.5833
24260,inventory,2023,191.1667
24260,inventory,2024,173.9167
24260,inventory,2025,244.1667
24260,inventory,2026,263.625
24260,inventory,2026-08,252.0
24300,inventory,2018,1132.0
24300,inventory,2019,1164.25
24300,inventory,2020,950.8333
24300,inventory,2021,659.75
24300,inventory,2022,720.9167
24300,inventory,2023,738.8333
24300,inventory,2024,770.5833
24300,inventory,2025,908.75
24300,inventory,2026,980.5
24300,inventory,2026-08,1183.0
24330,inventory,2021,263.4
24330,inventory,2022,297.3333
24330,inventory,2023,196.3333
24330,inventory,2024,160.6667
24330,inventory,2025,179.1667
24330,inventory,2026,187.5
24330,inventory,2026-08,270.0
24340,inventory,2018,4204.3
24340,inventory,2019,3707.8333
24340,inventory,2020,2872.6667
24340,inventory,2021,2196.75
24340,inventory,2022,2083.5
24340,inventory,2023,1796.5
24340,inventory,2024,1932.6667
24340,inventory,2025,2137.8333
24340,inventory,2026,2071.875
24340,inventory,2026-08,2717.0
24420,inventory,2018,678.8
24420,inventory,2019,573.1667
24420,inventory,2020,351.5833
24420,inventory,2021,305.6667
24420,inventory,2022,433.75
24420,inventory,2023,411.0833
24420,inventory,2024,426.8333
24420,inventory,2025,457.4167
24420,inventory,2026,442.125
24420,inventory,2026-08,516.0
24460,inventory,2018,152.7
24460,inventory,2019,195.6667
24460,inventory,2020,152.8333
24460,inventory,2021,126.6667
24460,inventory,2022,113.6667
24460,inventory,2023,108.4167
24460,inventory,2024,73.25
24460,inventory,2025,104.0
24460,inventory,2026,103.625
24460,inventory,2026-08,111.0
24500,inventory,2018,466.3
24500,inventory,2019,490.1667
24500,inventory,2020,401.25
24500,inventory,2021,205.4167
24500,inventory,2022,182.75
24500,inventory,2023,224.75
24500,inventory,2024,298.8333
24500,inventory,2025,330.5833
24500,inventory,2026,362.875
24500,inventory,2026-08,412.0
24540,inventory,2018,1606.9
24540,inventory,2019,1402.8333
24540,inventory,2020,1089.25
24540,inventory,2021,1131.9167
24540,inventory,2022,1275.5
24540,inventory,2023,1283.4167
24540,inventory,2024,1336.75
24540,inventory,2025,1593.5833
24540,inventory,2026,1486.0
24540,inventory,2026-08,1649.0
24580,inventory,2018,1816.0
24580,inventory,2019,1659.5
24580,inventory,2020,1377.5
24580,inventory,2021,1318.25
24580,inventory,2022,1120.5
24580,inventory,2023,958.4167
24580,inventory,2024,934.6667
24580,inventory,2025,977.1667
24580,inventory,2026,974.0
24580,inventory,2026-08,1265.0
24620,inventory,2018,305.8
24620,inventory,2019,285.25
24620,inventory,2020,226.3333
24620,inventory,2021,207.4167
24620,inventory,2022,204.3333
24620,inventory,2023,209.4167
24620,inventory,2024,260.0833
24620,inventory,2025,291.4167
24620,inventory,2026,282.25
24620,inventory,2026-08,307.0
24660,inventory,2018,3071.8
24660,inventory,2019,2494.75
24660,inventory,2020,2014.0
24660,inventory,2021,1900.25
24660,inventory,2022,1788.0
24660,inventory,2023,1797.5833
24660,inventory,2024,2038.3333
24660,inventory,2025,2242.9167
24660,inventory,2026,2403.75
24660,inventory,2026-08,2798.0
24700,inventory,2018,102.7
24700,inventory,2019,110.9167
24700,inventory,2020,76.9167
24700,inventory,2021,74.9167
24700,inventory,2022,76.4167
24700,inventory,2023,69.5
24700,inventory,2024,69.6667
24700,inventory,2025,75.75
24700,inventory,2026,76.0
24700,inventory,2026-08,87.0
24740,inventory,2018,163.2
24740,inventory,2019,139.5833
24740,inventory,2020,132.9167
24740,inventory,2021,97.1667
24740,inventory,2022,87.0
24740,inventory,2023,91.3333
24740,inventory,2024,96.0833
24740,inventory,2025,128.75
24740,inventory,2026,137.875
24740,inventory,2026-08,129.0
24780,inventory,2018,647.0
24780,inventory,2019,503.75
24780,inventory,2020,395.25
24780,inventory,2021,345.0
24780,inventory,2022,284.3333
24780,inventory,2023,254.5833
24780,inventory,2024,326.25
24780,inventory,2025,450.4167
24780,inventory,2026,489.375
24780,inventory,2026-08,551.0
24820,inventory,2018,205.2
24820,inventory,2019,172.6667
24820,inventory,2020,147.9167
24820,inventory,2021,181.6364
24820,inventory,2022,212.3333
24820,inventory,2023,131.8333
24820,inventory,2024,110.9167
24820,inventory,2025,131.5833
24820,inventory,2026,120.5
24820,inventory,2026-08,138.0
24860,inventory,2018,4423.8
24860,inventory,2019,4280.9167
24860,inventory,2020,3525.5
24860,inventory,2021,2436.75
24860,inventory,2022,2275.4167
24860,inventory,2023,2401.5
24860,inventory,2024,2933.9167
24860,inventory,2025,3495.6667
24860,inventory,2026,4124.0
24860,inventory,2026-08,4673.0
24900,inventory,2018,170.7
24900,inventory,2019,148.0833
24900,inventory,2020,137.4167
24900,inventory,2021,93.9167
24900,inventory,2022,78.1667
24900,inventory,2023,92.1667
24900,inventory,2024,79.1667
24900,inventory,2025,94.0
24900,inventory,2026,102.0
24900,inventory,2026-08,114.0
24940,inventory,2018,396.1
24940,inventory,2019,349.3333
24940,inventory,2020,306.0
24940,inventory,2021,269.5833
24940,inventory,2022,310.5
24940,inventory,2023,254.1667
24940,inventory,2024,237.25
24940,inventory,2025,279.5
24940,inventory,2026,302.5
24940,inventory,2026-08,332.0
24980,inventory,2018,90.4
24980,inventory,2019,77.5833
24980,inventory,2020,55.1667
24980,inventory,2021,47.5833
24980,inventory,2022,51.6667
24980,inventory,2023,62.25
24980,inventory,2024,66.0
24980,inventory,2025,69.75
24980,inventory,2026,72.125
24980,inventory,2026-08,81.0
25060,inventory,2018,2964.3
25060,inventory,2019,2968.0
25060,inventory,2020,2490.6667
25060,inventory,2021,2030.3333
25060,inventory,2022,1600.0
25060,inventory,2023,1695.4167
25060,inventory,2024,2115.0833
25060,inventory,2025,2315.0833
25060,inventory,2026,2360.875
25060,inventory,2026-08,2530.0
25100,inventory,2021,10.1111
25100,inventory,2022,24.4167
25100,inventory,2023,46.5
25100,inventory,2024,48.5
25100,inventory,2025,53.5833
25100,inventory,2026,49.125
25100,inventory,2026-08,61.0
25180,inventory,2018,1443.0
25180,inventory,2019,1297.0
25180,inventory,2020,921.1667
25180,inventory,2021,746.5833
25180,inventory,2022,735.4167
25180,inventory,2023,649.8333
25180,inventory,2024,729.25
25180,inventory,2025,881.3333
25180,inventory,2026,932.75
25180,inventory,2026-08,1028.0
25200,inventory,2018,635.3
25200,inventory,2019,521.0
25200,inventory,2020,394.5
25200,inventory,2021,196.25
25200,inventory,2022,182.5833
25200,inventory,2023,176.25
25200,inventory,2024,219.5
25200,inventory,2025,246.25
25200,inventory,2026,215.5
25200,inventory,2026-08,289.0
25220,inventory,2018,714.2
25220,inventory,2019,713.9167
25220,inventory,2020,463.8333
25220,inventory,2021,295.5
25220,inventory,2022,310.1667
25220,inventory,2023,365.4167
25220,inventory,2024,404.75
25220,inventory,2025,466.0833
25220,inventory,2026,529.875
25220,inventory,2026-08,581.0
25260,inventory,2018,298.2
25260,inventory,2019,286.4167
25260,inventory,2020,183.25
25260,inventory,2021,156.75
25260,inventory,2022,194.9167
25260,inventory,2023,184.25
25260,inventory,2024,216.0833
25260,inventory,2025,283.8333
25260,inventory,2026,299.125
25260,inventory,2026-08,298.0
25300,inventory,2018,193.1
25300,inventory,2019,182.5
25300,inventory,2020,134.3333
25300,inventory,2021,103.5833
25300,inventory,2022,129.4167
25300,inventory,2023,108.6667
25300,inventory,2024,111.0833
25300,inventory,2025,132.8333
25300,inventory,2026,122.25
25300,inventory,2026-08,126.0
25420,inventory,2018,2257.6
25420,inventory,2019,1893.1667
25420,inventory,2020,1341.8333
25420,inventory,2021,1148.25
25420,inventory,2022,1029.6667
25420,inventory,2023,870.6667
25420,inventory,2024,994.25
25420,inventory,2025,1112.3333
25420,inventory,2026,1163.25
25420,inventory,2026-08,1356.0
25460,inventory,2018,389.9
25460,inventory,2019,371.0
25460,inventory,2020,250.5833
25460,inventory,2021,339.1667
25460,inventory,2022,491.3333
25460,inventory,2023,410.6667
25460,inventory,2024,303.1667
25460,inventory,2025,332.8333
25460,inventory,2026,303.75
25460,inventory,2026-08,341.0
25500,inventory,2018,502.2
25500,inventory,2019,411.8333
25500,inventory,2020,327.3333
25500,inventory,2021,247.0833
25500,inventory,2022,220.9167
25500,inventory,2023,194.25
25500,inventory,2024,220.3333
25500,inventory,2025,263.25
25500,inventory,2026,245.75
25500,inventory,2026-08,277.0
25540,inventory,2018,6090.8
25540,inventory,2019,5533.4167
25540,inventory,2020,4099.75
25540,inventory,2021,2989.6667
25540,inventory,2022,2201.9167
25540,inventory,2023,1726.8333
25540,inventory,2024,1775.8333
25540,inventory,2025,1908.3333
25540,inventory,2026,1809.125
25540,inventory,2026-08,2321.0
25580,inventory,2018,48.7
25580,inventory,2019,61.0833
25580,inventory,2020,55.25
25580,inventory,2021,64.4167
25580,inventory,2022,85.6667
25580,inventory,2023,72.8333
25580,inventory,2024,77.1667
25580,inventory,2025,107.8333
25580,inventory,2026,113.5
25580,inventory,2026-08,115.0
25620,inventory,2018,747.8
25620,inventory,2019,690.3333
25620,inventory,2020,572.9167
25620,inventory,2021,458.5833
25620,inventory,2022,435.8333
25620,inventory,2023,452.6667
25620,inventory,2024,546.3333
25620,inventory,2025,604.0
25620,inventory,2026,623.625
25620,inventory,2026-08,660.0
25700,inventory,2018,240.2
25700,inventory,2019,220.0
25700,inventory,2020,146.8333
25700,inventory,2021,110.75
25700,inventory,2022,104.9167
25700,inventory,2023,103.3333
25700,inventory,2024,100.1667
25700,inventory,2025,116.4167
25700,inventory,2026,104.375
25700,inventory,2026-08,114.0
25720,inventory,2018,1478.7
25720,inventory,2019,1441.75
25720,inventory,2020,1070.1667
25720,inventory,2021,830.1667
25720,inventory,2022,1082.25
25720,inventory,2023,1121.5
25720,inventory,2024,1106.1667
25720,inventory,2025,1238.25
25720,inventory,2026,1310.25
25720,inventory,2026-08,1650.0
25740,inventory,2018,601.7
25740,inventory,2019,566.6667
25740,inventory,2020,425.75
25740,inventory,2021,351.1667
25740,inventory,2022,368.0833
25740,inventory,2023,411.3333
25740,inventory,2024,397.6667
25740,inventory,2025,445.3333
25740,inventory,2026,415.375
25740,inventory,2026-08,494.0
25780,inventory,2018,115.1
25780,inventory,2019,87.3333
25780,inventory,2020,70.4167
25780,inventory,2021,104.25
25780,inventory,2022,148.5
25780,inventory,2023,126.6667
25780,inventory,2024,89.5833
25780,inventory,2025,105.5833
25780,inventory,2026,113.875
25780,inventory,2026-08,127.0
25820,inventory,2018,26.9
25820,inventory,2019,25.3333
25820,inventory,2020,25.75
25820,inventory,2021,32.4167
25820,inventory,2022,64.0833
25820,inventory,2023,113.75
25820,inventory,2024,97.0833
25820,inventory,2025,94.4167
25820,inventory,2026,95.5
25820,inventory,2026-08,95.0
25840,inventory,2018,283.8
25840,inventory,2019,261.6667
25840,inventory,2020,220.6667
25840,inventory,2021,206.1667
25840,inventory,2022,269.0833
25840,inventory,2023,267.9167
25840,inventory,2024,243.25
25840,inventory,2025,251.0
25840,inventory,2026,280.875
25840,inventory,2026-08,328.0
25860,inventory,2018,1400.8
25860,inventory,2019,1256.4167
25860,inventory,2020,960.75
25860,inventory,2021,1000.1667
25860,inventory,2022,1366.5833
25860,inventory,2023,1372.0833
25860,inventory,2024,1255.6667
25860,inventory,2025,1340.1667
25860,inventory,2026,1374.25
25860,inventory,2026-08,1604.0
25880,inventory,2018,251.3
25880,inventory,2019,224.75
25880,inventory,2020,184.5833
25880,inventory,2021,151.9167
25880,inventory,2022,149.6667
25880,inventory,2023,117.9167
25880,inventory,2024,140.6667
25880,inventory,2025,162.25
25880,inventory,2026,158.5
25880,inventory,2026-08,185.0
25900,inventory,2018,1730.0
25900,inventory,2019,1832.25
25900,inventory,2020,1544.75
25900,inventory,2021,914.75
25900,inventory,2022,888.0
25900,inventory,2023,949.4167
25900,inventory,2024,1184.6667
25900,inventory,2025,1475.6667
25900,inventory,2026,1565.375
25900,inventory,2026-08,1665.0
25940,inventory,2018,3507.4
25940,inventory,2019,3433.9167
25940,inventory,2020,2805.5833
25940,inventory,2021,1514.4167
25940,inventory,2022,1358.0
25940,inventory,2023,1531.0833
25940,inventory,2024,1948.5833
25940,inventory,2025,2528.9167
25940,inventory,2026,2600.125
25940,inventory,2026-08,2672.0
25980,inventory,2018,605.7
25980,inventory,2019,574.0
25980,inventory,2020,459.5833
25980,inventory,2021,330.25
25980,inventory,2022,324.5
25980,inventory,2023,377.3333
25980,inventory,2024,410.3333
25980,inventory,2025,532.75
25980,inventory,2026,713.0
25980,inventory,2026-08,830.0
26020,inventory,2018,215.5
26020,inventory,2019,152.25
26020,inventory,2020,165.8333
26020,inventory,2021,177.5833
26020,inventory,2022,169.8333
26020,inventory,2023,132.3333
26020,inventory,2024,118.25
26020,inventory,2025,99.25
26020,inventory,2026,107.125
26020,inventory,2026-08,111.0
26090,inventory,2018,583.4
26090,inventory,2019,536.6667
26090,inventory,2020,434.5833
26090,inventory,2021,284.0833
26090,inventory,2022,257.1667
26090,inventory,2023,286.1667
26090,inventory,2024,277.5
26090,inventory,2025,293.75
26090,inventory,2026,296.0
26090,inventory,2026-08,390.0
26140,inventory,2018,1667.4
26140,inventory,2019,1662.5
26140,inventory,2020,1202.4167
26140,inventory,2021,849.75
26140,inventory,2022,991.5
26140,inventory,2023,1232.1667
26140,inventory,2024,1522.5833
26140,inventory,2025,1723.3333
26140,inventory,2026,1713.625
26140,inventory,2026-08,1638.0
26220,inventory,2018,109.5
26220,inventory,2019,106.4167
26220,inventory,2020,87.4167
26220,inventory,2021,49.9167
26220,inventory,2022,53.8333
26220,inventory,2023,59.4167
26220,inventory,2024,66.4167
26220,inventory,2025,61.4167
26220,inventory,2026,58.875
26220,inventory,2026-08,77.0
26300,inventory,2018,925.3
26300,inventory,2019,801.0833
26300,inventory,2020,598.25
26300,inventory,2021,523.8333
26300,inventory,2022,529.8333
26300,inventory,2023,646.1667
26300,inventory,2024,863.9167
26300,inventory,2025,1070.4167
26300,inventory,2026,1118.875
26300,inventory,2026-08,1238.0
26340,inventory,2018,283.1
26340,inventory,2019,258.1667
26340,inventory,2020,186.25
26340,inventory,2021,145.75
26340,inventory,2022,153.8333
26340,inventory,2023,135.1667
26340,inventory,2024,137.8333
26340,inventory,2025,140.75
26340,inventory,2026,142.0
26340,inventory,2026-08,233.0
26380,inventory,2018,1184.1
26380,inventory,2019,1126.75
26380,inventory,2020,943.0833
26380,inventory,2021,708.8
26380,inventory,2022,433.4167
26380,inventory,2023,634.4167
26380,inventory,2024,832.9167
26380,inventory,2025,947.5833
26380,inventory,2026,944.0
26380,inventory,2026-08,907.0
26420,inventory,2018,30152.3
26420,inventory,2019,31221.3333
26420,inventory,2020,26989.4167
26420,inventory,2021,20608.6667
26420,inventory,2022,20211.5
26420,inventory,2023,21958.0
26420,inventory,2024,26348.5
26420,inventory,2025,33645.6667
26420,inventory,2026,35637.625
26420,inventory,2026-08,38882.0
26460,inventory,2018,777.2
26460,inventory,2019,775.75
26460,inventory,2020,600.4167
26460,inventory,2021,409.6667
26460,inventory,2022,325.25
26460,inventory,2023,317.0
26460,inventory,2024,347.5833
26460,inventory,2025,335.0833
26460,inventory,2026,313.375
26460,inventory,2026-08,396.0
26500,inventory,2018,192.0
26500,inventory,2019,177.4167
26500,inventory,2020,131.25
26500,inventory,2021,111.8333
26500,inventory,2022,106.75
26500,inventory,2023,94.5833
26500,inventory,2024,96.8333
26500,inventory,2025,87.0833
26500,inventory,2026,92.25
26500,inventory,2026-08,109.0
26540,inventory,2018,171.7
26540,inventory,2019,148.8333
26540,inventory,2020,115.0
26540,inventory,2021,85.7273
26540,inventory,2022,75.5
26540,inventory,2023,70.8333
26540,inventory,2024,96.1667
26540,inventory,2025,99.0
26540,inventory,2026,101.0
26540,inventory,2026-08,112.0
26580,inventory,2018,1917.5
26580,inventory,2019,1743.4167
26580,inventory,2020,1346.5
26580,inventory,2021,895.3333
26580,inventory,2022,919.1667
26580,inventory,2023,839.3333
26580,inventory,2024,900.5
26580,inventory,2025,938.8333
26580,inventory,2026,916.25
26580,inventory,2026-08,1028.0
26620,inventory,2018,2815.3
26620,inventory,2019,2249.6667
26620,inventory,2020,1825.8333
26620,inventory,2021,1294.1667
26620,inventory,2022,1338.25
26620,inventory,2023,1663.3333
26620,inventory,2024,2200.5
26620,inventory,2025,2697.6667
26620,inventory,2026,2895.875
26620,inventory,2026-08,3213.0
26660,inventory,2018,469.0
26660,inventory,2019,487.5
26660,inventory,2020,453.1667
26660,inventory,2021,378.0
26660,inventory,2022,551.25
26660,inventory,2023,535.25
26660,inventory,2024,306.75
26660,inventory,2025,327.75
26660,inventory,2026,353.625
26660,inventory,2026-08,369.0
26700,inventory,2018,135.5
26700,inventory,2019,124.0833
26700,inventory,2020,102.75
26700,inventory,2021,65.75
26700,inventory,2022,72.5833
26700,inventory,2023,63.0833
26700,inventory,2024,63.3333
26700,inventory,2025,66.9167
26700,inventory,2026,60.5
26700,inventory,2026-08,67.0
26740,inventory,2018,384.7
26740,inventory,2019,335.6667
26740,inventory,2020,261.3333
26740,inventory,2021,167.0833
26740,inventory,2022,163.75
26740,inventory,2023,162.4167
26740,inventory,2024,168.4167
26740,inventory,2025,178.5
26740,inventory,2026,169.0
26740,inventory,2026-08,167.0
26780,inventory,2018,147.4
26780,inventory,2019,140.75
26780,inventory,2020,105.6667
26780,inventory,2021,72.3333
26780,inventory,2022,72.5
26780,inventory,2023,73.4167
26780,inventory,2024,80.4167
26780,inventory,2025,95.8333
26780,inventory,2026,98.375
26780,inventory,2026-08,131.0
26820,inventory,2018,667.3
26820,inventory,2019,610.75
26820,inventory,2020,532.5
26820,inventory,2021,385.5
26820,inventory,2022,515.25
26820,inventory,2023,521.3333
26820,inventory,2024,527.4167
26820,inventory,2025,642.6667
26820,inventory,2026,700.5
26820,inventory,2026-08,803.0
26860,inventory,2018,466.4
26860,inventory,2019,421.4167
26860,inventory,2020,355.9167
26860,inventory,2021,243.3333
26860,inventory,2022,177.6667
26860,inventory,2023,151.6667
26860,inventory,2024,155.0
26860,inventory,2025,166.25
26860,inventory,2026,157.875
26860,inventory,2026-08,174.0
26900,inventory,2018,8205.6
26900,inventory,2019,7821.5
26900,inventory,2020,6139.4167
26900,inventory,2021,5202.0833
26900,inventory,2022,5406.5833
26900,inventory,2023,5362.3333
26900,inventory,2024,6073.6667
26900,inventory,2025,7072.4167
26900,inventory,2026,7590.125
26900,inventory,2026-08,8883.0
26980,inventory,2018,1244.6
26980,inventory,2019,1234.9167
26980,inventory,2020,1216.0
26980,inventory,2021,674.9167
26980,inventory,2022,477.0833
26980,inventory,2023,442.5833
26980,inventory,2024,569.8333
26980,inventory,2025,760.8333
26980,inventory,2026,628.625
26980,inventory,2026-08,602.0
27020,inventory,2018,271.5
27020,inventory,2019,232.25
27020,inventory,2020,182.0833
27020,inventory,2021,161.9167
27020,inventory,2022,163.5833
27020,inventory,2023,143.6667
27020,inventory,2024,127.0833
27020,inventory,2025,137.0
27020,inventory,2026,112.75
27020,inventory,2026-08,139.0
27060,inventory,2018,317.4
27060,inventory,2019,313.0833
27060,inventory,2020,238.4167
27060,inventory,2021,158.0
27060,inventory,2022,154.9167
27060,inventory,2023,124.1667
27060,inventory,2024,130.25
27060,inventory,2025,168.8333
27060,inventory,2026,178.5
27060,inventory,2026-08,238.0
27100,inventory,2018,778.3
27100,inventory,2019,735.5
27100,inventory,2020,576.0833
27100,inventory,2021,568.9167
27100,inventory,2022,536.3333
27100,inventory,2023,389.5833
27100,inventory,2024,451.5833
27100,inventory,2025,463.9167
27100,inventory,2026,460.625
27100,inventory,2026-08,575.0
27140,inventory,2018,2806.9
27140,inventory,2019,2529.5
27140,inventory,2020,2001.25
27140,inventory,2021,1422.25
27140,inventory,2022,1406.3333
27140,inventory,2023,1702.9167
27140,inventory,2024,1860.75
27140,inventory,2025,2030.0833
27140,inventory,2026,2175.875
27140,inventory,2026-08,2333.0
27180,inventory,2018,634.5
27180,inventory,2019,578.3333
27180,inventory,2020,454.4167
27180,inventory,2021,646.5
27180,inventory,2022,837.0833
27180,inventory,2023,670.8333
27180,inventory,2024,593.4167
27180,inventory,2025,713.0833
27180,inventory,2026,732.25
27180,inventory,2026-08,798.0
27220,inventory,2018,442.7
27220,inventory,2019,413.1667
27220,inventory,2020,338.5833
27220,inventory,2021,179.75
27220,inventory,2022,226.9167
27220,inventory,2023,306.9167
27220,inventory,2024,288.5833
27220,inventory,2025,349.8333
27220,inventory,2026,344.625
27220,inventory,2026-08,434.0
27260,inventory,2018,9997.3
27260,inventory,2019,9800.1667
27260,inventory,2020,7892.8333
27260,inventory,2021,5753.9167
27260,inventory,2022,6168.25
27260,inventory,2023,7283.3333
27260,inventory,2024,9819.1667
27260,inventory,2025,11689.75
27260,inventory,2026,10573.875
27260,inventory,2026-08,10754.0
27300,inventory,2018,170.8
27300,inventory,2019,195.8333
27300,inventory,2020,169.8333
27300,inventory,2021,105.0833
27300,inventory,2022,102.5
27300,inventory,2023,71.4167
27300,inventory,2024,68.0
27300,inventory,2025,83.4167
27300,inventory,2026,82.25
27300,inventory,2026-08,76.0
27340,inventory,2018,1499.7
27340,inventory,2019,1335.75
27340,inventory,2020,1146.1667
27340,inventory,2021,757.25
27340,inventory,2022,694.5
27340,inventory,2023,684.0
27340,inventory,2024,853.8333
27340,inventory,2025,994.75
27340,inventory,2026,1068.625
27340,inventory,2026-08,1206.0
27380,inventory,2018,287.6
27380,inventory,2019,299.25
27380,inventory,2020,197.4444
27380,inventory,2021,142.25
27380,inventory,2022,158.9167
27380,inventory,2023,198.9167
27380,inventory,2024,213.8333
27380,inventory,2025,272.0833
27380,inventory,2026,280.875
27380,inventory,2026-08,284.0
27420,inventory,2018,133.9
27420,inventory,2019,124.75
27420,inventory,2020,109.4167
27420,inventory,2021,129.5
27420,inventory,2022,132.0833
27420,inventory,2023,97.4167
27420,inventory,2024,49.6667
27420,inventory,2025,60.75
27420,inventory,2026,58.125
27420,inventory,2026-08,64.0
27460,inventory,2018,776.6
27460,inventory,2019,741.4167
27460,inventory,2020,543.0833
27460,inventory,2021,349.25
27460,inventory,2022,308.6667
27460,inventory,2023,280.25
27460,inventory,2024,295.0833
27460,inventory,2025,316.1667
27460,inventory,2026,332.125
27460,inventory,2026-08,443.0
27500,inventory,2018,731.3
27500,inventory,2019,716.5833
27500,inventory,2020,602.6667
27500,inventory,2021,570.0
27500,inventory,2022,458.5833
27500,inventory,2023,393.25
27500,inventory,2024,424.3333
27500,inventory,2025,454.6667
27500,inventory,2026,456.875
27500,inventory,2026-08,467.0
27540,inventory,2018,157.5
27540,inventory,2019,182.5833
27540,inventory,2020,158.0
27540,inventory,2021,215.7273
27540,inventory,2022,243.5
27540,inventory,2023,196.5833
27540,inventory,2024,155.1667
27540,inventory,2025,130.0
27540,inventory,2026,118.375
27540,inventory,2026-08,137.0
27600,inventory,2018,398.7
27600,inventory,2019,471.75
27600,inventory,2020,426.5833
27600,inventory,2021,373.75
27600,inventory,2022,405.9167
27600,inventory,2023,365.1667
27600,inventory,2024,420.6667
27600,inventory,2025,488.8333
27600,inventory,2026,571.5
27600,inventory,2026-08,656.0
27620,inventory,2018,633.9
27620,inventory,2019,573.25
27620,inventory,2020,424.8333
27620,inventory,2021,521.4167
27620,inventory,2022,611.5
27620,inventory,2023,427.0
27620,inventory,2024,330.8333
27620,inventory,2025,347.75
27620,inventory,2026,355.0
27620,inventory,2026-08,384.0
27700,inventory,2018,148.6
27700,inventory,2019,145.1667
27700,inventory,2020,107.8333
27700,inventory,2021,66.4167
27700,inventory,2022,89.3333
27700,inventory,2023,63.1667
27700,inventory,2024,81.0833
27700,inventory,2025,91.9167
27700,inventory,2026,112.5
27700,inventory,2026-08,123.0
27740,inventory,2018,1109.8
27740,inventory,2019,970.5833
27740,inventory,2020,701.5
27740,inventory,2021,595.9167
27740,inventory,2022,530.5833
27740,inventory,2023,506.5
27740,inventory,2024,615.1667
27740,inventory,2025,719.9167
27740,inventory,2026,723.375
27740,inventory,2026-08,818.0
27780,inventory,2018,673.9
27780,inventory,2019,616.75
27780,inventory,2020,466.3333
27780,inventory,2021,304.9167
27780,inventory,2022,281.4167
27780,inventory,2023,282.9167
27780,inventory,2024,283.5833
27780,inventory,2025,269.6667
27780,inventory,2026,271.625
27780,inventory,2026-08,339.0
27860,inventory,2018,781.4
27860,inventory,2019,766.1667
27860,inventory,2020,642.8333
27860,inventory,2021,468.6667
27860,inventory,2022,492.3333
27860,inventory,2023,579.3333
27860,inventory,2024,671.75
27860,inventory,2025,776.8333
27860,inventory,2026,738.375
27860,inventory,2026-08,748.0
27900,inventory,2018,1076.3
27900,inventory,2019,930.25
27900,inventory,2020,726.5833
27900,inventory,2021,570.0833
27900,inventory,2022,590.0833
27900,inventory,2023,610.6667
27900,inventory,2024,714.0
27900,inventory,2025,795.6667
27900,inventory,2026,826.625
27900,inventory,2026-08,877.0
27940,inventory,2018,146.5
27940,inventory,2019,144.5833
27940,inventory,2020,101.6667
27940,inventory,2021,68.0
27940,inventory,2022,56.4167
27940,inventory,2023,58.0
27940,inventory,2024,62.9167
27940,inventory,2025,75.75
27940,inventory,2026,79.0
27940,inventory,2026-08,102.0
27980,inventory,2018,1410.8
27980,inventory,2019,1308.9167
27980,inventory,2020,1276.8333
27980,inventory,2021,839.3636
27980,inventory,2022,597.6667
27980,inventory,2023,620.4167
27980,inventory,2024,1049.3333
27980,inventory,2025,1453.8333
27980,inventory,2026,1533.375
27980,inventory,2026-08,1521.0
28020,inventory,2018,1561.0
28020,inventory,2019,1416.0
28020,inventory,2020,1090.5833
28020,inventory,2021,841.5
28020,inventory,2022,741.3333
28020,inventory,2023,557.9167
28020,inventory,2024,564.1667
28020,inventory,2025,631.0
28020,inventory,2026,674.5
28020,inventory,2026-08,819.0
28060,inventory,2018,1480.6
28060,inventory,2019,1409.6667
28060,inventory,2020,1109.0833
28060,inventory,2021,609.0833
28060,inventory,2022,691.0
28060,inventory,2023,847.4167
28060,inventory,2024,955.25
28060,inventory,2025,1012.4167
28060,inventory,2026,976.25
28060,inventory,2026-08,1223.0
28100,inventory,2018,527.8
28100,inventory,2019,494.8333
28100,inventory,2020,391.1667
28100,inventory,2021,360.5833
28100,inventory,2022,415.75
28100,inventory,2023,303.9167
28100,inventory,2024,254.9167
28100,inventory,2025,283.4167
28100,inventory,2026,264.0
28100,inventory,2026-08,271.0
28140,inventory,2018,11080.5
28140,inventory,2019,9400.8333
28140,inventory,2020,7352.0
28140,inventory,2021,5516.1667
28140,inventory,2022,4980.0
28140,inventory,2023,4729.6667
28140,inventory,2024,5619.75
28140,inventory,2025,6450.3333
28140,inventory,2026,6415.75
28140,inventory,2026-08,7245.0
28180,inventory,2018,542.1
28180,inventory,2019,572.4167
28180,inventory,2020,540.9167
28180,inventory,2021,405.0833
28180,inventory,2022,239.4167
28180,inventory,2023,249.1667
28180,inventory,2024,333.5
28180,inventory,2025,438.6667
28180,inventory,2026,427.75
28180,inventory,2026-08,461.0
28260,inventory,2018,217.1
28260,inventory,2019,220.8333
28260,inventory,2020,149.0
28260,inventory,2021,111.75
28260,inventory,2022,114.8333
28260,inventory,2023,98.0833
28260,inventory,2024,108.6667
28260,inventory,2025,95.5
28260,inventory,2026,103.5
28260,inventory,2026-08,128.0
28300,inventory,2018,510.0
28300,inventory,2019,496.6667
28300,inventory,2020,314.8333
28300,inventory,2021,189.1667
28300,inventory,2022,163.4167
28300,inventory,2023,141.1667
28300,inventory,2024,148.1667
28300,inventory,2025,183.8333
28300,inventory,2026,178.125
28300,inventory,2026-08,248.0
28340,inventory,2018,165.2
28340,inventory,2019,174.4167
28340,inventory,2020,131.25
28340,inventory,2021,127.3333
28340,inventory,2022,144.5
28340,inventory,2023,128.3333
28340,inventory,2024,104.25
28340,inventory,2025,128.5833
28340,inventory,2026,129.375
28340,inventory,2026-08,144.0
28380,inventory,2018,132.8
28380,inventory,2019,154.9167
28380,inventory,2020,150.1667
28380,inventory,2021,115.5
28380,inventory,2022,105.9167
28380,inventory,2023,92.9167
28380,inventory,2024,95.9167
28380,inventory,2025,103.6667
28380,inventory,2026,96.0
28380,inventory,2026-08,97.0
28420,inventory,2018,1046.3
28420,inventory,2019,954.9167
28420,inventory,2020,827.4167
28420,inventory,2021,548.1667
28420,inventory,2022,580.0833
28420,inventory,2023,645.6667
28420,inventory,2024,753.8333
28420,inventory,2025,919.5
28420,inventory,2026,983.0
28420,inventory,2026-08,1189.0
28500,inventory,2018,412.0
28500,inventory,2019,390.9167
28500,inventory,2020,351.3333
28500,inventory,2021,251.0
28500,inventory,2022,258.5833
28500,inventory,2023,296.3333
28500,inventory,2024,425.3333
28500,inventory,2025,529.3333
28500,inventory,2026,535.125
28500,inventory,2026-08,593.0
28540,inventory,2018,94.8
28540,inventory,2019,86.4167
28540,inventory,2020,86.5833
28540,inventory,2021,82.0
28540,inventory,2022,61.4167
28540,inventory,2023,60.8333
28540,inventory,2024,46.5
28540,inventory,2025,57.5833
28540,inventory,2026,57.0
28540,inventory,2026-08,73.0
28580,inventory,2018,1992.2
28580,inventory,2019,2161.8333
28580,inventory,2020,2023.25
28580,inventory,2021,1056.5833
28580,inventory,2022,797.6667
28580,inventory,2023,989.75
28580,inventory,2024,1294.3333
28580,inventory,2025,1452.6667
28580,inventory,2026,1441.625
28580,inventory,2026-08,1309.0
28620,inventory,2018,1270.2
28620,inventory,2019,1261.4167
28620,inventory,2020,935.75
28620,inventory,2021,553.5833
28620,inventory,2022,403.25
28620,inventory,2023,368.6667
28620,inventory,2024,515.0833
28620,inventory,2025,596.75
28620,inventory,2026,616.25
28620,inventory,2026-08,691.0
28660,inventory,2018,2124.8
28660,inventory,2019,1916.75
28660,inventory,2020,1571.3333
28660,inventory,2021,1606.0833
28660,inventory,2022,2224.9167
28660,inventory,2023,2824.75
28660,inventory,2024,2823.5833
28660,inventory,2025,3006.0833
28660,inventory,2026,2757.75
28660,inventory,2026-08,2789.0
28700,inventory,2018,1835.3
28700,inventory,2019,1632.0
28700,inventory,2020,1259.0833
28700,inventory,2021,1009.5
28700,inventory,2022,892.0
28700,inventory,2023,854.8333
28700,inventory,2024,1010.0
28700,inventory,2025,1174.5833
28700,inventory,2026,1233.125
28700,inventory,2026-08,1440.0
28740,inventory,2018,1315.1
28740,inventory,2019,1307.4167
28740,inventory,2020,1159.3333
28740,inventory,2021,903.75
28740,inventory,2022,680.0
28740,inventory,2023,600.1667
28740,inventory,2024,616.8333
28740,inventory,2025,670.0833
28740,inventory,2026,589.0
28740,inventory,2026-08,750.0
28780,inventory,2018,122.4
28780,inventory,2019,91.6667
28780,inventory,2020,77.8333
28780,inventory,2021,76.5
28780,inventory,2022,81.0
28780,inventory,2023,95.9167
28780,inventory,2024,93.1667
28780,inventory,2025,101.4167
28780,inventory,2026,130.25
28780,inventory,2026-08,136.0
28820,inventory,2018,209.5
28820,inventory,2019,148.25
28820,inventory,2020,120.75
28820,inventory,2021,82.5
28820,inventory,2022,100.8333
28820,inventory,2023,119.5
28820,inventory,2024,124.75
28820,inventory,2025,132.5
28820,inventory,2026,154.25
28820,inventory,2026-08,168.0
28860,inventory,2018,136.6
28860,inventory,2019,169.1667
28860,inventory,2020,143.6667
28860,inventory,2021,115.9167
28860,inventory,2022,108.5833
28860,inventory,2023,113.0
28860,inventory,2024,127.6667
28860,inventory,2025,134.25
28860,inventory,2026,141.875
28860,inventory,2026-08,165.0
28880,inventory,2021,587.9
28880,inventory,2022,595.25
28880,inventory,2023,1669.0909
28880,inventory,2024,1987.3333
28880,inventory,2025,1979.3333
28880,inventory,2026,1904.75
28880,inventory,2026-08,2441.0
28900,inventory,2018,547.2
28900,inventory,2019,526.4167
28900,inventory,2020,386.25
28900,inventory,2021,273.8333
28900,inventory,2022,318.8333
28900,inventory,2023,368.9167
28900,inventory,2024,377.5
28900,inventory,2025,444.0
28900,inventory,2026,419.5
28900,inventory,2026-08,488.0
28940,inventory,2018,5136.4
28940,inventory,2019,4330.5
28940,inventory,2020,3291.3333
28940,inventory,2021,2550.1667
28940,inventory,2022,2422.0833
28940,inventory,2023,2249.4167
28940,inventory,2024,3135.25
28940,inventory,2025,4341.1667
28940,inventory,2026,4517.625
28940,inventory,2026-08,4929.0
29020,inventory,2018,406.5
29020,inventory,2019,386.0
29020,inventory,2020,309.9167
29020,inventory,2021,228.8333
29020,inventory,2022,236.3333
29020,inventory,2023,234.4167
29020,inventory,2024,258.75
29020,inventory,2025,335.5
29020,inventory,2026,350.75
29020,inventory,2026-08,422.0
29060,inventory,2018,644.1
29060,inventory,2019,617.5
29060,inventory,2020,416.3333
29060,inventory,2021,219.6667
29060,inventory,2022,225.6667
29060,inventory,2023,203.4167
29060,inventory,2024,257.5833
29060,inventory,2025,283.25
29060,inventory,2026,308.0
29060,inventory,2026-08,441.0
29100,inventory,2018,506.0
29100,inventory,2019,491.1667
29100,inventory,2020,377.3333
29100,inventory,2021,406.25
29100,inventory,2022,380.75
29100,inventory,2023,254.5833
29100,inventory,2024,233.75
29100,inventory,2025,251.4167
29100,inventory,2026,260.125
29100,inventory,2026-08,329.0
29180,inventory,2018,3141.8
29180,inventory,2019,2871.5833
29180,inventory,2020,2219.5
29180,inventory,2021,1334.0
29180,inventory,2022,1039.0833
29180,inventory,2023,1146.0
29180,inventory,2024,1466.5
29180,inventory,2025,1818.0833
29180,inventory,2026,1778.0
29180,inventory,2026-08,1835.0
29200,inventory,2018,779.9
29200,inventory,2019,628.3333
29200,inventory,2020,484.8333
29200,inventory,2021,501.0
29200,inventory,2022,524.4167
29200,inventory,2023,402.6667
29200,inventory,2024,402.5833
29200,inventory,2025,552.6667
29200,inventory,2026,591.125
29200,inventory,2026-08,744.0
29260,inventory,2018,111.4
29260,inventory,2019,109.3333
29260,inventory,2020,81.5
29260,inventory,2021,93.5833
29260,inventory,2022,118.4167
29260,inventory,2023,105.8333
29260,inventory,2024,79.0
29260,inventory,2025,83.5
29260,inventory,2026,89.375
29260,inventory,2026-08,115.0
29300,inventory,2018,519.9
29300,inventory,2019,493.25
29300,inventory,2020,405.75
29300,inventory,2021,327.4167
29300,inventory,2022,357.8333
29300,inventory,2023,306.25
29300,inventory,2024,294.4167
29300,inventory,2025,339.9167
29300,inventory,2026,379.5
29300,inventory,2026-08,402.0
29340,inventory,2018,1218.4
29340,inventory,2019,1192.0833
29340,inventory,2020,1199.4444
29340,inventory,2021,731.4545
29340,inventory,2022,946.3333
29340,inventory,2023,1115.0
29340,inventory,2024,1072.8333
29340,inventory,2025,927.6667
29340,inventory,2026,756.375
29340,inventory,2026-08,737.0
29380,inventory,2018,286.9
29380,inventory,2019,274.0
29380,inventory,2020,209.3333
29380,inventory,2021,303.75
29380,inventory,2022,379.8333
29380,inventory,2023,331.8333
29380,inventory,2024,252.25
29380,inventory,2025,294.6667
29380,inventory,2026,302.375
29380,inventory,2026-08,314.0
29420,inventory,2018,1705.1
29420,inventory,2019,1535.5
29420,inventory,2020,1190.0833
29420,inventory,2021,1122.0
29420,inventory,2022,1551.8333
29420,inventory,2023,1503.5
29420,inventory,2024,1398.9167
29420,inventory,2025,1626.6667
29420,inventory,2026,1677.875
29420,inventory,2026-08,1686.0
29460,inventory,2018,3431.6
29460,inventory,2019,3702.5
29460,inventory,2020,3115.0
29460,inventory,2021,2251.6667
29460,inventory,2022,2787.5833
29460,inventory,2023,3506.1667
29460,inventory,2024,4735.3333
29460,inventory,2025,5397.75
29460,inventory,2026,5161.75
29460,inventory,2026-08,5152.0
29540,inventory,2018,1511.6
29540,inventory,2019,1309.5
29540,inventory,2020,950.4167
29540,inventory,2021,808.25
29540,inventory,2022,666.25
29540,inventory,2023,576.1667
29540,inventory,2024,585.8333
29540,inventory,2025,656.75
29540,inventory,2026,662.25
29540,inventory,2026-08,799.0
29620,inventory,2018,2570.2
29620,inventory,2019,2398.5833
29620,inventory,2020,1987.5
29620,inventory,2021,1570.9167
29620,inventory,2022,1269.0833
29620,inventory,2023,1145.9167
29620,inventory,2024,1145.8333
29620,inventory,2025,1261.0
29620,inventory,2026,1277.75
29620,inventory,2026-08,1612.0
29660,inventory,2018,170.9
29660,inventory,2019,134.75
29660,inventory,2020,93.0833
29660,inventory,2021,101.75
29660,inventory,2022,126.9167
29660,inventory,2023,108.5833
29660,inventory,2024,92.4167
29660,inventory,2025,117.1667
29660,inventory,2026,127.75
29660,inventory,2026-08,168.0
29700,inventory,2018,582.6
29700,inventory,2019,562.1667
29700,inventory,2020,490.5
29700,inventory,2021,324.5833
29700,inventory,2022,444.5
29700,inventory,2023,522.9167
29700,inventory,2024,591.0833
29700,inventory,2025,682.75
29700,inventory,2026,738.25
29700,inventory,2026-08,745.0
29740,inventory,2018,1008.2
29740,inventory,2019,799.25
29740,inventory,2020,579.0
29740,inventory,2021,474.9167
29740,inventory,2022,438.4167
29740,inventory,2023,522.6667
29740,inventory,2024,745.0833
29740,inventory,2025,838.9167
29740,inventory,2026,990.875
29740,inventory,2026-08,1056.0
29780,inventory,2018,208.5
29780,inventory,2019,172.75
29780,inventory,2020,137.4167
29780,inventory,2021,184.7778
29780,inventory,2022,225.9167
29780,inventory,2023,208.8333
29780,inventory,2024,100.5833
29780,inventory,2025,93.75
29780,inventory,2026,106.125
29780,inventory,2026-08,129.0
29820,inventory,2018,11933.2
29820,inventory,2019,14181.4167
29820,inventory,2020,11481.5
29820,inventory,2021,8773.6667
29820,inventory,2022,10164.4167
29820,inventory,2023,8618.3333
29820,inventory,2024,8784.6667
29820,inventory,2025,12084.3333
29820,inventory,2026,12549.625
29820,inventory,2026-08,13241.0
29860,inventory,2018,334.5
29860,inventory,2019,262.0
29860,inventory,2020,182.8333
29860,inventory,2021,139.1667
29860,inventory,2022,166.3333
29860,inventory,2023,181.9167
29860,inventory,2024,195.0833
29860,inventory,2025,209.5
29860,inventory,2026,202.125
29860,inventory,2026-08,209.0
29900,inventory,2018,131.4
29900,inventory,2019,111.25
29900,inventory,2020,75.8333
29900,inventory,2021,55.75
29900,inventory,2022,66.6667
29900,inventory,2023,54.6667
29900,inventory,2024,68.6667
29900,inventory,2025,98.1667
29900,inventory,2026,101.875
29900,inventory,2026-08,113.0
29940,inventory,2018,413.2
29940,inventory,2019,431.1667
29940,inventory,2020,342.1667
29940,inventory,2021,231.75
29940,inventory,2022,218.6667
29940,inventory,2023,208.5833
29940,inventory,2024,263.4167
29940,inventory,2025,261.0833
29940,inventory,2026,255.625
29940,inventory,2026-08,316.0
29980,inventory,2018,154.5
29980,inventory,2019,157.5833
29980,inventory,2020,163.6667
29980,inventory,2021,173.6667
29980,inventory,2022,211.5
29980,inventory,2023,171.4167
29980,inventory,2024,173.4167
29980,inventory,2025,211.25
29980,inventory,2026,222.875
29980,inventory,2026-08,241.0
30020,inventory,2018,947.9
30020,inventory,2019,803.0833
30020,inventory,2020,594.6667
30020,inventory,2021,424.75
30020,inventory,2022,449.6667
30020,inventory,2023,396.8333
30020,inventory,2024,484.5
30020,inventory,2025,513.3333
30020,inventory,2026,531.625
30020,inventory,2026-08,605.0
30060,inventory,2018,251.8
30060,inventory,2019,242.0833
30060,inventory,2020,217.8333
30060,inventory,2021,152.4167
30060,inventory,2022,231.1667
30060,inventory,2023,186.6667
30060,inventory,2024,159.25
30060,inventory,2025,158.5833
30060,inventory,2026,151.5
30060,inventory,2026-08,143.0
30140,inventory,2018,475.5
30140,inventory,2019,387.5833
30140,inventory,2020,298.9167
30140,inventory,2021,231.75
30140,inventory,2022,199.0833
30140,inventory,2023,170.0
30140,inventory,2024,206.1667
30140,inventory,2025,220.9167
30140,inventory,2026,216.0
30140,inventory,2026-08,273.0
30150,inventory,2018,2722.5
30150,inventory,2019,2555.0833
30150,inventory,2020,1858.4167
30150,inventory,2021,842.9167
30150,inventory,2022,692.75
30150,inventory,2023,637.25
30150,inventory,2024,830.1667
30150,inventory,2025,967.5
30150,inventory,2026,953.5
30150,inventory,2026-08,1302.0
30260,inventory,2018,234.8
30260,inventory,2019,212.3333
30260,inventory,2020,178.1667
30260,inventory,2021,115.5833
30260,inventory,2022,66.8333
30260,inventory,2023,67.6667
30260,inventory,2024,70.8333
30260,inventory,2025,82.75
30260,inventory,2026,75.25
30260,inventory,2026-08,76.0
30280,inventory,2018,133.4
30280,inventory,2019,141.8333
30280,inventory,2020,135.5833
30280,inventory,2021,99.5833
30280,inventory,2022,128.5
30280,inventory,2023,129.0
30280,inventory,2024,136.25
30280,inventory,2025,183.25
30280,inventory,2026,213.375
30280,inventory,2026-08,229.0
30300,inventory,2018,321.2
30300,inventory,2019,287.0
30300,inventory,2020,203.9167
30300,inventory,2021,207.0
30300,inventory,2022,242.0
30300,inventory,2023,238.6667
30300,inventory,2024,214.0
30300,inventory,2025,266.9167
30300,inventory,2026,275.5
30300,inventory,2026-08,285.0
30340,inventory,2018,434.0
30340,inventory,2019,395.0
30340,inventory,2020,320.9167
30340,inventory,2021,238.25
30340,inventory,2022,204.3333
30340,inventory,2023,169.9167
30340,inventory,2024,192.5
30340,inventory,2025,202.0833
30340,inventory,2026,222.25
30340,inventory,2026-08,343.0
30380,inventory,2018,182.4
30380,inventory,2019,136.9167
30380,inventory,2020,93.0833
30380,inventory,2021,62.6667
30380,inventory,2022,83.1667
30380,inventory,2023,66.3333
30380,inventory,2024,79.1667
30380,inventory,2025,80.9167
30380,inventory,2026,81.625
30380,inventory,2026-08,93.0
30420,inventory,2018,31.7
30420,inventory,2019,39.5833
30420,inventory,2020,34.75
30420,inventory,2021,61.5833
30420,inventory,2022,87.6667
30420,inventory,2023,87.8333
30420,inventory,2024,83.25
30420,inventory,2025,86.25
30420,inventory,2026,114.125
30420,inventory,2026-08,130.0
30460,inventory,2018,2526.7
30460,inventory,2019,2463.0833
30460,inventory,2020,1892.9167
30460,inventory,2021,1316.4167
30460,inventory,2022,1134.1667
30460,inventory,2023,1091.9167
30460,inventory,2024,1271.8333
30460,inventory,2025,1489.25
30460,inventory,2026,1684.75
30460,inventory,2026-08,1872.0
30580,inventory,2018,95.7
30580,inventory,2019,97.5833
30580,inventory,2020,70.0833
30580,inventory,2021,50.4167
30580,inventory,2022,41.5833
30580,inventory,2023,37.9167
30580,inventory,2024,47.25
30580,inventory,2025,56.5
30580,inventory,2026,63.875
30580,inventory,2026-08,69.0
30620,inventory,2018,340.7
30620,inventory,2019,299.9167
30620,inventory,2020,276.3333
30620,inventory,2021,311.3333
30620,inventory,2022,282.8333
30620,inventory,2023,237.1667
30620,inventory,2024,226.75
30620,inventory,2025,260.3333
30620,inventory,2026,267.625
30620,inventory,2026-08,309.0
30660,inventory,2018,205.2
30660,inventory,2019,217.9167
30660,inventory,2020,179.4167
30660,inventory,2021,99.5833
30660,inventory,2022,66.9167
30660,inventory,2023,70.0
30660,inventory,2024,64.1667
30660,inventory,2025,70.5
30660,inventory,2026,62.875
30660,inventory,2026-08,69.0
30700,inventory,2018,1296.1
30700,inventory,2019,1226.1667
30700,inventory,2020,786.0833
30700,inventory,2021,701.9167
30700,inventory,2022,668.1667
30700,inventory,2023,678.8333
30700,inventory,2024,775.25
30700,inventory,2025,891.0833
30700,inventory,2026,940.25
30700,inventory,2026-08,1066.0
30780,inventory,2018,4991.3
30780,inventory,2019,4384.8333
30780,inventory,2020,3409.5
30780,inventory,2021,2792.0
30780,inventory,2022,2618.0
30780,inventory,2023,2542.0
30780,inventory,2024,3070.3333
30780,inventory,2025,3606.75
30780,inventory,2026,3843.625
30780,inventory,2026-08,4212.0
30820,inventory,2018,171.2
30820,inventory,2019,170.75
30820,inventory,2020,134.9167
30820,inventory,2021,151.4167
30820,inventory,2022,181.0
30820,inventory,2023,126.4167
30820,inventory,2024,94.6667
30820,inventory,2025,96.6667
30820,inventory,2026,95.25
30820,inventory,2026-08,118.0
30860,inventory,2018,394.2
30860,inventory,2019,426.9167
30860,inventory,2020,313.25
30860,inventory,2021,357.5833
30860,inventory,2022,527.0833
30860,inventory,2023,513.4167
30860,inventory,2024,498.3333
30860,inventory,2025,611.75
30860,inventory,2026,555.125
30860,inventory,2026-08,624.0
30900,inventory,2018,146.3
30900,inventory,2019,140.25
30900,inventory,2020,116.9167
30900,inventory,2021,88.1667
30900,inventory,2022,78.0833
30900,inventory,2023,69.1667
30900,inventory,2024,99.3333
30900,inventory,2025,121.5833
30900,inventory,2026,119.75
30900,inventory,2026-08,127.0
30980,inventory,2018,1857.9
30980,inventory,2019,1627.8333
30980,inventory,2020,1340.8333
30980,inventory,2021,1087.25
30980,inventory,2022,980.75
30980,inventory,2023,963.9167
30980,inventory,2024,1187.9167
30980,inventory,2025,1406.0
30980,inventory,2026,1445.5
30980,inventory,2026-08,1541.0
31020,inventory,2018,450.1
31020,inventory,2019,394.75
31020,inventory,2020,322.25
31020,inventory,2021,274.0
31020,inventory,2022,379.4167
31020,inventory,2023,342.5
31020,inventory,2024,342.5833
31020,inventory,2025,416.5
31020,inventory,2026,412.75
31020,inventory,2026-08,504.0
31060,inventory,2018,66.1
31060,inventory,2019,48.5
31060,inventory,2020,49.5833
31060,inventory,2021,44.1667
31060,inventory,2022,52.4167
31060,inventory,2023,40.1667
31060,inventory,2024,42.75
31060,inventory,2025,79.5833
31060,inventory,2026,66.875
31060,inventory,2026-08,69.0
31080,inventory,2018,27650.2
31080,inventory,2019,28671.6667
31080,inventory,2020,22827.9167
31080,inventory,2021,20019.75
31080,inventory,2022,18466.5
31080,inventory,2023,15730.9167
31080,inventory,2024,18166.1667
31080,inventory,2025,23176.5
31080,inventory,2026,23214.625
31080,inventory,2026-08,26340.0
31140,inventory,2018,5379.3
31140,inventory,2019,5356.0
31140,inventory,2020,4090.25
31140,inventory,2021,3427.6667
31140,inventory,2022,3238.8333
31140,inventory,2023,3051.5833
31140,inventory,2024,3556.9167
31140,inventory,2025,4122.5833
31140,inventory,2026,4628.5
31140,inventory,2026-08,5313.0
31180,inventory,2018,1466.7
31180,inventory,2019,1307.0833
31180,inventory,2020,1050.4167
31180,inventory,2021,817.75
31180,inventory,2022,816.1667
31180,inventory,2023,1160.0833
31180,inventory,2024,1620.0833
31180,inventory,2025,1772.3333
31180,inventory,2026,1744.375
31180,inventory,2026-08,1844.0
31220,inventory,2018,267.1
31220,inventory,2019,243.5
31220,inventory,2020,184.25
31220,inventory,2021,312.3333
31220,inventory,2022,299.8333
31220,inventory,2023,169.25
31220,inventory,2024,113.4167
31220,inventory,2025,121.3333
31220,inventory,2026,128.625
31220,inventory,2026-08,174.0
31260,inventory,2018,373.6
31260,inventory,2019,318.3333
31260,inventory,2020,272.0833
31260,inventory,2021,190.6667
31260,inventory,2022,226.0
31260,inventory,2023,274.8333
31260,inventory,2024,333.4167
31260,inventory,2025,393.8333
31260,inventory,2026,397.375
31260,inventory,2026-08,379.0
31300,inventory,2018,296.6
31300,inventory,2019,259.9167
31300,inventory,2020,198.5
31300,inventory,2021,143.25
31300,inventory,2022,156.1667
31300,inventory,2023,139.1667
31300,inventory,2024,158.25
31300,inventory,2025,196.8333
31300,inventory,2026,212.875
31300,inventory,2026-08,227.0
31340,inventory,2018,1427.9
31340,inventory,2019,1278.8333
31340,inventory,2020,964.5
31340,inventory,2021,854.0
31340,inventory,2022,689.75
31340,inventory,2023,703.75
31340,inventory,2024,1007.0
31340,inventory,2025,994.5
31340,inventory,2026,1006.25
31340,inventory,2026-08,1203.0
31380,inventory,2018,291.9
31380,inventory,2019,318.9167
31380,inventory,2020,242.5833
31380,inventory,2021,223.5
31380,inventory,2022,144.25
31380,inventory,2023,104.25
31380,inventory,2024,105.0833
31380,inventory,2025,119.0833
31380,inventory,2026,125.25
31380,inventory,2026-08,140.0
31420,inventory,2018,1051.3
31420,inventory,2019,1016.5833
31420,inventory,2020,841.9167
31420,inventory,2021,740.0833
31420,inventory,2022,929.4167
31420,inventory,2023,895.5833
31420,inventory,2024,962.5833
31420,inventory,2025,1051.1667
31420,inventory,2026,1080.625
31420,inventory,2026-08,1159.0
31500,inventory,2018,185.5
31500,inventory,2019,167.8333
31500,inventory,2020,118.75
31500,inventory,2021,84.6667
31500,inventory,2022,96.0833
31500,inventory,2023,85.5
31500,inventory,2024,96.75
31500,inventory,2025,106.6667
31500,inventory,2026,127.625
31500,inventory,2026-08,142.0
31540,inventory,2018,3226.1
31540,inventory,2019,3054.25
31540,inventory,2020,2724.8333
31540,inventory,2021,2189.1667
31540,inventory,2022,1663.0833
31540,inventory,2023,1369.75
31540,inventory,2024,1535.5
31540,inventory,2025,1746.9167
31540,inventory,2026,1772.75
31540,inventory,2026-08,1999.0
31580,inventory,2018,252.7
31580,inventory,2019,231.75
31580,inventory,2020,192.3333
31580,inventory,2021,131.3333
31580,inventory,2022,141.5
31580,inventory,2023,136.0833
31580,inventory,2024,141.3333
31580,inventory,2025,179.8333
31580,inventory,2026,173.25
31580,inventory,2026-08,181.0
31620,inventory,2018,95.3
31620,inventory,2019,99.6667
31620,inventory,2020,115.0833
31620,inventory,2021,64.3333
31620,inventory,2022,48.4167
31620,inventory,2023,69.9167
31620,inventory,2024,75.0833
31620,inventory,2025,86.6667
31620,inventory,2026,100.875
31620,inventory,2026-08,93.0
31680,inventory,2018,105.5
31680,inventory,2019,80.1667
31680,inventory,2020,83.5833
31680,inventory,2021,75.5
31680,inventory,2022,87.3333
31680,inventory,2023,84.9167
31680,inventory,2024,110.1667
31680,inventory,2025,135.75
31680,inventory,2026,153.625
31680,inventory,2026-08,160.0
31700,inventory,2018,1578.9
31700,inventory,2019,1555.4167
31700,inventory,2020,1101.0833
31700,inventory,2021,721.9167
31700,inventory,2022,642.25
31700,inventory,2023,542.3333
31700,inventory,2024,571.1667
31700,inventory,2025,685.1667
31700,inventory,2026,691.75
31700,inventory,2026-08,973.0
31740,inventory,2018,951.0
31740,inventory,2019,886.0833
31740,inventory,2020,654.75
31740,inventory,2021,466.5833
31740,inventory,2022,359.0833
31740,inventory,2023,394.4167
31740,inventory,2024,409.4167
31740,inventory,2025,439.4167
31740,inventory,2026,462.375
31740,inventory,2026-08,505.0
31820,inventory,2018,394.9
31820,inventory,2019,382.9167
31820,inventory,2020,290.4167
31820,inventory,2021,250.5833
31820,inventory,2022,218.4167
31820,inventory,2023,166.4167
31820,inventory,2024,201.6667
31820,inventory,2025,218.3333
31820,inventory,2026,221.875
31820,inventory,2026-08,290.0
31860,inventory,2018,419.2
31860,inventory,2019,413.5833
31860,inventory,2020,328.9167
31860,inventory,2021,263.1667
31860,inventory,2022,261.4167
31860,inventory,2023,216.1667
31860,inventory,2024,207.5833
31860,inventory,2025,257.1667
31860,inventory,2026,267.5
31860,inventory,2026-08,354.0
31900,inventory,2018,431.6
31900,inventory,2019,392.3333
31900,inventory,2020,292.3333
31900,inventory,2021,288.25
31900,inventory,2022,302.3333
31900,inventory,2023,240.0833
31900,inventory,2024,277.25
31900,inventory,2025,306.3333
31900,inventory,2026,309.0
31900,inventory,2026-08,365.0
31930,inventory,2018,250.4
31930,inventory,2019,246.1667
31930,inventory,2020,209.8333
31930,inventory,2021,223.0833
31930,inventory,2022,215.3333
31930,inventory,2023,186.3333
31930,inventory,2024,151.1667
31930,inventory,2025,152.3333
31930,inventory,2026,174.125
31930,inventory,2026-08,209.0
31940,inventory,2018,515.5
31940,inventory,2019,530.0833
31940,inventory,2020,398.6667
31940,inventory,2021,297.9167
31940,inventory,2022,288.5
31940,inventory,2023,290.3333
31940,inventory,2024,320.25
31940,inventory,2025,313.5
31940,inventory,2026,297.625
31940,inventory,2026-08,375.0
31980,inventory,2018,317.4
31980,inventory,2019,302.0
31980,inventory,2020,268.5
31980,inventory,2021,167.0833
31980,inventory,2022,158.0833
31980,inventory,2023,164.0833
31980,inventory,2024,206.4167
31980,inventory,2025,206.5833
31980,inventory,2026,217.875
31980,inventory,2026-08,230.0
32000,inventory,2018,251.4
32000,inventory,2019,224.6667
32000,inventory,2020,156.0
32000,inventory,2021,179.3333
32000,inventory,2022,281.5
32000,inventory,2023,239.75
32000,inventory,2024,205.8333
32000,inventory,2025,244.0833
32000,inventory,2026,252.25
32000,inventory,2026-08,302.0
32020,inventory,2018,233.3
32020,inventory,2019,215.5
32020,inventory,2020,183.5
32020,inventory,2021,138.4167
32020,inventory,2022,133.3333
32020,inventory,2023,123.8333
32020,inventory,2024,145.8333
32020,inventory,2025,163.9167
32020,inventory,2026,169.375
32020,inventory,2026-08,201.0
32100,inventory,2018,497.4
32100,inventory,2019,426.5833
32100,inventory,2020,314.5833
32100,inventory,2021,289.25
32100,inventory,2022,298.4167
32100,inventory,2023,245.75
32100,inventory,2024,224.6667
32100,inventory,2025,197.9167
32100,inventory,2026,190.25
32100,inventory,2026-08,328.0
32140,inventory,2018,114.4
32140,inventory,2019,120.3333
32140,inventory,2020,104.3333
32140,inventory,2021,108.9167
32140,inventory,2022,93.0
32140,inventory,2023,69.0833
32140,inventory,2024,54.75
32140,inventory,2025,53.75
32140,inventory,2026,54.0
32140,inventory,2026-08,72.0
32180,inventory,2018,157.8
32180,inventory,2019,125.5833
32180,inventory,2020,100.1667
32180,inventory,2021,90.5
32180,inventory,2022,120.5833
32180,inventory,2023,108.9167
32180,inventory,2024,70.9167
32180,inventory,2025,82.5
32180,inventory,2026,98.25
32180,inventory,2026-08,111.0
32260,inventory,2018,139.1
32260,inventory,2019,130.3333
32260,inventory,2020,109.25
32260,inventory,2021,75.5
32260,inventory,2022,85.3333
32260,inventory,2023,70.1667
32260,inventory,2024,83.0
32260,inventory,2025,100.5
32260,inventory,2026,91.0
32260,inventory,2026-08,95.0
32280,inventory,2018,147.4
32280,inventory,2019,135.8333
32280,inventory,2020,104.1667
32280,inventory,2021,141.3333
32280,inventory,2022,174.6667
32280,inventory,2023,131.4167
32280,inventory,2024,101.75
32280,inventory,2025,118.8333
32280,inventory,2026,107.375
32280,inventory,2026-08,109.0
32300,inventory,2018,425.9
32300,inventory,2019,354.8333
32300,inventory,2020,240.5833
32300,inventory,2021,167.5833
32300,inventory,2022,152.0833
32300,inventory,2023,147.0833
32300,inventory,2024,180.75
32300,inventory,2025,211.75
32300,inventory,2026,247.25
32300,inventory,2026-08,258.0
32340,inventory,2018,140.6
32340,inventory,2019,99.75
32340,inventory,2020,75.0
32340,inventory,2021,50.8333
32340,inventory,2022,40.3333
32340,inventory,2023,52.5833
32340,inventory,2024,65.4167
32340,inventory,2025,81.0833
32340,inventory,2026,84.125
32340,inventory,2026-08,83.0
32380,inventory,2018,411.5
32380,inventory,2019,463.4167
32380,inventory,2020,363.25
32380,inventory,2021,346.9167
32380,inventory,2022,322.1667
32380,inventory,2023,247.5
32380,inventory,2024,239.0833
32380,inventory,2025,290.0833
32380,inventory,2026,282.125
32380,inventory,2026-08,340.0
32390,inventory,2018,830.5
32390,inventory,2019,760.9167
32390,inventory,2020,572.0
32390,inventory,2021,376.25
32390,inventory,2022,369.8333
32390,inventory,2023,343.4167
32390,inventory,2024,347.0833
32390,inventory,2025,388.9167
32390,inventory,2026,393.5
32390,inventory,2026-08,486.0
32460,inventory,2018,179.7
32460,inventory,2019,150.1667
32460,inventory,2020,116.25
32460,inventory,2021,115.1667
32460,inventory,2022,106.6667
32460,inventory,2023,106.5833
32460,inventory,2024,117.6667
32460,inventory,2025,123.1667
32460,inventory,2026,124.375
32460,inventory,2026-08,141.0
32540,inventory,2018,425.0
32540,inventory,2019,368.6667
32540,inventory,2020,280.8333
32540,inventory,2021,333.4167
32540,inventory,2022,405.25
32540,inventory,2023,360.1667
32540,inventory,2024,302.5
32540,inventory,2025,347.6667
32540,inventory,2026,366.125
32540,inventory,2026-08,389.0
32580,inventory,2018,2377.6
32580,inventory,2019,2519.5833
32580,inventory,2020,2054.5
32580,inventory,2021,1517.9167
32580,inventory,2022,1765.4167
32580,inventory,2023,2240.0833
32580,inventory,2024,2692.6667
32580,inventory,2025,3243.6667
32580,inventory,2026,3584.5
32580,inventory,2026-08,3628.0
32620,inventory,2018,220.2
32620,inventory,2019,239.4167
32620,inventory,2020,204.25
32620,inventory,2021,130.3333
32620,inventory,2022,99.3333
32620,inventory,2023,116.1667
32620,inventory,2024,116.8333
32620,inventory,2025,136.25
32620,inventory,2026,151.5
32620,inventory,2026-08,155.0
32660,inventory,2018,181.6
32660,inventory,2019,172.1667
32660,inventory,2020,155.1667
32660,inventory,2021,110.75
32660,inventory,2022,154.1667
32660,inventory,2023,160.8333
32660,inventory,2024,189.0833
32660,inventory,2025,234.9167
32660,inventory,2026,231.375
32660,inventory,2026-08,231.0
32700,inventory,2018,188.2
32700,inventory,2019,182.4167
32700,inventory,2020,143.5833
32700,inventory,2021,83.1667
32700,inventory,2022,66.0
32700,inventory,2023,70.9167
32700,inventory,2024,102.5
32700,inventory,2025,92.8333
32700,inventory,2026,99.0
32700,inventory,2026-08,120.0
32740,inventory,2018,524.3
32740,inventory,2019,474.5833
32740,inventory,2020,332.5
32740,inventory,2021,194.4167
32740,inventory,2022,177.75
32740,inventory,2023,145.0833
32740,inventory,2024,148.3333
32740,inventory,2025,176.3333
32740,inventory,2026,184.625
32740,inventory,2026-08,226.0
32780,inventory,2018,1464.2
32780,inventory,2019,1480.3333
32780,inventory,2020,973.4167
32780,inventory,2021,732.9167
32780,inventory,2022,895.75
32780,inventory,2023,794.0
32780,inventory,2024,862.9167
32780,inventory,2025,1005.6667
32780,inventory,2026,981.625
32780,inventory,2026-08,1127.0
32820,inventory,2018,5383.4
32820,inventory,2019,5140.5833
32820,inventory,2020,3864.8333
32820,inventory,2021,3580.3333
32820,inventory,2022,3704.0833
32820,inventory,2023,4217.75
32820,inventory,2024,4980.3333
32820,inventory,2025,5335.6667
32820,inventory,2026,5799.0
32820,inventory,2026-08,6485.0
32860,inventory,2018,181.3
32860,inventory,2019,158.5833
32860,inventory,2020,147.4167
32860,inventory,2021,307.3333
32860,inventory,2022,330.8333
32860,inventory,2023,191.1667
32860,inventory,2024,100.8333
32860,inventory,2025,104.6667
32860,inventory,2026,93.625
32860,inventory,2026-08,108.0
32900,inventory,2018,700.8
32900,inventory,2019,768.5
32900,inventory,2020,522.1667
32900,inventory,2021,423.6667
32900,inventory,2022,534.25
32900,inventory,2023,483.5833
32900,inventory,2024,457.4167
32900,inventory,2025,561.5833
32900,inventory,2026,547.5
32900,inventory,2026-08,583.0
32940,inventory,2018,498.4
32940,inventory,2019,439.8333
32940,inventory,2020,323.0833
32940,inventory,2021,222.75
32940,inventory,2022,207.9167
32940,inventory,2023,187.9167
32940,inventory,2024,205.0833
32940,inventory,2025,208.3333
32940,inventory,2026,238.125
32940,inventory,2026-08,247.0
33020,inventory,2018,134.5
33020,inventory,2019,132.0833
33020,inventory,2020,86.0
33020,inventory,2021,84.0833
33020,inventory,2022,90.75
33020,inventory,2023,82.0833
33020,inventory,2024,72.4167
33020,inventory,2025,75.5833
33020,inventory,2026,89.25
33020,inventory,2026-08,105.0
33060,inventory,2018,233.2
33060,inventory,2019,179.75
33060,inventory,2020,154.9167
33060,inventory,2021,269.4444
33060,inventory,2022,339.1667
33060,inventory,2023,219.9167
33060,inventory,2024,127.5
33060,inventory,2025,153.8333
33060,inventory,2026,157.25
33060,inventory,2026-08,169.0
33100,inventory,2018,52214.6
33100,inventory,2019,55673.0
33100,inventory,2020,51442.5
33100,inventory,2021,37533.5833
33100,inventory,2022,28705.0
33100,inventory,2023,33057.8333
33100,inventory,2024,45912.9167
33100,inventory,2025,55923.0
33100,inventory,2026,52026.75
33100,inventory,2026-08,48328.0
33140,inventory,2018,465.0
33140,inventory,2019,477.25
33140,inventory,2020,359.1667
33140,inventory,2021,361.25
33140,inventory,2022,388.25
33140,inventory,2023,333.8333
33140,inventory,2024,293.0
33140,inventory,2025,325.5833
33140,inventory,2026,328.125
33140,inventory,2026-08,399.0
33180,inventory,2018,108.2
33180,inventory,2019,106.25
33180,inventory,2020,76.1667
33180,inventory,2021,62.5833
33180,inventory,2022,73.5833
33180,inventory,2023,70.8333
33180,inventory,2024,69.1667
33180,inventory,2025,69.6667
33180,inventory,2026,70.125
33180,inventory,2026-08,78.0
33220,inventory,2018,441.1
33220,inventory,2019,386.3333
33220,inventory,2020,282.5
33220,inventory,2021,217.3636
33220,inventory,2022,193.0
33220,inventory,2023,171.6667
33220,inventory,2024,180.0
33220,inventory,2025,199.5
33220,inventory,2026,211.0
33220,inventory,2026-08,274.0
33260,inventory,2018,767.6
33260,inventory,2019,912.5
33260,inventory,2020,1152.9167
33260,inventory,2021,1005.25
33260,inventory,2022,780.25
33260,inventory,2023,631.6667
33260,inventory,2024,638.8333
33260,inventory,2025,758.4167
33260,inventory,2026,796.125
33260,inventory,2026-08,870.0
33300,inventory,2018,355.0
33300,inventory,2019,361.25
33300,inventory,2020,277.9167
33300,inventory,2021,351.9167
33300,inventory,2022,434.5833
33300,inventory,2023,330.75
33300,inventory,2024,176.75
33300,inventory,2025,210.25
33300,inventory,2026,238.5
33300,inventory,2026-08,260.0
33340,inventory,2018,5430.0
33340,inventory,2019,5391.4167
33340,inventory,2020,4429.8333
33340,inventory,2021,4824.3333
33340,inventory,2022,4416.1667
33340,inventory,2023,3323.5833
33340,inventory,2024,3348.4167
33340,inventory,2025,3570.0833
33340,inventory,2026,3666.25
33340,inventory,2026-08,4507.0
33380,inventory,2023,66.4167
33380,inventory,2024,90.0
33380,inventory,2025,100.0833
33380,inventory,2026,96.625
33380,inventory,2026-08,104.0
33420,inventory,2018,383.6
33420,inventory,2019,290.3333
33420,inventory,2020,264.0
33420,inventory,2021,225.9167
33420,inventory,2022,226.3333
33420,inventory,2023,277.75
33420,inventory,2024,285.8333
33420,inventory,2025,317.75
33420,inventory,2026,313.0
33420,inventory,2026-08,340.0
33460,inventory,2018,14346.0
33460,inventory,2019,13697.25
33460,inventory,2020,12149.8333
33460,inventory,2021,10140.6667
33460,inventory,2022,8983.8333
33460,inventory,2023,7878.25
33460,inventory,2024,9027.5833
33460,inventory,2025,9930.3333
33460,inventory,2026,10798.875
33460,inventory,2026-08,13908.0
33500,inventory,2018,561.5
33500,inventory,2019,520.75
33500,inventory,2020,353.0
33500,inventory,2021,328.5833
33500,inventory,2022,317.5
33500,inventory,2023,234.75
33500,inventory,2024,215.9167
33500,inventory,2025,210.0
33500,inventory,2026,197.75
33500,inventory,2026-08,232.0
33540,inventory,2018,860.9
33540,inventory,2019,794.75
33540,inventory,2020,553.9167
33540,inventory,2021,429.6667
33540,inventory,2022,481.8333
33540,inventory,2023,516.1667
33540,inventory,2024,482.75
33540,inventory,2025,561.4167
33540,inventory,2026,548.625
33540,inventory,2026-08,668.0
33580,inventory,2018,22.8
33580,inventory,2019,25.8333
33580,inventory,2020,25.6667
33580,inventory,2021,44.1
33580,inventory,2022,55.4167
33580,inventory,2023,65.4167
33580,inventory,2024,77.0
33580,inventory,2025,78.4167
33580,inventory,2026,80.25
33580,inventory,2026-08,94.0
33620,inventory,2018,108.6
33620,inventory,2019,103.25
33620,inventory,2020,89.0
33620,inventory,2021,132.0
33620,inventory,2022,157.3333
33620,inventory,2023,125.5833
33620,inventory,2024,107.5833
33620,inventory,2025,104.8333
33620,inventory,2026,96.625
33620,inventory,2026-08,103.0
33660,inventory,2018,2076.9
33660,inventory,2019,1935.3333
33660,inventory,2020,1514.25
33660,inventory,2021,1268.0833
33660,inventory,2022,1224.0833
33660,inventory,2023,1229.25
33660,inventory,2024,1556.9167
33660,inventory,2025,1788.5833
33660,inventory,2026,1706.125
33660,inventory,2026-08,1762.0
33700,inventory,2018,1510.4
33700,inventory,2019,1401.5833
33700,inventory,2020,984.3333
33700,inventory,2021,884.5
33700,inventory,2022,989.3333
33700,inventory,2023,777.0833
33700,inventory,2024,878.4167
33700,inventory,2025,1117.9167
33700,inventory,2026,992.625
33700,inventory,2026-08,1052.0
33740,inventory,2018,1009.3
33740,inventory,2019,1035.75
33740,inventory,2020,777.5833
33740,inventory,2021,470.5
33740,inventory,2022,390.9167
33740,inventory,2023,437.5
33740,inventory,2024,528.6667
33740,inventory,2025,549.4167
33740,inventory,2026,472.25
33740,inventory,2026-08,449.0
33780,inventory,2018,641.3
33780,inventory,2019,592.5833
33780,inventory,2020,477.4167
33780,inventory,2021,430.5
33780,inventory,2022,380.3333
33780,inventory,2023,317.8333
33780,inventory,2024,356.9167
33780,inventory,2025,361.5
33780,inventory,2026,347.5
33780,inventory,2026-08,407.0
33860,inventory,2018,2825.8
33860,inventory,2019,2135.5833
33860,inventory,2020,1614.5
33860,inventory,2021,1212.5833
33860,inventory,2022,1104.5833
33860,inventory,2023,1110.0833
33860,inventory,2024,1296.25
33860,inventory,2025,1545.75
33860,inventory,2026,1639.125
33860,inventory,2026-08,1748.0
33940,inventory,2018,298.0
33940,inventory,2019,306.3333
33940,inventory,2020,269.3333
33940,inventory,2021,506.9167
33940,inventory,2022,701.3333
33940,inventory,2023,590.25
33940,inventory,2024,378.5
33940,inventory,2025,386.75
33940,inventory,2026,426.375
33940,inventory,2026-08,519.0
33980,inventory,2018,1107.9
33980,inventory,2019,923.6667
33980,inventory,2020,889.6667
33980,inventory,2021,460.1667
33980,inventory,2022,351.0
33980,inventory,2023,347.0
33980,inventory,2024,483.9167
33980,inventory,2025,583.75
33980,inventory,2026,650.25
33980,inventory,2026-08,699.0
34020,inventory,2018,263.8
34020,inventory,2019,239.5
34020,inventory,2020,208.4167
34020,inventory,2021,163.75
34020,inventory,2022,135.5
34020,inventory,2023,125.0
34020,inventory,2024,133.6667
34020,inventory,2025,161.25
34020,inventory,2026,165.625
34020,inventory,2026-08,174.0
34060,inventory,2018,898.3
34060,inventory,2019,865.6667
34060,inventory,2020,756.1667
34060,inventory,2021,585.0833
34060,inventory,2022,466.6667
34060,inventory,2023,328.9167
34060,inventory,2024,339.9167
34060,inventory,2025,333.0
34060,inventory,2026,361.125
34060,inventory,2026-08,391.0
34100,inventory,2018,674.2
34100,inventory,2019,562.0
34100,inventory,2020,419.1667
34100,inventory,2021,459.9167
34100,inventory,2022,534.4167
34100,inventory,2023,504.5833
34100,inventory,2024,508.25
34100,inventory,2025,631.4167
34100,inventory,2026,703.5
34100,inventory,2026-08,765.0
34140,inventory,2018,133.8
34140,inventory,2019,128.5833
34140,inventory,2020,89.0833
34140,inventory,2021,85.5833
34140,inventory,2022,113.75
34140,inventory,2023,105.3333
34140,inventory,2024,89.5833
34140,inventory,2025,92.75
34140,inventory,2026,83.75
34140,inventory,2026-08,114.0
34180,inventory,2018,400.0
34180,inventory,2019,323.8333
34180,inventory,2020,232.25
34180,inventory,2021,205.75
34180,inventory,2022,218.8333
34180,inventory,2023,212.1667
34180,inventory,2024,265.0833
34180,inventory,2025,367.5833
34180,inventory,2026,374.0
34180,inventory,2026-08,468.0
34220,inventory,2018,165.4
34220,inventory,2019,137.4167
34220,inventory,2020,92.6667
34220,inventory,2021,109.25
34220,inventory,2022,143.5
34220,inventory,2023,106.5833
34220,inventory,2024,77.6667
34220,inventory,2025,93.5833
34220,inventory,2026,114.75
34220,inventory,2026-08,109.0
34260,inventory,2018,523.0
34260,inventory,2019,469.8333
34260,inventory,2020,345.1667
34260,inventory,2021,331.9167
34260,inventory,2022,454.6667
34260,inventory,2023,385.1667
34260,inventory,2024,328.3333
34260,inventory,2025,384.6667
34260,inventory,2026,392.875
34260,inventory,2026-08,445.0
34300,inventory,2018,157.4
34300,inventory,2019,126.4167
34300,inventory,2020,105.8333
34300,inventory,2021,93.25
34300,inventory,2022,95.1667
34300,inventory,2023,85.6667
34300,inventory,2024,92.5833
34300,inventory,2025,125.9167
34300,inventory,2026,111.5
34300,inventory,2026-08,112.0
34340,inventory,2018,265.3
34340,inventory,2019,203.25
34340,inventory,2020,176.25
34340,inventory,2021,160.0833
34340,inventory,2022,155.1667
34340,inventory,2023,159.75
34340,inventory,2024,211.75
34340,inventory,2025,225.75
34340,inventory,2026,204.5
34340,inventory,2026-08,245.0
34380,inventory,2018,416.9
34380,inventory,2019,365.0
34380,inventory,2020,262.6667
34380,inventory,2021,345.6667
34380,inventory,2022,363.0833
34380,inventory,2023,234.1667
34380,inventory,2024,153.0833
34380,inventory,2025,153.5833
34380,inventory,2026,158.375
34380,inventory,2026-08,193.0
34420,inventory,2018,198.9
34420,inventory,2019,142.5
34420,inventory,2020,90.0833
34420,inventory,2021,156.8333
34420,inventory,2022,211.0833
34420,inventory,2023,235.25
34420,inventory,2024,213.4167
34420,inventory,2025,269.5
34420,inventory,2026,289.375
34420,inventory,2026-08,309.0
34460,inventory,2018,254.3
34460,inventory,2019,218.5
34460,inventory,2020,156.5833
34460,inventory,2021,144.3333
34460,inventory,2022,169.5
34460,inventory,2023,162.8333
34460,inventory,2024,164.25
34460,inventory,2025,195.25
34460,inventory,2026,216.125
34460,inventory,2026-08,237.0
34500,inventory,2018,243.9
34500,inventory,2019,211.5833
34500,inventory,2020,178.0833
34500,inventory,2021,179.4167
34500,inventory,2022,170.5
34500,inventory,2023,112.0833
34500,inventory,2024,69.5
34500,inventory,2025,86.5
34500,inventory,2026,110.125
34500,inventory,2026-08,122.0
34540,inventory,2018,243.7
34540,inventory,2019,216.1667
34540,inventory,2020,160.4167
34540,inventory,2021,129.9167
34540,inventory,2022,169.0833
34540,inventory,2023,161.3333
34540,inventory,2024,175.25
34540,inventory,2025,230.1667
34540,inventory,2026,214.375
34540,inventory,2026-08,273.0
34580,inventory,2018,560.7
34580,inventory,2019,506.5833
34580,inventory,2020,357.4167
34580,inventory,2021,275.8333
34580,inventory,2022,327.8333
34580,inventory,2023,290.5833
34580,inventory,2024,325.3333
34580,inventory,2025,391.0833
34580,inventory,2026,431.5
34580,inventory,2026-08,604.0
34620,inventory,2018,539.1
34620,inventory,2019,489.75
34620,inventory,2020,364.9167
34620,inventory,2021,356.5833
34620,inventory,2022,354.3333
34620,inventory,2023,290.3333
34620,inventory,2024,320.0
34620,inventory,2025,351.5833
34620,inventory,2026,373.25
34620,inventory,2026-08,400.0
34660,inventory,2018,293.0
34660,inventory,2019,264.25
34660,inventory,2020,205.0
34660,inventory,2021,158.1667
34660,inventory,2022,127.5
34660,inventory,2023,122.5833
34660,inventory,2024,139.3333
34660,inventory,2025,150.5
34660,inventory,2026,155.625
34660,inventory,2026-08,170.0
34700,inventory,2018,117.6
34700,inventory,2019,135.5833
34700,inventory,2020,126.3333
34700,inventory,2021,132.8333
34700,inventory,2022,159.0
34700,inventory,2023,139.5
34700,inventory,2024,130.0
34700,inventory,2025,114.9167
34700,inventory,2026,114.375
34700,inventory,2026-08,133.0
34740,inventory,2018,743.5
34740,inventory,2019,640.25
34740,inventory,2020,536.0833
34740,inventory,2021,401.25
34740,inventory,2022,395.1667
34740,inventory,2023,396.3333
34740,inventory,2024,457.0
34740,inventory,2025,494.3333
34740,inventory,2026,520.875
34740,inventory,2026-08,639.0
34780,inventory,2018,298.7
34780,inventory,2019,279.5833
34780,inventory,2020,209.4167
34780,inventory,2021,177.9167
34780,inventory,2022,207.5833
34780,inventory,2023,228.5
34780,inventory,2024,237.25
34780,inventory,2025,259.25
34780,inventory,2026,277.375
34780,inventory,2026-08,310.0
34820,inventory,2018,8021.3
34820,inventory,2019,8569.25
34820,inventory,2020,7559.3333
34820,inventory,2021,3934.5833
34820,inventory,2022,3653.75
34820,inventory,2023,4761.5
34820,inventory,2024,7380.25
34820,inventory,2025,8146.0
34820,inventory,2026,7963.5
34820,inventory,2026-08,8251.0
34860,inventory,2018,198.1
34860,inventory,2019,229.4167
34860,inventory,2020,190.3333
34860,inventory,2021,133.5833
34860,inventory,2022,127.5
34860,inventory,2023,144.1667
34860,inventory,2024,189.1667
34860,inventory,2025,211.8333
34860,inventory,2026,201.25
34860,inventory,2026-08,199.0
34900,inventory,2018,491.8
34900,inventory,2019,549.25
34900,inventory,2020,457.8333
34900,inventory,2021,365.0833
34900,inventory,2022,298.4167
34900,inventory,2023,299.4167
34900,inventory,2024,356.8333
34900,inventory,2025,494.1667
34900,inventory,2026,489.25
34900,inventory,2026-08,587.0
34940,inventory,2018,7794.3
34940,inventory,2019,8002.4167
34940,inventory,2020,6871.25
34940,inventory,2021,3157.3333
34940,inventory,2022,2840.0
34940,inventory,2023,3892.4167
34940,inventory,2024,6055.6667
34940,inventory,2025,7624.0833
34940,inventory,2026,7216.125
34940,inventory,2026-08,5740.0
34980,inventory,2018,8717.2
34980,inventory,2019,9421.6667
34980,inventory,2020,8225.6667
34980,inventory,2021,5159.3333
34980,inventory,2022,5914.5
34980,inventory,2023,6686.4167
34980,inventory,2024,7665.75
34980,inventory,2025,9495.4167
34980,inventory,2026,10184.125
34980,inventory,2026-08,11840.0
35020,inventory,2018,406.2
35020,inventory,2019,408.5833
35020,inventory,2020,382.5
35020,inventory,2021,275.25
35020,inventory,2022,205.5
35020,inventory,2023,204.0
35020,inventory,2024,225.4167
35020,inventory,2025,259.1667
35020,inventory,2026,248.625
35020,inventory,2026-08,247.0
35060,inventory,2018,177.7
35060,inventory,2019,178.8333
35060,inventory,2020,130.75
35060,inventory,2021,82.6667
35060,inventory,2022,65.8333
35060,inventory,2023,87.6667
35060,inventory,2024,118.25
35060,inventory,2025,119.0
35060,inventory,2026,115.625
35060,inventory,2026-08,122.0
35100,inventory,2018,988.3
35100,inventory,2019,823.1667
35100,inventory,2020,779.5833
35100,inventory,2021,472.9167
35100,inventory,2022,367.9167
35100,inventory,2023,341.1667
35100,inventory,2024,449.5833
35100,inventory,2025,555.5833
35100,inventory,2026,586.375
35100,inventory,2026-08,651.0
35140,inventory,2018,153.1
35140,inventory,2019,119.5
35140,inventory,2020,96.25
35140,inventory,2021,66.9167
35140,inventory,2022,60.3333
35140,inventory,2023,68.3333
35140,inventory,2024,82.25
35140,inventory,2025,91.5833
35140,inventory,2026,105.5
35140,inventory,2026-08,116.0
35220,inventory,2018,207.1
35220,inventory,2019,185.8333
35220,inventory,2020,134.8333
35220,inventory,2021,120.9167
35220,inventory,2022,127.1667
35220,inventory,2023,110.9167
35220,inventory,2024,139.9167
35220,inventory,2025,141.5833
35220,inventory,2026,160.625
35220,inventory,2026-08,189.0
35300,inventory,2018,4012.6
35300,inventory,2019,3623.5833
35300,inventory,2020,2771.75
35300,inventory,2021,2125.75
35300,inventory,2022,1709.1667
35300,inventory,2023,1373.8333
35300,inventory,2024,1437.8333
35300,inventory,2025,1583.6667
35300,inventory,2026,1615.5
35300,inventory,2026-08,1979.0
35380,inventory,2018,4311.4
35380,inventory,2019,4038.75
35380,inventory,2020,2916.1667
35380,inventory,2021,3161.0833
35380,inventory,2022,3723.25
35380,inventory,2023,4819.0
35380,inventory,2024,5722.75
35380,inventory,2025,6212.4167
35380,inventory,2026,6247.625
35380,inventory,2026-08,6440.0
35420,inventory,2018,368.5
35420,inventory,2019,322.8333
35420,inventory,2020,294.25
35420,inventory,2021,210.75
35420,inventory,2022,200.8333
35420,inventory,2023,175.6667
35420,inventory,2024,149.25
35420,inventory,2025,148.5
35420,inventory,2026,183.125
35420,inventory,2026-08,245.0
35440,inventory,2018,708.0
35440,inventory,2019,629.0
35440,inventory,2020,502.3333
35440,inventory,2021,306.0
35440,inventory,2022,321.4167
35440,inventory,2023,380.6667
35440,inventory,2024,471.25
35440,inventory,2025,539.1667
35440,inventory,2026,580.875
35440,inventory,2026-08,714.0
35460,inventory,2018,176.4
35460,inventory,2019,165.4167
35460,inventory,2020,123.4167
35460,inventory,2021,112.1667
35460,inventory,2022,127.8333
35460,inventory,2023,115.5833
35460,inventory,2024,145.25
35460,inventory,2025,186.1667
35460,inventory,2026,206.0
35460,inventory,2026-08,235.0
35580,inventory,2018,103.4
35580,inventory,2019,105.6667
35580,inventory,2020,102.8333
35580,inventory,2021,65.9167
35580,inventory,2022,49.5833
35580,inventory,2023,43.5833
35580,inventory,2024,49.75
35580,inventory,2025,49.1667
35580,inventory,2026,62.375
35580,inventory,2026-08,88.0
35620,inventory,2018,86163.8
35620,inventory,2019,87222.0833
35620,inventory,2020,75304.1667
35620,inventory,2021,65572.75
35620,inventory,2022,54850.8333
35620,inventory,2023,44445.1667
35620,inventory,2024,42599.25
35620,inventory,2025,43462.75
35620,inventory,2026,43108.625
35620,inventory,2026-08,49356.0
35660,inventory,2018,1310.3
35660,inventory,2019,1204.3333
35660,inventory,2020,994.8333
35660,inventory,2021,761.3333
35660,inventory,2022,632.9167
35660,inventory,2023,504.0833
35660,inventory,2024,530.75
35660,inventory,2025,552.5
35660,inventory,2026,565.75
35660,inventory,2026-08,733.0
35700,inventory,2018,330.5
35700,inventory,2019,298.5
35700,inventory,2020,224.0833
35700,inventory,2021,161.9167
35700,inventory,2022,167.1667
35700,inventory,2023,185.3333
35700,inventory,2024,208.8333
35700,inventory,2025,277.5
35700,inventory,2026,300.5
35700,inventory,2026-08,297.0
35740,inventory,2018,190.7
35740,inventory,2019,195.5
35740,inventory,2020,176.6667
35740,inventory,2021,158.25
35740,inventory,2022,167.75
35740,inventory,2023,141.3333
35740,inventory,2024,144.8333
35740,inventory,2025,171.0
35740,inventory,2026,160.75
35740,inventory,2026-08,169.0
35820,inventory,2018,192.7
35820,inventory,2019,211.1667
35820,inventory,2020,200.9167
35820,inventory,2021,126.25
35820,inventory,2022,139.9167
35820,inventory,2023,128.25
35820,inventory,2024,116.6667
35820,inventory,2025,129.0833
35820,inventory,2026,123.625
35820,inventory,2026-08,136.0
35840,inventory,2018,8967.6
35840,inventory,2019,8996.9167
35840,inventory,2020,7321.5
35840,inventory,2021,4101.0
35840,inventory,2022,3949.1667
35840,inventory,2023,5903.8333
35840,inventory,2024,9442.75
35840,inventory,2025,10926.0
35840,inventory,2026,10156.875
35840,inventory,2026-08,8868.0
35900,inventory,2018,291.4
35900,inventory,2019,254.3333
35900,inventory,2020,181.3333
35900,inventory,2021,151.5833
35900,inventory,2022,155.0833
35900,inventory,2023,169.8333
35900,inventory,2024,240.75
35900,inventory,2025,261.75
35900,inventory,2026,248.625
35900,inventory,2026-08,273.0
35940,inventory,2018,216.5
35940,inventory,2019,206.6667
35940,inventory,2020,181.5
35940,inventory,2021,141.0
35940,inventory,2022,139.1667
35940,inventory,2023,96.5833
35940,inventory,2024,100.0
35940,inventory,2025,107.5833
35940,inventory,2026,124.625
35940,inventory,2026-08,156.0
35980,inventory,2018,1798.7
35980,inventory,2019,1581.5833
35980,inventory,2020,1138.1667
35980,inventory,2021,798.6667
35980,inventory,2022,625.1667
35980,inventory,2023,496.9167
35980,inventory,2024,519.3333
35980,inventory,2025,560.3333
35980,inventory,2026,555.5
35980,inventory,2026-08,711.0
36020,inventory,2018,514.6
36020,inventory,2019,465.3333
36020,inventory,2020,290.25
36020,inventory,2021,242.1667
36020,inventory,2022,299.5
36020,inventory,2023,286.25
36020,inventory,2024,318.3333
36020,inventory,2025,408.5
36020,inventory,2026,406.0
36020,inventory,2026-08,587.0
36100,inventory,2018,2821.5
36100,inventory,2019,2792.4167
36100,inventory,2020,2133.3333
36100,inventory,2021,1698.5833
36100,inventory,2022,1809.0
36100,inventory,2023,2342.5833
36100,inventory,2024,3074.25
36100,inventory,2025,3550.4167
36100,inventory,2026,3723.625
36100,inventory,2026-08,3667.0
36220,inventory,2018,358.4
36220,inventory,2019,419.4167
36220,inventory,2020,603.6667
36220,inventory,2021,719.5
36220,inventory,2022,595.0
36220,inventory,2023,467.6667
36220,inventory,2024,387.3333
36220,inventory,2025,440.5833
36220,inventory,2026,536.5
36220,inventory,2026-08,580.0
36260,inventory,2018,2182.6
36260,inventory,2019,2317.5833
36260,inventory,2020,1677.8333
36260,inventory,2021,1411.75
36260,inventory,2022,2030.6667
36260,inventory,2023,1974.75
36260,inventory,2024,1929.75
36260,inventory,2025,2389.9167
36260,inventory,2026,2415.0
36260,inventory,2026-08,2797.0
36340,inventory,2018,330.4
36340,inventory,2019,263.5
36340,inventory,2020,216.3333
36340,inventory,2021,159.0833
36340,inventory,2022,172.0833
36340,inventory,2023,145.5
36340,inventory,2024,136.0
36340,inventory,2025,150.0
36340,inventory,2026,148.375
36340,inventory,2026-08,168.0
36380,inventory,2018,143.5
36380,inventory,2019,165.1667
36380,inventory,2020,147.0833
36380,inventory,2021,131.25
36380,inventory,2022,120.3333
36380,inventory,2023,175.5
36380,inventory,2024,158.6667
36380,inventory,2025,187.25
36380,inventory,2026,196.5
36380,inventory,2026-08,203.0
36420,inventory,2018,7958.8
36420,inventory,2019,6869.5833
36420,inventory,2020,5512.0833
36420,inventory,2021,4258.0
36420,inventory,2022,4369.9167
36420,inventory,2023,5027.25
36420,inventory,2024,6212.3333
36420,inventory,2025,7153.25
36420,inventory,2026,7494.75
36420,inventory,2026-08,8178.0
36460,inventory,2018,642.5
36460,inventory,2019,568.3333
36460,inventory,2020,450.8333
36460,inventory,2021,265.75
36460,inventory,2022,205.9167
36460,inventory,2023,191.5833
36460,inventory,2024,217.25
36460,inventory,2025,239.5833
36460,inventory,2026,237.625
36460,inventory,2026-08,270.0
36500,inventory,2018,1048.3
36500,inventory,2019,865.0
36500,inventory,2020,611.25
36500,inventory,2021,638.1667
36500,inventory,2022,724.0
36500,inventory,2023,584.75
36500,inventory,2024,641.0833
36500,inventory,2025,816.8333
36500,inventory,2026,950.125
36500,inventory,2026-08,1317.0
36540,inventory,2018,3644.0
36540,inventory,2019,3360.5833
36540,inventory,2020,2611.5833
36540,inventory,2021,2156.0
36540,inventory,2022,1920.25
36540,inventory,2023,1837.8333
36540,inventory,2024,2202.0
36540,inventory,2025,2611.0833
36540,inventory,2026,2539.875
36540,inventory,2026-08,2919.0
36580,inventory,2018,541.5
36580,inventory,2019,520.0
36580,inventory,2020,423.8333
36580,inventory,2021,670.0833
36580,inventory,2022,713.4167
36580,inventory,2023,488.0
36580,inventory,2024,231.3333
36580,inventory,2025,189.6667
36580,inventory,2026,200.875
36580,inventory,2026-08,263.0
36620,inventory,2018,279.4
36620,inventory,2019,257.0
36620,inventory,2020,214.9167
36620,inventory,2021,216.25
36620,inventory,2022,304.9167
36620,inventory,2023,242.5833
36620,inventory,2024,210.6667
36620,inventory,2025,208.4167
36620,inventory,2026,213.375
36620,inventory,2026-08,243.0
36660,inventory,2018,386.2
36660,inventory,2019,367.25
36660,inventory,2020,287.75
36660,inventory,2021,222.5833
36660,inventory,2022,260.0833
36660,inventory,2023,266.1667
36660,inventory,2024,235.3333
36660,inventory,2025,245.8333
36660,inventory,2026,250.875
36660,inventory,2026-08,250.0
36700,inventory,2018,477.4
36700,inventory,2019,423.1667
36700,inventory,2020,285.75
36700,inventory,2021,198.9167
36700,inventory,2022,163.4167
36700,inventory,2023,170.6667
36700,inventory,2024,205.1667
36700,inventory,2025,287.5
36700,inventory,2026,344.875
36700,inventory,2026-08,360.0
36740,inventory,2018,12824.4
36740,inventory,2019,13215.0
36740,inventory,2020,11511.0
36740,inventory,2021,9090.5
36740,inventory,2022,8699.25
36740,inventory,2023,9458.3333
36740,inventory,2024,13643.8333
36740,inventory,2025,16366.25
36740,inventory,2026,16117.625
36740,inventory,2026-08,16599.0
36780,inventory,2018,701.8
36780,inventory,2019,856.5
36780,inventory,2020,737.0833
36780,inventory,2021,608.5
36780,inventory,2022,498.0833
36780,inventory,2023,437.25
36780,inventory,2024,475.25
36780,inventory,2025,482.9167
36780,inventory,2026,453.125
36780,inventory,2026-08,542.0
36820,inventory,2018,99.5
36820,inventory,2019,97.4167
36820,inventory,2020,77.4167
36820,inventory,2021,53.6667
36820,inventory,2022,49.0833
36820,inventory,2023,34.9167
36820,inventory,2024,41.8333
36820,inventory,2025,55.9167
36820,inventory,2026,57.375
36820,inventory,2026-08,66.0
36830,inventory,2018,56.6
36830,inventory,2019,57.25
36830,inventory,2020,36.4167
36830,inventory,2021,70.6667
36830,inventory,2022,103.5
36830,inventory,2023,77.6667
36830,inventory,2024,53.4167
36830,inventory,2025,61.6667
36830,inventory,2026,62.5
36830,inventory,2026-08,59.0
36837,inventory,2018,911.0
36837,inventory,2019,845.8333
36837,inventory,2020,668.6667
36837,inventory,2021,480.25
36837,inventory,2022,437.3333
36837,inventory,2023,362.3333
36837,inventory,2024,355.75
36837,inventory,2025,442.9167
36837,inventory,2026,503.375
36837,inventory,2026-08,611.0
36840,inventory,2018,131.0
36840,inventory,2019,110.0
36840,inventory,2020,90.6667
36840,inventory,2021,91.25
36840,inventory,2022,95.9167
36840,inventory,2023,87.9167
36840,inventory,2024,70.8333
36840,inventory,2025,87.1667
36840,inventory,2026,82.25
36840,inventory,2026-08,87.0
36900,inventory,2018,247.2
36900,inventory,2019,236.6667
36900,inventory,2020,184.5
36900,inventory,2021,114.8333
36900,inventory,2022,117.0833
36900,inventory,2023,94.9167
36900,inventory,2024,117.1667
36900,inventory,2025,135.8333
36900,inventory,2026,138.125
36900,inventory,2026-08,156.0
36940,inventory,2018,143.5
36940,inventory,2019,144.75
36940,inventory,2020,104.5
36940,inventory,2021,76.4167
36940,inventory,2022,73.8333
36940,inventory,2023,67.25
36940,inventory,2024,78.8333
36940,inventory,2025,105.6667
36940,inventory,2026,118.5
36940,inventory,2026-08,151.0
36980,inventory,2018,503.3
36980,inventory,2019,470.5833
36980,inventory,2020,354.1667
36980,inventory,2021,302.4167
36980,inventory,2022,305.1667
36980,inventory,2023,316.0
36980,inventory,2024,338.4167
36980,inventory,2025,333.0833
36980,inventory,2026,353.75
36980,inventory,2026-08,387.0
37060,inventory,2018,647.4
37060,inventory,2019,675.6667
37060,inventory,2020,620.6667
37060,inventory,2021,471.75
37060,inventory,2022,424.25
37060,inventory,2023,367.6667
37060,inventory,2024,296.0833
37060,inventory,2025,377.3333
37060,inventory,2026,483.875
37060,inventory,2026-08,578.0
37100,inventory,2018,2329.9
37100,inventory,2019,2362.5833
37100,inventory,2020,1824.1667
37100,inventory,2021,1423.8333
37100,inventory,2022,1417.0833
37100,inventory,2023,1114.25
37100,inventory,2024,1311.3333
37100,inventory,2025,1822.6667
37100,inventory,2026,1781.625
37100,inventory,2026-08,2071.0
37120,inventory,2018,293.6
37120,inventory,2019,252.5833
37120,inventory,2020,181.8333
37120,inventory,2021,116.5
37120,inventory,2022,116.0
37120,inventory,2023,103.8333
37120,inventory,2024,147.1667
37120,inventory,2025,169.25
37120,inventory,2026,191.125
37120,inventory,2026-08,212.0
37140,inventory,2018,807.9
37140,inventory,2019,721.4167
37140,inventory,2020,582.0833
37140,inventory,2021,415.5
37140,inventory,2022,368.0833
37140,inventory,2023,342.9167
37140,inventory,2024,366.1667
37140,inventory,2025,404.25
37140,inventory,2026,417.375
37140,inventory,2026-08,444.0
37220,inventory,2018,265.6
37220,inventory,2019,286.9167
37220,inventory,2020,226.0833
37220,inventory,2021,185.1667
37220,inventory,2022,260.4167
37220,inventory,2023,344.0833
37220,inventory,2024,275.6667
37220,inventory,2025,314.8333
37220,inventory,2026,354.25
37220,inventory,2026-08,370.0
37260,inventory,2018,367.4
37260,inventory,2019,378.75
37260,inventory,2020,318.0833
37260,inventory,2021,268.5
37260,inventory,2022,322.1667
37260,inventory,2023,296.75
37260,inventory,2024,345.9167
37260,inventory,2025,416.8333
37260,inventory,2026,376.875
37260,inventory,2026-08,382.0
37300,inventory,2018,255.9
37300,inventory,2019,261.25
37300,inventory,2020,178.25
37300,inventory,2021,208.5
37300,inventory,2022,327.4167
37300,inventory,2023,306.25
37300,inventory,2024,240.4167
37300,inventory,2025,259.3333
37300,inventory,2026,261.125
37300,inventory,2026-08,267.0
37340,inventory,2018,4643.4
37340,inventory,2019,4584.5
37340,inventory,2020,3985.25
37340,inventory,2021,2647.75
37340,inventory,2022,2691.6667
37340,inventory,2023,3214.8333
37340,inventory,2024,4312.1667
37340,inventory,2025,4998.9167
37340,inventory,2026,4569.0
37340,inventory,2026-08,4306.0
37420,inventory,2018,185.5
37420,inventory,2019,181.6667
37420,inventory,2020,158.6667
37420,inventory,2021,114.0833
37420,inventory,2022,81.4167
37420,inventory,2023,79.0
37420,inventory,2024,111.6667
37420,inventory,2025,150.4167
37420,inventory,2026,139.5
37420,inventory,2026-08,128.0
37460,inventory,2018,2389.8
37460,inventory,2019,2344.8333
37460,inventory,2020,2589.4167
37460,inventory,2021,1731.75
37460,inventory,2022,2244.4167
37460,inventory,2023,2735.6667
37460,inventory,2024,3250.8333
37460,inventory,2025,3469.5
37460,inventory,2026,3119.625
37460,inventory,2026-08,3173.0
37500,inventory,2018,213.1
37500,inventory,2019,221.0833
37500,inventory,2020,165.5833
37500,inventory,2021,169.0
37500,inventory,2022,157.0
37500,inventory,2023,157.75
37500,inventory,2024,204.3333
37500,inventory,2025,236.1667
37500,inventory,2026,202.25
37500,inventory,2026-08,198.0
37540,inventory,2018,255.3
37540,inventory,2019,241.0833
37540,inventory,2020,160.4167
37540,inventory,2021,119.9167
37540,inventory,2022,130.8333
37540,inventory,2023,126.5
37540,inventory,2024,160.25
37540,inventory,2025,175.25
37540,inventory,2026,192.0
37540,inventory,2026-08,203.0
37580,inventory,2018,230.1
37580,inventory,2019,256.25
37580,inventory,2020,205.5833
37580,inventory,2021,189.0
37580,inventory,2022,251.6667
37580,inventory,2023,266.5833
37580,inventory,2024,261.1667
37580,inventory,2025,333.0
37580,inventory,2026,359.625
37580,inventory,2026-08,334.0
37620,inventory,2018,478.0
37620,inventory,2019,441.1667
37620,inventory,2020,406.4167
37620,inventory,2021,294.6667
37620,inventory,2022,267.0
37620,inventory,2023,253.8333
37620,inventory,2024,215.75
37620,inventory,2025,226.9167
37620,inventory,2026,252.25
37620,inventory,2026-08,313.0
37740,inventory,2018,530.9
37740,inventory,2019,500.4167
37740,inventory,2020,341.4167
37740,inventory,2021,229.8333
37740,inventory,2022,305.75
37740,inventory,2023,337.75
37740,inventory,2024,405.5
37740,inventory,2025,479.0833
37740,inventory,2026,457.625
37740,inventory,2026-08,560.0
37800,inventory,2021,73.1
37800,inventory,2022,82.9167
37800,inventory,2023,101.5833
37800,inventory,2024,105.5
37800,inventory,2025,112.9167
37800,inventory,2026,123.625
37800,inventory,2026-08,133.0
37860,inventory,2018,3217.5
37860,inventory,2019,3081.0
37860,inventory,2020,2292.3333
37860,inventory,2021,1938.1667
37860,inventory,2022,2182.9167
37860,inventory,2023,2432.6667
37860,inventory,2024,3109.9167
37860,inventory,2025,3492.3333
37860,inventory,2026,3236.5
37860,inventory,2026-08,3376.0
37900,inventory,2018,3412.7
37900,inventory,2019,2977.3333
37900,inventory,2020,2406.6667
37900,inventory,2021,1650.4167
37900,inventory,2022,1251.4167
37900,inventory,2023,970.25
37900,inventory,2024,970.5833
37900,inventory,2025,1023.5
37900,inventory,2026,1016.375
37900,inventory,2026-08,1133.0
37940,inventory,2018,118.4
37940,inventory,2019,109.6667
37940,inventory,2020,95.5
37940,inventory,2021,68.5833
37940,inventory,2022,75.6667
37940,inventory,2023,70.0
37940,inventory,2024,80.0
37940,inventory,2025,94.75
37940,inventory,2026,101.25
37940,inventory,2026-08,121.0
37980,inventory,2018,27607.0
37980,inventory,2019,24922.75
37980,inventory,2020,18494.3333
37980,inventory,2021,16571.4167
37980,inventory,2022,14710.75
37980,inventory,2023,12624.0833
37980,inventory,2024,13086.5
37980,inventory,2025,14251.5
37980,inventory,2026,14502.75
37980,inventory,2026-08,16998.0
38060,inventory,2018,26425.1
38060,inventory,2019,24487.25
38060,inventory,2020,19678.5833
38060,inventory,2021,16789.6667
38060,inventory,2022,19679.3333
38060,inventory,2023,17642.0
38060,inventory,2024,18825.4167
38060,inventory,2025,23993.5
38060,inventory,2026,24925.375
38060,inventory,2026-08,23831.0
38100,inventory,2018,432.7
38100,inventory,2019,399.1667
38100,inventory,2020,310.1667
38100,inventory,2021,215.6667
38100,inventory,2022,189.9167
38100,inventory,2023,177.3333
38100,inventory,2024,201.9167
38100,inventory,2025,237.4167
38100,inventory,2026,245.0
38100,inventory,2026-08,264.0
38180,inventory,2018,150.0
38180,inventory,2019,144.6667
38180,inventory,2020,97.5833
38180,inventory,2021,50.9167
38180,inventory,2022,40.25
38180,inventory,2023,47.5
38180,inventory,2024,54.6667
38180,inventory,2025,65.75
38180,inventory,2026,82.375
38180,inventory,2026-08,99.0
38220,inventory,2018,243.1
38220,inventory,2019,259.0
38220,inventory,2020,216.3333
38220,inventory,2021,266.0
38220,inventory,2022,323.8333
38220,inventory,2023,344.0
38220,inventory,2024,295.5
38220,inventory,2025,325.1667
38220,inventory,2026,363.125
38220,inventory,2026-08,390.0
38240,inventory,2018,1021.7
38240,inventory,2019,829.8333
38240,inventory,2020,627.25
38240,inventory,2021,472.9167
38240,inventory,2022,449.0833
38240,inventory,2023,402.8333
38240,inventory,2024,443.1667
38240,inventory,2025,555.5
38240,inventory,2026,654.0
38240,inventory,2026-08,753.0
38260,inventory,2018,276.0
38260,inventory,2019,226.0833
38260,inventory,2020,162.1667
38260,inventory,2021,107.5
38260,inventory,2022,103.9167
38260,inventory,2023,99.6667
38260,inventory,2024,115.9167
38260,inventory,2025,166.6667
38260,inventory,2026,148.75
38260,inventory,2026-08,136.0
38300,inventory,2018,11650.5
38300,inventory,2019,10132.3333
38300,inventory,2020,8102.0
38300,inventory,2021,6611.25
38300,inventory,2022,6281.8333
38300,inventory,2023,5870.8333
38300,inventory,2024,6079.6667
38300,inventory,2025,6701.5
38300,inventory,2026,6957.25
38300,inventory,2026-08,8193.0
38340,inventory,2018,1155.6
38340,inventory,2019,1153.8333
38340,inventory,2020,866.0
38340,inventory,2021,548.25
38340,inventory,2022,437.25
38340,inventory,2023,426.9167
38340,inventory,2024,501.5
38340,inventory,2025,590.4167
38340,inventory,2026,565.375
38340,inventory,2026-08,715.0
38380,inventory,2018,127.4
38380,inventory,2019,123.0833
38380,inventory,2020,90.0
38380,inventory,2021,70.0833
38380,inventory,2022,73.25
38380,inventory,2023,95.5
38380,inventory,2024,111.1667
38380,inventory,2025,136.5
38380,inventory,2026,127.5
38380,inventory,2026-08,128.0
38420,inventory,2018,249.2
38420,inventory,2019,241.25
38420,inventory,2020,206.0833
38420,inventory,2021,234.0833
38420,inventory,2022,229.8333
38420,inventory,2023,165.4167
38420,inventory,2024,126.1667
38420,inventory,2025,121.3333
38420,inventory,2026,106.5
38420,inventory,2026-08,110.0
38460,inventory,2018,339.0
38460,inventory,2019,312.6667
38460,inventory,2020,247.3333
38460,inventory,2021,324.6667
38460,inventory,2022,350.4167
38460,inventory,2023,284.1667
38460,inventory,2024,182.75
38460,inventory,2025,180.8333
38460,inventory,2026,187.5
38460,inventory,2026-08,246.0
38500,inventory,2018,246.2
38500,inventory,2019,243.5833
38500,inventory,2020,181.5833
38500,inventory,2021,111.8333
38500,inventory,2022,109.0
38500,inventory,2023,112.9167
38500,inventory,2024,123.1667
38500,inventory,2025,126.6667
38500,inventory,2026,119.125
38500,inventory,2026-08,141.0
38540,inventory,2018,264.1
38540,inventory,2019,242.0
38540,inventory,2020,223.8333
38540,inventory,2021,202.0
38540,inventory,2022,298.5833
38540,inventory,2023,305.8333
38540,inventory,2024,369.1667
38540,inventory,2025,411.3333
38540,inventory,2026,431.25
38540,inventory,2026-08,505.0
38620,inventory,2018,283.3
38620,inventory,2019,270.0
38620,inventory,2020,217.4167
38620,inventory,2021,150.9167
38620,inventory,2022,142.8333
38620,inventory,2023,148.5833
38620,inventory,2024,182.8333
38620,inventory,2025,176.3333
38620,inventory,2026,174.625
38620,inventory,2026-08,175.0
38700,inventory,2018,247.5
38700,inventory,2019,220.9167
38700,inventory,2020,172.8333
38700,inventory,2021,121.6667
38700,inventory,2022,91.5833
38700,inventory,2023,85.1667
38700,inventory,2024,74.0
38700,inventory,2025,80.5833
38700,inventory,2026,82.125
38700,inventory,2026-08,103.0
38740,inventory,2018,371.8
38740,inventory,2019,349.5833
38740,inventory,2020,255.0
38740,inventory,2021,283.0
38740,inventory,2022,302.75
38740,inventory,2023,280.3333
38740,inventory,2024,277.5
38740,inventory,2025,268.8333
38740,inventory,2026,292.375
38740,inventory,2026-08,315.0
38820,inventory,2018,450.6
38820,inventory,2019,425.5
38820,inventory,2020,295.9167
38820,inventory,2021,296.0833
38820,inventory,2022,335.9167
38820,inventory,2023,288.4167
38820,inventory,2024,264.9167
38820,inventory,2025,327.5
38820,inventory,2026,334.25
38820,inventory,2026-08,447.0
38860,inventory,2018,3403.6
38860,inventory,2019,3323.5833
38860,inventory,2020,2541.6667
38860,inventory,2021,1734.25
38860,inventory,2022,1455.0833
38860,inventory,2023,1352.0
38860,inventory,2024,1549.8333
38860,inventory,2025,1799.5
38860,inventory,2026,1733.0
38860,inventory,2026-08,2392.0
38900,inventory,2018,10535.9
38900,inventory,2019,9522.6667
38900,inventory,2020,7466.0
38900,inventory,2021,6646.75
38900,inventory,2022,6883.9167
38900,inventory,2023,6199.3333
38900,inventory,2024,6896.9167
38900,inventory,2025,8155.25
38900,inventory,2026,8246.625
38900,inventory,2026-08,10212.0
38920,inventory,2018,179.7
38920,inventory,2019,175.6667
38920,inventory,2020,134.9167
38920,inventory,2021,112.4167
38920,inventory,2022,129.1667
38920,inventory,2023,161.0
38920,inventory,2024,177.0
38920,inventory,2025,221.5833
38920,inventory,2026,234.75
38920,inventory,2026-08,240.0
38940,inventory,2018,4527.1
38940,inventory,2019,4762.8333
38940,inventory,2020,4196.0
38940,inventory,2021,2582.0833
38940,inventory,2022,2569.1667
38940,inventory,2023,3356.4167
38940,inventory,2024,4618.0833
38940,inventory,2025,5531.9167
38940,inventory,2026,5154.5
38940,inventory,2026-08,4839.0
39020,inventory,2018,403.5
39020,inventory,2019,356.4167
39020,inventory,2020,274.25
39020,inventory,2021,231.6667
39020,inventory,2022,258.8333
39020,inventory,2023,191.5833
39020,inventory,2024,161.8333
39020,inventory,2025,173.8333
39020,inventory,2026,165.0
39020,inventory,2026-08,178.0
39060,inventory,2018,656.3
39060,inventory,2019,558.0833
39060,inventory,2020,387.0833
39060,inventory,2021,316.9167
39060,inventory,2022,372.8333
39060,inventory,2023,341.4167
39060,inventory,2024,378.3333
39060,inventory,2025,431.25
39060,inventory,2026,433.625
39060,inventory,2026-08,522.0
39150,inventory,2018,2011.2
39150,inventory,2019,2021.3333
39150,inventory,2020,1601.5
39150,inventory,2021,1083.0
39150,inventory,2022,1283.4167
39150,inventory,2023,1384.25
39150,inventory,2024,1562.75
39150,inventory,2025,1867.25
39150,inventory,2026,1869.125
39150,inventory,2026-08,2040.0
39220,inventory,2018,146.6
39220,inventory,2019,123.4167
39220,inventory,2020,84.5
39220,inventory,2021,93.3333
39220,inventory,2022,91.1667
39220,inventory,2023,100.3333
39220,inventory,2024,103.5
39220,inventory,2025,117.1667
39220,inventory,2026,123.625
39220,inventory,2026-08,130.0
39300,inventory,2018,7062.9
39300,inventory,2019,6699.75
39300,inventory,2020,5076.6667
39300,inventory,2021,3441.75
39300,inventory,2022,2951.8333
39300,inventory,2023,2351.4167
39300,inventory,2024,2578.75
39300,inventory,2025,2960.9167
39300,inventory,2026,2878.5
39300,inventory,2026-08,3690.0
39340,inventory,2018,1921.2
39340,inventory,2019,2216.9167
39340,inventory,2020,1611.75
39340,inventory,2021,1429.0
39340,inventory,2022,1974.0833
39340,inventory,2023,1866.0833
39340,inventory,2024,1991.0
39340,inventory,2025,2611.0
39340,inventory,2026,2660.25
39340,inventory,2026-08,3127.0
39380,inventory,2018,782.6
39380,inventory,2019,724.6667
39380,inventory,2020,699.0
39380,inventory,2021,609.3333
39380,inventory,2022,754.5833
39380,inventory,2023,851.1667
39380,inventory,2024,956.3333
39380,inventory,2025,1135.5833
39380,inventory,2026,1090.375
39380,inventory,2026-08,1133.0
39420,inventory,2018,155.3
39420,inventory,2019,151.9167
39420,inventory,2020,136.0
39420,inventory,2021,95.25
39420,inventory,2022,102.9167
39420,inventory,2023,104.1667
39420,inventory,2024,139.5
39420,inventory,2025,143.8333
39420,inventory,2026,163.75
39420,inventory,2026-08,194.0
39460,inventory,2018,2526.8
39460,inventory,2019,2556.5833
39460,inventory,2020,2124.8333
39460,inventory,2021,1573.1667
39460,inventory,2022,1974.4167
39460,inventory,2023,2673.25
39460,inventory,2024,3823.0
39460,inventory,2025,4351.5833
39460,inventory,2026,3705.5
39460,inventory,2026-08,3089.0
39500,inventory,2018,368.1
39500,inventory,2019,373.8333
39500,inventory,2020,338.3333
39500,inventory,2021,220.8333
39500,inventory,2022,147.1667
39500,inventory,2023,174.25
39500,inventory,2024,171.3333
39500,inventory,2025,193.5
39500,inventory,2026,193.75
39500,inventory,2026-08,214.0
39540,inventory,2018,686.8
39540,inventory,2019,789.25
39540,inventory,2020,656.6667
39540,inventory,2021,576.5833
39540,inventory,2022,493.25
39540,inventory,2023,470.25
39540,inventory,2024,478.0833
39540,inventory,2025,497.1667
39540,inventory,2026,462.0
39540,inventory,2026-08,594.0
39580,inventory,2018,4460.5
39580,inventory,2019,4526.3333
39580,inventory,2020,3644.5833
39580,inventory,2021,2534.3333
39580,inventory,2022,2943.6667
39580,inventory,2023,2786.8333
39580,inventory,2024,3368.6667
39580,inventory,2025,4697.25
39580,inventory,2026,5322.25
39580,inventory,2026-08,6209.0
39660,inventory,2018,812.6
39660,inventory,2019,723.75
39660,inventory,2020,556.4167
39660,inventory,2021,350.75
39660,inventory,2022,324.9167
39660,inventory,2023,337.1667
39660,inventory,2024,426.5833
39660,inventory,2025,548.0833
39660,inventory,2026,514.375
39660,inventory,2026-08,616.0
39700,inventory,2018,54.1
39700,inventory,2019,45.25
39700,inventory,2020,51.3333
39700,inventory,2021,43.5
39700,inventory,2022,34.3333
39700,inventory,2023,31.5
39700,inventory,2024,41.9167
39700,inventory,2025,52.0833
39700,inventory,2026,50.75
39700,inventory,2026-08,63.0
39740,inventory,2018,1576.6
39740,inventory,2019,1396.0833
39740,inventory,2020,1024.9167
39740,inventory,2021,817.1667
39740,inventory,2022,709.5
39740,inventory,2023,594.8333
39740,inventory,2024,618.25
39740,inventory,2025,653.3333
39740,inventory,2026,643.75
39740,inventory,2026-08,789.0
39780,inventory,2018,318.3
39780,inventory,2019,337.0833
39780,inventory,2020,275.4167
39780,inventory,2021,227.3333
39780,inventory,2022,269.9167
39780,inventory,2023,263.75
39780,inventory,2024,253.9167
39780,inventory,2025,276.5
39780,inventory,2026,274.625
39780,inventory,2026-08,309.0
39820,inventory,2018,1059.1
39820,inventory,2019,1006.5
39820,inventory,2020,785.75
39820,inventory,2021,646.5833
39820,inventory,2022,695.4167
39820,inventory,2023,633.6667
39820,inventory,2024,625.75
39820,inventory,2025,749.1667
39820,inventory,2026,725.75
39820,inventory,2026-08,824.0
39860,inventory,2018,215.4
39860,inventory,2019,214.5833
39860,inventory,2020,188.5833
39860,inventory,2021,115.5833
39860,inventory,2022,110.5833
39860,inventory,2023,104.4167
39860,inventory,2024,122.5833
39860,inventory,2025,148.75
39860,inventory,2026,160.25
39860,inventory,2026-08,215.0
39900,inventory,2018,2328.3
39900,inventory,2019,2623.5
39900,inventory,2020,2087.75
39900,inventory,2021,1366.3333
39900,inventory,2022,1713.8333
39900,inventory,2023,1532.1667
39900,inventory,2024,1666.0
39900,inventory,2025,1942.25
39900,inventory,2026,1626.375
39900,inventory,2026-08,1851.0
39940,inventory,2018,229.6
39940,inventory,2019,214.25
39940,inventory,2020,171.1667
39940,inventory,2021,147.5
39940,inventory,2022,176.9167
39940,inventory,2023,205.9167
39940,inventory,2024,241.4167
39940,inventory,2025,246.4167
39940,inventory,2026,274.625
39940,inventory,2026-08,363.0
39980,inventory,2018,198.0
39980,inventory,2019,214.5833
39980,inventory,2020,167.5
39980,inventory,2021,179.5833
39980,inventory,2022,180.0
39980,inventory,2023,142.0
39980,inventory,2024,129.6667
39980,inventory,2025,233.1667
39980,inventory,2026,229.25
39980,inventory,2026-08,240.0
40060,inventory,2018,5087.1
40060,inventory,2019,4718.9167
40060,inventory,2020,3827.0
40060,inventory,2021,3059.6667
40060,inventory,2022,2666.0833
40060,inventory,2023,2252.8333
40060,inventory,2024,2557.0833
40060,inventory,2025,3015.0833
40060,inventory,2026,3060.25
40060,inventory,2026-08,3591.0
40080,inventory,2018,524.1
40080,inventory,2019,473.4167
40080,inventory,2020,427.8333
40080,inventory,2021,402.4167
40080,inventory,2022,372.75
40080,inventory,2023,288.5
40080,inventory,2024,277.8333
40080,inventory,2025,374.8333
40080,inventory,2026,470.625
40080,inventory,2026-08,512.0
40100,inventory,2018,43.6
40100,inventory,2019,66.0
40100,inventory,2020,76.1667
40100,inventory,2021,65.75
40100,inventory,2022,78.6667
40100,inventory,2023,85.0
40100,inventory,2024,90.25
40100,inventory,2025,109.8333
40100,inventory,2026,116.125
40100,inventory,2026-08,135.0
40140,inventory,2018,21105.5
40140,inventory,2019,20705.1667
40140,inventory,2020,15008.5833
40140,inventory,2021,11496.9167
40140,inventory,2022,12906.25
40140,inventory,2023,11567.3333
40140,inventory,2024,13276.3333
40140,inventory,2025,16596.75
40140,inventory,2026,16065.5
40140,inventory,2026-08,16693.0
40180,inventory,2018,323.4
40180,inventory,2019,298.6667
40180,inventory,2020,238.9167
40180,inventory,2021,157.25
40180,inventory,2022,139.5833
40180,inventory,2023,158.25
40180,inventory,2024,193.25
40180,inventory,2025,196.1667
40180,inventory,2026,206.125
40180,inventory,2026-08,250.0
40220,inventory,2018,2026.1
40220,inventory,2019,1769.0833
40220,inventory,2020,1327.1667
40220,inventory,2021,900.6667
40220,inventory,2022,747.0833
40220,inventory,2023,707.6667
40220,inventory,2024,835.0833
40220,inventory,2025,1088.4167
40220,inventory,2026,1209.25
40220,inventory,2026-08,1434.0
40260,inventory,2018,357.3
40260,inventory,2019,290.0
40260,inventory,2020,206.5
40260,inventory,2021,130.75
40260,inventory,2022,131.25
40260,inventory,2023,184.75
40260,inventory,2024,169.8333
40260,inventory,2025,172.8333
40260,inventory,2026,177.375
40260,inventory,2026-08,199.0
40300,inventory,2018,323.7
40300,inventory,2019,312.9167
40300,inventory,2020,256.3333
40300,inventory,2021,175.1667
40300,inventory,2022,128.3333
40300,inventory,2023,111.5
40300,inventory,2024,111.0833
40300,inventory,2025,114.0
40300,inventory,2026,109.25
40300,inventory,2026-08,138.0
40340,inventory,2018,965.1
40340,inventory,2019,907.4167
40340,inventory,2020,753.0833
40340,inventory,2021,543.1667
40340,inventory,2022,538.9167
40340,inventory,2023,539.3333
40340,inventory,2024,602.0
40340,inventory,2025,653.8333
40340,inventory,2026,730.5
40340,inventory,2026-08,950.0
40380,inventory,2018,3765.5
40380,inventory,2019,3378.25
40380,inventory,2020,2695.75
40380,inventory,2021,2141.3333
40380,inventory,2022,1916.9167
40380,inventory,2023,1578.4167
40380,inventory,2024,1443.5833
40380,inventory,2025,1508.1667
40380,inventory,2026,1468.75
40380,inventory,2026-08,2006.0
40420,inventory,2018,1479.9
40420,inventory,2019,1380.5833
40420,inventory,2020,1133.5833
40420,inventory,2021,886.25
40420,inventory,2022,802.5833
40420,inventory,2023,656.0
40420,inventory,2024,662.25
40420,inventory,2025,686.9167
40420,inventory,2026,700.625
40420,inventory,2026-08,805.0
40460,inventory,2018,139.4
40460,inventory,2019,110.6667
40460,inventory,2020,90.5
40460,inventory,2021,73.75
40460,inventory,2022,78.75
40460,inventory,2023,79.8333
40460,inventory,2024,92.3333
40460,inventory,2025,107.5833
40460,inventory,2026,119.125
40460,inventory,2026-08,133.0
40540,inventory,2018,309.9
40540,inventory,2019,244.4167
40540,inventory,2020,211.3333
40540,inventory,2021,212.5833
40540,inventory,2022,211.4167
40540,inventory,2023,153.6667
40540,inventory,2024,104.75
40540,inventory,2025,130.0
40540,inventory,2026,153.75
40540,inventory,2026-08,161.0
40580,inventory,2018,544.8
40580,inventory,2019,479.1667
40580,inventory,2020,337.5833
40580,inventory,2021,265.0
40580,inventory,2022,268.5
40580,inventory,2023,276.6667
40580,inventory,2024,348.75
40580,inventory,2025,418.5833
40580,inventory,2026,494.0
40580,inventory,2026-08,562.0
40620,inventory,2018,281.3
40620,inventory,2019,324.4167
40620,inventory,2020,231.9167
40620,inventory,2021,160.75
40620,inventory,2022,150.4167
40620,inventory,2023,150.8333
40620,inventory,2024,147.0833
40620,inventory,2025,181.5833
40620,inventory,2026,180.0
40620,inventory,2026-08,187.0
40660,inventory,2018,509.6
40660,inventory,2019,475.1667
40660,inventory,2020,410.8333
40660,inventory,2021,320.8333
40660,inventory,2022,314.4167
40660,inventory,2023,291.1667
40660,inventory,2024,362.4167
40660,inventory,2025,464.75
40660,inventory,2026,508.75
40660,inventory,2026-08,500.0
40700,inventory,2018,648.8
40700,inventory,2019,568.6667
40700,inventory,2020,468.0833
40700,inventory,2021,377.75
40700,inventory,2022,429.3333
40700,inventory,2023,432.6667
40700,inventory,2024,420.0833
40700,inventory,2025,471.6667
40700,inventory,2026,485.625
40700,inventory,2026-08,565.0
40740,inventory,2018,287.3
40740,inventory,2019,265.5
40740,inventory,2020,188.5
40740,inventory,2021,202.9167
40740,inventory,2022,214.5
40740,inventory,2023,193.5833
40740,inventory,2024,232.0833
40740,inventory,2025,223.1667
40740,inventory,2026,219.25
40740,inventory,2026-08,224.0
40760,inventory,2021,222.6
40760,inventory,2022,244.0833
40760,inventory,2023,278.25
40760,inventory,2024,335.25
40760,inventory,2025,465.75
40760,inventory,2026,541.75
40760,inventory,2026-08,656.0
40780,inventory,2018,327.9
40780,inventory,2019,394.0833
40780,inventory,2020,321.6667
40780,inventory,2021,515.75
40780,inventory,2022,638.5833
40780,inventory,2023,492.0833
40780,inventory,2024,311.1667
40780,inventory,2025,341.5
40780,inventory,2026,333.125
40780,inventory,2026-08,358.0
40820,inventory,2018,152.4
40820,inventory,2019,183.9167
40820,inventory,2020,170.8333
40820,inventory,2021,96.5
40820,inventory,2022,79.0
40820,inventory,2023,85.3333
40820,inventory,2024,93.75
40820,inventory,2025,118.3333
40820,inventory,2026,127.75
40820,inventory,2026-08,116.0
40860,inventory,2018,718.0
40860,inventory,2019,722.6667
40860,inventory,2020,537.6667
40860,inventory,2021,265.8333
40860,inventory,2022,212.4167
40860,inventory,2023,164.5833
40860,inventory,2024,210.0
40860,inventory,2025,242.8333
40860,inventory,2026,242.75
40860,inventory,2026-08,335.0
40900,inventory,2018,8223.3
40900,inventory,2019,7848.1667
40900,inventory,2020,6087.75
40900,inventory,2021,5106.3333
40900,inventory,2022,5783.1667
40900,inventory,2023,4505.0
40900,inventory,2024,5101.0
40900,inventory,2025,6280.0833
40900,inventory,2026,5975.875
40900,inventory,2026-08,7159.0
40940,inventory,2018,142.8
40940,inventory,2019,126.4167
40940,inventory,2020,96.75
40940,inventory,2021,88.25
40940,inventory,2022,103.0
40940,inventory,2023,82.4167
40940,inventory,2024,74.1667
40940,inventory,2025,100.8333
40940,inventory,2026,110.0
40940,inventory,2026-08,117.0
40980,inventory,2018,717.8
40980,inventory,2019,657.25
40980,inventory,2020,495.9167
40980,inventory,2021,609.75
40980,inventory,2022,683.75
40980,inventory,2023,552.5
40980,inventory,2024,503.75
40980,inventory,2025,583.1667
40980,inventory,2026,605.875
40980,inventory,2026-08,704.0
41060,inventory,2018,909.6
41060,inventory,2019,821.8333
41060,inventory,2020,678.3333
41060,inventory,2021,524.8333
41060,inventory,2022,462.25
41060,inventory,2023,410.0
41060,inventory,2024,446.1667
41060,inventory,2025,519.25
41060,inventory,2026,556.125
41060,inventory,2026-08,706.0
41100,inventory,2018,1379.1
41100,inventory,2019,1594.5
41100,inventory,2020,1327.4167
41100,inventory,2021,908.25
41100,inventory,2022,1195.5833
41100,inventory,2023,1402.0
41100,inventory,2024,1532.0
41100,inventory,2025,2016.3333
41100,inventory,2026,2124.375
41100,inventory,2026-08,2142.0
41140,inventory,2018,669.2
41140,inventory,2019,574.5833
41140,inventory,2020,430.3333
41140,inventory,2021,378.8333
41140,inventory,2022,340.0833
41140,inventory,2023,298.6667
41140,inventory,2024,315.5
41140,inventory,2025,347.25
41140,inventory,2026,390.375
41140,inventory,2026-08,441.0
41180,inventory,2018,15015.9
41180,inventory,2019,13291.0
41180,inventory,2020,10727.1667
41180,inventory,2021,7925.9167
41180,inventory,2022,6691.3333
41180,inventory,2023,6332.5833
41180,inventory,2024,6501.25
41180,inventory,2025,7367.5833
41180,inventory,2026,7529.375
41180,inventory,2026-08,8929.0
41260,inventory,2021,56.0
41260,inventory,2022,77.75
41260,inventory,2023,73.9167
41260,inventory,2024,59.0
41260,inventory,2025,70.3333
41260,inventory,2026,69.625
41260,inventory,2026-08,81.0
41400,inventory,2018,519.7
41400,inventory,2019,455.5833
41400,inventory,2020,369.9167
41400,inventory,2021,271.75
41400,inventory,2022,229.3333
41400,inventory,2023,220.75
41400,inventory,2024,243.9167
41400,inventory,2025,248.6667
41400,inventory,2026,264.375
41400,inventory,2026-08,331.0
41420,inventory,2018,1878.0
41420,inventory,2019,1930.4167
41420,inventory,2020,1468.8333
41420,inventory,2021,983.9167
41420,inventory,2022,992.0833
41420,inventory,2023,969.0
41420,inventory,2024,1115.3333
41420,inventory,2025,1245.0833
41420,inventory,2026,1370.75
41420,inventory,2026-08,1677.0
41460,inventory,2018,268.4
41460,inventory,2019,244.0
41460,inventory,2020,182.4167
41460,inventory,2021,199.3333
41460,inventory,2022,215.3333
41460,inventory,2023,185.0
41460,inventory,2024,169.1667
41460,inventory,2025,177.5833
41460,inventory,2026,171.75
41460,inventory,2026-08,186.0
41500,inventory,2018,1015.4
41500,inventory,2019,1030.5
41500,inventory,2020,782.3333
41500,inventory,2021,570.0
41500,inventory,2022,532.3333
41500,inventory,2023,490.25
41500,inventory,2024,572.5833
41500,inventory,2025,678.3333
41500,inventory,2026,656.625
41500,inventory,2026-08,747.0
41540,inventory,2018,4992.1
41540,inventory,2019,4222.3333
41540,inventory,2020,3050.3333
41540,inventory,2021,1943.1667
41540,inventory,2022,1702.75
41540,inventory,2023,1694.6667
41540,inventory,2024,2187.5833
41540,inventory,2025,2743.5
41540,inventory,2026,2944.0
41540,inventory,2026-08,3291.0
41620,inventory,2018,3805.7
41620,inventory,2019,3997.0833
41620,inventory,2020,3019.9167
41620,inventory,2021,2506.25
41620,inventory,2022,2875.25
41620,inventory,2023,2882.8333
41620,inventory,2024,3066.25
41620,inventory,2025,3840.4167
41620,inventory,2026,3915.0
41620,inventory,2026-08,4561.0
41660,inventory,2018,635.6
41660,inventory,2019,538.25
41660,inventory,2020,399.75
41660,inventory,2021,338.5
41660,inventory,2022,381.5833
41660,inventory,2023,427.75
41660,inventory,2024,596.0833
41660,inventory,2025,725.0833
41660,inventory,2026,685.875
41660,inventory,2026-08,682.0
41700,inventory,2018,10223.1
41700,inventory,2019,10729.5
41700,inventory,2020,9436.1667
41700,inventory,2021,6697.5833
41700,inventory,2022,7399.6667
41700,inventory,2023,9392.0
41700,inventory,2024,11586.3333
41700,inventory,2025,13446.3333
41700,inventory,2026,13942.5
41700,inventory,2026-08,15339.0
41740,inventory,2018,9547.2
41740,inventory,2019,9636.5833
41740,inventory,2020,7296.25
41740,inventory,2021,5889.6667
41740,inventory,2022,5577.8333
41740,inventory,2023,4372.5833
41740,inventory,2024,5668.8333
41740,inventory,2025,7335.5
41740,inventory,2026,7167.25
41740,inventory,2026-08,8025.0
41760,inventory,2018,539.2
41760,inventory,2019,447.25
41760,inventory,2020,342.0
41760,inventory,2021,238.3333
41760,inventory,2022,315.6667
41760,inventory,2023,389.1667
41760,inventory,2024,449.75
41760,inventory,2025,499.9167
41760,inventory,2026,464.875
41760,inventory,2026-08,621.0
41780,inventory,2018,445.4
41780,inventory,2019,418.75
41780,inventory,2020,328.5833
41780,inventory,2021,223.3333
41780,inventory,2022,179.25
41780,inventory,2023,166.8333
41780,inventory,2024,195.25
41780,inventory,2025,228.75
41780,inventory,2026,247.625
41780,inventory,2026-08,297.0
41820,inventory,2018,241.0
41820,inventory,2019,216.5
41820,inventory,2020,153.5833
41820,inventory,2021,116.75
41820,inventory,2022,121.4167
41820,inventory,2023,135.25
41820,inventory,2024,168.0
41820,inventory,2025,206.5833
41820,inventory,2026,209.625
41820,inventory,2026-08,237.0
41860,inventory,2018,7707.8
41860,inventory,2019,8069.4167
41860,inventory,2020,7391.1667
41860,inventory,2021,7679.5833
41860,inventory,2022,7547.3333
41860,inventory,2023,6026.25
41860,inventory,2024,6990.4167
41860,inventory,2025,8312.25
41860,inventory,2026,7385.375
41860,inventory,2026-08,8196.0
41940,inventory,2018,2751.6
41940,inventory,2019,3034.8333
41940,inventory,2020,2527.8333
41940,inventory,2021,2705.0833
41940,inventory,2022,2399.0
41940,inventory,2023,1776.0833
41940,inventory,2024,2097.0833
41940,inventory,2025,2505.5833
41940,inventory,2026,2662.5
41940,inventory,2026-08,3036.0
42020,inventory,2018,1279.3
42020,inventory,2019,1258.0833
42020,inventory,2020,979.3333
42020,inventory,2021,664.4167
42020,inventory,2022,608.0833
42020,inventory,2023,573.8333
42020,inventory,2024,674.5833
42020,inventory,2025,814.6667
42020,inventory,2026,824.25
42020,inventory,2026-08,949.0
42100,inventory,2018,669.5
42100,inventory,2019,671.5
42100,inventory,2020,507.8333
42100,inventory,2021,423.8333
42100,inventory,2022,390.9167
42100,inventory,2023,391.5
42100,inventory,2024,477.5
42100,inventory,2025,633.6667
42100,inventory,2026,544.0
42100,inventory,2026-08,671.0
42140,inventory,2018,1119.4
42140,inventory,2019,1001.6667
42140,inventory,2020,822.4167
42140,inventory,2021,627.3333
42140,inventory,2022,512.6667
42140,inventory,2023,588.5833
42140,inventory,2024,738.9167
42140,inventory,2025,886.25
42140,inventory,2026,847.0
42140,inventory,2026-08,1005.0
42200,inventory,2018,1204.6
42200,inventory,2019,1174.5833
42200,inventory,2020,833.9167
42200,inventory,2021,549.6667
42200,inventory,2022,609.25
42200,inventory,2023,526.6667
42200,inventory,2024,648.25
42200,inventory,2025,769.5833
42200,inventory,2026,765.0
42200,inventory,2026-08,879.0
42220,inventory,2018,1471.3
42220,inventory,2019,1530.75
42220,inventory,2020,1279.3333
42220,inventory,2021,1142.0833
42220,inventory,2022,874.3333
42220,inventory,2023,825.8333
42220,inventory,2024,994.9167
42220,inventory,2025,1279.0
42220,inventory,2026,1144.5
42220,inventory,2026-08,1404.0
42300,inventory,2018,528.0
42300,inventory,2019,472.6667
42300,inventory,2020,376.9167
42300,inventory,2021,251.5
42300,inventory,2022,151.25
42300,inventory,2023,134.75
42300,inventory,2024,139.8333
42300,inventory,2025,175.3333
42300,inventory,2026,179.5
42300,inventory,2026-08,245.0
42340,inventory,2018,2818.2
42340,inventory,2019,2725.3333
42340,inventory,2020,2394.4167
42340,inventory,2021,1552.3333
42340,inventory,2022,1182.25
42340,inventory,2023,1323.8333
42340,inventory,2024,1804.25
42340,inventory,2025,2487.5833
42340,inventory,2026,2572.875
42340,inventory,2026-08,2748.0
42380,inventory,2018,390.0
42380,inventory,2019,345.3333
42380,inventory,2020,276.0
42380,inventory,2021,181.1667
42380,inventory,2022,148.4167
42380,inventory,2023,114.3333
42380,inventory,2024,116.0
42380,inventory,2025,118.25
42380,inventory,2026,96.5
42380,inventory,2026-08,78.0
42420,inventory,2018,216.8
42420,inventory,2019,210.3333
42420,inventory,2020,161.8333
42420,inventory,2021,157.5833
42420,inventory,2022,174.75
42420,inventory,2023,160.25
42420,inventory,2024,130.5
42420,inventory,2025,132.0833
42420,inventory,2026,125.75
42420,inventory,2026-08,129.0
42460,inventory,2018,277.1
42460,inventory,2019,226.6667
42460,inventory,2020,172.1667
42460,inventory,2021,132.75
42460,inventory,2022,157.5
42460,inventory,2023,152.5833
42460,inventory,2024,158.8333
42460,inventory,2025,192.25
42460,inventory,2026,203.625
42460,inventory,2026-08,225.0
42540,inventory,2018,2768.0
42540,inventory,2019,2446.9167
42540,inventory,2020,1768.4167
42540,inventory,2021,1688.0833
42540,inventory,2022,1632.3333
42540,inventory,2023,1339.25
42540,inventory,2024,1214.9167
42540,inventory,2025,1325.3333
42540,inventory,2026,1263.0
42540,inventory,2026-08,1503.0
42620,inventory,2018,454.2
42620,inventory,2019,393.0833
42620,inventory,2020,281.5
42620,inventory,2021,251.0
42620,inventory,2022,244.75
42620,inventory,2023,240.8333
42620,inventory,2024,273.0
42620,inventory,2025,335.75
42620,inventory,2026,343.125
42620,inventory,2026-08,366.0
42660,inventory,2018,11648.4
42660,inventory,2019,11011.5
42660,inventory,2020,8498.0833
42660,inventory,2021,8258.3333
42660,inventory,2022,8668.0
42660,inventory,2023,6784.6667
42660,inventory,2024,7898.0
42660,inventory,2025,9878.3333
42660,inventory,2026,11058.875
42660,inventory,2026-08,14934.0
42680,inventory,2018,2122.0
42680,inventory,2019,2238.5833
42680,inventory,2020,2040.0833
42680,inventory,2021,1003.5833
42680,inventory,2022,927.5833
42680,inventory,2023,1323.5833
42680,inventory,2024,1859.4167
42680,inventory,2025,2107.0833
42680,inventory,2026,1964.25
42680,inventory,2026-08,1678.0
42700,inventory,2018,879.1
42700,inventory,2019,896.5
42700,inventory,2020,696.0833
42700,inventory,2021,535.9167
42700,inventory,2022,587.1667
42700,inventory,2023,771.4167
42700,inventory,2024,814.75
42700,inventory,2025,934.8333
42700,inventory,2026,941.625
42700,inventory,2026-08,918.0
42740,inventory,2018,232.1
42740,inventory,2019,211.3333
42740,inventory,2020,174.9167
42740,inventory,2021,264.0
42740,inventory,2022,355.6667
42740,inventory,2023,253.5
42740,inventory,2024,159.4167
42740,inventory,2025,171.1667
42740,inventory,2026,145.75
42740,inventory,2026-08,146.0
42780,inventory,2018,183.2
42780,inventory,2019,163.9167
42780,inventory,2020,112.3333
42780,inventory,2021,82.9167
42780,inventory,2022,58.8333
42780,inventory,2023,44.0833
42780,inventory,2024,46.6667
42780,inventory,2025,53.1667
42780,inventory,2026,40.75
42780,inventory,2026-08,48.0
42820,inventory,2018,202.5
42820,inventory,2019,209.25
42820,inventory,2020,176.1667
42820,inventory,2021,120.9167
42820,inventory,2022,96.5833
42820,inventory,2023,85.4167
42820,inventory,2024,111.75
42820,inventory,2025,125.25
42820,inventory,2026,117.25
42820,inventory,2026-08,105.0
42860,inventory,2018,789.0
42860,inventory,2019,643.75
42860,inventory,2020,437.8333
42860,inventory,2021,461.6364
42860,inventory,2022,409.25
42860,inventory,2023,358.3333
42860,inventory,2024,428.75
42860,inventory,2025,473.4167
42860,inventory,2026,523.5
42860,inventory,2026-08,592.0
42900,inventory,2018,138.5
42900,inventory,2019,132.9167
42900,inventory,2020,91.0833
42900,inventory,2021,109.9167
42900,inventory,2022,108.1667
42900,inventory,2023,82.8333
42900,inventory,2024,49.5833
42900,inventory,2025,59.4167
42900,inventory,2026,57.25
42900,inventory,2026-08,73.0
42940,inventory,2018,1079.1
42940,inventory,2019,913.25
42940,inventory,2020,732.75
42940,inventory,2021,684.75
42940,inventory,2022,936.1667
42940,inventory,2023,1029.3333
42940,inventory,2024,1573.75
42940,inventory,2025,2055.4167
42940,inventory,2026,2223.75
42940,inventory,2026-08,2462.0
42980,inventory,2018,137.1
42980,inventory,2019,123.75
42980,inventory,2020,109.9167
42980,inventory,2021,88.0
42980,inventory,2022,98.9167
42980,inventory,2023,78.4167
42980,inventory,2024,87.3333
42980,inventory,2025,106.0833
42980,inventory,2026,131.875
42980,inventory,2026-08,149.0
43020,inventory,2018,283.5
43020,inventory,2019,268.1667
43020,inventory,2020,213.25
43020,inventory,2021,391.3333
43020,inventory,2022,376.5833
43020,inventory,2023,209.9167
43020,inventory,2024,133.6667
43020,inventory,2025,125.5833
43020,inventory,2026,134.375
43020,inventory,2026-08,163.0
43060,inventory,2018,388.9
43060,inventory,2019,306.1667
43060,inventory,2020,230.75
43060,inventory,2021,259.4545
43060,inventory,2022,313.1667
43060,inventory,2023,306.3333
43060,inventory,2024,331.6667
43060,inventory,2025,361.3333
43060,inventory,2026,388.25
43060,inventory,2026-08,397.0
43100,inventory,2018,493.5
43100,inventory,2019,499.0
43100,inventory,2020,386.6667
43100,inventory,2021,355.5833
43100,inventory,2022,288.5833
43100,inventory,2023,221.5
43100,inventory,2024,249.0833
43100,inventory,2025,282.5833
43100,inventory,2026,298.0
43100,inventory,2026-08,376.0
43140,inventory,2018,381.5
43140,inventory,2019,281.4167
43140,inventory,2020,184.6667
43140,inventory,2021,236.4167
43140,inventory,2022,323.0833
43140,inventory,2023,325.5833
43140,inventory,2024,330.1667
43140,inventory,2025,385.5
43140,inventory,2026,402.125
43140,inventory,2026-08,451.0
43180,inventory,2018,205.4
43180,inventory,2019,201.6667
43180,inventory,2020,190.8333
43180,inventory,2021,135.5833
43180,inventory,2022,171.1667
43180,inventory,2023,188.75
43180,inventory,2024,191.5833
43180,inventory,2025,237.25
43180,inventory,2026,218.0
43180,inventory,2026-08,226.0
43220,inventory,2018,392.0
43220,inventory,2019,319.9167
43220,inventory,2020,207.0833
43220,inventory,2021,171.5833
43220,inventory,2022,228.3333
43220,inventory,2023,222.9167
43220,inventory,2024,247.5833
43220,inventory,2025,305.4167
43220,inventory,2026,324.625
43220,inventory,2026-08,452.0
43260,inventory,2018,414.2
43260,inventory,2019,373.25
43260,inventory,2020,314.5
43260,inventory,2021,231.0833
43260,inventory,2022,235.6667
43260,inventory,2023,260.4167
43260,inventory,2024,302.9167
43260,inventory,2025,351.1667
43260,inventory,2026,277.75
43260,inventory,2026-08,317.0
43300,inventory,2018,488.6
43300,inventory,2019,864.9167
43300,inventory,2020,760.3333
43300,inventory,2021,560.4167
43300,inventory,2022,580.8333
43300,inventory,2023,757.5
43300,inventory,2024,1036.0
43300,inventory,2025,1342.3333
43300,inventory,2026,1390.125
43300,inventory,2026-08,1505.0
43320,inventory,2018,937.6
43320,inventory,2019,801.4167
43320,inventory,2020,580.75
43320,inventory,2021,483.3333
43320,inventory,2022,581.5833
43320,inventory,2023,570.6667
43320,inventory,2024,601.25
43320,inventory,2025,716.0
43320,inventory,2026,779.75
43320,inventory,2026-08,982.0
43340,inventory,2018,1873.8
43340,inventory,2019,1752.6667
43340,inventory,2020,1472.5833
43340,inventory,2021,1561.5455
43340,inventory,2022,1353.3333
43340,inventory,2023,1321.75
43340,inventory,2024,1576.75
43340,inventory,2025,1802.3333
43340,inventory,2026,1712.25
43340,inventory,2026-08,1745.0
43380,inventory,2018,201.4
43380,inventory,2019,181.75
43380,inventory,2020,128.5833
43380,inventory,2021,109.8333
43380,inventory,2022,94.8333
43380,inventory,2023,85.9167
43380,inventory,2024,99.9167
43380,inventory,2025,117.25
43380,inventory,2026,114.125
43380,inventory,2026-08,140.0
43420,inventory,2018,997.4
43420,inventory,2019,862.0
43420,inventory,2020,665.0
43420,inventory,2021,607.8333
43420,inventory,2022,591.75
43420,inventory,2023,562.5833
43420,inventory,2024,585.9167
43420,inventory,2025,643.25
43420,inventory,2026,660.625
43420,inventory,2026-08,667.0
43460,inventory,2018,219.7
43460,inventory,2019,226.9167
43460,inventory,2020,200.0833
43460,inventory,2021,242.8333
43460,inventory,2022,341.0
43460,inventory,2023,255.1667
43460,inventory,2024,149.5833
43460,inventory,2025,137.3333
43460,inventory,2026,138.375
43460,inventory,2026-08,144.0
43500,inventory,2018,275.0
43500,inventory,2019,248.5
43500,inventory,2020,188.1667
43500,inventory,2021,129.8333
43500,inventory,2022,98.5833
43500,inventory,2023,109.25
43500,inventory,2024,129.75
43500,inventory,2025,154.5833
43500,inventory,2026,166.0
43500,inventory,2026-08,180.0
43580,inventory,2018,610.7
43580,inventory,2019,573.6667
43580,inventory,2020,547.25
43580,inventory,2021,472.9167
43580,inventory,2022,389.25
43580,inventory,2023,379.8333
43580,inventory,2024,377.8333
43580,inventory,2025,379.8333
43580,inventory,2026,396.5
43580,inventory,2026-08,469.0
43620,inventory,2018,1611.8
43620,inventory,2019,1568.75
43620,inventory,2020,1381.9167
43620,inventory,2021,975.5
43620,inventory,2022,820.5833
43620,inventory,2023,816.4167
43620,inventory,2024,1098.5833
43620,inventory,2025,1175.5833
43620,inventory,2026,1278.875
43620,inventory,2026-08,1532.0
43660,inventory,2018,154.5
43660,inventory,2019,126.6667
43660,inventory,2020,96.5
43660,inventory,2021,57.75
43660,inventory,2022,68.4167
43660,inventory,2023,57.0
43660,inventory,2024,65.4167
43660,inventory,2025,61.5
43660,inventory,2026,53.0
43660,inventory,2026-08,54.0
43700,inventory,2018,603.7
43700,inventory,2019,549.5
43700,inventory,2020,401.1667
43700,inventory,2021,360.8333
43700,inventory,2022,384.9167
43700,inventory,2023,323.9167
43700,inventory,2024,315.5833
43700,inventory,2025,370.3333
43700,inventory,2026,402.0
43700,inventory,2026-08,435.0
43740,inventory,2018,519.4
43740,inventory,2019,490.25
43740,inventory,2020,380.8333
43740,inventory,2021,279.8333
43740,inventory,2022,250.3333
43740,inventory,2023,207.6667
43740,inventory,2024,181.9167
43740,inventory,2025,193.5
43740,inventory,2026,198.75
43740,inventory,2026-08,218.0
43760,inventory,2018,587.8
43760,inventory,2019,656.4167
43760,inventory,2020,513.5833
43760,inventory,2021,675.5833
43760,inventory,2022,821.3333
43760,inventory,2023,589.6667
43760,inventory,2024,372.3333
43760,inventory,2025,167.5
43760,inventory,2026,97.0
43760,inventory,2026-07,125.0
43780,inventory,2018,1494.7
43780,inventory,2019,1375.1667
43780,inventory,2020,1114.6667
43780,inventory,2021,836.5
43780,inventory,2022,742.8333
43780,inventory,2023,771.3333
43780,inventory,2024,965.1667
43780,inventory,2025,1039.1667
43780,inventory,2026,965.125
43780,inventory,2026-08,1167.0
43900,inventory,2018,1950.1
43900,inventory,2019,2010.5
43900,inventory,2020,1633.5
43900,inventory,2021,909.0909
43900,inventory,2022,828.5
43900,inventory,2023,946.75
43900,inventory,2024,1195.25
43900,inventory,2025,1382.4167
43900,inventory,2026,1610.375
43900,inventory,2026-08,1812.0
43940,inventory,2018,288.2
43940,inventory,2019,270.3333
43940,inventory,2020,218.25
43940,inventory,2021,127.4167
43940,inventory,2022,121.5833
43940,inventory,2023,138.6667
43940,inventory,2024,176.25
43940,inventory,2025,206.0
43940,inventory,2026,234.375
43940,inventory,2026-08,288.0
43980,inventory,2018,94.9
43980,inventory,2019,96.5833
43980,inventory,2020,84.8333
43980,inventory,2021,65.8333
43980,inventory,2022,74.0833
43980,inventory,2023,73.0
43980,inventory,2024,61.0
43980,inventory,2025,74.5833
43980,inventory,2026,78.25
43980,inventory,2026-08,95.0
44020,inventory,2018,272.9
44020,inventory,2019,264.5833
44020,inventory,2020,217.9167
44020,inventory,2021,103.5833
44020,inventory,2022,92.6667
44020,inventory,2023,112.9167
44020,inventory,2024,163.75
44020,inventory,2025,214.3333
44020,inventory,2026,222.875
44020,inventory,2026-08,286.0
44060,inventory,2018,2853.0
44060,inventory,2019,2412.0
44060,inventory,2020,1623.75
44060,inventory,2021,1344.6667
44060,inventory,2022,1551.75
44060,inventory,2023,1576.8333
44060,inventory,2024,1817.5833
44060,inventory,2025,2184.5
44060,inventory,2026,2333.75
44060,inventory,2026-08,3004.0
44100,inventory,2018,1314.5
44100,inventory,2019,1255.5833
44100,inventory,2020,940.5833
44100,inventory,2021,647.9167
44100,inventory,2022,482.25
44100,inventory,2023,403.3333
44100,inventory,2024,414.6667
44100,inventory,2025,429.9167
44100,inventory,2026,412.375
44100,inventory,2026-08,507.0
44140,inventory,2018,2363.6
44140,inventory,2019,2211.75
44140,inventory,2020,1620.0
44140,inventory,2021,1324.0833
44140,inventory,2022,1279.4167
44140,inventory,2023,996.75
44140,inventory,2024,1040.3333
44140,inventory,2025,1172.4167
44140,inventory,2026,1174.0
44140,inventory,2026-08,1557.0
44180,inventory,2018,2781.3
44180,inventory,2019,2432.5
44180,inventory,2020,1887.1667
44180,inventory,2021,1860.5833
44180,inventory,2022,1821.9167
44180,inventory,2023,1683.0
44180,inventory,2024,1627.3333
44180,inventory,2025,1993.8333
44180,inventory,2026,1999.375
44180,inventory,2026-08,2187.0
44220,inventory,2018,535.9
44220,inventory,2019,452.4167
44220,inventory,2020,329.0
44220,inventory,2021,287.25
44220,inventory,2022,288.25
44220,inventory,2023,266.75
44220,inventory,2024,314.75
44220,inventory,2025,381.5
44220,inventory,2026,344.625
44220,inventory,2026-08,385.0
44260,inventory,2018,283.8
44260,inventory,2019,277.5
44260,inventory,2020,234.0833
44260,inventory,2021,209.5833
44260,inventory,2022,133.25
44260,inventory,2023,125.75
44260,inventory,2024,214.0
44260,inventory,2025,228.75
44260,inventory,2026,214.875
44260,inventory,2026-08,246.0
44300,inventory,2018,399.9
44300,inventory,2019,425.6667
44300,inventory,2020,368.4167
44300,inventory,2021,273.25
44300,inventory,2022,232.25
44300,inventory,2023,207.0
44300,inventory,2024,239.75
44300,inventory,2025,257.3333
44300,inventory,2026,271.75
44300,inventory,2026-08,331.0
44340,inventory,2018,441.4
44340,inventory,2019,386.1667
44340,inventory,2020,302.9167
44340,inventory,2021,207.5
44340,inventory,2022,180.3333
44340,inventory,2023,149.0
44340,inventory,2024,172.1667
44340,inventory,2025,219.5
44340,inventory,2026,257.25
44340,inventory,2026-08,282.0
44420,inventory,2018,622.2
44420,inventory,2019,533.3333
44420,inventory,2020,387.1667
44420,inventory,2021,337.0
44420,inventory,2022,295.4167
44420,inventory,2023,257.75
44420,inventory,2024,293.3333
44420,inventory,2025,337.3333
44420,inventory,2026,311.125
44420,inventory,2026-08,377.0
44460,inventory,2018,523.6
44460,inventory,2019,528.4167
44460,inventory,2020,383.0
44460,inventory,2021,206.0
44460,inventory,2022,162.3333
44460,inventory,2023,166.4167
44460,inventory,2024,224.5
44460,inventory,2025,317.1667
44460,inventory,2026,343.125
44460,inventory,2026-08,445.0
44500,inventory,2018,184.6
44500,inventory,2019,192.4167
44500,inventory,2020,201.0833
44500,inventory,2021,209.8333
44500,inventory,2022,228.8333
44500,inventory,2023,238.5
44500,inventory,2024,216.25
44500,inventory,2025,259.0833
44500,inventory,2026,264.25
44500,inventory,2026-08,284.0
44540,inventory,2018,78.3
44540,inventory,2019,75.25
44540,inventory,2020,63.0
44540,inventory,2021,68.0
44540,inventory,2022,84.25
44540,inventory,2023,101.5
44540,inventory,2024,90.3333
44540,inventory,2025,111.1667
44540,inventory,2026,105.75
44540,inventory,2026-08,111.0
44580,inventory,2018,324.2
44580,inventory,2019,314.3333
44580,inventory,2020,278.8333
44580,inventory,2021,262.9167
44580,inventory,2022,246.5
44580,inventory,2023,193.25
44580,inventory,2024,148.5
44580,inventory,2025,165.1667
44580,inventory,2026,168.875
44580,inventory,2026-08,185.0
44620,inventory,2018,310.9
44620,inventory,2019,300.4167
44620,inventory,2020,261.4167
44620,inventory,2021,308.3333
44620,inventory,2022,263.6667
44620,inventory,2023,189.1667
44620,inventory,2024,146.5833
44620,inventory,2025,161.0
44620,inventory,2026,164.375
44620,inventory,2026-08,210.0
44660,inventory,2018,417.7
44660,inventory,2019,420.0
44660,inventory,2020,341.1667
44660,inventory,2021,250.5
44660,inventory,2022,222.6667
44660,inventory,2023,248.1667
44660,inventory,2024,300.9167
44660,inventory,2025,301.8333
44660,inventory,2026,353.25
44660,inventory,2026-08,399.0
44700,inventory,2018,1801.8
44700,inventory,2019,1889.0
44700,inventory,2020,1363.25
44700,inventory,2021,1246.5833
44700,inventory,2022,1439.4167
44700,inventory,2023,1130.25
44700,inventory,2024,1289.5
44700,inventory,2025,1664.0833
44700,inventory,2026,1618.625
44700,inventory,2026-08,1906.0
44740,inventory,2018,79.9
44740,inventory,2019,71.8333
44740,inventory,2020,49.1667
44740,inventory,2021,56.4167
44740,inventory,2022,53.75
44740,inventory,2023,59.25
44740,inventory,2024,44.75
44740,inventory,2025,57.1667
44740,inventory,2026,72.75
44740,inventory,2026-08,84.0
44780,inventory,2018,286.9
44780,inventory,2019,258.9167
44780,inventory,2020,217.9167
44780,inventory,2021,161.5
44780,inventory,2022,151.0
44780,inventory,2023,129.5833
44780,inventory,2024,161.25
44780,inventory,2025,175.3333
44780,inventory,2026,171.5
44780,inventory,2026-08,227.0
44860,inventory,2018,152.4
44860,inventory,2019,128.6667
44860,inventory,2020,120.8333
44860,inventory,2021,97.6667
44860,inventory,2022,105.5
44860,inventory,2023,134.75
44860,inventory,2024,170.5833
44860,inventory,2025,217.25
44860,inventory,2026,212.25
44860,inventory,2026-08,231.0
44900,inventory,2018,114.2
44900,inventory,2019,109.8333
44900,inventory,2020,89.6667
44900,inventory,2021,59.5833
44900,inventory,2022,72.5833
44900,inventory,2023,77.5
44900,inventory,2024,82.5833
44900,inventory,2025,86.3333
44900,inventory,2026,96.0
44900,inventory,2026-08,108.0
44940,inventory,2018,576.0
44940,inventory,2019,499.0833
44940,inventory,2020,369.75
44940,inventory,2021,374.25
44940,inventory,2022,402.5
44940,inventory,2023,373.1667
44940,inventory,2024,379.5
44940,inventory,2025,471.25
44940,inventory,2026,512.0
44940,inventory,2026-08,574.0
44980,inventory,2018,422.3
44980,inventory,2019,405.25
44980,inventory,2020,330.25
44980,inventory,2021,237.9167
44980,inventory,2022,198.8333
44980,inventory,2023,210.8333
44980,inventory,2024,218.1667
44980,inventory,2025,208.0
44980,inventory,2026,239.75
44980,inventory,2026-08,266.0
45000,inventory,2018,244.3
45000,inventory,2019,259.0
45000,inventory,2020,208.6667
45000,inventory,2021,343.8333
45000,inventory,2022,406.0833
45000,inventory,2023,287.5833
45000,inventory,2024,173.9167
45000,inventory,2025,180.75
45000,inventory,2026,159.375
45000,inventory,2026-08,202.0
45020,inventory,2018,80.3
45020,inventory,2019,68.0
45020,inventory,2020,49.5
45020,inventory,2021,57.25
45020,inventory,2022,80.8333
45020,inventory,2023,84.6667
45020,inventory,2024,84.1667
45020,inventory,2025,84.3333
45020,inventory,2026,86.75
45020,inventory,2026-08,86.0
45060,inventory,2018,2988.7
45060,inventory,2019,2594.5833
45060,inventory,2020,1819.0
45060,inventory,2021,1456.8333
45060,inventory,2022,1240.25
45060,inventory,2023,1015.25
45060,inventory,2024,1016.75
45060,inventory,2025,1050.3333
45060,inventory,2026,1005.25
45060,inventory,2026-08,1397.0
45140,inventory,2018,349.4
45140,inventory,2019,292.6667
45140,inventory,2020,240.8333
45140,inventory,2021,192.5
45140,inventory,2022,241.4167
45140,inventory,2023,292.0833
45140,inventory,2024,222.8333
45140,inventory,2025,217.5
45140,inventory,2026,228.875
45140,inventory,2026-08,234.0
45180,inventory,2018,438.4
45180,inventory,2019,422.5
45180,inventory,2020,341.25
45180,inventory,2021,248.5833
45180,inventory,2022,266.5
45180,inventory,2023,250.6667
45180,inventory,2024,272.25
45180,inventory,2025,328.9167
45180,inventory,2026,337.0
45180,inventory,2026-08,327.0
45220,inventory,2018,1926.9
45220,inventory,2019,1799.1667
45220,inventory,2020,1560.4167
45220,inventory,2021,1171.8333
45220,inventory,2022,958.5833
45220,inventory,2023,903.5833
45220,inventory,2024,1187.0833
45220,inventory,2025,1458.3333
45220,inventory,2026,1477.25
45220,inventory,2026-08,1569.0
45300,inventory,2018,18924.7
45300,inventory,2019,18930.25
45300,inventory,2020,15012.3333
45300,inventory,2021,10844.9167
45300,inventory,2022,11505.3333
45300,inventory,2023,13427.1667
45300,inventory,2024,19733.1667
45300,inventory,2025,22755.3333
45300,inventory,2026,22156.875
45300,inventory,2026-08,22040.0
45340,inventory,2018,410.2
45340,inventory,2019,396.6667
45340,inventory,2020,355.0833
45340,inventory,2021,218.75
45340,inventory,2022,179.4167
45340,inventory,2023,188.5
45340,inventory,2024,227.25
45340,inventory,2025,299.4167
45340,inventory,2026,344.25
45340,inventory,2026-08,400.0
45380,inventory,2018,163.4
45380,inventory,2019,181.8333
45380,inventory,2020,152.0
45380,inventory,2021,205.0
45380,inventory,2022,217.4167
45380,inventory,2023,142.0
45380,inventory,2024,77.25
45380,inventory,2025,89.8333
45380,inventory,2026,94.375
45380,inventory,2026-08,99.0
45460,inventory,2018,656.2
45460,inventory,2019,660.5833
45460,inventory,2020,558.6667
45460,inventory,2021,520.0
45460,inventory,2022,476.75
45460,inventory,2023,443.1667
45460,inventory,2024,505.9167
45460,inventory,2025,575.25
45460,inventory,2026,620.75
45460,inventory,2026-08,666.0
45500,inventory,2018,613.0
45500,inventory,2019,613.0833
45500,inventory,2020,489.1667
45500,inventory,2021,435.6667
45500,inventory,2022,503.8333
45500,inventory,2023,543.4167
45500,inventory,2024,570.5833
45500,inventory,2025,654.5
45500,inventory,2026,714.5
45500,inventory,2026-08,750.0
45520,inventory,2018,104.8
45520,inventory,2019,113.0833
45520,inventory,2020,103.0
45520,inventory,2021,71.3333
45520,inventory,2022,96.0
45520,inventory,2023,106.1667
45520,inventory,2024,115.0
45520,inventory,2025,112.25
45520,inventory,2026,107.75
45520,inventory,2026-08,127.0
45580,inventory,2018,126.7
45580,inventory,2019,121.8333
45580,inventory,2020,90.0833
45580,inventory,2021,73.5833
45580,inventory,2022,98.0833
45580,inventory,2023,99.0833
45580,inventory,2024,104.1667
45580,inventory,2025,131.0
45580,inventory,2026,131.5
45580,inventory,2026-08,137.0
45620,inventory,2018,340.3
45620,inventory,2019,293.3333
45620,inventory,2020,233.6667
45620,inventory,2021,176.3333
45620,inventory,2022,204.0833
45620,inventory,2023,177.5833
45620,inventory,2024,174.8333
45620,inventory,2025,215.0833
45620,inventory,2026,243.625
45620,inventory,2026-08,264.0
45660,inventory,2018,136.7
45660,inventory,2019,126.9167
45660,inventory,2020,110.4167
45660,inventory,2021,109.3333
45660,inventory,2022,139.5
45660,inventory,2023,99.75
45660,inventory,2024,81.9167
45660,inventory,2025,100.0
45660,inventory,2026,85.0
45660,inventory,2026-08,100.0
45700,inventory,2018,174.3
45700,inventory,2019,149.9167
45700,inventory,2020,113.5
45700,inventory,2021,91.8333
45700,inventory,2022,95.75
45700,inventory,2023,94.75
45700,inventory,2024,102.0833
45700,inventory,2025,120.0
45700,inventory,2026,138.25
45700,inventory,2026-08,148.0
45740,inventory,2018,196.2
45740,inventory,2019,152.8333
45740,inventory,2020,109.5833
45740,inventory,2021,167.4167
45740,inventory,2022,214.6667
45740,inventory,2023,154.5
45740,inventory,2024,109.0
45740,inventory,2025,119.4167
45740,inventory,2026,137.125
45740,inventory,2026-08,154.0
45780,inventory,2018,3103.8
45780,inventory,2019,2697.5833
45780,inventory,2020,2089.8333
45780,inventory,2021,1583.1667
45780,inventory,2022,1502.6667
45780,inventory,2023,1326.6667
45780,inventory,2024,1356.5833
45780,inventory,2025,1548.8333
45780,inventory,2026,1639.0
45780,inventory,2026-08,1897.0
45820,inventory,2018,927.7
45820,inventory,2019,791.5833
45820,inventory,2020,596.5
45820,inventory,2021,498.8333
45820,inventory,2022,460.8333
45820,inventory,2023,490.0833
45820,inventory,2024,537.0
45820,inventory,2025,566.8333
45820,inventory,2026,553.875
45820,inventory,2026-08,664.0
45860,inventory,2018,1791.7
45860,inventory,2019,1653.25
45860,inventory,2020,1287.25
45860,inventory,2021,834.4167
45860,inventory,2022,630.6667
45860,inventory,2023,489.9167
45860,inventory,2024,533.25
45860,inventory,2025,582.4167
45860,inventory,2026,558.875
45860,inventory,2026-08,697.0
45900,inventory,2018,1845.4
45900,inventory,2019,1730.0833
45900,inventory,2020,1303.4167
45900,inventory,2021,885.75
45900,inventory,2022,807.25
45900,inventory,2023,806.5833
45900,inventory,2024,777.6667
45900,inventory,2025,796.9167
45900,inventory,2026,747.375
45900,inventory,2026-08,1113.0
45940,inventory,2018,1901.3
45940,inventory,2019,1758.25
45940,inventory,2020,1241.0
45940,inventory,2021,1057.0
45940,inventory,2022,854.75
45940,inventory,2023,621.6667
45940,inventory,2024,682.1667
45940,inventory,2025,799.3333
45940,inventory,2026,850.5
45940,inventory,2026-08,1047.0
45980,inventory,2018,189.8
45980,inventory,2019,173.1667
45980,inventory,2020,136.5
45980,inventory,2021,105.0
45980,inventory,2022,95.75
45980,inventory,2023,99.4167
45980,inventory,2024,137.5833
45980,inventory,2025,159.75
45980,inventory,2026,158.875
45980,inventory,2026-08,169.0
46020,inventory,2018,841.1
46020,inventory,2019,888.8333
46020,inventory,2020,687.5
46020,inventory,2021,485.75
46020,inventory,2022,600.5
46020,inventory,2023,527.3333
46020,inventory,2024,601.25
46020,inventory,2025,673.5
46020,inventory,2026,513.625
46020,inventory,2026-08,649.0
46060,inventory,2018,4943.5
46060,inventory,2019,4810.9167
46060,inventory,2020,3852.25
46060,inventory,2021,2959.3333
46060,inventory,2022,3010.9167
46060,inventory,2023,2818.0
46060,inventory,2024,3601.6667
46060,inventory,2025,4741.1667
46060,inventory,2026,4986.875
46060,inventory,2026-08,4834.0
46100,inventory,2018,532.2
46100,inventory,2019,511.1667
46100,inventory,2020,395.3333
46100,inventory,2021,351.4167
46100,inventory,2022,454.0
46100,inventory,2023,464.3333
46100,inventory,2024,486.5
46100,inventory,2025,592.8333
46100,inventory,2026,614.5
46100,inventory,2026-08,642.0
46140,inventory,2018,6269.8
46140,inventory,2019,5372.25
46140,inventory,2020,4164.25
46140,inventory,2021,3236.8333
46140,inventory,2022,3130.8333
46140,inventory,2023,3427.0833
46140,inventory,2024,3945.9167
46140,inventory,2025,4473.1667
46140,inventory,2026,4497.5
46140,inventory,2026-08,4701.0
46180,inventory,2018,583.7
46180,inventory,2019,600.4167
46180,inventory,2020,477.5833
46180,inventory,2021,435.3333
46180,inventory,2022,533.8333
46180,inventory,2023,560.5833
46180,inventory,2024,514.9167
46180,inventory,2025,531.8333
46180,inventory,2026,599.0
46180,inventory,2026-08,626.0
46220,inventory,2018,1178.7
46220,inventory,2019,1177.9167
46220,inventory,2020,1048.8333
46220,inventory,2021,838.75
46220,inventory,2022,719.0833
46220,inventory,2023,699.0833
46220,inventory,2024,770.6667
46220,inventory,2025,862.8333
46220,inventory,2026,1025.875
46220,inventory,2026-08,1080.0
46300,inventory,2018,636.7
46300,inventory,2019,616.25
46300,inventory,2020,460.8333
46300,inventory,2021,322.4167
46300,inventory,2022,387.6667
46300,inventory,2023,401.6667
46300,inventory,2024,429.9167
46300,inventory,2025,484.25
46300,inventory,2026,476.375
46300,inventory,2026-08,520.0
46340,inventory,2018,1351.8
46340,inventory,2019,1191.5
46340,inventory,2020,895.9167
46340,inventory,2021,914.4167
46340,inventory,2022,976.8333
46340,inventory,2023,1089.9167
46340,inventory,2024,1203.5833
46340,inventory,2025,1484.6667
46340,inventory,2026,1589.75
46340,inventory,2026-08,1660.0
46380,inventory,2018,570.8
46380,inventory,2019,519.5
46380,inventory,2020,326.75
46380,inventory,2021,226.6667
46380,inventory,2022,321.3333
46380,inventory,2023,310.4167
46380,inventory,2024,338.9167
46380,inventory,2025,399.6667
46380,inventory,2026,371.25
46380,inventory,2026-08,428.0
46460,inventory,2018,209.3
46460,inventory,2019,167.0
46460,inventory,2020,122.6667
46460,inventory,2021,106.5
46460,inventory,2022,93.1667
46460,inventory,2023,75.4167
46460,inventory,2024,93.25
46460,inventory,2025,113.1667
46460,inventory,2026,137.875
46460,inventory,2026-08,137.0
46500,inventory,2018,136.4
46500,inventory,2019,134.75
46500,inventory,2020,101.5833
46500,inventory,2021,90.3333
46500,inventory,2022,95.3333
46500,inventory,2023,84.1667
46500,inventory,2024,85.9167
46500,inventory,2025,80.5
46500,inventory,2026,90.5
46500,inventory,2026-08,108.0
46520,inventory,2018,4346.8
46520,inventory,2019,4858.4167
46520,inventory,2020,4403.1667
46520,inventory,2021,2954.25
46520,inventory,2022,2584.5
46520,inventory,2023,2674.6667
46520,inventory,2024,3189.3333
46520,inventory,2025,3897.8333
46520,inventory,2026,3743.625
46520,inventory,2026-08,4029.0
46540,inventory,2018,1468.8
46540,inventory,2019,1187.5
46540,inventory,2020,872.0
46540,inventory,2021,689.9167
46540,inventory,2022,600.25
46540,inventory,2023,529.0833
46540,inventory,2024,541.0833
46540,inventory,2025,614.0
46540,inventory,2026,662.0
46540,inventory,2026-08,868.0
46620,inventory,2018,168.3
46620,inventory,2019,156.1667
46620,inventory,2020,129.5
46620,inventory,2021,100.0
46620,inventory,2022,125.25
46620,inventory,2023,157.75
46620,inventory,2024,157.4167
46620,inventory,2025,185.6667
46620,inventory,2026,217.25
46620,inventory,2026-08,223.0
46660,inventory,2018,869.2
46660,inventory,2019,782.5833
46660,inventory,2020,623.1667
46660,inventory,2021,491.8333
46660,inventory,2022,493.4167
46660,inventory,2023,463.5833
46660,inventory,2024,530.3333
46660,inventory,2025,562.0833
46660,inventory,2026,694.75
46660,inventory,2026-08,748.0
46700,inventory,2018,1157.3
46700,inventory,2019,1190.1667
46700,inventory,2020,853.75
46700,inventory,2021,762.3333
46700,inventory,2022,904.75
46700,inventory,2023,710.3333
46700,inventory,2024,852.1667
46700,inventory,2025,1087.5833
46700,inventory,2026,1044.0
46700,inventory,2026-08,1195.0
46780,inventory,2018,83.4
46780,inventory,2019,79.5833
46780,inventory,2020,82.1667
46780,inventory,2021,89.4167
46780,inventory,2022,107.9167
46780,inventory,2023,69.4167
46780,inventory,2024,61.8333
46780,inventory,2025,57.1667
46780,inventory,2026,54.75
46780,inventory,2026-08,63.0
46820,inventory,2018,46.0
46820,inventory,2019,44.4167
46820,inventory,2020,37.9167
46820,inventory,2021,29.9167
46820,inventory,2022,32.5833
46820,inventory,2023,31.5
46820,inventory,2024,40.0833
46820,inventory,2025,51.6667
46820,inventory,2026,55.375
46820,inventory,2026-08,74.0
46860,inventory,2018,312.6
46860,inventory,2019,312.5833
46860,inventory,2020,258.25
46860,inventory,2021,395.6364
46860,inventory,2022,347.9167
46860,inventory,2023,221.4167
46860,inventory,2024,154.9167
46860,inventory,2025,154.8333
46860,inventory,2026,143.0
46860,inventory,2026-08,168.0
46900,inventory,2018,35.7
46900,inventory,2019,38.5833
46900,inventory,2020,26.1667
46900,inventory,2021,22.0833
46900,inventory,2022,33.8333
46900,inventory,2023,46.6667
46900,inventory,2024,39.6667
46900,inventory,2025,53.3333
46900,inventory,2026,40.25
46900,inventory,2026-08,30.0
46980,inventory,2018,312.1
46980,inventory,2019,249.0833
46980,inventory,2020,182.25
46980,inventory,2021,126.5
46980,inventory,2022,134.5833
46980,inventory,2023,137.0833
46980,inventory,2024,124.3333
46980,inventory,2025,142.9167
46980,inventory,2026,145.375
46980,inventory,2026-08,134.0
47020,inventory,2018,413.8
47020,inventory,2019,402.0
47020,inventory,2020,391.25
47020,inventory,2021,338.0
47020,inventory,2022,393.0
47020,inventory,2023,420.75
47020,inventory,2024,398.4167
47020,inventory,2025,413.75
47020,inventory,2026,374.0
47020,inventory,2026-08,399.0
47080,inventory,2018,167.2
47080,inventory,2019,150.9167
47080,inventory,2020,139.4167
47080,inventory,2021,86.5833
47080,inventory,2022,66.9167
47080,inventory,2023,63.75
47080,inventory,2024,68.6667
47080,inventory,2025,79.9167
47080,inventory,2026,108.875
47080,inventory,2026-08,107.0
47180,inventory,2018,156.8
47180,inventory,2019,135.5
47180,inventory,2020,102.0
47180,inventory,2021,91.5
47180,inventory,2022,93.4167
47180,inventory,2023,83.1667
47180,inventory,2024,109.5
47180,inventory,2025,117.4167
47180,inventory,2026,112.25
47180,inventory,2026-08,124.0
47220,inventory,2018,889.6
47220,inventory,2019,860.4167
47220,inventory,2020,590.5833
47220,inventory,2021,451.9167
47220,inventory,2022,429.3333
47220,inventory,2023,338.6667
47220,inventory,2024,361.0833
47220,inventory,2025,392.4167
47220,inventory,2026,386.75
47220,inventory,2026-08,438.0
47240,inventory,2018,331.7
47240,inventory,2019,318.3333
47240,inventory,2020,257.25
47240,inventory,2021,147.0
47240,inventory,2022,132.75
47240,inventory,2023,153.3333
47240,inventory,2024,195.9167
47240,inventory,2025,214.25
47240,inventory,2026,190.25
47240,inventory,2026-08,254.0
47260,inventory,2018,11910.5
47260,inventory,2019,10844.4167
47260,inventory,2020,8233.6667
47260,inventory,2021,7027.1667
47260,inventory,2022,5635.75
47260,inventory,2023,4846.9167
47260,inventory,2024,5564.0
47260,inventory,2025,6547.1667
47260,inventory,2026,6683.625
47260,inventory,2026-08,7638.0
47300,inventory,2018,1043.6
47300,inventory,2019,1114.8333
47300,inventory,2020,847.75
47300,inventory,2021,675.0
47300,inventory,2022,818.8333
47300,inventory,2023,727.8333
47300,inventory,2024,771.8333
47300,inventory,2025,914.8333
47300,inventory,2026,908.25
47300,inventory,2026-08,1015.0
47340,inventory,2018,160.8
47340,inventory,2019,120.0833
47340,inventory,2020,126.5
47340,inventory,2021,79.8333
47340,inventory,2022,71.75
47340,inventory,2023,77.8333
47340,inventory,2024,83.75
47340,inventory,2025,88.5833
47340,inventory,2026,86.75
47340,inventory,2026-08,106.0
47380,inventory,2018,1098.0
47380,inventory,2019,1121.8333
47380,inventory,2020,992.75
47380,inventory,2021,773.0833
47380,inventory,2022,996.5833
47380,inventory,2023,1203.75
47380,inventory,2024,1250.0
47380,inventory,2025,1518.25
47380,inventory,2026,1562.5
47380,inventory,2026-08,1630.0
47420,inventory,2018,59.9
47420,inventory,2019,84.4167
47420,inventory,2020,59.3333
47420,inventory,2021,66.6667
47420,inventory,2022,80.5833
47420,inventory,2023,70.25
47420,inventory,2024,80.0833
47420,inventory,2025,66.5833
47420,inventory,2026,69.875
47420,inventory,2026-08,86.0
47460,inventory,2018,311.1
47460,inventory,2019,305.0
47460,inventory,2020,211.5833
47460,inventory,2021,152.5833
47460,inventory,2022,162.9167
47460,inventory,2023,167.5
47460,inventory,2024,191.9167
47460,inventory,2025,217.75
47460,inventory,2026,260.375
47460,inventory,2026-08,349.0
47540,inventory,2018,177.2
47540,inventory,2019,156.5833
47540,inventory,2020,124.9167
47540,inventory,2021,90.3333
47540,inventory,2022,88.3333
47540,inventory,2023,84.3333
47540,inventory,2024,91.0833
47540,inventory,2025,89.1667
47540,inventory,2026,98.625
47540,inventory,2026-08,124.0
47580,inventory,2018,865.5
47580,inventory,2019,794.25
47580,inventory,2020,655.1667
47580,inventory,2021,493.3333
47580,inventory,2022,545.5
47580,inventory,2023,501.0833
47580,inventory,2024,594.8333
47580,inventory,2025,690.5833
47580,inventory,2026,733.25
47580,inventory,2026-08,741.0
47620,inventory,2018,232.8
47620,inventory,2019,214.1667
47620,inventory,2020,140.5833
47620,inventory,2021,80.4167
47620,inventory,2022,80.1667
47620,inventory,2023,83.8333
47620,inventory,2024,85.4167
47620,inventory,2025,94.0833
47620,inventory,2026,84.625
47620,inventory,2026-08,117.0
47660,inventory,2018,279.9
47660,inventory,2019,242.4167
47660,inventory,2020,189.9167
47660,inventory,2021,159.9167
47660,inventory,2022,180.25
47660,inventory,2023,152.75
47660,inventory,2024,193.75
47660,inventory,2025,215.4167
47660,inventory,2026,217.5
47660,inventory,2026-08,227.0
47700,inventory,2018,488.5
47700,inventory,2019,422.75
47700,inventory,2020,315.75
47700,inventory,2021,223.4167
47700,inventory,2022,236.0
47700,inventory,2023,229.9167
47700,inventory,2024,297.3333
47700,inventory,2025,281.5833
47700,inventory,2026,268.625
47700,inventory,2026-08,343.0
47780,inventory,2018,110.1
47780,inventory,2019,90.75
47780,inventory,2020,70.8333
47780,inventory,2021,78.8333
47780,inventory,2022,82.5833
47780,inventory,2023,71.8333
47780,inventory,2024,76.4167
47780,inventory,2025,91.75
47780,inventory,2026,92.75
47780,inventory,2026-08,89.0
47820,inventory,2018,405.5
47820,inventory,2019,320.4167
47820,inventory,2020,246.25
47820,inventory,2021,128.6667
47820,inventory,2022,124.0833
47820,inventory,2023,100.4167
47820,inventory,2024,139.0
47820,inventory,2025,202.8333
47820,inventory,2026,186.5
47820,inventory,2026-08,205.0
47900,inventory,2018,23405.1
47900,inventory,2019,19834.6667
47900,inventory,2020,16068.75
47900,inventory,2021,16472.0833
47900,inventory,2022,14171.3333
47900,inventory,2023,10852.0833
47900,inventory,2024,11674.6667
47900,inventory,2025,15198.4167
47900,inventory,2026,16129.125
47900,inventory,2026-08,19259.0
47920,inventory,2018,104.2
47920,inventory,2019,88.25
47920,inventory,2020,62.9167
47920,inventory,2021,63.0
47920,inventory,2022,61.9167
47920,inventory,2023,59.25
47920,inventory,2024,68.5
47920,inventory,2025,86.1667
47920,inventory,2026,84.875
47920,inventory,2026-08,91.0
47940,inventory,2018,894.8
47940,inventory,2019,809.1667
47940,inventory,2020,730.0833
47940,inventory,2021,676.25
47940,inventory,2022,616.8333
47940,inventory,2023,478.5833
47940,inventory,2024,456.75
47940,inventory,2025,531.0
47940,inventory,2026,579.375
47940,inventory,2026-08,626.0
47980,inventory,2018,113.1
47980,inventory,2019,162.3333
47980,inventory,2020,161.5833
47980,inventory,2021,160.5
47980,inventory,2022,132.1667
47980,inventory,2023,119.0
47980,inventory,2024,133.0833
47980,inventory,2025,148.5
47980,inventory,2026,148.5
47980,inventory,2026-08,181.0
48020,inventory,2018,393.7
48020,inventory,2019,400.0833
48020,inventory,2020,323.5
48020,inventory,2021,269.8333
48020,inventory,2022,225.25
48020,inventory,2023,171.0833
48020,inventory,2024,186.6667
48020,inventory,2025,200.75
48020,inventory,2026,215.625
48020,inventory,2026-08,251.0
48060,inventory,2018,991.1
48060,inventory,2019,918.25
48060,inventory,2020,681.0833
48060,inventory,2021,527.5833
48060,inventory,2022,451.3333
48060,inventory,2023,351.3333
48060,inventory,2024,342.9167
48060,inventory,2025,359.6667
48060,inventory,2026,334.375
48060,inventory,2026-08,461.0
48140,inventory,2018,1056.4
48140,inventory,2019,952.5
48140,inventory,2020,837.0
48140,inventory,2021,889.25
48140,inventory,2022,776.5833
48140,inventory,2023,536.0
48140,inventory,2024,424.25
48140,inventory,2025,423.75
48140,inventory,2026,409.0
48140,inventory,2026-08,550.0
48180,inventory,2018,252.4
48180,inventory,2019,231.6667
48180,inventory,2020,205.75
48180,inventory,2021,169.0833
48180,inventory,2022,193.9167
48180,inventory,2023,190.75
48180,inventory,2024,195.3333
48180,inventory,2025,224.4167
48180,inventory,2026,234.125
48180,inventory,2026-08,260.0
48220,inventory,2018,132.3
48220,inventory,2019,140.25
48220,inventory,2020,155.9167
48220,inventory,2021,173.0833
48220,inventory,2022,178.3333
48220,inventory,2023,150.25
48220,inventory,2024,105.6667
48220,inventory,2025,116.9167
48220,inventory,2026,117.75
48220,inventory,2026-08,128.0
48260,inventory,2018,539.3
48260,inventory,2019,499.3333
48260,inventory,2020,459.5833
48260,inventory,2021,315.5833
48260,inventory,2022,310.75
48260,inventory,2023,344.3333
48260,inventory,2024,310.0833
48260,inventory,2025,327.75
48260,inventory,2026,346.25
48260,inventory,2026-08,407.0
48300,inventory,2018,639.2
48300,inventory,2019,590.0
48300,inventory,2020,438.3333
48300,inventory,2021,440.0
48300,inventory,2022,507.8333
48300,inventory,2023,452.3333
48300,inventory,2024,472.0833
48300,inventory,2025,564.3333
48300,inventory,2026,579.375
48300,inventory,2026-08,778.0
48460,inventory,2018,386.1
48460,inventory,2019,332.0833
48460,inventory,2020,271.1667
48460,inventory,2021,298.9167
48460,inventory,2022,333.9167
48460,inventory,2023,297.9167
48460,inventory,2024,236.3333
48460,inventory,2025,264.9167
48460,inventory,2026,240.75
48460,inventory,2026-08,244.0
48540,inventory,2018,554.7
48540,inventory,2019,519.5833
48540,inventory,2020,534.8333
48540,inventory,2021,430.25
48540,inventory,2022,383.9167
48540,inventory,2023,345.25
48540,inventory,2024,384.0
48540,inventory,2025,408.75
48540,inventory,2026,399.75
48540,inventory,2026-08,499.0
48580,inventory,2018,991.9
48580,inventory,2019,914.0833
48580,inventory,2020,639.8333
48580,inventory,2021,565.0
48580,inventory,2022,474.4167
48580,inventory,2023,431.75
48580,inventory,2024,478.9167
48580,inventory,2025,506.75
48580,inventory,2026,487.125
48580,inventory,2026-08,594.0
48620,inventory,2018,2888.7
48620,inventory,2019,2586.9167
48620,inventory,2020,1966.75
48620,inventory,2021,1602.5
48620,inventory,2022,1331.1667
48620,inventory,2023,1343.4167
48620,inventory,2024,1892.6667
48620,inventory,2025,2263.25
48620,inventory,2026,2229.875
48620,inventory,2026-08,2351.0
48660,inventory,2018,740.1
48660,inventory,2019,639.8333
48660,inventory,2020,536.8333
48660,inventory,2021,572.4167
48660,inventory,2022,675.75
48660,inventory,2023,686.3333
48660,inventory,2024,763.3333
48660,inventory,2025,871.1667
48660,inventory,2026,761.375
48660,inventory,2026-08,769.0
48680,inventory,2018,560.5
48680,inventory,2019,548.8333
48680,inventory,2020,634.9167
48680,inventory,2021,481.1667
48680,inventory,2022,401.4167
48680,inventory,2023,543.5833
48680,inventory,2024,774.1667
48680,inventory,2025,903.5833
48680,inventory,2026,853.375
48680,inventory,2026-08,798.0
48700,inventory,2018,442.5
48700,inventory,2019,435.75
48700,inventory,2020,325.3333
48700,inventory,2021,372.0833
48700,inventory,2022,412.0
48700,inventory,2023,293.5
48700,inventory,2024,201.3333
48700,inventory,2025,239.25
48700,inventory,2026,224.875
48700,inventory,2026-08,257.0
48780,inventory,2018,295.8
48780,inventory,2019,206.0833
48780,inventory,2020,227.5
48780,inventory,2021,254.1667
48780,inventory,2022,191.3333
48780,inventory,2023,122.1667
48780,inventory,2024,96.9167
48780,inventory,2025,98.1667
48780,inventory,2026,100.5
48780,inventory,2026-08,117.0
48820,inventory,2018,309.4
48820,inventory,2019,261.0
48820,inventory,2020,225.25
48820,inventory,2021,165.5
48820,inventory,2022,135.6667
48820,inventory,2023,111.5833
48820,inventory,2024,109.9167
48820,inventory,2025,145.9167
48820,inventory,2026,159.0
48820,inventory,2026-08,224.0
48900,inventory,2018,2271.7
48900,inventory,2019,1979.25
48900,inventory,2020,1741.4167
48900,inventory,2021,1119.3333
48900,inventory,2022,950.6667
48900,inventory,2023,965.5833
48900,inventory,2024,1284.3333
48900,inventory,2025,1650.75
48900,inventory,2026,1744.625
48900,inventory,2026-08,1887.0
48940,inventory,2018,120.3
48940,inventory,2019,140.5
48940,inventory,2020,105.4167
48940,inventory,2021,176.4167
48940,inventory,2022,206.0
48940,inventory,2023,133.0
48940,inventory,2024,104.0
48940,inventory,2025,99.25
48940,inventory,2026,115.0
48940,inventory,2026-08,140.0
48980,inventory,2018,259.1
48980,inventory,2019,205.9167
48980,inventory,2020,161.8333
48980,inventory,2021,143.9167
48980,inventory,2022,151.0833
48980,inventory,2023,130.0833
48980,inventory,2024,160.0833
48980,inventory,2025,217.0
48980,inventory,2026,239.125
48980,inventory,2026-08,250.0
49020,inventory,2018,780.2
49020,inventory,2019,716.5
49020,inventory,2020,528.0833
49020,inventory,2021,391.8333
49020,inventory,2022,402.3333
49020,inventory,2023,352.9167
49020,inventory,2024,378.0833
49020,inventory,2025,436.25
49020,inventory,2026,490.75
49020,inventory,2026-08,616.0
49080,inventory,2018,113.5
49080,inventory,2019,97.5833
49080,inventory,2020,75.3333
49080,inventory,2021,51.5833
49080,inventory,2022,60.8333
49080,inventory,2023,57.0
49080,inventory,2024,70.5833
49080,inventory,2025,74.25
49080,inventory,2026,72.625
49080,inventory,2026-08,75.0
49100,inventory,2018,196.2
49100,inventory,2019,174.1667
49100,inventory,2020,125.8333
49100,inventory,2021,105.1667
49100,inventory,2022,94.6667
49100,inventory,2023,84.6667
49100,inventory,2024,83.75
49100,inventory,2025,99.25
49100,inventory,2026,96.125
49100,inventory,2026-08,132.0
49180,inventory,2018,3065.5
49180,inventory,2019,2464.9167
49180,inventory,2020,1932.8333
49180,inventory,2021,1810.25
49180,inventory,2022,1730.6667
49180,inventory,2023,1807.25
49180,inventory,2024,2002.4167
49180,inventory,2025,2196.5833
49180,inventory,2026,2263.625
49180,inventory,2026-08,2616.0
49220,inventory,2018,427.4
49220,inventory,2019,358.5
49220,inventory,2020,301.0833
49220,inventory,2021,412.2
49220,inventory,2022,395.0833
49220,inventory,2023,274.6667
49220,inventory,2024,228.5833
49220,inventory,2025,227.8333
49220,inventory,2026,231.125
49220,inventory,2026-08,294.0
49260,inventory,2018,146.9
49260,inventory,2019,129.25
49260,inventory,2020,134.0833
49260,inventory,2021,173.25
49260,inventory,2022,219.5833
49260,inventory,2023,148.4167
49260,inventory,2024,109.9167
49260,inventory,2025,119.25
49260,inventory,2026,116.375
49260,inventory,2026-08,102.0
49300,inventory,2018,384.8
49300,inventory,2019,345.8333
49300,inventory,2020,267.8333
49300,inventory,2021,190.5833
49300,inventory,2022,190.9167
49300,inventory,2023,177.4167
49300,inventory,2024,159.8333
49300,inventory,2025,200.4167
49300,inventory,2026,183.25
49300,inventory,2026-08,224.0
49340,inventory,2018,3397.9
49340,inventory,2019,3125.6667
49340,inventory,2020,2248.1667
49340,inventory,2021,1928.9167
49340,inventory,2022,1890.75
49340,inventory,2023,1443.3333
49340,inventory,2024,1561.1667
49340,inventory,2025,1855.25
49340,inventory,2026,1935.375
49340,inventory,2026-08,2553.0
49380,inventory,2018,84.8
49380,inventory,2019,81.3333
49380,inventory,2020,57.4167
49380,inventory,2021,108.25
49380,inventory,2022,126.5
49380,inventory,2023,78.6667
49380,inventory,2024,55.9167
49380,inventory,2025,59.5
49380,inventory,2026,58.625
49380,inventory,2026-08,68.0
49420,inventory,2018,611.6
49420,inventory,2019,562.0
49420,inventory,2020,466.25
49420,inventory,2021,470.4167
49420,inventory,2022,524.0833
49420,inventory,2023,462.0833
49420,inventory,2024,450.9167
49420,inventory,2025,512.0
49420,inventory,2026,578.25
49420,inventory,2026-08,698.0
49460,inventory,2018,102.8
49460,inventory,2019,117.75
49460,inventory,2020,73.8333
49460,inventory,2021,59.25
49460,inventory,2022,68.6667
49460,inventory,2023,53.1667
49460,inventory,2024,66.25
49460,inventory,2025,88.25
49460,inventory,2026,84.125
49460,inventory,2026-08,99.0
49620,inventory,2018,1936.6
49620,inventory,2019,1686.25
49620,inventory,2020,1212.4167
49620,inventory,2021,968.1667
49620,inventory,2022,860.5
49620,inventory,2023,774.1667
49620,inventory,2024,856.1667
49620,inventory,2025,889.0
49620,inventory,2026,897.375
49620,inventory,2026-08,1060.0
49660,inventory,2018,2839.7
49660,inventory,2019,2734.5833
49660,inventory,2020,2111.0833
49660,inventory,2021,1396.9167
49660,inventory,2022,1313.1667
49660,inventory,2023,1211.0
49660,inventory,2024,1306.8333
49660,inventory,2025,1496.9167
49660,inventory,2026,1599.0
49660,inventory,2026-08,1942.0
49700,inventory,2018,507.5
49700,inventory,2019,547.25
49700,inventory,2020,433.8333
49700,inventory,2021,359.8333
49700,inventory,2022,497.1667
49700,inventory,2023,410.1667
49700,inventory,2024,428.5
49700,inventory,2025,495.5
49700,inventory,2026,462.25
49700,inventory,2026-08,526.0
49740,inventory,2018,1031.3
49740,inventory,2019,880.3333
49740,inventory,2020,632.5
49740,inventory,2021,642.6667
49740,inventory,2022,659.75
49740,inventory,2023,538.5833
49740,inventory,2024,669.8333
49740,inventory,2025,827.9167
49740,inventory,2026,952.25
49740,inventory,2026-08,980.0
49780,inventory,2018,383.6
49780,inventory,2019,384.5833
49780,inventory,2020,264.1667
49780,inventory,2021,186.4167
49780,inventory,2022,197.5
49780,inventory,2023,194.6667
49780,inventory,2024,189.5833
49780,inventory,2025,240.25
49780,inventory,2026,268.625
49780,inventory,2026-08,311.0
49820,inventory,2018,55.8
49820,inventory,2019,47.75
49820,inventory,2020,30.4167
49820,inventory,2021,24.4167
49820,inventory,2022,42.5833
49820,inventory,2023,45.1667
49820,inventory,2024,42.4167
49820,inventory,2025,41.8333
49820,inventory,2026,44.125
49820,inventory,2026-08,39.0
10100,days_to_pending,2026,65.75
10100,days_to_pending,2026-08,41.0
10140,days_to_pending,2018,56.3
10140,days_to_pending,2019,58.0833
10140,days_to_pending,2020,47.75
10140,days_to_pending,2021,23.3333
10140,days_to_pending,2022,32.0833
10140,days_to_pending,2023,58.75
10140,days_to_pending,2024,61.5
10140,days_to_pending,2025,71.6667
10140,days_to_pending,2026,77.875
10140,days_to_pending,2026-08,70.0
10180,days_to_pending,2018,61.7
10180,days_to_pending,2019,71.0
10180,days_to_pending,2020,67.0
10180,days_to_pending,2021,38.6667
10180,days_to_pending,2022,30.5833
10180,days_to_pending,2023,43.6667
10180,days_to_pending,2024,60.5833
10180,days_to_pending,2025,64.3333
10180,days_to_pending,2026,39.875
10180,days_to_pending,2026-08,31.0
10220,days_to_pending,2026,70.0
10220,days_to_pending,2026-08,66.0
10300,days_to_pending,2018,50.3
10300,days_to_pending,2019,69.9167
10300,days_to_pending,2020,54.75
10300,days_to_pending,2021,32.5
10300,days_to_pending,2022,38.0
10300,days_to_pending,2023,47.5833
10300,days_to_pending,2024,52.4167
10300,days_to_pending,2025,58.3333
10300,days_to_pending,2026,47.875
10300,days_to_pending,2026-08,39.0
10420,days_to_pending,2018,59.3
10420,days_to_pending,2019,62.4167
10420,days_to_pending,2020,48.3333
10420,days_to_pending,2021,22.6667
10420,days_to_pending,2022,19.75
10420,days_to_pending,2023,24.25
10420,days_to_pending,2024,24.0833
10420,days_to_pending,2025,28.1667
10420,days_to_pending,2026,29.875
10420,days_to_pending,2026-08,24.0
10460,days_to_pending,2018,100.6
10460,days_to_pending,2019,107.0833
10460,days_to_pending,2020,93.6667
10460,days_to_pending,2021,39.0833
10460,days_to_pending,2022,42.1667
10460,days_to_pending,2023,41.75
10460,days_to_pending,2024,53.75
10460,days_to_pending,2025,73.5833
10460,days_to_pending,2026,86.25
10460,days_to_pending,2026-08,72.0
10500,days_to_pending,2024,61.2857
10500,days_to_pending,2025,64.0833
10500,days_to_pending,2026,64.75
10500,days_to_pending,2026-08,61.0
10540,days_to_pending,2018,40.3
10540,days_to_pending,2019,46.8333
10540,days_to_pending,2020,52.6667
10540,days_to_pending,2021,22.25
10540,days_to_pending,2022,24.0833
10540,days_to_pending,2023,39.5833
10540,days_to_pending,2024,46.25
10540,days_to_pending,2025,52.3333
10540,days_to_pending,2026,56.875
10540,days_to_pending,2026-08,50.0
10580,days_to_pending,2018,57.7
10580,days_to_pending,2019,65.75
10580,days_to_pending,2020,56.75
10580,days_to_pending,2021,28.4167
10580,days_to_pending,2022,28.25
10580,days_to_pending,2023,30.5
10580,days_to_pending,2024,29.8333
10580,days_to_pending,2025,30.6667
10580,days_to_pending,2026,30.5
10580,days_to_pending,2026-08,21.0
10660,days_to_pending,2026,70.0
10660,days_to_pending,2026-08,62.0
10700,days_to_pending,2019,104.0
10700,days_to_pending,2020,84.9167
10700,days_to_pending,2021,38.25
10700,days_to_pending,2022,31.9167
10700,days_to_pending,2023,44.6667
10700,days_to_pending,2024,62.5
10700,days_to_pending,2025,84.6667
10700,days_to_pending,2026,82.125
10700,days_to_pending,2026-08,85.0
10740,days_to_pending,2018,49.0
10740,days_to_pending,2019,50.75
10740,days_to_pending,2020,34.4167
10740,days_to_pending,2021,18.0833
10740,days_to_pending,2022,17.8333
10740,days_to_pending,2023,26.0833
10740,days_to_pending,2024,33.0
10740,days_to_pending,2025,42.9167
10740,days_to_pending,2026,45.75
10740,days_to_pending,2026-08,38.0
10760,days_to_pending,2025,80.3333
10760,days_to_pending,2026,94.875
10760,days_to_pending,2026-08,102.0
10780,days_to_pending,2021,47.7
10780,days_to_pending,2022,34.4167
10780,days_to_pending,2023,53.5
10780,days_to_pending,2024,61.25
10780,days_to_pending,2025,68.25
10780,days_to_pending,2026,67.375
10780,days_to_pending,2026-08,63.0
10820,days_to_pending,2026,53.5
10820,days_to_pending,2026-08,56.0
10900,days_to_pending,2018,72.8
10900,days_to_pending,2019,87.3333
10900,days_to_pending,2020,72.9167
10900,days_to_pending,2021,23.75
10900,days_to_pending,2022,21.8333
10900,days_to_pending,2023,25.75
10900,days_to_pending,2024,26.5
10900,days_to_pending,2025,31.1667
10900,days_to_pending,2026,30.875
10900,days_to_pending,2026-08,23.0
10940,days_to_pending,2026,47.5
10940,days_to_pending,2026-08,34.0
10980,days_to_pending,2026,32.4
10980,days_to_pending,2026-08,26.0
11020,days_to_pending,2025,49.4
11020,days_to_pending,2026,51.625
11020,days_to_pending,2026-08,44.0
11060,days_to_pending,2026,84.25
11060,days_to_pending,2026-08,65.0
11100,days_to_pending,2018,66.4
11100,days_to_pending,2019,82.3333
11100,days_to_pending,2020,68.5
11100,days_to_pending,2021,32.5
11100,days_to_pending,2022,24.5833
11100,days_to_pending,2023,37.9167
11100,days_to_pending,2024,55.6667
11100,days_to_pending,2025,73.75
11100,days_to_pending,2026,63.5
11100,days_to_pending,2026-08,55.0
11180,days_to_pending,2018,52.3
11180,days_to_pending,2019,69.6667
11180,days_to_pending,2020,76.6667
11180,days_to_pending,2021,37.5
11180,days_to_pending,2022,33.3333
11180,days_to_pending,2023,34.5833
11180,days_to_pending,2024,42.0
11180,days_to_pending,2025,52.4167
11180,days_to_pending,2026,55.75
11180,days_to_pending,2026-08,44.0
11220,days_to_pending,2026,43.8333
11220,days_to_pending,2026-08,42.0
11260,days_to_pending,2018,59.4
11260,days_to_pending,2019,65.9167
11260,days_to_pending,2020,54.4167
11260,days_to_pending,2021,28.9167
11260,days_to_pending,2022,24.3333
11260,days_to_pending,2023,26.25
11260,days_to_pending,2024,30.25
11260,days_to_pending,2025,33.25
11260,days_to_pending,2026,34.5
11260,days_to_pending,2026-08,23.0
11420,days_to_pending,2026,57.3333
11420,days_to_pending,2026-08,46.0
11460,days_to_pending,2018,35.6
11460,days_to_pending,2019,47.0833
11460,days_to_pending,2020,54.1667
11460,days_to_pending,2021,34.3333
11460,days_to_pending,2022,24.25
11460,days_to_pending,2023,27.0833
11460,days_to_pending,2024,26.25
11460,days_to_pending,2025,32.1667
11460,days_to_pending,2026,36.75
11460,days_to_pending,2026-08,32.0
11500,days_to_pending,2018,76.8
11500,days_to_pending,2019,77.5
11500,days_to_pending,2020,65.3333
11500,days_to_pending,2021,34.5833
11500,days_to_pending,2022,35.0
11500,days_to_pending,2023,46.0833
11500,days_to_pending,2024,44.1667
11500,days_to_pending,2025,56.8333
11500,days_to_pending,2026,63.5
11500,days_to_pending,2026-08,39.0
11540,days_to_pending,2026,74.8571
11540,days_to_pending,2026-08,43.0
11620,days_to_pending,2020,53.0
11620,days_to_pending,2021,39.0833
11620,days_to_pending,2022,42.5
11620,days_to_pending,2023,62.8333
11620,days_to_pending,2024,66.3333
11620,days_to_pending,2025,88.3333
11620,days_to_pending,2026,95.5
11620,days_to_pending,2026-08,92.0
11680,days_to_pending,2025,93.0
11680,days_to_pending,2026,78.75
11680,days_to_pending,2026-08,72.0
11700,days_to_pending,2018,54.8
11700,days_to_pending,2019,72.8333
11700,days_to_pending,2020,66.75
11700,days_to_pending,2021,34.75
11700,days_to_pending,2022,33.75
11700,days_to_pending,2023,50.5
11700,days_to_pending,2024,56.1667
11700,days_to_pending,2025,79.75
11700,days_to_pending,2026,93.875
11700,days_to_pending,2026-08,83.0
11740,days_to_pending,2024,26.3636
11740,days_to_pending,2025,32.5
11740,days_to_pending,2026,33.25
11740,days_to_pending,2026-08,30.0
11820,days_to_pending,2025,78.0
11820,days_to_pending,2026,77.625
11820,days_to_pending,2026-08,78.0
11900,days_to_pending,2026,73.0
11900,days_to_pending,2026-08,73.0
11940,days_to_pending,2020,63.0
11940,days_to_pending,2021,25.8333
11940,days_to_pending,2022,26.9167
11940,days_to_pending,2023,49.0833
11940,days_to_pending,2024,51.0833
11940,days_to_pending,2025,64.9167
11940,days_to_pending,2026,70.0
11940,days_to_pending,2026-08,75.0
11980,days_to_pending,2018,77.1
11980,days_to_pending,2019,92.3333
11980,days_to_pending,2020,79.0
11980,days_to_pending,2021,54.1667
11980,days_to_pending,2022,48.1667
11980,days_to_pending,2023,74.0833
11980,days_to_pending,2024,101.5833
11980,days_to_pending,2025,115.25
11980,days_to_pending,2026,129.375
11980,days_to_pending,2026-08,114.0
12020,days_to_pending,2018,58.4
12020,days_to_pending,2019,66.5833
12020,days_to_pending,2020,56.6667
12020,days_to_pending,2021,33.3333
12020,days_to_pending,2022,27.0833
12020,days_to_pending,2023,42.1667
12020,days_to_pending,2024,46.1667
12020,days_to_pending,2025,64.25
12020,days_to_pending,2026,65.75
12020,days_to_pending,2026-08,68.0
12060,days_to_pending,2018,37.3
12060,days_to_pending,2019,46.8333
12060,days_to_pending,2020,46.6667
12060,days_to_pending,2021,23.75
12060,days_to_pending,2022,26.25
12060,days_to_pending,2023,41.0833
12060,days_to_pending,2024,49.3333
12060,days_to_pending,2025,69.25
12060,days_to_pending,2026,76.25
12060,days_to_pending,2026-08,69.0
12100,days_to_pending,2018,86.0
12100,days_to_pending,2019,96.5
12100,days_to_pending,2020,91.1667
12100,days_to_pending,2021,60.0
12100,days_to_pending,2022,47.1667
12100,days_to_pending,2023,49.0
12100,days_to_pending,2024,48.9167
12100,days_to_pending,2025,58.5
12100,days_to_pending,2026,62.25
12100,days_to_pending,2026-08,59.0
12140,days_to_pending,2024,27.1667
12140,days_to_pending,2025,31.3333
12140,days_to_pending,2026,31.0
12140,days_to_pending,2026-08,24.0
12180,days_to_pending,2019,96.9091
12180,days_to_pending,2020,87.5833
12180,days_to_pending,2021,42.9167
12180,days_to_pending,2022,36.75
12180,days_to_pending,2023,41.4167
12180,days_to_pending,2024,40.75
12180,days_to_pending,2025,38.75
12180,days_to_pending,2026,57.875
12180,days_to_pending,2026-08,52.0
12220,days_to_pending,2020,62.0
12220,days_to_pending,2021,34.6667
12220,days_to_pending,2022,23.25
12220,days_to_pending,2023,34.8333
12220,days_to_pending,2024,42.8333
12220,days_to_pending,2025,55.0
12220,days_to_pending,2026,57.875
12220,days_to_pending,2026-08,59.0
12260,days_to_pending,2018,61.3333
12260,days_to_pending,2019,77.9167
12260,days_to_pending,2020,53.8333
12260,days_to_pending,2021,23.25
12260,days_to_pending,2022,22.4167
12260,days_to_pending,2023,34.4167
12260,days_to_pending,2024,45.75
12260,days_to_pending,2025,50.8333
12260,days_to_pending,2026,63.625
12260,days_to_pending,2026-08,59.0
12300,days_to_pending,2020,55.8
12300,days_to_pending,2021,32.9167
12300,days_to_pending,2022,25.9167
12300,days_to_pending,2023,31.3333
12300,days_to_pending,2024,35.4167
12300,days_to_pending,2025,41.6667
12300,days_to_pending,2026,49.5
12300,days_to_pending,2026-08,34.0
12380,days_to_pending,2026,53.3333
12380,days_to_pending,2026-08,41.0
12420,days_to_pending,2018,40.8
12420,days_to_pending,2019,44.25
12420,days_to_pending,2020,33.9167
12420,days_to_pending,2021,23.6667
12420,days_to_pending,2022,37.3333
12420,days_to_pending,2023,73.1667
12420,days_to_pending,2024,77.5
12420,days_to_pending,2025,90.4167
12420,days_to_pending,2026,92.25
12420,days_to_pending,2026-08,82.0
12540,days_to_pending,2018,51.1
12540,days_to_pending,2019,62.6667
12540,days_to_pending,2020,62.5
12540,days_to_pending,2021,23.0
12540,days_to_pending,2022,27.9167
12540,days_to_pending,2023,40.1667
12540,days_to_pending,2024,39.5833
12540,days_to_pending,2025,53.3333
12540,days_to_pending,2026,56.25
12540,days_to_pending,2026-08,53.0
12580,days_to_pending,2018,53.6
12580,days_to_pending,2019,56.8333
12580,days_to_pending,2020,45.5
12580,days_to_pending,2021,20.6667
12580,days_to_pending,2022,21.25
12580,days_to_pending,2023,25.4167
12580,days_to_pending,2024,26.3333
12580,days_to_pending,2025,32.6667
12580,days_to_pending,2026,36.375
12580,days_to_pending,2026-08,32.0
12620,days_to_pending,2018,94.0
12620,days_to_pending,2019,81.5
12620,days_to_pending,2020,68.4167
12620,days_to_pending,2021,37.1667
12620,days_to_pending,2022,34.1667
12620,days_to_pending,2023,37.9167
12620,days_to_pending,2024,41.5833
12620,days_to_pending,2025,55.6667
12620,days_to_pending,2026,63.125
12620,days_to_pending,2026-08,50.0
12660,days_to_pending,2026,43.2
12660,days_to_pending,2026-08,50.0
12700,days_to_pending,2018,62.1
12700,days_to_pending,2019,81.1667
12700,days_to_pending,2020,81.5833
12700,days_to_pending,2021,33.4167
12700,days_to_pending,2022,26.9167
12700,days_to_pending,2023,35.5
12700,days_to_pending,2024,39.75
12700,days_to_pending,2025,52.4167
12700,days_to_pending,2026,52.0
12700,days_to_pending,2026-08,43.0
12740,days_to_pending,2020,68.5
12740,days_to_pending,2021,39.5
12740,days_to_pending,2022,25.6667
12740,days_to_pending,2023,28.0833
12740,days_to_pending,2024,32.5833
12740,days_to_pending,2025,47.3333
12740,days_to_pending,2026,56.25
12740,days_to_pending,2026-08,41.0
12780,days_to_pending,2018,76.3
12780,days_to_pending,2019,87.1667
12780,days_to_pending,2020,62.5833
12780,days_to_pending,2021,26.3333
12780,days_to_pending,2022,21.8333
12780,days_to_pending,2023,31.5833
12780,days_to_pending,2024,40.3333
12780,days_to_pending,2025,47.6667
12780,days_to_pending,2026,59.125
12780,days_to_pending,2026-08,49.0
12860,days_to_pending,2026,23.3333
12860,days_to_pending,2026-08,21.0
12900,days_to_pending,2024,68.3333
12900,days_to_pending,2025,80.0
12900,days_to_pending,2026,83.5
12900,days_to_pending,2026-08,76.0
12940,days_to_pending,2018,88.5
12940,days_to_pending,2019,100.0
12940,days_to_pending,2020,80.6667
12940,days_to_pending,2021,44.5833
12940,days_to_pending,2022,27.1667
12940,days_to_pending,2023,45.75
12940,days_to_pending,2024,61.9167
12940,days_to_pending,2025,71.0833
12940,days_to_pending,2026,75.625
12940,days_to_pending,2026-08,71.0
12980,days_to_pending,2018,49.3
12980,days_to_pending,2019,58.9167
12980,days_to_pending,2020,50.0833
12980,days_to_pending,2021,24.3333
12980,days_to_pending,2022,24.5833
12980,days_to_pending,2023,28.4167
12980,days_to_pending,2024,32.0
12980,days_to_pending,2025,36.75
12980,days_to_pending,2026,41.375
12980,days_to_pending,2026-08,28.0
13020,days_to_pending,2018,56.5
13020,days_to_pending,2019,59.9167
13020,days_to_pending,2020,54.25
13020,days_to_pending,2021,26.8333
13020,days_to_pending,2022,34.75
13020,days_to_pending,2023,33.9167
13020,days_to_pending,2024,33.1667
13020,days_to_pending,2025,37.4167
13020,days_to_pending,2026,39.5
13020,days_to_pending,2026-08,38.0
13060,days_to_pending,2026,164.2857
13060,days_to_pending,2026-08,148.0
13100,days_to_pending,2026,54.0
13100,days_to_pending,2026-08,53.0
13140,days_to_pending,2018,45.7
13140,days_to_pending,2019,62.3333
13140,days_to_pending,2020,68.75
13140,days_to_pending,2021,47.1667
13140,days_to_pending,2022,42.25
13140,days_to_pending,2023,61.0
13140,days_to_pending,2024,71.25
13140,days_to_pending,2025,78.8333
13140,days_to_pending,2026,78.625
13140,days_to_pending,2026-08,66.0
13180,days_to_pending,2026,34.1667
13180,days_to_pending,2026-08,40.0
13220,days_to_pending,2021,57.0
13220,days_to_pending,2022,36.4167
13220,days_to_pending,2023,46.75
13220,days_to_pending,2024,46.9167
13220,days_to_pending,2025,50.0833
13220,days_to_pending,2026,57.25
13220,days_to_pending,2026-08,58.0
13340,days_to_pending,2026,50.3333
13340,days_to_pending,2026-08,60.0
13380,days_to_pending,2018,36.0
13380,days_to_pending,2019,42.0
13380,days_to_pending,2020,34.9167
13380,days_to_pending,2021,21.6667
13380,days_to_pending,2022,23.3333
13380,days_to_pending,2023,37.8333
13380,days_to_pending,2024,35.5833
13380,days_to_pending,2025,50.1667
13380,days_to_pending,2026,53.0
13380,days_to_pending,2026-08,43.0
13420,days_to_pending,2026,66.4
13420,days_to_pending,2026-08,72.0
13460,days_to_pending,2018,56.1
13460,days_to_pending,2019,67.75
13460,days_to_pending,2020,50.8333
13460,days_to_pending,2021,21.75
13460,days_to_pending,2022,30.5833
13460,days_to_pending,2023,47.5833
13460,days_to_pending,2024,54.1667
13460,days_to_pending,2025,67.9167
13460,days_to_pending,2026,64.0
13460,days_to_pending,2026-08,61.0
13540,days_to_pending,2025,60.3
13540,days_to_pending,2026,69.875
13540,days_to_pending,2026-08,58.0
13660,days_to_pending,2026,61.1429
13660,days_to_pending,2026-08,51.0
13740,days_to_pending,2018,57.6
13740,days_to_pending,2019,70.0
13740,days_to_pending,2020,55.4167
13740,days_to_pending,2021,24.4167
13740,days_to_pending,2022,22.5833
13740,days_to_pending,2023,40.3333
13740,days_to_pending,2024,51.25
13740,days_to_pending,2025,60.8333
13740,days_to_pending,2026,61.125
13740,days_to_pending,2026-08,48.0
13780,days_to_pending,2018,80.4
13780,days_to_pending,2019,95.6667
13780,days_to_pending,2020,92.6667
13780,days_to_pending,2021,44.5833
13780,days_to_pending,2022,37.1667
13780,days_to_pending,2023,35.4167
13780,days_to_pending,2024,33.75
13780,days_to_pending,2025,35.8333
13780,days_to_pending,2026,37.75
13780,days_to_pending,2026-08,31.0
13820,days_to_pending,2018,47.4
13820,days_to_pending,2019,51.9167
13820,days_to_pending,2020,41.5
13820,days_to_pending,2021,23.3333
13820,days_to_pending,2022,24.0
13820,days_to_pending,2023,36.0833
13820,days_to_pending,2024,45.0
13820,days_to_pending,2025,53.25
13820,days_to_pending,2026,57.25
13820,days_to_pending,2026-08,49.0
13900,days_to_pending,2021,39.2
13900,days_to_pending,2022,36.75
13900,days_to_pending,2023,43.0833
13900,days_to_pending,2024,43.0833
13900,days_to_pending,2025,45.0
13900,days_to_pending,2026,45.75
13900,days_to_pending,2026-08,34.0
13940,days_to_pending,2025,61.7273
13940,days_to_pending,2026,77.25
13940,days_to_pending,2026-08,69.0
13980,days_to_pending,2018,50.6
13980,days_to_pending,2019,59.3333
13980,days_to_pending,2020,54.1667
13980,days_to_pending,2021,32.5833
13980,days_to_pending,2022,26.1667
13980,days_to_pending,2023,31.5833
13980,days_to_pending,2024,37.0833
13980,days_to_pending,2025,40.8333
13980,days_to_pending,2026,47.25
13980,days_to_pending,2026-08,40.0
14010,days_to_pending,2019,83.4167
14010,days_to_pending,2020,61.4167
14010,days_to_pending,2021,28.5
14010,days_to_pending,2022,18.0833
14010,days_to_pending,2023,21.0
14010,days_to_pending,2024,19.75
14010,days_to_pending,2025,21.0
14010,days_to_pending,2026,25.5
14010,days_to_pending,2026-08,21.0
14020,days_to_pending,2026,78.875
14020,days_to_pending,2026-08,71.0
14100,days_to_pending,2021,40.4
14100,days_to_pending,2022,34.3333
14100,days_to_pending,2023,30.5
14100,days_to_pending,2024,38.5833
14100,days_to_pending,2025,43.4167
14100,days_to_pending,2026,45.125
14100,days_to_pending,2026-08,33.0
14140,days_to_pending,2026,62.75
14140,days_to_pending,2026-08,55.0
14180,days_to_pending,2026,57.0
14180,days_to_pending,2026-08,57.0
14260,days_to_pending,2018,31.1
14260,days_to_pending,2019,40.4167
14260,days_to_pending,2020,28.5
14260,days_to_pending,2021,17.5833
14260,days_to_pending,2022,29.0833
14260,days_to_pending,2023,44.0833
14260,days_to_pending,2024,41.0833
14260,days_to_pending,2025,43.3333
14260,days_to_pending,2026,40.25
14260,days_to_pending,2026-08,34.0
14300,days_to_pending,2026,108.625
14300,days_to_pending,2026-08,103.0
14380,days_to_pending,2019,129.5
14380,days_to_pending,2020,104.9167
14380,days_to_pending,2021,39.5833
14380,days_to_pending,2022,39.0
14380,days_to_pending,2023,57.75
14380,days_to_pending,2024,73.3333
14380,days_to_pending,2025,80.3333
14380,days_to_pending,2026,97.125
14380,days_to_pending,2026-08,98.0
14420,days_to_pending,2026,79.8333
14420,days_to_pending,2026-08,60.0
14460,days_to_pending,2018,29.9
14460,days_to_pending,2019,38.3333
14460,days_to_pending,2020,32.8333
14460,days_to_pending,2021,22.4167
14460,days_to_pending,2022,22.25
14460,days_to_pending,2023,25.8333
14460,days_to_pending,2024,25.5833
14460,days_to_pending,2025,30.8333
14460,days_to_pending,2026,33.0
14460,days_to_pending,2026-08,29.0
14500,days_to_pending,2018,34.7
14500,days_to_pending,2019,48.5
14500,days_to_pending,2020,40.8333
14500,days_to_pending,2021,25.6667
14500,days_to_pending,2022,27.5
14500,days_to_pending,2023,42.6667
14500,days_to_pending,2024,51.0
14500,days_to_pending,2025,63.4167
14500,days_to_pending,2026,61.0
14500,days_to_pending,2026-08,52.0
14540,days_to_pending,2018,66.3
14540,days_to_pending,2019,87.6667
14540,days_to_pending,2020,79.75
14540,days_to_pending,2021,36.25
14540,days_to_pending,2022,31.9167
14540,days_to_pending,2023,48.25
14540,days_to_pending,2024,64.1667
14540,days_to_pending,2025,82.8333
14540,days_to_pending,2026,85.625
14540,days_to_pending,2026-08,89.0
14580,days_to_pending,2018,43.8
14580,days_to_pending,2019,60.0
14580,days_to_pending,2020,61.5
14580,days_to_pending,2021,27.0
14580,days_to_pending,2022,31.8333
14580,days_to_pending,2023,53.9167
14580,days_to_pending,2024,62.4167
14580,days_to_pending,2025,75.0
14580,days_to_pending,2026,78.125
14580,days_to_pending,2026-08,56.0
14620,days_to_pending,2026,71.4
14620,days_to_pending,2026-08,64.0
14660,days_to_pending,2018,77.7
14660,days_to_pending,2019,88.1667
14660,days_to_pending,2020,82.5833
14660,days_to_pending,2021,41.5
14660,days_to_pending,2022,36.6667
14660,days_to_pending,2023,46.1667
14660,days_to_pending,2024,51.4167
14660,days_to_pending,2025,64.1667
14660,days_to_pending,2026,76.0
14660,days_to_pending,2026-08,55.0
14700,days_to_pending,2018,79.6
14700,days_to_pending,2019,97.4167
14700,days_to_pending,2020,84.0
14700,days_to_pending,2021,35.75
14700,days_to_pending,2022,35.0833
14700,days_to_pending,2023,63.8333
14700,days_to_pending,2024,76.0
14700,days_to_pending,2025,89.3333
14700,days_to_pending,2026,100.25
14700,days_to_pending,2026-08,91.0
14720,days_to_pending,2018,43.9
14720,days_to_pending,2019,64.1667
14720,days_to_pending,2020,69.75
14720,days_to_pending,2021,26.3333
14720,days_to_pending,2022,30.1667
14720,days_to_pending,2023,54.3333
14720,days_to_pending,2024,63.9167
14720,days_to_pending,2025,74.4167
14720,days_to_pending,2026,86.375
14720,days_to_pending,2026-08,73.0
14740,days_to_pending,2018,25.2
14740,days_to_pending,2019,29.3333
14740,days_to_pending,2020,20.8333
14740,days_to_pending,2021,11.9167
14740,days_to_pending,2022,19.25
14740,days_to_pending,2023,29.8333
14740,days_to_pending,2024,30.4167
14740,days_to_pending,2025,36.25
14740,days_to_pending,2026,36.375
14740,days_to_pending,2026-08,33.0
14780,days_to_pending,2025,99.6667
14780,days_to_pending,2026,122.5
14780,days_to_pending,2026-08,94.0
14860,days_to_pending,2018,64.2
14860,days_to_pending,2019,83.25
14860,days_to_pending,2020,74.1667
14860,days_to_pending,2021,38.8333
14860,days_to_pending,2022,30.5
14860,days_to_pending,2023,30.6667
14860,days_to_pending,2024,28.9167
14860,days_to_pending,2025,31.6667
14860,days_to_pending,2026,32.25
14860,days_to_pending,2026-08,30.0
15060,days_to_pending,2026,119.25
15060,days_to_pending,2026-08,116.0
15100,days_to_pending,2026,51.5
15100,days_to_pending,2026-08,43.0
15180,days_to_pending,2018,92.5
15180,days_to_pending,2019,103.0833
15180,days_to_pending,2020,106.9167
15180,days_to_pending,2021,57.3333
15180,days_to_pending,2022,47.75
15180,days_to_pending,2023,66.0
15180,days_to_pending,2024,90.0833
15180,days_to_pending,2025,114.6667
15180,days_to_pending,2026,115.375
15180,days_to_pending,2026-08,109.0
15220,days_to_pending,2020,88.3636
15220,days_to_pending,2021,57.1667
15220,days_to_pending,2022,47.4167
15220,days_to_pending,2023,72.75
15220,days_to_pending,2024,79.9167
15220,days_to_pending,2025,79.0833
15220,days_to_pending,2026,86.25
15220,days_to_pending,2026-08,61.0
15260,days_to_pending,2018,86.9
15260,days_to_pending,2019,120.1667
15260,days_to_pending,2020,124.8333
15260,days_to_pending,2021,47.9167
15260,days_to_pending,2022,33.1667
15260,days_to_pending,2023,49.0833
15260,days_to_pending,2024,64.4167
15260,days_to_pending,2025,78.6667
15260,days_to_pending,2026,94.0
15260,days_to_pending,2026-08,94.0
15340,days_to_pending,2023,36.4167
15340,days_to_pending,2024,30.4167
15340,days_to_pending,2025,39.9167
15340,days_to_pending,2026,44.125
15340,days_to_pending,2026-08,36.0
15380,days_to_pending,2018,40.7
15380,days_to_pending,2019,47.9167
15380,days_to_pending,2020,43.25
15380,days_to_pending,2021,24.9167
15380,days_to_pending,2022,23.8333
15380,days_to_pending,2023,26.5
15380,days_to_pending,2024,27.25
15380,days_to_pending,2025,29.0833
15380,days_to_pending,2026,29.5
15380,days_to_pending,2026-08,23.0
15420,days_to_pending,2026,60.0
15420,days_to_pending,2026-08,63.0
15460,days_to_pending,2026,74.0
15460,days_to_pending,2026-08,70.0
15500,days_to_pending,2018,40.9
15500,days_to_pending,2019,42.5833
15500,days_to_pending,2020,26.0833
15500,days_to_pending,2021,17.25
15500,days_to_pending,2022,16.9167
15500,days_to_pending,2023,28.9167
15500,days_to_pending,2024,34.3333
15500,days_to_pending,2025,46.6667
15500,days_to_pending,2026,50.0
15500,days_to_pending,2026-08,51.0
15540,days_to_pending,2018,50.3
15540,days_to_pending,2019,55.5
15540,days_to_pending,2020,54.0
15540,days_to_pending,2021,26.6667
15540,days_to_pending,2022,18.6667
15540,days_to_pending,2023,23.9167
15540,days_to_pending,2024,25.0833
15540,days_to_pending,2025,39.0833
15540,days_to_pending,2026,43.375
15540,days_to_pending,2026-08,36.0
15580,days_to_pending,2026,49.6667
15580,days_to_pending,2026-08,43.0
15620,days_to_pending,2026,48.5
15620,days_to_pending,2026-08,45.0
15660,days_to_pending,2024,66.0
15660,days_to_pending,2025,68.0
15660,days_to_pending,2026,70.375
15660,days_to_pending,2026-08,58.0
15700,days_to_pending,2026,83.125
15700,days_to_pending,2026-08,88.0
15940,days_to_pending,2018,54.0
15940,days_to_pending,2019,57.5833
15940,days_to_pending,2020,48.0
15940,days_to_pending,2021,24.0833
15940,days_to_pending,2022,21.1667
15940,days_to_pending,2023,25.75
15940,days_to_pending,2024,26.5
15940,days_to_pending,2025,29.9167
15940,days_to_pending,2026,32.875
15940,days_to_pending,2026-08,27.0
15980,days_to_pending,2018,79.2
15980,days_to_pending,2019,98.6667
15980,days_to_pending,2020,83.9167
15980,days_to_pending,2021,37.0
15980,days_to_pending,2022,40.3333
15980,days_to_pending,2023,77.1667
15980,days_to_pending,2024,98.8333
15980,days_to_pending,2025,113.1667
15980,days_to_pending,2026,118.125
15980,days_to_pending,2026-08,119.0
16020,days_to_pending,2018,69.6
16020,days_to_pending,2019,80.8333
16020,days_to_pending,2020,73.6667
16020,days_to_pending,2021,37.0
16020,days_to_pending,2022,32.3333
16020,days_to_pending,2023,41.4167
16020,days_to_pending,2024,51.75
16020,days_to_pending,2025,50.5833
16020,days_to_pending,2026,49.75
16020,days_to_pending,2026-08,45.0
16060,days_to_pending,2019,153.0
16060,days_to_pending,2020,99.75
16060,days_to_pending,2021,42.9167
16060,days_to_pending,2022,41.1667
16060,days_to_pending,2023,49.0
16060,days_to_pending,2024,46.8333
16060,days_to_pending,2025,54.8333
16060,days_to_pending,2026,67.125
16060,days_to_pending,2026-08,60.0
16100,days_to_pending,2024,50.5
16100,days_to_pending,2025,55.6667
16100,days_to_pending,2026,58.375
16100,days_to_pending,2026-08,50.0
16180,days_to_pending,2021,21.5833
16180,days_to_pending,2022,31.3333
16180,days_to_pending,2023,46.25
16180,days_to_pending,2024,44.0833
16180,days_to_pending,2025,47.5
16180,days_to_pending,2026,40.875
16180,days_to_pending,2026-08,30.0
16220,days_to_pending,2025,39.8
16220,days_to_pending,2026,47.625
16220,days_to_pending,2026-08,40.0
16260,days_to_pending,2022,78.0
16260,days_to_pending,2023,74.5833
16260,days_to_pending,2024,80.3333
16260,days_to_pending,2025,86.8333
16260,days_to_pending,2026,87.5
16260,days_to_pending,2026-08,90.0
16300,days_to_pending,2018,52.7
16300,days_to_pending,2019,60.0833
16300,days_to_pending,2020,52.5
16300,days_to_pending,2021,25.8333
16300,days_to_pending,2022,26.1667
16300,days_to_pending,2023,33.25
16300,days_to_pending,2024,41.0
16300,days_to_pending,2025,48.0
16300,days_to_pending,2026,46.125
16300,days_to_pending,2026-08,31.0
16340,days_to_pending,2025,65.0
16340,days_to_pending,2026,74.625
16340,days_to_pending,2026-08,63.0
16380,days_to_pending,2026,31.0
16380,days_to_pending,2026-08,29.0
16460,days_to_pending,2026,61.5
16460,days_to_pending,2026-08,52.0
16500,days_to_pending,2018,44.9
16500,days_to_pending,2019,51.0833
16500,days_to_pending,2020,38.0
16500,days_to_pending,2021,23.25
16500,days_to_pending,2022,29.8333
16500,days_to_pending,2023,51.9167
16500,days_to_pending,2024,58.25
16500,days_to_pending,2025,65.6667
16500,days_to_pending,2026,75.125
16500,days_to_pending,2026-08,61.0
16540,days_to_pending,2018,69.1
16540,days_to_pending,2019,72.5
16540,days_to_pending,2020,64.3333
16540,days_to_pending,2021,26.0
16540,days_to_pending,2022,22.3333
16540,days_to_pending,2023,26.5833
16540,days_to_pending,2024,28.9167
16540,days_to_pending,2025,34.5833
16540,days_to_pending,2026,37.75
16540,days_to_pending,2026-08,34.0
16580,days_to_pending,2018,72.8
16580,days_to_pending,2019,86.5833
16580,days_to_pending,2020,80.1667
16580,days_to_pending,2021,42.0833
16580,days_to_pending,2022,31.0
16580,days_to_pending,2023,31.75
16580,days_to_pending,2024,29.25
16580,days_to_pending,2025,29.9167
16580,days_to_pending,2026,38.625
16580,days_to_pending,2026-08,36.0
16620,days_to_pending,2020,85.125
16620,days_to_pending,2021,55.5
16620,days_to_pending,2022,36.9167
16620,days_to_pending,2023,39.8333
16620,days_to_pending,2024,39.0833
16620,days_to_pending,2025,44.9167
16620,days_to_pending,2026,49.5
16620,days_to_pending,2026-08,40.0
16660,days_to_pending,2019,100.5
16660,days_to_pending,2020,104.5
16660,days_to_pending,2021,57.1667
16660,days_to_pending,2022,38.6667
16660,days_to_pending,2023,40.5833
16660,days_to_pending,2024,28.75
16660,days_to_pending,2025,37.6667
16660,days_to_pending,2026,38.375
16660,days_to_pending,2026-08,32.0
16700,days_to_pending,2018,52.3
16700,days_to_pending,2019,67.4167
16700,days_to_pending,2020,62.3333
16700,days_to_pending,2021,27.3333
16700,days_to_pending,2022,21.75
16700,days_to_pending,2023,35.1667
16700,days_to_pending,2024,43.5
16700,days_to_pending,2025,65.8333
16700,days_to_pending,2026,81.0
16700,days_to_pending,2026-08,79.0
16740,days_to_pending,2018,35.1
16740,days_to_pending,2019,42.75
16740,days_to_pending,2020,33.8333
16740,days_to_pending,2021,17.75
16740,days_to_pending,2022,21.5
16740,days_to_pending,2023,33.3333
16740,days_to_pending,2024,38.8333
16740,days_to_pending,2025,54.0833
16740,days_to_pending,2026,61.0
16740,days_to_pending,2026-08,58.0
16820,days_to_pending,2018,61.9
16820,days_to_pending,2019,76.6667
16820,days_to_pending,2020,74.3333
16820,days_to_pending,2021,35.8333
16820,days_to_pending,2022,24.3333
16820,days_to_pending,2023,32.9167
16820,days_to_pending,2024,38.8333
16820,days_to_pending,2025,42.6667
16820,days_to_pending,2026,47.375
16820,days_to_pending,2026-08,47.0
16860,days_to_pending,2018,45.2
16860,days_to_pending,2019,55.8333
16860,days_to_pending,2020,48.75
16860,days_to_pending,2021,23.3333
16860,days_to_pending,2022,23.25
16860,days_to_pending,2023,38.0
16860,days_to_pending,2024,44.5833
16860,days_to_pending,2025,57.0833
16860,days_to_pending,2026,64.25
16860,days_to_pending,2026-08,61.0
16940,days_to_pending,2018,46.8
16940,days_to_pending,2019,41.25
16940,days_to_pending,2020,35.8333
16940,days_to_pending,2021,19.6667
16940,days_to_pending,2022,23.25
16940,days_to_pending,2023,44.3333
16940,days_to_pending,2024,47.75
16940,days_to_pending,2025,48.3333
16940,days_to_pending,2026,41.875
16940,days_to_pending,2026-08,31.0
16980,days_to_pending,2018,49.0
16980,days_to_pending,2019,61.5833
16980,days_to_pending,2020,57.1667
16980,days_to_pending,2021,35.6667
16980,days_to_pending,2022,31.75
16980,days_to_pending,2023,34.3333
16980,days_to_pending,2024,32.25
16980,days_to_pending,2025,35.4167
16980,days_to_pending,2026,36.0
16980,days_to_pending,2026-08,29.0
17020,days_to_pending,2018,37.7
17020,days_to_pending,2019,34.25
17020,days_to_pending,2020,40.5833
17020,days_to_pending,2021,26.8333
17020,days_to_pending,2022,33.0833
17020,days_to_pending,2023,48.5
17020,days_to_pending,2024,44.0833
17020,days_to_pending,2025,53.3333
17020,days_to_pending,2026,59.375
17020,days_to_pending,2026-08,50.0
17060,days_to_pending,2020,35.25
17060,days_to_pending,2021,25.9167
17060,days_to_pending,2022,23.0833
17060,days_to_pending,2023,28.6667
17060,days_to_pending,2024,35.5
17060,days_to_pending,2025,38.5
17060,days_to_pending,2026,38.875
17060,days_to_pending,2026-08,29.0
17140,days_to_pending,2018,36.0
17140,days_to_pending,2019,40.75
17140,days_to_pending,2020,29.5833
17140,days_to_pending,2021,17.8333
17140,days_to_pending,2022,16.4167
17140,days_to_pending,2023,20.4167
17140,days_to_pending,2024,24.3333
17140,days_to_pending,2025,29.4167
17140,days_to_pending,2026,33.375
17140,days_to_pending,2026-08,27.0
17220,days_to_pending,2023,49.5
17220,days_to_pending,2024,46.0
17220,days_to_pending,2025,45.1667
17220,days_to_pending,2026,52.5
17220,days_to_pending,2026-08,32.0
17300,days_to_pending,2018,45.6
17300,days_to_pending,2019,57.9167
17300,days_to_pending,2020,55.3333
17300,days_to_pending,2021,15.1667
17300,days_to_pending,2022,18.0833
17300,days_to_pending,2023,31.5833
17300,days_to_pending,2024,44.0
17300,days_to_pending,2025,57.3333
17300,days_to_pending,2026,63.25
17300,days_to_pending,2026-08,57.0
17340,days_to_pending,2018,65.4
17340,days_to_pending,2019,92.25
17340,days_to_pending,2020,83.5833
17340,days_to_pending,2021,37.8333
17340,days_to_pending,2022,54.1667
17340,days_to_pending,2023,73.5
17340,days_to_pending,2024,90.0833
17340,days_to_pending,2025,99.4167
17340,days_to_pending,2026,113.625
17340,days_to_pending,2026-08,105.0
17410,days_to_pending,2018,60.8
17410,days_to_pending,2019,67.25
17410,days_to_pending,2020,52.4167
17410,days_to_pending,2021,27.5
17410,days_to_pending,2022,22.25
17410,days_to_pending,2023,25.8333
17410,days_to_pending,2024,25.75
17410,days_to_pending,2025,28.75
17410,days_to_pending,2026,32.0
17410,days_to_pending,2026-08,26.0
17420,days_to_pending,2020,65.6
17420,days_to_pending,2021,29.6667
17420,days_to_pending,2022,26.5833
17420,days_to_pending,2023,45.5
17420,days_to_pending,2024,49.25
17420,days_to_pending,2025,59.25
17420,days_to_pending,2026,73.625
17420,days_to_pending,2026-08,72.0
17500,days_to_pending,2026,109.0
17500,days_to_pending,2026-08,115.0
17540,days_to_pending,2018,72.5
17540,days_to_pending,2019,72.4167
17540,days_to_pending,2020,71.6667
17540,days_to_pending,2021,44.8333
17540,days_to_pending,2022,35.75
17540,days_to_pending,2023,43.0
17540,days_to_pending,2024,45.75
17540,days_to_pending,2025,51.75
17540,days_to_pending,2026,58.625
17540,days_to_pending,2026-08,37.0
17580,days_to_pending,2024,79.1
17580,days_to_pending,2025,87.75
17580,days_to_pending,2026,101.625
17580,days_to_pending,2026-08,89.0
17660,days_to_pending,2019,60.5714
17660,days_to_pending,2020,40.0833
17660,days_to_pending,2021,21.5
17660,days_to_pending,2022,32.9167
17660,days_to_pending,2023,54.75
17660,days_to_pending,2024,65.0
17660,days_to_pending,2025,67.3333
17660,days_to_pending,2026,63.625
17660,days_to_pending,2026-08,46.0
17740,days_to_pending,2025,63.0
17740,days_to_pending,2026,64.625
17740,days_to_pending,2026-08,59.0
17780,days_to_pending,2018,75.9
17780,days_to_pending,2019,95.6667
17780,days_to_pending,2020,87.0833
17780,days_to_pending,2021,52.6667
17780,days_to_pending,2022,31.0
17780,days_to_pending,2023,48.8333
17780,days_to_pending,2024,65.75
17780,days_to_pending,2025,76.5833
17780,days_to_pending,2026,85.125
17780,days_to_pending,2026-08,88.0
17820,days_to_pending,2018,27.8
17820,days_to_pending,2019,35.25
17820,days_to_pending,2020,40.0833
17820,days_to_pending,2021,18.5
17820,days_to_pending,2022,21.1667
17820,days_to_pending,2023,37.5833
17820,days_to_pending,2024,45.25
17820,days_to_pending,2025,57.9167
17820,days_to_pending,2026,61.375
17820,days_to_pending,2026-08,50.0
17860,days_to_pending,2024,38.4167
17860,days_to_pending,2025,47.6667
17860,days_to_pending,2026,54.375
17860,days_to_pending,2026-08,44.0
17900,days_to_pending,2018,70.9
17900,days_to_pending,2019,85.1667
17900,days_to_pending,2020,65.6667
17900,days_to_pending,2021,27.8182
17900,days_to_pending,2022,30.6667
17900,days_to_pending,2023,35.8333
17900,days_to_pending,2024,39.25
17900,days_to_pending,2025,49.0833
17900,days_to_pending,2026,56.25
17900,days_to_pending,2026-08,53.0
17980,days_to_pending,2018,89.2
17980,days_to_pending,2019,86.4167
17980,days_to_pending,2020,61.6667
17980,days_to_pending,2021,32.1667
17980,days_to_pending,2022,26.3333
17980,days_to_pending,2023,33.75
17980,days_to_pending,2024,36.0833
17980,days_to_pending,2025,48.25
17980,days_to_pending,2026,50.375
17980,days_to_pending,2026-08,44.0
18020,days_to_pending,2018,46.7
18020,days_to_pending,2019,46.5833
18020,days_to_pending,2020,40.6667
18020,days_to_pending,2021,20.8333
18020,days_to_pending,2022,18.3333
18020,days_to_pending,2023,29.8333
18020,days_to_pending,2024,32.0833
18020,days_to_pending,2025,36.9167
18020,days_to_pending,2026,43.375
18020,days_to_pending,2026-08,36.0
18060,days_to_pending,2025,57.4
18060,days_to_pending,2026,69.125
18060,days_to_pending,2026-08,65.0
18100,days_to_pending,2026,66.8571
18100,days_to_pending,2026-08,56.0
18140,days_to_pending,2018,26.4
18140,days_to_pending,2019,32.0
18140,days_to_pending,2020,24.5833
18140,days_to_pending,2021,14.5833
18140,days_to_pending,2022,14.9167
18140,days_to_pending,2023,20.0
18140,days_to_pending,2024,23.0
18140,days_to_pending,2025,29.9167
18140,days_to_pending,2026,33.375
18140,days_to_pending,2026-08,27.0
18180,days_to_pending,2018,46.3
18180,days_to_pending,2019,52.0833
18180,days_to_pending,2020,35.8333
18180,days_to_pending,2021,19.8333
18180,days_to_pending,2022,17.0
18180,days_to_pending,2023,19.25
18180,days_to_pending,2024,19.5833
18180,days_to_pending,2025,23.9167
18180,days_to_pending,2026,30.0
18180,days_to_pending,2026-08,25.0
18220,days_to_pending,2026,49.0
18220,days_to_pending,2026-08,47.0
18260,days_to_pending,2020,55.1818
18260,days_to_pending,2021,31.8333
18260,days_to_pending,2022,42.0833
18260,days_to_pending,2023,62.25
18260,days_to_pending,2024,68.3333
18260,days_to_pending,2025,73.5
18260,days_to_pending,2026,80.5
18260,days_to_pending,2026-08,70.0
18300,days_to_pending,2018,61.4
18300,days_to_pending,2019,66.8333
18300,days_to_pending,2020,63.0
18300,days_to_pending,2021,37.0833
18300,days_to_pending,2022,31.5
18300,days_to_pending,2023,51.1667
18300,days_to_pending,2024,67.25
18300,days_to_pending,2025,64.5
18300,days_to_pending,2026,72.125
18300,days_to_pending,2026-08,70.0
18420,days_to_pending,2026,93.0
18420,days_to_pending,2026-08,93.0
18460,days_to_pending,2018,65.4
18460,days_to_pending,2019,77.25
18460,days_to_pending,2020,78.8333
18460,days_to_pending,2021,46.75
18460,days_to_pending,2022,35.0
18460,days_to_pending,2023,54.0
18460,days_to_pending,2024,57.9167
18460,days_to_pending,2025,80.5833
18460,days_to_pending,2026,83.375
18460,days_to_pending,2026-08,90.0
18500,days_to_pending,2018,83.8
18500,days_to_pending,2019,99.25
18500,days_to_pending,2020,98.9167
18500,days_to_pending,2021,49.5833
18500,days_to_pending,2022,42.8333
18500,days_to_pending,2023,47.4167
18500,days_to_pending,2024,50.5833
18500,days_to_pending,2025,53.75
18500,days_to_pending,2026,49.5
18500,days_to_pending,2026-08,29.0
18580,days_to_pending,2018,79.4
18580,days_to_pending,2019,91.0833
18580,days_to_pending,2020,77.8333
18580,days_to_pending,2021,38.5833
18580,days_to_pending,2022,38.0833
18580,days_to_pending,2023,59.6667
18580,days_to_pending,2024,75.1667
18580,days_to_pending,2025,90.3333
18580,days_to_pending,2026,96.875
18580,days_to_pending,2026-08,100.0
18620,days_to_pending,2025,93.9167
18620,days_to_pending,2026,102.5
18620,days_to_pending,2026-08,96.0
18660,days_to_pending,2026,39.5
18660,days_to_pending,2026-08,40.0
18700,days_to_pending,2021,27.8333
18700,days_to_pending,2022,22.0
18700,days_to_pending,2023,31.3333
18700,days_to_pending,2024,38.5833
18700,days_to_pending,2025,43.8333
18700,days_to_pending,2026,60.25
18700,days_to_pending,2026-08,50.0
18820,days_to_pending,2020,43.5833
18820,days_to_pending,2021,19.9167
18820,days_to_pending,2022,23.1667
18820,days_to_pending,2023,29.25
18820,days_to_pending,2024,32.6667
18820,days_to_pending,2025,39.5833
18820,days_to_pending,2026,35.0
18820,days_to_pending,2026-08,29.0
18880,days_to_pending,2018,73.2
18880,days_to_pending,2019,69.5833
18880,days_to_pending,2020,68.5
18880,days_to_pending,2021,35.8333
18880,days_to_pending,2022,30.6667
18880,days_to_pending,2023,60.6667
18880,days_to_pending,2024,83.75
18880,days_to_pending,2025,108.9167
18880,days_to_pending,2026,109.125
18880,days_to_pending,2026-08,102.0
18900,days_to_pending,2018,68.7
18900,days_to_pending,2019,84.5833
18900,days_to_pending,2020,74.5833
18900,days_to_pending,2021,37.5833
18900,days_to_pending,2022,36.0
18900,days_to_pending,2023,55.6667
18900,days_to_pending,2024,70.5
18900,days_to_pending,2025,91.0
18900,days_to_pending,2026,101.625
18900,days_to_pending,2026-08,108.0
18980,days_to_pending,2019,120.0
18980,days_to_pending,2020,105.0
18980,days_to_pending,2021,53.4167
18980,days_to_pending,2022,47.4167
18980,days_to_pending,2023,61.6667
18980,days_to_pending,2024,64.9167
18980,days_to_pending,2025,72.9167
18980,days_to_pending,2026,91.875
18980,days_to_pending,2026-08,95.0
19060,days_to_pending,2018,96.8
19060,days_to_pending,2019,111.5833
19060,days_to_pending,2020,93.5833
19060,days_to_pending,2021,43.6667
19060,days_to_pending,2022,42.0
19060,days_to_pending,2023,51.1667
19060,days_to_pending,2024,52.5833
19060,days_to_pending,2025,48.3333
19060,days_to_pending,2026,61.75
19060,days_to_pending,2026-08,55.0
19100,days_to_pending,2018,45.0
19100,days_to_pending,2019,57.25
19100,days_to_pending,2020,52.8333
19100,days_to_pending,2021,31.4167
19100,days_to_pending,2022,24.1667
19100,days_to_pending,2023,37.4167
19100,days_to_pending,2024,48.25
19100,days_to_pending,2025,63.5833
19100,days_to_pending,2026,67.125
19100,days_to_pending,2026-08,61.0
19140,days_to_pending,2018,61.7
19140,days_to_pending,2019,76.0833
19140,days_to_pending,2020,61.9167
19140,days_to_pending,2021,31.9167
19140,days_to_pending,2022,37.1667
19140,days_to_pending,2023,45.9167
19140,days_to_pending,2024,50.1667
19140,days_to_pending,2025,63.4167
19140,days_to_pending,2026,73.875
19140,days_to_pending,2026-08,77.0
19180,days_to_pending,2019,109.0
19180,days_to_pending,2020,95.4167
19180,days_to_pending,2021,57.0833
19180,days_to_pending,2022,36.1667
19180,days_to_pending,2023,34.8333
19180,days_to_pending,2024,38.0
19180,days_to_pending,2025,35.1667
19180,days_to_pending,2026,40.625
19180,days_to_pending,2026-08,41.0
19220,days_to_pending,2018,62.0
19220,days_to_pending,2019,82.5833
19220,days_to_pending,2020,66.8333
19220,days_to_pending,2021,33.4167
19220,days_to_pending,2022,42.3333
19220,days_to_pending,2023,52.5833
19220,days_to_pending,2024,60.0
19220,days_to_pending,2025,60.5833
19220,days_to_pending,2026,64.875
19220,days_to_pending,2026-08,64.0
19260,days_to_pending,2019,129.75
19260,days_to_pending,2020,108.5833
19260,days_to_pending,2021,55.75
19260,days_to_pending,2022,32.6667
19260,days_to_pending,2023,32.75
19260,days_to_pending,2024,49.3333
19260,days_to_pending,2025,59.5833
19260,days_to_pending,2026,68.625
19260,days_to_pending,2026-08,62.0
19300,days_to_pending,2024,83.5
19300,days_to_pending,2025,102.25
19300,days_to_pending,2026,107.75
19300,days_to_pending,2026-08,96.0
19340,days_to_pending,2018,55.2
19340,days_to_pending,2019,66.1667
19340,days_to_pending,2020,57.9167
19340,days_to_pending,2021,32.75
19340,days_to_pending,2022,32.25
19340,days_to_pending,2023,28.8333
19340,days_to_pending,2024,29.9
19340,days_to_pending,2025,38.1818
19340,days_to_pending,2026,39.0
19340,days_to_pending,2026-08,30.0
19430,days_to_pending,2018,39.5
19430,days_to_pending,2019,42.5
19430,days_to_pending,2020,28.6667
19430,days_to_pending,2021,17.0
19430,days_to_pending,2022,17.1667
19430,days_to_pending,2023,21.25
19430,days_to_pending,2024,23.4167
19430,days_to_pending,2025,29.5833
19430,days_to_pending,2026,32.75
19430,days_to_pending,2026-08,27.0
19460,days_to_pending,2019,85.0
19460,days_to_pending,2020,61.5833
19460,days_to_pending,2021,25.75
19460,days_to_pending,2022,26.5
19460,days_to_pending,2023,37.1667
19460,days_to_pending,2024,50.25
19460,days_to_pending,2025,69.4167
19460,days_to_pending,2026,71.5
19460,days_to_pending,2026-08,61.0
19500,days_to_pending,2018,85.6
19500,days_to_pending,2019,99.5
19500,days_to_pending,2020,88.8333
19500,days_to_pending,2021,42.0
19500,days_to_pending,2022,29.4167
19500,days_to_pending,2023,28.1667
19500,days_to_pending,2024,30.75
19500,days_to_pending,2025,31.25
19500,days_to_pending,2026,35.75
19500,days_to_pending,2026-08,24.0
19540,days_to_pending,2026,33.5
19540,days_to_pending,2026-08,34.0
19580,days_to_pending,2026,35.5
19580,days_to_pending,2026-08,22.0
19620,days_to_pending,2026,132.1429
19620,days_to_pending,2026-08,152.0
19660,days_to_pending,2018,62.8
19660,days_to_pending,2019,86.6667
19660,days_to_pending,2020,65.1667
19660,days_to_pending,2021,33.0833
19660,days_to_pending,2022,29.4167
19660,days_to_pending,2023,51.4167
19660,days_to_pending,2024,71.6667
19660,days_to_pending,2025,91.25
19660,days_to_pending,2026,93.875
19660,days_to_pending,2026-08,89.0
19740,days_to_pending,2018,25.1
19740,days_to_pending,2019,34.5833
19740,days_to_pending,2020,28.4167
19740,days_to_pending,2021,15.9167
19740,days_to_pending,2022,20.4167
19740,days_to_pending,2023,32.0833
19740,days_to_pending,2024,37.4167
19740,days_to_pending,2025,52.1667
19740,days_to_pending,2026,53.625
19740,days_to_pending,2026-08,48.0
19780,days_to_pending,2018,48.8
19780,days_to_pending,2019,64.25
19780,days_to_pending,2020,63.0833
19780,days_to_pending,2021,31.5833
19780,days_to_pending,2022,24.8333
19780,days_to_pending,2023,33.9167
19780,days_to_pending,2024,44.8333
19780,days_to_pending,2025,54.3333
19780,days_to_pending,2026,60.875
19780,days_to_pending,2026-08,52.0
19820,days_to_pending,2018,34.3
19820,days_to_pending,2019,47.0833
19820,days_to_pending,2020,45.1667
19820,days_to_pending,2021,24.6667
19820,days_to_pending,2022,25.4167
19820,days_to_pending,2023,32.1667
19820,days_to_pending,2024,30.75
19820,days_to_pending,2025,34.8333
19820,days_to_pending,2026,40.375
19820,days_to_pending,2026-08,32.0
19860,days_to_pending,2026,69.0
19860,days_to_pending,2026-08,48.0
19940,days_to_pending,2026,42.0
19940,days_to_pending,2026-08,36.0
20020,days_to_pending,2021,37.8333
20020,days_to_pending,2022,33.1667
20020,days_to_pending,2023,44.0
20020,days_to_pending,2024,49.4167
20020,days_to_pending,2025,65.0833
20020,days_to_pending,2026,74.0
20020,days_to_pending,2026-08,71.0
20100,days_to_pending,2018,62.2
20100,days_to_pending,2019,68.6667
20100,days_to_pending,2020,45.8333
20100,days_to_pending,2021,19.4167
20100,days_to_pending,2022,21.0833
20100,days_to_pending,2023,30.0833
20100,days_to_pending,2024,35.0833
20100,days_to_pending,2025,44.25
20100,days_to_pending,2026,47.0
20100,days_to_pending,2026-08,43.0
20180,days_to_pending,2019,99.6
20180,days_to_pending,2020,95.0833
20180,days_to_pending,2021,53.5
20180,days_to_pending,2022,43.8333
20180,days_to_pending,2023,48.25
20180,days_to_pending,2024,48.0
20180,days_to_pending,2025,44.3333
20180,days_to_pending,2026,53.25
20180,days_to_pending,2026-08,51.0
20220,days_to_pending,2019,62.6667
20220,days_to_pending,2020,54.6667
20220,days_to_pending,2021,27.25
20220,days_to_pending,2022,25.6667
20220,days_to_pending,2023,32.5833
20220,days_to_pending,2024,32.1667
20220,days_to_pending,2025,33.3333
20220,days_to_pending,2026,35.25
20220,days_to_pending,2026-08,28.0
20260,days_to_pending,2018,52.2
20260,days_to_pending,2019,64.1667
20260,days_to_pending,2020,58.5
20260,days_to_pending,2021,35.4167
20260,days_to_pending,2022,28.0833
20260,days_to_pending,2023,32.1667
20260,days_to_pending,2024,37.3333
20260,days_to_pending,2025,40.25
20260,days_to_pending,2026,43.625
20260,days_to_pending,2026-08,37.0
20340,days_to_pending,2024,55.0
20340,days_to_pending,2025,62.8333
20340,days_to_pending,2026,66.125
20340,days_to_pending,2026-08,67.0
20420,days_to_pending,2018,83.5
20420,days_to_pending,2019,104.4167
20420,days_to_pending,2020,108.5833
20420,days_to_pending,2021,41.5833
20420,days_to_pending,2022,39.4167
20420,days_to_pending,2023,55.0833
20420,days_to_pending,2024,55.4167
20420,days_to_pending,2025,67.9167
20420,days_to_pending,2026,73.625
20420,days_to_pending,2026-08,61.0
20460,days_to_pending,2025,123.0
20460,days_to_pending,2026,103.75
20460,days_to_pending,2026-08,106.0
20500,days_to_pending,2018,32.7
20500,days_to_pending,2019,39.75
20500,days_to_pending,2020,36.25
20500,days_to_pending,2021,18.9167
20500,days_to_pending,2022,20.6667
20500,days_to_pending,2023,31.0
20500,days_to_pending,2024,35.6667
20500,days_to_pending,2025,47.6667
20500,days_to_pending,2026,57.875
20500,days_to_pending,2026-08,54.0
20540,days_to_pending,2026,66.1429
20540,days_to_pending,2026-08,67.0
20580,days_to_pending,2026,138.3333
20580,days_to_pending,2026-08,173.0
20660,days_to_pending,2020,109.25
20660,days_to_pending,2021,51.25
20660,days_to_pending,2022,43.9167
20660,days_to_pending,2023,45.8333
20660,days_to_pending,2024,47.3333
20660,days_to_pending,2025,64.4167
20660,days_to_pending,2026,77.625
20660,days_to_pending,2026-08,70.0
20700,days_to_pending,2020,61.5
20700,days_to_pending,2021,36.25
20700,days_to_pending,2022,36.0
20700,days_to_pending,2023,46.6667
20700,days_to_pending,2024,56.3333
20700,days_to_pending,2025,70.3333
20700,days_to_pending,2026,69.0
20700,days_to_pending,2026-08,57.0
20740,days_to_pending,2024,45.9091
20740,days_to_pending,2025,57.8333
20740,days_to_pending,2026,51.5
20740,days_to_pending,2026-08,31.0
20780,days_to_pending,2020,132.875
20780,days_to_pending,2021,55.5
20780,days_to_pending,2022,33.0
20780,days_to_pending,2023,60.25
20780,days_to_pending,2024,70.9167
20780,days_to_pending,2025,80.75
20780,days_to_pending,2026,98.0
20780,days_to_pending,2026-08,81.0
20820,days_to_pending,2026,49.6
20820,days_to_pending,2026-08,53.0
20940,days_to_pending,2018,47.5
20940,days_to_pending,2019,51.8333
20940,days_to_pending,2020,37.25
20940,days_to_pending,2021,24.1667
20940,days_to_pending,2022,26.25
20940,days_to_pending,2023,37.75
20940,days_to_pending,2024,31.25
20940,days_to_pending,2025,40.5
20940,days_to_pending,2026,46.125
20940,days_to_pending,2026-08,35.0
21020,days_to_pending,2018,83.9
21020,days_to_pending,2019,109.3333
21020,days_to_pending,2020,91.5
21020,days_to_pending,2021,35.75
21020,days_to_pending,2022,36.75
21020,days_to_pending,2023,41.25
21020,days_to_pending,2024,47.5
21020,days_to_pending,2025,58.75
21020,days_to_pending,2026,62.875
21020,days_to_pending,2026-08,48.0
21060,days_to_pending,2019,75.5
21060,days_to_pending,2020,58.5833
21060,days_to_pending,2021,26.0
21060,days_to_pending,2022,32.3333
21060,days_to_pending,2023,53.1667
21060,days_to_pending,2024,51.75
21060,days_to_pending,2025,65.9167
21060,days_to_pending,2026,70.625
21060,days_to_pending,2026-08,71.0
21140,days_to_pending,2020,44.75
21140,days_to_pending,2021,22.5833
21140,days_to_pending,2022,17.25
21140,days_to_pending,2023,27.0833
21140,days_to_pending,2024,37.0
21140,days_to_pending,2025,41.5
21140,days_to_pending,2026,41.375
21140,days_to_pending,2026-08,31.0
21220,days_to_pending,2022,30.125
21220,days_to_pending,2023,38.5833
21220,days_to_pending,2024,53.6667
21220,days_to_pending,2025,56.3333
21220,days_to_pending,2026,47.75
21220,days_to_pending,2026-08,36.0
21260,days_to_pending,2026,69.25
21260,days_to_pending,2026-08,61.0
21300,days_to_pending,2020,88.6667
21300,days_to_pending,2021,47.6667
21300,days_to_pending,2022,35.3333
21300,days_to_pending,2023,38.75
21300,days_to_pending,2024,42.8333
21300,days_to_pending,2025,44.1667
21300,days_to_pending,2026,49.625
21300,days_to_pending,2026-08,34.0
21340,days_to_pending,2021,22.1
21340,days_to_pending,2022,21.0
21340,days_to_pending,2023,39.3333
21340,days_to_pending,2024,62.0833
21340,days_to_pending,2025,74.8333
21340,days_to_pending,2026,81.75
21340,days_to_pending,2026-08,73.0
21380,days_to_pending,2026,60.2857
21380,days_to_pending,2026-08,57.0
21420,days_to_pending,2021,42.875
21420,days_to_pending,2022,39.3333
21420,days_to_pending,2023,42.3333
21420,days_to_pending,2024,48.5833
21420,days_to_pending,2025,52.25
21420,days_to_pending,2026,70.875
21420,days_to_pending,2026-08,56.0
21460,days_to_pending,2019,104.1667
21460,days_to_pending,2020,64.4167
21460,days_to_pending,2021,28.4167
21460,days_to_pending,2022,20.1667
21460,days_to_pending,2023,29.0833
21460,days_to_pending,2024,40.3333
21460,days_to_pending,2025,56.8333
21460,days_to_pending,2026,62.5
21460,days_to_pending,2026-08,64.0
21500,days_to_pending,2018,80.7
21500,days_to_pending,2019,95.5
21500,days_to_pending,2020,74.8333
21500,days_to_pending,2021,33.8333
21500,days_to_pending,2022,28.9167
21500,days_to_pending,2023,30.0833
21500,days_to_pending,2024,30.6667
21500,days_to_pending,2025,29.4167
21500,days_to_pending,2026,33.25
21500,days_to_pending,2026-08,21.0
21540,days_to_pending,2026,36.0
21540,days_to_pending,2026-08,35.0
21660,days_to_pending,2018,35.1
21660,days_to_pending,2019,40.3333
21660,days_to_pending,2020,33.8333
21660,days_to_pending,2021,20.75
21660,days_to_pending,2022,23.75
21660,days_to_pending,2023,35.8333
21660,days_to_pending,2024,47.8333
21660,days_to_pending,2025,50.0
21660,days_to_pending,2026,49.0
21660,days_to_pending,2026-08,43.0
21700,days_to_pending,2025,85.8
21700,days_to_pending,2026,82.75
21700,days_to_pending,2026-08,52.0
21780,days_to_pending,2018,47.1
21780,days_to_pending,2019,67.75
21780,days_to_pending,2020,50.0
21780,days_to_pending,2021,26.3333
21780,days_to_pending,2022,19.6667
21780,days_to_pending,2023,26.75
21780,days_to_pending,2024,32.9167
21780,days_to_pending,2025,38.5
21780,days_to_pending,2026,46.375
21780,days_to_pending,2026-08,42.0
21820,days_to_pending,2024,44.0
21820,days_to_pending,2025,41.5
21820,days_to_pending,2026,39.5
21820,days_to_pending,2026-08,25.0
21860,days_to_pending,2026,86.6
21860,days_to_pending,2026-08,71.0
21900,days_to_pending,2026,32.2857
21900,days_to_pending,2026-08,34.0
22020,days_to_pending,2023,42.5455
22020,days_to_pending,2024,53.5833
22020,days_to_pending,2025,60.0833
22020,days_to_pending,2026,62.375
22020,days_to_pending,2026-08,46.0
22060,days_to_pending,2018,45.0
22060,days_to_pending,2019,59.8333
22060,days_to_pending,2020,49.3333
22060,days_to_pending,2021,25.1667
22060,days_to_pending,2022,30.0
22060,days_to_pending,2023,35.5833
22060,days_to_pending,2024,43.75
22060,days_to_pending,2025,45.0833
22060,days_to_pending,2026,53.375
22060,days_to_pending,2026-08,41.0
22100,days_to_pending,2018,67.6
22100,days_to_pending,2019,72.3333
22100,days_to_pending,2020,58.6667
22100,days_to_pending,2021,31.3333
22100,days_to_pending,2022,32.25
22100,days_to_pending,2023,51.0833
22100,days_to_pending,2024,49.8333
22100,days_to_pending,2025,46.75
22100,days_to_pending,2026,46.75
22100,days_to_pending,2026-08,38.0
22140,days_to_pending,2022,32.0
22140,days_to_pending,2023,34.3333
22140,days_to_pending,2024,48.75
22140,days_to_pending,2025,55.5
22140,days_to_pending,2026,46.75
22140,days_to_pending,2026-08,32.0
22180,days_to_pending,2018,69.1
22180,days_to_pending,2019,61.3333
22180,days_to_pending,2020,39.6667
22180,days_to_pending,2021,16.0
22180,days_to_pending,2022,15.25
22180,days_to_pending,2023,21.9167
22180,days_to_pending,2024,32.9167
22180,days_to_pending,2025,49.5
22180,days_to_pending,2026,58.875
22180,days_to_pending,2026-08,52.0
22220,days_to_pending,2025,80.5
22220,days_to_pending,2026,63.25
22220,days_to_pending,2026-08,64.0
22260,days_to_pending,2026,74.5
22260,days_to_pending,2026-08,61.0
22300,days_to_pending,2018,50.4
22300,days_to_pending,2019,50.4167
22300,days_to_pending,2020,37.25
22300,days_to_pending,2021,27.5
22300,days_to_pending,2022,26.8333
22300,days_to_pending,2023,32.5
22300,days_to_pending,2024,31.0
22300,days_to_pending,2025,42.0
22300,days_to_pending,2026,37.625
22300,days_to_pending,2026-08,25.0
22380,days_to_pending,2018,56.6
22380,days_to_pending,2019,71.4167
22380,days_to_pending,2020,58.25
22380,days_to_pending,2021,23.0833
22380,days_to_pending,2022,31.25
22380,days_to_pending,2023,52.25
22380,days_to_pending,2024,56.75
22380,days_to_pending,2025,67.75
22380,days_to_pending,2026,74.5
22380,days_to_pending,2026-08,66.0
22420,days_to_pending,2018,38.7
22420,days_to_pending,2019,47.4167
22420,days_to_pending,2020,44.6667
22420,days_to_pending,2021,20.9167
22420,days_to_pending,2022,27.75
22420,days_to_pending,2023,34.6667
22420,days_to_pending,2024,35.0833
22420,days_to_pending,2025,39.9167
22420,days_to_pending,2026,42.375
22420,days_to_pending,2026-08,34.0
22500,days_to_pending,2020,74.0
22500,days_to_pending,2021,36.25
22500,days_to_pending,2022,27.4167
22500,days_to_pending,2023,38.8333
22500,days_to_pending,2024,52.25
22500,days_to_pending,2025,56.75
22500,days_to_pending,2026,65.25
22500,days_to_pending,2026-08,58.0
22520,days_to_pending,2022,38.6667
22520,days_to_pending,2023,44.75
22520,days_to_pending,2024,50.0833
22520,days_to_pending,2025,64.6667
22520,days_to_pending,2026,74.75
22520,days_to_pending,2026-08,77.0
22540,days_to_pending,2026,66.0
22540,days_to_pending,2026-08,47.0
22580,days_to_pending,2026,95.0
22580,days_to_pending,2026-08,95.0
22660,days_to_pending,2018,41.4
22660,days_to_pending,2019,55.5
22660,days_to_pending,2020,39.25
22660,days_to_pending,2021,26.0
22660,days_to_pending,2022,32.5833
22660,days_to_pending,2023,41.5833
22660,days_to_pending,2024,50.8333
22660,days_to_pending,2025,64.4167
22660,days_to_pending,2026,65.625
22660,days_to_pending,2026-08,50.0
22700,days_to_pending,2026,71.2857
22700,days_to_pending,2026-08,56.0
22780,days_to_pending,2018,85.0
22780,days_to_pending,2019,102.0833
22780,days_to_pending,2020,77.6667
22780,days_to_pending,2021,32.0833
22780,days_to_pending,2022,33.5833
22780,days_to_pending,2023,50.0
22780,days_to_pending,2024,48.1667
22780,days_to_pending,2025,54.6667
22780,days_to_pending,2026,51.5
22780,days_to_pending,2026-08,45.0
22800,days_to_pending,2025,89.5
22800,days_to_pending,2026,106.125
22800,days_to_pending,2026-08,104.0
22820,days_to_pending,2026,69.7143
22820,days_to_pending,2026-08,70.0
22840,days_to_pending,2021,22.2
22840,days_to_pending,2022,38.6667
22840,days_to_pending,2023,53.5
22840,days_to_pending,2024,63.75
22840,days_to_pending,2025,78.9167
22840,days_to_pending,2026,76.875
22840,days_to_pending,2026-08,63.0
22900,days_to_pending,2018,80.5
22900,days_to_pending,2019,98.0833
22900,days_to_pending,2020,87.0833
22900,days_to_pending,2021,38.9167
22900,days_to_pending,2022,36.1667
22900,days_to_pending,2023,49.8333
22900,days_to_pending,2024,56.5
22900,days_to_pending,2025,67.75
22900,days_to_pending,2026,85.5
22900,days_to_pending,2026-08,85.0
23060,days_to_pending,2020,29.0
23060,days_to_pending,2021,14.5
23060,days_to_pending,2022,13.0833
23060,days_to_pending,2023,19.1667
23060,days_to_pending,2024,27.6667
23060,days_to_pending,2025,34.3333
23060,days_to_pending,2026,38.125
23060,days_to_pending,2026-08,27.0
23140,days_to_pending,2026,48.0
23140,days_to_pending,2026-08,48.0
23180,days_to_pending,2018,49.4
23180,days_to_pending,2019,56.0833
23180,days_to_pending,2020,48.6667
23180,days_to_pending,2021,24.5
23180,days_to_pending,2022,23.25
23180,days_to_pending,2023,33.75
23180,days_to_pending,2024,33.0
23180,days_to_pending,2025,44.5833
23180,days_to_pending,2026,51.5
23180,days_to_pending,2026-08,47.0
23300,days_to_pending,2021,47.9
23300,days_to_pending,2022,40.8333
23300,days_to_pending,2023,40.8333
23300,days_to_pending,2024,40.0833
23300,days_to_pending,2025,41.6667
23300,days_to_pending,2026,49.25
23300,days_to_pending,2026-08,36.0
23340,days_to_pending,2025,56.0
23340,days_to_pending,2026,52.875
23340,days_to_pending,2026-08,43.0
23380,days_to_pending,2018,47.4
23380,days_to_pending,2019,57.4167
23380,days_to_pending,2020,46.6667
23380,days_to_pending,2021,22.5
23380,days_to_pending,2022,20.0
23380,days_to_pending,2023,21.75
23380,days_to_pending,2024,21.0
23380,days_to_pending,2025,29.1667
23380,days_to_pending,2026,28.875
23380,days_to_pending,2026-08,22.0
23420,days_to_pending,2018,35.4
23420,days_to_pending,2019,45.4167
23420,days_to_pending,2020,41.25
23420,days_to_pending,2021,22.6667
23420,days_to_pending,2022,23.5833
23420,days_to_pending,2023,33.25
23420,days_to_pending,2024,35.0833
23420,days_to_pending,2025,43.5833
23420,days_to_pending,2026,47.5
23420,days_to_pending,2026-08,43.0
23460,days_to_pending,2020,59.0
23460,days_to_pending,2021,46.5833
23460,days_to_pending,2022,33.5833
23460,days_to_pending,2023,47.0833
23460,days_to_pending,2024,53.25
23460,days_to_pending,2025,67.0833
23460,days_to_pending,2026,76.375
23460,days_to_pending,2026-08,76.0
23500,days_to_pending,2026,66.5
23500,days_to_pending,2026-08,61.0
23540,days_to_pending,2018,55.5
23540,days_to_pending,2019,63.6667
23540,days_to_pending,2020,51.1667
23540,days_to_pending,2021,33.0833
23540,days_to_pending,2022,28.1667
23540,days_to_pending,2023,40.5833
23540,days_to_pending,2024,56.6667
23540,days_to_pending,2025,72.1667
23540,days_to_pending,2026,78.125
23540,days_to_pending,2026-08,76.0
23580,days_to_pending,2018,52.3
23580,days_to_pending,2019,62.8333
23580,days_to_pending,2020,63.0833
23580,days_to_pending,2021,30.25
23580,days_to_pending,2022,36.9167
23580,days_to_pending,2023,49.8333
23580,days_to_pending,2024,55.25
23580,days_to_pending,2025,70.5
23580,days_to_pending,2026,84.125
23580,days_to_pending,2026-08,87.0
23620,days_to_pending,2024,74.0
23620,days_to_pending,2025,98.5
23620,days_to_pending,2026,108.25
23620,days_to_pending,2026-08,87.0
23660,days_to_pending,2019,98.3333
23660,days_to_pending,2020,88.75
23660,days_to_pending,2021,55.6667
23660,days_to_pending,2022,41.8333
23660,days_to_pending,2023,41.6667
23660,days_to_pending,2024,41.5833
23660,days_to_pending,2025,48.5833
23660,days_to_pending,2026,46.25
23660,days_to_pending,2026-08,42.0
23820,days_to_pending,2020,68.75
23820,days_to_pending,2021,34.1667
23820,days_to_pending,2022,37.25
23820,days_to_pending,2023,61.8333
23820,days_to_pending,2024,61.5833
23820,days_to_pending,2025,67.25
23820,days_to_pending,2026,69.0
23820,days_to_pending,2026-08,52.0
23900,days_to_pending,2018,62.1
23900,days_to_pending,2019,68.25
23900,days_to_pending,2020,60.0
23900,days_to_pending,2021,26.9167
23900,days_to_pending,2022,21.4167
23900,days_to_pending,2023,25.25
23900,days_to_pending,2024,31.0
23900,days_to_pending,2025,32.0
23900,days_to_pending,2026,38.0
23900,days_to_pending,2026-08,34.0
23940,days_to_pending,2025,66.0
23940,days_to_pending,2026,64.5
23940,days_to_pending,2026-08,41.0
23980,days_to_pending,2026,80.0
23980,days_to_pending,2026-08,57.0
24020,days_to_pending,2018,96.4
24020,days_to_pending,2019,114.0833
24020,days_to_pending,2020,110.6667
24020,days_to_pending,2021,57.8333
24020,days_to_pending,2022,40.25
24020,days_to_pending,2023,46.9167
24020,days_to_pending,2024,42.6667
24020,days_to_pending,2025,47.8333
24020,days_to_pending,2026,54.125
24020,days_to_pending,2026-08,38.0
24100,days_to_pending,2018,73.4
24100,days_to_pending,2019,109.9167
24100,days_to_pending,2020,99.25
24100,days_to_pending,2021,50.0
24100,days_to_pending,2022,45.4167
24100,days_to_pending,2023,58.75
24100,days_to_pending,2024,53.75
24100,days_to_pending,2025,49.5833
24100,days_to_pending,2026,60.5
24100,days_to_pending,2026-08,51.0
24140,days_to_pending,2018,65.2
24140,days_to_pending,2019,71.0
24140,days_to_pending,2020,40.6667
24140,days_to_pending,2021,19.6667
24140,days_to_pending,2022,17.75
24140,days_to_pending,2023,23.6667
24140,days_to_pending,2024,39.5833
24140,days_to_pending,2025,48.8333
24140,days_to_pending,2026,60.375
24140,days_to_pending,2026-08,50.0
24180,days_to_pending,2023,38.5833
24180,days_to_pending,2024,73.3333
24180,days_to_pending,2025,90.75
24180,days_to_pending,2026,88.25
24180,days_to_pending,2026-08,80.0
24220,days_to_pending,2018,76.7
24220,days_to_pending,2019,106.5833
24220,days_to_pending,2020,100.0833
24220,days_to_pending,2021,56.25
24220,days_to_pending,2022,39.5
24220,days_to_pending,2023,66.9167
24220,days_to_pending,2024,50.8333
24220,days_to_pending,2025,57.0
24220,days_to_pending,2026,51.875
24220,days_to_pending,2026-08,39.0
24300,days_to_pending,2018,39.5
24300,days_to_pending,2019,51.25
24300,days_to_pending,2020,48.5833
24300,days_to_pending,2021,25.0833
24300,days_to_pending,2022,29.0
24300,days_to_pending,2023,47.0833
24300,days_to_pending,2024,46.25
24300,days_to_pending,2025,52.6667
24300,days_to_pending,2026,62.25
24300,days_to_pending,2026-08,60.0
24330,days_to_pending,2026,55.75
24330,days_to_pending,2026-08,55.0
24340,days_to_pending,2018,30.9
24340,days_to_pending,2019,37.8333
24340,days_to_pending,2020,34.8333
24340,days_to_pending,2021,17.5833
24340,days_to_pending,2022,17.3333
24340,days_to_pending,2023,22.25
24340,days_to_pending,2024,23.9167
24340,days_to_pending,2025,28.3333
24340,days_to_pending,2026,28.25
24340,days_to_pending,2026-08,22.0
24420,days_to_pending,2019,86.4167
24420,days_to_pending,2020,55.5833
24420,days_to_pending,2021,26.4167
24420,days_to_pending,2022,42.8333
24420,days_to_pending,2023,67.6667
24420,days_to_pending,2024,70.5833
24420,days_to_pending,2025,70.5
24420,days_to_pending,2026,77.125
24420,days_to_pending,2026-08,73.0
24540,days_to_pending,2018,32.4
24540,days_to_pending,2019,36.5
24540,days_to_pending,2020,27.8333
24540,days_to_pending,2021,16.4167
24540,days_to_pending,2022,23.0833
24540,days_to_pending,2023,39.6667
24540,days_to_pending,2024,42.75
24540,days_to_pending,2025,60.5833
24540,days_to_pending,2026,60.875
24540,days_to_pending,2026-08,45.0
24580,days_to_pending,2018,71.8
24580,days_to_pending,2019,84.4167
24580,days_to_pending,2020,81.3333
24580,days_to_pending,2021,59.0833
24580,days_to_pending,2022,50.75
24580,days_to_pending,2023,49.5833
24580,days_to_pending,2024,52.0
24580,days_to_pending,2025,56.0
24580,days_to_pending,2026,65.0
24580,days_to_pending,2026-08,57.0
24620,days_to_pending,2018,69.7
24620,days_to_pending,2019,81.5
24620,days_to_pending,2020,71.1667
24620,days_to_pending,2021,34.0833
24620,days_to_pending,2022,29.3333
24620,days_to_pending,2023,42.1667
24620,days_to_pending,2024,41.9167
24620,days_to_pending,2025,69.8333
24620,days_to_pending,2026,81.5
24620,days_to_pending,2026-08,51.0
24660,days_to_pending,2018,58.3
24660,days_to_pending,2019,46.6667
24660,days_to_pending,2020,38.3333
24660,days_to_pending,2021,19.4167
24660,days_to_pending,2022,21.0833
24660,days_to_pending,2023,29.5833
24660,days_to_pending,2024,34.5
24660,days_to_pending,2025,43.5833
24660,days_to_pending,2026,49.75
24660,days_to_pending,2026-08,44.0
24700,days_to_pending,2026,43.5
24700,days_to_pending,2026-08,41.0
24780,days_to_pending,2018,52.4
24780,days_to_pending,2019,49.6667
24780,days_to_pending,2020,30.6667
24780,days_to_pending,2021,17.75
24780,days_to_pending,2022,14.3333
24780,days_to_pending,2023,21.75
24780,days_to_pending,2024,32.1667
24780,days_to_pending,2025,43.5
24780,days_to_pending,2026,46.5
24780,days_to_pending,2026-08,45.0
24820,days_to_pending,2025,41.0
24820,days_to_pending,2026,44.375
24820,days_to_pending,2026-08,43.0
24860,days_to_pending,2018,42.9
24860,days_to_pending,2019,54.5833
24860,days_to_pending,2020,49.25
24860,days_to_pending,2021,23.3333
24860,days_to_pending,2022,20.25
24860,days_to_pending,2023,33.0833
24860,days_to_pending,2024,41.25
24860,days_to_pending,2025,50.0833
24860,days_to_pending,2026,59.375
24860,days_to_pending,2026-08,57.0
24940,days_to_pending,2024,52.0
24940,days_to_pending,2025,66.9167
24940,days_to_pending,2026,78.75
24940,days_to_pending,2026-08,69.0
25060,days_to_pending,2021,44.8333
25060,days_to_pending,2022,30.6667
25060,days_to_pending,2023,43.25
25060,days_to_pending,2024,60.8333
25060,days_to_pending,2025,72.3333
25060,days_to_pending,2026,80.625
25060,days_to_pending,2026-08,76.0
25180,days_to_pending,2018,62.0
25180,days_to_pending,2019,63.25
25180,days_to_pending,2020,50.9167
25180,days_to_pending,2021,20.3333
25180,days_to_pending,2022,20.6667
25180,days_to_pending,2023,27.5
25180,days_to_pending,2024,28.75
25180,days_to_pending,2025,36.5
25180,days_to_pending,2026,42.875
25180,days_to_pending,2026-08,36.0
25200,days_to_pending,2024,74.3333
25200,days_to_pending,2025,75.4167
25200,days_to_pending,2026,82.375
25200,days_to_pending,2026-08,62.0
25220,days_to_pending,2018,67.7
25220,days_to_pending,2019,93.4167
25220,days_to_pending,2020,77.25
25220,days_to_pending,2021,34.4167
25220,days_to_pending,2022,29.6667
25220,days_to_pending,2023,56.0
25220,days_to_pending,2024,67.3333
25220,days_to_pending,2025,78.75
25220,days_to_pending,2026,84.75
25220,days_to_pending,2026-08,74.0
25260,days_to_pending,2018,62.0
25260,days_to_pending,2019,55.25
25260,days_to_pending,2020,35.9167
25260,days_to_pending,2021,22.5
25260,days_to_pending,2022,30.1667
25260,days_to_pending,2023,33.4167
25260,days_to_pending,2024,35.3333
25260,days_to_pending,2025,45.1667
25260,days_to_pending,2026,42.875
25260,days_to_pending,2026-08,42.0
25300,days_to_pending,2026,47.0
25300,days_to_pending,2026-08,37.0
25420,days_to_pending,2018,46.9
25420,days_to_pending,2019,47.25
25420,days_to_pending,2020,38.0
25420,days_to_pending,2021,18.8333
25420,days_to_pending,2022,17.0
25420,days_to_pending,2023,20.4167
25420,days_to_pending,2024,21.75
25420,days_to_pending,2025,24.0833
25420,days_to_pending,2026,28.75
25420,days_to_pending,2026-08,24.0
25500,days_to_pending,2018,49.7
25500,days_to_pending,2019,61.75
25500,days_to_pending,2020,46.5833
25500,days_to_pending,2021,26.4167
25500,days_to_pending,2022,24.1667
25500,days_to_pending,2023,27.9167
25500,days_to_pending,2024,34.3333
25500,days_to_pending,2025,34.8333
25500,days_to_pending,2026,37.0
25500,days_to_pending,2026-08,28.0
25540,days_to_pending,2018,53.2
25540,days_to_pending,2019,62.0833
25540,days_to_pending,2020,50.0
25540,days_to_pending,2021,23.0
25540,days_to_pending,2022,18.5833
25540,days_to_pending,2023,17.5
25540,days_to_pending,2024,18.1667
25540,days_to_pending,2025,20.5
25540,days_to_pending,2026,21.875
25540,days_to_pending,2026-08,17.0
25580,days_to_pending,2026,53.0
25580,days_to_pending,2026-08,44.0
25620,days_to_pending,2018,67.2
25620,days_to_pending,2019,73.0
25620,days_to_pending,2020,66.9167
25620,days_to_pending,2021,32.8333
25620,days_to_pending,2022,28.6667
25620,days_to_pending,2023,44.0
25620,days_to_pending,2024,53.3333
25620,days_to_pending,2025,67.0
25620,days_to_pending,2026,73.0
25620,days_to_pending,2026-08,74.0
25700,days_to_pending,2026,86.75
25700,days_to_pending,2026-08,70.0
25720,days_to_pending,2018,75.3
25720,days_to_pending,2019,101.5
25720,days_to_pending,2020,87.0833
25720,days_to_pending,2021,44.1667
25720,days_to_pending,2022,45.4167
25720,days_to_pending,2023,71.5
25720,days_to_pending,2024,84.0
25720,days_to_pending,2025,78.6667
25720,days_to_pending,2026,89.375
25720,days_to_pending,2026-08,80.0
25780,days_to_pending,2026,73.0
25780,days_to_pending,2026-08,73.0
25840,days_to_pending,2018,61.8
25840,days_to_pending,2019,63.25
25840,days_to_pending,2020,61.6667
25840,days_to_pending,2021,34.75
25840,days_to_pending,2022,41.6667
25840,days_to_pending,2023,63.6667
25840,days_to_pending,2024,75.3333
25840,days_to_pending,2025,69.1667
25840,days_to_pending,2026,80.625
25840,days_to_pending,2026-08,73.0
25860,days_to_pending,2018,50.0
25860,days_to_pending,2019,60.8333
25860,days_to_pending,2020,51.75
25860,days_to_pending,2021,24.75
25860,days_to_pending,2022,28.9167
25860,days_to_pending,2023,50.75
25860,days_to_pending,2024,54.0
25860,days_to_pending,2025,64.0833
25860,days_to_pending,2026,64.75
25860,days_to_pending,2026-08,54.0
25880,days_to_pending,2024,44.75
25880,days_to_pending,2025,60.0833
25880,days_to_pending,2026,62.0
25880,days_to_pending,2026-08,50.0
25900,days_to_pending,2018,68.3
25900,days_to_pending,2019,88.9167
25900,days_to_pending,2020,90.0833
25900,days_to_pending,2021,48.6667
25900,days_to_pending,2022,35.25
25900,days_to_pending,2023,52.5833
25900,days_to_pending,2024,66.1667
25900,days_to_pending,2025,85.3333
25900,days_to_pending,2026,90.375
25900,days_to_pending,2026-08,85.0
25940,days_to_pending,2018,79.3
25940,days_to_pending,2019,103.5833
25940,days_to_pending,2020,101.9167
25940,days_to_pending,2021,40.1667
25940,days_to_pending,2022,26.9167
25940,days_to_pending,2023,45.6667
25940,days_to_pending,2024,61.0
25940,days_to_pending,2025,77.3333
25940,days_to_pending,2026,85.375
25940,days_to_pending,2026-08,81.0
25980,days_to_pending,2018,66.3
25980,days_to_pending,2019,67.75
25980,days_to_pending,2020,63.9167
25980,days_to_pending,2021,24.4167
25980,days_to_pending,2022,18.9167
25980,days_to_pending,2023,29.0
25980,days_to_pending,2024,39.5
25980,days_to_pending,2025,54.1667
25980,days_to_pending,2026,72.625
25980,days_to_pending,2026-08,73.0
26020,days_to_pending,2024,39.4
26020,days_to_pending,2025,34.5
26020,days_to_pending,2026,29.125
26020,days_to_pending,2026-08,31.0
26090,days_to_pending,2018,56.4
26090,days_to_pending,2019,63.9167
26090,days_to_pending,2020,75.6667
26090,days_to_pending,2021,30.8333
26090,days_to_pending,2022,23.6667
26090,days_to_pending,2023,29.0
26090,days_to_pending,2024,35.6667
26090,days_to_pending,2025,37.4167
26090,days_to_pending,2026,38.75
26090,days_to_pending,2026-08,29.0
26140,days_to_pending,2018,65.2
26140,days_to_pending,2019,80.6667
26140,days_to_pending,2020,67.5
26140,days_to_pending,2021,28.5833
26140,days_to_pending,2022,28.0
26140,days_to_pending,2023,51.0833
26140,days_to_pending,2024,69.5833
26140,days_to_pending,2025,86.3333
26140,days_to_pending,2026,98.5
26140,days_to_pending,2026-08,98.0
26300,days_to_pending,2021,29.7143
26300,days_to_pending,2022,35.6667
26300,days_to_pending,2023,46.5
26300,days_to_pending,2024,68.6667
26300,days_to_pending,2025,94.5833
26300,days_to_pending,2026,98.125
26300,days_to_pending,2026-08,110.0
26380,days_to_pending,2018,93.2
26380,days_to_pending,2019,112.9167
26380,days_to_pending,2020,110.9167
26380,days_to_pending,2021,76.4167
26380,days_to_pending,2022,38.6667
26380,days_to_pending,2023,64.1667
26380,days_to_pending,2024,104.25
26380,days_to_pending,2025,117.0833
26380,days_to_pending,2026,125.75
26380,days_to_pending,2026-08,126.0
26420,days_to_pending,2018,50.9
26420,days_to_pending,2019,63.3333
26420,days_to_pending,2020,58.75
26420,days_to_pending,2021,33.4167
26420,days_to_pending,2022,31.0
26420,days_to_pending,2023,46.5833
26420,days_to_pending,2024,56.5
26420,days_to_pending,2025,71.5
26420,days_to_pending,2026,81.0
26420,days_to_pending,2026-08,74.0
26460,days_to_pending,2018,102.1
26460,days_to_pending,2019,152.3333
26460,days_to_pending,2020,141.3333
26460,days_to_pending,2021,81.5
26460,days_to_pending,2022,75.5833
26460,days_to_pending,2023,78.9167
26460,days_to_pending,2024,91.9167
26460,days_to_pending,2025,89.0
26460,days_to_pending,2026,97.25
26460,days_to_pending,2026-08,76.0
26500,days_to_pending,2026,42.6667
26500,days_to_pending,2026-08,45.0
26540,days_to_pending,2026,39.5
26540,days_to_pending,2026-08,33.0
26580,days_to_pending,2019,114.3333
26580,days_to_pending,2020,103.75
26580,days_to_pending,2021,48.4167
26580,days_to_pending,2022,36.4167
26580,days_to_pending,2023,42.9167
26580,days_to_pending,2024,46.0
26580,days_to_pending,2025,46.75
26580,days_to_pending,2026,49.125
26580,days_to_pending,2026-08,41.0
26620,days_to_pending,2018,55.5
26620,days_to_pending,2019,47.1667
26620,days_to_pending,2020,31.0
26620,days_to_pending,2021,17.5833
26620,days_to_pending,2022,17.5833
26620,days_to_pending,2023,35.25
26620,days_to_pending,2024,50.0
26620,days_to_pending,2025,62.5833
26620,days_to_pending,2026,64.375
26620,days_to_pending,2026-08,55.0
26660,days_to_pending,2018,78.8
26660,days_to_pending,2019,94.9167
26660,days_to_pending,2020,98.6667
26660,days_to_pending,2021,57.1667
26660,days_to_pending,2022,49.3333
26660,days_to_pending,2023,99.3333
26660,days_to_pending,2024,108.6667
26660,days_to_pending,2025,109.6667
26660,days_to_pending,2026,107.375
26660,days_to_pending,2026-08,101.0
26740,days_to_pending,2024,48.5
26740,days_to_pending,2025,39.4167
26740,days_to_pending,2026,43.5
26740,days_to_pending,2026-08,35.0
26780,days_to_pending,2026,45.8333
26780,days_to_pending,2026-08,41.0
26820,days_to_pending,2023,53.2
26820,days_to_pending,2024,53.5
26820,days_to_pending,2025,60.5833
26820,days_to_pending,2026,62.5
26820,days_to_pending,2026-08,54.0
26860,days_to_pending,2020,123.375
26860,days_to_pending,2021,78.8333
26860,days_to_pending,2022,52.0
26860,days_to_pending,2023,43.5833
26860,days_to_pending,2024,50.25
26860,days_to_pending,2025,53.4167
26860,days_to_pending,2026,48.5
26860,days_to_pending,2026-08,38.0
26900,days_to_pending,2018,35.5
26900,days_to_pending,2019,40.0
26900,days_to_pending,2020,32.5833
26900,days_to_pending,2021,17.1667
26900,days_to_pending,2022,17.6667
26900,days_to_pending,2023,27.6667
26900,days_to_pending,2024,32.4167
26900,days_to_pending,2025,38.4167
26900,days_to_pending,2026,44.875
26900,days_to_pending,2026-08,37.0
26980,days_to_pending,2018,66.7
26980,days_to_pending,2019,82.8333
26980,days_to_pending,2020,90.5833
26980,days_to_pending,2021,43.9167
26980,days_to_pending,2022,25.8333
26980,days_to_pending,2023,36.75
26980,days_to_pending,2024,54.0
26980,days_to_pending,2025,65.9167
26980,days_to_pending,2026,59.0
26980,days_to_pending,2026-08,50.0
27060,days_to_pending,2018,54.8
27060,days_to_pending,2019,62.4167
27060,days_to_pending,2020,60.9167
27060,days_to_pending,2021,31.0833
27060,days_to_pending,2022,23.6667
27060,days_to_pending,2023,29.1667
27060,days_to_pending,2024,26.6667
27060,days_to_pending,2025,37.6667
27060,days_to_pending,2026,40.5
27060,days_to_pending,2026-08,39.0
27100,days_to_pending,2018,47.4
27100,days_to_pending,2019,52.9167
27100,days_to_pending,2020,57.5
27100,days_to_pending,2021,30.0
27100,days_to_pending,2022,33.5
27100,days_to_pending,2023,31.4167
27100,days_to_pending,2024,34.9167
27100,days_to_pending,2025,42.3333
27100,days_to_pending,2026,42.625
27100,days_to_pending,2026-08,33.0
27140,days_to_pending,2018,66.6
27140,days_to_pending,2019,75.8333
27140,days_to_pending,2020,64.75
27140,days_to_pending,2021,28.9167
27140,days_to_pending,2022,24.9167
27140,days_to_pending,2023,40.8333
27140,days_to_pending,2024,50.75
27140,days_to_pending,2025,59.25
27140,days_to_pending,2026,62.75
27140,days_to_pending,2026-08,57.0
27180,days_to_pending,2021,27.375
27180,days_to_pending,2022,34.0
27180,days_to_pending,2023,46.25
27180,days_to_pending,2024,49.3333
27180,days_to_pending,2025,64.6667
27180,days_to_pending,2026,76.625
27180,days_to_pending,2026-08,67.0
27220,days_to_pending,2024,101.0
27220,days_to_pending,2025,98.25
27220,days_to_pending,2026,112.125
27220,days_to_pending,2026-08,110.0
27260,days_to_pending,2018,56.2
27260,days_to_pending,2019,62.8333
27260,days_to_pending,2020,50.8333
27260,days_to_pending,2021,22.25
27260,days_to_pending,2022,24.4167
27260,days_to_pending,2023,53.9167
27260,days_to_pending,2024,66.0833
27260,days_to_pending,2025,88.25
27260,days_to_pending,2026,87.375
27260,days_to_pending,2026-08,80.0
27300,days_to_pending,2025,29.9
27300,days_to_pending,2026,44.25
27300,days_to_pending,2026-08,36.0
27340,days_to_pending,2018,57.9
27340,days_to_pending,2019,41.3333
27340,days_to_pending,2020,43.0
27340,days_to_pending,2021,15.25
27340,days_to_pending,2022,13.0833
27340,days_to_pending,2023,22.9167
27340,days_to_pending,2024,32.3333
27340,days_to_pending,2025,42.25
27340,days_to_pending,2026,46.0
27340,days_to_pending,2026-08,45.0
27380,days_to_pending,2026,121.875
27380,days_to_pending,2026-08,138.0
27420,days_to_pending,2026,38.0
27420,days_to_pending,2026-08,38.0
27460,days_to_pending,2018,86.8
27460,days_to_pending,2019,105.0
27460,days_to_pending,2020,99.0833
27460,days_to_pending,2021,53.3333
27460,days_to_pending,2022,36.5
27460,days_to_pending,2023,37.9167
27460,days_to_pending,2024,44.1667
27460,days_to_pending,2025,52.4167
27460,days_to_pending,2026,61.5
27460,days_to_pending,2026-08,47.0
27500,days_to_pending,2018,48.9
27500,days_to_pending,2019,62.75
27500,days_to_pending,2020,60.9167
27500,days_to_pending,2021,33.4167
27500,days_to_pending,2022,26.25
27500,days_to_pending,2023,30.75
27500,days_to_pending,2024,30.75
27500,days_to_pending,2025,33.0833
27500,days_to_pending,2026,36.25
27500,days_to_pending,2026-08,27.0
27540,days_to_pending,2025,60.75
27540,days_to_pending,2026,49.75
27540,days_to_pending,2026-08,44.0
27600,days_to_pending,2018,44.3
27600,days_to_pending,2019,54.8333
27600,days_to_pending,2020,48.9167
27600,days_to_pending,2021,24.75
27600,days_to_pending,2022,32.3333
27600,days_to_pending,2023,50.0833
27600,days_to_pending,2024,57.9167
27600,days_to_pending,2025,74.9167
27600,days_to_pending,2026,78.5
27600,days_to_pending,2026-08,82.0
27620,days_to_pending,2021,30.5
27620,days_to_pending,2022,29.8333
27620,days_to_pending,2023,38.5
27620,days_to_pending,2024,29.1667
27620,days_to_pending,2025,35.0
27620,days_to_pending,2026,34.125
27620,days_to_pending,2026-08,34.0
27740,days_to_pending,2018,59.8
27740,days_to_pending,2019,59.75
27740,days_to_pending,2020,51.4167
27740,days_to_pending,2021,22.0833
27740,days_to_pending,2022,23.0833
27740,days_to_pending,2023,27.9167
27740,days_to_pending,2024,34.4167
27740,days_to_pending,2025,46.0
27740,days_to_pending,2026,54.625
27740,days_to_pending,2026-08,45.0
27780,days_to_pending,2021,53.4167
27780,days_to_pending,2022,37.0833
27780,days_to_pending,2023,38.25
27780,days_to_pending,2024,40.25
27780,days_to_pending,2025,38.4167
27780,days_to_pending,2026,47.625
27780,days_to_pending,2026-08,30.0
27860,days_to_pending,2018,71.0
27860,days_to_pending,2019,80.0833
27860,days_to_pending,2020,70.8333
27860,days_to_pending,2021,41.25
27860,days_to_pending,2022,39.25
27860,days_to_pending,2023,57.5
27860,days_to_pending,2024,62.9167
27860,days_to_pending,2025,71.5833
27860,days_to_pending,2026,84.75
27860,days_to_pending,2026-08,74.0
27900,days_to_pending,2018,57.9
27900,days_to_pending,2019,62.8333
27900,days_to_pending,2020,58.0833
27900,days_to_pending,2021,28.0833
27900,days_to_pending,2022,26.1667
27900,days_to_pending,2023,37.4167
27900,days_to_pending,2024,41.1667
27900,days_to_pending,2025,48.3333
27900,days_to_pending,2026,55.0
27900,days_to_pending,2026-08,46.0
27940,days_to_pending,2026,37.4286
27940,days_to_pending,2026-08,30.0
27980,days_to_pending,2018,74.1
27980,days_to_pending,2019,82.4167
27980,days_to_pending,2020,82.3333
27980,days_to_pending,2021,67.6667
27980,days_to_pending,2022,33.0833
27980,days_to_pending,2023,49.5
27980,days_to_pending,2024,61.6667
27980,days_to_pending,2025,105.5
27980,days_to_pending,2026,127.875
27980,days_to_pending,2026-08,134.0
28020,days_to_pending,2018,39.5
28020,days_to_pending,2019,50.9167
28020,days_to_pending,2020,49.6667
28020,days_to_pending,2021,24.4167
28020,days_to_pending,2022,21.4167
28020,days_to_pending,2023,27.1667
28020,days_to_pending,2024,29.8333
28020,days_to_pending,2025,32.8333
28020,days_to_pending,2026,36.5
28020,days_to_pending,2026-08,29.0
28100,days_to_pending,2018,58.0
28100,days_to_pending,2019,69.8333
28100,days_to_pending,2020,55.8333
28100,days_to_pending,2021,31.3333
28100,days_to_pending,2022,32.4167
28100,days_to_pending,2023,39.8333
28100,days_to_pending,2024,32.8333
28100,days_to_pending,2025,37.25
28100,days_to_pending,2026,41.75
28100,days_to_pending,2026-08,32.0
28140,days_to_pending,2018,39.3
28140,days_to_pending,2019,42.5833
28140,days_to_pending,2020,36.9167
28140,days_to_pending,2021,17.0
28140,days_to_pending,2022,16.5
28140,days_to_pending,2023,21.75
28140,days_to_pending,2024,26.5
28140,days_to_pending,2025,31.6667
28140,days_to_pending,2026,32.875
28140,days_to_pending,2026-08,27.0
28180,days_to_pending,2018,71.8
28180,days_to_pending,2019,91.5
28180,days_to_pending,2020,95.3333
28180,days_to_pending,2021,75.0
28180,days_to_pending,2022,40.5833
28180,days_to_pending,2023,59.9167
28180,days_to_pending,2024,72.3333
28180,days_to_pending,2025,92.5833
28180,days_to_pending,2026,99.875
28180,days_to_pending,2026-08,102.0
28260,days_to_pending,2026,32.8571
28260,days_to_pending,2026-08,28.0
28300,days_to_pending,2020,57.0
28300,days_to_pending,2021,26.5
28300,days_to_pending,2022,22.0833
28300,days_to_pending,2023,23.3333
28300,days_to_pending,2024,26.3333
28300,days_to_pending,2025,31.8333
28300,days_to_pending,2026,41.0
28300,days_to_pending,2026-08,36.0
28340,days_to_pending,2026,45.375
28340,days_to_pending,2026-08,38.0
28420,days_to_pending,2018,33.4
28420,days_to_pending,2019,39.25
28420,days_to_pending,2020,34.5
28420,days_to_pending,2021,16.0833
28420,days_to_pending,2022,21.6667
28420,days_to_pending,2023,38.4167
28420,days_to_pending,2024,44.5833
28420,days_to_pending,2025,49.1667
28420,days_to_pending,2026,57.625
28420,days_to_pending,2026-08,51.0
28500,days_to_pending,2024,82.8333
28500,days_to_pending,2025,113.75
28500,days_to_pending,2026,126.625
28500,days_to_pending,2026-08,117.0
28580,days_to_pending,2018,137.6
28580,days_to_pending,2019,167.1667
28580,days_to_pending,2020,198.6667
28580,days_to_pending,2021,85.4167
28580,days_to_pending,2022,52.75
28580,days_to_pending,2023,86.3333
28580,days_to_pending,2024,113.0
28580,days_to_pending,2025,137.1667
28580,days_to_pending,2026,146.125
28580,days_to_pending,2026-08,151.0
28620,days_to_pending,2018,83.6
28620,days_to_pending,2019,124.75
28620,days_to_pending,2020,112.9167
28620,days_to_pending,2021,43.75
28620,days_to_pending,2022,37.5
28620,days_to_pending,2023,49.0833
28620,days_to_pending,2024,53.3333
28620,days_to_pending,2025,77.75
28620,days_to_pending,2026,83.75
28620,days_to_pending,2026-08,85.0
28660,days_to_pending,2018,45.3
28660,days_to_pending,2019,45.3333
28660,days_to_pending,2020,35.3333
28660,days_to_pending,2021,18.0833
28660,days_to_pending,2022,24.6667
28660,days_to_pending,2023,53.9167
28660,days_to_pending,2024,71.25
28660,days_to_pending,2025,84.6667
28660,days_to_pending,2026,92.625
28660,days_to_pending,2026-08,85.0
28700,days_to_pending,2018,70.1
28700,days_to_pending,2019,75.5
28700,days_to_pending,2020,65.1667
28700,days_to_pending,2021,30.9167
28700,days_to_pending,2022,26.3333
28700,days_to_pending,2023,32.1667
28700,days_to_pending,2024,38.75
28700,days_to_pending,2025,50.5
28700,days_to_pending,2026,57.0
28700,days_to_pending,2026-08,44.0
28740,days_to_pending,2018,101.4
28740,days_to_pending,2019,119.5
28740,days_to_pending,2020,115.0
28740,days_to_pending,2021,75.1667
28740,days_to_pending,2022,52.4167
28740,days_to_pending,2023,60.1667
28740,days_to_pending,2024,58.4167
28740,days_to_pending,2025,61.75
28740,days_to_pending,2026,66.5
28740,days_to_pending,2026-08,46.0
28820,days_to_pending,2026,70.4286
28820,days_to_pending,2026-08,61.0
28860,days_to_pending,2026,71.25
28860,days_to_pending,2026-08,73.0
28880,days_to_pending,2021,48.8
28880,days_to_pending,2022,83.1667
28880,days_to_pending,2023,53.9167
28880,days_to_pending,2024,62.6667
28880,days_to_pending,2025,68.1667
28880,days_to_pending,2026,70.75
28880,days_to_pending,2026-08,60.0
28900,days_to_pending,2020,65.6667
28900,days_to_pending,2021,35.8333
28900,days_to_pending,2022,35.4167
28900,days_to_pending,2023,64.5
28900,days_to_pending,2024,68.75
28900,days_to_pending,2025,83.9167
28900,days_to_pending,2026,90.125
28900,days_to_pending,2026-08,67.0
28940,days_to_pending,2018,51.0
28940,days_to_pending,2019,53.6667
28940,days_to_pending,2020,43.3333
28940,days_to_pending,2021,22.1667
28940,days_to_pending,2022,20.1667
28940,days_to_pending,2023,28.5833
28940,days_to_pending,2024,37.0833
28940,days_to_pending,2025,51.3333
28940,days_to_pending,2026,57.75
28940,days_to_pending,2026-08,51.0
29020,days_to_pending,2021,19.9167
29020,days_to_pending,2022,22.5
29020,days_to_pending,2023,25.1667
29020,days_to_pending,2024,28.0833
29020,days_to_pending,2025,34.5833
29020,days_to_pending,2026,49.5
29020,days_to_pending,2026-08,37.0
29060,days_to_pending,2020,41.125
29060,days_to_pending,2021,21.0
29060,days_to_pending,2022,22.4167
29060,days_to_pending,2023,30.0
29060,days_to_pending,2024,36.25
29060,days_to_pending,2025,39.4167
29060,days_to_pending,2026,50.0
29060,days_to_pending,2026-08,42.0
29100,days_to_pending,2021,29.8333
29100,days_to_pending,2022,23.5833
29100,days_to_pending,2023,26.0833
29100,days_to_pending,2024,25.0833
29100,days_to_pending,2025,28.75
29100,days_to_pending,2026,27.625
29100,days_to_pending,2026-08,27.0
29180,days_to_pending,2018,88.0
29180,days_to_pending,2019,102.4167
29180,days_to_pending,2020,92.1667
29180,days_to_pending,2021,49.25
29180,days_to_pending,2022,33.4167
29180,days_to_pending,2023,46.8333
29180,days_to_pending,2024,59.5
29180,days_to_pending,2025,72.5833
29180,days_to_pending,2026,76.875
29180,days_to_pending,2026-08,74.0
29200,days_to_pending,2020,29.25
29200,days_to_pending,2021,17.75
29200,days_to_pending,2022,18.6667
29200,days_to_pending,2023,22.5
29200,days_to_pending,2024,26.8333
29200,days_to_pending,2025,37.75
29200,days_to_pending,2026,42.375
29200,days_to_pending,2026-08,35.0
29300,days_to_pending,2018,62.8
29300,days_to_pending,2019,78.9167
29300,days_to_pending,2020,64.1667
29300,days_to_pending,2021,34.5833
29300,days_to_pending,2022,31.3333
29300,days_to_pending,2023,41.1667
29300,days_to_pending,2024,52.8333
29300,days_to_pending,2025,58.8333
29300,days_to_pending,2026,68.375
29300,days_to_pending,2026-08,51.0
29340,days_to_pending,2018,74.1
29340,days_to_pending,2019,86.75
29340,days_to_pending,2020,93.1667
29340,days_to_pending,2021,44.8333
29340,days_to_pending,2022,51.5
29340,days_to_pending,2023,80.75
29340,days_to_pending,2024,96.0
29340,days_to_pending,2025,114.4167
29340,days_to_pending,2026,112.125
29340,days_to_pending,2026-08,109.0
29380,days_to_pending,2023,59.0
29380,days_to_pending,2024,84.0833
29380,days_to_pending,2025,86.6667
29380,days_to_pending,2026,97.25
29380,days_to_pending,2026-08,80.0
29420,days_to_pending,2018,55.5
29420,days_to_pending,2019,61.1667
29420,days_to_pending,2020,52.3333
29420,days_to_pending,2021,26.0
29420,days_to_pending,2022,37.75
29420,days_to_pending,2023,64.3333
29420,days_to_pending,2024,67.25
29420,days_to_pending,2025,75.4167
29420,days_to_pending,2026,77.125
29420,days_to_pending,2026-08,76.0
29460,days_to_pending,2018,43.9
29460,days_to_pending,2019,54.0
29460,days_to_pending,2020,47.5833
29460,days_to_pending,2021,23.4167
29460,days_to_pending,2022,22.3333
29460,days_to_pending,2023,47.5833
29460,days_to_pending,2024,64.3333
29460,days_to_pending,2025,83.8333
29460,days_to_pending,2026,86.0
29460,days_to_pending,2026-08,80.0
29540,days_to_pending,2018,39.7
29540,days_to_pending,2019,38.75
29540,days_to_pending,2020,34.9167
29540,days_to_pending,2021,18.1667
29540,days_to_pending,2022,15.25
29540,days_to_pending,2023,17.25
29540,days_to_pending,2024,17.8333
29540,days_to_pending,2025,19.3333
29540,days_to_pending,2026,19.125
29540,days_to_pending,2026-08,16.0
29620,days_to_pending,2018,54.5
29620,days_to_pending,2019,64.9167
29620,days_to_pending,2020,63.0833
29620,days_to_pending,2021,31.6667
29620,days_to_pending,2022,23.5833
29620,days_to_pending,2023,27.5
29620,days_to_pending,2024,27.25
29620,days_to_pending,2025,31.9167
29620,days_to_pending,2026,33.5
29620,days_to_pending,2026-08,25.0
29660,days_to_pending,2026,45.1429
29660,days_to_pending,2026-08,29.0
29700,days_to_pending,2023,74.5556
29700,days_to_pending,2024,82.3333
29700,days_to_pending,2025,96.1667
29700,days_to_pending,2026,109.375
29700,days_to_pending,2026-08,97.0
29740,days_to_pending,2018,68.0
29740,days_to_pending,2019,76.4167
29740,days_to_pending,2020,56.0833
29740,days_to_pending,2021,27.5
29740,days_to_pending,2022,23.1667
29740,days_to_pending,2023,38.8333
29740,days_to_pending,2024,62.1667
29740,days_to_pending,2025,74.75
29740,days_to_pending,2026,84.5
29740,days_to_pending,2026-08,83.0
29820,days_to_pending,2018,38.8
29820,days_to_pending,2019,56.5
29820,days_to_pending,2020,50.1667
29820,days_to_pending,2021,29.9167
29820,days_to_pending,2022,30.25
29820,days_to_pending,2023,52.25
29820,days_to_pending,2024,42.4167
29820,days_to_pending,2025,59.5
29820,days_to_pending,2026,70.25
29820,days_to_pending,2026-08,63.0
29860,days_to_pending,2024,68.9167
29860,days_to_pending,2025,69.5
29860,days_to_pending,2026,84.0
29860,days_to_pending,2026-08,86.0
29940,days_to_pending,2018,39.7
29940,days_to_pending,2019,49.5833
29940,days_to_pending,2020,40.5833
29940,days_to_pending,2021,22.0
29940,days_to_pending,2022,19.3333
29940,days_to_pending,2023,26.0833
29940,days_to_pending,2024,35.6667
29940,days_to_pending,2025,38.25
29940,days_to_pending,2026,34.875
29940,days_to_pending,2026-08,32.0
29980,days_to_pending,2026,89.875
29980,days_to_pending,2026-08,79.0
30020,days_to_pending,2022,32.25
30020,days_to_pending,2023,36.5
30020,days_to_pending,2024,43.6667
30020,days_to_pending,2025,50.6667
30020,days_to_pending,2026,53.25
30020,days_to_pending,2026-08,48.0
30060,days_to_pending,2025,58.4545
30060,days_to_pending,2026,69.75
30060,days_to_pending,2026-08,50.0
30140,days_to_pending,2018,49.2
30140,days_to_pending,2019,48.6667
30140,days_to_pending,2020,43.5
30140,days_to_pending,2021,18.0
30140,days_to_pending,2022,16.0
30140,days_to_pending,2023,16.5
30140,days_to_pending,2024,20.8333
30140,days_to_pending,2025,25.8333
30140,days_to_pending,2026,22.25
30140,days_to_pending,2026-08,21.0
30150,days_to_pending,2018,81.4
30150,days_to_pending,2019,112.5
30150,days_to_pending,2020,101.4167
30150,days_to_pending,2021,41.3333
30150,days_to_pending,2022,29.0833
30150,days_to_pending,2023,35.5833
30150,days_to_pending,2024,39.5
30150,days_to_pending,2025,52.25
30150,days_to_pending,2026,58.125
30150,days_to_pending,2026-08,44.0
30260,days_to_pending,2026,60.3333
30260,days_to_pending,2026-08,59.0
30280,days_to_pending,2026,80.0
30280,days_to_pending,2026-08,56.0
30300,days_to_pending,2021,27.1
30300,days_to_pending,2022,33.1667
30300,days_to_pending,2023,52.6667
30300,days_to_pending,2024,52.1667
30300,days_to_pending,2025,67.6667
30300,days_to_pending,2026,77.625
30300,days_to_pending,2026-08,84.0
30340,days_to_pending,2020,42.75
30340,days_to_pending,2021,23.9167
30340,days_to_pending,2022,19.5
30340,days_to_pending,2023,20.0
30340,days_to_pending,2024,23.75
30340,days_to_pending,2025,26.8333
30340,days_to_pending,2026,33.375
30340,days_to_pending,2026-08,25.0
30380,days_to_pending,2026,38.5
30380,days_to_pending,2026-08,33.0
30460,days_to_pending,2018,43.1
30460,days_to_pending,2019,55.1667
30460,days_to_pending,2020,48.9167
30460,days_to_pending,2021,24.5
30460,days_to_pending,2022,19.1667
30460,days_to_pending,2023,25.0
30460,days_to_pending,2024,29.8333
30460,days_to_pending,2025,37.3333
30460,days_to_pending,2026,44.375
30460,days_to_pending,2026-08,39.0
30620,days_to_pending,2020,56.2
30620,days_to_pending,2021,30.0
30620,days_to_pending,2022,32.5
30620,days_to_pending,2023,33.5833
30620,days_to_pending,2024,30.9167
30620,days_to_pending,2025,35.6667
30620,days_to_pending,2026,35.5
30620,days_to_pending,2026-08,26.0
30660,days_to_pending,2026,30.1429
30660,days_to_pending,2026-08,20.0
30700,days_to_pending,2020,33.9167
30700,days_to_pending,2021,17.5833
30700,days_to_pending,2022,18.0833
30700,days_to_pending,2023,24.8333
30700,days_to_pending,2024,31.9167
30700,days_to_pending,2025,34.3333
30700,days_to_pending,2026,39.5
30700,days_to_pending,2026-08,32.0
30780,days_to_pending,2018,68.2
30780,days_to_pending,2019,82.75
30780,days_to_pending,2020,58.75
30780,days_to_pending,2021,28.5833
30780,days_to_pending,2022,30.6667
30780,days_to_pending,2023,43.0
30780,days_to_pending,2024,53.6667
30780,days_to_pending,2025,66.1667
30780,days_to_pending,2026,75.0
30780,days_to_pending,2026-08,67.0
30820,days_to_pending,2026,47.6
30820,days_to_pending,2026-08,43.0
30860,days_to_pending,2021,27.1667
30860,days_to_pending,2022,33.5833
30860,days_to_pending,2023,57.9167
30860,days_to_pending,2024,60.3333
30860,days_to_pending,2025,67.75
30860,days_to_pending,2026,66.375
30860,days_to_pending,2026-08,57.0
30980,days_to_pending,2021,56.0
30980,days_to_pending,2022,49.0833
30980,days_to_pending,2023,58.3333
30980,days_to_pending,2024,80.9167
30980,days_to_pending,2025,97.8333
30980,days_to_pending,2026,111.125
30980,days_to_pending,2026-08,103.0
31020,days_to_pending,2018,32.9
31020,days_to_pending,2019,39.1667
31020,days_to_pending,2020,31.5
31020,days_to_pending,2021,18.5
31020,days_to_pending,2022,24.5833
31020,days_to_pending,2023,44.1667
31020,days_to_pending,2024,43.5833
31020,days_to_pending,2025,52.5833
31020,days_to_pending,2026,57.25
31020,days_to_pending,2026-08,51.0
31060,days_to_pending,2026,44.4
31060,days_to_pending,2026-08,39.0
31080,days_to_pending,2018,37.9
31080,days_to_pending,2019,49.9167
31080,days_to_pending,2020,38.75
31080,days_to_pending,2021,26.9167
31080,days_to_pending,2022,27.9167
31080,days_to_pending,2023,37.25
31080,days_to_pending,2024,36.1667
31080,days_to_pending,2025,48.0
31080,days_to_pending,2026,51.0
31080,days_to_pending,2026-08,48.0
31140,days_to_pending,2018,37.5
31140,days_to_pending,2019,46.9167
31140,days_to_pending,2020,39.0833
31140,days_to_pending,2021,21.1667
31140,days_to_pending,2022,20.5833
31140,days_to_pending,2023,26.9167
31140,days_to_pending,2024,31.0
31140,days_to_pending,2025,36.5833
31140,days_to_pending,2026,42.5
31140,days_to_pending,2026-08,37.0
31180,days_to_pending,2020,43.5
31180,days_to_pending,2021,29.0
31180,days_to_pending,2022,22.0
31180,days_to_pending,2023,39.0
31180,days_to_pending,2024,61.0
31180,days_to_pending,2025,70.4167
31180,days_to_pending,2026,69.375
31180,days_to_pending,2026-08,58.0
31220,days_to_pending,2026,56.8333
31220,days_to_pending,2026-08,52.0
31260,days_to_pending,2018,77.7
31260,days_to_pending,2019,91.9167
31260,days_to_pending,2020,79.1667
31260,days_to_pending,2021,43.0833
31260,days_to_pending,2022,39.25
31260,days_to_pending,2023,62.3333
31260,days_to_pending,2024,79.1667
31260,days_to_pending,2025,87.1667
31260,days_to_pending,2026,102.875
31260,days_to_pending,2026-08,111.0
31300,days_to_pending,2023,45.0
31300,days_to_pending,2024,51.0833
31300,days_to_pending,2025,59.8333
31300,days_to_pending,2026,90.0
31300,days_to_pending,2026-08,89.0
31340,days_to_pending,2018,86.5
31340,days_to_pending,2019,91.0833
31340,days_to_pending,2020,74.8333
31340,days_to_pending,2021,29.5
31340,days_to_pending,2022,24.6667
31340,days_to_pending,2023,29.3333
31340,days_to_pending,2024,45.0
31340,days_to_pending,2025,50.3333
31340,days_to_pending,2026,57.25
31340,days_to_pending,2026-08,49.0
31420,days_to_pending,2018,61.1
31420,days_to_pending,2019,68.1667
31420,days_to_pending,2020,62.75
31420,days_to_pending,2021,28.5833
31420,days_to_pending,2022,28.1667
31420,days_to_pending,2023,42.0833
31420,days_to_pending,2024,48.8333
31420,days_to_pending,2025,64.25
31420,days_to_pending,2026,65.75
31420,days_to_pending,2026-08,69.0
31540,days_to_pending,2018,53.0
31540,days_to_pending,2019,62.1667
31540,days_to_pending,2020,58.8333
31540,days_to_pending,2021,34.0
31540,days_to_pending,2022,25.8333
31540,days_to_pending,2023,27.4167
31540,days_to_pending,2024,30.6667
31540,days_to_pending,2025,36.3333
31540,days_to_pending,2026,41.25
31540,days_to_pending,2026-08,35.0
31580,days_to_pending,2026,79.0
31580,days_to_pending,2026-08,68.0
31700,days_to_pending,2018,31.2
31700,days_to_pending,2019,34.0833
31700,days_to_pending,2020,28.9167
31700,days_to_pending,2021,14.3333
31700,days_to_pending,2022,13.5
31700,days_to_pending,2023,15.6667
31700,days_to_pending,2024,17.0833
31700,days_to_pending,2025,20.1667
31700,days_to_pending,2026,20.25
31700,days_to_pending,2026-08,18.0
31740,days_to_pending,2023,38.3636
31740,days_to_pending,2024,44.1667
31740,days_to_pending,2025,40.1667
31740,days_to_pending,2026,43.375
31740,days_to_pending,2026-08,37.0
31820,days_to_pending,2026,34.0
31820,days_to_pending,2026-08,34.0
31860,days_to_pending,2025,48.4545
31860,days_to_pending,2026,56.375
31860,days_to_pending,2026-08,50.0
31900,days_to_pending,2022,28.0
31900,days_to_pending,2023,25.0
31900,days_to_pending,2024,27.9167
31900,days_to_pending,2025,32.6667
31900,days_to_pending,2026,35.0
31900,days_to_pending,2026-08,27.0
31940,days_to_pending,2026,73.6667
31940,days_to_pending,2026-08,61.0
31980,days_to_pending,2024,40.7273
31980,days_to_pending,2025,45.9167
31980,days_to_pending,2026,60.875
31980,days_to_pending,2026-08,53.0
32020,days_to_pending,2021,22.3333
32020,days_to_pending,2022,20.5833
32020,days_to_pending,2023,23.5
32020,days_to_pending,2024,25.9167
32020,days_to_pending,2025,29.5833
32020,days_to_pending,2026,37.5
32020,days_to_pending,2026-08,31.0
32100,days_to_pending,2026,67.5
32100,days_to_pending,2026-08,56.0
32180,days_to_pending,2026,64.0
32180,days_to_pending,2026-08,64.0
32260,days_to_pending,2026,41.3333
32260,days_to_pending,2026-08,49.0
32300,days_to_pending,2019,143.8333
32300,days_to_pending,2020,115.5
32300,days_to_pending,2021,48.4167
32300,days_to_pending,2022,37.4167
32300,days_to_pending,2023,42.0833
32300,days_to_pending,2024,45.9167
32300,days_to_pending,2025,51.0
32300,days_to_pending,2026,69.75
32300,days_to_pending,2026-08,63.0
32380,days_to_pending,2024,67.0833
32380,days_to_pending,2025,83.6667
32380,days_to_pending,2026,84.125
32380,days_to_pending,2026-08,67.0
32390,days_to_pending,2019,154.75
32390,days_to_pending,2020,153.5
32390,days_to_pending,2021,97.5
32390,days_to_pending,2022,56.9167
32390,days_to_pending,2023,72.3333
32390,days_to_pending,2024,74.4167
32390,days_to_pending,2025,76.6667
32390,days_to_pending,2026,104.5
32390,days_to_pending,2026-08,68.0
32460,days_to_pending,2026,67.0
32460,days_to_pending,2026-08,66.0
32540,days_to_pending,2019,132.0
32540,days_to_pending,2020,112.3333
32540,days_to_pending,2021,53.9167
32540,days_to_pending,2022,52.0
32540,days_to_pending,2023,78.4167
32540,days_to_pending,2024,101.3333
32540,days_to_pending,2025,95.1667
32540,days_to_pending,2026,101.125
32540,days_to_pending,2026-08,106.0
32580,days_to_pending,2018,90.3
32580,days_to_pending,2019,125.1667
32580,days_to_pending,2020,101.6667
32580,days_to_pending,2021,59.25
32580,days_to_pending,2022,51.8333
32580,days_to_pending,2023,76.1667
32580,days_to_pending,2024,93.0833
32580,days_to_pending,2025,113.0833
32580,days_to_pending,2026,127.75
32580,days_to_pending,2026-08,130.0
32620,days_to_pending,2026,115.0
32620,days_to_pending,2026-08,115.0
32660,days_to_pending,2026,92.0
32660,days_to_pending,2026-08,78.0
32700,days_to_pending,2026,49.2857
32700,days_to_pending,2026-08,57.0
32740,days_to_pending,2023,44.3333
32740,days_to_pending,2024,45.5
32740,days_to_pending,2025,50.3333
32740,days_to_pending,2026,56.625
32740,days_to_pending,2026-08,42.0
32780,days_to_pending,2018,48.7
32780,days_to_pending,2019,70.8333
32780,days_to_pending,2020,56.5
32780,days_to_pending,2021,24.4167
32780,days_to_pending,2022,36.3333
32780,days_to_pending,2023,50.9167
32780,days_to_pending,2024,57.5
32780,days_to_pending,2025,58.75
32780,days_to_pending,2026,60.75
32780,days_to_pending,2026-08,48.0
32820,days_to_pending,2018,50.0
32820,days_to_pending,2019,50.5833
32820,days_to_pending,2020,36.8333
32820,days_to_pending,2021,27.4167
32820,days_to_pending,2022,29.1667
32820,days_to_pending,2023,42.5
32820,days_to_pending,2024,55.25
32820,days_to_pending,2025,60.4167
32820,days_to_pending,2026,67.25
32820,days_to_pending,2026-08,61.0
32900,days_to_pending,2018,39.7
32900,days_to_pending,2019,53.8333
32900,days_to_pending,2020,41.6667
32900,days_to_pending,2021,21.75
32900,days_to_pending,2022,31.0833
32900,days_to_pending,2023,40.6667
32900,days_to_pending,2024,38.9167
32900,days_to_pending,2025,47.4167
32900,days_to_pending,2026,52.25
32900,days_to_pending,2026-08,50.0
32940,days_to_pending,2023,57.0
32940,days_to_pending,2024,62.0
32940,days_to_pending,2025,58.5
32940,days_to_pending,2026,75.5
32940,days_to_pending,2026-08,79.0
33060,days_to_pending,2026,101.7143
33060,days_to_pending,2026-08,78.0
33100,days_to_pending,2018,69.2
33100,days_to_pending,2019,85.75
33100,days_to_pending,2020,84.25
33100,days_to_pending,2021,58.6667
33100,days_to_pending,2022,37.0833
33100,days_to_pending,2023,54.0833
33100,days_to_pending,2024,70.3333
33100,days_to_pending,2025,96.5
33100,days_to_pending,2026,101.875
33100,days_to_pending,2026-08,98.0
33140,days_to_pending,2018,45.9
33140,days_to_pending,2019,54.0
33140,days_to_pending,2020,51.9167
33140,days_to_pending,2021,26.5
33140,days_to_pending,2022,29.75
33140,days_to_pending,2023,40.25
33140,days_to_pending,2024,38.6667
33140,days_to_pending,2025,41.5
33140,days_to_pending,2026,47.75
33140,days_to_pending,2026-08,42.0
33220,days_to_pending,2018,50.4
33220,days_to_pending,2019,56.0
33220,days_to_pending,2020,43.0
33220,days_to_pending,2021,24.25
33220,days_to_pending,2022,20.75
33220,days_to_pending,2023,22.0833
33220,days_to_pending,2024,24.0833
33220,days_to_pending,2025,29.0
33220,days_to_pending,2026,34.5
33220,days_to_pending,2026-08,28.0
33260,days_to_pending,2021,61.6667
33260,days_to_pending,2022,49.9167
33260,days_to_pending,2023,46.9167
33260,days_to_pending,2024,47.0
33260,days_to_pending,2025,50.1667
33260,days_to_pending,2026,55.75
33260,days_to_pending,2026-08,46.0
33300,days_to_pending,2026,84.7143
33300,days_to_pending,2026-08,92.0
33340,days_to_pending,2019,55.3
33340,days_to_pending,2020,54.5833
33340,days_to_pending,2021,39.9167
33340,days_to_pending,2022,34.8333
33340,days_to_pending,2023,33.5
33340,days_to_pending,2024,34.3333
33340,days_to_pending,2025,37.1667
33340,days_to_pending,2026,39.875
33340,days_to_pending,2026-08,33.0
33420,days_to_pending,2025,119.2
33420,days_to_pending,2026,126.75
33420,days_to_pending,2026-08,116.0
33460,days_to_pending,2018,39.8
33460,days_to_pending,2019,47.5833
33460,days_to_pending,2020,40.6667
33460,days_to_pending,2021,26.9167
33460,days_to_pending,2022,28.6667
33460,days_to_pending,2023,36.5833
33460,days_to_pending,2024,40.5833
33460,days_to_pending,2025,43.8333
33460,days_to_pending,2026,46.375
33460,days_to_pending,2026-08,39.0
33500,days_to_pending,2018,77.7
33500,days_to_pending,2019,103.75
33500,days_to_pending,2020,99.9167
33500,days_to_pending,2021,47.4167
33500,days_to_pending,2022,37.4167
33500,days_to_pending,2023,49.5833
33500,days_to_pending,2024,43.3333
33500,days_to_pending,2025,40.5833
33500,days_to_pending,2026,41.25
33500,days_to_pending,2026-08,24.0
33580,days_to_pending,2026,57.0
33580,days_to_pending,2026-08,50.0
33620,days_to_pending,2026,37.25
33620,days_to_pending,2026-08,33.0
33660,days_to_pending,2020,59.5
33660,days_to_pending,2021,34.5833
33660,days_to_pending,2022,33.5
33660,days_to_pending,2023,39.9167
33660,days_to_pending,2024,53.3333
33660,days_to_pending,2025,65.0
33660,days_to_pending,2026,67.0
33660,days_to_pending,2026-08,61.0
33700,days_to_pending,2018,34.3
33700,days_to_pending,2019,39.0
33700,days_to_pending,2020,27.4167
33700,days_to_pending,2021,17.25
33700,days_to_pending,2022,24.9167
33700,days_to_pending,2023,32.3333
33700,days_to_pending,2024,32.3333
33700,days_to_pending,2025,41.6667
33700,days_to_pending,2026,41.75
33700,days_to_pending,2026-08,37.0
33740,days_to_pending,2023,54.5
33740,days_to_pending,2024,56.6667
33740,days_to_pending,2025,71.1667
33740,days_to_pending,2026,64.75
33740,days_to_pending,2026-08,47.0
33780,days_to_pending,2018,46.9
33780,days_to_pending,2019,56.25
33780,days_to_pending,2020,45.3333
33780,days_to_pending,2021,29.25
33780,days_to_pending,2022,28.3333
33780,days_to_pending,2023,30.0833
33780,days_to_pending,2024,34.9167
33780,days_to_pending,2025,33.9167
33780,days_to_pending,2026,40.75
33780,days_to_pending,2026-08,28.0
33860,days_to_pending,2018,79.4
33860,days_to_pending,2019,85.6667
33860,days_to_pending,2020,62.1667
33860,days_to_pending,2021,29.8333
33860,days_to_pending,2022,22.25
33860,days_to_pending,2023,36.0833
33860,days_to_pending,2024,45.25
33860,days_to_pending,2025,54.8333
33860,days_to_pending,2026,62.875
33860,days_to_pending,2026-08,61.0
33940,days_to_pending,2018,55.9
33940,days_to_pending,2019,74.8333
33940,days_to_pending,2020,70.0833
33940,days_to_pending,2021,31.3333
33940,days_to_pending,2022,43.25
33940,days_to_pending,2023,89.5
33940,days_to_pending,2024,90.3333
33940,days_to_pending,2025,75.3333
33940,days_to_pending,2026,81.75
33940,days_to_pending,2026-08,74.0
33980,days_to_pending,2018,94.3
33980,days_to_pending,2019,94.6667
33980,days_to_pending,2020,94.5833
33980,days_to_pending,2021,48.0
33980,days_to_pending,2022,36.5833
33980,days_to_pending,2023,41.9167
33980,days_to_pending,2024,54.0
33980,days_to_pending,2025,72.25
33980,days_to_pending,2026,82.625
33980,days_to_pending,2026-08,78.0
34020,days_to_pending,2026,122.0
34020,days_to_pending,2026-08,122.0
34060,days_to_pending,2023,46.25
34060,days_to_pending,2024,43.75
34060,days_to_pending,2025,44.9167
34060,days_to_pending,2026,52.0
34060,days_to_pending,2026-08,36.0
34100,days_to_pending,2018,62.5
34100,days_to_pending,2019,77.0833
34100,days_to_pending,2020,54.0
34100,days_to_pending,2021,29.3333
34100,days_to_pending,2022,32.5
34100,days_to_pending,2023,48.8333
34100,days_to_pending,2024,52.8333
34100,days_to_pending,2025,62.6667
34100,days_to_pending,2026,68.625
34100,days_to_pending,2026-08,66.0
34140,days_to_pending,2026,41.8333
34140,days_to_pending,2026-08,50.0
34180,days_to_pending,2020,47.1667
34180,days_to_pending,2021,23.6667
34180,days_to_pending,2022,31.75
34180,days_to_pending,2023,50.6667
34180,days_to_pending,2024,58.4167
34180,days_to_pending,2025,68.5
34180,days_to_pending,2026,74.75
34180,days_to_pending,2026-08,68.0
34300,days_to_pending,2026,53.6667
34300,days_to_pending,2026-08,54.0
34340,days_to_pending,2018,76.0
34340,days_to_pending,2019,67.25
34340,days_to_pending,2020,63.3333
34340,days_to_pending,2021,32.0833
34340,days_to_pending,2022,25.1667
34340,days_to_pending,2023,38.0
34340,days_to_pending,2024,52.4167
34340,days_to_pending,2025,62.8333
34340,days_to_pending,2026,63.125
34340,days_to_pending,2026-08,55.0
34380,days_to_pending,2020,82.2857
34380,days_to_pending,2021,42.0833
34380,days_to_pending,2022,43.5
34380,days_to_pending,2023,61.0
34380,days_to_pending,2024,46.3333
34380,days_to_pending,2025,52.1667
34380,days_to_pending,2026,53.75
34380,days_to_pending,2026-08,36.0
34420,days_to_pending,2026,122.0
34420,days_to_pending,2026-08,91.0
34460,days_to_pending,2026,75.375
34460,days_to_pending,2026-08,70.0
34500,days_to_pending,2026,55.3333
34500,days_to_pending,2026-08,47.0
34540,days_to_pending,2026,52.8571
34540,days_to_pending,2026-08,44.0
34580,days_to_pending,2018,40.1
34580,days_to_pending,2019,46.5
34580,days_to_pending,2020,33.1667
34580,days_to_pending,2021,16.75
34580,days_to_pending,2022,22.5
34580,days_to_pending,2023,37.5
34580,days_to_pending,2024,39.5833
34580,days_to_pending,2025,43.1667
34580,days_to_pending,2026,47.75
34580,days_to_pending,2026-08,39.0
34620,days_to_pending,2018,66.0
34620,days_to_pending,2019,72.0833
34620,days_to_pending,2020,56.9167
34620,days_to_pending,2021,30.3333
34620,days_to_pending,2022,23.6667
34620,days_to_pending,2023,27.5
34620,days_to_pending,2024,33.0833
34620,days_to_pending,2025,35.3333
34620,days_to_pending,2026,45.5
34620,days_to_pending,2026-08,37.0
34660,days_to_pending,2026,74.5
34660,days_to_pending,2026-08,67.0
34700,days_to_pending,2026,44.875
34700,days_to_pending,2026-08,29.0
34740,days_to_pending,2018,39.0
34740,days_to_pending,2019,44.8333
34740,days_to_pending,2020,43.6667
34740,days_to_pending,2021,18.5833
34740,days_to_pending,2022,19.6667
34740,days_to_pending,2023,25.6667
34740,days_to_pending,2024,30.5833
34740,days_to_pending,2025,34.8333
34740,days_to_pending,2026,40.0
34740,days_to_pending,2026-08,27.0
34780,days_to_pending,2018,72.8
34780,days_to_pending,2019,79.5833
34780,days_to_pending,2020,55.0
34780,days_to_pending,2021,31.3333
34780,days_to_pending,2022,33.4167
34780,days_to_pending,2023,54.75
34780,days_to_pending,2024,55.3333
34780,days_to_pending,2025,67.6667
34780,days_to_pending,2026,66.0
34780,days_to_pending,2026-08,63.0
34820,days_to_pending,2018,73.2
34820,days_to_pending,2019,85.5833
34820,days_to_pending,2020,85.9167
34820,days_to_pending,2021,37.5833
34820,days_to_pending,2022,27.25
34820,days_to_pending,2023,49.6667
34820,days_to_pending,2024,62.4167
34820,days_to_pending,2025,88.3333
34820,days_to_pending,2026,98.25
34820,days_to_pending,2026-08,95.0
34860,days_to_pending,2024,52.8333
34860,days_to_pending,2025,79.4167
34860,days_to_pending,2026,82.75
34860,days_to_pending,2026-08,79.0
34900,days_to_pending,2018,43.4
34900,days_to_pending,2019,60.6667
34900,days_to_pending,2020,60.3333
34900,days_to_pending,2021,41.1667
34900,days_to_pending,2022,34.5833
34900,days_to_pending,2023,46.8333
34900,days_to_pending,2024,54.25
34900,days_to_pending,2025,67.6667
34900,days_to_pending,2026,81.25
34900,days_to_pending,2026-08,68.0
34940,days_to_pending,2018,95.2
34940,days_to_pending,2019,119.8333
34940,days_to_pending,2020,114.5
34940,days_to_pending,2021,39.875
34940,days_to_pending,2022,31.6667
34940,days_to_pending,2023,58.9167
34940,days_to_pending,2024,86.3333
34940,days_to_pending,2025,116.0833
34940,days_to_pending,2026,122.625
34940,days_to_pending,2026-08,130.0
34980,days_to_pending,2018,40.7
34980,days_to_pending,2019,54.4167
34980,days_to_pending,2020,55.9167
34980,days_to_pending,2021,21.5833
34980,days_to_pending,2022,21.0833
34980,days_to_pending,2023,41.8333
34980,days_to_pending,2024,47.1667
34980,days_to_pending,2025,59.4167
34980,days_to_pending,2026,66.375
34980,days_to_pending,2026-08,60.0
35020,days_to_pending,2026,124.0
35020,days_to_pending,2026-08,124.0
35100,days_to_pending,2018,71.8
35100,days_to_pending,2019,58.5
35100,days_to_pending,2020,71.6667
35100,days_to_pending,2021,32.5833
35100,days_to_pending,2022,21.9167
35100,days_to_pending,2023,29.3333
35100,days_to_pending,2024,39.5
35100,days_to_pending,2025,50.4167
35100,days_to_pending,2026,62.25
35100,days_to_pending,2026-08,58.0
35220,days_to_pending,2020,48.75
35220,days_to_pending,2021,21.25
35220,days_to_pending,2022,24.4167
35220,days_to_pending,2023,25.1667
35220,days_to_pending,2024,30.3333
35220,days_to_pending,2025,38.5
35220,days_to_pending,2026,43.0
35220,days_to_pending,2026-08,33.0
35300,days_to_pending,2018,57.1
35300,days_to_pending,2019,62.5
35300,days_to_pending,2020,48.75
35300,days_to_pending,2021,24.8333
35300,days_to_pending,2022,21.5
35300,days_to_pending,2023,22.8333
35300,days_to_pending,2024,24.5
35300,days_to_pending,2025,29.0833
35300,days_to_pending,2026,31.25
35300,days_to_pending,2026-08,25.0
35380,days_to_pending,2018,62.1
35380,days_to_pending,2019,67.8333
35380,days_to_pending,2020,62.4167
35380,days_to_pending,2021,31.0833
35380,days_to_pending,2022,32.5833
35380,days_to_pending,2023,60.6667
35380,days_to_pending,2024,77.5833
35380,days_to_pending,2025,91.5
35380,days_to_pending,2026,93.625
35380,days_to_pending,2026-08,87.0
35420,days_to_pending,2018,67.9
35420,days_to_pending,2019,67.4167
35420,days_to_pending,2020,64.8333
35420,days_to_pending,2021,28.8333
35420,days_to_pending,2022,24.0833
35420,days_to_pending,2023,31.5833
35420,days_to_pending,2024,30.25
35420,days_to_pending,2025,28.0
35420,days_to_pending,2026,32.0
35420,days_to_pending,2026-08,34.0
35440,days_to_pending,2018,82.3
35440,days_to_pending,2019,95.75
35440,days_to_pending,2020,84.3333
35440,days_to_pending,2021,37.5833
35440,days_to_pending,2022,34.9167
35440,days_to_pending,2023,63.9167
35440,days_to_pending,2024,76.75
35440,days_to_pending,2025,95.6667
35440,days_to_pending,2026,99.875
35440,days_to_pending,2026-08,91.0
35460,days_to_pending,2026,96.6667
35460,days_to_pending,2026-08,98.0
35580,days_to_pending,2026,53.2
35580,days_to_pending,2026-08,38.0
35620,days_to_pending,2018,73.6
35620,days_to_pending,2019,92.0
35620,days_to_pending,2020,83.25
35620,days_to_pending,2021,67.4167
35620,days_to_pending,2022,58.1667
35620,days_to_pending,2023,61.1667
35620,days_to_pending,2024,59.0
35620,days_to_pending,2025,59.5833
35620,days_to_pending,2026,61.75
35620,days_to_pending,2026-08,55.0
35660,days_to_pending,2020,85.25
35660,days_to_pending,2021,49.0833
35660,days_to_pending,2022,38.5833
35660,days_to_pending,2023,40.0833
35660,days_to_pending,2024,39.5
35660,days_to_pending,2025,47.75
35660,days_to_pending,2026,42.0
35660,days_to_pending,2026-08,34.0
35700,days_to_pending,2025,104.3333
35700,days_to_pending,2026,101.25
35700,days_to_pending,2026-08,122.0
35740,days_to_pending,2024,49.7273
35740,days_to_pending,2025,65.75
35740,days_to_pending,2026,69.875
35740,days_to_pending,2026-08,59.0
35820,days_to_pending,2024,41.3333
35820,days_to_pending,2025,43.0833
35820,days_to_pending,2026,44.75
35820,days_to_pending,2026-08,40.0
35840,days_to_pending,2018,73.1
35840,days_to_pending,2019,85.8333
35840,days_to_pending,2020,67.0
35840,days_to_pending,2021,26.4167
35840,days_to_pending,2022,23.25
35840,days_to_pending,2023,46.0833
35840,days_to_pending,2024,74.0
35840,days_to_pending,2025,87.5833
35840,days_to_pending,2026,90.5
35840,days_to_pending,2026-08,91.0
35900,days_to_pending,2018,64.6
35900,days_to_pending,2019,83.0833
35900,days_to_pending,2020,76.6667
35900,days_to_pending,2021,47.4167
35900,days_to_pending,2022,36.5833
35900,days_to_pending,2023,44.9167
35900,days_to_pending,2024,62.5833
35900,days_to_pending,2025,67.5
35900,days_to_pending,2026,63.625
35900,days_to_pending,2026-08,50.0
35940,days_to_pending,2026,35.8571
35940,days_to_pending,2026-08,29.0
35980,days_to_pending,2018,63.5
35980,days_to_pending,2019,77.8333
35980,days_to_pending,2020,63.4167
35980,days_to_pending,2021,29.1667
35980,days_to_pending,2022,22.4167
35980,days_to_pending,2023,22.8333
35980,days_to_pending,2024,24.0833
35980,days_to_pending,2025,26.0
35980,days_to_pending,2026,27.0
35980,days_to_pending,2026-08,25.0
36020,days_to_pending,2018,37.4
36020,days_to_pending,2019,46.6667
36020,days_to_pending,2020,36.9167
36020,days_to_pending,2021,14.8333
36020,days_to_pending,2022,20.3333
36020,days_to_pending,2023,38.0833
36020,days_to_pending,2024,39.5
36020,days_to_pending,2025,54.0
36020,days_to_pending,2026,50.875
36020,days_to_pending,2026-08,49.0
36100,days_to_pending,2018,63.9
36100,days_to_pending,2019,69.1667
36100,days_to_pending,2020,59.0
36100,days_to_pending,2021,29.0833
36100,days_to_pending,2022,27.3333
36100,days_to_pending,2023,53.0833
36100,days_to_pending,2024,70.0
36100,days_to_pending,2025,86.8333
36100,days_to_pending,2026,99.625
36100,days_to_pending,2026-08,95.0
36220,days_to_pending,2026,64.2857
36220,days_to_pending,2026-08,63.0
36260,days_to_pending,2018,29.6
36260,days_to_pending,2019,35.0
36260,days_to_pending,2020,26.5
36260,days_to_pending,2021,13.6667
36260,days_to_pending,2022,23.5
36260,days_to_pending,2023,43.3333
36260,days_to_pending,2024,42.0
36260,days_to_pending,2025,49.3333
36260,days_to_pending,2026,50.5
36260,days_to_pending,2026-08,46.0
36340,days_to_pending,2026,72.8333
36340,days_to_pending,2026-08,80.0
36380,days_to_pending,2026,119.0
36380,days_to_pending,2026-08,119.0
36420,days_to_pending,2018,60.5
36420,days_to_pending,2019,63.5833
36420,days_to_pending,2020,47.8333
36420,days_to_pending,2021,25.0833
36420,days_to_pending,2022,22.1667
36420,days_to_pending,2023,38.6667
36420,days_to_pending,2024,50.3333
36420,days_to_pending,2025,59.9167
36420,days_to_pending,2026,66.125
36420,days_to_pending,2026-08,59.0
36460,days_to_pending,2018,105.8
36460,days_to_pending,2019,130.6667
36460,days_to_pending,2020,125.0
36460,days_to_pending,2021,64.8333
36460,days_to_pending,2022,42.8333
36460,days_to_pending,2023,47.9167
36460,days_to_pending,2024,55.0833
36460,days_to_pending,2025,71.6667
36460,days_to_pending,2026,71.625
36460,days_to_pending,2026-08,49.0
36500,days_to_pending,2018,25.6
36500,days_to_pending,2019,28.5
36500,days_to_pending,2020,17.9167
36500,days_to_pending,2021,11.1667
36500,days_to_pending,2022,18.4167
36500,days_to_pending,2023,29.5
36500,days_to_pending,2024,31.0833
36500,days_to_pending,2025,37.9167
36500,days_to_pending,2026,44.375
36500,days_to_pending,2026-08,42.0
36540,days_to_pending,2018,38.8
36540,days_to_pending,2019,51.75
36540,days_to_pending,2020,42.0
36540,days_to_pending,2021,18.25
36540,days_to_pending,2022,17.3333
36540,days_to_pending,2023,21.6667
36540,days_to_pending,2024,28.5833
36540,days_to_pending,2025,35.0833
36540,days_to_pending,2026,37.125
36540,days_to_pending,2026-08,29.0
36580,days_to_pending,2025,71.7
36580,days_to_pending,2026,75.125
36580,days_to_pending,2026-08,68.0
36620,days_to_pending,2025,80.7273
36620,days_to_pending,2026,71.875
36620,days_to_pending,2026-08,69.0
36660,days_to_pending,2025,83.0
36660,days_to_pending,2026,93.625
36660,days_to_pending,2026-08,97.0
36700,days_to_pending,2026,88.3333
36700,days_to_pending,2026-08,99.0
36740,days_to_pending,2018,42.6
36740,days_to_pending,2019,52.0
36740,days_to_pending,2020,44.0
36740,days_to_pending,2021,26.5833
36740,days_to_pending,2022,22.8333
36740,days_to_pending,2023,39.25
36740,days_to_pending,2024,53.25
36740,days_to_pending,2025,72.5
36740,days_to_pending,2026,75.375
36740,days_to_pending,2026-08,70.0
36780,days_to_pending,2026,61.3333
36780,days_to_pending,2026-08,48.0
36837,days_to_pending,2018,73.9
36837,days_to_pending,2019,86.6667
36837,days_to_pending,2020,83.0
36837,days_to_pending,2021,47.4167
36837,days_to_pending,2022,39.9167
36837,days_to_pending,2023,38.8333
36837,days_to_pending,2024,36.6667
36837,days_to_pending,2025,40.0
36837,days_to_pending,2026,50.875
36837,days_to_pending,2026-08,40.0
36840,days_to_pending,2026,41.6667
36840,days_to_pending,2026-08,40.0
36900,days_to_pending,2026,79.4
36900,days_to_pending,2026-08,71.0
36940,days_to_pending,2026,63.25
36940,days_to_pending,2026-08,38.0
36980,days_to_pending,2021,24.6
36980,days_to_pending,2022,25.8333
36980,days_to_pending,2023,41.75
36980,days_to_pending,2024,41.0
36980,days_to_pending,2025,45.75
36980,days_to_pending,2026,48.0
36980,days_to_pending,2026-08,41.0
37060,days_to_pending,2018,85.0
37060,days_to_pending,2019,118.5
37060,days_to_pending,2020,114.1667
37060,days_to_pending,2021,77.3333
37060,days_to_pending,2022,38.5
37060,days_to_pending,2023,52.9167
37060,days_to_pending,2024,49.3333
37060,days_to_pending,2025,65.5
37060,days_to_pending,2026,75.125
37060,days_to_pending,2026-08,70.0
37100,days_to_pending,2018,39.8
37100,days_to_pending,2019,50.4167
37100,days_to_pending,2020,39.0833
37100,days_to_pending,2021,18.8333
37100,days_to_pending,2022,23.75
37100,days_to_pending,2023,32.5833
37100,days_to_pending,2024,31.5833
37100,days_to_pending,2025,44.8333
37100,days_to_pending,2026,46.75
37100,days_to_pending,2026-08,46.0
37120,days_to_pending,2026,61.875
37120,days_to_pending,2026-08,51.0
37140,days_to_pending,2023,58.9
37140,days_to_pending,2024,64.25
37140,days_to_pending,2025,72.0
37140,days_to_pending,2026,68.0
37140,days_to_pending,2026-08,54.0
37220,days_to_pending,2026,101.5
37220,days_to_pending,2026-08,112.0
37260,days_to_pending,2026,99.375
37260,days_to_pending,2026-08,92.0
37300,days_to_pending,2025,92.0
37300,days_to_pending,2026,95.875
37300,days_to_pending,2026-08,106.0
37340,days_to_pending,2018,52.3
37340,days_to_pending,2019,63.5
37340,days_to_pending,2020,54.75
37340,days_to_pending,2021,23.75
37340,days_to_pending,2022,23.0
37340,days_to_pending,2023,42.25
37340,days_to_pending,2024,61.1667
37340,days_to_pending,2025,75.0
37340,days_to_pending,2026,76.0
37340,days_to_pending,2026-08,67.0
37460,days_to_pending,2018,67.8
37460,days_to_pending,2019,76.5833
37460,days_to_pending,2020,88.5
37460,days_to_pending,2021,43.5833
37460,days_to_pending,2022,34.8333
37460,days_to_pending,2023,67.5833
37460,days_to_pending,2024,88.5
37460,days_to_pending,2025,108.4167
37460,days_to_pending,2026,119.125
37460,days_to_pending,2026-08,113.0
37500,days_to_pending,2025,72.0
37500,days_to_pending,2026,72.375
37500,days_to_pending,2026-08,76.0
37540,days_to_pending,2026,94.5
37540,days_to_pending,2026-08,68.0
37580,days_to_pending,2025,97.0
37580,days_to_pending,2026,99.25
37580,days_to_pending,2026-08,100.0
37620,days_to_pending,2018,89.8
37620,days_to_pending,2019,96.75
37620,days_to_pending,2020,91.3333
37620,days_to_pending,2021,45.3333
37620,days_to_pending,2022,32.75
37620,days_to_pending,2023,37.9167
37620,days_to_pending,2024,47.9167
37620,days_to_pending,2025,43.3333
37620,days_to_pending,2026,55.5
37620,days_to_pending,2026-08,55.0
37740,days_to_pending,2018,76.8
37740,days_to_pending,2019,87.8333
37740,days_to_pending,2020,75.8333
37740,days_to_pending,2021,33.0833
37740,days_to_pending,2022,38.5833
37740,days_to_pending,2023,64.9167
37740,days_to_pending,2024,71.75
37740,days_to_pending,2025,94.8333
37740,days_to_pending,2026,88.5
37740,days_to_pending,2026-08,90.0
37800,days_to_pending,2026,62.5
37800,days_to_pending,2026-08,56.0
37860,days_to_pending,2018,48.7778
37860,days_to_pending,2019,52.6667
37860,days_to_pending,2020,48.0
37860,days_to_pending,2021,27.3333
37860,days_to_pending,2022,27.3333
37860,days_to_pending,2023,44.1667
37860,days_to_pending,2024,60.5833
37860,days_to_pending,2025,74.9167
37860,days_to_pending,2026,71.375
37860,days_to_pending,2026-08,65.0
37900,days_to_pending,2018,91.0
37900,days_to_pending,2019,102.0
37900,days_to_pending,2020,89.8333
37900,days_to_pending,2021,46.0
37900,days_to_pending,2022,31.8333
37900,days_to_pending,2023,29.4167
37900,days_to_pending,2024,28.6667
37900,days_to_pending,2025,31.5
37900,days_to_pending,2026,32.5
37900,days_to_pending,2026-08,24.0
37980,days_to_pending,2018,55.7
37980,days_to_pending,2019,56.4167
37980,days_to_pending,2020,44.6667
37980,days_to_pending,2021,25.8333
37980,days_to_pending,2022,25.5833
37980,days_to_pending,2023,29.6667
37980,days_to_pending,2024,30.6667
37980,days_to_pending,2025,33.75
37980,days_to_pending,2026,36.25
37980,days_to_pending,2026-08,31.0
38060,days_to_pending,2018,48.7
38060,days_to_pending,2019,49.5833
38060,days_to_pending,2020,35.8333
38060,days_to_pending,2021,22.3333
38060,days_to_pending,2022,31.6667
38060,days_to_pending,2023,53.3333
38060,days_to_pending,2024,47.5833
38060,days_to_pending,2025,59.3333
38060,days_to_pending,2026,61.25
38060,days_to_pending,2026-08,63.0
38100,days_to_pending,2018,90.1111
38100,days_to_pending,2019,101.8333
38100,days_to_pending,2020,99.9167
38100,days_to_pending,2021,51.3333
38100,days_to_pending,2022,40.8333
38100,days_to_pending,2023,53.3333
38100,days_to_pending,2024,75.0
38100,days_to_pending,2025,91.0
38100,days_to_pending,2026,81.75
38100,days_to_pending,2026-08,85.0
38220,days_to_pending,2026,90.6667
38220,days_to_pending,2026-08,88.0
38240,days_to_pending,2018,70.6
38240,days_to_pending,2019,79.25
38240,days_to_pending,2020,66.0833
38240,days_to_pending,2021,28.1667
38240,days_to_pending,2022,24.0
38240,days_to_pending,2023,34.4167
38240,days_to_pending,2024,43.0
38240,days_to_pending,2025,59.25
38240,days_to_pending,2026,65.25
38240,days_to_pending,2026-08,65.0
38260,days_to_pending,2026,69.6667
38260,days_to_pending,2026-08,56.0
38300,days_to_pending,2018,59.0
38300,days_to_pending,2019,65.1667
38300,days_to_pending,2020,55.8333
38300,days_to_pending,2021,32.0833
38300,days_to_pending,2022,30.75
38300,days_to_pending,2023,36.75
38300,days_to_pending,2024,38.75
38300,days_to_pending,2025,44.3333
38300,days_to_pending,2026,48.25
38300,days_to_pending,2026-08,37.0
38340,days_to_pending,2018,80.8
38340,days_to_pending,2019,105.25
38340,days_to_pending,2020,109.5833
38340,days_to_pending,2021,57.75
38340,days_to_pending,2022,48.3333
38340,days_to_pending,2023,50.3333
38340,days_to_pending,2024,55.6667
38340,days_to_pending,2025,64.9167
38340,days_to_pending,2026,69.25
38340,days_to_pending,2026-08,57.0
38420,days_to_pending,2026,45.4
38420,days_to_pending,2026-08,39.0
38460,days_to_pending,2018,73.7
38460,days_to_pending,2019,73.9167
38460,days_to_pending,2020,73.0
38460,days_to_pending,2021,48.5833
38460,days_to_pending,2022,50.3333
38460,days_to_pending,2023,65.0833
38460,days_to_pending,2024,60.5833
38460,days_to_pending,2025,55.0833
38460,days_to_pending,2026,64.125
38460,days_to_pending,2026-08,51.0
38500,days_to_pending,2026,53.1667
38500,days_to_pending,2026-08,45.0
38540,days_to_pending,2021,22.4167
38540,days_to_pending,2022,29.5833
38540,days_to_pending,2023,50.75
38540,days_to_pending,2024,57.1667
38540,days_to_pending,2025,67.0
38540,days_to_pending,2026,76.125
38540,days_to_pending,2026-08,59.0
38620,days_to_pending,2018,85.2
38620,days_to_pending,2019,110.0
38620,days_to_pending,2020,90.9167
38620,days_to_pending,2021,50.75
38620,days_to_pending,2022,40.9167
38620,days_to_pending,2023,48.0
38620,days_to_pending,2024,62.6667
38620,days_to_pending,2025,61.5
38620,days_to_pending,2026,61.0
38620,days_to_pending,2026-08,56.0
38700,days_to_pending,2026,40.0
38700,days_to_pending,2026-08,26.0
38740,days_to_pending,2019,111.0
38740,days_to_pending,2020,91.4167
38740,days_to_pending,2021,45.75
38740,days_to_pending,2022,43.9167
38740,days_to_pending,2023,65.25
38740,days_to_pending,2024,66.6667
38740,days_to_pending,2025,70.0
38740,days_to_pending,2026,74.25
38740,days_to_pending,2026-08,75.0
38820,days_to_pending,2018,40.1
38820,days_to_pending,2019,59.0
38820,days_to_pending,2020,51.5
38820,days_to_pending,2021,20.5833
38820,days_to_pending,2022,26.75
38820,days_to_pending,2023,46.3333
38820,days_to_pending,2024,42.0
38820,days_to_pending,2025,48.1667
38820,days_to_pending,2026,55.875
38820,days_to_pending,2026-08,51.0
38860,days_to_pending,2018,52.4
38860,days_to_pending,2019,57.4167
38860,days_to_pending,2020,56.9167
38860,days_to_pending,2021,31.6667
38860,days_to_pending,2022,24.9167
38860,days_to_pending,2023,29.0
38860,days_to_pending,2024,29.8333
38860,days_to_pending,2025,35.1667
38860,days_to_pending,2026,40.375
38860,days_to_pending,2026-08,32.0
38900,days_to_pending,2018,36.2
38900,days_to_pending,2019,45.25
38900,days_to_pending,2020,33.25
38900,days_to_pending,2021,20.0
38900,days_to_pending,2022,23.75
38900,days_to_pending,2023,37.4167
38900,days_to_pending,2024,42.75
38900,days_to_pending,2025,49.9167
38900,days_to_pending,2026,52.375
38900,days_to_pending,2026-08,45.0
38920,days_to_pending,2026,171.0
38920,days_to_pending,2026-08,171.0
38940,days_to_pending,2018,68.5
38940,days_to_pending,2019,84.5833
38940,days_to_pending,2020,82.1667
38940,days_to_pending,2021,33.0833
38940,days_to_pending,2022,26.8333
38940,days_to_pending,2023,51.25
38940,days_to_pending,2024,69.4167
38940,days_to_pending,2025,91.5
38940,days_to_pending,2026,97.625
38940,days_to_pending,2026-08,92.0
39020,days_to_pending,2024,52.0833
39020,days_to_pending,2025,54.0833
39020,days_to_pending,2026,61.25
39020,days_to_pending,2026-08,48.0
39060,days_to_pending,2020,57.375
39060,days_to_pending,2021,30.6667
39060,days_to_pending,2022,27.8333
39060,days_to_pending,2023,33.0833
39060,days_to_pending,2024,32.75
39060,days_to_pending,2025,37.0833
39060,days_to_pending,2026,42.5
39060,days_to_pending,2026-08,32.0
39150,days_to_pending,2018,52.5
39150,days_to_pending,2019,68.3333
39150,days_to_pending,2020,63.1667
39150,days_to_pending,2021,25.6667
39150,days_to_pending,2022,32.1667
39150,days_to_pending,2023,56.25
39150,days_to_pending,2024,66.4167
39150,days_to_pending,2025,73.3333
39150,days_to_pending,2026,82.875
39150,days_to_pending,2026-08,75.0
39220,days_to_pending,2026,87.0
39220,days_to_pending,2026-08,87.0
39300,days_to_pending,2018,48.0
39300,days_to_pending,2019,58.5
39300,days_to_pending,2020,46.0
39300,days_to_pending,2021,27.0
39300,days_to_pending,2022,23.0
39300,days_to_pending,2023,26.5833
39300,days_to_pending,2024,27.5833
39300,days_to_pending,2025,31.8333
39300,days_to_pending,2026,34.0
39300,days_to_pending,2026-08,29.0
39340,days_to_pending,2018,33.0
39340,days_to_pending,2019,41.6667
39340,days_to_pending,2020,30.0
39340,days_to_pending,2021,15.5
39340,days_to_pending,2022,26.0
39340,days_to_pending,2023,44.6667
39340,days_to_pending,2024,43.3333
39340,days_to_pending,2025,52.8333
39340,days_to_pending,2026,57.25
39340,days_to_pending,2026-08,52.0
39380,days_to_pending,2020,38.5
39380,days_to_pending,2021,23.3333
39380,days_to_pending,2022,32.0
39380,days_to_pending,2023,56.25
39380,days_to_pending,2024,68.0
39380,days_to_pending,2025,86.5
39380,days_to_pending,2026,88.75
39380,days_to_pending,2026-08,69.0
39420,days_to_pending,2026,63.0
39420,days_to_pending,2026-08,53.0
39460,days_to_pending,2018,68.4
39460,days_to_pending,2019,80.75
39460,days_to_pending,2020,71.4167
39460,days_to_pending,2021,29.5
39460,days_to_pending,2022,31.6667
39460,days_to_pending,2023,56.75
39460,days_to_pending,2024,90.1667
39460,days_to_pending,2025,104.0
39460,days_to_pending,2026,112.75
39460,days_to_pending,2026-08,114.0
39500,days_to_pending,2021,39.25
39500,days_to_pending,2022,26.8333
39500,days_to_pending,2023,32.9167
39500,days_to_pending,2024,35.4167
39500,days_to_pending,2025,38.4167
39500,days_to_pending,2026,38.25
39500,days_to_pending,2026-08,33.0
39540,days_to_pending,2021,36.125
39540,days_to_pending,2022,35.5833
39540,days_to_pending,2023,32.5833
39540,days_to_pending,2024,34.0833
39540,days_to_pending,2025,36.8333
39540,days_to_pending,2026,35.25
39540,days_to_pending,2026-08,29.0
39580,days_to_pending,2018,29.9
39580,days_to_pending,2019,36.0833
39580,days_to_pending,2020,28.5833
39580,days_to_pending,2021,14.0
39580,days_to_pending,2022,18.75
39580,days_to_pending,2023,31.25
39580,days_to_pending,2024,34.1667
39580,days_to_pending,2025,46.9167
39580,days_to_pending,2026,54.625
39580,days_to_pending,2026-08,51.0
39660,days_to_pending,2018,51.0
39660,days_to_pending,2019,58.9167
39660,days_to_pending,2020,46.9167
39660,days_to_pending,2021,19.3333
39660,days_to_pending,2022,21.6667
39660,days_to_pending,2023,32.25
39660,days_to_pending,2024,40.75
39660,days_to_pending,2025,53.0
39660,days_to_pending,2026,58.375
39660,days_to_pending,2026-08,50.0
39740,days_to_pending,2018,46.4
39740,days_to_pending,2019,45.5
39740,days_to_pending,2020,40.4167
39740,days_to_pending,2021,19.1667
39740,days_to_pending,2022,19.6667
39740,days_to_pending,2023,20.3333
39740,days_to_pending,2024,20.4167
39740,days_to_pending,2025,23.1667
39740,days_to_pending,2026,22.375
39740,days_to_pending,2026-08,18.0
39780,days_to_pending,2025,71.3333
39780,days_to_pending,2026,75.5
39780,days_to_pending,2026-08,71.0
39820,days_to_pending,2023,67.0
39820,days_to_pending,2024,51.5833
39820,days_to_pending,2025,58.5
39820,days_to_pending,2026,57.625
39820,days_to_pending,2026-08,48.0
39860,days_to_pending,2023,46.0
39860,days_to_pending,2024,49.25
39860,days_to_pending,2025,54.75
39860,days_to_pending,2026,56.875
39860,days_to_pending,2026-08,50.0
39900,days_to_pending,2018,36.3
39900,days_to_pending,2019,52.0
39900,days_to_pending,2020,40.9167
39900,days_to_pending,2021,21.0
39900,days_to_pending,2022,30.5833
39900,days_to_pending,2023,47.25
39900,days_to_pending,2024,44.5833
39900,days_to_pending,2025,52.8333
39900,days_to_pending,2026,49.125
39900,days_to_pending,2026-08,40.0
39940,days_to_pending,2026,86.6667
39940,days_to_pending,2026-08,70.0
39980,days_to_pending,2024,59.0
39980,days_to_pending,2025,46.4167
39980,days_to_pending,2026,58.875
39980,days_to_pending,2026-08,46.0
40060,days_to_pending,2018,40.0
40060,days_to_pending,2019,45.4167
40060,days_to_pending,2020,34.1667
40060,days_to_pending,2021,15.9167
40060,days_to_pending,2022,15.8333
40060,days_to_pending,2023,20.25
40060,days_to_pending,2024,23.0833
40060,days_to_pending,2025,29.25
40060,days_to_pending,2026,30.375
40060,days_to_pending,2026-08,26.0
40080,days_to_pending,2018,47.5
40080,days_to_pending,2019,60.5833
40080,days_to_pending,2020,51.3333
40080,days_to_pending,2021,26.1667
40080,days_to_pending,2022,28.4167
40080,days_to_pending,2023,36.0833
40080,days_to_pending,2024,35.5
40080,days_to_pending,2025,45.8333
40080,days_to_pending,2026,61.5
40080,days_to_pending,2026-08,52.0
40140,days_to_pending,2018,45.8
40140,days_to_pending,2019,56.9167
40140,days_to_pending,2020,45.0
40140,days_to_pending,2021,22.25
40140,days_to_pending,2022,29.4167
40140,days_to_pending,2023,45.0
40140,days_to_pending,2024,44.8333
40140,days_to_pending,2025,59.6667
40140,days_to_pending,2026,62.5
40140,days_to_pending,2026-08,58.0
40180,days_to_pending,2026,107.2
40180,days_to_pending,2026-08,109.0
40220,days_to_pending,2018,94.5
40220,days_to_pending,2019,74.1667
40220,days_to_pending,2020,58.9167
40220,days_to_pending,2021,26.0
40220,days_to_pending,2022,23.1667
40220,days_to_pending,2023,27.0
40220,days_to_pending,2024,33.1667
40220,days_to_pending,2025,42.5833
40220,days_to_pending,2026,54.125
40220,days_to_pending,2026-08,47.0
40260,days_to_pending,2026,92.6667
40260,days_to_pending,2026-08,75.0
40300,days_to_pending,2018,66.1
40300,days_to_pending,2019,84.6667
40300,days_to_pending,2020,76.5833
40300,days_to_pending,2021,44.0
40300,days_to_pending,2022,30.75
40300,days_to_pending,2023,32.0
40300,days_to_pending,2024,35.4167
40300,days_to_pending,2025,32.6667
40300,days_to_pending,2026,37.875
40300,days_to_pending,2026-08,30.0
40340,days_to_pending,2018,45.2
40340,days_to_pending,2019,55.0833
40340,days_to_pending,2020,49.5
40340,days_to_pending,2021,27.5
40340,days_to_pending,2022,30.1667
40340,days_to_pending,2023,37.1667
40340,days_to_pending,2024,42.4167
40340,days_to_pending,2025,46.4167
40340,days_to_pending,2026,46.625
40340,days_to_pending,2026-08,43.0
40380,days_to_pending,2018,43.2
40380,days_to_pending,2019,46.5
40380,days_to_pending,2020,39.5
40380,days_to_pending,2021,21.8333
40380,days_to_pending,2022,19.0833
40380,days_to_pending,2023,19.5
40380,days_to_pending,2024,18.6667
40380,days_to_pending,2025,19.0833
40380,days_to_pending,2026,20.25
40380,days_to_pending,2026-08,17.0
40420,days_to_pending,2018,47.5
40420,days_to_pending,2019,52.75
40420,days_to_pending,2020,47.0
40420,days_to_pending,2021,24.0
40420,days_to_pending,2022,21.5833
40420,days_to_pending,2023,22.1667
40420,days_to_pending,2024,22.3333
40420,days_to_pending,2025,20.75
40420,days_to_pending,2026,24.375
40420,days_to_pending,2026-08,18.0
40540,days_to_pending,2026,77.0
40540,days_to_pending,2026-08,69.0
40580,days_to_pending,2018,72.4
40580,days_to_pending,2019,80.5
40580,days_to_pending,2020,59.75
40580,days_to_pending,2021,23.4167
40580,days_to_pending,2022,25.0833
40580,days_to_pending,2023,38.8333
40580,days_to_pending,2024,46.1667
40580,days_to_pending,2025,60.25
40580,days_to_pending,2026,71.375
40580,days_to_pending,2026-08,71.0
40620,days_to_pending,2025,78.0
40620,days_to_pending,2026,56.375
40620,days_to_pending,2026-08,44.0
40660,days_to_pending,2018,58.9
40660,days_to_pending,2019,62.8333
40660,days_to_pending,2020,65.75
40660,days_to_pending,2021,36.0
40660,days_to_pending,2022,31.75
40660,days_to_pending,2023,40.6667
40660,days_to_pending,2024,50.9167
40660,days_to_pending,2025,69.5
40660,days_to_pending,2026,83.125
40660,days_to_pending,2026-08,85.0
40700,days_to_pending,2018,58.0
40700,days_to_pending,2019,67.25
40700,days_to_pending,2020,59.25
40700,days_to_pending,2021,35.0
40700,days_to_pending,2022,41.6667
40700,days_to_pending,2023,61.75
40700,days_to_pending,2024,59.0
40700,days_to_pending,2025,71.6667
40700,days_to_pending,2026,79.0
40700,days_to_pending,2026-08,77.0
40740,days_to_pending,2024,71.7
40740,days_to_pending,2025,67.0
40740,days_to_pending,2026,69.75
40740,days_to_pending,2026-08,76.0
40760,days_to_pending,2026,147.6
40760,days_to_pending,2026-08,173.0
40860,days_to_pending,2020,116.0
40860,days_to_pending,2021,55.0833
40860,days_to_pending,2022,38.5833
40860,days_to_pending,2023,39.6667
40860,days_to_pending,2024,39.5
40860,days_to_pending,2025,57.0
40860,days_to_pending,2026,58.625
40860,days_to_pending,2026-08,41.0
40900,days_to_pending,2018,32.7
40900,days_to_pending,2019,39.0
40900,days_to_pending,2020,30.3333
40900,days_to_pending,2021,17.6667
40900,days_to_pending,2022,26.1667
40900,days_to_pending,2023,34.1667
40900,days_to_pending,2024,33.6667
40900,days_to_pending,2025,44.0833
40900,days_to_pending,2026,42.75
40900,days_to_pending,2026-08,41.0
40980,days_to_pending,2018,52.2
40980,days_to_pending,2019,56.25
40980,days_to_pending,2020,48.3333
40980,days_to_pending,2021,24.4167
40980,days_to_pending,2022,31.0
40980,days_to_pending,2023,34.75
40980,days_to_pending,2024,38.8333
40980,days_to_pending,2025,39.25
40980,days_to_pending,2026,49.125
40980,days_to_pending,2026-08,35.0
41060,days_to_pending,2018,56.5
41060,days_to_pending,2019,62.4167
41060,days_to_pending,2020,56.5
41060,days_to_pending,2021,29.75
41060,days_to_pending,2022,30.25
41060,days_to_pending,2023,38.3333
41060,days_to_pending,2024,43.9167
41060,days_to_pending,2025,53.0
41060,days_to_pending,2026,57.25
41060,days_to_pending,2026-08,44.0
41100,days_to_pending,2018,49.4
41100,days_to_pending,2019,61.75
41100,days_to_pending,2020,53.25
41100,days_to_pending,2021,24.75
41100,days_to_pending,2022,35.5
41100,days_to_pending,2023,61.4167
41100,days_to_pending,2024,61.75
41100,days_to_pending,2025,73.4167
41100,days_to_pending,2026,79.0
41100,days_to_pending,2026-08,74.0
41140,days_to_pending,2018,62.9
41140,days_to_pending,2019,70.0833
41140,days_to_pending,2020,57.4167
41140,days_to_pending,2021,35.0833
41140,days_to_pending,2022,27.9167
41140,days_to_pending,2023,29.5
41140,days_to_pending,2024,33.8333
41140,days_to_pending,2025,37.0
41140,days_to_pending,2026,44.125
41140,days_to_pending,2026-08,38.0
41180,days_to_pending,2018,46.7
41180,days_to_pending,2019,48.5833
41180,days_to_pending,2020,39.75
41180,days_to_pending,2021,22.5833
41180,days_to_pending,2022,19.5
41180,days_to_pending,2023,23.1667
41180,days_to_pending,2024,24.9167
41180,days_to_pending,2025,28.3333
41180,days_to_pending,2026,30.875
41180,days_to_pending,2026-08,26.0
41260,days_to_pending,2026,63.0
41260,days_to_pending,2026-08,63.0
41400,days_to_pending,2018,94.7
41400,days_to_pending,2019,101.8333
41400,days_to_pending,2020,86.5833
41400,days_to_pending,2021,41.5
41400,days_to_pending,2022,33.5833
41400,days_to_pending,2023,40.75
41400,days_to_pending,2024,45.75
41400,days_to_pending,2025,50.1667
41400,days_to_pending,2026,52.625
41400,days_to_pending,2026-08,47.0
41420,days_to_pending,2018,38.6
41420,days_to_pending,2019,53.5
41420,days_to_pending,2020,45.6667
41420,days_to_pending,2021,21.8333
41420,days_to_pending,2022,24.5833
41420,days_to_pending,2023,39.9167
41420,days_to_pending,2024,46.3333
41420,days_to_pending,2025,51.3333
41420,days_to_pending,2026,59.375
41420,days_to_pending,2026-08,50.0
41460,days_to_pending,2021,39.75
41460,days_to_pending,2022,24.9167
41460,days_to_pending,2023,35.3333
41460,days_to_pending,2024,34.9167
41460,days_to_pending,2025,41.25
41460,days_to_pending,2026,38.5
41460,days_to_pending,2026-08,26.0
41500,days_to_pending,2018,45.7
41500,days_to_pending,2019,61.5
41500,days_to_pending,2020,56.9167
41500,days_to_pending,2021,30.4167
41500,days_to_pending,2022,30.1667
41500,days_to_pending,2023,40.1667
41500,days_to_pending,2024,41.8333
41500,days_to_pending,2025,50.5833
41500,days_to_pending,2026,51.875
41500,days_to_pending,2026-08,49.0
41540,days_to_pending,2018,87.2
41540,days_to_pending,2019,102.0833
41540,days_to_pending,2020,82.5
41540,days_to_pending,2021,29.8333
41540,days_to_pending,2022,28.5833
41540,days_to_pending,2023,41.5
41540,days_to_pending,2024,50.5
41540,days_to_pending,2025,63.6667
41540,days_to_pending,2026,70.375
41540,days_to_pending,2026-08,71.0
41620,days_to_pending,2018,28.2
41620,days_to_pending,2019,37.3333
41620,days_to_pending,2020,25.9167
41620,days_to_pending,2021,14.3333
41620,days_to_pending,2022,20.5
41620,days_to_pending,2023,36.8333
41620,days_to_pending,2024,38.0
41620,days_to_pending,2025,46.0
41620,days_to_pending,2026,49.5
41620,days_to_pending,2026-08,45.0
41660,days_to_pending,2025,95.5833
41660,days_to_pending,2026,96.875
41660,days_to_pending,2026-08,74.0
41700,days_to_pending,2018,57.5
41700,days_to_pending,2019,67.3333
41700,days_to_pending,2020,63.8333
41700,days_to_pending,2021,27.8333
41700,days_to_pending,2022,26.75
41700,days_to_pending,2023,52.9167
41700,days_to_pending,2024,70.9167
41700,days_to_pending,2025,85.5
41700,days_to_pending,2026,90.125
41700,days_to_pending,2026-08,82.0
41740,days_to_pending,2018,42.3
41740,days_to_pending,2019,52.9167
41740,days_to_pending,2020,38.5
41740,days_to_pending,2021,20.25
41740,days_to_pending,2022,22.5833
41740,days_to_pending,2023,29.4167
41740,days_to_pending,2024,32.75
41740,days_to_pending,2025,46.3333
41740,days_to_pending,2026,46.625
41740,days_to_pending,2026-08,42.0
41760,days_to_pending,2021,31.3
41760,days_to_pending,2022,46.5
41760,days_to_pending,2023,69.25
41760,days_to_pending,2024,75.25
41760,days_to_pending,2025,90.9167
41760,days_to_pending,2026,89.0
41760,days_to_pending,2026-08,89.0
41780,days_to_pending,2018,66.9
41780,days_to_pending,2019,79.5
41780,days_to_pending,2020,65.4167
41780,days_to_pending,2021,34.75
41780,days_to_pending,2022,26.25
41780,days_to_pending,2023,30.6667
41780,days_to_pending,2024,29.1667
41780,days_to_pending,2025,35.0833
41780,days_to_pending,2026,47.25
41780,days_to_pending,2026-08,36.0
41820,days_to_pending,2018,58.9
41820,days_to_pending,2019,50.25
41820,days_to_pending,2020,43.6667
41820,days_to_pending,2021,17.1667
41820,days_to_pending,2022,18.75
41820,days_to_pending,2023,31.75
41820,days_to_pending,2024,46.75
41820,days_to_pending,2025,56.0833
41820,days_to_pending,2026,63.5
41820,days_to_pending,2026-08,57.0
41860,days_to_pending,2018,24.5
41860,days_to_pending,2019,33.5833
41860,days_to_pending,2020,29.5833
41860,days_to_pending,2021,22.3333
41860,days_to_pending,2022,26.25
41860,days_to_pending,2023,33.5
41860,days_to_pending,2024,33.6667
41860,days_to_pending,2025,40.5833
41860,days_to_pending,2026,39.25
41860,days_to_pending,2026-08,38.0
41940,days_to_pending,2018,24.8
41940,days_to_pending,2019,38.9167
41940,days_to_pending,2020,34.8333
41940,days_to_pending,2021,28.6667
41940,days_to_pending,2022,29.6667
41940,days_to_pending,2023,32.0
41940,days_to_pending,2024,24.9167
41940,days_to_pending,2025,31.25
41940,days_to_pending,2026,33.0
41940,days_to_pending,2026-08,37.0
42020,days_to_pending,2018,49.3
42020,days_to_pending,2019,58.3333
42020,days_to_pending,2020,52.0
42020,days_to_pending,2021,25.5833
42020,days_to_pending,2022,26.5
42020,days_to_pending,2023,35.0833
42020,days_to_pending,2024,38.1667
42020,days_to_pending,2025,49.6667
42020,days_to_pending,2026,48.375
42020,days_to_pending,2026-08,44.0
42100,days_to_pending,2018,37.9
42100,days_to_pending,2019,52.0833
42100,days_to_pending,2020,44.25
42100,days_to_pending,2021,29.6667
42100,days_to_pending,2022,31.5
42100,days_to_pending,2023,43.25
42100,days_to_pending,2024,42.0
42100,days_to_pending,2025,55.75
42100,days_to_pending,2026,57.875
42100,days_to_pending,2026-08,50.0
42140,days_to_pending,2018,61.1
42140,days_to_pending,2019,65.8333
42140,days_to_pending,2020,58.5
42140,days_to_pending,2021,36.0
42140,days_to_pending,2022,28.1667
42140,days_to_pending,2023,44.9167
42140,days_to_pending,2024,56.0
42140,days_to_pending,2025,63.3333
42140,days_to_pending,2026,69.25
42140,days_to_pending,2026-08,64.0
42200,days_to_pending,2018,51.3
42200,days_to_pending,2019,62.75
42200,days_to_pending,2020,54.25
42200,days_to_pending,2021,24.5
42200,days_to_pending,2022,25.0
42200,days_to_pending,2023,32.8333
42200,days_to_pending,2024,36.5833
42200,days_to_pending,2025,47.0833
42200,days_to_pending,2026,48.0
42200,days_to_pending,2026-08,43.0
42220,days_to_pending,2018,34.2
42220,days_to_pending,2019,45.6667
42220,days_to_pending,2020,43.8333
42220,days_to_pending,2021,29.3333
42220,days_to_pending,2022,26.0
42220,days_to_pending,2023,36.4167
42220,days_to_pending,2024,37.4167
42220,days_to_pending,2025,47.5
42220,days_to_pending,2026,49.625
42220,days_to_pending,2026-08,45.0
42300,days_to_pending,2026,76.6667
42300,days_to_pending,2026-08,68.0
42340,days_to_pending,2018,58.9
42340,days_to_pending,2019,67.25
42340,days_to_pending,2020,62.6667
42340,days_to_pending,2021,31.4167
42340,days_to_pending,2022,20.1667
42340,days_to_pending,2023,30.6667
42340,days_to_pending,2024,48.1667
42340,days_to_pending,2025,73.6667
42340,days_to_pending,2026,76.875
42340,days_to_pending,2026-08,73.0
42420,days_to_pending,2026,66.625
42420,days_to_pending,2026-08,66.0
42460,days_to_pending,2025,88.0
42460,days_to_pending,2026,84.25
42460,days_to_pending,2026-08,86.0
42540,days_to_pending,2018,86.3
42540,days_to_pending,2019,107.4167
42540,days_to_pending,2020,86.9167
42540,days_to_pending,2021,37.25
42540,days_to_pending,2022,39.0833
42540,days_to_pending,2023,46.75
42540,days_to_pending,2024,46.9167
42540,days_to_pending,2025,47.9167
42540,days_to_pending,2026,45.5
42540,days_to_pending,2026-08,37.0
42620,days_to_pending,2021,30.1429
42620,days_to_pending,2022,35.25
42620,days_to_pending,2023,42.5833
42620,days_to_pending,2024,47.1667
42620,days_to_pending,2025,60.5
42620,days_to_pending,2026,62.875
42620,days_to_pending,2026-08,51.0
42660,days_to_pending,2018,24.6
42660,days_to_pending,2019,33.1667
42660,days_to_pending,2020,21.3333
42660,days_to_pending,2021,14.1667
42660,days_to_pending,2022,19.8333
42660,days_to_pending,2023,29.5
42660,days_to_pending,2024,28.3333
42660,days_to_pending,2025,35.75
42660,days_to_pending,2026,40.125
42660,days_to_pending,2026-08,39.0
42680,days_to_pending,2018,86.2
42680,days_to_pending,2019,112.0
42680,days_to_pending,2020,117.9167
42680,days_to_pending,2021,42.75
42680,days_to_pending,2022,26.8333
42680,days_to_pending,2023,54.8333
42680,days_to_pending,2024,72.9167
42680,days_to_pending,2025,95.1667
42680,days_to_pending,2026,101.125
42680,days_to_pending,2026-08,98.0
42700,days_to_pending,2018,62.6
42700,days_to_pending,2019,79.5
42700,days_to_pending,2020,69.8333
42700,days_to_pending,2021,32.4167
42700,days_to_pending,2022,32.6667
42700,days_to_pending,2023,53.5833
42700,days_to_pending,2024,70.5833
42700,days_to_pending,2025,86.9167
42700,days_to_pending,2026,103.875
42700,days_to_pending,2026-08,104.0
42740,days_to_pending,2020,65.5
42740,days_to_pending,2021,32.1667
42740,days_to_pending,2022,34.9167
42740,days_to_pending,2023,47.1667
42740,days_to_pending,2024,48.4167
42740,days_to_pending,2025,55.6667
42740,days_to_pending,2026,58.25
42740,days_to_pending,2026-08,39.0
42860,days_to_pending,2018,79.1
42860,days_to_pending,2019,95.1667
42860,days_to_pending,2020,73.8333
42860,days_to_pending,2021,38.9167
42860,days_to_pending,2022,38.3333
42860,days_to_pending,2023,50.0
42860,days_to_pending,2024,61.5833
42860,days_to_pending,2025,69.5
42860,days_to_pending,2026,80.5
42860,days_to_pending,2026-08,74.0
42900,days_to_pending,2026,41.75
42900,days_to_pending,2026-08,24.0
42940,days_to_pending,2018,67.5
42940,days_to_pending,2019,66.0833
42940,days_to_pending,2020,55.25
42940,days_to_pending,2021,27.3333
42940,days_to_pending,2022,33.0
42940,days_to_pending,2023,60.5833
42940,days_to_pending,2024,74.6667
42940,days_to_pending,2025,102.5833
42940,days_to_pending,2026,109.375
42940,days_to_pending,2026-08,97.0
42980,days_to_pending,2025,46.2727
42980,days_to_pending,2026,51.0
42980,days_to_pending,2026-08,48.0
43020,days_to_pending,2026,63.0
43020,days_to_pending,2026-08,63.0
43060,days_to_pending,2018,78.1111
43060,days_to_pending,2019,75.1667
43060,days_to_pending,2020,52.3333
43060,days_to_pending,2021,27.5
43060,days_to_pending,2022,32.9167
43060,days_to_pending,2023,42.0833
43060,days_to_pending,2024,57.5833
43060,days_to_pending,2025,70.4167
43060,days_to_pending,2026,82.0
43060,days_to_pending,2026-08,69.0
43100,days_to_pending,2026,39.25
43100,days_to_pending,2026-08,36.0
43180,days_to_pending,2021,52.6667
43180,days_to_pending,2022,33.5833
43180,days_to_pending,2023,59.0
43180,days_to_pending,2024,59.4167
43180,days_to_pending,2025,71.4167
43180,days_to_pending,2026,74.125
43180,days_to_pending,2026-08,65.0
43220,days_to_pending,2018,38.7
43220,days_to_pending,2019,45.75
43220,days_to_pending,2020,34.3333
43220,days_to_pending,2021,15.4167
43220,days_to_pending,2022,26.25
43220,days_to_pending,2023,44.0833
43220,days_to_pending,2024,48.25
43220,days_to_pending,2025,51.4167
43220,days_to_pending,2026,59.0
43220,days_to_pending,2026-08,56.0
43260,days_to_pending,2026,57.6667
43260,days_to_pending,2026-08,57.0
43300,days_to_pending,2018,46.8333
43300,days_to_pending,2019,70.5833
43300,days_to_pending,2020,74.0
43300,days_to_pending,2021,41.25
43300,days_to_pending,2022,29.0833
43300,days_to_pending,2023,47.75
43300,days_to_pending,2024,66.4167
43300,days_to_pending,2025,87.4167
43300,days_to_pending,2026,106.25
43300,days_to_pending,2026-08,94.0
43320,days_to_pending,2018,79.9
43320,days_to_pending,2019,87.1667
43320,days_to_pending,2020,78.0833
43320,days_to_pending,2021,33.5
43320,days_to_pending,2022,39.75
43320,days_to_pending,2023,64.0833
43320,days_to_pending,2024,73.5833
43320,days_to_pending,2025,79.25
43320,days_to_pending,2026,94.0
43320,days_to_pending,2026-08,94.0
43340,days_to_pending,2020,113.8333
43340,days_to_pending,2021,45.4167
43340,days_to_pending,2022,35.9167
43340,days_to_pending,2023,46.5833
43340,days_to_pending,2024,63.8333
43340,days_to_pending,2025,76.8333
43340,days_to_pending,2026,74.125
43340,days_to_pending,2026-08,62.0
43380,days_to_pending,2026,37.2857
43380,days_to_pending,2026-08,30.0
43420,days_to_pending,2018,100.7
43420,days_to_pending,2019,101.0
43420,days_to_pending,2020,76.8333
43420,days_to_pending,2021,52.75
43420,days_to_pending,2022,44.8333
43420,days_to_pending,2023,64.25
43420,days_to_pending,2024,68.1667
43420,days_to_pending,2025,66.0833
43420,days_to_pending,2026,79.75
43420,days_to_pending,2026-08,70.0
43460,days_to_pending,2026,45.75
43460,days_to_pending,2026-08,41.0
43500,days_to_pending,2026,107.0
43500,days_to_pending,2026-08,95.0
43580,days_to_pending,2020,69.6364
43580,days_to_pending,2021,34.1667
43580,days_to_pending,2022,31.75
43580,days_to_pending,2023,45.8333
43580,days_to_pending,2024,46.9167
43580,days_to_pending,2025,49.3333
43580,days_to_pending,2026,46.25
43580,days_to_pending,2026-08,45.0
43620,days_to_pending,2025,65.5
43620,days_to_pending,2026,61.875
43620,days_to_pending,2026-08,66.0
43700,days_to_pending,2018,85.5
43700,days_to_pending,2019,106.5
43700,days_to_pending,2020,101.5833
43700,days_to_pending,2021,45.5833
43700,days_to_pending,2022,50.75
43700,days_to_pending,2023,63.1667
43700,days_to_pending,2024,69.6667
43700,days_to_pending,2025,83.6667
43700,days_to_pending,2026,88.125
43700,days_to_pending,2026-08,80.0
43740,days_to_pending,2020,123.625
43740,days_to_pending,2021,49.1667
43740,days_to_pending,2022,44.4167
43740,days_to_pending,2023,44.9167
43740,days_to_pending,2024,41.5
43740,days_to_pending,2025,58.1667
43740,days_to_pending,2026,52.875
43740,days_to_pending,2026-08,44.0
43760,days_to_pending,2026,49.0
43760,days_to_pending,2026-08,49.0
43780,days_to_pending,2020,58.125
43780,days_to_pending,2021,26.6667
43780,days_to_pending,2022,19.8333
43780,days_to_pending,2023,25.6667
43780,days_to_pending,2024,34.8333
43780,days_to_pending,2025,42.5833
43780,days_to_pending,2026,40.5
43780,days_to_pending,2026-08,32.0
43900,days_to_pending,2018,46.0
43900,days_to_pending,2019,55.0
43900,days_to_pending,2020,54.8333
43900,days_to_pending,2021,23.6667
43900,days_to_pending,2022,20.6667
43900,days_to_pending,2023,34.3333
43900,days_to_pending,2024,47.4167
43900,days_to_pending,2025,55.1667
43900,days_to_pending,2026,66.0
43900,days_to_pending,2026-08,66.0
43940,days_to_pending,2026,91.25
43940,days_to_pending,2026-08,80.0
44020,days_to_pending,2026,101.0
44020,days_to_pending,2026-08,106.0
44060,days_to_pending,2018,47.2
44060,days_to_pending,2019,49.4167
44060,days_to_pending,2020,31.8333
44060,days_to_pending,2021,18.25
44060,days_to_pending,2022,23.3333
44060,days_to_pending,2023,37.6667
44060,days_to_pending,2024,45.4167
44060,days_to_pending,2025,53.0
44060,days_to_pending,2026,56.125
44060,days_to_pending,2026-08,50.0
44100,days_to_pending,2018,68.6
44100,days_to_pending,2019,85.1667
44100,days_to_pending,2020,63.5833
44100,days_to_pending,2021,32.5833
44100,days_to_pending,2022,22.5833
44100,days_to_pending,2023,21.0
44100,days_to_pending,2024,20.8333
44100,days_to_pending,2025,23.0833
44100,days_to_pending,2026,25.125
44100,days_to_pending,2026-08,18.0
44140,days_to_pending,2018,44.9
44140,days_to_pending,2019,50.4167
44140,days_to_pending,2020,39.6667
44140,days_to_pending,2021,23.0833
44140,days_to_pending,2022,23.3333
44140,days_to_pending,2023,25.8333
44140,days_to_pending,2024,24.1667
44140,days_to_pending,2025,31.0
44140,days_to_pending,2026,33.125
44140,days_to_pending,2026-08,26.0
44180,days_to_pending,2018,45.5
44180,days_to_pending,2019,51.9167
44180,days_to_pending,2020,40.5
44180,days_to_pending,2021,20.5833
44180,days_to_pending,2022,23.0833
44180,days_to_pending,2023,37.4167
44180,days_to_pending,2024,38.8333
44180,days_to_pending,2025,49.0833
44180,days_to_pending,2026,50.375
44180,days_to_pending,2026-08,42.0
44220,days_to_pending,2018,48.5
44220,days_to_pending,2019,48.5
44220,days_to_pending,2020,36.4167
44220,days_to_pending,2021,17.9167
44220,days_to_pending,2022,18.9167
44220,days_to_pending,2023,24.3333
44220,days_to_pending,2024,25.75
44220,days_to_pending,2025,35.5833
44220,days_to_pending,2026,33.25
44220,days_to_pending,2026-08,26.0
44260,days_to_pending,2025,100.6364
44260,days_to_pending,2026,77.625
44260,days_to_pending,2026-08,77.0
44300,days_to_pending,2020,46.625
44300,days_to_pending,2021,35.9167
44300,days_to_pending,2022,23.3333
44300,days_to_pending,2023,27.0
44300,days_to_pending,2024,32.8333
44300,days_to_pending,2025,36.8333
44300,days_to_pending,2026,31.625
44300,days_to_pending,2026-08,29.0
44340,days_to_pending,2018,77.8
44340,days_to_pending,2019,86.0833
44340,days_to_pending,2020,70.5
44340,days_to_pending,2021,41.25
44340,days_to_pending,2022,33.3333
44340,days_to_pending,2023,41.25
44340,days_to_pending,2024,43.0
44340,days_to_pending,2025,58.4167
44340,days_to_pending,2026,70.25
44340,days_to_pending,2026-08,69.0
44420,days_to_pending,2018,56.2
44420,days_to_pending,2019,55.75
44420,days_to_pending,2020,49.3333
44420,days_to_pending,2021,24.4167
44420,days_to_pending,2022,23.4167
44420,days_to_pending,2023,27.1667
44420,days_to_pending,2024,29.8333
44420,days_to_pending,2025,34.5
44420,days_to_pending,2026,36.875
44420,days_to_pending,2026-08,30.0
44460,days_to_pending,2024,57.8333
44460,days_to_pending,2025,77.0
44460,days_to_pending,2026,102.125
44460,days_to_pending,2026-08,93.0
44500,days_to_pending,2024,90.0
44500,days_to_pending,2025,90.5833
44500,days_to_pending,2026,90.25
44500,days_to_pending,2026-08,84.0
44540,days_to_pending,2026,83.0
44540,days_to_pending,2026-08,83.0
44580,days_to_pending,2018,74.5
44580,days_to_pending,2019,85.5833
44580,days_to_pending,2020,79.5833
44580,days_to_pending,2021,48.8333
44580,days_to_pending,2022,41.9167
44580,days_to_pending,2023,45.8333
44580,days_to_pending,2024,39.5833
44580,days_to_pending,2025,39.8333
44580,days_to_pending,2026,45.125
44580,days_to_pending,2026-08,39.0
44660,days_to_pending,2018,64.8
44660,days_to_pending,2019,85.1667
44660,days_to_pending,2020,82.5833
44660,days_to_pending,2021,42.5833
44660,days_to_pending,2022,32.4167
44660,days_to_pending,2023,43.9167
44660,days_to_pending,2024,55.9167
44660,days_to_pending,2025,59.1667
44660,days_to_pending,2026,53.75
44660,days_to_pending,2026-08,58.0
44700,days_to_pending,2018,32.0
44700,days_to_pending,2019,40.9167
44700,days_to_pending,2020,30.0
44700,days_to_pending,2021,16.3333
44700,days_to_pending,2022,27.0
44700,days_to_pending,2023,35.5
44700,days_to_pending,2024,32.75
44700,days_to_pending,2025,46.6667
44700,days_to_pending,2026,51.375
44700,days_to_pending,2026-08,44.0
44780,days_to_pending,2020,63.25
44780,days_to_pending,2021,29.75
44780,days_to_pending,2022,35.25
44780,days_to_pending,2023,35.3333
44780,days_to_pending,2024,37.0
44780,days_to_pending,2025,46.4167
44780,days_to_pending,2026,47.375
44780,days_to_pending,2026-08,34.0
44940,days_to_pending,2018,75.3
44940,days_to_pending,2019,73.4167
44940,days_to_pending,2020,54.0
44940,days_to_pending,2021,27.3333
44940,days_to_pending,2022,27.4167
44940,days_to_pending,2023,43.0833
44940,days_to_pending,2024,47.25
44940,days_to_pending,2025,62.4167
44940,days_to_pending,2026,69.375
44940,days_to_pending,2026-08,61.0
44980,days_to_pending,2021,43.5714
44980,days_to_pending,2022,35.5833
44980,days_to_pending,2023,40.4167
44980,days_to_pending,2024,41.8333
44980,days_to_pending,2025,42.0833
44980,days_to_pending,2026,55.25
44980,days_to_pending,2026-08,48.0
45000,days_to_pending,2026,79.0
45000,days_to_pending,2026-08,79.0
45060,days_to_pending,2018,69.1
45060,days_to_pending,2019,70.25
45060,days_to_pending,2020,53.4167
45060,days_to_pending,2021,28.0
45060,days_to_pending,2022,23.9167
45060,days_to_pending,2023,24.25
45060,days_to_pending,2024,23.4167
45060,days_to_pending,2025,26.75
45060,days_to_pending,2026,28.75
45060,days_to_pending,2026-08,20.0
45140,days_to_pending,2020,112.4167
45140,days_to_pending,2021,50.5
45140,days_to_pending,2022,45.8333
45140,days_to_pending,2023,72.8333
45140,days_to_pending,2024,86.0833
45140,days_to_pending,2025,95.5833
45140,days_to_pending,2026,85.0
45140,days_to_pending,2026-08,99.0
45180,days_to_pending,2019,92.5
45180,days_to_pending,2020,86.9167
45180,days_to_pending,2021,53.1667
45180,days_to_pending,2022,40.0
45180,days_to_pending,2023,64.5
45180,days_to_pending,2024,64.0833
45180,days_to_pending,2025,74.0
45180,days_to_pending,2026,79.0
45180,days_to_pending,2026-08,71.0
45220,days_to_pending,2018,54.5
45220,days_to_pending,2019,58.1667
45220,days_to_pending,2020,51.8333
45220,days_to_pending,2021,30.25
45220,days_to_pending,2022,25.75
45220,days_to_pending,2023,32.4167
45220,days_to_pending,2024,44.0833
45220,days_to_pending,2025,59.9167
45220,days_to_pending,2026,63.25
45220,days_to_pending,2026-08,62.0
45300,days_to_pending,2018,45.7
45300,days_to_pending,2019,55.5
45300,days_to_pending,2020,42.0
45300,days_to_pending,2021,19.75
45300,days_to_pending,2022,20.9167
45300,days_to_pending,2023,39.6667
45300,days_to_pending,2024,55.3333
45300,days_to_pending,2025,68.0833
45300,days_to_pending,2026,74.625
45300,days_to_pending,2026-08,70.0
45340,days_to_pending,2025,96.8889
45340,days_to_pending,2026,130.75
45340,days_to_pending,2026-08,125.0
45380,days_to_pending,2026,57.0
45380,days_to_pending,2026-08,50.0
45460,days_to_pending,2018,60.0
45460,days_to_pending,2019,74.9167
45460,days_to_pending,2020,64.3333
45460,days_to_pending,2021,34.4167
45460,days_to_pending,2022,32.8333
45460,days_to_pending,2023,36.0
45460,days_to_pending,2024,47.8333
45460,days_to_pending,2025,52.8333
45460,days_to_pending,2026,57.25
45460,days_to_pending,2026-08,45.0
45500,days_to_pending,2021,50.6667
45500,days_to_pending,2022,46.9167
45500,days_to_pending,2023,64.8333
45500,days_to_pending,2024,72.5833
45500,days_to_pending,2025,90.5
45500,days_to_pending,2026,98.625
45500,days_to_pending,2026-08,85.0
45580,days_to_pending,2026,83.5
45580,days_to_pending,2026-08,78.0
45620,days_to_pending,2019,93.0
45620,days_to_pending,2020,74.3333
45620,days_to_pending,2021,61.0
45620,days_to_pending,2022,44.6667
45620,days_to_pending,2023,54.6667
45620,days_to_pending,2024,62.0
45620,days_to_pending,2025,78.3333
45620,days_to_pending,2026,87.875
45620,days_to_pending,2026-08,83.0
45660,days_to_pending,2026,34.5714
45660,days_to_pending,2026-08,21.0
45740,days_to_pending,2026,90.5
45740,days_to_pending,2026-08,85.0
45780,days_to_pending,2018,50.0
45780,days_to_pending,2019,54.5
45780,days_to_pending,2020,44.25
45780,days_to_pending,2021,24.0
45780,days_to_pending,2022,21.25
45780,days_to_pending,2023,24.1667
45780,days_to_pending,2024,25.5833
45780,days_to_pending,2025,27.1667
45780,days_to_pending,2026,33.0
45780,days_to_pending,2026-08,26.0
45820,days_to_pending,2018,56.4
45820,days_to_pending,2019,67.9167
45820,days_to_pending,2020,50.75
45820,days_to_pending,2021,27.3333
45820,days_to_pending,2022,19.5833
45820,days_to_pending,2023,24.5
45820,days_to_pending,2024,31.4167
45820,days_to_pending,2025,32.6667
45820,days_to_pending,2026,32.875
45820,days_to_pending,2026-08,30.0
45860,days_to_pending,2018,74.5
45860,days_to_pending,2019,95.9167
45860,days_to_pending,2020,90.4167
45860,days_to_pending,2021,43.5833
45860,days_to_pending,2022,37.5
45860,days_to_pending,2023,33.0
45860,days_to_pending,2024,35.75
45860,days_to_pending,2025,40.5833
45860,days_to_pending,2026,42.0
45860,days_to_pending,2026-08,35.0
45900,days_to_pending,2018,83.0
45900,days_to_pending,2019,111.8333
45900,days_to_pending,2020,104.8333
45900,days_to_pending,2021,41.75
45900,days_to_pending,2022,36.5833
45900,days_to_pending,2023,43.1667
45900,days_to_pending,2024,49.3333
45900,days_to_pending,2025,60.6667
45900,days_to_pending,2026,56.5
45900,days_to_pending,2026-08,41.0
45940,days_to_pending,2018,62.8
45940,days_to_pending,2019,68.9167
45940,days_to_pending,2020,55.3333
45940,days_to_pending,2021,29.1667
45940,days_to_pending,2022,26.75
45940,days_to_pending,2023,27.9167
45940,days_to_pending,2024,27.4167
45940,days_to_pending,2025,36.5
45940,days_to_pending,2026,42.125
45940,days_to_pending,2026-08,38.0
46020,days_to_pending,2018,52.9
46020,days_to_pending,2019,66.75
46020,days_to_pending,2020,55.5
46020,days_to_pending,2021,29.4167
46020,days_to_pending,2022,37.6667
46020,days_to_pending,2023,51.3333
46020,days_to_pending,2024,55.8333
46020,days_to_pending,2025,62.8333
46020,days_to_pending,2026,60.875
46020,days_to_pending,2026-08,47.0
46060,days_to_pending,2018,42.9
46060,days_to_pending,2019,45.0833
46060,days_to_pending,2020,32.8333
46060,days_to_pending,2021,18.0833
46060,days_to_pending,2022,23.5
46060,days_to_pending,2023,37.5
46060,days_to_pending,2024,44.8333
46060,days_to_pending,2025,63.6667
46060,days_to_pending,2026,70.0
46060,days_to_pending,2026-08,67.0
46100,days_to_pending,2021,26.25
46100,days_to_pending,2022,26.1667
46100,days_to_pending,2023,51.9167
46100,days_to_pending,2024,55.6667
46100,days_to_pending,2025,68.0833
46100,days_to_pending,2026,79.375
46100,days_to_pending,2026-08,64.0
46140,days_to_pending,2018,66.8
46140,days_to_pending,2019,75.1667
46140,days_to_pending,2020,54.6667
46140,days_to_pending,2021,29.4167
46140,days_to_pending,2022,24.5833
46140,days_to_pending,2023,39.6667
46140,days_to_pending,2024,50.0833
46140,days_to_pending,2025,55.9167
46140,days_to_pending,2026,61.5
46140,days_to_pending,2026-08,54.0
46180,days_to_pending,2026,67.6667
46180,days_to_pending,2026-08,79.0
46220,days_to_pending,2018,59.8
46220,days_to_pending,2019,68.0833
46220,days_to_pending,2020,62.1667
46220,days_to_pending,2021,41.9167
46220,days_to_pending,2022,34.25
46220,days_to_pending,2023,43.1667
46220,days_to_pending,2024,47.3333
46220,days_to_pending,2025,56.0
46220,days_to_pending,2026,60.75
46220,days_to_pending,2026-08,57.0
46300,days_to_pending,2021,22.7
46300,days_to_pending,2022,28.0833
46300,days_to_pending,2023,54.0
46300,days_to_pending,2024,56.0833
46300,days_to_pending,2025,65.0
46300,days_to_pending,2026,63.5
46300,days_to_pending,2026-08,62.0
46340,days_to_pending,2018,63.7
46340,days_to_pending,2019,66.4167
46340,days_to_pending,2020,63.25
46340,days_to_pending,2021,45.8333
46340,days_to_pending,2022,32.6667
46340,days_to_pending,2023,53.5
46340,days_to_pending,2024,71.25
46340,days_to_pending,2025,80.0833
46340,days_to_pending,2026,94.75
46340,days_to_pending,2026-08,87.0
46380,days_to_pending,2018,67.4
46380,days_to_pending,2019,98.3333
46380,days_to_pending,2020,89.4167
46380,days_to_pending,2021,47.5833
46380,days_to_pending,2022,50.6667
46380,days_to_pending,2023,75.9167
46380,days_to_pending,2024,69.9167
46380,days_to_pending,2025,90.3333
46380,days_to_pending,2026,98.0
46380,days_to_pending,2026-08,84.0
46500,days_to_pending,2025,27.0
46500,days_to_pending,2026,32.5
46500,days_to_pending,2026-08,29.0
46520,days_to_pending,2021,45.9167
46520,days_to_pending,2022,35.4167
46520,days_to_pending,2023,50.3333
46520,days_to_pending,2024,56.75
46520,days_to_pending,2025,71.9167
46520,days_to_pending,2026,76.75
46520,days_to_pending,2026-08,70.0
46540,days_to_pending,2018,80.0
46540,days_to_pending,2019,83.1667
46540,days_to_pending,2020,75.5833
46540,days_to_pending,2021,42.5
46540,days_to_pending,2022,37.1667
46540,days_to_pending,2023,41.25
46540,days_to_pending,2024,41.8333
46540,days_to_pending,2025,45.6667
46540,days_to_pending,2026,57.875
46540,days_to_pending,2026-08,41.0
46660,days_to_pending,2024,61.0
46660,days_to_pending,2025,61.0833
46660,days_to_pending,2026,64.125
46660,days_to_pending,2026-08,71.0
46700,days_to_pending,2018,30.8
46700,days_to_pending,2019,41.6667
46700,days_to_pending,2020,30.6667
46700,days_to_pending,2021,16.4167
46700,days_to_pending,2022,24.8333
46700,days_to_pending,2023,34.6667
46700,days_to_pending,2024,35.5833
46700,days_to_pending,2025,45.1667
46700,days_to_pending,2026,46.625
46700,days_to_pending,2026-08,42.0
46860,days_to_pending,2026,77.1429
46860,days_to_pending,2026-08,65.0
46980,days_to_pending,2026,83.0
46980,days_to_pending,2026-08,83.0
47020,days_to_pending,2018,65.7
47020,days_to_pending,2019,73.5
47020,days_to_pending,2020,70.4167
47020,days_to_pending,2021,53.0833
47020,days_to_pending,2022,42.5833
47020,days_to_pending,2023,72.0
47020,days_to_pending,2024,82.25
47020,days_to_pending,2025,90.5833
47020,days_to_pending,2026,88.0
47020,days_to_pending,2026-08,92.0
47180,days_to_pending,2026,68.8571
47180,days_to_pending,2026-08,52.0
47220,days_to_pending,2018,90.0
47220,days_to_pending,2019,96.75
47220,days_to_pending,2020,83.4167
47220,days_to_pending,2021,40.5
47220,days_to_pending,2022,40.25
47220,days_to_pending,2023,43.25
47220,days_to_pending,2024,41.4167
47220,days_to_pending,2025,54.4167
47220,days_to_pending,2026,57.625
47220,days_to_pending,2026-08,46.0
47240,days_to_pending,2026,97.6
47240,days_to_pending,2026-08,89.0
47260,days_to_pending,2018,78.0
47260,days_to_pending,2019,85.1667
47260,days_to_pending,2020,92.8333
47260,days_to_pending,2021,34.25
47260,days_to_pending,2022,29.1667
47260,days_to_pending,2023,35.8333
47260,days_to_pending,2024,41.6667
47260,days_to_pending,2025,49.1667
47260,days_to_pending,2026,51.25
47260,days_to_pending,2026-08,46.0
47300,days_to_pending,2018,40.5
47300,days_to_pending,2019,48.5
47300,days_to_pending,2020,36.5
47300,days_to_pending,2021,21.0
47300,days_to_pending,2022,25.25
47300,days_to_pending,2023,38.0833
47300,days_to_pending,2024,40.4167
47300,days_to_pending,2025,46.4167
47300,days_to_pending,2026,48.25
47300,days_to_pending,2026-08,47.0
47340,days_to_pending,2026,41.0
47340,days_to_pending,2026-08,41.0
47380,days_to_pending,2018,51.3
47380,days_to_pending,2019,55.3333
47380,days_to_pending,2020,49.6667
47380,days_to_pending,2021,26.5
47380,days_to_pending,2022,28.9167
47380,days_to_pending,2023,56.75
47380,days_to_pending,2024,70.0833
47380,days_to_pending,2025,77.1667
47380,days_to_pending,2026,85.0
47380,days_to_pending,2026-08,75.0
47460,days_to_pending,2024,56.9091
47460,days_to_pending,2025,57.75
47460,days_to_pending,2026,70.0
47460,days_to_pending,2026-08,71.0
47540,days_to_pending,2026,26.5
47540,days_to_pending,2026-08,27.0
47580,days_to_pending,2018,48.0
47580,days_to_pending,2019,54.1667
47580,days_to_pending,2020,39.5833
47580,days_to_pending,2021,18.8333
47580,days_to_pending,2022,18.25
47580,days_to_pending,2023,27.9167
47580,days_to_pending,2024,37.5833
47580,days_to_pending,2025,42.9167
47580,days_to_pending,2026,52.875
47580,days_to_pending,2026-08,51.0
47620,days_to_pending,2026,34.0
47620,days_to_pending,2026-08,37.0
47660,days_to_pending,2018,51.5
47660,days_to_pending,2019,53.0
47660,days_to_pending,2020,42.9167
47660,days_to_pending,2021,22.0833
47660,days_to_pending,2022,24.75
47660,days_to_pending,2023,32.8333
47660,days_to_pending,2024,43.0833
47660,days_to_pending,2025,49.25
47660,days_to_pending,2026,50.0
47660,days_to_pending,2026-08,45.0
47700,days_to_pending,2026,48.3333
47700,days_to_pending,2026-08,53.0
47780,days_to_pending,2026,71.5
47780,days_to_pending,2026-08,62.0
47820,days_to_pending,2025,70.1667
47820,days_to_pending,2026,71.25
47820,days_to_pending,2026-08,55.0
47900,days_to_pending,2018,43.1
47900,days_to_pending,2019,42.0
47900,days_to_pending,2020,31.0833
47900,days_to_pending,2021,19.5
47900,days_to_pending,2022,22.5833
47900,days_to_pending,2023,26.0
47900,days_to_pending,2024,25.1667
47900,days_to_pending,2025,32.9167
47900,days_to_pending,2026,37.75
47900,days_to_pending,2026-08,35.0
47920,days_to_pending,2026,46.4286
47920,days_to_pending,2026-08,32.0
47940,days_to_pending,2018,79.0
47940,days_to_pending,2019,73.5833
47940,days_to_pending,2020,62.1667
47940,days_to_pending,2021,35.8333
47940,days_to_pending,2022,28.5
47940,days_to_pending,2023,35.25
47940,days_to_pending,2024,34.3333
47940,days_to_pending,2025,44.4167
47940,days_to_pending,2026,55.25
47940,days_to_pending,2026-08,39.0
47980,days_to_pending,2026,66.3333
47980,days_to_pending,2026-08,63.0
48020,days_to_pending,2026,37.6667
48020,days_to_pending,2026-08,33.0
48060,days_to_pending,2018,111.7
48060,days_to_pending,2019,143.3333
48060,days_to_pending,2020,113.8333
48060,days_to_pending,2021,58.75
48060,days_to_pending,2022,44.6667
48060,days_to_pending,2023,51.1667
48060,days_to_pending,2024,53.5833
48060,days_to_pending,2025,62.8333
48060,days_to_pending,2026,58.125
48060,days_to_pending,2026-08,45.0
48140,days_to_pending,2026,46.0
48140,days_to_pending,2026-08,39.0
48180,days_to_pending,2026,97.5
48180,days_to_pending,2026-08,75.0
48260,days_to_pending,2018,88.8
48260,days_to_pending,2019,94.25
48260,days_to_pending,2020,87.75
48260,days_to_pending,2021,46.9167
48260,days_to_pending,2022,37.75
48260,days_to_pending,2023,43.9167
48260,days_to_pending,2024,48.8333
48260,days_to_pending,2025,50.6667
48260,days_to_pending,2026,59.125
48260,days_to_pending,2026-08,41.0
48300,days_to_pending,2018,46.3
48300,days_to_pending,2019,53.5
48300,days_to_pending,2020,50.6667
48300,days_to_pending,2021,26.0833
48300,days_to_pending,2022,37.75
48300,days_to_pending,2023,58.1667
48300,days_to_pending,2024,55.25
48300,days_to_pending,2025,62.75
48300,days_to_pending,2026,57.25
48300,days_to_pending,2026-08,58.0
48460,days_to_pending,2024,78.4
48460,days_to_pending,2025,122.25
48460,days_to_pending,2026,100.875
48460,days_to_pending,2026-08,92.0
48540,days_to_pending,2018,71.7
48540,days_to_pending,2019,77.8333
48540,days_to_pending,2020,77.6667
48540,days_to_pending,2021,61.0833
48540,days_to_pending,2022,44.6667
48540,days_to_pending,2023,46.5833
48540,days_to_pending,2024,51.3333
48540,days_to_pending,2025,58.5833
48540,days_to_pending,2026,57.0
48540,days_to_pending,2026-08,44.0
48580,days_to_pending,2026,60.2857
48580,days_to_pending,2026-08,55.0
48620,days_to_pending,2018,50.6
48620,days_to_pending,2019,53.8333
48620,days_to_pending,2020,40.4167
48620,days_to_pending,2021,22.25
48620,days_to_pending,2022,17.75
48620,days_to_pending,2023,22.5
48620,days_to_pending,2024,34.0
48620,days_to_pending,2025,45.25
48620,days_to_pending,2026,51.125
48620,days_to_pending,2026-08,42.0
48660,days_to_pending,2020,67.0
48660,days_to_pending,2021,39.4167
48660,days_to_pending,2022,41.8333
48660,days_to_pending,2023,60.0833
48660,days_to_pending,2024,66.9167
48660,days_to_pending,2025,83.25
48660,days_to_pending,2026,84.0
48660,days_to_pending,2026-08,75.0
48680,days_to_pending,2018,55.4
48680,days_to_pending,2019,65.1667
48680,days_to_pending,2020,54.4167
48680,days_to_pending,2021,33.4167
48680,days_to_pending,2022,31.5833
48680,days_to_pending,2023,55.25
48680,days_to_pending,2024,62.9167
48680,days_to_pending,2025,75.6667
48680,days_to_pending,2026,75.125
48680,days_to_pending,2026-08,69.0
48700,days_to_pending,2024,59.375
48700,days_to_pending,2025,44.0833
48700,days_to_pending,2026,41.625
48700,days_to_pending,2026-08,36.0
48780,days_to_pending,2025,47.0
48780,days_to_pending,2026,46.25
48780,days_to_pending,2026-08,36.0
48820,days_to_pending,2026,66.0
48820,days_to_pending,2026-08,52.0
48900,days_to_pending,2018,56.3
48900,days_to_pending,2019,54.4167
48900,days_to_pending,2020,50.5
48900,days_to_pending,2021,25.3333
48900,days_to_pending,2022,21.1667
48900,days_to_pending,2023,30.5
48900,days_to_pending,2024,44.5833
48900,days_to_pending,2025,54.0
48900,days_to_pending,2026,60.75
48900,days_to_pending,2026-08,57.0
48940,days_to_pending,2026,33.125
48940,days_to_pending,2026-08,32.0
48980,days_to_pending,2018,62.3
48980,days_to_pending,2019,61.25
48980,days_to_pending,2020,43.5
48980,days_to_pending,2021,17.3333
48980,days_to_pending,2022,21.1667
48980,days_to_pending,2023,26.6667
48980,days_to_pending,2024,40.8333
48980,days_to_pending,2025,52.6667
48980,days_to_pending,2026,65.625
48980,days_to_pending,2026-08,48.0
49020,days_to_pending,2018,55.1
49020,days_to_pending,2019,61.0833
49020,days_to_pending,2020,46.8333
49020,days_to_pending,2021,20.6667
49020,days_to_pending,2022,24.8333
49020,days_to_pending,2023,34.0833
49020,days_to_pending,2024,34.3333
49020,days_to_pending,2025,36.1667
49020,days_to_pending,2026,44.75
49020,days_to_pending,2026-08,43.0
49100,days_to_pending,2026,35.375
49100,days_to_pending,2026-08,33.0
49180,days_to_pending,2018,60.7
49180,days_to_pending,2019,50.3333
49180,days_to_pending,2020,40.4167
49180,days_to_pending,2021,20.75
49180,days_to_pending,2022,22.3333
49180,days_to_pending,2023,30.5
49180,days_to_pending,2024,35.0833
49180,days_to_pending,2025,44.6667
49180,days_to_pending,2026,53.5
49180,days_to_pending,2026-08,47.0
49300,days_to_pending,2018,57.4
49300,days_to_pending,2019,65.25
49300,days_to_pending,2020,47.4167
49300,days_to_pending,2021,23.75
49300,days_to_pending,2022,20.9167
49300,days_to_pending,2023,29.5833
49300,days_to_pending,2024,26.5833
49300,days_to_pending,2025,34.5
49300,days_to_pending,2026,37.375
49300,days_to_pending,2026-08,30.0
49340,days_to_pending,2018,35.2
49340,days_to_pending,2019,42.3333
49340,days_to_pending,2020,33.0
49340,days_to_pending,2021,19.3333
49340,days_to_pending,2022,20.5833
49340,days_to_pending,2023,22.6667
49340,days_to_pending,2024,23.3333
49340,days_to_pending,2025,29.0833
49340,days_to_pending,2026,33.375
49340,days_to_pending,2026-08,29.0
49420,days_to_pending,2018,38.4
49420,days_to_pending,2019,42.0
49420,days_to_pending,2020,37.9167
49420,days_to_pending,2021,26.5
49420,days_to_pending,2022,29.4167
49420,days_to_pending,2023,47.1667
49420,days_to_pending,2024,45.5
49420,days_to_pending,2025,51.0
49420,days_to_pending,2026,59.125
49420,days_to_pending,2026-08,59.0
49620,days_to_pending,2018,53.3
49620,days_to_pending,2019,53.1667
49620,days_to_pending,2020,41.9167
49620,days_to_pending,2021,16.8333
49620,days_to_pending,2022,16.4167
49620,days_to_pending,2023,19.4167
49620,days_to_pending,2024,22.9167
49620,days_to_pending,2025,25.0833
49620,days_to_pending,2026,24.125
49620,days_to_pending,2026-08,20.0
49660,days_to_pending,2018,77.8
49660,days_to_pending,2019,87.9167
49660,days_to_pending,2020,72.0
49660,days_to_pending,2021,32.1667
49660,days_to_pending,2022,27.1667
49660,days_to_pending,2023,30.0833
49660,days_to_pending,2024,33.0
49660,days_to_pending,2025,39.25
49660,days_to_pending,2026,48.0
49660,days_to_pending,2026-08,39.0
49700,days_to_pending,2018,37.3
49700,days_to_pending,2019,37.75
49700,days_to_pending,2020,33.5833
49700,days_to_pending,2021,18.0833
49700,days_to_pending,2022,28.5833
49700,days_to_pending,2023,42.4167
49700,days_to_pending,2024,44.5
49700,days_to_pending,2025,53.3333
49700,days_to_pending,2026,50.375
49700,days_to_pending,2026-08,46.0
49740,days_to_pending,2020,35.25
49740,days_to_pending,2021,23.0
49740,days_to_pending,2022,26.75
49740,days_to_pending,2023,41.25
49740,days_to_pending,2024,60.0
49740,days_to_pending,2025,71.0
49740,days_to_pending,2026,73.25
49740,days_to_pending,2026-08,59.0
49780,days_to_pending,2018,69.4
49780,days_to_pending,2019,84.5
49780,days_to_pending,2020,66.9167
49780,days_to_pending,2021,30.8333
49780,days_to_pending,2022,26.0833
49780,days_to_pending,2023,31.75
49780,days_to_pending,2024,35.6667
49780,days_to_pending,2025,43.3333
49780,days_to_pending,2026,56.625
49780,days_to_pending,2026-08,52.0
10100,price_cut_share,2018,0.1851
10100,price_cut_share,2019,0.1706
10100,price_cut_share,2020,0.1739
10100,price_cut_share,2021,0.1369
10100,price_cut_share,2022,0.1512
10100,price_cut_share,2023,0.1629
10100,price_cut_share,2024,0.2355
10100,price_cut_share,2025,0.2005
10100,price_cut_share,2026,0.1837
10100,price_cut_share,2026-08,0.2462
10140,price_cut_share,2018,0.1435
10140,price_cut_share,2019,0.1499
10140,price_cut_share,2020,0.1294
10140,price_cut_share,2021,0.1365
10140,price_cut_share,2022,0.2045
10140,price_cut_share,2023,0.2181
10140,price_cut_share,2024,0.2267
10140,price_cut_share,2025,0.2391
10140,price_cut_share,2026,0.2242
10140,price_cut_share,2026-08,0.2951
10180,price_cut_share,2018,0.1759
10180,price_cut_share,2019,0.1782
10180,price_cut_share,2020,0.164
10180,price_cut_share,2021,0.1292
10180,price_cut_share,2022,0.1913
10180,price_cut_share,2023,0.2331
10180,price_cut_share,2024,0.2394
10180,price_cut_share,2025,0.2062
10180,price_cut_share,2026,0.1731
10180,price_cut_share,2026-08,0.2361
10220,price_cut_share,2018,0.1498
10220,price_cut_share,2019,0.1527
10220,price_cut_share,2020,0.129
10220,price_cut_share,2021,0.1367
10220,price_cut_share,2022,0.1776
10220,price_cut_share,2023,0.2152
10220,price_cut_share,2024,0.1997
10220,price_cut_share,2025,0.1974
10220,price_cut_share,2026,0.1917
10220,price_cut_share,2026-08,0.1968
10300,price_cut_share,2018,0.1881
10300,price_cut_share,2019,0.1827
10300,price_cut_share,2020,0.1478
10300,price_cut_share,2021,0.1269
10300,price_cut_share,2022,0.1627
10300,price_cut_share,2023,0.1899
10300,price_cut_share,2024,0.2074
10300,price_cut_share,2025,0.2083
10300,price_cut_share,2026,0.1915
10300,price_cut_share,2026-08,0.2472
10420,price_cut_share,2018,0.1866
10420,price_cut_share,2019,0.1889
10420,price_cut_share,2020,0.1691
10420,price_cut_share,2021,0.1662
10420,price_cut_share,2022,0.1873
10420,price_cut_share,2023,0.2028
10420,price_cut_share,2024,0.223
10420,price_cut_share,2025,0.2437
10420,price_cut_share,2026,0.2111
10420,price_cut_share,2026-08,0.2335
10460,price_cut_share,2018,0.0978
10460,price_cut_share,2019,0.1047
10460,price_cut_share,2020,0.1004
10460,price_cut_share,2021,0.0796
10460,price_cut_share,2022,0.1228
10460,price_cut_share,2023,0.158
10460,price_cut_share,2024,0.1879
10460,price_cut_share,2025,0.1834
10460,price_cut_share,2026,0.1765
10460,price_cut_share,2026-08,0.2154
10500,price_cut_share,2018,0.1549
10500,price_cut_share,2019,0.1483
10500,price_cut_share,2020,0.1418
10500,price_cut_share,2021,0.1074
10500,price_cut_share,2022,0.1476
10500,price_cut_share,2023,0.174
10500,price_cut_share,2024,0.181
10500,price_cut_share,2025,0.1904
10500,price_cut_share,2026,0.2047
10500,price_cut_share,2026-08,0.226
10540,price_cut_share,2018,0.1475
10540,price_cut_share,2019,0.1608
10540,price_cut_share,2020,0.1144
10540,price_cut_share,2021,0.1178
10540,price_cut_share,2022,0.2002
10540,price_cut_share,2023,0.2179
10540,price_cut_share,2024,0.2235
10540,price_cut_share,2025,0.2479
10540,price_cut_share,2026,0.2492
10540,price_cut_share,2026-08,0.3167
10580,price_cut_share,2018,0.1987
10580,price_cut_share,2019,0.2001
10580,price_cut_share,2020,0.1689
10580,price_cut_share,2021,0.1508
10580,price_cut_share,2022,0.1613
10580,price_cut_share,2023,0.1661
10580,price_cut_share,2024,0.1837
10580,price_cut_share,2025,0.1936
10580,price_cut_share,2026,0.1778
10580,price_cut_share,2026-08,0.2295
10620,price_cut_share,2018,0.1643
10620,price_cut_share,2019,0.1852
10620,price_cut_share,2020,0.1767
10620,price_cut_share,2021,0.1475
10620,price_cut_share,2022,0.1988
10620,price_cut_share,2023,0.2125
10620,price_cut_share,2024,0.2317
10620,price_cut_share,2025,0.2358
10620,price_cut_share,2026,0.2532
10620,price_cut_share,2026-08,0.2759
10660,price_cut_share,2018,0.1511
10660,price_cut_share,2019,0.1634
10660,price_cut_share,2020,0.1698
10660,price_cut_share,2021,0.1576
10660,price_cut_share,2022,0.1939
10660,price_cut_share,2023,0.1907
10660,price_cut_share,2024,0.1738
10660,price_cut_share,2025,0.2137
10660,price_cut_share,2026,0.208
10660,price_cut_share,2026-08,0.2286
10700,price_cut_share,2018,0.1441
10700,price_cut_share,2019,0.1593
10700,price_cut_share,2020,0.1547
10700,price_cut_share,2021,0.1641
10700,price_cut_share,2022,0.213
10700,price_cut_share,2023,0.2405
10700,price_cut_share,2024,0.2429
10700,price_cut_share,2025,0.236
10700,price_cut_share,2026,0.2185
10700,price_cut_share,2026-08,0.2547
10740,price_cut_share,2018,0.2376
10740,price_cut_share,2019,0.2303
10740,price_cut_share,2020,0.1981
10740,price_cut_share,2021,0.1572
10740,price_cut_share,2022,0.2
10740,price_cut_share,2023,0.2224
10740,price_cut_share,2024,0.263
10740,price_cut_share,2025,0.2836
10740,price_cut_share,2026,0.2643
10740,price_cut_share,2026-08,0.3084
10760,price_cut_share,2021,0.0975
10760,price_cut_share,2022,0.1541
10760,price_cut_share,2023,0.1595
10760,price_cut_share,2024,0.1757
10760,price_cut_share,2025,0.1802
10760,price_cut_share,2026,0.1961
10760,price_cut_share,2026-08,0.2377
10780,price_cut_share,2018,0.1827
10780,price_cut_share,2019,0.1856
10780,price_cut_share,2020,0.157
10780,price_cut_share,2021,0.145
10780,price_cut_share,2022,0.1883
10780,price_cut_share,2023,0.2261
10780,price_cut_share,2024,0.2306
10780,price_cut_share,2025,0.2038
10780,price_cut_share,2026,0.2255
10780,price_cut_share,2026-08,0.2397
10820,price_cut_share,2018,0.163
10820,price_cut_share,2019,0.1543
10820,price_cut_share,2020,0.1637
10820,price_cut_share,2021,0.1424
10820,price_cut_share,2022,0.1718
10820,price_cut_share,2023,0.2044
10820,price_cut_share,2024,0.2219
10820,price_cut_share,2025,0.2148
10820,price_cut_share,2026,0.2094
10820,price_cut_share,2026-08,0.2992
10860,price_cut_share,2018,0.1228
10860,price_cut_share,2019,0.1207
10860,price_cut_share,2020,0.134
10860,price_cut_share,2021,0.1195
10860,price_cut_share,2022,0.1298
10860,price_cut_share,2023,0.1549
10860,price_cut_share,2024,0.1548
10860,price_cut_share,2025,0.1345
10860,price_cut_share,2026,0.1327
10860,price_cut_share,2026-08,0.1498
10900,price_cut_share,2018,0.199
10900,price_cut_share,2019,0.2008
10900,price_cut_share,2020,0.1327
10900,price_cut_share,2021,0.119
10900,price_cut_share,2022,0.1477
10900,price_cut_share,2023,0.1584
10900,price_cut_share,2024,0.1793
10900,price_cut_share,2025,0.1874
10900,price_cut_share,2026,0.1684
10900,price_cut_share,2026-08,0.2109
10940,price_cut_share,2018,0.146
10940,price_cut_share,2019,0.1609
10940,price_cut_share,2020,0.1277
10940,price_cut_share,2021,0.1421
10940,price_cut_share,2022,0.1774
10940,price_cut_share,2023,0.1993
10940,price_cut_share,2024,0.2049
10940,price_cut_share,2025,0.2292
10940,price_cut_share,2026,0.1865
10940,price_cut_share,2026-08,0.2237
10980,price_cut_share,2018,0.103
10980,price_cut_share,2019,0.1139
10980,price_cut_share,2020,0.0905
10980,price_cut_share,2021,0.0717
10980,price_cut_share,2022,0.1089
10980,price_cut_share,2023,0.1346
10980,price_cut_share,2024,0.1423
10980,price_cut_share,2025,0.1633
10980,price_cut_share,2026,0.2061
10980,price_cut_share,2026-08,0.3065
11020,price_cut_share,2018,0.1954
11020,price_cut_share,2019,0.2097
11020,price_cut_share,2020,0.1784
11020,price_cut_share,2021,0.1821
11020,price_cut_share,2022,0.2171
11020,price_cut_share,2023,0.2102
11020,price_cut_share,2024,0.2414
11020,price_cut_share,2025,0.2557
11020,price_cut_share,2026,0.2529
11020,price_cut_share,2026-08,0.2994
11060,price_cut_share,2018,0.1444
11060,price_cut_share,2019,0.1301
11060,price_cut_share,2020,0.1466
11060,price_cut_share,2021,0.1378
11060,price_cut_share,2022,0.1553
11060,price_cut_share,2023,0.1932
11060,price_cut_share,2024,0.1993
11060,price_cut_share,2025,0.2305
11060,price_cut_share,2026,0.1839
11060,price_cut_share,2026-08,0.2296
11100,price_cut_share,2018,0.2228
11100,price_cut_share,2019,0.2178
11100,price_cut_share,2020,0.1949
11100,price_cut_share,2021,0.1683
11100,price_cut_share,2022,0.2106
11100,price_cut_share,2023,0.2494
11100,price_cut_share,2024,0.2675
11100,price_cut_share,2025,0.2562
11100,price_cut_share,2026,0.2159
11100,price_cut_share,2026-08,0.2521
11140,price_cut_share,2018,0.0864
11140,price_cut_share,2019,0.1035
11140,price_cut_share,2020,0.1156
11140,price_cut_share,2021,0.0997
11140,price_cut_share,2022,0.1395
11140,price_cut_share,2023,0.1295
11140,price_cut_share,2024,0.1415
11140,price_cut_share,2025,0.1578
11140,price_cut_share,2026,0.1578
11140,price_cut_share,2026-08,0.2092
11180,price_cut_share,2018,0.2073
11180,price_cut_share,2019,0.2202
11180,price_cut_share,2020,0.2051
11180,price_cut_share,2021,0.1434
11180,price_cut_share,2022,0.1573
11180,price_cut_share,2023,0.18
11180,price_cut_share,2024,0.2058
11180,price_cut_share,2025,0.2242
11180,price_cut_share,2026,0.2345
11180,price_cut_share,2026-08,0.2767
11220,price_cut_share,2018,0.1531
11220,price_cut_share,2019,0.1685
11220,price_cut_share,2020,0.1507
11220,price_cut_share,2021,0.1233
11220,price_cut_share,2022,0.1797
11220,price_cut_share,2023,0.1773
11220,price_cut_share,2024,0.1899
11220,price_cut_share,2025,0.1992
11220,price_cut_share,2026,0.227
11220,price_cut_share,2026-08,0.2724
11260,price_cut_share,2018,0.2594
11260,price_cut_share,2019,0.2362
11260,price_cut_share,2020,0.2047
11260,price_cut_share,2021,0.1819
11260,price_cut_share,2022,0.1957
11260,price_cut_share,2023,0.1858
11260,price_cut_share,2024,0.2246
11260,price_cut_share,2025,0.2304
11260,price_cut_share,2026,0.1964
11260,price_cut_share,2026-08,0.2904
11380,price_cut_share,2018,0.1365
11380,price_cut_share,2019,0.1103
11380,price_cut_share,2020,0.1529
11380,price_cut_share,2021,0.1417
11380,price_cut_share,2022,0.1717
11380,price_cut_share,2023,0.159
11380,price_cut_share,2024,0.167
11380,price_cut_share,2025,0.2006
11380,price_cut_share,2026,0.2587
11380,price_cut_share,2026-08,0.2839
11420,price_cut_share,2018,0.1354
11420,price_cut_share,2019,0.1453
11420,price_cut_share,2020,0.1161
11420,price_cut_share,2021,0.142
11420,price_cut_share,2022,0.2091
11420,price_cut_share,2023,0.1886
11420,price_cut_share,2024,0.2038
11420,price_cut_share,2025,0.2087
11420,price_cut_share,2026,0.1907
11420,price_cut_share,2026-08,0.2458
11460,price_cut_share,2018,0.1838
11460,price_cut_share,2019,0.1945
11460,price_cut_share,2020,0.1653
11460,price_cut_share,2021,0.1259
11460,price_cut_share,2022,0.1589
11460,price_cut_share,2023,0.1599
11460,price_cut_share,2024,0.186
11460,price_cut_share,2025,0.2157
11460,price_cut_share,2026,0.2003
11460,price_cut_share,2026-08,0.2716
11500,price_cut_share,2018,0.1379
11500,price_cut_share,2019,0.1347
11500,price_cut_share,2020,0.1387
11500,price_cut_share,2021,0.1193
11500,price_cut_share,2022,0.1856
11500,price_cut_share,2023,0.1852
11500,price_cut_share,2024,0.1952
11500,price_cut_share,2025,0.2111
11500,price_cut_share,2026,0.1935
11500,price_cut_share,2026-08,0.2159
11540,price_cut_share,2018,0.1079
11540,price_cut_share,2019,0.1087
11540,price_cut_share,2020,0.0936
11540,price_cut_share,2021,0.0725
11540,price_cut_share,2022,0.0713
11540,price_cut_share,2023,0.0794
11540,price_cut_share,2024,0.0943
11540,price_cut_share,2025,0.1015
11540,price_cut_share,2026,0.1039
11540,price_cut_share,2026-08,0.1254
11580,price_cut_share,2018,0.1761
11580,price_cut_share,2019,0.181
11580,price_cut_share,2020,0.1578
11580,price_cut_share,2021,0.14
11580,price_cut_share,2022,0.1793
11580,price_cut_share,2023,0.1997
11580,price_cut_share,2024,0.2187
11580,price_cut_share,2025,0.212
11580,price_cut_share,2026,0.2093
11580,price_cut_share,2026-08,0.1966
11620,price_cut_share,2018,0.1592
11620,price_cut_share,2019,0.1443
11620,price_cut_share,2020,0.1584
11620,price_cut_share,2021,0.1481
11620,price_cut_share,2022,0.1883
11620,price_cut_share,2023,0.2015
11620,price_cut_share,2024,0.215
11620,price_cut_share,2025,0.2148
11620,price_cut_share,2026,0.2311
11620,price_cut_share,2026-08,0.2579
11660,price_cut_share,2018,0.079
11660,price_cut_share,2019,0.0878
11660,price_cut_share,2020,0.0943
11660,price_cut_share,2021,0.0618
11660,price_cut_share,2022,0.1072
11660,price_cut_share,2023,0.1537
11660,price_cut_share,2024,0.1454
11660,price_cut_share,2025,0.1809
11660,price_cut_share,2026,0.1886
11660,price_cut_share,2026-08,0.2267
11680,price_cut_share,2018,0.1882
11680,price_cut_share,2019,0.1683
11680,price_cut_share,2020,0.1932
11680,price_cut_share,2021,0.1866
11680,price_cut_share,2022,0.2013
11680,price_cut_share,2023,0.2107
11680,price_cut_share,2024,0.177
11680,price_cut_share,2025,0.2046
11680,price_cut_share,2026,0.2151
11680,price_cut_share,2026-08,0.2704
11700,price_cut_share,2018,0.1947
11700,price_cut_share,2019,0.2114
11700,price_cut_share,2020,0.1801
11700,price_cut_share,2021,0.1451
11700,price_cut_share,2022,0.1578
11700,price_cut_share,2023,0.1595
11700,price_cut_share,2024,0.1924
11700,price_cut_share,2025,0.2401
11700,price_cut_share,2026,0.219
11700,price_cut_share,2026-08,0.2631
11740,price_cut_share,2018,0.1655
11740,price_cut_share,2019,0.165
11740,price_cut_share,2020,0.1676
11740,price_cut_share,2021,0.1542
11740,price_cut_share,2022,0.1801
11740,price_cut_share,2023,0.191
11740,price_cut_share,2024,0.2303
11740,price_cut_share,2025,0.2591
11740,price_cut_share,2026,0.2179
11740,price_cut_share,2026-08,0.2891
11820,price_cut_share,2018,0.1427
11820,price_cut_share,2019,0.1564
11820,price_cut_share,2020,0.1181
11820,price_cut_share,2021,0.1101
11820,price_cut_share,2022,0.1974
11820,price_cut_share,2023,0.2087
11820,price_cut_share,2024,0.1968
11820,price_cut_share,2025,0.2056
11820,price_cut_share,2026,0.1931
11820,price_cut_share,2026-08,0.2492
11860,price_cut_share,2018,0.1401
11860,price_cut_share,2019,0.1399
11860,price_cut_share,2020,0.1639
11860,price_cut_share,2021,0.1271
11860,price_cut_share,2022,0.1461
11860,price_cut_share,2023,0.1893
11860,price_cut_share,2024,0.2085
11860,price_cut_share,2025,0.1949
11860,price_cut_share,2026,0.2347
11860,price_cut_share,2026-08,0.2344
11900,price_cut_share,2018,0.1406
11900,price_cut_share,2019,0.1531
11900,price_cut_share,2020,0.1107
11900,price_cut_share,2021,0.1143
11900,price_cut_share,2022,0.1287
11900,price_cut_share,2023,0.1712
11900,price_cut_share,2024,0.1933
11900,price_cut_share,2025,0.219
11900,price_cut_share,2026,0.1763
11900,price_cut_share,2026-08,0.2287
11940,price_cut_share,2018,0.1536
11940,price_cut_share,2019,0.1444
11940,price_cut_share,2020,0.1346
11940,price_cut_share,2021,0.1453
11940,price_cut_share,2022,0.2156
11940,price_cut_share,2023,0.2167
11940,price_cut_share,2024,0.2711
11940,price_cut_share,2025,0.2993
11940,price_cut_share,2026,0.2919
11940,price_cut_share,2026-08,0.3223
11980,price_cut_share,2018,0.1464
11980,price_cut_share,2019,0.159
11980,price_cut_share,2020,0.1344
11980,price_cut_share,2021,0.1219
11980,price_cut_share,2022,0.1908
11980,price_cut_share,2023,0.2253
11980,price_cut_share,2024,0.2341
11980,price_cut_share,2025,0.2348
11980,price_cut_share,2026,0.2324
11980,price_cut_share,2026-08,0.2692
12020,price_cut_share,2018,0.1403
12020,price_cut_share,2019,0.1455
12020,price_cut_share,2020,0.1294
12020,price_cut_share,2021,0.1339
12020,price_cut_share,2022,0.1746
12020,price_cut_share,2023,0.1903
12020,price_cut_share,2024,0.2173
12020,price_cut_share,2025,0.2382
12020,price_cut_share,2026,0.2407
12020,price_cut_share,2026-08,0.2717
12060,price_cut_share,2018,0.2145
12060,price_cut_share,2019,0.2366
12060,price_cut_share,2020,0.1881
12060,price_cut_share,2021,0.1372
12060,price_cut_share,2022,0.2111
12060,price_cut_share,2023,0.2359
12060,price_cut_share,2024,0.271
12060,price_cut_share,2025,0.2819
12060,price_cut_share,2026,0.2624
12060,price_cut_share,2026-08,0.3047
12100,price_cut_share,2018,0.154
12100,price_cut_share,2019,0.1627
12100,price_cut_share,2020,0.1298
12100,price_cut_share,2021,0.119
12100,price_cut_share,2022,0.138
12100,price_cut_share,2023,0.1423
12100,price_cut_share,2024,0.1656
12100,price_cut_share,2025,0.1896
12100,price_cut_share,2026,0.1869
12100,price_cut_share,2026-08,0.2287
12140,price_cut_share,2018,0.1813
12140,price_cut_share,2019,0.2002
12140,price_cut_share,2020,0.171
12140,price_cut_share,2021,0.1675
12140,price_cut_share,2022,0.1902
12140,price_cut_share,2023,0.2238
12140,price_cut_share,2024,0.2507
12140,price_cut_share,2025,0.2428
12140,price_cut_share,2026,0.2053
12140,price_cut_share,2026-08,0.2434
12180,price_cut_share,2018,0.1568
12180,price_cut_share,2019,0.1634
12180,price_cut_share,2020,0.1421
12180,price_cut_share,2021,0.1463
12180,price_cut_share,2022,0.2026
12180,price_cut_share,2023,0.1874
12180,price_cut_share,2024,0.1877
12180,price_cut_share,2025,0.2024
12180,price_cut_share,2026,0.233
12180,price_cut_share,2026-08,0.3055
12220,price_cut_share,2018,0.1154
12220,price_cut_share,2019,0.1217
12220,price_cut_share,2020,0.1122
12220,price_cut_share,2021,0.1091
12220,price_cut_share,2022,0.1497
12220,price_cut_share,2023,0.1803
12220,price_cut_share,2024,0.2037
12220,price_cut_share,2025,0.2241
12220,price_cut_share,2026,0.2234
12220,price_cut_share,2026-08,0.2509
12260,price_cut_share,2018,0.1451
12260,price_cut_share,2019,0.1434
12260,price_cut_share,2020,0.1259
12260,price_cut_share,2021,0.1245
12260,price_cut_share,2022,0.1575
12260,price_cut_share,2023,0.2187
12260,price_cut_share,2024,0.2267
12260,price_cut_share,2025,0.2292
12260,price_cut_share,2026,0.2329
12260,price_cut_share,2026-08,0.2795
12300,price_cut_share,2018,0.1661
12300,price_cut_share,2019,0.1476
12300,price_cut_share,2020,0.1156
12300,price_cut_share,2021,0.1351
12300,price_cut_share,2022,0.1555
12300,price_cut_share,2023,0.1787
12300,price_cut_share,2024,0.2012
12300,price_cut_share,2025,0.2245
12300,price_cut_share,2026,0.2096
12300,price_cut_share,2026-08,0.2803
12380,price_cut_share,2018,0.2003
12380,price_cut_share,2019,0.1691
12380,price_cut_share,2020,0.1601
12380,price_cut_share,2021,0.1564
12380,price_cut_share,2022,0.1957
12380,price_cut_share,2023,0.1952
12380,price_cut_share,2024,0.1976
12380,price_cut_share,2025,0.2221
12380,price_cut_share,2026,0.2246
12380,price_cut_share,2026-08,0.2489
12420,price_cut_share,2018,0.252
12420,price_cut_share,2019,0.2371
12420,price_cut_share,2020,0.1775
12420,price_cut_share,2021,0.0976
12420,price_cut_share,2022,0.2162
12420,price_cut_share,2023,0.277
12420,price_cut_share,2024,0.2559
12420,price_cut_share,2025,0.2698
12420,price_cut_share,2026,0.2516
12420,price_cut_share,2026-08,0.3015
12460,price_cut_share,2018,0.1191
12460,price_cut_share,2019,0.108
12460,price_cut_share,2020,0.1198
12460,price_cut_share,2021,0.1043
12460,price_cut_share,2022,0.1675
12460,price_cut_share,2023,0.1674
12460,price_cut_share,2024,0.1651
12460,price_cut_share,2025,0.2007
12460,price_cut_share,2026,0.1794
12460,price_cut_share,2026-08,0.1738
12540,price_cut_share,2018,0.1986
12540,price_cut_share,2019,0.184
12540,price_cut_share,2020,0.1391
12540,price_cut_share,2021,0.1196
12540,price_cut_share,2022,0.1914
12540,price_cut_share,2023,0.1842
12540,price_cut_share,2024,0.2002
12540,price_cut_share,2025,0.2297
12540,price_cut_share,2026,0.2121
12540,price_cut_share,2026-08,0.2356
12580,price_cut_share,2018,0.2407
12580,price_cut_share,2019,0.2474
12580,price_cut_share,2020,0.1922
12580,price_cut_share,2021,0.173
12580,price_cut_share,2022,0.2046
12580,price_cut_share,2023,0.2083
12580,price_cut_share,2024,0.2282
12580,price_cut_share,2025,0.2521
12580,price_cut_share,2026,0.2395
12580,price_cut_share,2026-08,0.2868
12620,price_cut_share,2018,0.1573
12620,price_cut_share,2019,0.1582
12620,price_cut_share,2020,0.1319
12620,price_cut_share,2021,0.1453
12620,price_cut_share,2022,0.1642
12620,price_cut_share,2023,0.1753
12620,price_cut_share,2024,0.2152
12620,price_cut_share,2025,0.2356
12620,price_cut_share,2026,0.2244
12620,price_cut_share,2026-08,0.3068
12660,price_cut_share,2018,0.121
12660,price_cut_share,2019,0.124
12660,price_cut_share,2020,0.1108
12660,price_cut_share,2021,0.0875
12660,price_cut_share,2022,0.1178
12660,price_cut_share,2023,0.1217
12660,price_cut_share,2024,0.1368
12660,price_cut_share,2025,0.1697
12660,price_cut_share,2026,0.1666
12660,price_cut_share,2026-08,0.2282
12700,price_cut_share,2018,0.168
12700,price_cut_share,2019,0.1699
12700,price_cut_share,2020,0.1218
12700,price_cut_share,2021,0.1053
12700,price_cut_share,2022,0.1404
12700,price_cut_share,2023,0.1595
12700,price_cut_share,2024,0.1771
12700,price_cut_share,2025,0.1964
12700,price_cut_share,2026,0.1659
12700,price_cut_share,2026-08,0.2308
12740,price_cut_share,2018,0.1297
12740,price_cut_share,2019,0.1137
12740,price_cut_share,2020,0.1038
12740,price_cut_share,2021,0.1127
12740,price_cut_share,2022,0.1126
12740,price_cut_share,2023,0.1393
12740,price_cut_share,2024,0.1557
12740,price_cut_share,2025,0.192
12740,price_cut_share,2026,0.1857
12740,price_cut_share,2026-08,0.2617
12780,price_cut_share,2018,0.2184
12780,price_cut_share,2019,0.2059
12780,price_cut_share,2020,0.173
12780,price_cut_share,2021,0.1434
12780,price_cut_share,2022,0.1682
12780,price_cut_share,2023,0.1955
12780,price_cut_share,2024,0.22
12780,price_cut_share,2025,0.251
12780,price_cut_share,2026,0.2281
12780,price_cut_share,2026-08,0.2865
12860,price_cut_share,2018,0.2194
12860,price_cut_share,2019,0.1959
12860,price_cut_share,2020,0.1546
12860,price_cut_share,2021,0.1666
12860,price_cut_share,2022,0.1585
12860,price_cut_share,2023,0.1677
12860,price_cut_share,2024,0.1593
12860,price_cut_share,2025,0.1473
12860,price_cut_share,2026,0.1478
12860,price_cut_share,2026-08,0.155
12900,price_cut_share,2018,0.1059
12900,price_cut_share,2019,0.0862
12900,price_cut_share,2020,0.0893
12900,price_cut_share,2021,0.0951
12900,price_cut_share,2022,0.1375
12900,price_cut_share,2023,0.1453
12900,price_cut_share,2024,0.1495
12900,price_cut_share,2025,0.159
12900,price_cut_share,2026,0.1557
12900,price_cut_share,2026-08,0.1889
12940,price_cut_share,2018,0.2101
12940,price_cut_share,2019,0.206
12940,price_cut_share,2020,0.1809
12940,price_cut_share,2021,0.1477
12940,price_cut_share,2022,0.2074
12940,price_cut_share,2023,0.239
12940,price_cut_share,2024,0.2412
12940,price_cut_share,2025,0.2472
12940,price_cut_share,2026,0.2504
12940,price_cut_share,2026-08,0.2698
12980,price_cut_share,2018,0.2079
12980,price_cut_share,2019,0.2063
12980,price_cut_share,2020,0.1661
12980,price_cut_share,2021,0.1484
12980,price_cut_share,2022,0.1904
12980,price_cut_share,2023,0.206
12980,price_cut_share,2024,0.2413
12980,price_cut_share,2025,0.2505
12980,price_cut_share,2026,0.247
12980,price_cut_share,2026-08,0.3115
13020,price_cut_share,2018,0.1878
13020,price_cut_share,2019,0.2038
13020,price_cut_share,2020,0.1712
13020,price_cut_share,2021,0.1561
13020,price_cut_share,2022,0.1722
13020,price_cut_share,2023,0.1666
13020,price_cut_share,2024,0.2064
13020,price_cut_share,2025,0.2367
13020,price_cut_share,2026,0.2435
13020,price_cut_share,2026-08,0.2769
13060,price_cut_share,2018,0.1189
13060,price_cut_share,2019,0.131
13060,price_cut_share,2020,0.1208
13060,price_cut_share,2021,0.1145
13060,price_cut_share,2022,0.1585
13060,price_cut_share,2023,0.1621
13060,price_cut_share,2024,0.165
13060,price_cut_share,2025,0.1705
13060,price_cut_share,2026,0.1831
13060,price_cut_share,2026-08,0.1873
13100,price_cut_share,2018,0.1373
13100,price_cut_share,2019,0.1347
13100,price_cut_share,2020,0.146
13100,price_cut_share,2021,0.1036
13100,price_cut_share,2022,0.1943
13100,price_cut_share,2023,0.2086
13100,price_cut_share,2024,0.2177
13100,price_cut_share,2025,0.2546
13100,price_cut_share,2026,0.2194
13100,price_cut_share,2026-08,0.2768
13140,price_cut_share,2018,0.1544
13140,price_cut_share,2019,0.1714
13140,price_cut_share,2020,0.1745
13140,price_cut_share,2021,0.1758
13140,price_cut_share,2022,0.2133
13140,price_cut_share,2023,0.2217
13140,price_cut_share,2024,0.2227
13140,price_cut_share,2025,0.2193
13140,price_cut_share,2026,0.2085
13140,price_cut_share,2026-08,0.2339
13180,price_cut_share,2018,0.1238
13180,price_cut_share,2019,0.1373
13180,price_cut_share,2020,0.1124
13180,price_cut_share,2021,0.0882
13180,price_cut_share,2022,0.0965
13180,price_cut_share,2023,0.1201
13180,price_cut_share,2024,0.1431
13180,price_cut_share,2025,0.1467
13180,price_cut_share,2026,0.1622
13180,price_cut_share,2026-08,0.1835
13220,price_cut_share,2018,0.1377
13220,price_cut_share,2019,0.1323
13220,price_cut_share,2020,0.131
13220,price_cut_share,2021,0.1294
13220,price_cut_share,2022,0.1521
13220,price_cut_share,2023,0.1678
13220,price_cut_share,2024,0.192
13220,price_cut_share,2025,0.2041
13220,price_cut_share,2026,0.1858
13220,price_cut_share,2026-08,0.2186
13260,price_cut_share,2018,0.1318
13260,price_cut_share,2019,0.1418
13260,price_cut_share,2020,0.143
13260,price_cut_share,2021,0.1673
13260,price_cut_share,2022,0.2036
13260,price_cut_share,2023,0.1965
13260,price_cut_share,2024,0.1982
13260,price_cut_share,2025,0.2152
13260,price_cut_share,2026,0.2085
13260,price_cut_share,2026-08,0.2494
13300,price_cut_share,2018,0.1269
13300,price_cut_share,2019,0.1043
13300,price_cut_share,2020,0.1012
13300,price_cut_share,2021,0.1231
13300,price_cut_share,2022,0.148
13300,price_cut_share,2023,0.1607
13300,price_cut_share,2024,0.1598
13300,price_cut_share,2025,0.1715
13300,price_cut_share,2026,0.1657
13300,price_cut_share,2026-08,0.1634
13340,price_cut_share,2018,0.1766
13340,price_cut_share,2019,0.1954
13340,price_cut_share,2020,0.1643
13340,price_cut_share,2021,0.1722
13340,price_cut_share,2022,0.1947
13340,price_cut_share,2023,0.2139
13340,price_cut_share,2024,0.204
13340,price_cut_share,2025,0.2596
13340,price_cut_share,2026,0.2612
13340,price_cut_share,2026-08,0.307
13380,price_cut_share,2018,0.1703
13380,price_cut_share,2019,0.1676
13380,price_cut_share,2020,0.1415
13380,price_cut_share,2021,0.1107
13380,price_cut_share,2022,0.1937
13380,price_cut_share,2023,0.2003
13380,price_cut_share,2024,0.1976
13380,price_cut_share,2025,0.2214
13380,price_cut_share,2026,0.2184
13380,price_cut_share,2026-08,0.2897
13420,price_cut_share,2018,0.1384
13420,price_cut_share,2019,0.1519
13420,price_cut_share,2020,0.1145
13420,price_cut_share,2021,0.1113
13420,price_cut_share,2022,0.1442
13420,price_cut_share,2023,0.1613
13420,price_cut_share,2024,0.1757
13420,price_cut_share,2025,0.1622
13420,price_cut_share,2026,0.1355
13420,price_cut_share,2026-08,0.237
13460,price_cut_share,2018,0.2025
13460,price_cut_share,2019,0.1975
13460,price_cut_share,2020,0.1534
13460,price_cut_share,2021,0.1661
13460,price_cut_share,2022,0.2425
13460,price_cut_share,2023,0.2453
13460,price_cut_share,2024,0.2446
13460,price_cut_share,2025,0.2595
13460,price_cut_share,2026,0.2459
13460,price_cut_share,2026-08,0.3054
13540,price_cut_share,2018,0.097
13540,price_cut_share,2019,0.0909
13540,price_cut_share,2020,0.0798
13540,price_cut_share,2021,0.0974
13540,price_cut_share,2022,0.12
13540,price_cut_share,2023,0.1192
13540,price_cut_share,2024,0.1206
13540,price_cut_share,2025,0.1398
13540,price_cut_share,2026,0.1289
13540,price_cut_share,2026-08,0.1767
13660,price_cut_share,2018,0.1365
13660,price_cut_share,2019,0.1602
13660,price_cut_share,2020,0.1193
13660,price_cut_share,2021,0.1363
13660,price_cut_share,2022,0.1835
13660,price_cut_share,2023,0.2025
13660,price_cut_share,2024,0.2416
13660,price_cut_share,2025,0.2362
13660,price_cut_share,2026,0.2114
13660,price_cut_share,2026-08,0.3254
13700,price_cut_share,2018,0.1368
13700,price_cut_share,2019,0.1758
13700,price_cut_share,2020,0.1835
13700,price_cut_share,2021,0.2131
13700,price_cut_share,2022,0.2441
13700,price_cut_share,2023,0.23
13700,price_cut_share,2024,0.2318
13700,price_cut_share,2025,0.1994
13700,price_cut_share,2026,0.2193
13700,price_cut_share,2026-08,0.238
13740,price_cut_share,2018,0.1927
13740,price_cut_share,2019,0.1806
13740,price_cut_share,2020,0.1538
13740,price_cut_share,2021,0.1166
13740,price_cut_share,2022,0.1715
13740,price_cut_share,2023,0.2323
13740,price_cut_share,2024,0.2278
13740,price_cut_share,2025,0.2402
13740,price_cut_share,2026,0.2179
13740,price_cut_share,2026-08,0.2678
13780,price_cut_share,2018,0.1872
13780,price_cut_share,2019,0.1944
13780,price_cut_share,2020,0.1531
13780,price_cut_share,2021,0.1628
13780,price_cut_share,2022,0.181
13780,price_cut_share,2023,0.173
13780,price_cut_share,2024,0.1882
13780,price_cut_share,2025,0.1933
13780,price_cut_share,2026,0.2016
13780,price_cut_share,2026-08,0.2272
13820,price_cut_share,2018,0.1691
13820,price_cut_share,2019,0.1665
13820,price_cut_share,2020,0.1481
13820,price_cut_share,2021,0.1254
13820,price_cut_share,2022,0.1678
13820,price_cut_share,2023,0.1995
13820,price_cut_share,2024,0.2161
13820,price_cut_share,2025,0.2216
13820,price_cut_share,2026,0.2151
13820,price_cut_share,2026-08,0.2514
13900,price_cut_share,2018,0.1948
13900,price_cut_share,2019,0.1868
13900,price_cut_share,2020,0.1724
13900,price_cut_share,2021,0.1687
13900,price_cut_share,2022,0.1817
13900,price_cut_share,2023,0.1981
13900,price_cut_share,2024,0.2137
13900,price_cut_share,2025,0.2161
13900,price_cut_share,2026,0.1952
13900,price_cut_share,2026-08,0.2612
13940,price_cut_share,2018,0.1728
13940,price_cut_share,2019,0.1926
13940,price_cut_share,2020,0.1648
13940,price_cut_share,2021,0.144
13940,price_cut_share,2022,0.2509
13940,price_cut_share,2023,0.2219
13940,price_cut_share,2024,0.2106
13940,price_cut_share,2025,0.2404
13940,price_cut_share,2026,0.2275
13940,price_cut_share,2026-08,0.2461
13980,price_cut_share,2018,0.1483
13980,price_cut_share,2019,0.1398
13980,price_cut_share,2020,0.1444
13980,price_cut_share,2021,0.1301
13980,price_cut_share,2022,0.1738
13980,price_cut_share,2023,0.2
13980,price_cut_share,2024,0.2255
13980,price_cut_share,2025,0.2183
13980,price_cut_share,2026,0.2043
13980,price_cut_share,2026-08,0.2802
14010,price_cut_share,2018,0.2693
14010,price_cut_share,2019,0.2463
14010,price_cut_share,2020,0.2225
14010,price_cut_share,2021,0.1641
14010,price_cut_share,2022,0.149
14010,price_cut_share,2023,0.1862
14010,price_cut_share,2024,0.1984
14010,price_cut_share,2025,0.2245
14010,price_cut_share,2026,0.2148
14010,price_cut_share,2026-08,0.2405
14020,price_cut_share,2018,0.1341
14020,price_cut_share,2019,0.1399
14020,price_cut_share,2020,0.1345
14020,price_cut_share,2021,0.1478
14020,price_cut_share,2022,0.1971
14020,price_cut_share,2023,0.1981
14020,price_cut_share,2024,0.1904
14020,price_cut_share,2025,0.2047
14020,price_cut_share,2026,0.2027
14020,price_cut_share,2026-08,0.2637
14100,price_cut_share,2018,0.1298
14100,price_cut_share,2019,0.1462
14100,price_cut_share,2020,0.1152
14100,price_cut_share,2021,0.1193
14100,price_cut_share,2022,0.1777
14100,price_cut_share,2023,0.2102
14100,price_cut_share,2024,0.2207
14100,price_cut_share,2025,0.229
14100,price_cut_share,2026,0.1962
14100,price_cut_share,2026-08,0.2727
14140,price_cut_share,2018,0.1202
14140,price_cut_share,2019,0.1358
14140,price_cut_share,2020,0.1289
14140,price_cut_share,2021,0.1154
14140,price_cut_share,2022,0.1392
14140,price_cut_share,2023,0.1602
14140,price_cut_share,2024,0.1884
14140,price_cut_share,2025,0.1873
14140,price_cut_share,2026,0.2094
14140,price_cut_share,2026-08,0.2437
14180,price_cut_share,2018,0.0909
14180,price_cut_share,2019,0.0989
14180,price_cut_share,2020,0.0932
14180,price_cut_share,2021,0.0968
14180,price_cut_share,2022,0.1262
14180,price_cut_share,2023,0.1158
14180,price_cut_share,2024,0.1537
14180,price_cut_share,2025,0.1495
14180,price_cut_share,2026,0.1707
14180,price_cut_share,2026-08,0.1871
14220,price_cut_share,2018,0.156
14220,price_cut_share,2019,0.1611
14220,price_cut_share,2020,0.148
14220,price_cut_share,2021,0.1517
14220,price_cut_share,2022,0.1725
14220,price_cut_share,2023,0.2164
14220,price_cut_share,2024,0.19
14220,price_cut_share,2025,0.1934
14220,price_cut_share,2026,0.2036
14220,price_cut_share,2026-08,0.2042
14260,price_cut_share,2018,0.1944
14260,price_cut_share,2019,0.2108
14260,price_cut_share,2020,0.1521
14260,price_cut_share,2021,0.1908
14260,price_cut_share,2022,0.3169
14260,price_cut_share,2023,0.2905
14260,price_cut_share,2024,0.2832
14260,price_cut_share,2025,0.288
14260,price_cut_share,2026,0.2572
14260,price_cut_share,2026-08,0.315
14300,price_cut_share,2021,0.141
14300,price_cut_share,2022,0.1916
14300,price_cut_share,2023,0.2363
14300,price_cut_share,2024,0.229
14300,price_cut_share,2025,0.2415
14300,price_cut_share,2026,0.234
14300,price_cut_share,2026-08,0.2785
14380,price_cut_share,2018,0.112
14380,price_cut_share,2019,0.1136
14380,price_cut_share,2020,0.0966
14380,price_cut_share,2021,0.1202
14380,price_cut_share,2022,0.1274
14380,price_cut_share,2023,0.127
14380,price_cut_share,2024,0.1481
14380,price_cut_share,2025,0.1793
14380,price_cut_share,2026,0.1733
14380,price_cut_share,2026-08,0.2454
14420,price_cut_share,2018,0.1795
14420,price_cut_share,2019,0.2042
14420,price_cut_share,2020,0.1673
14420,price_cut_share,2021,0.183
14420,price_cut_share,2022,0.1958
14420,price_cut_share,2023,0.2112
14420,price_cut_share,2024,0.2461
14420,price_cut_share,2025,0.2333
14420,price_cut_share,2026,0.2178
14420,price_cut_share,2026-08,0.2563
14460,price_cut_share,2018,0.1943
14460,price_cut_share,2019,0.1964
14460,price_cut_share,2020,0.1551
14460,price_cut_share,2021,0.1253
14460,price_cut_share,2022,0.1438
14460,price_cut_share,2023,0.1513
14460,price_cut_share,2024,0.1638
14460,price_cut_share,2025,0.1866
14460,price_cut_share,2026,0.1728
14460,price_cut_share,2026-08,0.2285
14500,price_cut_share,2018,0.1711
14500,price_cut_share,2019,0.227
14500,price_cut_share,2020,0.1958
14500,price_cut_share,2021,0.1132
14500,price_cut_share,2022,0.1745
14500,price_cut_share,2023,0.207
14500,price_cut_share,2024,0.2231
14500,price_cut_share,2025,0.2394
14500,price_cut_share,2026,0.2366
14500,price_cut_share,2026-08,0.2919
14540,price_cut_share,2018,0.1572
14540,price_cut_share,2019,0.1789
14540,price_cut_share,2020,0.1558
14540,price_cut_share,2021,0.121
14540,price_cut_share,2022,0.1752
14540,price_cut_share,2023,0.2176
14540,price_cut_share,2024,0.228
14540,price_cut_share,2025,0.234
14540,price_cut_share,2026,0.234
14540,price_cut_share,2026-08,0.2804
14580,price_cut_share,2018,0.1511
14580,price_cut_share,2019,0.1506
14580,price_cut_share,2020,0.1101
14580,price_cut_share,2021,0.1259
14580,price_cut_share,2022,0.183
14580,price_cut_share,2023,0.1827
14580,price_cut_share,2024,0.1919
14580,price_cut_share,2025,0.2146
14580,price_cut_share,2026,0.1899
14580,price_cut_share,2026-08,0.2452
14620,price_cut_share,2018,0.1369
14620,price_cut_share,2019,0.1397
14620,price_cut_share,2020,0.0999
14620,price_cut_share,2021,0.1118
14620,price_cut_share,2022,0.1408
14620,price_cut_share,2023,0.1667
14620,price_cut_share,2024,0.1582
14620,price_cut_share,2025,0.1977
14620,price_cut_share,2026,0.2051
14620,price_cut_share,2026-08,0.2772
14660,price_cut_share,2018,0.1605
14660,price_cut_share,2019,0.1576
14660,price_cut_share,2020,0.1319
14660,price_cut_share,2021,0.1213
14660,price_cut_share,2022,0.1525
14660,price_cut_share,2023,0.1811
14660,price_cut_share,2024,0.2092
14660,price_cut_share,2025,0.2031
14660,price_cut_share,2026,0.1882
14660,price_cut_share,2026-08,0.2815
14700,price_cut_share,2018,0.1393
14700,price_cut_share,2019,0.1515
14700,price_cut_share,2020,0.1309
14700,price_cut_share,2021,0.1263
14700,price_cut_share,2022,0.2023
14700,price_cut_share,2023,0.2232
14700,price_cut_share,2024,0.2264
14700,price_cut_share,2025,0.2092
14700,price_cut_share,2026,0.2139
14700,price_cut_share,2026-08,0.2451
14720,price_cut_share,2018,0.1326
14720,price_cut_share,2019,0.1377
14720,price_cut_share,2020,0.118
14720,price_cut_share,2021,0.0919
14720,price_cut_share,2022,0.1835
14720,price_cut_share,2023,0.2045
14720,price_cut_share,2024,0.2194
14720,price_cut_share,2025,0.2217
14720,price_cut_share,2026,0.188
14720,price_cut_share,2026-08,0.2616
14740,price_cut_share,2018,0.1954
14740,price_cut_share,2019,0.1891
14740,price_cut_share,2020,0.1484
14740,price_cut_share,2021,0.1139
14740,price_cut_share,2022,0.2149
14740,price_cut_share,2023,0.2419
14740,price_cut_share,2024,0.2301
14740,price_cut_share,2025,0.2491
14740,price_cut_share,2026,0.2378
14740,price_cut_share,2026-08,0.3185
14780,price_cut_share,2018,0.1425
14780,price_cut_share,2019,0.1405
14780,price_cut_share,2020,0.1199
14780,price_cut_share,2021,0.1148
14780,price_cut_share,2022,0.1791
14780,price_cut_share,2023,0.1993
14780,price_cut_share,2024,0.2057
14780,price_cut_share,2025,0.2109
14780,price_cut_share,2026,0.2166
14780,price_cut_share,2026-08,0.2388
14820,price_cut_share,2018,0.1217
14820,price_cut_share,2019,0.1321
14820,price_cut_share,2020,0.1127
14820,price_cut_share,2021,0.1201
14820,price_cut_share,2022,0.1215
14820,price_cut_share,2023,0.1325
14820,price_cut_share,2024,0.1617
14820,price_cut_share,2025,0.1826
14820,price_cut_share,2026,0.1646
14820,price_cut_share,2026-08,0.2334
14860,price_cut_share,2018,0.1887
14860,price_cut_share,2019,0.1976
14860,price_cut_share,2020,0.1422
14860,price_cut_share,2021,0.1377
14860,price_cut_share,2022,0.1413
14860,price_cut_share,2023,0.1254
14860,price_cut_share,2024,0.1338
14860,price_cut_share,2025,0.1465
14860,price_cut_share,2026,0.1422
14860,price_cut_share,2026-08,0.1883
15020,price_cut_share,2018,0.136
15020,price_cut_share,2019,0.1473
15020,price_cut_share,2020,0.1595
15020,price_cut_share,2021,0.1176
15020,price_cut_share,2022,0.1824
15020,price_cut_share,2023,0.1516
15020,price_cut_share,2024,0.1672
15020,price_cut_share,2025,0.1922
15020,price_cut_share,2026,0.222
15020,price_cut_share,2026-08,0.178
15060,price_cut_share,2018,0.1339
15060,price_cut_share,2019,0.1629
15060,price_cut_share,2020,0.1229
15060,price_cut_share,2021,0.115
15060,price_cut_share,2022,0.1897
15060,price_cut_share,2023,0.1969
15060,price_cut_share,2024,0.196
15060,price_cut_share,2025,0.188
15060,price_cut_share,2026,0.1903
15060,price_cut_share,2026-08,0.2604
15100,price_cut_share,2018,0.1182
15100,price_cut_share,2019,0.1254
15100,price_cut_share,2020,0.1461
15100,price_cut_share,2021,0.078
15100,price_cut_share,2022,0.0954
15100,price_cut_share,2023,0.1028
15100,price_cut_share,2024,0.1085
15100,price_cut_share,2025,0.1776
15100,price_cut_share,2026,0.1731
15100,price_cut_share,2026-08,0.2351
15180,price_cut_share,2018,0.1161
15180,price_cut_share,2019,0.1161
15180,price_cut_share,2020,0.1015
15180,price_cut_share,2021,0.0839
15180,price_cut_share,2022,0.134
15180,price_cut_share,2023,0.154
15180,price_cut_share,2024,0.1765
15180,price_cut_share,2025,0.1763
15180,price_cut_share,2026,0.1599
15180,price_cut_share,2026-08,0.1718
15220,price_cut_share,2018,0.1369
15220,price_cut_share,2019,0.1563
15220,price_cut_share,2020,0.1342
15220,price_cut_share,2021,0.1098
15220,price_cut_share,2022,0.1658
15220,price_cut_share,2023,0.1806
15220,price_cut_share,2024,0.2019
15220,price_cut_share,2025,0.1814
15220,price_cut_share,2026,0.2101
15220,price_cut_share,2026-08,0.231
15260,price_cut_share,2018,0.1395
15260,price_cut_share,2019,0.149
15260,price_cut_share,2020,0.1354
15260,price_cut_share,2021,0.1132
15260,price_cut_share,2022,0.1534
15260,price_cut_share,2023,0.1697
15260,price_cut_share,2024,0.2078
15260,price_cut_share,2025,0.2106
15260,price_cut_share,2026,0.1979
15260,price_cut_share,2026-08,0.2183
15340,price_cut_share,2018,0.1648
15340,price_cut_share,2019,0.1533
15340,price_cut_share,2020,0.1394
15340,price_cut_share,2021,0.1399
15340,price_cut_share,2022,0.1907
15340,price_cut_share,2023,0.1658
15340,price_cut_share,2024,0.2256
15340,price_cut_share,2025,0.2499
15340,price_cut_share,2026,0.2116
15340,price_cut_share,2026-08,0.2937
15380,price_cut_share,2018,0.1983
15380,price_cut_share,2019,0.195
15380,price_cut_share,2020,0.1463
15380,price_cut_share,2021,0.1266
15380,price_cut_share,2022,0.1484
15380,price_cut_share,2023,0.1563
15380,price_cut_share,2024,0.1608
15380,price_cut_share,2025,0.1688
15380,price_cut_share,2026,0.1572
15380,price_cut_share,2026-08,0.2158
15420,price_cut_share,2018,0.1642
15420,price_cut_share,2019,0.1669
15420,price_cut_share,2020,0.1355
15420,price_cut_share,2021,0.1169
15420,price_cut_share,2022,0.1861
15420,price_cut_share,2023,0.2099
15420,price_cut_share,2024,0.207
15420,price_cut_share,2025,0.2155
15420,price_cut_share,2026,0.2388
15420,price_cut_share,2026-08,0.285
15460,price_cut_share,2018,0.1564
15460,price_cut_share,2019,0.1659
15460,price_cut_share,2020,0.1476
15460,price_cut_share,2021,0.1408
15460,price_cut_share,2022,0.1743
15460,price_cut_share,2023,0.1849
15460,price_cut_share,2024,0.1942
15460,price_cut_share,2025,0.1913
15460,price_cut_share,2026,0.1812
15460,price_cut_share,2026-08,0.2161
15500,price_cut_share,2018,0.1527
15500,price_cut_share,2019,0.154
15500,price_cut_share,2020,0.1386
15500,price_cut_share,2021,0.1009
15500,price_cut_share,2022,0.1376
15500,price_cut_share,2023,0.2036
15500,price_cut_share,2024,0.2472
15500,price_cut_share,2025,0.2776
15500,price_cut_share,2026,0.2697
15500,price_cut_share,2026-08,0.2952
15540,price_cut_share,2018,0.1556
15540,price_cut_share,2019,0.1476
15540,price_cut_share,2020,0.1253
15540,price_cut_share,2021,0.1151
15540,price_cut_share,2022,0.1197
15540,price_cut_share,2023,0.1387
15540,price_cut_share,2024,0.1865
15540,price_cut_share,2025,0.2167
15540,price_cut_share,2026,0.2053
15540,price_cut_share,2026-08,0.2796
15580,price_cut_share,2018,0.1552
15580,price_cut_share,2019,0.1512
15580,price_cut_share,2020,0.1235
15580,price_cut_share,2021,0.1323
15580,price_cut_share,2022,0.1946
15580,price_cut_share,2023,0.2095
15580,price_cut_share,2024,0.195
15580,price_cut_share,2025,0.1672
15580,price_cut_share,2026,0.1914
15580,price_cut_share,2026-08,0.2301
15620,price_cut_share,2018,0.129
15620,price_cut_share,2019,0.1324
15620,price_cut_share,2020,0.0974
15620,price_cut_share,2021,0.116
15620,price_cut_share,2022,0.1728
15620,price_cut_share,2023,0.1595
15620,price_cut_share,2024,0.211
15620,price_cut_share,2025,0.2246
15620,price_cut_share,2026,0.1819
15620,price_cut_share,2026-08,0.2843
15660,price_cut_share,2018,0.1687
15660,price_cut_share,2019,0.1679
15660,price_cut_share,2020,0.1269
15660,price_cut_share,2021,0.1247
15660,price_cut_share,2022,0.174
15660,price_cut_share,2023,0.2211
15660,price_cut_share,2024,0.2407
15660,price_cut_share,2025,0.2619
15660,price_cut_share,2026,0.2602
15660,price_cut_share,2026-08,0.3028
15700,price_cut_share,2018,0.1185
15700,price_cut_share,2019,0.1403
15700,price_cut_share,2020,0.12
15700,price_cut_share,2021,0.1548
15700,price_cut_share,2022,0.184
15700,price_cut_share,2023,0.1981
15700,price_cut_share,2024,0.2278
15700,price_cut_share,2025,0.2337
15700,price_cut_share,2026,0.225
15700,price_cut_share,2026-08,0.2436
15740,price_cut_share,2018,0.1352
15740,price_cut_share,2019,0.1484
15740,price_cut_share,2020,0.1295
15740,price_cut_share,2021,0.148
15740,price_cut_share,2022,0.189
15740,price_cut_share,2023,0.1959
15740,price_cut_share,2024,0.2286
15740,price_cut_share,2025,0.229
15740,price_cut_share,2026,0.1963
15740,price_cut_share,2026-08,0.2174
15780,price_cut_share,2018,0.0956
15780,price_cut_share,2019,0.0708
15780,price_cut_share,2020,0.069
15780,price_cut_share,2021,0.0617
15780,price_cut_share,2022,0.0992
15780,price_cut_share,2023,0.1298
15780,price_cut_share,2024,0.1343
15780,price_cut_share,2025,0.1424
15780,price_cut_share,2026,0.1055
15780,price_cut_share,2026-08,0.109
15820,price_cut_share,2018,0.1573
15820,price_cut_share,2019,0.1467
15820,price_cut_share,2020,0.124
15820,price_cut_share,2021,0.125
15820,price_cut_share,2022,0.1713
15820,price_cut_share,2023,0.1896
15820,price_cut_share,2024,0.1974
15820,price_cut_share,2025,0.2212
15820,price_cut_share,2026,0.1966
15820,price_cut_share,2026-08,0.2211
15940,price_cut_share,2018,0.1981
15940,price_cut_share,2019,0.1948
15940,price_cut_share,2020,0.1707
15940,price_cut_share,2021,0.1653
15940,price_cut_share,2022,0.1896
15940,price_cut_share,2023,0.2001
15940,price_cut_share,2024,0.2245
15940,price_cut_share,2025,0.2459
15940,price_cut_share,2026,0.2147
15940,price_cut_share,2026-08,0.2286
15980,price_cut_share,2018,0.2083
15980,price_cut_share,2019,0.221
15980,price_cut_share,2020,0.1852
15980,price_cut_share,2021,0.114
15980,price_cut_share,2022,0.1427
15980,price_cut_share,2023,0.1952
15980,price_cut_share,2024,0.2533
15980,price_cut_share,2025,0.2516
15980,price_cut_share,2026,0.2467
15980,price_cut_share,2026-08,0.212
16020,price_cut_share,2018,0.1525
16020,price_cut_share,2019,0.1517
16020,price_cut_share,2020,0.1264
16020,price_cut_share,2021,0.1313
16020,price_cut_share,2022,0.1494
16020,price_cut_share,2023,0.1669
16020,price_cut_share,2024,0.1958
16020,price_cut_share,2025,0.2006
16020,price_cut_share,2026,0.1808
16020,price_cut_share,2026-08,0.2232
16060,price_cut_share,2018,0.1477
16060,price_cut_share,2019,0.1474
16060,price_cut_share,2020,0.1583
16060,price_cut_share,2021,0.1302
16060,price_cut_share,2022,0.1557
16060,price_cut_share,2023,0.1631
16060,price_cut_share,2024,0.1765
16060,price_cut_share,2025,0.1918
16060,price_cut_share,2026,0.1846
16060,price_cut_share,2026-08,0.236
16100,price_cut_share,2018,0.0895
16100,price_cut_share,2019,0.1134
16100,price_cut_share,2020,0.1244
16100,price_cut_share,2021,0.1443
16100,price_cut_share,2022,0.1714
16100,price_cut_share,2023,0.1783
16100,price_cut_share,2024,0.1733
16100,price_cut_share,2025,0.1763
16100,price_cut_share,2026,0.1923
16100,price_cut_share,2026-08,0.1885
16140,price_cut_share,2021,0.1266
16140,price_cut_share,2022,0.1627
16140,price_cut_share,2023,0.2048
16140,price_cut_share,2024,0.2147
16140,price_cut_share,2025,0.219
16140,price_cut_share,2026,0.2113
16140,price_cut_share,2026-08,0.3053
16180,price_cut_share,2018,0.1811
16180,price_cut_share,2019,0.2052
16180,price_cut_share,2020,0.1384
16180,price_cut_share,2021,0.153
16180,price_cut_share,2022,0.2685
16180,price_cut_share,2023,0.257
16180,price_cut_share,2024,0.2978
16180,price_cut_share,2025,0.278
16180,price_cut_share,2026,0.2102
16180,price_cut_share,2026-08,0.2275
16220,price_cut_share,2018,0.1701
16220,price_cut_share,2019,0.1789
16220,price_cut_share,2020,0.1521
16220,price_cut_share,2021,0.1598
16220,price_cut_share,2022,0.1908
16220,price_cut_share,2023,0.1906
16220,price_cut_share,2024,0.1949
16220,price_cut_share,2025,0.2224
16220,price_cut_share,2026,0.2127
16220,price_cut_share,2026-08,0.2458
16260,price_cut_share,2018,0.1269
16260,price_cut_share,2019,0.1458
16260,price_cut_share,2020,0.1255
16260,price_cut_share,2021,0.1235
16260,price_cut_share,2022,0.198
16260,price_cut_share,2023,0.1877
16260,price_cut_share,2024,0.2059
16260,price_cut_share,2025,0.2055
16260,price_cut_share,2026,0.2068
16260,price_cut_share,2026-08,0.2214
16300,price_cut_share,2018,0.1856
16300,price_cut_share,2019,0.2015
16300,price_cut_share,2020,0.1697
16300,price_cut_share,2021,0.1444
16300,price_cut_share,2022,0.186
16300,price_cut_share,2023,0.1966
16300,price_cut_share,2024,0.2506
16300,price_cut_share,2025,0.2483
16300,price_cut_share,2026,0.1932
16300,price_cut_share,2026-08,0.2288
16340,price_cut_share,2018,0.1481
16340,price_cut_share,2019,0.1654
16340,price_cut_share,2020,0.1542
16340,price_cut_share,2021,0.1335
16340,price_cut_share,2022,0.2097
16340,price_cut_share,2023,0.2199
16340,price_cut_share,2024,0.2886
16340,price_cut_share,2025,0.2649
16340,price_cut_share,2026,0.2748
16340,price_cut_share,2026-08,0.2961
16380,price_cut_share,2018,0.1355
16380,price_cut_share,2019,0.1525
16380,price_cut_share,2020,0.1408
16380,price_cut_share,2021,0.1554
16380,price_cut_share,2022,0.1734
16380,price_cut_share,2023,0.1748
16380,price_cut_share,2024,0.1935
16380,price_cut_share,2025,0.1975
16380,price_cut_share,2026,0.1933
16380,price_cut_share,2026-08,0.2057
16460,price_cut_share,2018,0.1358
16460,price_cut_share,2019,0.1238
16460,price_cut_share,2020,0.1365
16460,price_cut_share,2021,0.1305
16460,price_cut_share,2022,0.1574
16460,price_cut_share,2023,0.1698
16460,price_cut_share,2024,0.1799
16460,price_cut_share,2025,0.2228
16460,price_cut_share,2026,0.2009
16460,price_cut_share,2026-08,0.2328
16500,price_cut_share,2018,0.19
16500,price_cut_share,2019,0.1935
16500,price_cut_share,2020,0.1782
16500,price_cut_share,2021,0.1742
16500,price_cut_share,2022,0.2517
16500,price_cut_share,2023,0.2478
16500,price_cut_share,2024,0.2608
16500,price_cut_share,2025,0.2622
16500,price_cut_share,2026,0.2459
16500,price_cut_share,2026-08,0.2991
16540,price_cut_share,2018,0.1955
16540,price_cut_share,2019,0.2052
16540,price_cut_share,2020,0.1515
16540,price_cut_share,2021,0.1737
16540,price_cut_share,2022,0.2042
16540,price_cut_share,2023,0.2246
16540,price_cut_share,2024,0.2181
16540,price_cut_share,2025,0.2505
16540,price_cut_share,2026,0.2517
16540,price_cut_share,2026-08,0.279
16580,price_cut_share,2018,0.227
16580,price_cut_share,2019,0.2162
16580,price_cut_share,2020,0.186
16580,price_cut_share,2021,0.1729
16580,price_cut_share,2022,0.2009
16580,price_cut_share,2023,0.1883
16580,price_cut_share,2024,0.215
16580,price_cut_share,2025,0.2213
16580,price_cut_share,2026,0.2239
16580,price_cut_share,2026-08,0.2679
16620,price_cut_share,2018,0.1847
16620,price_cut_share,2019,0.1852
16620,price_cut_share,2020,0.1757
16620,price_cut_share,2021,0.1464
16620,price_cut_share,2022,0.1709
16620,price_cut_share,2023,0.1786
16620,price_cut_share,2024,0.1877
16620,price_cut_share,2025,0.1973
16620,price_cut_share,2026,0.2129
16620,price_cut_share,2026-08,0.2394
16660,price_cut_share,2018,0.1657
16660,price_cut_share,2019,0.1642
16660,price_cut_share,2020,0.161
16660,price_cut_share,2021,0.1489
16660,price_cut_share,2022,0.1658
16660,price_cut_share,2023,0.1737
16660,price_cut_share,2024,0.1853
16660,price_cut_share,2025,0.2268
16660,price_cut_share,2026,0.2023
16660,price_cut_share,2026-08,0.2305
16700,price_cut_share,2018,0.231
16700,price_cut_share,2019,0.2437
16700,price_cut_share,2020,0.2041
16700,price_cut_share,2021,0.1559
16700,price_cut_share,2022,0.2161
16700,price_cut_share,2023,0.2522
16700,price_cut_share,2024,0.2874
16700,price_cut_share,2025,0.266
16700,price_cut_share,2026,0.2346
16700,price_cut_share,2026-08,0.2729
16740,price_cut_share,2018,0.2142
16740,price_cut_share,2019,0.2391
16740,price_cut_share,2020,0.1861
16740,price_cut_share,2021,0.1343
16740,price_cut_share,2022,0.2066
16740,price_cut_share,2023,0.2004
16740,price_cut_share,2024,0.2362
16740,price_cut_share,2025,0.2655
16740,price_cut_share,2026,0.2512
16740,price_cut_share,2026-08,0.2949
16820,price_cut_share,2018,0.1437
16820,price_cut_share,2019,0.142
16820,price_cut_share,2020,0.1283
16820,price_cut_share,2021,0.1197
16820,price_cut_share,2022,0.1401
16820,price_cut_share,2023,0.1639
16820,price_cut_share,2024,0.19
16820,price_cut_share,2025,0.212
16820,price_cut_share,2026,0.2005
16820,price_cut_share,2026-08,0.2592
16860,price_cut_share,2018,0.1809
16860,price_cut_share,2019,0.1894
16860,price_cut_share,2020,0.1581
16860,price_cut_share,2021,0.1524
16860,price_cut_share,2022,0.2002
16860,price_cut_share,2023,0.2256
16860,price_cut_share,2024,0.2544
16860,price_cut_share,2025,0.2974
16860,price_cut_share,2026,0.292
16860,price_cut_share,2026-08,0.3313
16940,price_cut_share,2018,0.1705
16940,price_cut_share,2019,0.1341
16940,price_cut_share,2020,0.1542
16940,price_cut_share,2021,0.1149
16940,price_cut_share,2022,0.204
16940,price_cut_share,2023,0.2332
16940,price_cut_share,2024,0.2264
16940,price_cut_share,2025,0.2306
16940,price_cut_share,2026,0.2034
16940,price_cut_share,2026-08,0.2469
16980,price_cut_share,2018,0.2618
16980,price_cut_share,2019,0.2668
16980,price_cut_share,2020,0.2282
16980,price_cut_share,2021,0.1926
16980,price_cut_share,2022,0.2132
16980,price_cut_share,2023,0.2085
16980,price_cut_share,2024,0.2195
16980,price_cut_share,2025,0.2386
16980,price_cut_share,2026,0.2141
16980,price_cut_share,2026-08,0.2536
17020,price_cut_share,2018,0.2232
17020,price_cut_share,2019,0.2242
17020,price_cut_share,2020,0.1954
17020,price_cut_share,2021,0.1773
17020,price_cut_share,2022,0.2417
17020,price_cut_share,2023,0.2156
17020,price_cut_share,2024,0.2189
17020,price_cut_share,2025,0.2385
17020,price_cut_share,2026,0.2288
17020,price_cut_share,2026-08,0.266
17060,price_cut_share,2018,0.1659
17060,price_cut_share,2019,0.17
17060,price_cut_share,2020,0.1778
17060,price_cut_share,2021,0.1558
17060,price_cut_share,2022,0.1733
17060,price_cut_share,2023,0.2241
17060,price_cut_share,2024,0.2634
17060,price_cut_share,2025,0.2674
17060,price_cut_share,2026,0.2532
17060,price_cut_share,2026-08,0.3009
17140,price_cut_share,2018,0.2318
17140,price_cut_share,2019,0.2343
17140,price_cut_share,2020,0.206
17140,price_cut_share,2021,0.1759
17140,price_cut_share,2022,0.1953
17140,price_cut_share,2023,0.21
17140,price_cut_share,2024,0.2393
17140,price_cut_share,2025,0.2611
17140,price_cut_share,2026,0.2576
17140,price_cut_share,2026-08,0.3103
17220,price_cut_share,2018,0.1557
17220,price_cut_share,2019,0.1613
17220,price_cut_share,2020,0.1347
17220,price_cut_share,2021,0.1267
17220,price_cut_share,2022,0.1395
17220,price_cut_share,2023,0.1965
17220,price_cut_share,2024,0.2156
17220,price_cut_share,2025,0.252
17220,price_cut_share,2026,0.2393
17220,price_cut_share,2026-08,0.2835
17260,price_cut_share,2023,0.1587
17260,price_cut_share,2024,0.1541
17260,price_cut_share,2025,0.1696
17260,price_cut_share,2026,0.1423
17260,price_cut_share,2026-08,0.1629
17300,price_cut_share,2018,0.1427
17300,price_cut_share,2019,0.1331
17300,price_cut_share,2020,0.0997
17300,price_cut_share,2021,0.0992
17300,price_cut_share,2022,0.2111
17300,price_cut_share,2023,0.2508
17300,price_cut_share,2024,0.2872
17300,price_cut_share,2025,0.2808
17300,price_cut_share,2026,0.2673
17300,price_cut_share,2026-08,0.3215
17340,price_cut_share,2018,0.1994
17340,price_cut_share,2019,0.1884
17340,price_cut_share,2020,0.1318
17340,price_cut_share,2021,0.1408
17340,price_cut_share,2022,0.2163
17340,price_cut_share,2023,0.1957
17340,price_cut_share,2024,0.2021
17340,price_cut_share,2025,0.2096
17340,price_cut_share,2026,0.191
17340,price_cut_share,2026-08,0.2285
17380,price_cut_share,2023,0.1098
17380,price_cut_share,2024,0.1431
17380,price_cut_share,2025,0.1705
17380,price_cut_share,2026,0.1616
17380,price_cut_share,2026-08,0.2046
17410,price_cut_share,2018,0.1789
17410,price_cut_share,2019,0.182
17410,price_cut_share,2020,0.1615
17410,price_cut_share,2021,0.1607
17410,price_cut_share,2022,0.1849
17410,price_cut_share,2023,0.1958
17410,price_cut_share,2024,0.2125
17410,price_cut_share,2025,0.2267
17410,price_cut_share,2026,0.2097
17410,price_cut_share,2026-08,0.2448
17420,price_cut_share,2018,0.1763
17420,price_cut_share,2019,0.1614
17420,price_cut_share,2020,0.125
17420,price_cut_share,2021,0.1474
17420,price_cut_share,2022,0.2141
17420,price_cut_share,2023,0.2193
17420,price_cut_share,2024,0.2612
17420,price_cut_share,2025,0.2947
17420,price_cut_share,2026,0.3075
17420,price_cut_share,2026-08,0.3278
17500,price_cut_share,2018,0.1278
17500,price_cut_share,2019,0.1403
17500,price_cut_share,2020,0.1363
17500,price_cut_share,2021,0.0854
17500,price_cut_share,2022,0.1001
17500,price_cut_share,2023,0.1156
17500,price_cut_share,2024,0.1751
17500,price_cut_share,2025,0.2037
17500,price_cut_share,2026,0.1853
17500,price_cut_share,2026-08,0.1993
17540,price_cut_share,2018,0.1823
17540,price_cut_share,2019,0.1787
17540,price_cut_share,2020,0.1729
17540,price_cut_share,2021,0.1579
17540,price_cut_share,2022,0.1951
17540,price_cut_share,2023,0.2021
17540,price_cut_share,2024,0.2207
17540,price_cut_share,2025,0.2375
17540,price_cut_share,2026,0.2069
17540,price_cut_share,2026-08,0.2547
17580,price_cut_share,2018,0.1418
17580,price_cut_share,2019,0.1462
17580,price_cut_share,2020,0.1365
17580,price_cut_share,2021,0.1089
17580,price_cut_share,2022,0.1508
17580,price_cut_share,2023,0.165
17580,price_cut_share,2024,0.2071
17580,price_cut_share,2025,0.2129
17580,price_cut_share,2026,0.1893
17580,price_cut_share,2026-08,0.2177
17660,price_cut_share,2018,0.1431
17660,price_cut_share,2019,0.1647
17660,price_cut_share,2020,0.1055
17660,price_cut_share,2021,0.1734
17660,price_cut_share,2022,0.2637
17660,price_cut_share,2023,0.2373
17660,price_cut_share,2024,0.2192
17660,price_cut_share,2025,0.203
17660,price_cut_share,2026,0.1864
17660,price_cut_share,2026-08,0.2663
17740,price_cut_share,2018,0.1586
17740,price_cut_share,2019,0.1793
17740,price_cut_share,2020,0.1603
17740,price_cut_share,2021,0.137
17740,price_cut_share,2022,0.1956
17740,price_cut_share,2023,0.2029
17740,price_cut_share,2024,0.2353
17740,price_cut_share,2025,0.2473
17740,price_cut_share,2026,0.2474
17740,price_cut_share,2026-08,0.3325
17780,price_cut_share,2018,0.1634
17780,price_cut_share,2019,0.1686
17780,price_cut_share,2020,0.1432
17780,price_cut_share,2021,0.0989
17780,price_cut_share,2022,0.1294
17780,price_cut_share,2023,0.1585
17780,price_cut_share,2024,0.1745
17780,price_cut_share,2025,0.177
17780,price_cut_share,2026,0.2017
17780,price_cut_share,2026-08,0.2371
17820,price_cut_share,2018,0.2001
17820,price_cut_share,2019,0.1888
17820,price_cut_share,2020,0.1287
17820,price_cut_share,2021,0.1125
17820,price_cut_share,2022,0.249
17820,price_cut_share,2023,0.2915
17820,price_cut_share,2024,0.296
17820,price_cut_share,2025,0.317
17820,price_cut_share,2026,0.3042
17820,price_cut_share,2026-08,0.3794
17860,price_cut_share,2018,0.1984
17860,price_cut_share,2019,0.186
17860,price_cut_share,2020,0.1554
17860,price_cut_share,2021,0.1282
17860,price_cut_share,2022,0.1715
17860,price_cut_share,2023,0.2129
17860,price_cut_share,2024,0.1951
17860,price_cut_share,2025,0.2107
17860,price_cut_share,2026,0.2025
17860,price_cut_share,2026-08,0.2653
17900,price_cut_share,2018,0.1752
17900,price_cut_share,2019,0.1804
17900,price_cut_share,2020,0.1728
17900,price_cut_share,2021,0.1283
17900,price_cut_share,2022,0.1833
17900,price_cut_share,2023,0.2409
17900,price_cut_share,2024,0.276
17900,price_cut_share,2025,0.2826
17900,price_cut_share,2026,0.2786
17900,price_cut_share,2026-08,0.3301
17980,price_cut_share,2018,0.1419
17980,price_cut_share,2019,0.1437
17980,price_cut_share,2020,0.1273
17980,price_cut_share,2021,0.1156
17980,price_cut_share,2022,0.1408
17980,price_cut_share,2023,0.1678
17980,price_cut_share,2024,0.2063
17980,price_cut_share,2025,0.2132
17980,price_cut_share,2026,0.2025
17980,price_cut_share,2026-08,0.2364
18020,price_cut_share,2018,0.2133
18020,price_cut_share,2019,0.204
18020,price_cut_share,2020,0.2231
18020,price_cut_share,2021,0.1927
18020,price_cut_share,2022,0.212
18020,price_cut_share,2023,0.2504
18020,price_cut_share,2024,0.2408
18020,price_cut_share,2025,0.2753
18020,price_cut_share,2026,0.2853
18020,price_cut_share,2026-08,0.3288
18060,price_cut_share,2018,0.1363
18060,price_cut_share,2019,0.1616
18060,price_cut_share,2020,0.1508
18060,price_cut_share,2021,0.1116
18060,price_cut_share,2022,0.1684
18060,price_cut_share,2023,0.186
18060,price_cut_share,2024,0.1931
18060,price_cut_share,2025,0.1979
18060,price_cut_share,2026,0.2207
18060,price_cut_share,2026-08,0.2718
18100,price_cut_share,2018,0.1395
18100,price_cut_share,2019,0.163
18100,price_cut_share,2020,0.1487
18100,price_cut_share,2021,0.134
18100,price_cut_share,2022,0.1486
18100,price_cut_share,2023,0.1634
18100,price_cut_share,2024,0.2217
18100,price_cut_share,2025,0.2628
18100,price_cut_share,2026,0.233
18100,price_cut_share,2026-08,0.2588
18140,price_cut_share,2018,0.2294
18140,price_cut_share,2019,0.2394
18140,price_cut_share,2020,0.1935
18140,price_cut_share,2021,0.161
18140,price_cut_share,2022,0.1909
18140,price_cut_share,2023,0.2254
18140,price_cut_share,2024,0.2653
18140,price_cut_share,2025,0.2922
18140,price_cut_share,2026,0.271
18140,price_cut_share,2026-08,0.339
18180,price_cut_share,2018,0.1608
18180,price_cut_share,2019,0.1296
18180,price_cut_share,2020,0.0941
18180,price_cut_share,2021,0.1171
18180,price_cut_share,2022,0.1373
18180,price_cut_share,2023,0.1397
18180,price_cut_share,2024,0.1575
18180,price_cut_share,2025,0.1952
18180,price_cut_share,2026,0.1751
18180,price_cut_share,2026-08,0.2382
18220,price_cut_share,2018,0.1155
18220,price_cut_share,2019,0.1436
18220,price_cut_share,2020,0.1209
18220,price_cut_share,2021,0.1501
18220,price_cut_share,2022,0.1914
18220,price_cut_share,2023,0.2289
18220,price_cut_share,2024,0.2225
18220,price_cut_share,2025,0.2419
18220,price_cut_share,2026,0.237
18220,price_cut_share,2026-08,0.2585
18260,price_cut_share,2018,0.1466
18260,price_cut_share,2019,0.1565
18260,price_cut_share,2020,0.138
18260,price_cut_share,2021,0.1388
18260,price_cut_share,2022,0.2058
18260,price_cut_share,2023,0.2237
18260,price_cut_share,2024,0.2598
18260,price_cut_share,2025,0.2789
18260,price_cut_share,2026,0.266
18260,price_cut_share,2026-08,0.3031
18300,price_cut_share,2018,0.1697
18300,price_cut_share,2019,0.1737
18300,price_cut_share,2020,0.1342
18300,price_cut_share,2021,0.1384
18300,price_cut_share,2022,0.1783
18300,price_cut_share,2023,0.2177
18300,price_cut_share,2024,0.2264
18300,price_cut_share,2025,0.2196
18300,price_cut_share,2026,0.2263
18300,price_cut_share,2026-08,0.2814
18380,price_cut_share,2018,0.1025
18380,price_cut_share,2019,0.1078
18380,price_cut_share,2020,0.0837
18380,price_cut_share,2021,0.0887
18380,price_cut_share,2022,0.0928
18380,price_cut_share,2023,0.1267
18380,price_cut_share,2024,0.1633
18380,price_cut_share,2025,0.1611
18380,price_cut_share,2026,0.1922
18380,price_cut_share,2026-08,0.221
18420,price_cut_share,2018,0.1252
18420,price_cut_share,2019,0.1187
18420,price_cut_share,2020,0.1129
18420,price_cut_share,2021,0.1089
18420,price_cut_share,2022,0.1644
18420,price_cut_share,2023,0.1643
18420,price_cut_share,2024,0.193
18420,price_cut_share,2025,0.2094
18420,price_cut_share,2026,0.1833
18420,price_cut_share,2026-08,0.2329
18460,price_cut_share,2018,0.1278
18460,price_cut_share,2019,0.1443
18460,price_cut_share,2020,0.1156
18460,price_cut_share,2021,0.1032
18460,price_cut_share,2022,0.1337
18460,price_cut_share,2023,0.1669
18460,price_cut_share,2024,0.2271
18460,price_cut_share,2025,0.2429
18460,price_cut_share,2026,0.2504
18460,price_cut_share,2026-08,0.2761
18500,price_cut_share,2018,0.1622
18500,price_cut_share,2019,0.1566
18500,price_cut_share,2020,0.1442
18500,price_cut_share,2021,0.1585
18500,price_cut_share,2022,0.1896
18500,price_cut_share,2023,0.2037
18500,price_cut_share,2024,0.2076
18500,price_cut_share,2025,0.2021
18500,price_cut_share,2026,0.1705
18500,price_cut_share,2026-08,0.2194
18580,price_cut_share,2018,0.169
18580,price_cut_share,2019,0.1706
18580,price_cut_share,2020,0.1455
18580,price_cut_share,2021,0.1461
18580,price_cut_share,2022,0.194
18580,price_cut_share,2023,0.2247
18580,price_cut_share,2024,0.2161
18580,price_cut_share,2025,0.2146
18580,price_cut_share,2026,0.21
18580,price_cut_share,2026-08,0.2309
18620,price_cut_share,2018,0.1285
18620,price_cut_share,2019,0.1651
18620,price_cut_share,2020,0.1299
18620,price_cut_share,2021,0.1185
18620,price_cut_share,2022,0.1851
18620,price_cut_share,2023,0.2127
18620,price_cut_share,2024,0.2259
18620,price_cut_share,2025,0.2337
18620,price_cut_share,2026,0.2127
18620,price_cut_share,2026-08,0.2272
18660,price_cut_share,2018,0.136
18660,price_cut_share,2019,0.1431
18660,price_cut_share,2020,0.1273
18660,price_cut_share,2021,0.1359
18660,price_cut_share,2022,0.1701
18660,price_cut_share,2023,0.1778
18660,price_cut_share,2024,0.1688
18660,price_cut_share,2025,0.1907
18660,price_cut_share,2026,0.191
18660,price_cut_share,2026-08,0.2517
18700,price_cut_share,2018,0.1375
18700,price_cut_share,2019,0.1566
18700,price_cut_share,2020,0.129
18700,price_cut_share,2021,0.0993
18700,price_cut_share,2022,0.1631
18700,price_cut_share,2023,0.203
18700,price_cut_share,2024,0.1824
18700,price_cut_share,2025,0.2321
18700,price_cut_share,2026,0.2213
18700,price_cut_share,2026-08,0.3055
18740,price_cut_share,2018,0.1324
18740,price_cut_share,2019,0.1581
18740,price_cut_share,2020,0.1462
18740,price_cut_share,2021,0.1562
18740,price_cut_share,2022,0.2097
18740,price_cut_share,2023,0.1686
18740,price_cut_share,2024,0.1982
18740,price_cut_share,2025,0.2345
18740,price_cut_share,2026,0.166
18740,price_cut_share,2026-08,0.1911
18820,price_cut_share,2018,0.1725
18820,price_cut_share,2019,0.1912
18820,price_cut_share,2020,0.1772
18820,price_cut_share,2021,0.1949
18820,price_cut_share,2022,0.2197
18820,price_cut_share,2023,0.2116
18820,price_cut_share,2024,0.2501
18820,price_cut_share,2025,0.2724
18820,price_cut_share,2026,0.2192
18820,price_cut_share,2026-08,0.2719
18860,price_cut_share,2018,0.1598
18860,price_cut_share,2019,0.1315
18860,price_cut_share,2020,0.1084
18860,price_cut_share,2021,0.1129
18860,price_cut_share,2022,0.1877
18860,price_cut_share,2023,0.1974
18860,price_cut_share,2024,0.1777
18860,price_cut_share,2025,0.1572
18860,price_cut_share,2026,0.1905
18860,price_cut_share,2026-08,0.2223
18880,price_cut_share,2018,0.1732
18880,price_cut_share,2019,0.167
18880,price_cut_share,2020,0.1385
18880,price_cut_share,2021,0.1254
18880,price_cut_share,2022,0.2049
18880,price_cut_share,2023,0.2471
18880,price_cut_share,2024,0.2398
18880,price_cut_share,2025,0.2256
18880,price_cut_share,2026,0.2118
18880,price_cut_share,2026-08,0.2311
18900,price_cut_share,2018,0.1393
18900,price_cut_share,2019,0.1377
18900,price_cut_share,2020,0.1273
18900,price_cut_share,2021,0.1337
18900,price_cut_share,2022,0.177
18900,price_cut_share,2023,0.2092
18900,price_cut_share,2024,0.2172
18900,price_cut_share,2025,0.2277
18900,price_cut_share,2026,0.2388
18900,price_cut_share,2026-08,0.2798
18980,price_cut_share,2018,0.1066
18980,price_cut_share,2019,0.1261
18980,price_cut_share,2020,0.1052
18980,price_cut_share,2021,0.1143
18980,price_cut_share,2022,0.1627
18980,price_cut_share,2023,0.1912
18980,price_cut_share,2024,0.2125
18980,price_cut_share,2025,0.2065
18980,price_cut_share,2026,0.2053
18980,price_cut_share,2026-08,0.232
19060,price_cut_share,2018,0.1548
19060,price_cut_share,2019,0.1565
19060,price_cut_share,2020,0.1413
19060,price_cut_share,2021,0.1284
19060,price_cut_share,2022,0.1658
19060,price_cut_share,2023,0.1792
19060,price_cut_share,2024,0.2102
19060,price_cut_share,2025,0.2173
19060,price_cut_share,2026,0.2277
19060,price_cut_share,2026-08,0.2636
19100,price_cut_share,2018,0.2324
19100,price_cut_share,2019,0.2409
19100,price_cut_share,2020,0.1906
19100,price_cut_share,2021,0.1154
19100,price_cut_share,2022,0.2144
19100,price_cut_share,2023,0.2804
19100,price_cut_share,2024,0.2987
19100,price_cut_share,2025,0.3099
19100,price_cut_share,2026,0.2903
19100,price_cut_share,2026-08,0.3435
19140,price_cut_share,2018,0.1405
19140,price_cut_share,2019,0.1612
19140,price_cut_share,2020,0.1426
19140,price_cut_share,2021,0.1545
19140,price_cut_share,2022,0.2008
19140,price_cut_share,2023,0.1977
19140,price_cut_share,2024,0.2369
19140,price_cut_share,2025,0.25
19140,price_cut_share,2026,0.2374
19140,price_cut_share,2026-08,0.2732
19180,price_cut_share,2018,0.1621
19180,price_cut_share,2019,0.1668
19180,price_cut_share,2020,0.1416
19180,price_cut_share,2021,0.1448
19180,price_cut_share,2022,0.1765
19180,price_cut_share,2023,0.1711
19180,price_cut_share,2024,0.2117
19180,price_cut_share,2025,0.1966
19180,price_cut_share,2026,0.1927
19180,price_cut_share,2026-08,0.2463
19220,price_cut_share,2018,0.1542
19220,price_cut_share,2019,0.1736
19220,price_cut_share,2020,0.1472
19220,price_cut_share,2021,0.1532
19220,price_cut_share,2022,0.192
19220,price_cut_share,2023,0.2166
19220,price_cut_share,2024,0.2405
19220,price_cut_share,2025,0.2596
19220,price_cut_share,2026,0.2592
19220,price_cut_share,2026-08,0.3208
19260,price_cut_share,2018,0.1208
19260,price_cut_share,2019,0.1304
19260,price_cut_share,2020,0.1123
19260,price_cut_share,2021,0.0999
19260,price_cut_share,2022,0.1405
19260,price_cut_share,2023,0.1531
19260,price_cut_share,2024,0.2013
19260,price_cut_share,2025,0.2016
19260,price_cut_share,2026,0.2121
19260,price_cut_share,2026-08,0.2284
19300,price_cut_share,2018,0.1646
19300,price_cut_share,2019,0.1725
19300,price_cut_share,2020,0.1446
19300,price_cut_share,2021,0.1429
19300,price_cut_share,2022,0.1993
19300,price_cut_share,2023,0.2249
19300,price_cut_share,2024,0.2166
19300,price_cut_share,2025,0.2194
19300,price_cut_share,2026,0.2072
19300,price_cut_share,2026-08,0.2205
19340,price_cut_share,2018,0.196
19340,price_cut_share,2019,0.1978
19340,price_cut_share,2020,0.1852
19340,price_cut_share,2021,0.1947
19340,price_cut_share,2022,0.1921
19340,price_cut_share,2023,0.1892
19340,price_cut_share,2024,0.2092
19340,price_cut_share,2025,0.2311
19340,price_cut_share,2026,0.2118
19340,price_cut_share,2026-08,0.2463
19430,price_cut_share,2018,0.2079
19430,price_cut_share,2019,0.2144
19430,price_cut_share,2020,0.1945
19430,price_cut_share,2021,0.1699
19430,price_cut_share,2022,0.1917
19430,price_cut_share,2023,0.2242
19430,price_cut_share,2024,0.2633
19430,price_cut_share,2025,0.2847
19430,price_cut_share,2026,0.2682
19430,price_cut_share,2026-08,0.3324
19460,price_cut_share,2018,0.1675
19460,price_cut_share,2019,0.1646
19460,price_cut_share,2020,0.1505
19460,price_cut_share,2021,0.1348
19460,price_cut_share,2022,0.2041
19460,price_cut_share,2023,0.229
19460,price_cut_share,2024,0.2467
19460,price_cut_share,2025,0.2627
19460,price_cut_share,2026,0.2532
19460,price_cut_share,2026-08,0.2852
19500,price_cut_share,2018,0.2081
19500,price_cut_share,2019,0.2068
19500,price_cut_share,2020,0.1772
19500,price_cut_share,2021,0.1641
19500,price_cut_share,2022,0.2054
19500,price_cut_share,2023,0.1958
19500,price_cut_share,2024,0.2177
19500,price_cut_share,2025,0.2327
19500,price_cut_share,2026,0.2365
19500,price_cut_share,2026-08,0.2892
19540,price_cut_share,2018,0.1621
19540,price_cut_share,2019,0.2169
19540,price_cut_share,2020,0.1735
19540,price_cut_share,2021,0.1955
19540,price_cut_share,2022,0.2461
19540,price_cut_share,2023,0.2266
19540,price_cut_share,2024,0.2338
19540,price_cut_share,2025,0.2799
19540,price_cut_share,2026,0.236
19540,price_cut_share,2026-08,0.32
19580,price_cut_share,2018,0.1633
19580,price_cut_share,2019,0.1912
19580,price_cut_share,2020,0.1566
19580,price_cut_share,2021,0.1621
19580,price_cut_share,2022,0.2136
19580,price_cut_share,2023,0.1844
19580,price_cut_share,2024,0.2234
19580,price_cut_share,2025,0.2172
19580,price_cut_share,2026,0.1979
19580,price_cut_share,2026-08,0.2353
19620,price_cut_share,2018,0.119
19620,price_cut_share,2019,0.1045
19620,price_cut_share,2020,0.1045
19620,price_cut_share,2021,0.0981
19620,price_cut_share,2022,0.1318
19620,price_cut_share,2023,0.1645
19620,price_cut_share,2024,0.1652
19620,price_cut_share,2025,0.1618
19620,price_cut_share,2026,0.1547
19620,price_cut_share,2026-08,0.1586
19660,price_cut_share,2018,0.2124
19660,price_cut_share,2019,0.2208
19660,price_cut_share,2020,0.1914
19660,price_cut_share,2021,0.1497
19660,price_cut_share,2022,0.2152
19660,price_cut_share,2023,0.2665
19660,price_cut_share,2024,0.2742
19660,price_cut_share,2025,0.281
19660,price_cut_share,2026,0.259
19660,price_cut_share,2026-08,0.2723
19700,price_cut_share,2018,0.078
19700,price_cut_share,2019,0.0981
19700,price_cut_share,2020,0.0966
19700,price_cut_share,2021,0.0978
19700,price_cut_share,2022,0.1026
19700,price_cut_share,2023,0.1461
19700,price_cut_share,2024,0.1297
19700,price_cut_share,2025,0.159
19700,price_cut_share,2026,0.1396
19700,price_cut_share,2026-08,0.1361
19740,price_cut_share,2018,0.2413
19740,price_cut_share,2019,0.2637
19740,price_cut_share,2020,0.1981
19740,price_cut_share,2021,0.1334
19740,price_cut_share,2022,0.2311
19740,price_cut_share,2023,0.2567
19740,price_cut_share,2024,0.2939
19740,price_cut_share,2025,0.3262
19740,price_cut_share,2026,0.2965
19740,price_cut_share,2026-08,0.3597
19760,price_cut_share,2018,0.1133
19760,price_cut_share,2019,0.1228
19760,price_cut_share,2020,0.0993
19760,price_cut_share,2021,0.1075
19760,price_cut_share,2022,0.1424
19760,price_cut_share,2023,0.1514
19760,price_cut_share,2024,0.1438
19760,price_cut_share,2025,0.1743
19760,price_cut_share,2026,0.1652
19760,price_cut_share,2026-08,0.1645
19780,price_cut_share,2018,0.1979
19780,price_cut_share,2019,0.2228
19780,price_cut_share,2020,0.1919
19780,price_cut_share,2021,0.1727
19780,price_cut_share,2022,0.2088
19780,price_cut_share,2023,0.2203
19780,price_cut_share,2024,0.2634
19780,price_cut_share,2025,0.2834
19780,price_cut_share,2026,0.2683
19780,price_cut_share,2026-08,0.319
19820,price_cut_share,2018,0.2292
19820,price_cut_share,2019,0.2436
19820,price_cut_share,2020,0.1872
19820,price_cut_share,2021,0.1599
19820,price_cut_share,2022,0.2017
19820,price_cut_share,2023,0.1979
19820,price_cut_share,2024,0.21
19820,price_cut_share,2025,0.2319
19820,price_cut_share,2026,0.2295
19820,price_cut_share,2026-08,0.2782
19860,price_cut_share,2018,0.1615
19860,price_cut_share,2019,0.14
19860,price_cut_share,2020,0.1343
19860,price_cut_share,2021,0.1659
19860,price_cut_share,2022,0.1842
19860,price_cut_share,2023,0.1945
19860,price_cut_share,2024,0.18
19860,price_cut_share,2025,0.2243
19860,price_cut_share,2026,0.2131
19860,price_cut_share,2026-08,0.2518
19940,price_cut_share,2018,0.2134
19940,price_cut_share,2019,0.1993
19940,price_cut_share,2020,0.2036
19940,price_cut_share,2021,0.199
19940,price_cut_share,2022,0.2112
19940,price_cut_share,2023,0.185
19940,price_cut_share,2024,0.1956
19940,price_cut_share,2025,0.2136
19940,price_cut_share,2026,0.2124
19940,price_cut_share,2026-08,0.2528
19980,price_cut_share,2018,0.1636
19980,price_cut_share,2019,0.1697
19980,price_cut_share,2020,0.0852
19980,price_cut_share,2021,0.0634
19980,price_cut_share,2022,0.1217
19980,price_cut_share,2023,0.1594
19980,price_cut_share,2024,0.1739
19980,price_cut_share,2025,0.1931
19980,price_cut_share,2026,0.1892
19980,price_cut_share,2026-08,0.2303
20020,price_cut_share,2018,0.1491
20020,price_cut_share,2019,0.154
20020,price_cut_share,2020,0.1522
20020,price_cut_share,2021,0.1401
20020,price_cut_share,2022,0.1632
20020,price_cut_share,2023,0.1771
20020,price_cut_share,2024,0.2005
20020,price_cut_share,2025,0.2353
20020,price_cut_share,2026,0.2304
20020,price_cut_share,2026-08,0.2538
20060,price_cut_share,2018,0.1247
20060,price_cut_share,2019,0.1429
20060,price_cut_share,2020,0.1259
20060,price_cut_share,2021,0.1373
20060,price_cut_share,2022,0.1586
20060,price_cut_share,2023,0.1737
20060,price_cut_share,2024,0.1885
20060,price_cut_share,2025,0.1921
20060,price_cut_share,2026,0.2492
20060,price_cut_share,2026-08,0.2689
20100,price_cut_share,2018,0.2006
20100,price_cut_share,2019,0.2028
20100,price_cut_share,2020,0.1511
20100,price_cut_share,2021,0.1304
20100,price_cut_share,2022,0.203
20100,price_cut_share,2023,0.2205
20100,price_cut_share,2024,0.2652
20100,price_cut_share,2025,0.2846
20100,price_cut_share,2026,0.2486
20100,price_cut_share,2026-08,0.3024
20140,price_cut_share,2018,0.0928
20140,price_cut_share,2019,0.1039
20140,price_cut_share,2020,0.1205
20140,price_cut_share,2021,0.1004
20140,price_cut_share,2022,0.1537
20140,price_cut_share,2023,0.1795
20140,price_cut_share,2024,0.1859
20140,price_cut_share,2025,0.209
20140,price_cut_share,2026,0.2135
20140,price_cut_share,2026-08,0.2357
20180,price_cut_share,2018,0.1316
20180,price_cut_share,2019,0.1279
20180,price_cut_share,2020,0.1242
20180,price_cut_share,2021,0.1313
20180,price_cut_share,2022,0.1718
20180,price_cut_share,2023,0.2
20180,price_cut_share,2024,0.1816
20180,price_cut_share,2025,0.1815
20180,price_cut_share,2026,0.1556
20180,price_cut_share,2026-08,0.2045
20220,price_cut_share,2018,0.22
20220,price_cut_share,2019,0.2039
20220,price_cut_share,2020,0.2066
20220,price_cut_share,2021,0.1558
20220,price_cut_share,2022,0.1787
20220,price_cut_share,2023,0.2112
20220,price_cut_share,2024,0.2764
20220,price_cut_share,2025,0.2557
20220,price_cut_share,2026,0.2461
20220,price_cut_share,2026-08,0.2926
20260,price_cut_share,2018,0.1634
20260,price_cut_share,2019,0.156
20260,price_cut_share,2020,0.1431
20260,price_cut_share,2021,0.1129
20260,price_cut_share,2022,0.1435
20260,price_cut_share,2023,0.1595
20260,price_cut_share,2024,0.1817
20260,price_cut_share,2025,0.1871
20260,price_cut_share,2026,0.1809
20260,price_cut_share,2026-08,0.2622
20300,price_cut_share,2018,0.1324
20300,price_cut_share,2019,0.11
20300,price_cut_share,2020,0.1268
20300,price_cut_share,2021,0.0965
20300,price_cut_share,2022,0.1562
20300,price_cut_share,2023,0.1392
20300,price_cut_share,2024,0.1535
20300,price_cut_share,2025,0.1665
20300,price_cut_share,2026,0.1967
20300,price_cut_share,2026-08,0.2515
20340,price_cut_share,2018,0.1411
20340,price_cut_share,2019,0.1359
20340,price_cut_share,2020,0.1145
20340,price_cut_share,2021,0.112
20340,price_cut_share,2022,0.15
20340,price_cut_share,2023,0.1603
20340,price_cut_share,2024,0.1862
20340,price_cut_share,2025,0.1943
20340,price_cut_share,2026,0.2066
20340,price_cut_share,2026-08,0.2337
20420,price_cut_share,2018,0.1384
20420,price_cut_share,2019,0.1517
20420,price_cut_share,2020,0.1188
20420,price_cut_share,2021,0.114
20420,price_cut_share,2022,0.1464
20420,price_cut_share,2023,0.1567
20420,price_cut_share,2024,0.1686
20420,price_cut_share,2025,0.1807
20420,price_cut_share,2026,0.1807
20420,price_cut_share,2026-08,0.2405
20460,price_cut_share,2018,0.1198
20460,price_cut_share,2019,0.1358
20460,price_cut_share,2020,0.112
20460,price_cut_share,2021,0.1157
20460,price_cut_share,2022,0.1578
20460,price_cut_share,2023,0.1857
20460,price_cut_share,2024,0.2069
20460,price_cut_share,2025,0.2096
20460,price_cut_share,2026,0.2028
20460,price_cut_share,2026-08,0.2466
20500,price_cut_share,2018,0.1768
20500,price_cut_share,2019,0.2031
20500,price_cut_share,2020,0.1812
20500,price_cut_share,2021,0.121
20500,price_cut_share,2022,0.195
20500,price_cut_share,2023,0.2217
20500,price_cut_share,2024,0.2415
20500,price_cut_share,2025,0.2847
20500,price_cut_share,2026,0.2761
20500,price_cut_share,2026-08,0.3308
20540,price_cut_share,2018,0.1382
20540,price_cut_share,2019,0.152
20540,price_cut_share,2020,0.1099
20540,price_cut_share,2021,0.1168
20540,price_cut_share,2022,0.1499
20540,price_cut_share,2023,0.1837
20540,price_cut_share,2024,0.2239
20540,price_cut_share,2025,0.2005
20540,price_cut_share,2026,0.2059
20540,price_cut_share,2026-08,0.2434
20580,price_cut_share,2018,0.0781
20580,price_cut_share,2019,0.076
20580,price_cut_share,2020,0.0689
20580,price_cut_share,2021,0.0733
20580,price_cut_share,2022,0.0838
20580,price_cut_share,2023,0.0872
20580,price_cut_share,2024,0.0947
20580,price_cut_share,2025,0.1095
20580,price_cut_share,2026,0.1144
20580,price_cut_share,2026-08,0.1177
20660,price_cut_share,2018,0.1343
20660,price_cut_share,2019,0.1512
20660,price_cut_share,2020,0.1263
20660,price_cut_share,2021,0.1469
20660,price_cut_share,2022,0.1815
20660,price_cut_share,2023,0.196
20660,price_cut_share,2024,0.1886
20660,price_cut_share,2025,0.2298
20660,price_cut_share,2026,0.2101
20660,price_cut_share,2026-08,0.248
20700,price_cut_share,2018,0.1563
20700,price_cut_share,2019,0.163
20700,price_cut_share,2020,0.1088
20700,price_cut_share,2021,0.1107
20700,price_cut_share,2022,0.1643
20700,price_cut_share,2023,0.1887
20700,price_cut_share,2024,0.2105
20700,price_cut_share,2025,0.2044
20700,price_cut_share,2026,0.1705
20700,price_cut_share,2026-08,0.2174
20740,price_cut_share,2018,0.1379
20740,price_cut_share,2019,0.1286
20740,price_cut_share,2020,0.1237
20740,price_cut_share,2021,0.0947
20740,price_cut_share,2022,0.1037
20740,price_cut_share,2023,0.097
20740,price_cut_share,2024,0.1696
20740,price_cut_share,2025,0.18
20740,price_cut_share,2026,0.1538
20740,price_cut_share,2026-08,0.1899
20780,price_cut_share,2018,0.1125
20780,price_cut_share,2019,0.1195
20780,price_cut_share,2020,0.0892
20780,price_cut_share,2021,0.0887
20780,price_cut_share,2022,0.1357
20780,price_cut_share,2023,0.1301
20780,price_cut_share,2024,0.1284
20780,price_cut_share,2025,0.1509
20780,price_cut_share,2026,0.1508
20780,price_cut_share,2026-08,0.2209
20820,price_cut_share,2018,0.208
20820,price_cut_share,2019,0.1975
20820,price_cut_share,2020,0.1806
20820,price_cut_share,2021,0.1546
20820,price_cut_share,2022,0.1674
20820,price_cut_share,2023,0.2129
20820,price_cut_share,2024,0.2678
20820,price_cut_share,2025,0.25
20820,price_cut_share,2026,0.2454
20820,price_cut_share,2026-08,0.3023
20900,price_cut_share,2018,0.1367
20900,price_cut_share,2019,0.1193
20900,price_cut_share,2020,0.1037
20900,price_cut_share,2021,0.1228
20900,price_cut_share,2022,0.1838
20900,price_cut_share,2023,0.162
20900,price_cut_share,2024,0.1963
20900,price_cut_share,2025,0.1978
20900,price_cut_share,2026,0.1808
20900,price_cut_share,2026-08,0.1983
20940,price_cut_share,2018,0.1605
20940,price_cut_share,2019,0.1474
20940,price_cut_share,2020,0.1326
20940,price_cut_share,2021,0.0847
20940,price_cut_share,2022,0.1265
20940,price_cut_share,2023,0.1314
20940,price_cut_share,2024,0.1162
20940,price_cut_share,2025,0.1787
20940,price_cut_share,2026,0.1653
20940,price_cut_share,2026-08,0.1821
20980,price_cut_share,2018,0.0984
20980,price_cut_share,2019,0.0904
20980,price_cut_share,2020,0.1012
20980,price_cut_share,2021,0.0838
20980,price_cut_share,2022,0.1144
20980,price_cut_share,2023,0.1152
20980,price_cut_share,2024,0.1291
20980,price_cut_share,2025,0.1629
20980,price_cut_share,2026,0.1533
20980,price_cut_share,2026-08,0.1772
21020,price_cut_share,2018,0.1405
21020,price_cut_share,2019,0.1225
21020,price_cut_share,2020,0.1078
21020,price_cut_share,2021,0.1166
21020,price_cut_share,2022,0.1607
21020,price_cut_share,2023,0.1661
21020,price_cut_share,2024,0.2181
21020,price_cut_share,2025,0.2264
21020,price_cut_share,2026,0.1744
21020,price_cut_share,2026-08,0.2337
21060,price_cut_share,2018,0.1786
21060,price_cut_share,2019,0.1797
21060,price_cut_share,2020,0.1499
21060,price_cut_share,2021,0.1418
21060,price_cut_share,2022,0.1835
21060,price_cut_share,2023,0.2244
21060,price_cut_share,2024,0.2647
21060,price_cut_share,2025,0.2946
21060,price_cut_share,2026,0.2614
21060,price_cut_share,2026-08,0.2966
21120,price_cut_share,2018,0.1376
21120,price_cut_share,2019,0.1435
21120,price_cut_share,2020,0.1111
21120,price_cut_share,2021,0.1228
21120,price_cut_share,2022,0.1421
21120,price_cut_share,2023,0.1564
21120,price_cut_share,2024,0.1799
21120,price_cut_share,2025,0.1996
21120,price_cut_share,2026,0.1979
21120,price_cut_share,2026-08,0.189
21140,price_cut_share,2018,0.1972
21140,price_cut_share,2019,0.2119
21140,price_cut_share,2020,0.1733
21140,price_cut_share,2021,0.1329
21140,price_cut_share,2022,0.1741
21140,price_cut_share,2023,0.2303
21140,price_cut_share,2024,0.2376
21140,price_cut_share,2025,0.241
21140,price_cut_share,2026,0.2016
21140,price_cut_share,2026-08,0.2447
21180,price_cut_share,2018,0.101
21180,price_cut_share,2019,0.1028
21180,price_cut_share,2020,0.1041
21180,price_cut_share,2021,0.0837
21180,price_cut_share,2022,0.1203
21180,price_cut_share,2023,0.1547
21180,price_cut_share,2024,0.1968
21180,price_cut_share,2025,0.1966
21180,price_cut_share,2026,0.2012
21180,price_cut_share,2026-08,0.216
21220,price_cut_share,2018,0.1224
21220,price_cut_share,2019,0.1602
21220,price_cut_share,2020,0.1417
21220,price_cut_share,2021,0.1365
21220,price_cut_share,2022,0.1573
21220,price_cut_share,2023,0.1829
21220,price_cut_share,2024,0.1562
21220,price_cut_share,2025,0.1519
21220,price_cut_share,2026,0.1363
21220,price_cut_share,2026-08,0.1848
21260,price_cut_share,2018,0.1784
21260,price_cut_share,2019,0.1684
21260,price_cut_share,2020,0.142
21260,price_cut_share,2021,0.1284
21260,price_cut_share,2022,0.2052
21260,price_cut_share,2023,0.2124
21260,price_cut_share,2024,0.2032
21260,price_cut_share,2025,0.2019
21260,price_cut_share,2026,0.196
21260,price_cut_share,2026-08,0.2702
21300,price_cut_share,2018,0.1802
21300,price_cut_share,2019,0.1848
21300,price_cut_share,2020,0.144
21300,price_cut_share,2021,0.1701
21300,price_cut_share,2022,0.1785
21300,price_cut_share,2023,0.1928
21300,price_cut_share,2024,0.2058
21300,price_cut_share,2025,0.1961
21300,price_cut_share,2026,0.1929
21300,price_cut_share,2026-08,0.2565
21340,price_cut_share,2018,0.1478
21340,price_cut_share,2019,0.1365
21340,price_cut_share,2020,0.0895
21340,price_cut_share,2021,0.1004
21340,price_cut_share,2022,0.1375
21340,price_cut_share,2023,0.1669
21340,price_cut_share,2024,0.1553
21340,price_cut_share,2025,0.1548
21340,price_cut_share,2026,0.1495
21340,price_cut_share,2026-08,0.166
21380,price_cut_share,2018,0.1973
21380,price_cut_share,2019,0.2206
21380,price_cut_share,2020,0.1842
21380,price_cut_share,2021,0.1644
21380,price_cut_share,2022,0.2084
21380,price_cut_share,2023,0.2368
21380,price_cut_share,2024,0.2343
21380,price_cut_share,2025,0.2687
21380,price_cut_share,2026,0.2346
21380,price_cut_share,2026-08,0.2591
21420,price_cut_share,2018,0.1963
21420,price_cut_share,2019,0.1981
21420,price_cut_share,2020,0.1798
21420,price_cut_share,2021,0.1803
21420,price_cut_share,2022,0.1944
21420,price_cut_share,2023,0.2023
21420,price_cut_share,2024,0.2401
21420,price_cut_share,2025,0.2506
21420,price_cut_share,2026,0.2413
21420,price_cut_share,2026-08,0.2971
21460,price_cut_share,2018,0.1509
21460,price_cut_share,2019,0.1651
21460,price_cut_share,2020,0.1382
21460,price_cut_share,2021,0.1285
21460,price_cut_share,2022,0.132
21460,price_cut_share,2023,0.1875
21460,price_cut_share,2024,0.2392
21460,price_cut_share,2025,0.2364
21460,price_cut_share,2026,0.2422
21460,price_cut_share,2026-08,0.259
21500,price_cut_share,2018,0.2001
21500,price_cut_share,2019,0.187
21500,price_cut_share,2020,0.1605
21500,price_cut_share,2021,0.152
21500,price_cut_share,2022,0.1766
21500,price_cut_share,2023,0.171
21500,price_cut_share,2024,0.1968
21500,price_cut_share,2025,0.2052
21500,price_cut_share,2026,0.1827
21500,price_cut_share,2026-08,0.2116
21540,price_cut_share,2018,0.127
21540,price_cut_share,2019,0.1223
21540,price_cut_share,2020,0.1058
21540,price_cut_share,2021,0.1119
21540,price_cut_share,2022,0.1175
21540,price_cut_share,2023,0.1191
21540,price_cut_share,2024,0.1268
21540,price_cut_share,2025,0.1312
21540,price_cut_share,2026,0.1404
21540,price_cut_share,2026-08,0.1707
21640,price_cut_share,2021,0.085
21640,price_cut_share,2022,0.1259
21640,price_cut_share,2023,0.1467
21640,price_cut_share,2024,0.1482
21640,price_cut_share,2025,0.1595
21640,price_cut_share,2026,0.1705
21640,price_cut_share,2026-08,0.1817
21660,price_cut_share,2018,0.2053
21660,price_cut_share,2019,0.2072
21660,price_cut_share,2020,0.1598
21660,price_cut_share,2021,0.1289
21660,price_cut_share,2022,0.1949
21660,price_cut_share,2023,0.2301
21660,price_cut_share,2024,0.2455
21660,price_cut_share,2025,0.2528
21660,price_cut_share,2026,0.2377
21660,price_cut_share,2026-08,0.2907
21700,price_cut_share,2018,0.189
21700,price_cut_share,2019,0.1673
21700,price_cut_share,2020,0.1312
21700,price_cut_share,2021,0.1189
21700,price_cut_share,2022,0.1675
21700,price_cut_share,2023,0.1868
21700,price_cut_share,2024,0.2212
21700,price_cut_share,2025,0.232
21700,price_cut_share,2026,0.2015
21700,price_cut_share,2026-08,0.2593
21740,price_cut_share,2018,0.1122
21740,price_cut_share,2019,0.1083
21740,price_cut_share,2020,0.0961
21740,price_cut_share,2021,0.1337
21740,price_cut_share,2022,0.1883
21740,price_cut_share,2023,0.1802
21740,price_cut_share,2024,0.1562
21740,price_cut_share,2025,0.1766
21740,price_cut_share,2026,0.142
21740,price_cut_share,2026-08,0.2103
21780,price_cut_share,2018,0.2116
21780,price_cut_share,2019,0.2254
21780,price_cut_share,2020,0.1938
21780,price_cut_share,2021,0.1647
21780,price_cut_share,2022,0.2052
21780,price_cut_share,2023,0.2358
21780,price_cut_share,2024,0.265
21780,price_cut_share,2025,0.2627
21780,price_cut_share,2026,0.2526
21780,price_cut_share,2026-08,0.3143
21820,price_cut_share,2018,0.2019
21820,price_cut_share,2019,0.1918
21820,price_cut_share,2020,0.1484
21820,price_cut_share,2021,0.1396
21820,price_cut_share,2022,0.1838
21820,price_cut_share,2023,0.2007
21820,price_cut_share,2024,0.2054
21820,price_cut_share,2025,0.2031
21820,price_cut_share,2026,0.2043
21820,price_cut_share,2026-08,0.3246
21860,price_cut_share,2021,0.1357
21860,price_cut_share,2022,0.146
21860,price_cut_share,2023,0.1588
21860,price_cut_share,2024,0.1764
21860,price_cut_share,2025,0.2045
21860,price_cut_share,2026,0.1955
21860,price_cut_share,2026-08,0.1812
21900,price_cut_share,2018,0.1617
21900,price_cut_share,2019,0.1676
21900,price_cut_share,2020,0.1465
21900,price_cut_share,2021,0.1232
21900,price_cut_share,2022,0.1382
21900,price_cut_share,2023,0.1997
21900,price_cut_share,2024,0.2401
21900,price_cut_share,2025,0.2412
21900,price_cut_share,2026,0.2226
21900,price_cut_share,2026-08,0.2619
21980,price_cut_share,2018,0.1426
21980,price_cut_share,2019,0.1731
21980,price_cut_share,2020,0.1181
21980,price_cut_share,2021,0.1006
21980,price_cut_share,2022,0.243
21980,price_cut_share,2023,0.194
21980,price_cut_share,2024,0.2084
21980,price_cut_share,2025,0.2488
21980,price_cut_share,2026,0.1576
21980,price_cut_share,2026-08,0.2158
22020,price_cut_share,2018,0.2005
22020,price_cut_share,2019,0.194
22020,price_cut_share,2020,0.1868
22020,price_cut_share,2021,0.1698
22020,price_cut_share,2022,0.1871
22020,price_cut_share,2023,0.2135
22020,price_cut_share,2024,0.1881
22020,price_cut_share,2025,0.2186
22020,price_cut_share,2026,0.199
22020,price_cut_share,2026-08,0.243
22060,price_cut_share,2018,0.1586
22060,price_cut_share,2019,0.1789
22060,price_cut_share,2020,0.1523
22060,price_cut_share,2021,0.1188
22060,price_cut_share,2022,0.1969
22060,price_cut_share,2023,0.2022
22060,price_cut_share,2024,0.2108
22060,price_cut_share,2025,0.2228
22060,price_cut_share,2026,0.1955
22060,price_cut_share,2026-08,0.259
22100,price_cut_share,2018,0.1542
22100,price_cut_share,2019,0.1665
22100,price_cut_share,2020,0.1547
22100,price_cut_share,2021,0.1698
22100,price_cut_share,2022,0.1961
22100,price_cut_share,2023,0.2239
22100,price_cut_share,2024,0.2434
22100,price_cut_share,2025,0.2484
22100,price_cut_share,2026,0.2251
22100,price_cut_share,2026-08,0.2874
22140,price_cut_share,2018,0.1722
22140,price_cut_share,2019,0.159
22140,price_cut_share,2020,0.1339
22140,price_cut_share,2021,0.1006
22140,price_cut_share,2022,0.1304
22140,price_cut_share,2023,0.1752
22140,price_cut_share,2024,0.2068
22140,price_cut_share,2025,0.2201
22140,price_cut_share,2026,0.2028
22140,price_cut_share,2026-08,0.2449
22180,price_cut_share,2018,0.1603
22180,price_cut_share,2019,0.1543
22180,price_cut_share,2020,0.1321
22180,price_cut_share,2021,0.1042
22180,price_cut_share,2022,0.1285
22180,price_cut_share,2023,0.1846
22180,price_cut_share,2024,0.2326
22180,price_cut_share,2025,0.2714
22180,price_cut_share,2026,0.269
22180,price_cut_share,2026-08,0.3122
22220,price_cut_share,2018,0.177
22220,price_cut_share,2019,0.187
22220,price_cut_share,2020,0.1571
22220,price_cut_share,2021,0.1309
22220,price_cut_share,2022,0.1769
22220,price_cut_share,2023,0.2327
22220,price_cut_share,2024,0.2479
22220,price_cut_share,2025,0.269
22220,price_cut_share,2026,0.2658
22220,price_cut_share,2026-08,0.3128
22260,price_cut_share,2018,0.1373
22260,price_cut_share,2019,0.1416
22260,price_cut_share,2020,0.1399
22260,price_cut_share,2021,0.1141
22260,price_cut_share,2022,0.1503
22260,price_cut_share,2023,0.1555
22260,price_cut_share,2024,0.1654
22260,price_cut_share,2025,0.1792
22260,price_cut_share,2026,0.1542
22260,price_cut_share,2026-08,0.2471
22300,price_cut_share,2018,0.2197
22300,price_cut_share,2019,0.2034
22300,price_cut_share,2020,0.2029
22300,price_cut_share,2021,0.1868
22300,price_cut_share,2022,0.2074
22300,price_cut_share,2023,0.2164
22300,price_cut_share,2024,0.2154
22300,price_cut_share,2025,0.247
22300,price_cut_share,2026,0.2301
22300,price_cut_share,2026-08,0.2511
22340,price_cut_share,2018,0.0724
22340,price_cut_share,2019,0.1198
22340,price_cut_share,2020,0.1328
22340,price_cut_share,2021,0.0934
22340,price_cut_share,2022,0.1675
22340,price_cut_share,2023,0.1667
22340,price_cut_share,2024,0.1852
22340,price_cut_share,2025,0.2105
22340,price_cut_share,2026,0.2075
22340,price_cut_share,2026-08,0.2028
22380,price_cut_share,2018,0.1711
22380,price_cut_share,2019,0.1633
22380,price_cut_share,2020,0.1152
22380,price_cut_share,2021,0.1142
22380,price_cut_share,2022,0.2053
22380,price_cut_share,2023,0.2226
22380,price_cut_share,2024,0.2209
22380,price_cut_share,2025,0.2208
22380,price_cut_share,2026,0.2097
22380,price_cut_share,2026-08,0.2727
22420,price_cut_share,2018,0.2342
22420,price_cut_share,2019,0.2396
22420,price_cut_share,2020,0.1849
22420,price_cut_share,2021,0.155
22420,price_cut_share,2022,0.2209
22420,price_cut_share,2023,0.2171
22420,price_cut_share,2024,0.2395
22420,price_cut_share,2025,0.2397
22420,price_cut_share,2026,0.2339
22420,price_cut_share,2026-08,0.3015
22500,price_cut_share,2018,0.1508
22500,price_cut_share,2019,0.148
22500,price_cut_share,2020,0.1302
22500,price_cut_share,2021,0.1245
22500,price_cut_share,2022,0.1688
22500,price_cut_share,2023,0.1984
22500,price_cut_share,2024,0.2386
22500,price_cut_share,2025,0.2201
22500,price_cut_share,2026,0.2306
22500,price_cut_share,2026-08,0.2611
22520,price_cut_share,2018,0.1749
22520,price_cut_share,2019,0.1735
22520,price_cut_share,2020,0.1445
22520,price_cut_share,2021,0.1261
22520,price_cut_share,2022,0.1582
22520,price_cut_share,2023,0.1742
22520,price_cut_share,2024,0.2162
22520,price_cut_share,2025,0.2305
22520,price_cut_share,2026,0.2386
22520,price_cut_share,2026-08,0.2894
22540,price_cut_share,2018,0.1393
22540,price_cut_share,2019,0.1266
22540,price_cut_share,2020,0.1105
22540,price_cut_share,2021,0.0977
22540,price_cut_share,2022,0.1013
22540,price_cut_share,2023,0.1142
22540,price_cut_share,2024,0.1277
22540,price_cut_share,2025,0.1245
22540,price_cut_share,2026,0.1338
22540,price_cut_share,2026-08,0.1651
22580,price_cut_share,2018,0.1138
22580,price_cut_share,2019,0.1352
22580,price_cut_share,2020,0.1217
22580,price_cut_share,2021,0.1247
22580,price_cut_share,2022,0.1404
22580,price_cut_share,2023,0.1503
22580,price_cut_share,2024,0.1931
22580,price_cut_share,2025,0.2039
22580,price_cut_share,2026,0.1965
22580,price_cut_share,2026-08,0.2473
22620,price_cut_share,2018,0.0729
22620,price_cut_share,2019,0.0899
22620,price_cut_share,2020,0.0642
22620,price_cut_share,2021,0.0891
22620,price_cut_share,2022,0.1236
22620,price_cut_share,2023,0.1186
22620,price_cut_share,2024,0.139
22620,price_cut_share,2025,0.146
22620,price_cut_share,2026,0.138
22620,price_cut_share,2026-08,0.2078
22660,price_cut_share,2018,0.1667
22660,price_cut_share,2019,0.2111
22660,price_cut_share,2020,0.1972
22660,price_cut_share,2021,0.1048
22660,price_cut_share,2022,0.1548
22660,price_cut_share,2023,0.2012
22660,price_cut_share,2024,0.213
22660,price_cut_share,2025,0.232
22660,price_cut_share,2026,0.2538
22660,price_cut_share,2026-08,0.3296
22700,price_cut_share,2021,0.1525
22700,price_cut_share,2022,0.1841
22700,price_cut_share,2023,0.1982
22700,price_cut_share,2024,0.1948
22700,price_cut_share,2025,0.2072
22700,price_cut_share,2026,0.2023
22700,price_cut_share,2026-08,0.2285
22780,price_cut_share,2018,0.1557
22780,price_cut_share,2019,0.1495
22780,price_cut_share,2020,0.1215
22780,price_cut_share,2021,0.1068
22780,price_cut_share,2022,0.1338
22780,price_cut_share,2023,0.1732
22780,price_cut_share,2024,0.1867
22780,price_cut_share,2025,0.2077
22780,price_cut_share,2026,0.2187
22780,price_cut_share,2026-08,0.2969
22800,price_cut_share,2018,0.127
22800,price_cut_share,2019,0.133
22800,price_cut_share,2020,0.1314
22800,price_cut_share,2021,0.1122
22800,price_cut_share,2022,0.1417
22800,price_cut_share,2023,0.1556
22800,price_cut_share,2024,0.1769
22800,price_cut_share,2025,0.1774
22800,price_cut_share,2026,0.1685
22800,price_cut_share,2026-08,0.2038
22820,price_cut_share,2018,0.0932
22820,price_cut_share,2019,0.2247
22820,price_cut_share,2020,0.2096
22820,price_cut_share,2021,0.1405
22820,price_cut_share,2022,0.1841
22820,price_cut_share,2023,0.1846
22820,price_cut_share,2024,0.214
22820,price_cut_share,2025,0.2205
22820,price_cut_share,2026,0.2729
22820,price_cut_share,2026-08,0.3065
22840,price_cut_share,2021,0.1294
22840,price_cut_share,2022,0.1888
22840,price_cut_share,2023,0.2046
22840,price_cut_share,2024,0.2356
22840,price_cut_share,2025,0.2427
22840,price_cut_share,2026,0.2156
22840,price_cut_share,2026-08,0.2277
22900,price_cut_share,2018,0.1516
22900,price_cut_share,2019,0.1511
22900,price_cut_share,2020,0.1347
22900,price_cut_share,2021,0.1218
22900,price_cut_share,2022,0.1571
22900,price_cut_share,2023,0.1767
22900,price_cut_share,2024,0.1987
22900,price_cut_share,2025,0.2179
22900,price_cut_share,2026,0.2069
22900,price_cut_share,2026-08,0.2299
23060,price_cut_share,2018,0.2066
23060,price_cut_share,2019,0.1982
23060,price_cut_share,2020,0.1841
23060,price_cut_share,2021,0.1476
23060,price_cut_share,2022,0.1922
23060,price_cut_share,2023,0.2254
23060,price_cut_share,2024,0.2568
23060,price_cut_share,2025,0.2805
23060,price_cut_share,2026,0.2401
23060,price_cut_share,2026-08,0.2884
23140,price_cut_share,2018,0.1627
23140,price_cut_share,2019,0.1851
23140,price_cut_share,2020,0.1752
23140,price_cut_share,2021,0.1764
23140,price_cut_share,2022,0.1996
23140,price_cut_share,2023,0.2064
23140,price_cut_share,2024,0.2442
23140,price_cut_share,2025,0.3105
23140,price_cut_share,2026,0.2783
23140,price_cut_share,2026-08,0.3145
23180,price_cut_share,2018,0.1683
23180,price_cut_share,2019,0.1882
23180,price_cut_share,2020,0.1737
23180,price_cut_share,2021,0.1501
23180,price_cut_share,2022,0.192
23180,price_cut_share,2023,0.2194
23180,price_cut_share,2024,0.2462
23180,price_cut_share,2025,0.2685
23180,price_cut_share,2026,0.2584
23180,price_cut_share,2026-08,0.3049
23240,price_cut_share,2018,0.1482
23240,price_cut_share,2019,0.1357
23240,price_cut_share,2020,0.1129
23240,price_cut_share,2021,0.1067
23240,price_cut_share,2022,0.1549
23240,price_cut_share,2023,0.1742
23240,price_cut_share,2024,0.1388
23240,price_cut_share,2025,0.1318
23240,price_cut_share,2026,0.1309
23240,price_cut_share,2026-08,0.1371
23300,price_cut_share,2018,0.1473
23300,price_cut_share,2019,0.1622
23300,price_cut_share,2020,0.1661
23300,price_cut_share,2021,0.1473
23300,price_cut_share,2022,0.1969
23300,price_cut_share,2023,0.1575
23300,price_cut_share,2024,0.1624
23300,price_cut_share,2025,0.1877
23300,price_cut_share,2026,0.205
23300,price_cut_share,2026-08,0.2538
23340,price_cut_share,2018,0.2211
23340,price_cut_share,2019,0.2115
23340,price_cut_share,2020,0.2098
23340,price_cut_share,2021,0.1797
23340,price_cut_share,2022,0.2305
23340,price_cut_share,2023,0.2304
23340,price_cut_share,2024,0.2499
23340,price_cut_share,2025,0.2443
23340,price_cut_share,2026,0.2736
23340,price_cut_share,2026-08,0.2953
23380,price_cut_share,2018,0.1688
23380,price_cut_share,2019,0.2004
23380,price_cut_share,2020,0.1486
23380,price_cut_share,2021,0.1439
23380,price_cut_share,2022,0.1665
23380,price_cut_share,2023,0.1799
23380,price_cut_share,2024,0.1817
23380,price_cut_share,2025,0.1956
23380,price_cut_share,2026,0.1806
23380,price_cut_share,2026-08,0.2477
23420,price_cut_share,2018,0.2147
23420,price_cut_share,2019,0.209
23420,price_cut_share,2020,0.1543
23420,price_cut_share,2021,0.1073
23420,price_cut_share,2022,0.182
23420,price_cut_share,2023,0.1835
23420,price_cut_share,2024,0.2127
23420,price_cut_share,2025,0.2226
23420,price_cut_share,2026,0.2174
23420,price_cut_share,2026-08,0.2401
23460,price_cut_share,2018,0.1381
23460,price_cut_share,2019,0.1397
23460,price_cut_share,2020,0.1429
23460,price_cut_share,2021,0.1657
23460,price_cut_share,2022,0.1982
23460,price_cut_share,2023,0.2106
23460,price_cut_share,2024,0.2254
23460,price_cut_share,2025,0.2427
23460,price_cut_share,2026,0.2352
23460,price_cut_share,2026-08,0.2703
23500,price_cut_share,2018,0.1256
23500,price_cut_share,2019,0.1161
23500,price_cut_share,2020,0.1098
23500,price_cut_share,2021,0.0801
23500,price_cut_share,2022,0.1645
23500,price_cut_share,2023,0.2234
23500,price_cut_share,2024,0.2297
23500,price_cut_share,2025,0.2479
23500,price_cut_share,2026,0.2222
23500,price_cut_share,2026-08,0.2767
23540,price_cut_share,2018,0.1685
23540,price_cut_share,2019,0.1692
23540,price_cut_share,2020,0.1669
23540,price_cut_share,2021,0.1334
23540,price_cut_share,2022,0.1704
23540,price_cut_share,2023,0.2012
23540,price_cut_share,2024,0.233
23540,price_cut_share,2025,0.2451
23540,price_cut_share,2026,0.2413
23540,price_cut_share,2026-08,0.2706
23580,price_cut_share,2018,0.2138
23580,price_cut_share,2019,0.2298
23580,price_cut_share,2020,0.1834
23580,price_cut_share,2021,0.1298
23580,price_cut_share,2022,0.1991
23580,price_cut_share,2023,0.2332
23580,price_cut_share,2024,0.2691
23580,price_cut_share,2025,0.2912
23580,price_cut_share,2026,0.2706
23580,price_cut_share,2026-08,0.3245
23620,price_cut_share,2018,0.166
23620,price_cut_share,2019,0.1858
23620,price_cut_share,2020,0.1736
23620,price_cut_share,2021,0.1223
23620,price_cut_share,2022,0.2005
23620,price_cut_share,2023,0.2505
23620,price_cut_share,2024,0.2468
23620,price_cut_share,2025,0.2531
23620,price_cut_share,2026,0.2323
23620,price_cut_share,2026-08,0.3009
23660,price_cut_share,2018,0.189
23660,price_cut_share,2019,0.1799
23660,price_cut_share,2020,0.1732
23660,price_cut_share,2021,0.1922
23660,price_cut_share,2022,0.1984
23660,price_cut_share,2023,0.2073
23660,price_cut_share,2024,0.2183
23660,price_cut_share,2025,0.2195
23660,price_cut_share,2026,0.2159
23660,price_cut_share,2026-08,0.2728
23700,price_cut_share,2018,0.1262
23700,price_cut_share,2019,0.1288
23700,price_cut_share,2020,0.0896
23700,price_cut_share,2021,0.0956
23700,price_cut_share,2022,0.1121
23700,price_cut_share,2023,0.1331
23700,price_cut_share,2024,0.1207
23700,price_cut_share,2025,0.1545
23700,price_cut_share,2026,0.1553
23700,price_cut_share,2026-08,0.1741
23780,price_cut_share,2018,0.1646
23780,price_cut_share,2019,0.1746
23780,price_cut_share,2020,0.1648
23780,price_cut_share,2021,0.1322
23780,price_cut_share,2022,0.1749
23780,price_cut_share,2023,0.2065
23780,price_cut_share,2024,0.2294
23780,price_cut_share,2025,0.2162
23780,price_cut_share,2026,0.2126
23780,price_cut_share,2026-08,0.2613
23820,price_cut_share,2018,0.1446
23820,price_cut_share,2019,0.155
23820,price_cut_share,2020,0.1149
23820,price_cut_share,2021,0.1221
23820,price_cut_share,2022,0.2344
23820,price_cut_share,2023,0.2221
23820,price_cut_share,2024,0.2077
23820,price_cut_share,2025,0.217
23820,price_cut_share,2026,0.1964
23820,price_cut_share,2026-08,0.2462
23900,price_cut_share,2018,0.201
23900,price_cut_share,2019,0.2127
23900,price_cut_share,2020,0.1475
23900,price_cut_share,2021,0.1638
23900,price_cut_share,2022,0.1905
23900,price_cut_share,2023,0.2142
23900,price_cut_share,2024,0.2211
23900,price_cut_share,2025,0.2456
23900,price_cut_share,2026,0.2362
23900,price_cut_share,2026-08,0.2674
23940,price_cut_share,2018,0.1594
23940,price_cut_share,2019,0.1623
23940,price_cut_share,2020,0.1714
23940,price_cut_share,2021,0.1492
23940,price_cut_share,2022,0.141
23940,price_cut_share,2023,0.1418
23940,price_cut_share,2024,0.1821
23940,price_cut_share,2025,0.1959
23940,price_cut_share,2026,0.1759
23940,price_cut_share,2026-08,0.2016
23980,price_cut_share,2018,0.1457
23980,price_cut_share,2019,0.1521
23980,price_cut_share,2020,0.1269
23980,price_cut_share,2021,0.1083
23980,price_cut_share,2022,0.1524
23980,price_cut_share,2023,0.1733
23980,price_cut_share,2024,0.2066
23980,price_cut_share,2025,0.2192
23980,price_cut_share,2026,0.2137
23980,price_cut_share,2026-08,0.2481
24020,price_cut_share,2018,0.1373
24020,price_cut_share,2019,0.1345
24020,price_cut_share,2020,0.1204
24020,price_cut_share,2021,0.127
24020,price_cut_share,2022,0.1527
24020,price_cut_share,2023,0.1616
24020,price_cut_share,2024,0.1749
24020,price_cut_share,2025,0.1865
24020,price_cut_share,2026,0.1783
24020,price_cut_share,2026-08,0.2382
24100,price_cut_share,2018,0.1603
24100,price_cut_share,2019,0.173
24100,price_cut_share,2020,0.1576
24100,price_cut_share,2021,0.1514
24100,price_cut_share,2022,0.1581
24100,price_cut_share,2023,0.1739
24100,price_cut_share,2024,0.2282
24100,price_cut_share,2025,0.2123
24100,price_cut_share,2026,0.2026
24100,price_cut_share,2026-08,0.278
24140,price_cut_share,2018,0.1365
24140,price_cut_share,2019,0.147
24140,price_cut_share,2020,0.1164
24140,price_cut_share,2021,0.1027
24140,price_cut_share,2022,0.1192
24140,price_cut_share,2023,0.1728
24140,price_cut_share,2024,0.2253
24140,price_cut_share,2025,0.2526
24140,price_cut_share,2026,0.2411
24140,price_cut_share,2026-08,0.2565
24180,price_cut_share,2023,0.278
24180,price_cut_share,2024,0.2821
24180,price_cut_share,2025,0.2843
24180,price_cut_share,2026,0.2718
24180,price_cut_share,2026-08,0.3222
24220,price_cut_share,2018,0.193
24220,price_cut_share,2019,0.1765
24220,price_cut_share,2020,0.1673
24220,price_cut_share,2021,0.1407
24220,price_cut_share,2022,0.1464
24220,price_cut_share,2023,0.1687
24220,price_cut_share,2024,0.1665
24220,price_cut_share,2025,0.1663
24220,price_cut_share,2026,0.1532
24220,price_cut_share,2026-08,0.2167
24260,price_cut_share,2018,0.1666
24260,price_cut_share,2019,0.1713
24260,price_cut_share,2020,0.1597
24260,price_cut_share,2021,0.1399
24260,price_cut_share,2022,0.1803
24260,price_cut_share,2023,0.1888
24260,price_cut_share,2024,0.1886
24260,price_cut_share,2025,0.239
24260,price_cut_share,2026,0.2039
24260,price_cut_share,2026-08,0.2365
24300,price_cut_share,2018,0.2064
24300,price_cut_share,2019,0.2016
24300,price_cut_share,2020,0.1529
24300,price_cut_share,2021,0.1677
24300,price_cut_share,2022,0.2313
24300,price_cut_share,2023,0.2262
24300,price_cut_share,2024,0.2238
24300,price_cut_share,2025,0.2581
24300,price_cut_share,2026,0.2634
24300,price_cut_share,2026-08,0.3358
24330,price_cut_share,2021,0.1096
24330,price_cut_share,2022,0.1404
24330,price_cut_share,2023,0.156
24330,price_cut_share,2024,0.1553
24330,price_cut_share,2025,0.1541
24330,price_cut_share,2026,0.1277
24330,price_cut_share,2026-08,0.226
24340,price_cut_share,2018,0.1966
24340,price_cut_share,2019,0.2165
24340,price_cut_share,2020,0.1673
24340,price_cut_share,2021,0.1335
24340,price_cut_share,2022,0.1745
24340,price_cut_share,2023,0.1974
24340,price_cut_share,2024,0.2217
24340,price_cut_share,2025,0.2341
24340,price_cut_share,2026,0.2088
24340,price_cut_share,2026-08,0.2868
24420,price_cut_share,2018,0.2197
24420,price_cut_share,2019,0.2175
24420,price_cut_share,2020,0.1539
24420,price_cut_share,2021,0.1915
24420,price_cut_share,2022,0.2567
24420,price_cut_share,2023,0.2347
24420,price_cut_share,2024,0.2556
24420,price_cut_share,2025,0.2567
24420,price_cut_share,2026,0.2533
24420,price_cut_share,2026-08,0.3224
24460,price_cut_share,2018,0.172
24460,price_cut_share,2019,0.1639
24460,price_cut_share,2020,0.1643
24460,price_cut_share,2021,0.1317
24460,price_cut_share,2022,0.1538
24460,price_cut_share,2023,0.1594
24460,price_cut_share,2024,0.153
24460,price_cut_share,2025,0.2137
24460,price_cut_share,2026,0.2108
24460,price_cut_share,2026-08,0.2644
24500,price_cut_share,2018,0.1557
24500,price_cut_share,2019,0.1489
24500,price_cut_share,2020,0.1187
24500,price_cut_share,2021,0.0961
24500,price_cut_share,2022,0.1403
24500,price_cut_share,2023,0.1198
24500,price_cut_share,2024,0.1554
24500,price_cut_share,2025,0.1822
24500,price_cut_share,2026,0.166
24500,price_cut_share,2026-08,0.1697
24540,price_cut_share,2018,0.1467
24540,price_cut_share,2019,0.2146
24540,price_cut_share,2020,0.1863
24540,price_cut_share,2021,0.0947
24540,price_cut_share,2022,0.1881
24540,price_cut_share,2023,0.2245
24540,price_cut_share,2024,0.2278
24540,price_cut_share,2025,0.2693
24540,price_cut_share,2026,0.2818
24540,price_cut_share,2026-08,0.3544
24580,price_cut_share,2018,0.1283
24580,price_cut_share,2019,0.1291
24580,price_cut_share,2020,0.1026
24580,price_cut_share,2021,0.0734
24580,price_cut_share,2022,0.0721
24580,price_cut_share,2023,0.0885
24580,price_cut_share,2024,0.1154
24580,price_cut_share,2025,0.1216
24580,price_cut_share,2026,0.119
24580,price_cut_share,2026-08,0.1606
24620,price_cut_share,2018,0.1636
24620,price_cut_share,2019,0.1714
24620,price_cut_share,2020,0.1561
24620,price_cut_share,2021,0.1544
24620,price_cut_share,2022,0.1916
24620,price_cut_share,2023,0.2403
24620,price_cut_share,2024,0.2741
24620,price_cut_share,2025,0.2888
24620,price_cut_share,2026,0.2611
24620,price_cut_share,2026-08,0.2993
24660,price_cut_share,2018,0.1606
24660,price_cut_share,2019,0.189
24660,price_cut_share,2020,0.1582
24660,price_cut_share,2021,0.1142
24660,price_cut_share,2022,0.151
24660,price_cut_share,2023,0.1885
24660,price_cut_share,2024,0.2321
24660,price_cut_share,2025,0.2591
24660,price_cut_share,2026,0.2589
24660,price_cut_share,2026-08,0.2926
24700,price_cut_share,2018,0.1788
24700,price_cut_share,2019,0.2033
24700,price_cut_share,2020,0.1939
24700,price_cut_share,2021,0.2128
24700,price_cut_share,2022,0.2367
24700,price_cut_share,2023,0.25
24700,price_cut_share,2024,0.233
24700,price_cut_share,2025,0.2807
24700,price_cut_share,2026,0.2862
24700,price_cut_share,2026-08,0.2891
24740,price_cut_share,2018,0.1359
24740,price_cut_share,2019,0.1464
24740,price_cut_share,2020,0.1344
24740,price_cut_share,2021,0.1057
24740,price_cut_share,2022,0.1159
24740,price_cut_share,2023,0.1573
24740,price_cut_share,2024,0.1346
24740,price_cut_share,2025,0.16
24740,price_cut_share,2026,0.1522
24740,price_cut_share,2026-08,0.1545
24780,price_cut_share,2018,0.1671
24780,price_cut_share,2019,0.1612
24780,price_cut_share,2020,0.1504
24780,price_cut_share,2021,0.1104
24780,price_cut_share,2022,0.1415
24780,price_cut_share,2023,0.1843
24780,price_cut_share,2024,0.2329
24780,price_cut_share,2025,0.262
24780,price_cut_share,2026,0.256
24780,price_cut_share,2026-08,0.2857
24820,price_cut_share,2018,0.1486
24820,price_cut_share,2019,0.1747
24820,price_cut_share,2020,0.18
24820,price_cut_share,2021,0.1552
24820,price_cut_share,2022,0.2176
24820,price_cut_share,2023,0.22
24820,price_cut_share,2024,0.2488
24820,price_cut_share,2025,0.2738
24820,price_cut_share,2026,0.2782
24820,price_cut_share,2026-08,0.347
24860,price_cut_share,2018,0.1805
24860,price_cut_share,2019,0.2017
24860,price_cut_share,2020,0.185
24860,price_cut_share,2021,0.1393
24860,price_cut_share,2022,0.1969
24860,price_cut_share,2023,0.2519
24860,price_cut_share,2024,0.2695
24860,price_cut_share,2025,0.2848
24860,price_cut_share,2026,0.2791
24860,price_cut_share,2026-08,0.3214
24900,price_cut_share,2018,0.0942
24900,price_cut_share,2019,0.0891
24900,price_cut_share,2020,0.0685
24900,price_cut_share,2021,0.0723
24900,price_cut_share,2022,0.1162
24900,price_cut_share,2023,0.1408
24900,price_cut_share,2024,0.1273
24900,price_cut_share,2025,0.1416
24900,price_cut_share,2026,0.1146
24900,price_cut_share,2026-08,0.0829
24940,price_cut_share,2018,0.1361
24940,price_cut_share,2019,0.1376
24940,price_cut_share,2020,0.1368
24940,price_cut_share,2021,0.1065
24940,price_cut_share,2022,0.1647
24940,price_cut_share,2023,0.1836
24940,price_cut_share,2024,0.2078
24940,price_cut_share,2025,0.2174
24940,price_cut_share,2026,0.2008
24940,price_cut_share,2026-08,0.2497
24980,price_cut_share,2018,0.1293
24980,price_cut_share,2019,0.1285
24980,price_cut_share,2020,0.1213
24980,price_cut_share,2021,0.0986
24980,price_cut_share,2022,0.1133
24980,price_cut_share,2023,0.1686
24980,price_cut_share,2024,0.185
24980,price_cut_share,2025,0.2012
24980,price_cut_share,2026,0.1531
24980,price_cut_share,2026-08,0.2059
25060,price_cut_share,2018,0.1639
25060,price_cut_share,2019,0.155
25060,price_cut_share,2020,0.1355
25060,price_cut_share,2021,0.1178
25060,price_cut_share,2022,0.1998
25060,price_cut_share,2023,0.2209
25060,price_cut_share,2024,0.2448
25060,price_cut_share,2025,0.244
25060,price_cut_share,2026,0.2418
25060,price_cut_share,2026-08,0.2634
25100,price_cut_share,2022,0.1267
25100,price_cut_share,2023,0.1509
25100,price_cut_share,2024,0.1569
25100,price_cut_share,2025,0.1419
25100,price_cut_share,2026,0.1551
25100,price_cut_share,2026-08,0.1963
25180,price_cut_share,2018,0.2021
25180,price_cut_share,2019,0.2106
25180,price_cut_share,2020,0.1658
25180,price_cut_share,2021,0.1403
25180,price_cut_share,2022,0.1962
25180,price_cut_share,2023,0.2203
25180,price_cut_share,2024,0.2355
25180,price_cut_share,2025,0.2534
25180,price_cut_share,2026,0.2391
25180,price_cut_share,2026-08,0.2694
25200,price_cut_share,2018,0.0962
25200,price_cut_share,2019,0.0875
25200,price_cut_share,2020,0.0851
25200,price_cut_share,2021,0.1026
25200,price_cut_share,2022,0.1655
25200,price_cut_share,2023,0.1451
25200,price_cut_share,2024,0.1678
25200,price_cut_share,2025,0.1601
25200,price_cut_share,2026,0.146
25200,price_cut_share,2026-08,0.2102
25220,price_cut_share,2018,0.1786
25220,price_cut_share,2019,0.1914
25220,price_cut_share,2020,0.1687
25220,price_cut_share,2021,0.1447
25220,price_cut_share,2022,0.1967
25220,price_cut_share,2023,0.2222
25220,price_cut_share,2024,0.2441
25220,price_cut_share,2025,0.2472
25220,price_cut_share,2026,0.2555
25220,price_cut_share,2026-08,0.276
25260,price_cut_share,2018,0.1977
25260,price_cut_share,2019,0.1758
25260,price_cut_share,2020,0.1249
25260,price_cut_share,2021,0.1026
25260,price_cut_share,2022,0.1744
25260,price_cut_share,2023,0.185
25260,price_cut_share,2024,0.212
25260,price_cut_share,2025,0.2145
25260,price_cut_share,2026,0.1895
25260,price_cut_share,2026-08,0.2218
25300,price_cut_share,2018,0.163
25300,price_cut_share,2019,0.1648
25300,price_cut_share,2020,0.1749
25300,price_cut_share,2021,0.163
25300,price_cut_share,2022,0.1921
25300,price_cut_share,2023,0.1818
25300,price_cut_share,2024,0.192
25300,price_cut_share,2025,0.2231
25300,price_cut_share,2026,0.2054
25300,price_cut_share,2026-08,0.2171
25420,price_cut_share,2018,0.21
25420,price_cut_share,2019,0.206
25420,price_cut_share,2020,0.151
25420,price_cut_share,2021,0.1538
25420,price_cut_share,2022,0.1635
25420,price_cut_share,2023,0.1947
25420,price_cut_share,2024,0.2167
25420,price_cut_share,2025,0.2295
25420,price_cut_share,2026,0.2329
25420,price_cut_share,2026-08,0.2686
25460,price_cut_share,2018,0.101
25460,price_cut_share,2019,0.1173
25460,price_cut_share,2020,0.117
25460,price_cut_share,2021,0.1014
25460,price_cut_share,2022,0.1515
25460,price_cut_share,2023,0.1757
25460,price_cut_share,2024,0.1825
25460,price_cut_share,2025,0.185
25460,price_cut_share,2026,0.1687
25460,price_cut_share,2026-08,0.2117
25500,price_cut_share,2018,0.1321
25500,price_cut_share,2019,0.147
25500,price_cut_share,2020,0.1238
25500,price_cut_share,2021,0.1032
25500,price_cut_share,2022,0.1539
25500,price_cut_share,2023,0.1844
25500,price_cut_share,2024,0.1735
25500,price_cut_share,2025,0.2038
25500,price_cut_share,2026,0.1788
25500,price_cut_share,2026-08,0.2157
25540,price_cut_share,2018,0.2273
25540,price_cut_share,2019,0.2326
25540,price_cut_share,2020,0.1776
25540,price_cut_share,2021,0.1457
25540,price_cut_share,2022,0.1457
25540,price_cut_share,2023,0.1267
25540,price_cut_share,2024,0.1528
25540,price_cut_share,2025,0.1619
25540,price_cut_share,2026,0.1449
25540,price_cut_share,2026-08,0.1776
25580,price_cut_share,2018,0.1841
25580,price_cut_share,2019,0.2117
25580,price_cut_share,2020,0.2344
25580,price_cut_share,2021,0.1447
25580,price_cut_share,2022,0.2014
25580,price_cut_share,2023,0.2163
25580,price_cut_share,2024,0.2396
25580,price_cut_share,2025,0.2714
25580,price_cut_share,2026,0.2106
25580,price_cut_share,2026-08,0.235
25620,price_cut_share,2018,0.1628
25620,price_cut_share,2019,0.165
25620,price_cut_share,2020,0.1483
25620,price_cut_share,2021,0.1277
25620,price_cut_share,2022,0.1696
25620,price_cut_share,2023,0.2102
25620,price_cut_share,2024,0.2224
25620,price_cut_share,2025,0.2261
25620,price_cut_share,2026,0.229
25620,price_cut_share,2026-08,0.2681
25700,price_cut_share,2018,0.1714
25700,price_cut_share,2019,0.1451
25700,price_cut_share,2020,0.1358
25700,price_cut_share,2021,0.1092
25700,price_cut_share,2022,0.1494
25700,price_cut_share,2023,0.1925
25700,price_cut_share,2024,0.1958
25700,price_cut_share,2025,0.1926
25700,price_cut_share,2026,0.1847
25700,price_cut_share,2026-08,0.2365
25720,price_cut_share,2018,0.1175
25720,price_cut_share,2019,0.1281
25720,price_cut_share,2020,0.1119
25720,price_cut_share,2021,0.106
25720,price_cut_share,2022,0.1464
25720,price_cut_share,2023,0.1744
25720,price_cut_share,2024,0.1811
25720,price_cut_share,2025,0.1823
25720,price_cut_share,2026,0.1806
25720,price_cut_share,2026-08,0.2308
25740,price_cut_share,2018,0.1328
25740,price_cut_share,2019,0.1303
25740,price_cut_share,2020,0.1031
25740,price_cut_share,2021,0.099
25740,price_cut_share,2022,0.1405
25740,price_cut_share,2023,0.1429
25740,price_cut_share,2024,0.171
25740,price_cut_share,2025,0.1906
25740,price_cut_share,2026,0.1623
25740,price_cut_share,2026-08,0.2039
25780,price_cut_share,2018,0.1264
25780,price_cut_share,2019,0.1328
25780,price_cut_share,2020,0.1244
25780,price_cut_share,2021,0.1077
25780,price_cut_share,2022,0.1241
25780,price_cut_share,2023,0.1633
25780,price_cut_share,2024,0.2171
25780,price_cut_share,2025,0.2569
25780,price_cut_share,2026,0.2763
25780,price_cut_share,2026-08,0.353
25820,price_cut_share,2020,0.1045
25820,price_cut_share,2021,0.0979
25820,price_cut_share,2022,0.1188
25820,price_cut_share,2023,0.0691
25820,price_cut_share,2024,0.1165
25820,price_cut_share,2025,0.1317
25820,price_cut_share,2026,0.1523
25820,price_cut_share,2026-08,0.1651
25840,price_cut_share,2018,0.1447
25840,price_cut_share,2019,0.1579
25840,price_cut_share,2020,0.1539
25840,price_cut_share,2021,0.1242
25840,price_cut_share,2022,0.1922
25840,price_cut_share,2023,0.1859
25840,price_cut_share,2024,0.1857
25840,price_cut_share,2025,0.1871
25840,price_cut_share,2026,0.1879
25840,price_cut_share,2026-08,0.2412
25860,price_cut_share,2018,0.1478
25860,price_cut_share,2019,0.1795
25860,price_cut_share,2020,0.1589
25860,price_cut_share,2021,0.1385
25860,price_cut_share,2022,0.141
25860,price_cut_share,2023,0.1503
25860,price_cut_share,2024,0.2002
25860,price_cut_share,2025,0.2347
25860,price_cut_share,2026,0.2253
25860,price_cut_share,2026-08,0.2666
25880,price_cut_share,2018,0.1535
25880,price_cut_share,2019,0.1724
25880,price_cut_share,2020,0.1513
25880,price_cut_share,2021,0.1093
25880,price_cut_share,2022,0.1696
25880,price_cut_share,2023,0.1833
25880,price_cut_share,2024,0.2221
25880,price_cut_share,2025,0.2485
25880,price_cut_share,2026,0.2319
25880,price_cut_share,2026-08,0.2992
25900,price_cut_share,2018,0.1306
25900,price_cut_share,2019,0.1541
25900,price_cut_share,2020,0.1291
25900,price_cut_share,2021,0.1137
25900,price_cut_share,2022,0.1828
25900,price_cut_share,2023,0.1809
25900,price_cut_share,2024,0.2035
25900,price_cut_share,2025,0.2096
25900,price_cut_share,2026,0.198
25900,price_cut_share,2026-08,0.2164
25940,price_cut_share,2018,0.167
25940,price_cut_share,2019,0.1745
25940,price_cut_share,2020,0.1445
25940,price_cut_share,2021,0.1084
25940,price_cut_share,2022,0.1604
25940,price_cut_share,2023,0.2046
25940,price_cut_share,2024,0.2353
25940,price_cut_share,2025,0.2487
25940,price_cut_share,2026,0.2367
25940,price_cut_share,2026-08,0.2574
25980,price_cut_share,2018,0.134
25980,price_cut_share,2019,0.1439
25980,price_cut_share,2020,0.1321
25980,price_cut_share,2021,0.0924
25980,price_cut_share,2022,0.1164
25980,price_cut_share,2023,0.1493
25980,price_cut_share,2024,0.1563
25980,price_cut_share,2025,0.1935
25980,price_cut_share,2026,0.194
25980,price_cut_share,2026-08,0.2272
26020,price_cut_share,2018,0.1162
26020,price_cut_share,2019,0.13
26020,price_cut_share,2020,0.137
26020,price_cut_share,2021,0.1413
26020,price_cut_share,2022,0.1257
26020,price_cut_share,2023,0.1368
26020,price_cut_share,2024,0.141
26020,price_cut_share,2025,0.1458
26020,price_cut_share,2026,0.1542
26020,price_cut_share,2026-08,0.1577
26090,price_cut_share,2018,0.1717
26090,price_cut_share,2019,0.1886
26090,price_cut_share,2020,0.1541
26090,price_cut_share,2021,0.1317
26090,price_cut_share,2022,0.1705
26090,price_cut_share,2023,0.1983
26090,price_cut_share,2024,0.2219
26090,price_cut_share,2025,0.2282
26090,price_cut_share,2026,0.2152
26090,price_cut_share,2026-08,0.2809
26140,price_cut_share,2018,0.1662
26140,price_cut_share,2019,0.1963
26140,price_cut_share,2020,0.1649
26140,price_cut_share,2021,0.1395
26140,price_cut_share,2022,0.2064
26140,price_cut_share,2023,0.2445
26140,price_cut_share,2024,0.2621
26140,price_cut_share,2025,0.2777
26140,price_cut_share,2026,0.2687
26140,price_cut_share,2026-08,0.2611
26220,price_cut_share,2018,0.1872
26220,price_cut_share,2019,0.1724
26220,price_cut_share,2020,0.1124
26220,price_cut_share,2021,0.1247
26220,price_cut_share,2022,0.1417
26220,price_cut_share,2023,0.1859
26220,price_cut_share,2024,0.194
26220,price_cut_share,2025,0.2046
26220,price_cut_share,2026,0.2106
26220,price_cut_share,2026-08,0.2377
26300,price_cut_share,2018,0.129
26300,price_cut_share,2019,0.1364
26300,price_cut_share,2020,0.1216
26300,price_cut_share,2021,0.1116
26300,price_cut_share,2022,0.1643
26300,price_cut_share,2023,0.1824
26300,price_cut_share,2024,0.1911
26300,price_cut_share,2025,0.2042
26300,price_cut_share,2026,0.1989
26300,price_cut_share,2026-08,0.2409
26340,price_cut_share,2018,0.1179
26340,price_cut_share,2019,0.1127
26340,price_cut_share,2020,0.1025
26340,price_cut_share,2021,0.1066
26340,price_cut_share,2022,0.1023
26340,price_cut_share,2023,0.118
26340,price_cut_share,2024,0.1485
26340,price_cut_share,2025,0.1589
26340,price_cut_share,2026,0.1519
26340,price_cut_share,2026-08,0.2656
26380,price_cut_share,2018,0.1616
26380,price_cut_share,2019,0.1555
26380,price_cut_share,2020,0.1374
26380,price_cut_share,2021,0.1057
26380,price_cut_share,2022,0.1742
26380,price_cut_share,2023,0.1995
26380,price_cut_share,2024,0.1946
26380,price_cut_share,2025,0.1929
26380,price_cut_share,2026,0.1948
26380,price_cut_share,2026-08,0.2095
26420,price_cut_share,2018,0.2425
26420,price_cut_share,2019,0.2483
26420,price_cut_share,2020,0.2143
26420,price_cut_share,2021,0.1762
26420,price_cut_share,2022,0.2212
26420,price_cut_share,2023,0.2485
26420,price_cut_share,2024,0.2619
26420,price_cut_share,2025,0.2733
26420,price_cut_share,2026,0.2557
26420,price_cut_share,2026-08,0.2948
26460,price_cut_share,2018,0.1525
26460,price_cut_share,2019,0.1481
26460,price_cut_share,2020,0.1118
26460,price_cut_share,2021,0.1314
26460,price_cut_share,2022,0.1583
26460,price_cut_share,2023,0.1654
26460,price_cut_share,2024,0.1683
26460,price_cut_share,2025,0.1657
26460,price_cut_share,2026,0.164
26460,price_cut_share,2026-08,0.2397
26500,price_cut_share,2018,0.1392
26500,price_cut_share,2019,0.1655
26500,price_cut_share,2020,0.129
26500,price_cut_share,2021,0.1425
26500,price_cut_share,2022,0.1691
26500,price_cut_share,2023,0.2002
26500,price_cut_share,2024,0.2118
26500,price_cut_share,2025,0.2186
26500,price_cut_share,2026,0.1774
26500,price_cut_share,2026-08,0.2426
26540,price_cut_share,2018,0.1684
26540,price_cut_share,2019,0.1732
26540,price_cut_share,2020,0.1734
26540,price_cut_share,2021,0.1474
26540,price_cut_share,2022,0.1855
26540,price_cut_share,2023,0.1836
26540,price_cut_share,2024,0.2626
26540,price_cut_share,2025,0.2674
26540,price_cut_share,2026,0.2342
26540,price_cut_share,2026-08,0.2597
26580,price_cut_share,2018,0.165
26580,price_cut_share,2019,0.1644
26580,price_cut_share,2020,0.1565
26580,price_cut_share,2021,0.1394
26580,price_cut_share,2022,0.1735
26580,price_cut_share,2023,0.1772
26580,price_cut_share,2024,0.1951
26580,price_cut_share,2025,0.2124
26580,price_cut_share,2026,0.2244
26580,price_cut_share,2026-08,0.2603
26620,price_cut_share,2018,0.1758
26620,price_cut_share,2019,0.1643
26620,price_cut_share,2020,0.1302
26620,price_cut_share,2021,0.1112
26620,price_cut_share,2022,0.1946
26620,price_cut_share,2023,0.2488
26620,price_cut_share,2024,0.2591
26620,price_cut_share,2025,0.2594
26620,price_cut_share,2026,0.2447
26620,price_cut_share,2026-08,0.2935
26660,price_cut_share,2018,0.1291
26660,price_cut_share,2019,0.1338
26660,price_cut_share,2020,0.123
26660,price_cut_share,2021,0.1257
26660,price_cut_share,2022,0.1608
26660,price_cut_share,2023,0.1672
26660,price_cut_share,2024,0.1769
26660,price_cut_share,2025,0.2135
26660,price_cut_share,2026,0.2068
26660,price_cut_share,2026-08,0.223
26700,price_cut_share,2018,0.1316
26700,price_cut_share,2019,0.1532
26700,price_cut_share,2020,0.1522
26700,price_cut_share,2021,0.113
26700,price_cut_share,2022,0.146
26700,price_cut_share,2023,0.1471
26700,price_cut_share,2024,0.1559
26700,price_cut_share,2025,0.1784
26700,price_cut_share,2026,0.162
26700,price_cut_share,2026-08,0.2264
26740,price_cut_share,2018,0.1941
26740,price_cut_share,2019,0.1978
26740,price_cut_share,2020,0.1845
26740,price_cut_share,2021,0.1406
26740,price_cut_share,2022,0.1603
26740,price_cut_share,2023,0.1948
26740,price_cut_share,2024,0.2104
26740,price_cut_share,2025,0.2167
26740,price_cut_share,2026,0.2308
26740,price_cut_share,2026-08,0.2349
26780,price_cut_share,2018,0.1855
26780,price_cut_share,2019,0.1696
26780,price_cut_share,2020,0.1412
26780,price_cut_share,2021,0.1035
26780,price_cut_share,2022,0.1428
26780,price_cut_share,2023,0.1709
26780,price_cut_share,2024,0.1904
26780,price_cut_share,2025,0.2066
26780,price_cut_share,2026,0.2165
26780,price_cut_share,2026-08,0.2567
26820,price_cut_share,2018,0.1849
26820,price_cut_share,2019,0.1857
26820,price_cut_share,2020,0.1489
26820,price_cut_share,2021,0.1587
26820,price_cut_share,2022,0.293
26820,price_cut_share,2023,0.267
26820,price_cut_share,2024,0.2596
26820,price_cut_share,2025,0.2842
26820,price_cut_share,2026,0.2396
26820,price_cut_share,2026-08,0.2815
26860,price_cut_share,2018,0.1605
26860,price_cut_share,2019,0.1476
26860,price_cut_share,2020,0.1171
26860,price_cut_share,2021,0.141
26860,price_cut_share,2022,0.1574
26860,price_cut_share,2023,0.1558
26860,price_cut_share,2024,0.1769
26860,price_cut_share,2025,0.1762
26860,price_cut_share,2026,0.1634
26860,price_cut_share,2026-08,0.1805
26900,price_cut_share,2018,0.2325
26900,price_cut_share,2019,0.2418
26900,price_cut_share,2020,0.209
26900,price_cut_share,2021,0.1651
26900,price_cut_share,2022,0.2173
26900,price_cut_share,2023,0.2668
26900,price_cut_share,2024,0.2846
26900,price_cut_share,2025,0.3065
26900,price_cut_share,2026,0.2892
26900,price_cut_share,2026-08,0.3446
26980,price_cut_share,2018,0.1195
26980,price_cut_share,2019,0.1336
26980,price_cut_share,2020,0.1175
26980,price_cut_share,2021,0.1176
26980,price_cut_share,2022,0.1561
26980,price_cut_share,2023,0.1861
26980,price_cut_share,2024,0.1574
26980,price_cut_share,2025,0.1644
26980,price_cut_share,2026,0.1583
26980,price_cut_share,2026-08,0.1888
27020,price_cut_share,2018,0.1254
27020,price_cut_share,2019,0.1199
27020,price_cut_share,2020,0.1093
27020,price_cut_share,2021,0.1067
27020,price_cut_share,2022,0.111
27020,price_cut_share,2023,0.1219
27020,price_cut_share,2024,0.1433
27020,price_cut_share,2025,0.1414
27020,price_cut_share,2026,0.1153
27020,price_cut_share,2026-08,0.1606
27060,price_cut_share,2018,0.1759
27060,price_cut_share,2019,0.19
27060,price_cut_share,2020,0.1409
27060,price_cut_share,2021,0.1107
27060,price_cut_share,2022,0.1452
27060,price_cut_share,2023,0.1293
27060,price_cut_share,2024,0.133
27060,price_cut_share,2025,0.1765
27060,price_cut_share,2026,0.1773
27060,price_cut_share,2026-08,0.2479
27100,price_cut_share,2018,0.1959
27100,price_cut_share,2019,0.1927
27100,price_cut_share,2020,0.1647
27100,price_cut_share,2021,0.139
27100,price_cut_share,2022,0.1692
27100,price_cut_share,2023,0.2075
27100,price_cut_share,2024,0.2384
27100,price_cut_share,2025,0.2503
27100,price_cut_share,2026,0.2372
27100,price_cut_share,2026-08,0.2995
27140,price_cut_share,2018,0.1944
27140,price_cut_share,2019,0.1918
27140,price_cut_share,2020,0.1662
27140,price_cut_share,2021,0.1452
27140,price_cut_share,2022,0.1892
27140,price_cut_share,2023,0.2322
27140,price_cut_share,2024,0.2471
27140,price_cut_share,2025,0.2317
27140,price_cut_share,2026,0.2245
27140,price_cut_share,2026-08,0.2436
27180,price_cut_share,2018,0.1424
27180,price_cut_share,2019,0.1521
27180,price_cut_share,2020,0.1313
27180,price_cut_share,2021,0.1193
27180,price_cut_share,2022,0.1795
27180,price_cut_share,2023,0.2101
27180,price_cut_share,2024,0.238
27180,price_cut_share,2025,0.2577
27180,price_cut_share,2026,0.2416
27180,price_cut_share,2026-08,0.2722
27220,price_cut_share,2018,0.0798
27220,price_cut_share,2019,0.0937
27220,price_cut_share,2020,0.0882
27220,price_cut_share,2021,0.0771
27220,price_cut_share,2022,0.1257
27220,price_cut_share,2023,0.116
27220,price_cut_share,2024,0.1224
27220,price_cut_share,2025,0.1243
27220,price_cut_share,2026,0.096
27220,price_cut_share,2026-08,0.1768
27260,price_cut_share,2018,0.2248
27260,price_cut_share,2019,0.2344
27260,price_cut_share,2020,0.2028
27260,price_cut_share,2021,0.1534
27260,price_cut_share,2022,0.2378
27260,price_cut_share,2023,0.2789
27260,price_cut_share,2024,0.2891
27260,price_cut_share,2025,0.2943
27260,price_cut_share,2026,0.2636
27260,price_cut_share,2026-08,0.284
27300,price_cut_share,2018,0.1681
27300,price_cut_share,2019,0.1894
27300,price_cut_share,2020,0.1938
27300,price_cut_share,2021,0.1539
27300,price_cut_share,2022,0.1786
27300,price_cut_share,2023,0.1751
27300,price_cut_share,2024,0.2084
27300,price_cut_share,2025,0.2371
27300,price_cut_share,2026,0.22
27300,price_cut_share,2026-08,0.2489
27340,price_cut_share,2018,0.1419
27340,price_cut_share,2019,0.1497
27340,price_cut_share,2020,0.1448
27340,price_cut_share,2021,0.0977
27340,price_cut_share,2022,0.1345
27340,price_cut_share,2023,0.2102
27340,price_cut_share,2024,0.2444
27340,price_cut_share,2025,0.2444
27340,price_cut_share,2026,0.235
27340,price_cut_share,2026-08,0.275
27380,price_cut_share,2018,0.1441
27380,price_cut_share,2019,0.1246
27380,price_cut_share,2020,0.1224
27380,price_cut_share,2021,0.1135
27380,price_cut_share,2022,0.1713
27380,price_cut_share,2023,0.2228
27380,price_cut_share,2024,0.1893
27380,price_cut_share,2025,0.1903
27380,price_cut_share,2026,0.1947
27380,price_cut_share,2026-08,0.2003
27420,price_cut_share,2018,0.1528
27420,price_cut_share,2019,0.1182
27420,price_cut_share,2020,0.1628
27420,price_cut_share,2021,0.1174
27420,price_cut_share,2022,0.1661
27420,price_cut_share,2023,0.157
27420,price_cut_share,2024,0.1388
27420,price_cut_share,2025,0.159
27420,price_cut_share,2026,0.1335
27420,price_cut_share,2026-08,0.1413
27460,price_cut_share,2018,0.1271
27460,price_cut_share,2019,0.132
27460,price_cut_share,2020,0.1306
27460,price_cut_share,2021,0.1218
27460,price_cut_share,2022,0.1511
27460,price_cut_share,2023,0.157
27460,price_cut_share,2024,0.1802
27460,price_cut_share,2025,0.1881
27460,price_cut_share,2026,0.1966
27460,price_cut_share,2026-08,0.2442
27500,price_cut_share,2018,0.1306
27500,price_cut_share,2019,0.1345
27500,price_cut_share,2020,0.1089
27500,price_cut_share,2021,0.0913
27500,price_cut_share,2022,0.112
27500,price_cut_share,2023,0.121
27500,price_cut_share,2024,0.1427
27500,price_cut_share,2025,0.152
27500,price_cut_share,2026,0.1577
27500,price_cut_share,2026-08,0.225
27540,price_cut_share,2018,0.1865
27540,price_cut_share,2019,0.1872
27540,price_cut_share,2020,0.1642
27540,price_cut_share,2021,0.1578
27540,price_cut_share,2022,0.2011
27540,price_cut_share,2023,0.2242
27540,price_cut_share,2024,0.248
27540,price_cut_share,2025,0.2191
27540,price_cut_share,2026,0.222
27540,price_cut_share,2026-08,0.2623
27600,price_cut_share,2018,0.1747
27600,price_cut_share,2019,0.1921
27600,price_cut_share,2020,0.1519
27600,price_cut_share,2021,0.1177
27600,price_cut_share,2022,0.1969
27600,price_cut_share,2023,0.2427
27600,price_cut_share,2024,0.2777
27600,price_cut_share,2025,0.2803
27600,price_cut_share,2026,0.2884
27600,price_cut_share,2026-08,0.3467
27620,price_cut_share,2018,0.1769
27620,price_cut_share,2019,0.1665
27620,price_cut_share,2020,0.1433
27620,price_cut_share,2021,0.1209
27620,price_cut_share,2022,0.1629
27620,price_cut_share,2023,0.1862
27620,price_cut_share,2024,0.1908
27620,price_cut_share,2025,0.2033
27620,price_cut_share,2026,0.2186
27620,price_cut_share,2026-08,0.2325
27700,price_cut_share,2018,0.1202
27700,price_cut_share,2019,0.1346
27700,price_cut_share,2020,0.1427
27700,price_cut_share,2021,0.1318
27700,price_cut_share,2022,0.1697
27700,price_cut_share,2023,0.1729
27700,price_cut_share,2024,0.2232
27700,price_cut_share,2025,0.2261
27700,price_cut_share,2026,0.2162
27700,price_cut_share,2026-08,0.2239
27740,price_cut_share,2018,0.1863
27740,price_cut_share,2019,0.1899
27740,price_cut_share,2020,0.168
27740,price_cut_share,2021,0.1503
27740,price_cut_share,2022,0.1887
27740,price_cut_share,2023,0.2332
27740,price_cut_share,2024,0.2734
27740,price_cut_share,2025,0.3068
27740,price_cut_share,2026,0.2954
27740,price_cut_share,2026-08,0.3363
27780,price_cut_share,2018,0.2004
27780,price_cut_share,2019,0.201
27780,price_cut_share,2020,0.1543
27780,price_cut_share,2021,0.1338
27780,price_cut_share,2022,0.1596
27780,price_cut_share,2023,0.1821
27780,price_cut_share,2024,0.1867
27780,price_cut_share,2025,0.2088
27780,price_cut_share,2026,0.1807
27780,price_cut_share,2026-08,0.2307
27860,price_cut_share,2018,0.1358
27860,price_cut_share,2019,0.14
27860,price_cut_share,2020,0.1313
27860,price_cut_share,2021,0.1261
27860,price_cut_share,2022,0.1665
27860,price_cut_share,2023,0.1807
27860,price_cut_share,2024,0.1836
27860,price_cut_share,2025,0.1889
27860,price_cut_share,2026,0.1771
27860,price_cut_share,2026-08,0.1967
27900,price_cut_share,2018,0.1665
27900,price_cut_share,2019,0.166
27900,price_cut_share,2020,0.1553
27900,price_cut_share,2021,0.1323
27900,price_cut_share,2022,0.1742
27900,price_cut_share,2023,0.1967
27900,price_cut_share,2024,0.2162
27900,price_cut_share,2025,0.2327
27900,price_cut_share,2026,0.2322
27900,price_cut_share,2026-08,0.2552
27940,price_cut_share,2018,0.1753
27940,price_cut_share,2019,0.1622
27940,price_cut_share,2020,0.1214
27940,price_cut_share,2021,0.0796
27940,price_cut_share,2022,0.13
27940,price_cut_share,2023,0.1553
27940,price_cut_share,2024,0.1482
27940,price_cut_share,2025,0.1851
27940,price_cut_share,2026,0.1383
27940,price_cut_share,2026-08,0.1957
27980,price_cut_share,2018,0.1082
27980,price_cut_share,2019,0.1227
27980,price_cut_share,2020,0.1078
27980,price_cut_share,2021,0.0844
27980,price_cut_share,2022,0.1298
27980,price_cut_share,2023,0.1352
27980,price_cut_share,2024,0.1628
27980,price_cut_share,2025,0.1746
27980,price_cut_share,2026,0.1618
27980,price_cut_share,2026-08,0.1594
28020,price_cut_share,2018,0.1979
28020,price_cut_share,2019,0.2123
28020,price_cut_share,2020,0.1664
28020,price_cut_share,2021,0.1557
28020,price_cut_share,2022,0.1905
28020,price_cut_share,2023,0.2143
28020,price_cut_share,2024,0.265
28020,price_cut_share,2025,0.2726
28020,price_cut_share,2026,0.2498
28020,price_cut_share,2026-08,0.3154
28060,price_cut_share,2018,0.1156
28060,price_cut_share,2019,0.116
28060,price_cut_share,2020,0.0922
28060,price_cut_share,2021,0.1207
28060,price_cut_share,2022,0.1962
28060,price_cut_share,2023,0.1792
28060,price_cut_share,2024,0.1795
28060,price_cut_share,2025,0.1925
28060,price_cut_share,2026,0.1768
28060,price_cut_share,2026-08,0.2352
28100,price_cut_share,2018,0.2075
28100,price_cut_share,2019,0.2095
28100,price_cut_share,2020,0.1935
28100,price_cut_share,2021,0.1568
28100,price_cut_share,2022,0.1825
28100,price_cut_share,2023,0.2042
28100,price_cut_share,2024,0.2204
28100,price_cut_share,2025,0.2528
28100,price_cut_share,2026,0.2125
28100,price_cut_share,2026-08,0.2249
28140,price_cut_share,2018,0.1748
28140,price_cut_share,2019,0.2056
28140,price_cut_share,2020,0.1717
28140,price_cut_share,2021,0.1489
28140,price_cut_share,2022,0.1906
28140,price_cut_share,2023,0.2179
28140,price_cut_share,2024,0.2484
28140,price_cut_share,2025,0.2612
28140,price_cut_share,2026,0.2411
28140,price_cut_share,2026-08,0.2977
28180,price_cut_share,2018,0.1011
28180,price_cut_share,2019,0.1264
28180,price_cut_share,2020,0.1049
28180,price_cut_share,2021,0.0874
28180,price_cut_share,2022,0.1199
28180,price_cut_share,2023,0.1577
28180,price_cut_share,2024,0.1787
28180,price_cut_share,2025,0.175
28180,price_cut_share,2026,0.1645
28180,price_cut_share,2026-08,0.1886
28260,price_cut_share,2018,0.1993
28260,price_cut_share,2019,0.1749
28260,price_cut_share,2020,0.1493
28260,price_cut_share,2021,0.1256
28260,price_cut_share,2022,0.186
28260,price_cut_share,2023,0.1861
28260,price_cut_share,2024,0.2207
28260,price_cut_share,2025,0.1918
28260,price_cut_share,2026,0.1937
28260,price_cut_share,2026-08,0.2588
28300,price_cut_share,2018,0.1277
28300,price_cut_share,2019,0.1173
28300,price_cut_share,2020,0.0892
28300,price_cut_share,2021,0.1182
28300,price_cut_share,2022,0.1312
28300,price_cut_share,2023,0.1565
28300,price_cut_share,2024,0.1868
28300,price_cut_share,2025,0.2101
28300,price_cut_share,2026,0.192
28300,price_cut_share,2026-08,0.2585
28340,price_cut_share,2018,0.1541
28340,price_cut_share,2019,0.1757
28340,price_cut_share,2020,0.1421
28340,price_cut_share,2021,0.1384
28340,price_cut_share,2022,0.1838
28340,price_cut_share,2023,0.25
28340,price_cut_share,2024,0.2321
28340,price_cut_share,2025,0.2655
28340,price_cut_share,2026,0.2262
28340,price_cut_share,2026-08,0.2792
28380,price_cut_share,2018,0.098
28380,price_cut_share,2019,0.1077
28380,price_cut_share,2020,0.0935
28380,price_cut_share,2021,0.0821
28380,price_cut_share,2022,0.0915
28380,price_cut_share,2023,0.1172
28380,price_cut_share,2024,0.128
28380,price_cut_share,2025,0.1658
28380,price_cut_share,2026,0.1939
28380,price_cut_share,2026-08,0.2259
28420,price_cut_share,2018,0.195
28420,price_cut_share,2019,0.198
28420,price_cut_share,2020,0.1611
28420,price_cut_share,2021,0.1225
28420,price_cut_share,2022,0.2166
28420,price_cut_share,2023,0.2535
28420,price_cut_share,2024,0.2583
28420,price_cut_share,2025,0.2644
28420,price_cut_share,2026,0.2601
28420,price_cut_share,2026-08,0.2945
28500,price_cut_share,2018,0.1279
28500,price_cut_share,2019,0.1399
28500,price_cut_share,2020,0.1204
28500,price_cut_share,2021,0.097
28500,price_cut_share,2022,0.1448
28500,price_cut_share,2023,0.1742
28500,price_cut_share,2024,0.1556
28500,price_cut_share,2025,0.1727
28500,price_cut_share,2026,0.1701
28500,price_cut_share,2026-08,0.2042
28540,price_cut_share,2018,0.1033
28540,price_cut_share,2019,0.1007
28540,price_cut_share,2020,0.1042
28540,price_cut_share,2021,0.0792
28540,price_cut_share,2022,0.0728
28540,price_cut_share,2023,0.0923
28540,price_cut_share,2024,0.1234
28540,price_cut_share,2025,0.1194
28540,price_cut_share,2026,0.142
28540,price_cut_share,2026-08,0.1496
28580,price_cut_share,2018,0.1225
28580,price_cut_share,2019,0.1508
28580,price_cut_share,2020,0.1346
28580,price_cut_share,2021,0.1077
28580,price_cut_share,2022,0.1638
28580,price_cut_share,2023,0.1972
28580,price_cut_share,2024,0.2125
28580,price_cut_share,2025,0.2066
28580,price_cut_share,2026,0.216
28580,price_cut_share,2026-08,0.1919
28620,price_cut_share,2018,0.1231
28620,price_cut_share,2019,0.1466
28620,price_cut_share,2020,0.1197
28620,price_cut_share,2021,0.1162
28620,price_cut_share,2022,0.1586
28620,price_cut_share,2023,0.1966
28620,price_cut_share,2024,0.222
28620,price_cut_share,2025,0.2096
28620,price_cut_share,2026,0.1954
28620,price_cut_share,2026-08,0.2009
28660,price_cut_share,2018,0.1526
28660,price_cut_share,2019,0.1612
28660,price_cut_share,2020,0.1318
28660,price_cut_share,2021,0.0924
28660,price_cut_share,2022,0.17
28660,price_cut_share,2023,0.21
28660,price_cut_share,2024,0.2142
28660,price_cut_share,2025,0.229
28660,price_cut_share,2026,0.2344
28660,price_cut_share,2026-08,0.2567
28700,price_cut_share,2018,0.1729
28700,price_cut_share,2019,0.1783
28700,price_cut_share,2020,0.1681
28700,price_cut_share,2021,0.1548
28700,price_cut_share,2022,0.1811
28700,price_cut_share,2023,0.2363
28700,price_cut_share,2024,0.2768
28700,price_cut_share,2025,0.2933
28700,price_cut_share,2026,0.283
28700,price_cut_share,2026-08,0.3135
28740,price_cut_share,2018,0.149
28740,price_cut_share,2019,0.1556
28740,price_cut_share,2020,0.1166
28740,price_cut_share,2021,0.1298
28740,price_cut_share,2022,0.1564
28740,price_cut_share,2023,0.1659
28740,price_cut_share,2024,0.1834
28740,price_cut_share,2025,0.1835
28740,price_cut_share,2026,0.1642
28740,price_cut_share,2026-08,0.2244
28780,price_cut_share,2018,0.117
28780,price_cut_share,2019,0.1376
28780,price_cut_share,2020,0.1078
28780,price_cut_share,2021,0.1297
28780,price_cut_share,2022,0.1447
28780,price_cut_share,2023,0.1699
28780,price_cut_share,2024,0.194
28780,price_cut_share,2025,0.1769
28780,price_cut_share,2026,0.171
28780,price_cut_share,2026-08,0.2011
28820,price_cut_share,2018,0.1281
28820,price_cut_share,2019,0.1153
28820,price_cut_share,2020,0.127
28820,price_cut_share,2021,0.0941
28820,price_cut_share,2022,0.147
28820,price_cut_share,2023,0.1479
28820,price_cut_share,2024,0.2184
28820,price_cut_share,2025,0.2319
28820,price_cut_share,2026,0.2513
28820,price_cut_share,2026-08,0.2916
28860,price_cut_share,2018,0.1018
28860,price_cut_share,2019,0.1079
28860,price_cut_share,2020,0.0958
28860,price_cut_share,2021,0.1169
28860,price_cut_share,2022,0.1222
28860,price_cut_share,2023,0.124
28860,price_cut_share,2024,0.1373
28860,price_cut_share,2025,0.1282
28860,price_cut_share,2026,0.1259
28860,price_cut_share,2026-08,0.2099
28880,price_cut_share,2021,0.1188
28880,price_cut_share,2022,0.1217
28880,price_cut_share,2023,0.1258
28880,price_cut_share,2024,0.1364
28880,price_cut_share,2025,0.1488
28880,price_cut_share,2026,0.1498
28880,price_cut_share,2026-08,0.1933
28900,price_cut_share,2018,0.16
28900,price_cut_share,2019,0.1572
28900,price_cut_share,2020,0.1355
28900,price_cut_share,2021,0.1452
28900,price_cut_share,2022,0.1935
28900,price_cut_share,2023,0.2035
28900,price_cut_share,2024,0.2007
28900,price_cut_share,2025,0.2136
28900,price_cut_share,2026,0.2234
28900,price_cut_share,2026-08,0.2716
28940,price_cut_share,2018,0.1837
28940,price_cut_share,2019,0.1968
28940,price_cut_share,2020,0.1729
28940,price_cut_share,2021,0.1507
28940,price_cut_share,2022,0.2182
28940,price_cut_share,2023,0.2422
28940,price_cut_share,2024,0.2807
28940,price_cut_share,2025,0.2982
28940,price_cut_share,2026,0.2768
28940,price_cut_share,2026-08,0.3165
29020,price_cut_share,2018,0.1558
29020,price_cut_share,2019,0.1771
29020,price_cut_share,2020,0.1478
29020,price_cut_share,2021,0.1439
29020,price_cut_share,2022,0.2033
29020,price_cut_share,2023,0.2024
29020,price_cut_share,2024,0.1767
29020,price_cut_share,2025,0.2272
29020,price_cut_share,2026,0.2267
29020,price_cut_share,2026-08,0.2748
29060,price_cut_share,2018,0.1419
29060,price_cut_share,2019,0.1297
29060,price_cut_share,2020,0.0983
29060,price_cut_share,2021,0.115
29060,price_cut_share,2022,0.1425
29060,price_cut_share,2023,0.1587
29060,price_cut_share,2024,0.1893
29060,price_cut_share,2025,0.1952
29060,price_cut_share,2026,0.1999
29060,price_cut_share,2026-08,0.2857
29100,price_cut_share,2018,0.1641
29100,price_cut_share,2019,0.1613
29100,price_cut_share,2020,0.1527
29100,price_cut_share,2021,0.1115
29100,price_cut_share,2022,0.1433
29100,price_cut_share,2023,0.1552
29100,price_cut_share,2024,0.1795
29100,price_cut_share,2025,0.1861
29100,price_cut_share,2026,0.1718
29100,price_cut_share,2026-08,0.2448
29180,price_cut_share,2018,0.2117
29180,price_cut_share,2019,0.2037
29180,price_cut_share,2020,0.1851
29180,price_cut_share,2021,0.1705
29180,price_cut_share,2022,0.2121
29180,price_cut_share,2023,0.2316
29180,price_cut_share,2024,0.2426
29180,price_cut_share,2025,0.2388
29180,price_cut_share,2026,0.2421
29180,price_cut_share,2026-08,0.2714
29200,price_cut_share,2018,0.1788
29200,price_cut_share,2019,0.1783
29200,price_cut_share,2020,0.1605
29200,price_cut_share,2021,0.1408
29200,price_cut_share,2022,0.1888
29200,price_cut_share,2023,0.1985
29200,price_cut_share,2024,0.2021
29200,price_cut_share,2025,0.249
29200,price_cut_share,2026,0.2262
29200,price_cut_share,2026-08,0.3048
29260,price_cut_share,2018,0.1442
29260,price_cut_share,2019,0.1488
29260,price_cut_share,2020,0.1015
29260,price_cut_share,2021,0.1198
29260,price_cut_share,2022,0.1422
29260,price_cut_share,2023,0.1366
29260,price_cut_share,2024,0.1502
29260,price_cut_share,2025,0.1839
29260,price_cut_share,2026,0.1992
29260,price_cut_share,2026-08,0.272
29300,price_cut_share,2018,0.1399
29300,price_cut_share,2019,0.1578
29300,price_cut_share,2020,0.13
29300,price_cut_share,2021,0.1123
29300,price_cut_share,2022,0.1378
29300,price_cut_share,2023,0.1751
29300,price_cut_share,2024,0.2283
29300,price_cut_share,2025,0.2464
29300,price_cut_share,2026,0.234
29300,price_cut_share,2026-08,0.2771
29340,price_cut_share,2018,0.1875
29340,price_cut_share,2019,0.1969
29340,price_cut_share,2020,0.1707
29340,price_cut_share,2021,0.1694
29340,price_cut_share,2022,0.248
29340,price_cut_share,2023,0.2419
29340,price_cut_share,2024,0.2222
29340,price_cut_share,2025,0.2043
29340,price_cut_share,2026,0.1941
29340,price_cut_share,2026-08,0.1977
29380,price_cut_share,2018,0.1397
29380,price_cut_share,2019,0.1588
29380,price_cut_share,2020,0.1327
29380,price_cut_share,2021,0.1332
29380,price_cut_share,2022,0.183
29380,price_cut_share,2023,0.2004
29380,price_cut_share,2024,0.2084
29380,price_cut_share,2025,0.2409
29380,price_cut_share,2026,0.2263
29380,price_cut_share,2026-08,0.2681
29420,price_cut_share,2018,0.1512
29420,price_cut_share,2019,0.192
29420,price_cut_share,2020,0.1624
29420,price_cut_share,2021,0.1432
29420,price_cut_share,2022,0.1987
29420,price_cut_share,2023,0.1994
29420,price_cut_share,2024,0.2295
29420,price_cut_share,2025,0.2548
29420,price_cut_share,2026,0.2475
29420,price_cut_share,2026-08,0.2596
29460,price_cut_share,2018,0.2091
29460,price_cut_share,2019,0.2138
29460,price_cut_share,2020,0.1918
29460,price_cut_share,2021,0.1364
29460,price_cut_share,2022,0.2211
29460,price_cut_share,2023,0.28
29460,price_cut_share,2024,0.28
29460,price_cut_share,2025,0.2729
29460,price_cut_share,2026,0.2551
29460,price_cut_share,2026-08,0.268
29540,price_cut_share,2018,0.2106
29540,price_cut_share,2019,0.2154
29540,price_cut_share,2020,0.1527
29540,price_cut_share,2021,0.1381
29540,price_cut_share,2022,0.1585
29540,price_cut_share,2023,0.179
29540,price_cut_share,2024,0.1983
29540,price_cut_share,2025,0.2085
29540,price_cut_share,2026,0.1941
29540,price_cut_share,2026-08,0.2338
29620,price_cut_share,2018,0.1779
29620,price_cut_share,2019,0.1778
29620,price_cut_share,2020,0.1495
29620,price_cut_share,2021,0.1389
29620,price_cut_share,2022,0.1779
29620,price_cut_share,2023,0.183
29620,price_cut_share,2024,0.1995
29620,price_cut_share,2025,0.2235
29620,price_cut_share,2026,0.2062
29620,price_cut_share,2026-08,0.2539
29660,price_cut_share,2018,0.1013
29660,price_cut_share,2019,0.1122
29660,price_cut_share,2020,0.0918
29660,price_cut_share,2021,0.0941
29660,price_cut_share,2022,0.1241
29660,price_cut_share,2023,0.1452
29660,price_cut_share,2024,0.1426
29660,price_cut_share,2025,0.1797
29660,price_cut_share,2026,0.1239
29660,price_cut_share,2026-08,0.1853
29700,price_cut_share,2018,0.1417
29700,price_cut_share,2019,0.1425
29700,price_cut_share,2020,0.1374
29700,price_cut_share,2021,0.1062
29700,price_cut_share,2022,0.1307
29700,price_cut_share,2023,0.1529
29700,price_cut_share,2024,0.1531
29700,price_cut_share,2025,0.1616
29700,price_cut_share,2026,0.1653
29700,price_cut_share,2026-08,0.1671
29740,price_cut_share,2018,0.147
29740,price_cut_share,2019,0.1505
29740,price_cut_share,2020,0.1519
29740,price_cut_share,2021,0.1257
29740,price_cut_share,2022,0.1543
29740,price_cut_share,2023,0.191
29740,price_cut_share,2024,0.1966
29740,price_cut_share,2025,0.2257
29740,price_cut_share,2026,0.199
29740,price_cut_share,2026-08,0.2018
29780,price_cut_share,2018,0.0694
29780,price_cut_share,2019,0.0705
29780,price_cut_share,2020,0.0707
29780,price_cut_share,2021,0.0747
29780,price_cut_share,2022,0.0943
29780,price_cut_share,2023,0.1272
29780,price_cut_share,2024,0.0941
29780,price_cut_share,2025,0.1254
29780,price_cut_share,2026,0.1315
29780,price_cut_share,2026-08,0.1425
29820,price_cut_share,2018,0.1969
29820,price_cut_share,2019,0.262
29820,price_cut_share,2020,0.1968
29820,price_cut_share,2021,0.1352
29820,price_cut_share,2022,0.2526
29820,price_cut_share,2023,0.2279
29820,price_cut_share,2024,0.2314
29820,price_cut_share,2025,0.2744
29820,price_cut_share,2026,0.2664
29820,price_cut_share,2026-08,0.2975
29860,price_cut_share,2018,0.1189
29860,price_cut_share,2019,0.1295
29860,price_cut_share,2020,0.1188
29860,price_cut_share,2021,0.1165
29860,price_cut_share,2022,0.162
29860,price_cut_share,2023,0.1818
29860,price_cut_share,2024,0.1812
29860,price_cut_share,2025,0.1957
29860,price_cut_share,2026,0.1878
29860,price_cut_share,2026-08,0.2141
29900,price_cut_share,2018,0.1201
29900,price_cut_share,2019,0.1093
29900,price_cut_share,2020,0.0739
29900,price_cut_share,2021,0.1013
29900,price_cut_share,2022,0.146
29900,price_cut_share,2023,0.1439
29900,price_cut_share,2024,0.1994
29900,price_cut_share,2025,0.222
29900,price_cut_share,2026,0.2133
29900,price_cut_share,2026-08,0.2501
29940,price_cut_share,2018,0.1784
29940,price_cut_share,2019,0.1769
29940,price_cut_share,2020,0.1529
29940,price_cut_share,2021,0.1532
29940,price_cut_share,2022,0.1798
29940,price_cut_share,2023,0.1784
29940,price_cut_share,2024,0.1886
29940,price_cut_share,2025,0.2094
29940,price_cut_share,2026,0.2089
29940,price_cut_share,2026-08,0.2607
29980,price_cut_share,2018,0.1439
29980,price_cut_share,2019,0.1674
29980,price_cut_share,2020,0.1406
29980,price_cut_share,2021,0.144
29980,price_cut_share,2022,0.2131
29980,price_cut_share,2023,0.2295
29980,price_cut_share,2024,0.2574
29980,price_cut_share,2025,0.2634
29980,price_cut_share,2026,0.2511
29980,price_cut_share,2026-08,0.3271
30020,price_cut_share,2018,0.1458
30020,price_cut_share,2019,0.1357
30020,price_cut_share,2020,0.1155
30020,price_cut_share,2021,0.0946
30020,price_cut_share,2022,0.12
30020,price_cut_share,2023,0.1541
30020,price_cut_share,2024,0.185
30020,price_cut_share,2025,0.1834
30020,price_cut_share,2026,0.191
30020,price_cut_share,2026-08,0.2126
30060,price_cut_share,2018,0.1329
30060,price_cut_share,2019,0.1267
30060,price_cut_share,2020,0.1175
30060,price_cut_share,2021,0.1237
30060,price_cut_share,2022,0.1498
30060,price_cut_share,2023,0.1674
30060,price_cut_share,2024,0.2058
30060,price_cut_share,2025,0.1959
30060,price_cut_share,2026,0.1844
30060,price_cut_share,2026-08,0.2071
30140,price_cut_share,2018,0.1913
30140,price_cut_share,2019,0.1924
30140,price_cut_share,2020,0.1441
30140,price_cut_share,2021,0.1442
30140,price_cut_share,2022,0.1668
30140,price_cut_share,2023,0.1529
30140,price_cut_share,2024,0.2001
30140,price_cut_share,2025,0.2265
30140,price_cut_share,2026,0.1832
30140,price_cut_share,2026-08,0.2471
30150,price_cut_share,2018,0.109
30150,price_cut_share,2019,0.1016
30150,price_cut_share,2020,0.0794
30150,price_cut_share,2021,0.1002
30150,price_cut_share,2022,0.118
30150,price_cut_share,2023,0.1288
30150,price_cut_share,2024,0.1675
30150,price_cut_share,2025,0.1714
30150,price_cut_share,2026,0.1517
30150,price_cut_share,2026-08,0.2152
30260,price_cut_share,2018,0.1343
30260,price_cut_share,2019,0.1561
30260,price_cut_share,2020,0.1328
30260,price_cut_share,2021,0.1055
30260,price_cut_share,2022,0.1937
30260,price_cut_share,2023,0.1942
30260,price_cut_share,2024,0.218
30260,price_cut_share,2025,0.2258
30260,price_cut_share,2026,0.2051
30260,price_cut_share,2026-08,0.2347
30280,price_cut_share,2018,0.2337
30280,price_cut_share,2019,0.1904
30280,price_cut_share,2020,0.1503
30280,price_cut_share,2021,0.1712
30280,price_cut_share,2022,0.2443
30280,price_cut_share,2023,0.2953
30280,price_cut_share,2024,0.3119
30280,price_cut_share,2025,0.3139
30280,price_cut_share,2026,0.3194
30280,price_cut_share,2026-08,0.3602
30300,price_cut_share,2018,0.1565
30300,price_cut_share,2019,0.1434
30300,price_cut_share,2020,0.1331
30300,price_cut_share,2021,0.1402
30300,price_cut_share,2022,0.1973
30300,price_cut_share,2023,0.2261
30300,price_cut_share,2024,0.2144
30300,price_cut_share,2025,0.2417
30300,price_cut_share,2026,0.2245
30300,price_cut_share,2026-08,0.2719
30340,price_cut_share,2018,0.1878
30340,price_cut_share,2019,0.1798
30340,price_cut_share,2020,0.1269
30340,price_cut_share,2021,0.1077
30340,price_cut_share,2022,0.142
30340,price_cut_share,2023,0.1584
30340,price_cut_share,2024,0.1927
30340,price_cut_share,2025,0.2203
30340,price_cut_share,2026,0.225
30340,price_cut_share,2026-08,0.3235
30380,price_cut_share,2018,0.138
30380,price_cut_share,2019,0.1401
30380,price_cut_share,2020,0.1283
30380,price_cut_share,2021,0.1239
30380,price_cut_share,2022,0.1413
30380,price_cut_share,2023,0.1355
30380,price_cut_share,2024,0.1953
30380,price_cut_share,2025,0.2185
30380,price_cut_share,2026,0.2028
30380,price_cut_share,2026-08,0.2693
30420,price_cut_share,2018,0.1492
30420,price_cut_share,2019,0.1253
30420,price_cut_share,2020,0.1025
30420,price_cut_share,2021,0.132
30420,price_cut_share,2022,0.162
30420,price_cut_share,2023,0.1355
30420,price_cut_share,2024,0.1322
30420,price_cut_share,2025,0.1705
30420,price_cut_share,2026,0.1851
30420,price_cut_share,2026-08,0.1952
30460,price_cut_share,2018,0.2061
30460,price_cut_share,2019,0.2045
30460,price_cut_share,2020,0.1748
30460,price_cut_share,2021,0.1456
30460,price_cut_share,2022,0.1809
30460,price_cut_share,2023,0.1977
30460,price_cut_share,2024,0.2252
30460,price_cut_share,2025,0.2371
30460,price_cut_share,2026,0.2302
30460,price_cut_share,2026-08,0.2843
30580,price_cut_share,2018,0.1612
30580,price_cut_share,2019,0.1359
30580,price_cut_share,2020,0.1145
30580,price_cut_share,2021,0.1463
30580,price_cut_share,2022,0.1035
30580,price_cut_share,2023,0.1146
30580,price_cut_share,2024,0.1541
30580,price_cut_share,2025,0.1665
30580,price_cut_share,2026,0.1435
30580,price_cut_share,2026-08,0.1464
30620,price_cut_share,2018,0.1571
30620,price_cut_share,2019,0.1706
30620,price_cut_share,2020,0.1507
30620,price_cut_share,2021,0.1288
30620,price_cut_share,2022,0.1843
30620,price_cut_share,2023,0.2043
30620,price_cut_share,2024,0.2163
30620,price_cut_share,2025,0.2326
30620,price_cut_share,2026,0.2641
30620,price_cut_share,2026-08,0.2767
30660,price_cut_share,2018,0.1538
30660,price_cut_share,2019,0.157
30660,price_cut_share,2020,0.1514
30660,price_cut_share,2021,0.1377
30660,price_cut_share,2022,0.1811
30660,price_cut_share,2023,0.182
30660,price_cut_share,2024,0.1585
30660,price_cut_share,2025,0.2131
30660,price_cut_share,2026,0.1999
30660,price_cut_share,2026-08,0.1585
30700,price_cut_share,2018,0.186
30700,price_cut_share,2019,0.2036
30700,price_cut_share,2020,0.1821
30700,price_cut_share,2021,0.1505
30700,price_cut_share,2022,0.1821
30700,price_cut_share,2023,0.2207
30700,price_cut_share,2024,0.2325
30700,price_cut_share,2025,0.2523
30700,price_cut_share,2026,0.2395
30700,price_cut_share,2026-08,0.3032
30780,price_cut_share,2018,0.1684
30780,price_cut_share,2019,0.1807
30780,price_cut_share,2020,0.1467
30780,price_cut_share,2021,0.1069
30780,price_cut_share,2022,0.1366
30780,price_cut_share,2023,0.1736
30780,price_cut_share,2024,0.205
30780,price_cut_share,2025,0.2189
30780,price_cut_share,2026,0.2126
30780,price_cut_share,2026-08,0.2431
30820,price_cut_share,2018,0.2014
30820,price_cut_share,2019,0.1871
30820,price_cut_share,2020,0.1839
30820,price_cut_share,2021,0.1551
30820,price_cut_share,2022,0.1596
30820,price_cut_share,2023,0.203
30820,price_cut_share,2024,0.2335
30820,price_cut_share,2025,0.2558
30820,price_cut_share,2026,0.2162
30820,price_cut_share,2026-08,0.2645
30860,price_cut_share,2018,0.2085
30860,price_cut_share,2019,0.2015
30860,price_cut_share,2020,0.1567
30860,price_cut_share,2021,0.0996
30860,price_cut_share,2022,0.2005
30860,price_cut_share,2023,0.2538
30860,price_cut_share,2024,0.2605
30860,price_cut_share,2025,0.2757
30860,price_cut_share,2026,0.2653
30860,price_cut_share,2026-08,0.3008
30900,price_cut_share,2018,0.1383
30900,price_cut_share,2019,0.1626
30900,price_cut_share,2020,0.1386
30900,price_cut_share,2021,0.143
30900,price_cut_share,2022,0.1897
30900,price_cut_share,2023,0.1747
30900,price_cut_share,2024,0.1951
30900,price_cut_share,2025,0.2423
30900,price_cut_share,2026,0.2167
30900,price_cut_share,2026-08,0.224
30980,price_cut_share,2018,0.1597
30980,price_cut_share,2019,0.1537
30980,price_cut_share,2020,0.1369
30980,price_cut_share,2021,0.1075
30980,price_cut_share,2022,0.1482
30980,price_cut_share,2023,0.2035
30980,price_cut_share,2024,0.2224
30980,price_cut_share,2025,0.2241
30980,price_cut_share,2026,0.2262
30980,price_cut_share,2026-08,0.2648
31020,price_cut_share,2018,0.1804
31020,price_cut_share,2019,0.1952
31020,price_cut_share,2020,0.1495
31020,price_cut_share,2021,0.1478
31020,price_cut_share,2022,0.2093
31020,price_cut_share,2023,0.209
31020,price_cut_share,2024,0.2378
31020,price_cut_share,2025,0.2607
31020,price_cut_share,2026,0.2384
31020,price_cut_share,2026-08,0.3106
31060,price_cut_share,2018,0.1066
31060,price_cut_share,2019,0.0741
31060,price_cut_share,2020,0.0891
31060,price_cut_share,2021,0.0747
31060,price_cut_share,2022,0.0882
31060,price_cut_share,2023,0.0842
31060,price_cut_share,2024,0.0898
31060,price_cut_share,2025,0.2264
31060,price_cut_share,2026,0.2216
31060,price_cut_share,2026-08,0.2676
31080,price_cut_share,2018,0.2071
31080,price_cut_share,2019,0.2034
31080,price_cut_share,2020,0.1466
31080,price_cut_share,2021,0.1146
31080,price_cut_share,2022,0.1721
31080,price_cut_share,2023,0.1623
31080,price_cut_share,2024,0.1747
31080,price_cut_share,2025,0.2086
31080,price_cut_share,2026,0.2007
31080,price_cut_share,2026-08,0.2351
31140,price_cut_share,2018,0.2197
31140,price_cut_share,2019,0.2333
31140,price_cut_share,2020,0.2068
31140,price_cut_share,2021,0.1868
31140,price_cut_share,2022,0.2196
31140,price_cut_share,2023,0.24
31140,price_cut_share,2024,0.2533
31140,price_cut_share,2025,0.2728
31140,price_cut_share,2026,0.2769
31140,price_cut_share,2026-08,0.321
31180,price_cut_share,2018,0.2256
31180,price_cut_share,2019,0.233
31180,price_cut_share,2020,0.1935
31180,price_cut_share,2021,0.1591
31180,price_cut_share,2022,0.1881
31180,price_cut_share,2023,0.2576
31180,price_cut_share,2024,0.2604
31180,price_cut_share,2025,0.2471
31180,price_cut_share,2026,0.2383
31180,price_cut_share,2026-08,0.2814
31220,price_cut_share,2018,0.1451
31220,price_cut_share,2019,0.1399
31220,price_cut_share,2020,0.1271
31220,price_cut_share,2021,0.1215
31220,price_cut_share,2022,0.1595
31220,price_cut_share,2023,0.1868
31220,price_cut_share,2024,0.2401
31220,price_cut_share,2025,0.2232
31220,price_cut_share,2026,0.1909
31220,price_cut_share,2026-08,0.3055
31260,price_cut_share,2018,0.1497
31260,price_cut_share,2019,0.1463
31260,price_cut_share,2020,0.1532
31260,price_cut_share,2021,0.131
31260,price_cut_share,2022,0.1861
31260,price_cut_share,2023,0.2246
31260,price_cut_share,2024,0.2218
31260,price_cut_share,2025,0.2173
31260,price_cut_share,2026,0.1966
31260,price_cut_share,2026-08,0.2173
31300,price_cut_share,2018,0.1132
31300,price_cut_share,2019,0.1244
31300,price_cut_share,2020,0.1229
31300,price_cut_share,2021,0.111
31300,price_cut_share,2022,0.1404
31300,price_cut_share,2023,0.1681
31300,price_cut_share,2024,0.2114
31300,price_cut_share,2025,0.2149
31300,price_cut_share,2026,0.2054
31300,price_cut_share,2026-08,0.2205
31340,price_cut_share,2018,0.1612
31340,price_cut_share,2019,0.1711
31340,price_cut_share,2020,0.1523
31340,price_cut_share,2021,0.1331
31340,price_cut_share,2022,0.1628
31340,price_cut_share,2023,0.187
31340,price_cut_share,2024,0.1973
31340,price_cut_share,2025,0.2379
31340,price_cut_share,2026,0.2274
31340,price_cut_share,2026-08,0.2783
31380,price_cut_share,2018,0.158
31380,price_cut_share,2019,0.1352
31380,price_cut_share,2020,0.1324
31380,price_cut_share,2021,0.1087
31380,price_cut_share,2022,0.119
31380,price_cut_share,2023,0.1437
31380,price_cut_share,2024,0.2035
31380,price_cut_share,2025,0.1945
31380,price_cut_share,2026,0.1988
31380,price_cut_share,2026-08,0.2522
31420,price_cut_share,2018,0.1466
31420,price_cut_share,2019,0.1657
31420,price_cut_share,2020,0.1543
31420,price_cut_share,2021,0.1269
31420,price_cut_share,2022,0.1463
31420,price_cut_share,2023,0.1854
31420,price_cut_share,2024,0.2129
31420,price_cut_share,2025,0.224
31420,price_cut_share,2026,0.2278
31420,price_cut_share,2026-08,0.2465
31500,price_cut_share,2018,0.1446
31500,price_cut_share,2019,0.1554
31500,price_cut_share,2020,0.1177
31500,price_cut_share,2021,0.1214
31500,price_cut_share,2022,0.1897
31500,price_cut_share,2023,0.1784
31500,price_cut_share,2024,0.1935
31500,price_cut_share,2025,0.1881
31500,price_cut_share,2026,0.2344
31500,price_cut_share,2026-08,0.2798
31540,price_cut_share,2018,0.1417
31540,price_cut_share,2019,0.1407
31540,price_cut_share,2020,0.1119
31540,price_cut_share,2021,0.0862
31540,price_cut_share,2022,0.1033
31540,price_cut_share,2023,0.1081
31540,price_cut_share,2024,0.1362
31540,price_cut_share,2025,0.1566
31540,price_cut_share,2026,0.1523
31540,price_cut_share,2026-08,0.2516
31580,price_cut_share,2018,0.1459
31580,price_cut_share,2019,0.16
31580,price_cut_share,2020,0.1668
31580,price_cut_share,2021,0.13
31580,price_cut_share,2022,0.1792
31580,price_cut_share,2023,0.1871
31580,price_cut_share,2024,0.2043
31580,price_cut_share,2025,0.2317
31580,price_cut_share,2026,0.2313
31580,price_cut_share,2026-08,0.2844
31620,price_cut_share,2018,0.1016
31620,price_cut_share,2019,0.0959
31620,price_cut_share,2020,0.088
31620,price_cut_share,2021,0.0571
31620,price_cut_share,2022,0.0918
31620,price_cut_share,2023,0.0925
31620,price_cut_share,2024,0.1166
31620,price_cut_share,2025,0.1037
31620,price_cut_share,2026,0.1178
31620,price_cut_share,2026-08,0.1321
31680,price_cut_share,2018,0.1103
31680,price_cut_share,2019,0.1326
31680,price_cut_share,2020,0.1094
31680,price_cut_share,2021,0.1027
31680,price_cut_share,2022,0.1509
31680,price_cut_share,2023,0.1692
31680,price_cut_share,2024,0.2028
31680,price_cut_share,2025,0.1904
31680,price_cut_share,2026,0.2012
31680,price_cut_share,2026-08,0.2379
31700,price_cut_share,2018,0.1749
31700,price_cut_share,2019,0.1456
31700,price_cut_share,2020,0.1053
31700,price_cut_share,2021,0.1027
31700,price_cut_share,2022,0.1265
31700,price_cut_share,2023,0.1322
31700,price_cut_share,2024,0.1484
31700,price_cut_share,2025,0.1821
31700,price_cut_share,2026,0.1644
31700,price_cut_share,2026-08,0.2387
31740,price_cut_share,2018,0.2074
31740,price_cut_share,2019,0.1886
31740,price_cut_share,2020,0.1697
31740,price_cut_share,2021,0.1712
31740,price_cut_share,2022,0.1814
31740,price_cut_share,2023,0.1991
31740,price_cut_share,2024,0.2168
31740,price_cut_share,2025,0.2143
31740,price_cut_share,2026,0.2125
31740,price_cut_share,2026-08,0.2683
31820,price_cut_share,2018,0.149
31820,price_cut_share,2019,0.1341
31820,price_cut_share,2020,0.1087
31820,price_cut_share,2021,0.0734
31820,price_cut_share,2022,0.0833
31820,price_cut_share,2023,0.108
31820,price_cut_share,2024,0.1175
31820,price_cut_share,2025,0.141
31820,price_cut_share,2026,0.1343
31820,price_cut_share,2026-08,0.1572
31860,price_cut_share,2018,0.1839
31860,price_cut_share,2019,0.1939
31860,price_cut_share,2020,0.1724
31860,price_cut_share,2021,0.1418
31860,price_cut_share,2022,0.192
31860,price_cut_share,2023,0.2072
31860,price_cut_share,2024,0.2247
31860,price_cut_share,2025,0.2255
31860,price_cut_share,2026,0.2096
31860,price_cut_share,2026-08,0.2947
31900,price_cut_share,2018,0.1822
31900,price_cut_share,2019,0.1985
31900,price_cut_share,2020,0.1567
31900,price_cut_share,2021,0.1426
31900,price_cut_share,2022,0.1739
31900,price_cut_share,2023,0.177
31900,price_cut_share,2024,0.2313
31900,price_cut_share,2025,0.2533
31900,price_cut_share,2026,0.2294
31900,price_cut_share,2026-08,0.2615
31930,price_cut_share,2018,0.1306
31930,price_cut_share,2019,0.1496
31930,price_cut_share,2020,0.1482
31930,price_cut_share,2021,0.1609
31930,price_cut_share,2022,0.1913
31930,price_cut_share,2023,0.2137
31930,price_cut_share,2024,0.2398
31930,price_cut_share,2025,0.2314
31930,price_cut_share,2026,0.1976
31930,price_cut_share,2026-08,0.2278
31940,price_cut_share,2018,0.1007
31940,price_cut_share,2019,0.1029
31940,price_cut_share,2020,0.0946
31940,price_cut_share,2021,0.1042
31940,price_cut_share,2022,0.1029
31940,price_cut_share,2023,0.1129
31940,price_cut_share,2024,0.1357
31940,price_cut_share,2025,0.1487
31940,price_cut_share,2026,0.1438
31940,price_cut_share,2026-08,0.1924
31980,price_cut_share,2018,0.1548
31980,price_cut_share,2019,0.1472
31980,price_cut_share,2020,0.1425
31980,price_cut_share,2021,0.1472
31980,price_cut_share,2022,0.1866
31980,price_cut_share,2023,0.1669
31980,price_cut_share,2024,0.198
31980,price_cut_share,2025,0.2151
31980,price_cut_share,2026,0.2351
31980,price_cut_share,2026-08,0.2496
32000,price_cut_share,2018,0.1104
32000,price_cut_share,2019,0.1397
32000,price_cut_share,2020,0.1357
32000,price_cut_share,2021,0.1128
32000,price_cut_share,2022,0.1118
32000,price_cut_share,2023,0.119
32000,price_cut_share,2024,0.1811
32000,price_cut_share,2025,0.1891
32000,price_cut_share,2026,0.2038
32000,price_cut_share,2026-08,0.234
32020,price_cut_share,2018,0.1582
32020,price_cut_share,2019,0.1525
32020,price_cut_share,2020,0.1217
32020,price_cut_share,2021,0.1296
32020,price_cut_share,2022,0.194
32020,price_cut_share,2023,0.2125
32020,price_cut_share,2024,0.2764
32020,price_cut_share,2025,0.2847
32020,price_cut_share,2026,0.3071
32020,price_cut_share,2026-08,0.3448
32100,price_cut_share,2018,0.1607
32100,price_cut_share,2019,0.1673
32100,price_cut_share,2020,0.1368
32100,price_cut_share,2021,0.1066
32100,price_cut_share,2022,0.1139
32100,price_cut_share,2023,0.1219
32100,price_cut_share,2024,0.1388
32100,price_cut_share,2025,0.1255
32100,price_cut_share,2026,0.1253
32100,price_cut_share,2026-08,0.2028
32140,price_cut_share,2018,0.1991
32140,price_cut_share,2019,0.1526
32140,price_cut_share,2020,0.1938
32140,price_cut_share,2021,0.1704
32140,price_cut_share,2022,0.1727
32140,price_cut_share,2023,0.1922
32140,price_cut_share,2024,0.2484
32140,price_cut_share,2025,0.1471
32140,price_cut_share,2026,0.1524
32140,price_cut_share,2026-08,0.2033
32180,price_cut_share,2018,0.1144
32180,price_cut_share,2019,0.1396
32180,price_cut_share,2020,0.1122
32180,price_cut_share,2021,0.1342
32180,price_cut_share,2022,0.1886
32180,price_cut_share,2023,0.1869
32180,price_cut_share,2024,0.1739
32180,price_cut_share,2025,0.1844
32180,price_cut_share,2026,0.177
32180,price_cut_share,2026-08,0.219
32260,price_cut_share,2018,0.1955
32260,price_cut_share,2019,0.2001
32260,price_cut_share,2020,0.1697
32260,price_cut_share,2021,0.1436
32260,price_cut_share,2022,0.1843
32260,price_cut_share,2023,0.2069
32260,price_cut_share,2024,0.2191
32260,price_cut_share,2025,0.2294
32260,price_cut_share,2026,0.2175
32260,price_cut_share,2026-08,0.2292
32280,price_cut_share,2018,0.1208
32280,price_cut_share,2019,0.1058
32280,price_cut_share,2020,0.1092
32280,price_cut_share,2021,0.0986
32280,price_cut_share,2022,0.1563
32280,price_cut_share,2023,0.1719
32280,price_cut_share,2024,0.1918
32280,price_cut_share,2025,0.2419
32280,price_cut_share,2026,0.1824
32280,price_cut_share,2026-08,0.1965
32300,price_cut_share,2018,0.1025
32300,price_cut_share,2019,0.1144
32300,price_cut_share,2020,0.1066
32300,price_cut_share,2021,0.115
32300,price_cut_share,2022,0.1584
32300,price_cut_share,2023,0.1737
32300,price_cut_share,2024,0.2365
32300,price_cut_share,2025,0.2329
32300,price_cut_share,2026,0.2376
32300,price_cut_share,2026-08,0.2805
32340,price_cut_share,2018,0.1102
32340,price_cut_share,2019,0.1249
32340,price_cut_share,2020,0.1101
32340,price_cut_share,2021,0.1258
32340,price_cut_share,2022,0.1923
32340,price_cut_share,2023,0.1939
32340,price_cut_share,2024,0.2072
32340,price_cut_share,2025,0.1728
32340,price_cut_share,2026,0.1869
32340,price_cut_share,2026-08,0.2391
32380,price_cut_share,2018,0.1223
32380,price_cut_share,2019,0.1165
32380,price_cut_share,2020,0.1065
32380,price_cut_share,2021,0.0958
32380,price_cut_share,2022,0.1296
32380,price_cut_share,2023,0.1714
32380,price_cut_share,2024,0.182
32380,price_cut_share,2025,0.1819
32380,price_cut_share,2026,0.1722
32380,price_cut_share,2026-08,0.2139
32390,price_cut_share,2018,0.1124
32390,price_cut_share,2019,0.1176
32390,price_cut_share,2020,0.1087
32390,price_cut_share,2021,0.1303
32390,price_cut_share,2022,0.1398
32390,price_cut_share,2023,0.1495
32390,price_cut_share,2024,0.1664
32390,price_cut_share,2025,0.1698
32390,price_cut_share,2026,0.1649
32390,price_cut_share,2026-08,0.2358
32460,price_cut_share,2018,0.121
32460,price_cut_share,2019,0.1379
32460,price_cut_share,2020,0.1338
32460,price_cut_share,2021,0.0993
32460,price_cut_share,2022,0.1303
32460,price_cut_share,2023,0.1691
32460,price_cut_share,2024,0.1796
32460,price_cut_share,2025,0.1872
32460,price_cut_share,2026,0.1868
32460,price_cut_share,2026-08,0.248
32540,price_cut_share,2018,0.1177
32540,price_cut_share,2019,0.1227
32540,price_cut_share,2020,0.1092
32540,price_cut_share,2021,0.1227
32540,price_cut_share,2022,0.1638
32540,price_cut_share,2023,0.1664
32540,price_cut_share,2024,0.1859
32540,price_cut_share,2025,0.1733
32540,price_cut_share,2026,0.192
32540,price_cut_share,2026-08,0.2177
32580,price_cut_share,2018,0.1368
32580,price_cut_share,2019,0.1345
32580,price_cut_share,2020,0.1195
32580,price_cut_share,2021,0.1087
32580,price_cut_share,2022,0.1401
32580,price_cut_share,2023,0.1599
32580,price_cut_share,2024,0.1814
32580,price_cut_share,2025,0.1849
32580,price_cut_share,2026,0.1796
32580,price_cut_share,2026-08,0.1808
32620,price_cut_share,2018,0.1119
32620,price_cut_share,2019,0.0937
32620,price_cut_share,2020,0.1013
32620,price_cut_share,2021,0.0942
32620,price_cut_share,2022,0.1021
32620,price_cut_share,2023,0.1401
32620,price_cut_share,2024,0.1345
32620,price_cut_share,2025,0.1545
32620,price_cut_share,2026,0.1784
32620,price_cut_share,2026-08,0.1805
32660,price_cut_share,2018,0.1256
32660,price_cut_share,2019,0.1307
32660,price_cut_share,2020,0.1427
32660,price_cut_share,2021,0.1485
32660,price_cut_share,2022,0.2203
32660,price_cut_share,2023,0.2552
32660,price_cut_share,2024,0.2722
32660,price_cut_share,2025,0.2949
32660,price_cut_share,2026,0.288
32660,price_cut_share,2026-08,0.3339
32700,price_cut_share,2018,0.1668
32700,price_cut_share,2019,0.1748
32700,price_cut_share,2020,0.1737
32700,price_cut_share,2021,0.154
32700,price_cut_share,2022,0.1896
32700,price_cut_share,2023,0.2431
32700,price_cut_share,2024,0.2117
32700,price_cut_share,2025,0.2292
32700,price_cut_share,2026,0.2033
32700,price_cut_share,2026-08,0.2303
32740,price_cut_share,2018,0.1321
32740,price_cut_share,2019,0.1204
32740,price_cut_share,2020,0.1128
32740,price_cut_share,2021,0.1376
32740,price_cut_share,2022,0.151
32740,price_cut_share,2023,0.1781
32740,price_cut_share,2024,0.1796
32740,price_cut_share,2025,0.1883
32740,price_cut_share,2026,0.184
32740,price_cut_share,2026-08,0.258
32780,price_cut_share,2018,0.2354
32780,price_cut_share,2019,0.2272
32780,price_cut_share,2020,0.1596
32780,price_cut_share,2021,0.172
32780,price_cut_share,2022,0.2598
32780,price_cut_share,2023,0.2465
32780,price_cut_share,2024,0.2528
32780,price_cut_share,2025,0.2532
32780,price_cut_share,2026,0.2586
32780,price_cut_share,2026-08,0.296
32820,price_cut_share,2018,0.1619
32820,price_cut_share,2019,0.1639
32820,price_cut_share,2020,0.1501
32820,price_cut_share,2021,0.1002
32820,price_cut_share,2022,0.1583
32820,price_cut_share,2023,0.2221
32820,price_cut_share,2024,0.2549
32820,price_cut_share,2025,0.2716
32820,price_cut_share,2026,0.2617
32820,price_cut_share,2026-08,0.2982
32860,price_cut_share,2018,0.1422
32860,price_cut_share,2019,0.1349
32860,price_cut_share,2020,0.1092
32860,price_cut_share,2021,0.1007
32860,price_cut_share,2022,0.1063
32860,price_cut_share,2023,0.1227
32860,price_cut_share,2024,0.1393
32860,price_cut_share,2025,0.1904
32860,price_cut_share,2026,0.1644
32860,price_cut_share,2026-08,0.2202
32900,price_cut_share,2018,0.1788
32900,price_cut_share,2019,0.2091
32900,price_cut_share,2020,0.1334
32900,price_cut_share,2021,0.0868
32900,price_cut_share,2022,0.1997
32900,price_cut_share,2023,0.1769
32900,price_cut_share,2024,0.169
32900,price_cut_share,2025,0.2066
32900,price_cut_share,2026,0.191
32900,price_cut_share,2026-08,0.2069
32940,price_cut_share,2018,0.1432
32940,price_cut_share,2019,0.1478
32940,price_cut_share,2020,0.1209
32940,price_cut_share,2021,0.112
32940,price_cut_share,2022,0.1438
32940,price_cut_share,2023,0.1592
32940,price_cut_share,2024,0.1838
32940,price_cut_share,2025,0.1747
32940,price_cut_share,2026,0.1861
32940,price_cut_share,2026-08,0.2103
33020,price_cut_share,2018,0.1257
33020,price_cut_share,2019,0.1133
33020,price_cut_share,2020,0.1538
33020,price_cut_share,2021,0.132
33020,price_cut_share,2022,0.1799
33020,price_cut_share,2023,0.1525
33020,price_cut_share,2024,0.1524
33020,price_cut_share,2025,0.1923
33020,price_cut_share,2026,0.223
33020,price_cut_share,2026-08,0.2747
33060,price_cut_share,2018,0.1254
33060,price_cut_share,2019,0.1224
33060,price_cut_share,2020,0.1161
33060,price_cut_share,2021,0.1071
33060,price_cut_share,2022,0.157
33060,price_cut_share,2023,0.1674
33060,price_cut_share,2024,0.1628
33060,price_cut_share,2025,0.1969
33060,price_cut_share,2026,0.2244
33060,price_cut_share,2026-08,0.2249
33100,price_cut_share,2018,0.1744
33100,price_cut_share,2019,0.181
33100,price_cut_share,2020,0.1472
33100,price_cut_share,2021,0.1108
33100,price_cut_share,2022,0.1538
33100,price_cut_share,2023,0.1914
33100,price_cut_share,2024,0.2253
33100,price_cut_share,2025,0.2206
33100,price_cut_share,2026,0.197
33100,price_cut_share,2026-08,0.1888
33140,price_cut_share,2018,0.1848
33140,price_cut_share,2019,0.2049
33140,price_cut_share,2020,0.1685
33140,price_cut_share,2021,0.1598
33140,price_cut_share,2022,0.1954
33140,price_cut_share,2023,0.2126
33140,price_cut_share,2024,0.2349
33140,price_cut_share,2025,0.2575
33140,price_cut_share,2026,0.2431
33140,price_cut_share,2026-08,0.2998
33180,price_cut_share,2018,0.075
33180,price_cut_share,2019,0.113
33180,price_cut_share,2020,0.1001
33180,price_cut_share,2021,0.1086
33180,price_cut_share,2022,0.1479
33180,price_cut_share,2023,0.1704
33180,price_cut_share,2024,0.2138
33180,price_cut_share,2025,0.2257
33180,price_cut_share,2026,0.2364
33180,price_cut_share,2026-08,0.3282
33220,price_cut_share,2018,0.2209
33220,price_cut_share,2019,0.2286
33220,price_cut_share,2020,0.1735
33220,price_cut_share,2021,0.1455
33220,price_cut_share,2022,0.1656
33220,price_cut_share,2023,0.1883
33220,price_cut_share,2024,0.1928
33220,price_cut_share,2025,0.2157
33220,price_cut_share,2026,0.2305
33220,price_cut_share,2026-08,0.3053
33260,price_cut_share,2018,0.2008
33260,price_cut_share,2019,0.2432
33260,price_cut_share,2020,0.2724
33260,price_cut_share,2021,0.275
33260,price_cut_share,2022,0.2924
33260,price_cut_share,2023,0.2781
33260,price_cut_share,2024,0.2885
33260,price_cut_share,2025,0.3018
33260,price_cut_share,2026,0.305
33260,price_cut_share,2026-08,0.3508
33300,price_cut_share,2018,0.1244
33300,price_cut_share,2019,0.144
33300,price_cut_share,2020,0.1039
33300,price_cut_share,2021,0.1123
33300,price_cut_share,2022,0.1553
33300,price_cut_share,2023,0.1661
33300,price_cut_share,2024,0.1812
33300,price_cut_share,2025,0.1986
33300,price_cut_share,2026,0.2115
33300,price_cut_share,2026-08,0.2368
33340,price_cut_share,2018,0.1781
33340,price_cut_share,2019,0.1598
33340,price_cut_share,2020,0.1327
33340,price_cut_share,2021,0.1119
33340,price_cut_share,2022,0.1247
33340,price_cut_share,2023,0.1391
33340,price_cut_share,2024,0.1551
33340,price_cut_share,2025,0.1628
33340,price_cut_share,2026,0.1483
33340,price_cut_share,2026-08,0.1815
33380,price_cut_share,2023,0.2048
33380,price_cut_share,2024,0.2679
33380,price_cut_share,2025,0.2546
33380,price_cut_share,2026,0.2514
33380,price_cut_share,2026-08,0.2354
33420,price_cut_share,2018,0.0981
33420,price_cut_share,2019,0.1096
33420,price_cut_share,2020,0.1044
33420,price_cut_share,2021,0.1145
33420,price_cut_share,2022,0.1846
33420,price_cut_share,2023,0.2218
33420,price_cut_share,2024,0.221
33420,price_cut_share,2025,0.2082
33420,price_cut_share,2026,0.1925
33420,price_cut_share,2026-08,0.2251
33460,price_cut_share,2018,0.1872
33460,price_cut_share,2019,0.1823
33460,price_cut_share,2020,0.1521
33460,price_cut_share,2021,0.1397
33460,price_cut_share,2022,0.187
33460,price_cut_share,2023,0.1995
33460,price_cut_share,2024,0.2185
33460,price_cut_share,2025,0.2237
33460,price_cut_share,2026,0.2082
33460,price_cut_share,2026-08,0.2738
33500,price_cut_share,2018,0.1891
33500,price_cut_share,2019,0.1973
33500,price_cut_share,2020,0.1939
33500,price_cut_share,2021,0.1739
33500,price_cut_share,2022,0.1954
33500,price_cut_share,2023,0.1993
33500,price_cut_share,2024,0.2257
33500,price_cut_share,2025,0.2192
33500,price_cut_share,2026,0.1999
33500,price_cut_share,2026-08,0.2554
33540,price_cut_share,2018,0.1371
33540,price_cut_share,2019,0.1289
33540,price_cut_share,2020,0.0931
33540,price_cut_share,2021,0.115
33540,price_cut_share,2022,0.1737
33540,price_cut_share,2023,0.1688
33540,price_cut_share,2024,0.1641
33540,price_cut_share,2025,0.2003
33540,price_cut_share,2026,0.1787
33540,price_cut_share,2026-08,0.2132
33580,price_cut_share,2019,0.139
33580,price_cut_share,2020,0.1647
33580,price_cut_share,2021,0.1758
33580,price_cut_share,2022,0.1923
33580,price_cut_share,2023,0.216
33580,price_cut_share,2024,0.2209
33580,price_cut_share,2025,0.2063
33580,price_cut_share,2026,0.1852
33580,price_cut_share,2026-08,0.2433
33620,price_cut_share,2018,0.1535
33620,price_cut_share,2019,0.164
33620,price_cut_share,2020,0.1421
33620,price_cut_share,2021,0.1259
33620,price_cut_share,2022,0.1597
33620,price_cut_share,2023,0.1648
33620,price_cut_share,2024,0.1807
33620,price_cut_share,2025,0.224
33620,price_cut_share,2026,0.1761
33620,price_cut_share,2026-08,0.2349
33660,price_cut_share,2018,0.1737
33660,price_cut_share,2019,0.1778
33660,price_cut_share,2020,0.1587
33660,price_cut_share,2021,0.1464
33660,price_cut_share,2022,0.181
33660,price_cut_share,2023,0.2134
33660,price_cut_share,2024,0.2423
33660,price_cut_share,2025,0.2422
33660,price_cut_share,2026,0.2396
33660,price_cut_share,2026-08,0.2671
33700,price_cut_share,2018,0.245
33700,price_cut_share,2019,0.2145
33700,price_cut_share,2020,0.151
33700,price_cut_share,2021,0.1266
33700,price_cut_share,2022,0.2147
33700,price_cut_share,2023,0.1925
33700,price_cut_share,2024,0.2074
33700,price_cut_share,2025,0.2373
33700,price_cut_share,2026,0.2147
33700,price_cut_share,2026-08,0.2492
33740,price_cut_share,2018,0.2135
33740,price_cut_share,2019,0.2231
33740,price_cut_share,2020,0.2019
33740,price_cut_share,2021,0.1615
33740,price_cut_share,2022,0.2019
33740,price_cut_share,2023,0.2258
33740,price_cut_share,2024,0.2261
33740,price_cut_share,2025,0.2286
33740,price_cut_share,2026,0.2023
33740,price_cut_share,2026-08,0.2211
33780,price_cut_share,2018,0.2133
33780,price_cut_share,2019,0.2258
33780,price_cut_share,2020,0.1812
33780,price_cut_share,2021,0.1511
33780,price_cut_share,2022,0.166
33780,price_cut_share,2023,0.1762
33780,price_cut_share,2024,0.2042
33780,price_cut_share,2025,0.2098
33780,price_cut_share,2026,0.1974
33780,price_cut_share,2026-08,0.2367
33860,price_cut_share,2018,0.1462
33860,price_cut_share,2019,0.1659
33860,price_cut_share,2020,0.1492
33860,price_cut_share,2021,0.1149
33860,price_cut_share,2022,0.1467
33860,price_cut_share,2023,0.1821
33860,price_cut_share,2024,0.207
33860,price_cut_share,2025,0.2059
33860,price_cut_share,2026,0.2114
33860,price_cut_share,2026-08,0.2438
33940,price_cut_share,2018,0.144
33940,price_cut_share,2019,0.1366
33940,price_cut_share,2020,0.1205
33940,price_cut_share,2021,0.1089
33940,price_cut_share,2022,0.1511
33940,price_cut_share,2023,0.1592
33940,price_cut_share,2024,0.1581
33940,price_cut_share,2025,0.1651
33940,price_cut_share,2026,0.1805
33940,price_cut_share,2026-08,0.264
33980,price_cut_share,2018,0.1272
33980,price_cut_share,2019,0.1402
33980,price_cut_share,2020,0.1252
33980,price_cut_share,2021,0.1244
33980,price_cut_share,2022,0.1735
33980,price_cut_share,2023,0.2002
33980,price_cut_share,2024,0.2236
33980,price_cut_share,2025,0.2212
33980,price_cut_share,2026,0.2077
33980,price_cut_share,2026-08,0.2459
34020,price_cut_share,2018,0.179
34020,price_cut_share,2019,0.1657
34020,price_cut_share,2020,0.1509
34020,price_cut_share,2021,0.1285
34020,price_cut_share,2022,0.1699
34020,price_cut_share,2023,0.1724
34020,price_cut_share,2024,0.1772
34020,price_cut_share,2025,0.2176
34020,price_cut_share,2026,0.2038
34020,price_cut_share,2026-08,0.2332
34060,price_cut_share,2018,0.1502
34060,price_cut_share,2019,0.1477
34060,price_cut_share,2020,0.1321
34060,price_cut_share,2021,0.093
34060,price_cut_share,2022,0.1111
34060,price_cut_share,2023,0.1737
34060,price_cut_share,2024,0.2164
34060,price_cut_share,2025,0.2001
34060,price_cut_share,2026,0.1969
34060,price_cut_share,2026-08,0.2423
34100,price_cut_share,2018,0.1565
34100,price_cut_share,2019,0.1712
34100,price_cut_share,2020,0.1513
34100,price_cut_share,2021,0.1478
34100,price_cut_share,2022,0.1922
34100,price_cut_share,2023,0.218
34100,price_cut_share,2024,0.2627
34100,price_cut_share,2025,0.2949
34100,price_cut_share,2026,0.2775
34100,price_cut_share,2026-08,0.3027
34140,price_cut_share,2018,0.1558
34140,price_cut_share,2019,0.1442
34140,price_cut_share,2020,0.1455
34140,price_cut_share,2021,0.1273
34140,price_cut_share,2022,0.2071
34140,price_cut_share,2023,0.2199
34140,price_cut_share,2024,0.2128
34140,price_cut_share,2025,0.2379
34140,price_cut_share,2026,0.2296
34140,price_cut_share,2026-08,0.3093
34180,price_cut_share,2018,0.1287
34180,price_cut_share,2019,0.1415
34180,price_cut_share,2020,0.1344
34180,price_cut_share,2021,0.1473
34180,price_cut_share,2022,0.1979
34180,price_cut_share,2023,0.2024
34180,price_cut_share,2024,0.2126
34180,price_cut_share,2025,0.2291
34180,price_cut_share,2026,0.2077
34180,price_cut_share,2026-08,0.2445
34220,price_cut_share,2018,0.1171
34220,price_cut_share,2019,0.1153
34220,price_cut_share,2020,0.0988
34220,price_cut_share,2021,0.1031
34220,price_cut_share,2022,0.1413
34220,price_cut_share,2023,0.1494
34220,price_cut_share,2024,0.1608
34220,price_cut_share,2025,0.1848
34220,price_cut_share,2026,0.222
34220,price_cut_share,2026-08,0.2265
34260,price_cut_share,2018,0.1125
34260,price_cut_share,2019,0.1162
34260,price_cut_share,2020,0.1091
34260,price_cut_share,2021,0.1018
34260,price_cut_share,2022,0.1214
34260,price_cut_share,2023,0.1488
34260,price_cut_share,2024,0.1633
34260,price_cut_share,2025,0.194
34260,price_cut_share,2026,0.1695
34260,price_cut_share,2026-08,0.2069
34300,price_cut_share,2018,0.1446
34300,price_cut_share,2019,0.1443
34300,price_cut_share,2020,0.0974
34300,price_cut_share,2021,0.1506
34300,price_cut_share,2022,0.2381
34300,price_cut_share,2023,0.2594
34300,price_cut_share,2024,0.2171
34300,price_cut_share,2025,0.2341
34300,price_cut_share,2026,0.2397
34300,price_cut_share,2026-08,0.2531
34340,price_cut_share,2018,0.1522
34340,price_cut_share,2019,0.1585
34340,price_cut_share,2020,0.1718
34340,price_cut_share,2021,0.1452
34340,price_cut_share,2022,0.1855
34340,price_cut_share,2023,0.2035
34340,price_cut_share,2024,0.2264
34340,price_cut_share,2025,0.246
34340,price_cut_share,2026,0.2565
34340,price_cut_share,2026-08,0.2814
34380,price_cut_share,2018,0.1328
34380,price_cut_share,2019,0.1476
34380,price_cut_share,2020,0.1143
34380,price_cut_share,2021,0.1392
34380,price_cut_share,2022,0.1627
34380,price_cut_share,2023,0.1713
34380,price_cut_share,2024,0.2019
34380,price_cut_share,2025,0.1986
34380,price_cut_share,2026,0.2176
34380,price_cut_share,2026-08,0.2875
34420,price_cut_share,2018,0.1162
34420,price_cut_share,2019,0.1395
34420,price_cut_share,2020,0.1107
34420,price_cut_share,2021,0.1278
34420,price_cut_share,2022,0.1871
34420,price_cut_share,2023,0.1828
34420,price_cut_share,2024,0.1937
34420,price_cut_share,2025,0.2084
34420,price_cut_share,2026,0.1927
34420,price_cut_share,2026-08,0.1998
34460,price_cut_share,2018,0.1684
34460,price_cut_share,2019,0.1714
34460,price_cut_share,2020,0.1523
34460,price_cut_share,2021,0.1527
34460,price_cut_share,2022,0.2101
34460,price_cut_share,2023,0.2052
34460,price_cut_share,2024,0.2407
34460,price_cut_share,2025,0.2538
34460,price_cut_share,2026,0.2183
34460,price_cut_share,2026-08,0.2666
34500,price_cut_share,2018,0.1503
34500,price_cut_share,2019,0.1299
34500,price_cut_share,2020,0.1231
34500,price_cut_share,2021,0.12
34500,price_cut_share,2022,0.1483
34500,price_cut_share,2023,0.1463
34500,price_cut_share,2024,0.166
34500,price_cut_share,2025,0.1943
34500,price_cut_share,2026,0.1907
34500,price_cut_share,2026-08,0.2496
34540,price_cut_share,2018,0.1618
34540,price_cut_share,2019,0.1838
34540,price_cut_share,2020,0.1655
34540,price_cut_share,2021,0.1431
34540,price_cut_share,2022,0.1202
34540,price_cut_share,2023,0.1717
34540,price_cut_share,2024,0.2068
34540,price_cut_share,2025,0.2335
34540,price_cut_share,2026,0.2015
34540,price_cut_share,2026-08,0.2825
34580,price_cut_share,2018,0.1711
34580,price_cut_share,2019,0.1862
34580,price_cut_share,2020,0.1432
34580,price_cut_share,2021,0.1308
34580,price_cut_share,2022,0.2153
34580,price_cut_share,2023,0.2231
34580,price_cut_share,2024,0.2132
34580,price_cut_share,2025,0.2308
34580,price_cut_share,2026,0.2302
34580,price_cut_share,2026-08,0.311
34620,price_cut_share,2018,0.1686
34620,price_cut_share,2019,0.1724
34620,price_cut_share,2020,0.1477
34620,price_cut_share,2021,0.1623
34620,price_cut_share,2022,0.1873
34620,price_cut_share,2023,0.2154
34620,price_cut_share,2024,0.2309
34620,price_cut_share,2025,0.2576
34620,price_cut_share,2026,0.2451
34620,price_cut_share,2026-08,0.3136
34660,price_cut_share,2018,0.1559
34660,price_cut_share,2019,0.1484
34660,price_cut_share,2020,0.131
34660,price_cut_share,2021,0.1331
34660,price_cut_share,2022,0.1405
34660,price_cut_share,2023,0.1883
34660,price_cut_share,2024,0.1981
34660,price_cut_share,2025,0.2071
34660,price_cut_share,2026,0.2039
34660,price_cut_share,2026-08,0.2348
34700,price_cut_share,2018,0.1491
34700,price_cut_share,2019,0.1791
34700,price_cut_share,2020,0.1728
34700,price_cut_share,2021,0.1682
34700,price_cut_share,2022,0.1818
34700,price_cut_share,2023,0.175
34700,price_cut_share,2024,0.2191
34700,price_cut_share,2025,0.2192
34700,price_cut_share,2026,0.179
34700,price_cut_share,2026-08,0.1674
34740,price_cut_share,2018,0.183
34740,price_cut_share,2019,0.1884
34740,price_cut_share,2020,0.1608
34740,price_cut_share,2021,0.1452
34740,price_cut_share,2022,0.1967
34740,price_cut_share,2023,0.2237
34740,price_cut_share,2024,0.2489
34740,price_cut_share,2025,0.263
34740,price_cut_share,2026,0.2399
34740,price_cut_share,2026-08,0.3007
34780,price_cut_share,2018,0.1658
34780,price_cut_share,2019,0.1794
34780,price_cut_share,2020,0.1785
34780,price_cut_share,2021,0.1613
34780,price_cut_share,2022,0.1966
34780,price_cut_share,2023,0.2046
34780,price_cut_share,2024,0.2338
34780,price_cut_share,2025,0.2356
34780,price_cut_share,2026,0.2286
34780,price_cut_share,2026-08,0.2654
34820,price_cut_share,2018,0.1534
34820,price_cut_share,2019,0.1604
34820,price_cut_share,2020,0.1508
34820,price_cut_share,2021,0.1274
34820,price_cut_share,2022,0.1978
34820,price_cut_share,2023,0.2452
34820,price_cut_share,2024,0.2424
34820,price_cut_share,2025,0.2586
34820,price_cut_share,2026,0.2647
34820,price_cut_share,2026-08,0.2895
34860,price_cut_share,2018,0.1135
34860,price_cut_share,2019,0.1082
34860,price_cut_share,2020,0.109
34860,price_cut_share,2021,0.1078
34860,price_cut_share,2022,0.1455
34860,price_cut_share,2023,0.1566
34860,price_cut_share,2024,0.1768
34860,price_cut_share,2025,0.187
34860,price_cut_share,2026,0.1607
34860,price_cut_share,2026-08,0.1905
34900,price_cut_share,2018,0.1808
34900,price_cut_share,2019,0.193
34900,price_cut_share,2020,0.1492
34900,price_cut_share,2021,0.1318
34900,price_cut_share,2022,0.158
34900,price_cut_share,2023,0.1771
34900,price_cut_share,2024,0.176
34900,price_cut_share,2025,0.1931
34900,price_cut_share,2026,0.1819
34900,price_cut_share,2026-08,0.2083
34940,price_cut_share,2018,0.1687
34940,price_cut_share,2019,0.1823
34940,price_cut_share,2020,0.1596
34940,price_cut_share,2021,0.1131
34940,price_cut_share,2022,0.1803
34940,price_cut_share,2023,0.2278
34940,price_cut_share,2024,0.2332
34940,price_cut_share,2025,0.2279
34940,price_cut_share,2026,0.2233
34940,price_cut_share,2026-08,0.1662
34980,price_cut_share,2018,0.219
34980,price_cut_share,2019,0.216
34980,price_cut_share,2020,0.168
34980,price_cut_share,2021,0.1366
34980,price_cut_share,2022,0.2376
34980,price_cut_share,2023,0.3
34980,price_cut_share,2024,0.2985
34980,price_cut_share,2025,0.3076
34980,price_cut_share,2026,0.2864
34980,price_cut_share,2026-08,0.337
35020,price_cut_share,2018,0.1103
35020,price_cut_share,2019,0.1046
35020,price_cut_share,2020,0.1001
35020,price_cut_share,2021,0.0802
35020,price_cut_share,2022,0.1278
35020,price_cut_share,2023,0.152
35020,price_cut_share,2024,0.1363
35020,price_cut_share,2025,0.1426
35020,price_cut_share,2026,0.1503
35020,price_cut_share,2026-08,0.168
35060,price_cut_share,2018,0.12
35060,price_cut_share,2019,0.1181
35060,price_cut_share,2020,0.1011
35060,price_cut_share,2021,0.0967
35060,price_cut_share,2022,0.1627
35060,price_cut_share,2023,0.1499
35060,price_cut_share,2024,0.1543
35060,price_cut_share,2025,0.1707
35060,price_cut_share,2026,0.1454
35060,price_cut_share,2026-08,0.2125
35100,price_cut_share,2018,0.1342
35100,price_cut_share,2019,0.1579
35100,price_cut_share,2020,0.1604
35100,price_cut_share,2021,0.1229
35100,price_cut_share,2022,0.1444
35100,price_cut_share,2023,0.1996
35100,price_cut_share,2024,0.2541
35100,price_cut_share,2025,0.261
35100,price_cut_share,2026,0.2403
35100,price_cut_share,2026-08,0.286
35140,price_cut_share,2018,0.1436
35140,price_cut_share,2019,0.1678
35140,price_cut_share,2020,0.1493
35140,price_cut_share,2021,0.1259
35140,price_cut_share,2022,0.1728
35140,price_cut_share,2023,0.2013
35140,price_cut_share,2024,0.212
35140,price_cut_share,2025,0.2244
35140,price_cut_share,2026,0.2431
35140,price_cut_share,2026-08,0.2709
35220,price_cut_share,2018,0.1953
35220,price_cut_share,2019,0.2005
35220,price_cut_share,2020,0.2009
35220,price_cut_share,2021,0.1764
35220,price_cut_share,2022,0.2176
35220,price_cut_share,2023,0.2226
35220,price_cut_share,2024,0.2528
35220,price_cut_share,2025,0.2651
35220,price_cut_share,2026,0.2614
35220,price_cut_share,2026-08,0.3206
35300,price_cut_share,2018,0.2016
35300,price_cut_share,2019,0.2075
35300,price_cut_share,2020,0.1574
35300,price_cut_share,2021,0.1355
35300,price_cut_share,2022,0.1573
35300,price_cut_share,2023,0.1523
35300,price_cut_share,2024,0.1702
35300,price_cut_share,2025,0.1831
35300,price_cut_share,2026,0.175
35300,price_cut_share,2026-08,0.2297
35380,price_cut_share,2018,0.2125
35380,price_cut_share,2019,0.2123
35380,price_cut_share,2020,0.1855
35380,price_cut_share,2021,0.1672
35380,price_cut_share,2022,0.2287
35380,price_cut_share,2023,0.2423
35380,price_cut_share,2024,0.2326
35380,price_cut_share,2025,0.2349
35380,price_cut_share,2026,0.2268
35380,price_cut_share,2026-08,0.2541
35420,price_cut_share,2018,0.1555
35420,price_cut_share,2019,0.1531
35420,price_cut_share,2020,0.1555
35420,price_cut_share,2021,0.1619
35420,price_cut_share,2022,0.1963
35420,price_cut_share,2023,0.2314
35420,price_cut_share,2024,0.2259
35420,price_cut_share,2025,0.2439
35420,price_cut_share,2026,0.2197
35420,price_cut_share,2026-08,0.2263
35440,price_cut_share,2018,0.1424
35440,price_cut_share,2019,0.1503
35440,price_cut_share,2020,0.1128
35440,price_cut_share,2021,0.1214
35440,price_cut_share,2022,0.1923
35440,price_cut_share,2023,0.2333
35440,price_cut_share,2024,0.2328
35440,price_cut_share,2025,0.2364
35440,price_cut_share,2026,0.2151
35440,price_cut_share,2026-08,0.2833
35460,price_cut_share,2018,0.1282
35460,price_cut_share,2019,0.1343
35460,price_cut_share,2020,0.133
35460,price_cut_share,2021,0.1394
35460,price_cut_share,2022,0.2197
35460,price_cut_share,2023,0.2173
35460,price_cut_share,2024,0.2391
35460,price_cut_share,2025,0.2786
35460,price_cut_share,2026,0.251
35460,price_cut_share,2026-08,0.2796
35580,price_cut_share,2018,0.1652
35580,price_cut_share,2019,0.1696
35580,price_cut_share,2020,0.1663
35580,price_cut_share,2021,0.1188
35580,price_cut_share,2022,0.1455
35580,price_cut_share,2023,0.1716
35580,price_cut_share,2024,0.1895
35580,price_cut_share,2025,0.1844
35580,price_cut_share,2026,0.1618
35580,price_cut_share,2026-08,0.25
35620,price_cut_share,2018,0.1625
35620,price_cut_share,2019,0.1687
35620,price_cut_share,2020,0.1271
35620,price_cut_share,2021,0.1131
35620,price_cut_share,2022,0.1304
35620,price_cut_share,2023,0.1255
35620,price_cut_share,2024,0.1247
35620,price_cut_share,2025,0.1348
35620,price_cut_share,2026,0.1318
35620,price_cut_share,2026-08,0.1603
35660,price_cut_share,2018,0.1683
35660,price_cut_share,2019,0.1628
35660,price_cut_share,2020,0.1234
35660,price_cut_share,2021,0.111
35660,price_cut_share,2022,0.1569
35660,price_cut_share,2023,0.2157
35660,price_cut_share,2024,0.2319
35660,price_cut_share,2025,0.2362
35660,price_cut_share,2026,0.2133
35660,price_cut_share,2026-08,0.2643
35700,price_cut_share,2018,0.1062
35700,price_cut_share,2019,0.1102
35700,price_cut_share,2020,0.0949
35700,price_cut_share,2021,0.104
35700,price_cut_share,2022,0.1365
35700,price_cut_share,2023,0.1441
35700,price_cut_share,2024,0.1687
35700,price_cut_share,2025,0.1672
35700,price_cut_share,2026,0.1876
35700,price_cut_share,2026-08,0.1559
35740,price_cut_share,2018,0.1949
35740,price_cut_share,2019,0.2009
35740,price_cut_share,2020,0.1876
35740,price_cut_share,2021,0.1541
35740,price_cut_share,2022,0.1883
35740,price_cut_share,2023,0.1922
35740,price_cut_share,2024,0.2281
35740,price_cut_share,2025,0.2479
35740,price_cut_share,2026,0.2473
35740,price_cut_share,2026-08,0.2663
35820,price_cut_share,2018,0.2007
35820,price_cut_share,2019,0.191
35820,price_cut_share,2020,0.1846
35820,price_cut_share,2021,0.1447
35820,price_cut_share,2022,0.1285
35820,price_cut_share,2023,0.1638
35820,price_cut_share,2024,0.1981
35820,price_cut_share,2025,0.1859
35820,price_cut_share,2026,0.1851
35820,price_cut_share,2026-08,0.2261
35840,price_cut_share,2018,0.2269
35840,price_cut_share,2019,0.2289
35840,price_cut_share,2020,0.2012
35840,price_cut_share,2021,0.1327
35840,price_cut_share,2022,0.2114
35840,price_cut_share,2023,0.2873
35840,price_cut_share,2024,0.2924
35840,price_cut_share,2025,0.289
35840,price_cut_share,2026,0.2716
35840,price_cut_share,2026-08,0.2492
35900,price_cut_share,2018,0.133
35900,price_cut_share,2019,0.1501
35900,price_cut_share,2020,0.126
35900,price_cut_share,2021,0.1078
35900,price_cut_share,2022,0.1395
35900,price_cut_share,2023,0.1278
35900,price_cut_share,2024,0.1376
35900,price_cut_share,2025,0.1622
35900,price_cut_share,2026,0.1871
35900,price_cut_share,2026-08,0.2022
35940,price_cut_share,2018,0.1555
35940,price_cut_share,2019,0.1766
35940,price_cut_share,2020,0.1513
35940,price_cut_share,2021,0.1336
35940,price_cut_share,2022,0.1365
35940,price_cut_share,2023,0.1778
35940,price_cut_share,2024,0.2098
35940,price_cut_share,2025,0.2357
35940,price_cut_share,2026,0.2048
35940,price_cut_share,2026-08,0.236
35980,price_cut_share,2018,0.1916
35980,price_cut_share,2019,0.2002
35980,price_cut_share,2020,0.145
35980,price_cut_share,2021,0.1431
35980,price_cut_share,2022,0.1554
35980,price_cut_share,2023,0.1355
35980,price_cut_share,2024,0.1596
35980,price_cut_share,2025,0.1874
35980,price_cut_share,2026,0.151
35980,price_cut_share,2026-08,0.1856
36020,price_cut_share,2018,0.2002
36020,price_cut_share,2019,0.1972
36020,price_cut_share,2020,0.1241
36020,price_cut_share,2021,0.1244
36020,price_cut_share,2022,0.1919
36020,price_cut_share,2023,0.2367
36020,price_cut_share,2024,0.2277
36020,price_cut_share,2025,0.2349
36020,price_cut_share,2026,0.2274
36020,price_cut_share,2026-08,0.3048
36100,price_cut_share,2018,0.1722
36100,price_cut_share,2019,0.1795
36100,price_cut_share,2020,0.1656
36100,price_cut_share,2021,0.1407
36100,price_cut_share,2022,0.2075
36100,price_cut_share,2023,0.2653
36100,price_cut_share,2024,0.2727
36100,price_cut_share,2025,0.2742
36100,price_cut_share,2026,0.2648
36100,price_cut_share,2026-08,0.2656
36220,price_cut_share,2018,0.1666
36220,price_cut_share,2019,0.2012
36220,price_cut_share,2020,0.2158
36220,price_cut_share,2021,0.2366
36220,price_cut_share,2022,0.2373
36220,price_cut_share,2023,0.2285
36220,price_cut_share,2024,0.231
36220,price_cut_share,2025,0.2437
36220,price_cut_share,2026,0.273
36220,price_cut_share,2026-08,0.3091
36260,price_cut_share,2018,0.2173
36260,price_cut_share,2019,0.238
36260,price_cut_share,2020,0.1576
36260,price_cut_share,2021,0.1328
36260,price_cut_share,2022,0.2667
36260,price_cut_share,2023,0.2849
36260,price_cut_share,2024,0.2918
36260,price_cut_share,2025,0.3167
36260,price_cut_share,2026,0.3123
36260,price_cut_share,2026-08,0.3616
36340,price_cut_share,2018,0.1119
36340,price_cut_share,2019,0.1292
36340,price_cut_share,2020,0.0976
36340,price_cut_share,2021,0.1166
36340,price_cut_share,2022,0.1644
36340,price_cut_share,2023,0.1659
36340,price_cut_share,2024,0.1853
36340,price_cut_share,2025,0.1935
36340,price_cut_share,2026,0.201
36340,price_cut_share,2026-08,0.2643
36380,price_cut_share,2018,0.1167
36380,price_cut_share,2019,0.1303
36380,price_cut_share,2020,0.1
36380,price_cut_share,2021,0.0986
36380,price_cut_share,2022,0.1429
36380,price_cut_share,2023,0.1612
36380,price_cut_share,2024,0.1729
36380,price_cut_share,2025,0.2101
36380,price_cut_share,2026,0.1858
36380,price_cut_share,2026-08,0.1658
36420,price_cut_share,2018,0.2346
36420,price_cut_share,2019,0.2217
36420,price_cut_share,2020,0.1953
36420,price_cut_share,2021,0.1555
36420,price_cut_share,2022,0.1899
36420,price_cut_share,2023,0.243
36420,price_cut_share,2024,0.2641
36420,price_cut_share,2025,0.2664
36420,price_cut_share,2026,0.256
36420,price_cut_share,2026-08,0.297
36460,price_cut_share,2018,0.1276
36460,price_cut_share,2019,0.1265
36460,price_cut_share,2020,0.1078
36460,price_cut_share,2021,0.0982
36460,price_cut_share,2022,0.1289
36460,price_cut_share,2023,0.1512
36460,price_cut_share,2024,0.1759
36460,price_cut_share,2025,0.1776
36460,price_cut_share,2026,0.1864
36460,price_cut_share,2026-08,0.2156
36500,price_cut_share,2018,0.185
36500,price_cut_share,2019,0.1836
36500,price_cut_share,2020,0.1249
36500,price_cut_share,2021,0.1
36500,price_cut_share,2022,0.2188
36500,price_cut_share,2023,0.2284
36500,price_cut_share,2024,0.2463
36500,price_cut_share,2025,0.2682
36500,price_cut_share,2026,0.2576
36500,price_cut_share,2026-08,0.3393
36540,price_cut_share,2018,0.2009
36540,price_cut_share,2019,0.2055
36540,price_cut_share,2020,0.1787
36540,price_cut_share,2021,0.148
36540,price_cut_share,2022,0.1802
36540,price_cut_share,2023,0.2197
36540,price_cut_share,2024,0.2521
36540,price_cut_share,2025,0.2699
36540,price_cut_share,2026,0.2464
36540,price_cut_share,2026-08,0.3018
36580,price_cut_share,2018,0.1239
36580,price_cut_share,2019,0.124
36580,price_cut_share,2020,0.1044
36580,price_cut_share,2021,0.1154
36580,price_cut_share,2022,0.1253
36580,price_cut_share,2023,0.1432
36580,price_cut_share,2024,0.1319
36580,price_cut_share,2025,0.142
36580,price_cut_share,2026,0.1306
36580,price_cut_share,2026-08,0.1766
36620,price_cut_share,2018,0.1417
36620,price_cut_share,2019,0.1517
36620,price_cut_share,2020,0.1374
36620,price_cut_share,2021,0.1573
36620,price_cut_share,2022,0.2353
36620,price_cut_share,2023,0.2261
36620,price_cut_share,2024,0.2284
36620,price_cut_share,2025,0.238
36620,price_cut_share,2026,0.2502
36620,price_cut_share,2026-08,0.2839
36660,price_cut_share,2018,0.1719
36660,price_cut_share,2019,0.1657
36660,price_cut_share,2020,0.1622
36660,price_cut_share,2021,0.1402
36660,price_cut_share,2022,0.2008
36660,price_cut_share,2023,0.1984
36660,price_cut_share,2024,0.1955
36660,price_cut_share,2025,0.2071
36660,price_cut_share,2026,0.231
36660,price_cut_share,2026-08,0.26
36700,price_cut_share,2018,0.118
36700,price_cut_share,2019,0.1225
36700,price_cut_share,2020,0.1257
36700,price_cut_share,2021,0.1186
36700,price_cut_share,2022,0.1463
36700,price_cut_share,2023,0.1753
36700,price_cut_share,2024,0.1797
36700,price_cut_share,2025,0.2098
36700,price_cut_share,2026,0.201
36700,price_cut_share,2026-08,0.2266
36740,price_cut_share,2018,0.2325
36740,price_cut_share,2019,0.2334
36740,price_cut_share,2020,0.2043
36740,price_cut_share,2021,0.1407
36740,price_cut_share,2022,0.1996
36740,price_cut_share,2023,0.2497
36740,price_cut_share,2024,0.2708
36740,price_cut_share,2025,0.2787
36740,price_cut_share,2026,0.2575
36740,price_cut_share,2026-08,0.2798
36780,price_cut_share,2018,0.1188
36780,price_cut_share,2019,0.1105
36780,price_cut_share,2020,0.0971
36780,price_cut_share,2021,0.0718
36780,price_cut_share,2022,0.0688
36780,price_cut_share,2023,0.088
36780,price_cut_share,2024,0.109
36780,price_cut_share,2025,0.1232
36780,price_cut_share,2026,0.1004
36780,price_cut_share,2026-08,0.123
36820,price_cut_share,2018,0.1354
36820,price_cut_share,2019,0.1566
36820,price_cut_share,2020,0.1577
36820,price_cut_share,2021,0.1359
36820,price_cut_share,2022,0.1626
36820,price_cut_share,2023,0.1611
36820,price_cut_share,2024,0.1855
36820,price_cut_share,2025,0.1874
36820,price_cut_share,2026,0.1847
36820,price_cut_share,2026-08,0.2426
36830,price_cut_share,2018,0.1522
36830,price_cut_share,2019,0.1244
36830,price_cut_share,2020,0.094
36830,price_cut_share,2021,0.1268
36830,price_cut_share,2022,0.1892
36830,price_cut_share,2023,0.1912
36830,price_cut_share,2024,0.164
36830,price_cut_share,2025,0.2024
36830,price_cut_share,2026,0.174
36830,price_cut_share,2026-08,0.1766
36837,price_cut_share,2018,0.1868
36837,price_cut_share,2019,0.2006
36837,price_cut_share,2020,0.1894
36837,price_cut_share,2021,0.1713
36837,price_cut_share,2022,0.1886
36837,price_cut_share,2023,0.1804
36837,price_cut_share,2024,0.1947
36837,price_cut_share,2025,0.1985
36837,price_cut_share,2026,0.1877
36837,price_cut_share,2026-08,0.242
36840,price_cut_share,2018,0.2003
36840,price_cut_share,2019,0.1869
36840,price_cut_share,2020,0.1669
36840,price_cut_share,2021,0.1951
36840,price_cut_share,2022,0.2256
36840,price_cut_share,2023,0.2366
36840,price_cut_share,2024,0.2386
36840,price_cut_share,2025,0.2844
36840,price_cut_share,2026,0.2263
36840,price_cut_share,2026-08,0.2387
36900,price_cut_share,2018,0.1582
36900,price_cut_share,2019,0.1553
36900,price_cut_share,2020,0.1478
36900,price_cut_share,2021,0.1415
36900,price_cut_share,2022,0.1958
36900,price_cut_share,2023,0.2154
36900,price_cut_share,2024,0.2341
36900,price_cut_share,2025,0.2184
36900,price_cut_share,2026,0.1996
36900,price_cut_share,2026-08,0.2332
36940,price_cut_share,2018,0.1749
36940,price_cut_share,2019,0.1806
36940,price_cut_share,2020,0.1389
36940,price_cut_share,2021,0.1171
36940,price_cut_share,2022,0.1799
36940,price_cut_share,2023,0.1935
36940,price_cut_share,2024,0.1944
36940,price_cut_share,2025,0.2081
36940,price_cut_share,2026,0.203
36940,price_cut_share,2026-08,0.2931
36980,price_cut_share,2018,0.2115
36980,price_cut_share,2019,0.2124
36980,price_cut_share,2020,0.1983
36980,price_cut_share,2021,0.1816
36980,price_cut_share,2022,0.2477
36980,price_cut_share,2023,0.263
36980,price_cut_share,2024,0.2716
36980,price_cut_share,2025,0.2479
36980,price_cut_share,2026,0.275
36980,price_cut_share,2026-08,0.3054
37060,price_cut_share,2018,0.1221
37060,price_cut_share,2019,0.1309
37060,price_cut_share,2020,0.1138
37060,price_cut_share,2021,0.1018
37060,price_cut_share,2022,0.1199
37060,price_cut_share,2023,0.151
37060,price_cut_share,2024,0.1341
37060,price_cut_share,2025,0.1661
37060,price_cut_share,2026,0.1587
37060,price_cut_share,2026-08,0.2307
37100,price_cut_share,2018,0.2417
37100,price_cut_share,2019,0.23
37100,price_cut_share,2020,0.1517
37100,price_cut_share,2021,0.1034
37100,price_cut_share,2022,0.1882
37100,price_cut_share,2023,0.1714
37100,price_cut_share,2024,0.183
37100,price_cut_share,2025,0.2358
37100,price_cut_share,2026,0.2301
37100,price_cut_share,2026-08,0.2783
37120,price_cut_share,2018,0.143
37120,price_cut_share,2019,0.1398
37120,price_cut_share,2020,0.1175
37120,price_cut_share,2021,0.1056
37120,price_cut_share,2022,0.1498
37120,price_cut_share,2023,0.1844
37120,price_cut_share,2024,0.2345
37120,price_cut_share,2025,0.2086
37120,price_cut_share,2026,0.2394
37120,price_cut_share,2026-08,0.2553
37140,price_cut_share,2018,0.1526
37140,price_cut_share,2019,0.1526
37140,price_cut_share,2020,0.1372
37140,price_cut_share,2021,0.1132
37140,price_cut_share,2022,0.1373
37140,price_cut_share,2023,0.1749
37140,price_cut_share,2024,0.2049
37140,price_cut_share,2025,0.1979
37140,price_cut_share,2026,0.204
37140,price_cut_share,2026-08,0.2328
37220,price_cut_share,2018,0.1608
37220,price_cut_share,2019,0.2077
37220,price_cut_share,2020,0.1686
37220,price_cut_share,2021,0.1655
37220,price_cut_share,2022,0.2572
37220,price_cut_share,2023,0.2374
37220,price_cut_share,2024,0.2254
37220,price_cut_share,2025,0.2445
37220,price_cut_share,2026,0.2682
37220,price_cut_share,2026-08,0.299
37260,price_cut_share,2018,0.1573
37260,price_cut_share,2019,0.1558
37260,price_cut_share,2020,0.1471
37260,price_cut_share,2021,0.1548
37260,price_cut_share,2022,0.1832
37260,price_cut_share,2023,0.2252
37260,price_cut_share,2024,0.2395
37260,price_cut_share,2025,0.2432
37260,price_cut_share,2026,0.2447
37260,price_cut_share,2026-08,0.2632
37300,price_cut_share,2018,0.1297
37300,price_cut_share,2019,0.1238
37300,price_cut_share,2020,0.1039
37300,price_cut_share,2021,0.1083
37300,price_cut_share,2022,0.1477
37300,price_cut_share,2023,0.1884
37300,price_cut_share,2024,0.2004
37300,price_cut_share,2025,0.2128
37300,price_cut_share,2026,0.1928
37300,price_cut_share,2026-08,0.2348
37340,price_cut_share,2018,0.2346
37340,price_cut_share,2019,0.2342
37340,price_cut_share,2020,0.1824
37340,price_cut_share,2021,0.1532
37340,price_cut_share,2022,0.2179
37340,price_cut_share,2023,0.2902
37340,price_cut_share,2024,0.3067
37340,price_cut_share,2025,0.3042
37340,price_cut_share,2026,0.2817
37340,price_cut_share,2026-08,0.2876
37420,price_cut_share,2018,0.1417
37420,price_cut_share,2019,0.1521
37420,price_cut_share,2020,0.1309
37420,price_cut_share,2021,0.1505
37420,price_cut_share,2022,0.1569
37420,price_cut_share,2023,0.1691
37420,price_cut_share,2024,0.2086
37420,price_cut_share,2025,0.1797
37420,price_cut_share,2026,0.1486
37420,price_cut_share,2026-08,0.1758
37460,price_cut_share,2018,0.1484
37460,price_cut_share,2019,0.1574
37460,price_cut_share,2020,0.1721
37460,price_cut_share,2021,0.1557
37460,price_cut_share,2022,0.212
37460,price_cut_share,2023,0.2421
37460,price_cut_share,2024,0.2302
37460,price_cut_share,2025,0.2286
37460,price_cut_share,2026,0.232
37460,price_cut_share,2026-08,0.2559
37500,price_cut_share,2018,0.1173
37500,price_cut_share,2019,0.1386
37500,price_cut_share,2020,0.1086
37500,price_cut_share,2021,0.0903
37500,price_cut_share,2022,0.1771
37500,price_cut_share,2023,0.156
37500,price_cut_share,2024,0.1887
37500,price_cut_share,2025,0.1806
37500,price_cut_share,2026,0.165
37500,price_cut_share,2026-08,0.1983
37540,price_cut_share,2018,0.1134
37540,price_cut_share,2019,0.1414
37540,price_cut_share,2020,0.1171
37540,price_cut_share,2021,0.1389
37540,price_cut_share,2022,0.1845
37540,price_cut_share,2023,0.1807
37540,price_cut_share,2024,0.1766
37540,price_cut_share,2025,0.2246
37540,price_cut_share,2026,0.2112
37540,price_cut_share,2026-08,0.2128
37580,price_cut_share,2018,0.1593
37580,price_cut_share,2019,0.1782
37580,price_cut_share,2020,0.1696
37580,price_cut_share,2021,0.1514
37580,price_cut_share,2022,0.2029
37580,price_cut_share,2023,0.2127
37580,price_cut_share,2024,0.2247
37580,price_cut_share,2025,0.2443
37580,price_cut_share,2026,0.2086
37580,price_cut_share,2026-08,0.2355
37620,price_cut_share,2018,0.1638
37620,price_cut_share,2019,0.1665
37620,price_cut_share,2020,0.1575
37620,price_cut_share,2021,0.1565
37620,price_cut_share,2022,0.1707
37620,price_cut_share,2023,0.1923
37620,price_cut_share,2024,0.2202
37620,price_cut_share,2025,0.2408
37620,price_cut_share,2026,0.1963
37620,price_cut_share,2026-08,0.2202
37740,price_cut_share,2018,0.1423
37740,price_cut_share,2019,0.1589
37740,price_cut_share,2020,0.1297
37740,price_cut_share,2021,0.1312
37740,price_cut_share,2022,0.2147
37740,price_cut_share,2023,0.2302
37740,price_cut_share,2024,0.2302
37740,price_cut_share,2025,0.2326
37740,price_cut_share,2026,0.2085
37740,price_cut_share,2026-08,0.2421
37800,price_cut_share,2021,0.1608
37800,price_cut_share,2022,0.2182
37800,price_cut_share,2023,0.1805
37800,price_cut_share,2024,0.2129
37800,price_cut_share,2025,0.2586
37800,price_cut_share,2026,0.2296
37800,price_cut_share,2026-08,0.2555
37860,price_cut_share,2018,0.1971
37860,price_cut_share,2019,0.1923
37860,price_cut_share,2020,0.1536
37860,price_cut_share,2021,0.1412
37860,price_cut_share,2022,0.1985
37860,price_cut_share,2023,0.2545
37860,price_cut_share,2024,0.282
37860,price_cut_share,2025,0.2755
37860,price_cut_share,2026,0.2574
37860,price_cut_share,2026-08,0.2875
37900,price_cut_share,2018,0.2559
37900,price_cut_share,2019,0.2517
37900,price_cut_share,2020,0.2512
37900,price_cut_share,2021,0.2197
37900,price_cut_share,2022,0.2287
37900,price_cut_share,2023,0.2154
37900,price_cut_share,2024,0.2445
37900,price_cut_share,2025,0.2491
37900,price_cut_share,2026,0.2298
37900,price_cut_share,2026-08,0.2703
37940,price_cut_share,2018,0.1696
37940,price_cut_share,2019,0.1827
37940,price_cut_share,2020,0.1434
37940,price_cut_share,2021,0.1766
37940,price_cut_share,2022,0.2327
37940,price_cut_share,2023,0.1665
37940,price_cut_share,2024,0.1893
37940,price_cut_share,2025,0.2294
37940,price_cut_share,2026,0.2239
37940,price_cut_share,2026-08,0.2622
37980,price_cut_share,2018,0.2163
37980,price_cut_share,2019,0.2218
37980,price_cut_share,2020,0.1734
37980,price_cut_share,2021,0.1676
37980,price_cut_share,2022,0.1942
37980,price_cut_share,2023,0.2023
37980,price_cut_share,2024,0.2089
37980,price_cut_share,2025,0.222
37980,price_cut_share,2026,0.2127
37980,price_cut_share,2026-08,0.2499
38060,price_cut_share,2018,0.2403
38060,price_cut_share,2019,0.2477
38060,price_cut_share,2020,0.1754
38060,price_cut_share,2021,0.1204
38060,price_cut_share,2022,0.2656
38060,price_cut_share,2023,0.2704
38060,price_cut_share,2024,0.3189
38060,price_cut_share,2025,0.3334
38060,price_cut_share,2026,0.3203
38060,price_cut_share,2026-08,0.318
38100,price_cut_share,2018,0.1361
38100,price_cut_share,2019,0.1459
38100,price_cut_share,2020,0.132
38100,price_cut_share,2021,0.1271
38100,price_cut_share,2022,0.1678
38100,price_cut_share,2023,0.2094
38100,price_cut_share,2024,0.2177
38100,price_cut_share,2025,0.2588
38100,price_cut_share,2026,0.2286
38100,price_cut_share,2026-08,0.2477
38180,price_cut_share,2022,0.1722
38180,price_cut_share,2023,0.1809
38180,price_cut_share,2024,0.1958
38180,price_cut_share,2025,0.2133
38180,price_cut_share,2026,0.1993
38180,price_cut_share,2026-08,0.266
38220,price_cut_share,2018,0.139
38220,price_cut_share,2019,0.1345
38220,price_cut_share,2020,0.125
38220,price_cut_share,2021,0.1078
38220,price_cut_share,2022,0.1344
38220,price_cut_share,2023,0.1562
38220,price_cut_share,2024,0.1788
38220,price_cut_share,2025,0.1885
38220,price_cut_share,2026,0.1866
38220,price_cut_share,2026-08,0.1974
38240,price_cut_share,2018,0.1478
38240,price_cut_share,2019,0.1615
38240,price_cut_share,2020,0.1344
38240,price_cut_share,2021,0.0952
38240,price_cut_share,2022,0.1442
38240,price_cut_share,2023,0.1839
38240,price_cut_share,2024,0.2194
38240,price_cut_share,2025,0.2465
38240,price_cut_share,2026,0.2463
38240,price_cut_share,2026-08,0.2827
38260,price_cut_share,2018,0.1532
38260,price_cut_share,2019,0.1491
38260,price_cut_share,2020,0.1484
38260,price_cut_share,2021,0.1318
38260,price_cut_share,2022,0.1389
38260,price_cut_share,2023,0.2001
38260,price_cut_share,2024,0.2023
38260,price_cut_share,2025,0.2043
38260,price_cut_share,2026,0.1806
38260,price_cut_share,2026-08,0.2011
38300,price_cut_share,2018,0.1981
38300,price_cut_share,2019,0.2081
38300,price_cut_share,2020,0.1797
38300,price_cut_share,2021,0.1782
38300,price_cut_share,2022,0.2095
38300,price_cut_share,2023,0.2227
38300,price_cut_share,2024,0.244
38300,price_cut_share,2025,0.2493
38300,price_cut_share,2026,0.2293
38300,price_cut_share,2026-08,0.2913
38340,price_cut_share,2018,0.1305
38340,price_cut_share,2019,0.1274
38340,price_cut_share,2020,0.1081
38340,price_cut_share,2021,0.1029
38340,price_cut_share,2022,0.1292
38340,price_cut_share,2023,0.1432
38340,price_cut_share,2024,0.1443
38340,price_cut_share,2025,0.159
38340,price_cut_share,2026,0.1349
38340,price_cut_share,2026-08,0.2156
38380,price_cut_share,2018,0.1808
38380,price_cut_share,2019,0.1448
38380,price_cut_share,2020,0.1623
38380,price_cut_share,2021,0.1319
38380,price_cut_share,2022,0.1773
38380,price_cut_share,2023,0.161
38380,price_cut_share,2024,0.1902
38380,price_cut_share,2025,0.1974
38380,price_cut_share,2026,0.1793
38380,price_cut_share,2026-08,0.2202
38420,price_cut_share,2018,0.1464
38420,price_cut_share,2019,0.1401
38420,price_cut_share,2020,0.1372
38420,price_cut_share,2021,0.1048
38420,price_cut_share,2022,0.1228
38420,price_cut_share,2023,0.1315
38420,price_cut_share,2024,0.1805
38420,price_cut_share,2025,0.1659
38420,price_cut_share,2026,0.183
38420,price_cut_share,2026-08,0.2739
38460,price_cut_share,2018,0.1735
38460,price_cut_share,2019,0.1652
38460,price_cut_share,2020,0.1295
38460,price_cut_share,2021,0.119
38460,price_cut_share,2022,0.1402
38460,price_cut_share,2023,0.1774
38460,price_cut_share,2024,0.1978
38460,price_cut_share,2025,0.218
38460,price_cut_share,2026,0.2095
38460,price_cut_share,2026-08,0.2656
38500,price_cut_share,2018,0.1194
38500,price_cut_share,2019,0.132
38500,price_cut_share,2020,0.1193
38500,price_cut_share,2021,0.1362
38500,price_cut_share,2022,0.1556
38500,price_cut_share,2023,0.1652
38500,price_cut_share,2024,0.1932
38500,price_cut_share,2025,0.2016
38500,price_cut_share,2026,0.1995
38500,price_cut_share,2026-08,0.2467
38540,price_cut_share,2018,0.1716
38540,price_cut_share,2019,0.165
38540,price_cut_share,2020,0.1786
38540,price_cut_share,2021,0.1646
38540,price_cut_share,2022,0.251
38540,price_cut_share,2023,0.2189
38540,price_cut_share,2024,0.2277
38540,price_cut_share,2025,0.2355
38540,price_cut_share,2026,0.2367
38540,price_cut_share,2026-08,0.2778
38620,price_cut_share,2018,0.1835
38620,price_cut_share,2019,0.1786
38620,price_cut_share,2020,0.1474
38620,price_cut_share,2021,0.142
38620,price_cut_share,2022,0.1548
38620,price_cut_share,2023,0.1812
38620,price_cut_share,2024,0.1888
38620,price_cut_share,2025,0.1945
38620,price_cut_share,2026,0.1947
38620,price_cut_share,2026-08,0.219
38700,price_cut_share,2018,0.1652
38700,price_cut_share,2019,0.1512
38700,price_cut_share,2020,0.1594
38700,price_cut_share,2021,0.164
38700,price_cut_share,2022,0.1626
38700,price_cut_share,2023,0.1823
38700,price_cut_share,2024,0.2386
38700,price_cut_share,2025,0.2359
38700,price_cut_share,2026,0.2326
38700,price_cut_share,2026-08,0.2683
38740,price_cut_share,2018,0.1168
38740,price_cut_share,2019,0.1263
38740,price_cut_share,2020,0.1388
38740,price_cut_share,2021,0.1015
38740,price_cut_share,2022,0.1311
38740,price_cut_share,2023,0.1612
38740,price_cut_share,2024,0.1804
38740,price_cut_share,2025,0.1858
38740,price_cut_share,2026,0.1872
38740,price_cut_share,2026-08,0.2248
38820,price_cut_share,2018,0.1495
38820,price_cut_share,2019,0.1609
38820,price_cut_share,2020,0.1281
38820,price_cut_share,2021,0.109
38820,price_cut_share,2022,0.2013
38820,price_cut_share,2023,0.2076
38820,price_cut_share,2024,0.1996
38820,price_cut_share,2025,0.2158
38820,price_cut_share,2026,0.2387
38820,price_cut_share,2026-08,0.2858
38860,price_cut_share,2018,0.1664
38860,price_cut_share,2019,0.1547
38860,price_cut_share,2020,0.1047
38860,price_cut_share,2021,0.0985
38860,price_cut_share,2022,0.1234
38860,price_cut_share,2023,0.1417
38860,price_cut_share,2024,0.1709
38860,price_cut_share,2025,0.1896
38860,price_cut_share,2026,0.1753
38860,price_cut_share,2026-08,0.2526
38900,price_cut_share,2018,0.2459
38900,price_cut_share,2019,0.2464
38900,price_cut_share,2020,0.1798
38900,price_cut_share,2021,0.1449
38900,price_cut_share,2022,0.2176
38900,price_cut_share,2023,0.2373
38900,price_cut_share,2024,0.248
38900,price_cut_share,2025,0.2682
38900,price_cut_share,2026,0.2532
38900,price_cut_share,2026-08,0.3085
38920,price_cut_share,2018,0.107
38920,price_cut_share,2019,0.1265
38920,price_cut_share,2020,0.1034
38920,price_cut_share,2021,0.104
38920,price_cut_share,2022,0.1059
38920,price_cut_share,2023,0.1392
38920,price_cut_share,2024,0.1349
38920,price_cut_share,2025,0.1493
38920,price_cut_share,2026,0.1548
38920,price_cut_share,2026-08,0.1791
38940,price_cut_share,2018,0.1997
38940,price_cut_share,2019,0.2114
38940,price_cut_share,2020,0.1716
38940,price_cut_share,2021,0.1313
38940,price_cut_share,2022,0.2158
38940,price_cut_share,2023,0.2554
38940,price_cut_share,2024,0.2754
38940,price_cut_share,2025,0.2655
38940,price_cut_share,2026,0.252
38940,price_cut_share,2026-08,0.2395
39020,price_cut_share,2018,0.1291
39020,price_cut_share,2019,0.15
39020,price_cut_share,2020,0.143
39020,price_cut_share,2021,0.1244
39020,price_cut_share,2022,0.1548
39020,price_cut_share,2023,0.187
39020,price_cut_share,2024,0.2248
39020,price_cut_share,2025,0.2277
39020,price_cut_share,2026,0.2126
39020,price_cut_share,2026-08,0.2553
39060,price_cut_share,2018,0.1633
39060,price_cut_share,2019,0.1679
39060,price_cut_share,2020,0.1411
39060,price_cut_share,2021,0.1425
39060,price_cut_share,2022,0.1805
39060,price_cut_share,2023,0.173
39060,price_cut_share,2024,0.2015
39060,price_cut_share,2025,0.205
39060,price_cut_share,2026,0.1947
39060,price_cut_share,2026-08,0.2369
39150,price_cut_share,2018,0.2048
39150,price_cut_share,2019,0.2113
39150,price_cut_share,2020,0.1658
39150,price_cut_share,2021,0.1546
39150,price_cut_share,2022,0.2514
39150,price_cut_share,2023,0.2496
39150,price_cut_share,2024,0.2485
39150,price_cut_share,2025,0.2716
39150,price_cut_share,2026,0.2526
39150,price_cut_share,2026-08,0.2778
39220,price_cut_share,2018,0.1017
39220,price_cut_share,2019,0.1268
39220,price_cut_share,2020,0.1654
39220,price_cut_share,2021,0.1113
39220,price_cut_share,2022,0.1419
39220,price_cut_share,2023,0.1972
39220,price_cut_share,2024,0.2065
39220,price_cut_share,2025,0.2423
39220,price_cut_share,2026,0.2336
39220,price_cut_share,2026-08,0.2843
39300,price_cut_share,2018,0.1822
39300,price_cut_share,2019,0.1801
39300,price_cut_share,2020,0.1282
39300,price_cut_share,2021,0.1159
39300,price_cut_share,2022,0.1565
39300,price_cut_share,2023,0.1586
39300,price_cut_share,2024,0.1719
39300,price_cut_share,2025,0.1955
39300,price_cut_share,2026,0.1778
39300,price_cut_share,2026-08,0.2213
39340,price_cut_share,2018,0.2374
39340,price_cut_share,2019,0.2604
39340,price_cut_share,2020,0.175
39340,price_cut_share,2021,0.1401
39340,price_cut_share,2022,0.2747
39340,price_cut_share,2023,0.2837
39340,price_cut_share,2024,0.2892
39340,price_cut_share,2025,0.3188
39340,price_cut_share,2026,0.3061
39340,price_cut_share,2026-08,0.361
39380,price_cut_share,2018,0.1928
39380,price_cut_share,2019,0.1976
39380,price_cut_share,2020,0.1267
39380,price_cut_share,2021,0.1451
39380,price_cut_share,2022,0.2337
39380,price_cut_share,2023,0.26
39380,price_cut_share,2024,0.272
39380,price_cut_share,2025,0.2755
39380,price_cut_share,2026,0.2573
39380,price_cut_share,2026-08,0.2902
39420,price_cut_share,2018,0.158
39420,price_cut_share,2019,0.1746
39420,price_cut_share,2020,0.1699
39420,price_cut_share,2021,0.157
39420,price_cut_share,2022,0.178
39420,price_cut_share,2023,0.2224
39420,price_cut_share,2024,0.2235
39420,price_cut_share,2025,0.221
39420,price_cut_share,2026,0.2091
39420,price_cut_share,2026-08,0.2737
39460,price_cut_share,2018,0.2066
39460,price_cut_share,2019,0.2142
39460,price_cut_share,2020,0.1891
39460,price_cut_share,2021,0.1193
39460,price_cut_share,2022,0.1527
39460,price_cut_share,2023,0.229
39460,price_cut_share,2024,0.2687
39460,price_cut_share,2025,0.2619
39460,price_cut_share,2026,0.2456
39460,price_cut_share,2026-08,0.2117
39500,price_cut_share,2018,0.1792
39500,price_cut_share,2019,0.1851
39500,price_cut_share,2020,0.1642
39500,price_cut_share,2021,0.1273
39500,price_cut_share,2022,0.1631
39500,price_cut_share,2023,0.1879
39500,price_cut_share,2024,0.2012
39500,price_cut_share,2025,0.2128
39500,price_cut_share,2026,0.264
39500,price_cut_share,2026-08,0.317
39540,price_cut_share,2018,0.1528
39540,price_cut_share,2019,0.1684
39540,price_cut_share,2020,0.1594
39540,price_cut_share,2021,0.122
39540,price_cut_share,2022,0.1453
39540,price_cut_share,2023,0.1453
39540,price_cut_share,2024,0.1664
39540,price_cut_share,2025,0.1765
39540,price_cut_share,2026,0.1485
39540,price_cut_share,2026-08,0.1959
39580,price_cut_share,2018,0.2254
39580,price_cut_share,2019,0.2556
39580,price_cut_share,2020,0.1954
39580,price_cut_share,2021,0.1138
39580,price_cut_share,2022,0.2231
39580,price_cut_share,2023,0.2654
39580,price_cut_share,2024,0.2886
39580,price_cut_share,2025,0.3213
39580,price_cut_share,2026,0.3077
39580,price_cut_share,2026-08,0.3626
39660,price_cut_share,2018,0.1541
39660,price_cut_share,2019,0.1474
39660,price_cut_share,2020,0.1266
39660,price_cut_share,2021,0.1031
39660,price_cut_share,2022,0.1765
39660,price_cut_share,2023,0.2324
39660,price_cut_share,2024,0.2517
39660,price_cut_share,2025,0.2576
39660,price_cut_share,2026,0.2265
39660,price_cut_share,2026-08,0.2823
39700,price_cut_share,2018,0.0948
39700,price_cut_share,2019,0.0802
39700,price_cut_share,2020,0.0596
39700,price_cut_share,2021,0.0718
39700,price_cut_share,2022,0.1227
39700,price_cut_share,2023,0.1311
39700,price_cut_share,2024,0.1611
39700,price_cut_share,2025,0.1509
39700,price_cut_share,2026,0.1497
39700,price_cut_share,2026-08,0.1862
39740,price_cut_share,2018,0.1913
39740,price_cut_share,2019,0.1931
39740,price_cut_share,2020,0.1311
39740,price_cut_share,2021,0.1289
39740,price_cut_share,2022,0.1436
39740,price_cut_share,2023,0.1616
39740,price_cut_share,2024,0.1826
39740,price_cut_share,2025,0.2021
39740,price_cut_share,2026,0.1728
39740,price_cut_share,2026-08,0.2083
39780,price_cut_share,2018,0.1813
39780,price_cut_share,2019,0.1991
39780,price_cut_share,2020,0.1566
39780,price_cut_share,2021,0.146
39780,price_cut_share,2022,0.2248
39780,price_cut_share,2023,0.2197
39780,price_cut_share,2024,0.2089
39780,price_cut_share,2025,0.2205
39780,price_cut_share,2026,0.2135
39780,price_cut_share,2026-08,0.2161
39820,price_cut_share,2018,0.2099
39820,price_cut_share,2019,0.2127
39820,price_cut_share,2020,0.1703
39820,price_cut_share,2021,0.1603
39820,price_cut_share,2022,0.2377
39820,price_cut_share,2023,0.2352
39820,price_cut_share,2024,0.2138
39820,price_cut_share,2025,0.2494
39820,price_cut_share,2026,0.2527
39820,price_cut_share,2026-08,0.2865
39860,price_cut_share,2018,0.181
39860,price_cut_share,2019,0.1666
39860,price_cut_share,2020,0.1685
39860,price_cut_share,2021,0.1529
39860,price_cut_share,2022,0.2036
39860,price_cut_share,2023,0.1818
39860,price_cut_share,2024,0.2166
39860,price_cut_share,2025,0.2026
39860,price_cut_share,2026,0.2046
39860,price_cut_share,2026-08,0.2705
39900,price_cut_share,2018,0.1979
39900,price_cut_share,2019,0.2085
39900,price_cut_share,2020,0.1393
39900,price_cut_share,2021,0.1167
39900,price_cut_share,2022,0.2527
39900,price_cut_share,2023,0.245
39900,price_cut_share,2024,0.2359
39900,price_cut_share,2025,0.2589
39900,price_cut_share,2026,0.2198
39900,price_cut_share,2026-08,0.2682
39940,price_cut_share,2018,0.1386
39940,price_cut_share,2019,0.144
39940,price_cut_share,2020,0.131
39940,price_cut_share,2021,0.1365
39940,price_cut_share,2022,0.2058
39940,price_cut_share,2023,0.1837
39940,price_cut_share,2024,0.1838
39940,price_cut_share,2025,0.1908
39940,price_cut_share,2026,0.1672
39940,price_cut_share,2026-08,0.2357
39980,price_cut_share,2018,0.1649
39980,price_cut_share,2019,0.1542
39980,price_cut_share,2020,0.1455
39980,price_cut_share,2021,0.1207
39980,price_cut_share,2022,0.1638
39980,price_cut_share,2023,0.1998
39980,price_cut_share,2024,0.2108
39980,price_cut_share,2025,0.2132
39980,price_cut_share,2026,0.2192
39980,price_cut_share,2026-08,0.2712
40060,price_cut_share,2018,0.2082
40060,price_cut_share,2019,0.2162
40060,price_cut_share,2020,0.1686
40060,price_cut_share,2021,0.125
40060,price_cut_share,2022,0.1575
40060,price_cut_share,2023,0.1868
40060,price_cut_share,2024,0.2152
40060,price_cut_share,2025,0.2426
40060,price_cut_share,2026,0.2223
40060,price_cut_share,2026-08,0.2838
40080,price_cut_share,2018,0.1936
40080,price_cut_share,2019,0.2088
40080,price_cut_share,2020,0.1814
40080,price_cut_share,2021,0.1651
40080,price_cut_share,2022,0.2227
40080,price_cut_share,2023,0.2443
40080,price_cut_share,2024,0.2658
40080,price_cut_share,2025,0.2795
40080,price_cut_share,2026,0.2457
40080,price_cut_share,2026-08,0.2756
40100,price_cut_share,2018,0.0946
40100,price_cut_share,2019,0.0704
40100,price_cut_share,2020,0.07
40100,price_cut_share,2021,0.1081
40100,price_cut_share,2022,0.104
40100,price_cut_share,2023,0.1029
40100,price_cut_share,2024,0.1165
40100,price_cut_share,2025,0.1162
40100,price_cut_share,2026,0.1003
40100,price_cut_share,2026-08,0.1182
40140,price_cut_share,2018,0.2075
40140,price_cut_share,2019,0.2054
40140,price_cut_share,2020,0.1391
40140,price_cut_share,2021,0.1045
40140,price_cut_share,2022,0.2021
40140,price_cut_share,2023,0.1981
40140,price_cut_share,2024,0.2085
40140,price_cut_share,2025,0.2284
40140,price_cut_share,2026,0.2182
40140,price_cut_share,2026-08,0.2354
40180,price_cut_share,2018,0.1028
40180,price_cut_share,2019,0.1088
40180,price_cut_share,2020,0.0947
40180,price_cut_share,2021,0.0798
40180,price_cut_share,2022,0.1197
40180,price_cut_share,2023,0.143
40180,price_cut_share,2024,0.1237
40180,price_cut_share,2025,0.1162
40180,price_cut_share,2026,0.118
40180,price_cut_share,2026-08,0.1636
40220,price_cut_share,2018,0.1939
40220,price_cut_share,2019,0.1856
40220,price_cut_share,2020,0.1829
40220,price_cut_share,2021,0.1615
40220,price_cut_share,2022,0.1835
40220,price_cut_share,2023,0.2219
40220,price_cut_share,2024,0.2555
40220,price_cut_share,2025,0.2925
40220,price_cut_share,2026,0.2769
40220,price_cut_share,2026-08,0.3191
40260,price_cut_share,2018,0.1161
40260,price_cut_share,2019,0.1036
40260,price_cut_share,2020,0.1104
40260,price_cut_share,2021,0.1125
40260,price_cut_share,2022,0.1599
40260,price_cut_share,2023,0.1378
40260,price_cut_share,2024,0.1569
40260,price_cut_share,2025,0.1898
40260,price_cut_share,2026,0.1926
40260,price_cut_share,2026-08,0.1854
40300,price_cut_share,2018,0.1997
40300,price_cut_share,2019,0.1944
40300,price_cut_share,2020,0.2071
40300,price_cut_share,2021,0.1637
40300,price_cut_share,2022,0.1904
40300,price_cut_share,2023,0.1921
40300,price_cut_share,2024,0.2151
40300,price_cut_share,2025,0.2009
40300,price_cut_share,2026,0.1842
40300,price_cut_share,2026-08,0.1916
40340,price_cut_share,2018,0.1849
40340,price_cut_share,2019,0.1933
40340,price_cut_share,2020,0.1711
40340,price_cut_share,2021,0.16
40340,price_cut_share,2022,0.2075
40340,price_cut_share,2023,0.2117
40340,price_cut_share,2024,0.2157
40340,price_cut_share,2025,0.2224
40340,price_cut_share,2026,0.2184
40340,price_cut_share,2026-08,0.292
40380,price_cut_share,2018,0.1862
40380,price_cut_share,2019,0.1781
40380,price_cut_share,2020,0.1367
40380,price_cut_share,2021,0.1088
40380,price_cut_share,2022,0.1146
40380,price_cut_share,2023,0.1154
40380,price_cut_share,2024,0.1169
40380,price_cut_share,2025,0.1219
40380,price_cut_share,2026,0.1092
40380,price_cut_share,2026-08,0.1491
40420,price_cut_share,2018,0.2028
40420,price_cut_share,2019,0.2103
40420,price_cut_share,2020,0.1833
40420,price_cut_share,2021,0.1564
40420,price_cut_share,2022,0.1784
40420,price_cut_share,2023,0.1658
40420,price_cut_share,2024,0.1833
40420,price_cut_share,2025,0.1829
40420,price_cut_share,2026,0.1699
40420,price_cut_share,2026-08,0.2083
40460,price_cut_share,2018,0.117
40460,price_cut_share,2019,0.1297
40460,price_cut_share,2020,0.1217
40460,price_cut_share,2021,0.1071
40460,price_cut_share,2022,0.1642
40460,price_cut_share,2023,0.19
40460,price_cut_share,2024,0.2279
40460,price_cut_share,2025,0.2127
40460,price_cut_share,2026,0.216
40460,price_cut_share,2026-08,0.2681
40540,price_cut_share,2018,0.1836
40540,price_cut_share,2019,0.1699
40540,price_cut_share,2020,0.1908
40540,price_cut_share,2021,0.1436
40540,price_cut_share,2022,0.152
40540,price_cut_share,2023,0.1649
40540,price_cut_share,2024,0.1742
40540,price_cut_share,2025,0.2313
40540,price_cut_share,2026,0.242
40540,price_cut_share,2026-08,0.2863
40580,price_cut_share,2018,0.1432
40580,price_cut_share,2019,0.1364
40580,price_cut_share,2020,0.1297
40580,price_cut_share,2021,0.1318
40580,price_cut_share,2022,0.1756
40580,price_cut_share,2023,0.1883
40580,price_cut_share,2024,0.2556
40580,price_cut_share,2025,0.2501
40580,price_cut_share,2026,0.2628
40580,price_cut_share,2026-08,0.2873
40620,price_cut_share,2018,0.1348
40620,price_cut_share,2019,0.1359
40620,price_cut_share,2020,0.1324
40620,price_cut_share,2021,0.1225
40620,price_cut_share,2022,0.1595
40620,price_cut_share,2023,0.1652
40620,price_cut_share,2024,0.1787
40620,price_cut_share,2025,0.2272
40620,price_cut_share,2026,0.1949
40620,price_cut_share,2026-08,0.2559
40660,price_cut_share,2018,0.1494
40660,price_cut_share,2019,0.1615
40660,price_cut_share,2020,0.1424
40660,price_cut_share,2021,0.1345
40660,price_cut_share,2022,0.175
40660,price_cut_share,2023,0.2145
40660,price_cut_share,2024,0.2578
40660,price_cut_share,2025,0.2579
40660,price_cut_share,2026,0.2494
40660,price_cut_share,2026-08,0.2711
40700,price_cut_share,2018,0.172
40700,price_cut_share,2019,0.1773
40700,price_cut_share,2020,0.1394
40700,price_cut_share,2021,0.1314
40700,price_cut_share,2022,0.1924
40700,price_cut_share,2023,0.2143
40700,price_cut_share,2024,0.2241
40700,price_cut_share,2025,0.2451
40700,price_cut_share,2026,0.2467
40700,price_cut_share,2026-08,0.2885
40740,price_cut_share,2018,0.1547
40740,price_cut_share,2019,0.1164
40740,price_cut_share,2020,0.1311
40740,price_cut_share,2021,0.1537
40740,price_cut_share,2022,0.1415
40740,price_cut_share,2023,0.1559
40740,price_cut_share,2024,0.1592
40740,price_cut_share,2025,0.1764
40740,price_cut_share,2026,0.1598
40740,price_cut_share,2026-08,0.1729
40760,price_cut_share,2021,0.1272
40760,price_cut_share,2022,0.1489
40760,price_cut_share,2023,0.1604
40760,price_cut_share,2024,0.1468
40760,price_cut_share,2025,0.162
40760,price_cut_share,2026,0.176
40760,price_cut_share,2026-08,0.2161
40780,price_cut_share,2018,0.1293
40780,price_cut_share,2019,0.1435
40780,price_cut_share,2020,0.1619
40780,price_cut_share,2021,0.1203
40780,price_cut_share,2022,0.151
40780,price_cut_share,2023,0.166
40780,price_cut_share,2024,0.1954
40780,price_cut_share,2025,0.2084
40780,price_cut_share,2026,0.2113
40780,price_cut_share,2026-08,0.2187
40820,price_cut_share,2018,0.1648
40820,price_cut_share,2019,0.1831
40820,price_cut_share,2020,0.1378
40820,price_cut_share,2021,0.1139
40820,price_cut_share,2022,0.1751
40820,price_cut_share,2023,0.184
40820,price_cut_share,2024,0.2091
40820,price_cut_share,2025,0.1971
40820,price_cut_share,2026,0.1889
40820,price_cut_share,2026-08,0.241
40860,price_cut_share,2018,0.1028
40860,price_cut_share,2019,0.0991
40860,price_cut_share,2020,0.0907
40860,price_cut_share,2021,0.0956
40860,price_cut_share,2022,0.1231
40860,price_cut_share,2023,0.1259
40860,price_cut_share,2024,0.1744
40860,price_cut_share,2025,0.1832
40860,price_cut_share,2026,0.1734
40860,price_cut_share,2026-08,0.2497
40900,price_cut_share,2018,0.2351
40900,price_cut_share,2019,0.2277
40900,price_cut_share,2020,0.1679
40900,price_cut_share,2021,0.1308
40900,price_cut_share,2022,0.2447
40900,price_cut_share,2023,0.2108
40900,price_cut_share,2024,0.2284
40900,price_cut_share,2025,0.2544
40900,price_cut_share,2026,0.2291
40900,price_cut_share,2026-08,0.2896
40940,price_cut_share,2018,0.1646
40940,price_cut_share,2019,0.1789
40940,price_cut_share,2020,0.1439
40940,price_cut_share,2021,0.1547
40940,price_cut_share,2022,0.2037
40940,price_cut_share,2023,0.1664
40940,price_cut_share,2024,0.1589
40940,price_cut_share,2025,0.2064
40940,price_cut_share,2026,0.2329
40940,price_cut_share,2026-08,0.2708
40980,price_cut_share,2018,0.2063
40980,price_cut_share,2019,0.2176
40980,price_cut_share,2020,0.1675
40980,price_cut_share,2021,0.1707
40980,price_cut_share,2022,0.2021
40980,price_cut_share,2023,0.2
40980,price_cut_share,2024,0.2368
40980,price_cut_share,2025,0.2497
40980,price_cut_share,2026,0.2269
40980,price_cut_share,2026-08,0.2544
41060,price_cut_share,2018,0.19
41060,price_cut_share,2019,0.1885
41060,price_cut_share,2020,0.1681
41060,price_cut_share,2021,0.1393
41060,price_cut_share,2022,0.1752
41060,price_cut_share,2023,0.188
41060,price_cut_share,2024,0.2238
41060,price_cut_share,2025,0.2464
41060,price_cut_share,2026,0.2116
41060,price_cut_share,2026-08,0.2798
41100,price_cut_share,2018,0.1753
41100,price_cut_share,2019,0.1928
41100,price_cut_share,2020,0.1498
41100,price_cut_share,2021,0.1449
41100,price_cut_share,2022,0.2472
41100,price_cut_share,2023,0.2555
41100,price_cut_share,2024,0.2531
41100,price_cut_share,2025,0.2696
41100,price_cut_share,2026,0.2594
41100,price_cut_share,2026-08,0.2629
41140,price_cut_share,2018,0.1903
41140,price_cut_share,2019,0.1773
41140,price_cut_share,2020,0.1781
41140,price_cut_share,2021,0.174
41140,price_cut_share,2022,0.1978
41140,price_cut_share,2023,0.2073
41140,price_cut_share,2024,0.2494
41140,price_cut_share,2025,0.2519
41140,price_cut_share,2026,0.2543
41140,price_cut_share,2026-08,0.299
41180,price_cut_share,2018,0.2173
41180,price_cut_share,2019,0.2051
41180,price_cut_share,2020,0.173
41180,price_cut_share,2021,0.153
41180,price_cut_share,2022,0.1786
41180,price_cut_share,2023,0.1991
41180,price_cut_share,2024,0.221
41180,price_cut_share,2025,0.2378
41180,price_cut_share,2026,0.2299
41180,price_cut_share,2026-08,0.2709
41260,price_cut_share,2021,0.0949
41260,price_cut_share,2022,0.1636
41260,price_cut_share,2023,0.1466
41260,price_cut_share,2024,0.1664
41260,price_cut_share,2025,0.2079
41260,price_cut_share,2026,0.2018
41260,price_cut_share,2026-08,0.182
41400,price_cut_share,2018,0.1496
41400,price_cut_share,2019,0.1673
41400,price_cut_share,2020,0.1633
41400,price_cut_share,2021,0.1689
41400,price_cut_share,2022,0.2077
41400,price_cut_share,2023,0.2161
41400,price_cut_share,2024,0.2321
41400,price_cut_share,2025,0.2472
41400,price_cut_share,2026,0.2001
41400,price_cut_share,2026-08,0.2159
41420,price_cut_share,2018,0.1503
41420,price_cut_share,2019,0.1807
41420,price_cut_share,2020,0.1227
41420,price_cut_share,2021,0.1302
41420,price_cut_share,2022,0.2016
41420,price_cut_share,2023,0.2351
41420,price_cut_share,2024,0.2442
41420,price_cut_share,2025,0.2452
41420,price_cut_share,2026,0.2542
41420,price_cut_share,2026-08,0.3187
41460,price_cut_share,2018,0.2331
41460,price_cut_share,2019,0.2191
41460,price_cut_share,2020,0.1931
41460,price_cut_share,2021,0.1308
41460,price_cut_share,2022,0.1562
41460,price_cut_share,2023,0.1924
41460,price_cut_share,2024,0.1983
41460,price_cut_share,2025,0.2021
41460,price_cut_share,2026,0.202
41460,price_cut_share,2026-08,0.2418
41500,price_cut_share,2018,0.1704
41500,price_cut_share,2019,0.1757
41500,price_cut_share,2020,0.129
41500,price_cut_share,2021,0.1035
41500,price_cut_share,2022,0.1689
41500,price_cut_share,2023,0.1722
41500,price_cut_share,2024,0.1828
41500,price_cut_share,2025,0.195
41500,price_cut_share,2026,0.1966
41500,price_cut_share,2026-08,0.2253
41540,price_cut_share,2018,0.1528
41540,price_cut_share,2019,0.1683
41540,price_cut_share,2020,0.1323
41540,price_cut_share,2021,0.1247
41540,price_cut_share,2022,0.1855
41540,price_cut_share,2023,0.2177
41540,price_cut_share,2024,0.2379
41540,price_cut_share,2025,0.2426
41540,price_cut_share,2026,0.2294
41540,price_cut_share,2026-08,0.2804
41620,price_cut_share,2018,0.2376
41620,price_cut_share,2019,0.2523
41620,price_cut_share,2020,0.1924
41620,price_cut_share,2021,0.141
41620,price_cut_share,2022,0.2664
41620,price_cut_share,2023,0.2989
41620,price_cut_share,2024,0.2947
41620,price_cut_share,2025,0.3229
41620,price_cut_share,2026,0.2998
41620,price_cut_share,2026-08,0.363
41660,price_cut_share,2018,0.1587
41660,price_cut_share,2019,0.1754
41660,price_cut_share,2020,0.1568
41660,price_cut_share,2021,0.1613
41660,price_cut_share,2022,0.2251
41660,price_cut_share,2023,0.243
41660,price_cut_share,2024,0.2397
41660,price_cut_share,2025,0.2257
41660,price_cut_share,2026,0.2131
41660,price_cut_share,2026-08,0.2606
41700,price_cut_share,2018,0.2238
41700,price_cut_share,2019,0.2381
41700,price_cut_share,2020,0.199
41700,price_cut_share,2021,0.1484
41700,price_cut_share,2022,0.2251
41700,price_cut_share,2023,0.2921
41700,price_cut_share,2024,0.2898
41700,price_cut_share,2025,0.2818
41700,price_cut_share,2026,0.2676
41700,price_cut_share,2026-08,0.3045
41740,price_cut_share,2018,0.2557
41740,price_cut_share,2019,0.236
41740,price_cut_share,2020,0.1643
41740,price_cut_share,2021,0.1217
41740,price_cut_share,2022,0.2056
41740,price_cut_share,2023,0.1841
41740,price_cut_share,2024,0.2201
41740,price_cut_share,2025,0.2568
41740,price_cut_share,2026,0.2337
41740,price_cut_share,2026-08,0.2777
41760,price_cut_share,2018,0.1232
41760,price_cut_share,2019,0.1352
41760,price_cut_share,2020,0.1031
41760,price_cut_share,2021,0.1549
41760,price_cut_share,2022,0.2221
41760,price_cut_share,2023,0.1855
41760,price_cut_share,2024,0.1835
41760,price_cut_share,2025,0.1939
41760,price_cut_share,2026,0.174
41760,price_cut_share,2026-08,0.2446
41780,price_cut_share,2018,0.1586
41780,price_cut_share,2019,0.1653
41780,price_cut_share,2020,0.1438
41780,price_cut_share,2021,0.1402
41780,price_cut_share,2022,0.1629
41780,price_cut_share,2023,0.1542
41780,price_cut_share,2024,0.182
41780,price_cut_share,2025,0.2282
41780,price_cut_share,2026,0.2172
41780,price_cut_share,2026-08,0.2425
41820,price_cut_share,2018,0.1448
41820,price_cut_share,2019,0.1383
41820,price_cut_share,2020,0.1459
41820,price_cut_share,2021,0.1117
41820,price_cut_share,2022,0.1364
41820,price_cut_share,2023,0.2054
41820,price_cut_share,2024,0.2576
41820,price_cut_share,2025,0.2748
41820,price_cut_share,2026,0.2625
41820,price_cut_share,2026-08,0.2817
41860,price_cut_share,2018,0.1388
41860,price_cut_share,2019,0.1639
41860,price_cut_share,2020,0.1289
41860,price_cut_share,2021,0.0948
41860,price_cut_share,2022,0.1642
41860,price_cut_share,2023,0.1611
41860,price_cut_share,2024,0.1655
41860,price_cut_share,2025,0.1894
41860,price_cut_share,2026,0.1717
41860,price_cut_share,2026-08,0.2069
41940,price_cut_share,2018,0.1487
41940,price_cut_share,2019,0.2035
41940,price_cut_share,2020,0.1436
41940,price_cut_share,2021,0.0993
41940,price_cut_share,2022,0.1609
41940,price_cut_share,2023,0.1462
41940,price_cut_share,2024,0.14
41940,price_cut_share,2025,0.1758
41940,price_cut_share,2026,0.1842
41940,price_cut_share,2026-08,0.224
42020,price_cut_share,2018,0.2267
42020,price_cut_share,2019,0.2244
42020,price_cut_share,2020,0.1713
42020,price_cut_share,2021,0.1193
42020,price_cut_share,2022,0.1745
42020,price_cut_share,2023,0.195
42020,price_cut_share,2024,0.2062
42020,price_cut_share,2025,0.2335
42020,price_cut_share,2026,0.2145
42020,price_cut_share,2026-08,0.2672
42100,price_cut_share,2018,0.2082
42100,price_cut_share,2019,0.2217
42100,price_cut_share,2020,0.1492
42100,price_cut_share,2021,0.1196
42100,price_cut_share,2022,0.1684
42100,price_cut_share,2023,0.184
42100,price_cut_share,2024,0.2018
42100,price_cut_share,2025,0.2195
42100,price_cut_share,2026,0.2053
42100,price_cut_share,2026-08,0.2506
42140,price_cut_share,2018,0.1485
42140,price_cut_share,2019,0.1631
42140,price_cut_share,2020,0.1348
42140,price_cut_share,2021,0.1297
42140,price_cut_share,2022,0.1583
42140,price_cut_share,2023,0.1851
42140,price_cut_share,2024,0.1941
42140,price_cut_share,2025,0.207
42140,price_cut_share,2026,0.2051
42140,price_cut_share,2026-08,0.2603
42200,price_cut_share,2018,0.1973
42200,price_cut_share,2019,0.184
42200,price_cut_share,2020,0.136
42200,price_cut_share,2021,0.0953
42200,price_cut_share,2022,0.158
42200,price_cut_share,2023,0.1584
42200,price_cut_share,2024,0.1878
42200,price_cut_share,2025,0.1989
42200,price_cut_share,2026,0.1822
42200,price_cut_share,2026-08,0.2094
42220,price_cut_share,2018,0.2319
42220,price_cut_share,2019,0.2132
42220,price_cut_share,2020,0.1739
42220,price_cut_share,2021,0.1472
42220,price_cut_share,2022,0.1637
42220,price_cut_share,2023,0.1858
42220,price_cut_share,2024,0.193
42220,price_cut_share,2025,0.2155
42220,price_cut_share,2026,0.1995
42220,price_cut_share,2026-08,0.2517
42300,price_cut_share,2018,0.084
42300,price_cut_share,2019,0.076
42300,price_cut_share,2020,0.0562
42300,price_cut_share,2021,0.0572
42300,price_cut_share,2022,0.1019
42300,price_cut_share,2023,0.1018
42300,price_cut_share,2024,0.1459
42300,price_cut_share,2025,0.1433
42300,price_cut_share,2026,0.1129
42300,price_cut_share,2026-08,0.2035
42340,price_cut_share,2018,0.1853
42340,price_cut_share,2019,0.1888
42340,price_cut_share,2020,0.1776
42340,price_cut_share,2021,0.1162
42340,price_cut_share,2022,0.1504
42340,price_cut_share,2023,0.173
42340,price_cut_share,2024,0.2022
42340,price_cut_share,2025,0.2516
42340,price_cut_share,2026,0.265
42340,price_cut_share,2026-08,0.2881
42380,price_cut_share,2018,0.1242
42380,price_cut_share,2019,0.1241
42380,price_cut_share,2020,0.1295
42380,price_cut_share,2021,0.1247
42380,price_cut_share,2022,0.1497
42380,price_cut_share,2023,0.1567
42380,price_cut_share,2024,0.1799
42380,price_cut_share,2025,0.1691
42380,price_cut_share,2026,0.1567
42380,price_cut_share,2026-08,0.1888
42420,price_cut_share,2018,0.2146
42420,price_cut_share,2019,0.1822
42420,price_cut_share,2020,0.1578
42420,price_cut_share,2021,0.129
42420,price_cut_share,2022,0.1636
42420,price_cut_share,2023,0.1887
42420,price_cut_share,2024,0.1947
42420,price_cut_share,2025,0.2095
42420,price_cut_share,2026,0.2099
42420,price_cut_share,2026-08,0.2149
42460,price_cut_share,2018,0.0958
42460,price_cut_share,2019,0.1316
42460,price_cut_share,2020,0.152
42460,price_cut_share,2021,0.1519
42460,price_cut_share,2022,0.1803
42460,price_cut_share,2023,0.1812
42460,price_cut_share,2024,0.2171
42460,price_cut_share,2025,0.2202
42460,price_cut_share,2026,0.2241
42460,price_cut_share,2026-08,0.2581
42540,price_cut_share,2018,0.1722
42540,price_cut_share,2019,0.1761
42540,price_cut_share,2020,0.1367
42540,price_cut_share,2021,0.1345
42540,price_cut_share,2022,0.1582
42540,price_cut_share,2023,0.1858
42540,price_cut_share,2024,0.201
42540,price_cut_share,2025,0.2171
42540,price_cut_share,2026,0.2042
42540,price_cut_share,2026-08,0.2407
42620,price_cut_share,2018,0.158
42620,price_cut_share,2019,0.1485
42620,price_cut_share,2020,0.1375
42620,price_cut_share,2021,0.1151
42620,price_cut_share,2022,0.1449
42620,price_cut_share,2023,0.1601
42620,price_cut_share,2024,0.2009
42620,price_cut_share,2025,0.1952
42620,price_cut_share,2026,0.2001
42620,price_cut_share,2026-08,0.2497
42660,price_cut_share,2018,0.2043
42660,price_cut_share,2019,0.2189
42660,price_cut_share,2020,0.1554
42660,price_cut_share,2021,0.1135
42660,price_cut_share,2022,0.2157
42660,price_cut_share,2023,0.2214
42660,price_cut_share,2024,0.216
42660,price_cut_share,2025,0.2519
42660,price_cut_share,2026,0.2566
42660,price_cut_share,2026-08,0.3273
42680,price_cut_share,2018,0.1539
42680,price_cut_share,2019,0.1658
42680,price_cut_share,2020,0.1465
42680,price_cut_share,2021,0.1221
42680,price_cut_share,2022,0.194
42680,price_cut_share,2023,0.2257
42680,price_cut_share,2024,0.2342
42680,price_cut_share,2025,0.2309
42680,price_cut_share,2026,0.2237
42680,price_cut_share,2026-08,0.2108
42700,price_cut_share,2018,0.1547
42700,price_cut_share,2019,0.1833
42700,price_cut_share,2020,0.1607
42700,price_cut_share,2021,0.1214
42700,price_cut_share,2022,0.1648
42700,price_cut_share,2023,0.1845
42700,price_cut_share,2024,0.209
42700,price_cut_share,2025,0.2267
42700,price_cut_share,2026,0.2364
42700,price_cut_share,2026-08,0.2335
42740,price_cut_share,2018,0.1593
42740,price_cut_share,2019,0.1711
42740,price_cut_share,2020,0.1974
42740,price_cut_share,2021,0.1567
42740,price_cut_share,2022,0.1739
42740,price_cut_share,2023,0.2017
42740,price_cut_share,2024,0.222
42740,price_cut_share,2025,0.2527
42740,price_cut_share,2026,0.229
42740,price_cut_share,2026-08,0.2393
42780,price_cut_share,2018,0.1324
42780,price_cut_share,2019,0.1433
42780,price_cut_share,2020,0.1149
42780,price_cut_share,2021,0.1248
42780,price_cut_share,2022,0.1884
42780,price_cut_share,2023,0.2373
42780,price_cut_share,2024,0.2043
42780,price_cut_share,2025,0.1988
42780,price_cut_share,2026,0.2022
42780,price_cut_share,2026-08,0.257
42820,price_cut_share,2018,0.0944
42820,price_cut_share,2019,0.1024
42820,price_cut_share,2020,0.0905
42820,price_cut_share,2021,0.0808
42820,price_cut_share,2022,0.1109
42820,price_cut_share,2023,0.1088
42820,price_cut_share,2024,0.1147
42820,price_cut_share,2025,0.137
42820,price_cut_share,2026,0.1323
42820,price_cut_share,2026-08,0.1875
42860,price_cut_share,2018,0.123
42860,price_cut_share,2019,0.1572
42860,price_cut_share,2020,0.1472
42860,price_cut_share,2021,0.1117
42860,price_cut_share,2022,0.1503
42860,price_cut_share,2023,0.1939
42860,price_cut_share,2024,0.2264
42860,price_cut_share,2025,0.233
42860,price_cut_share,2026,0.2414
42860,price_cut_share,2026-08,0.3012
42900,price_cut_share,2018,0.1554
42900,price_cut_share,2019,0.1631
42900,price_cut_share,2020,0.1475
42900,price_cut_share,2021,0.1369
42900,price_cut_share,2022,0.1422
42900,price_cut_share,2023,0.1662
42900,price_cut_share,2024,0.1574
42900,price_cut_share,2025,0.1862
42900,price_cut_share,2026,0.1519
42900,price_cut_share,2026-08,0.2001
42940,price_cut_share,2018,0.1438
42940,price_cut_share,2019,0.164
42940,price_cut_share,2020,0.1497
42940,price_cut_share,2021,0.1534
42940,price_cut_share,2022,0.2446
42940,price_cut_share,2023,0.2914
42940,price_cut_share,2024,0.2972
42940,price_cut_share,2025,0.2845
42940,price_cut_share,2026,0.2824
42940,price_cut_share,2026-08,0.3049
42980,price_cut_share,2018,0.1415
42980,price_cut_share,2019,0.1578
42980,price_cut_share,2020,0.1338
42980,price_cut_share,2021,0.1371
42980,price_cut_share,2022,0.1735
42980,price_cut_share,2023,0.1997
42980,price_cut_share,2024,0.2314
42980,price_cut_share,2025,0.249
42980,price_cut_share,2026,0.2588
42980,price_cut_share,2026-08,0.2881
43020,price_cut_share,2018,0.1026
43020,price_cut_share,2019,0.1172
43020,price_cut_share,2020,0.093
43020,price_cut_share,2021,0.0802
43020,price_cut_share,2022,0.1076
43020,price_cut_share,2023,0.1186
43020,price_cut_share,2024,0.1343
43020,price_cut_share,2025,0.1303
43020,price_cut_share,2026,0.1241
43020,price_cut_share,2026-08,0.1647
43060,price_cut_share,2018,0.2009
43060,price_cut_share,2019,0.1951
43060,price_cut_share,2020,0.2066
43060,price_cut_share,2021,0.1694
43060,price_cut_share,2022,0.2119
43060,price_cut_share,2023,0.2305
43060,price_cut_share,2024,0.242
43060,price_cut_share,2025,0.2587
43060,price_cut_share,2026,0.2483
43060,price_cut_share,2026-08,0.2957
43100,price_cut_share,2018,0.1365
43100,price_cut_share,2019,0.1361
43100,price_cut_share,2020,0.1148
43100,price_cut_share,2021,0.0873
43100,price_cut_share,2022,0.1114
43100,price_cut_share,2023,0.1036
43100,price_cut_share,2024,0.1427
43100,price_cut_share,2025,0.1436
43100,price_cut_share,2026,0.1468
43100,price_cut_share,2026-08,0.1669
43140,price_cut_share,2018,0.1203
43140,price_cut_share,2019,0.1137
43140,price_cut_share,2020,0.1352
43140,price_cut_share,2021,0.136
43140,price_cut_share,2022,0.1819
43140,price_cut_share,2023,0.1829
43140,price_cut_share,2024,0.2243
43140,price_cut_share,2025,0.2246
43140,price_cut_share,2026,0.2351
43140,price_cut_share,2026-08,0.2553
43180,price_cut_share,2018,0.1817
43180,price_cut_share,2019,0.1709
43180,price_cut_share,2020,0.1326
43180,price_cut_share,2021,0.1465
43180,price_cut_share,2022,0.2433
43180,price_cut_share,2023,0.2835
43180,price_cut_share,2024,0.2684
43180,price_cut_share,2025,0.2795
43180,price_cut_share,2026,0.2801
43180,price_cut_share,2026-08,0.2807
43220,price_cut_share,2018,0.1583
43220,price_cut_share,2019,0.1643
43220,price_cut_share,2020,0.1402
43220,price_cut_share,2021,0.1364
43220,price_cut_share,2022,0.2512
43220,price_cut_share,2023,0.2207
43220,price_cut_share,2024,0.2589
43220,price_cut_share,2025,0.2444
43220,price_cut_share,2026,0.2419
43220,price_cut_share,2026-08,0.334
43260,price_cut_share,2018,0.0705
43260,price_cut_share,2019,0.0937
43260,price_cut_share,2020,0.0687
43260,price_cut_share,2021,0.0836
43260,price_cut_share,2022,0.0938
43260,price_cut_share,2023,0.1169
43260,price_cut_share,2024,0.0899
43260,price_cut_share,2025,0.0981
43260,price_cut_share,2026,0.0963
43260,price_cut_share,2026-08,0.1372
43300,price_cut_share,2018,0.1726
43300,price_cut_share,2019,0.2206
43300,price_cut_share,2020,0.1847
43300,price_cut_share,2021,0.1235
43300,price_cut_share,2022,0.1919
43300,price_cut_share,2023,0.2593
43300,price_cut_share,2024,0.2648
43300,price_cut_share,2025,0.2681
43300,price_cut_share,2026,0.2652
43300,price_cut_share,2026-08,0.3047
43320,price_cut_share,2018,0.1409
43320,price_cut_share,2019,0.1457
43320,price_cut_share,2020,0.1331
43320,price_cut_share,2021,0.1195
43320,price_cut_share,2022,0.2033
43320,price_cut_share,2023,0.2252
43320,price_cut_share,2024,0.2273
43320,price_cut_share,2025,0.2188
43320,price_cut_share,2026,0.2143
43320,price_cut_share,2026-08,0.2961
43340,price_cut_share,2018,0.2072
43340,price_cut_share,2019,0.1924
43340,price_cut_share,2020,0.1822
43340,price_cut_share,2021,0.1415
43340,price_cut_share,2022,0.1906
43340,price_cut_share,2023,0.223
43340,price_cut_share,2024,0.23
43340,price_cut_share,2025,0.2318
43340,price_cut_share,2026,0.2182
43340,price_cut_share,2026-08,0.25
43380,price_cut_share,2018,0.1455
43380,price_cut_share,2019,0.1526
43380,price_cut_share,2020,0.1663
43380,price_cut_share,2021,0.173
43380,price_cut_share,2022,0.2096
43380,price_cut_share,2023,0.204
43380,price_cut_share,2024,0.2369
43380,price_cut_share,2025,0.237
43380,price_cut_share,2026,0.2189
43380,price_cut_share,2026-08,0.2794
43420,price_cut_share,2018,0.1252
43420,price_cut_share,2019,0.1276
43420,price_cut_share,2020,0.1035
43420,price_cut_share,2021,0.0922
43420,price_cut_share,2022,0.1427
43420,price_cut_share,2023,0.1649
43420,price_cut_share,2024,0.1878
43420,price_cut_share,2025,0.1982
43420,price_cut_share,2026,0.2057
43420,price_cut_share,2026-08,0.2275
43460,price_cut_share,2018,0.111
43460,price_cut_share,2019,0.152
43460,price_cut_share,2020,0.1
43460,price_cut_share,2021,0.0787
43460,price_cut_share,2022,0.1062
43460,price_cut_share,2023,0.1275
43460,price_cut_share,2024,0.131
43460,price_cut_share,2025,0.165
43460,price_cut_share,2026,0.1623
43460,price_cut_share,2026-08,0.1404
43500,price_cut_share,2018,0.1023
43500,price_cut_share,2019,0.1044
43500,price_cut_share,2020,0.0869
43500,price_cut_share,2021,0.0928
43500,price_cut_share,2022,0.1223
43500,price_cut_share,2023,0.1464
43500,price_cut_share,2024,0.153
43500,price_cut_share,2025,0.1651
43500,price_cut_share,2026,0.1766
43500,price_cut_share,2026-08,0.2107
43580,price_cut_share,2018,0.1564
43580,price_cut_share,2019,0.1549
43580,price_cut_share,2020,0.1508
43580,price_cut_share,2021,0.1475
43580,price_cut_share,2022,0.1696
43580,price_cut_share,2023,0.2178
43580,price_cut_share,2024,0.2303
43580,price_cut_share,2025,0.2394
43580,price_cut_share,2026,0.2382
43580,price_cut_share,2026-08,0.2857
43620,price_cut_share,2018,0.1342
43620,price_cut_share,2019,0.1504
43620,price_cut_share,2020,0.1167
43620,price_cut_share,2021,0.0796
43620,price_cut_share,2022,0.108
43620,price_cut_share,2023,0.1822
43620,price_cut_share,2024,0.1844
43620,price_cut_share,2025,0.2289
43620,price_cut_share,2026,0.2027
43620,price_cut_share,2026-08,0.2729
43660,price_cut_share,2018,0.1355
43660,price_cut_share,2019,0.119
43660,price_cut_share,2020,0.1059
43660,price_cut_share,2021,0.1362
43660,price_cut_share,2022,0.144
43660,price_cut_share,2023,0.1631
43660,price_cut_share,2024,0.1578
43660,price_cut_share,2025,0.1658
43660,price_cut_share,2026,0.1611
43660,price_cut_share,2026-08,0.1246
43700,price_cut_share,2018,0.1129
43700,price_cut_share,2019,0.132
43700,price_cut_share,2020,0.1306
43700,price_cut_share,2021,0.1381
43700,price_cut_share,2022,0.2225
43700,price_cut_share,2023,0.229
43700,price_cut_share,2024,0.2355
43700,price_cut_share,2025,0.2438
43700,price_cut_share,2026,0.2282
43700,price_cut_share,2026-08,0.2719
43740,price_cut_share,2018,0.1419
43740,price_cut_share,2019,0.1427
43740,price_cut_share,2020,0.1171
43740,price_cut_share,2021,0.1284
43740,price_cut_share,2022,0.1526
43740,price_cut_share,2023,0.1622
43740,price_cut_share,2024,0.1832
43740,price_cut_share,2025,0.2166
43740,price_cut_share,2026,0.206
43740,price_cut_share,2026-08,0.2445
43760,price_cut_share,2018,0.1682
43760,price_cut_share,2019,0.1937
43760,price_cut_share,2020,0.1527
43760,price_cut_share,2021,0.1491
43760,price_cut_share,2022,0.2012
43760,price_cut_share,2023,0.2013
43760,price_cut_share,2024,0.2018
43760,price_cut_share,2025,0.1711
43760,price_cut_share,2026,0.1593
43760,price_cut_share,2026-08,0.2002
43780,price_cut_share,2018,0.1848
43780,price_cut_share,2019,0.1956
43780,price_cut_share,2020,0.1644
43780,price_cut_share,2021,0.1441
43780,price_cut_share,2022,0.1721
43780,price_cut_share,2023,0.2115
43780,price_cut_share,2024,0.2462
43780,price_cut_share,2025,0.2421
43780,price_cut_share,2026,0.2156
43780,price_cut_share,2026-08,0.2814
43900,price_cut_share,2018,0.1276
43900,price_cut_share,2019,0.1456
43900,price_cut_share,2020,0.1333
43900,price_cut_share,2021,0.1308
43900,price_cut_share,2022,0.2113
43900,price_cut_share,2023,0.2695
43900,price_cut_share,2024,0.2882
43900,price_cut_share,2025,0.2941
43900,price_cut_share,2026,0.289
43900,price_cut_share,2026-08,0.3142
43940,price_cut_share,2018,0.1271
43940,price_cut_share,2019,0.1262
43940,price_cut_share,2020,0.125
43940,price_cut_share,2021,0.1099
43940,price_cut_share,2022,0.1638
43940,price_cut_share,2023,0.1789
43940,price_cut_share,2024,0.1848
43940,price_cut_share,2025,0.218
43940,price_cut_share,2026,0.1988
43940,price_cut_share,2026-08,0.2522
43980,price_cut_share,2018,0.1217
43980,price_cut_share,2019,0.1711
43980,price_cut_share,2020,0.1598
43980,price_cut_share,2021,0.1453
43980,price_cut_share,2022,0.1394
43980,price_cut_share,2023,0.15
43980,price_cut_share,2024,0.1898
43980,price_cut_share,2025,0.1979
43980,price_cut_share,2026,0.1631
43980,price_cut_share,2026-08,0.2185
44020,price_cut_share,2018,0.1116
44020,price_cut_share,2019,0.1345
44020,price_cut_share,2020,0.1073
44020,price_cut_share,2021,0.1044
44020,price_cut_share,2022,0.1199
44020,price_cut_share,2023,0.1234
44020,price_cut_share,2024,0.1156
44020,price_cut_share,2025,0.1262
44020,price_cut_share,2026,0.1193
44020,price_cut_share,2026-08,0.1696
44060,price_cut_share,2018,0.1517
44060,price_cut_share,2019,0.1608
44060,price_cut_share,2020,0.1454
44060,price_cut_share,2021,0.1299
44060,price_cut_share,2022,0.2233
44060,price_cut_share,2023,0.2535
44060,price_cut_share,2024,0.2621
44060,price_cut_share,2025,0.2711
44060,price_cut_share,2026,0.249
44060,price_cut_share,2026-08,0.2956
44100,price_cut_share,2018,0.2379
44100,price_cut_share,2019,0.2258
44100,price_cut_share,2020,0.2145
44100,price_cut_share,2021,0.195
44100,price_cut_share,2022,0.183
44100,price_cut_share,2023,0.1871
44100,price_cut_share,2024,0.2119
44100,price_cut_share,2025,0.2176
44100,price_cut_share,2026,0.2067
44100,price_cut_share,2026-08,0.237
44140,price_cut_share,2018,0.2219
44140,price_cut_share,2019,0.2216
44140,price_cut_share,2020,0.1649
44140,price_cut_share,2021,0.1238
44140,price_cut_share,2022,0.144
44140,price_cut_share,2023,0.1619
44140,price_cut_share,2024,0.1718
44140,price_cut_share,2025,0.1914
44140,price_cut_share,2026,0.1711
44140,price_cut_share,2026-08,0.2255
44180,price_cut_share,2018,0.1835
44180,price_cut_share,2019,0.1863
44180,price_cut_share,2020,0.176
44180,price_cut_share,2021,0.1495
44180,price_cut_share,2022,0.1868
44180,price_cut_share,2023,0.2267
44180,price_cut_share,2024,0.2445
44180,price_cut_share,2025,0.2516
44180,price_cut_share,2026,0.2298
44180,price_cut_share,2026-08,0.2664
44220,price_cut_share,2018,0.1917
44220,price_cut_share,2019,0.1913
44220,price_cut_share,2020,0.1642
44220,price_cut_share,2021,0.166
44220,price_cut_share,2022,0.1991
44220,price_cut_share,2023,0.2067
44220,price_cut_share,2024,0.2551
44220,price_cut_share,2025,0.2801
44220,price_cut_share,2026,0.2526
44220,price_cut_share,2026-08,0.2893
44260,price_cut_share,2018,0.1039
44260,price_cut_share,2019,0.1011
44260,price_cut_share,2020,0.11
44260,price_cut_share,2021,0.0763
44260,price_cut_share,2022,0.1461
44260,price_cut_share,2023,0.1493
44260,price_cut_share,2024,0.1393
44260,price_cut_share,2025,0.1678
44260,price_cut_share,2026,0.1659
44260,price_cut_share,2026-08,0.227
44300,price_cut_share,2018,0.1732
44300,price_cut_share,2019,0.2025
44300,price_cut_share,2020,0.1766
44300,price_cut_share,2021,0.1342
44300,price_cut_share,2022,0.1649
44300,price_cut_share,2023,0.198
44300,price_cut_share,2024,0.2
44300,price_cut_share,2025,0.2059
44300,price_cut_share,2026,0.188
44300,price_cut_share,2026-08,0.2527
44340,price_cut_share,2018,0.1055
44340,price_cut_share,2019,0.11
44340,price_cut_share,2020,0.1034
44340,price_cut_share,2021,0.0831
44340,price_cut_share,2022,0.1285
44340,price_cut_share,2023,0.1586
44340,price_cut_share,2024,0.1939
44340,price_cut_share,2025,0.2224
44340,price_cut_share,2026,0.2371
44340,price_cut_share,2026-08,0.256
44420,price_cut_share,2018,0.1343
44420,price_cut_share,2019,0.1514
44420,price_cut_share,2020,0.1344
44420,price_cut_share,2021,0.1051
44420,price_cut_share,2022,0.1318
44420,price_cut_share,2023,0.168
44420,price_cut_share,2024,0.1912
44420,price_cut_share,2025,0.2199
44420,price_cut_share,2026,0.2058
44420,price_cut_share,2026-08,0.2527
44460,price_cut_share,2018,0.1067
44460,price_cut_share,2019,0.119
44460,price_cut_share,2020,0.0931
44460,price_cut_share,2021,0.1092
44460,price_cut_share,2022,0.1489
44460,price_cut_share,2023,0.1588
44460,price_cut_share,2024,0.1563
44460,price_cut_share,2025,0.19
44460,price_cut_share,2026,0.1909
44460,price_cut_share,2026-08,0.2648
44500,price_cut_share,2018,0.1584
44500,price_cut_share,2019,0.1594
44500,price_cut_share,2020,0.1508
44500,price_cut_share,2021,0.1264
44500,price_cut_share,2022,0.177
44500,price_cut_share,2023,0.2233
44500,price_cut_share,2024,0.2075
44500,price_cut_share,2025,0.2112
44500,price_cut_share,2026,0.1831
44500,price_cut_share,2026-08,0.2285
44540,price_cut_share,2018,0.1388
44540,price_cut_share,2019,0.1939
44540,price_cut_share,2020,0.1872
44540,price_cut_share,2021,0.1403
44540,price_cut_share,2022,0.1792
44540,price_cut_share,2023,0.2157
44540,price_cut_share,2024,0.199
44540,price_cut_share,2025,0.1864
44540,price_cut_share,2026,0.2046
44540,price_cut_share,2026-08,0.2209
44580,price_cut_share,2018,0.178
44580,price_cut_share,2019,0.1751
44580,price_cut_share,2020,0.1646
44580,price_cut_share,2021,0.1557
44580,price_cut_share,2022,0.1819
44580,price_cut_share,2023,0.1896
44580,price_cut_share,2024,0.2075
44580,price_cut_share,2025,0.2275
44580,price_cut_share,2026,0.208
44580,price_cut_share,2026-08,0.233
44620,price_cut_share,2018,0.1206
44620,price_cut_share,2019,0.1113
44620,price_cut_share,2020,0.1066
44620,price_cut_share,2021,0.079
44620,price_cut_share,2022,0.0862
44620,price_cut_share,2023,0.1103
44620,price_cut_share,2024,0.1203
44620,price_cut_share,2025,0.1286
44620,price_cut_share,2026,0.1234
44620,price_cut_share,2026-08,0.1695
44660,price_cut_share,2018,0.1496
44660,price_cut_share,2019,0.1529
44660,price_cut_share,2020,0.1385
44660,price_cut_share,2021,0.1193
44660,price_cut_share,2022,0.1583
44660,price_cut_share,2023,0.1709
44660,price_cut_share,2024,0.172
44660,price_cut_share,2025,0.1772
44660,price_cut_share,2026,0.1906
44660,price_cut_share,2026-08,0.2234
44700,price_cut_share,2018,0.2203
44700,price_cut_share,2019,0.232
44700,price_cut_share,2020,0.1467
44700,price_cut_share,2021,0.1055
44700,price_cut_share,2022,0.2233
44700,price_cut_share,2023,0.2009
44700,price_cut_share,2024,0.2073
44700,price_cut_share,2025,0.2579
44700,price_cut_share,2026,0.2418
44700,price_cut_share,2026-08,0.2827
44740,price_cut_share,2018,0.1285
44740,price_cut_share,2019,0.1068
44740,price_cut_share,2020,0.1228
44740,price_cut_share,2021,0.1269
44740,price_cut_share,2022,0.1401
44740,price_cut_share,2023,0.1915
44740,price_cut_share,2024,0.1869
44740,price_cut_share,2025,0.2026
44740,price_cut_share,2026,0.1907
44740,price_cut_share,2026-08,0.2099
44780,price_cut_share,2018,0.1587
44780,price_cut_share,2019,0.1918
44780,price_cut_share,2020,0.1568
44780,price_cut_share,2021,0.1576
44780,price_cut_share,2022,0.2191
44780,price_cut_share,2023,0.2175
44780,price_cut_share,2024,0.2648
44780,price_cut_share,2025,0.2743
44780,price_cut_share,2026,0.245
44780,price_cut_share,2026-08,0.3165
44860,price_cut_share,2018,0.1729
44860,price_cut_share,2019,0.1783
44860,price_cut_share,2020,0.1599
44860,price_cut_share,2021,0.1352
44860,price_cut_share,2022,0.2009
44860,price_cut_share,2023,0.2264
44860,price_cut_share,2024,0.2241
44860,price_cut_share,2025,0.2101
44860,price_cut_share,2026,0.2357
44860,price_cut_share,2026-08,0.238
44900,price_cut_share,2018,0.1222
44900,price_cut_share,2019,0.1194
44900,price_cut_share,2020,0.1092
44900,price_cut_share,2021,0.1335
44900,price_cut_share,2022,0.1558
44900,price_cut_share,2023,0.1654
44900,price_cut_share,2024,0.2239
44900,price_cut_share,2025,0.225
44900,price_cut_share,2026,0.2444
44900,price_cut_share,2026-08,0.2569
44940,price_cut_share,2018,0.1328
44940,price_cut_share,2019,0.1521
44940,price_cut_share,2020,0.1246
44940,price_cut_share,2021,0.126
44940,price_cut_share,2022,0.1746
44940,price_cut_share,2023,0.1983
44940,price_cut_share,2024,0.2191
44940,price_cut_share,2025,0.2214
44940,price_cut_share,2026,0.2134
44940,price_cut_share,2026-08,0.2357
44980,price_cut_share,2018,0.154
44980,price_cut_share,2019,0.1548
44980,price_cut_share,2020,0.1247
44980,price_cut_share,2021,0.1221
44980,price_cut_share,2022,0.1982
44980,price_cut_share,2023,0.1983
44980,price_cut_share,2024,0.1908
44980,price_cut_share,2025,0.2128
44980,price_cut_share,2026,0.2336
44980,price_cut_share,2026-08,0.2678
45000,price_cut_share,2018,0.1214
45000,price_cut_share,2019,0.1292
45000,price_cut_share,2020,0.1104
45000,price_cut_share,2021,0.1082
45000,price_cut_share,2022,0.1568
45000,price_cut_share,2023,0.1375
45000,price_cut_share,2024,0.1453
45000,price_cut_share,2025,0.1546
45000,price_cut_share,2026,0.127
45000,price_cut_share,2026-08,0.1666
45020,price_cut_share,2018,0.1324
45020,price_cut_share,2019,0.1347
45020,price_cut_share,2020,0.1241
45020,price_cut_share,2021,0.1161
45020,price_cut_share,2022,0.1597
45020,price_cut_share,2023,0.1531
45020,price_cut_share,2024,0.1908
45020,price_cut_share,2025,0.1745
45020,price_cut_share,2026,0.1882
45020,price_cut_share,2026-08,0.228
45060,price_cut_share,2018,0.1804
45060,price_cut_share,2019,0.1716
45060,price_cut_share,2020,0.1408
45060,price_cut_share,2021,0.1462
45060,price_cut_share,2022,0.1342
45060,price_cut_share,2023,0.1282
45060,price_cut_share,2024,0.156
45060,price_cut_share,2025,0.1705
45060,price_cut_share,2026,0.1426
45060,price_cut_share,2026-08,0.188
45140,price_cut_share,2018,0.1379
45140,price_cut_share,2019,0.1422
45140,price_cut_share,2020,0.1378
45140,price_cut_share,2021,0.1176
45140,price_cut_share,2022,0.1487
45140,price_cut_share,2023,0.1825
45140,price_cut_share,2024,0.1924
45140,price_cut_share,2025,0.2111
45140,price_cut_share,2026,0.2045
45140,price_cut_share,2026-08,0.2295
45180,price_cut_share,2018,0.1342
45180,price_cut_share,2019,0.1283
45180,price_cut_share,2020,0.1205
45180,price_cut_share,2021,0.1197
45180,price_cut_share,2022,0.1611
45180,price_cut_share,2023,0.1824
45180,price_cut_share,2024,0.2013
45180,price_cut_share,2025,0.2093
45180,price_cut_share,2026,0.1946
45180,price_cut_share,2026-08,0.2101
45220,price_cut_share,2018,0.1868
45220,price_cut_share,2019,0.1801
45220,price_cut_share,2020,0.1603
45220,price_cut_share,2021,0.1427
45220,price_cut_share,2022,0.1664
45220,price_cut_share,2023,0.204
45220,price_cut_share,2024,0.2502
45220,price_cut_share,2025,0.2479
45220,price_cut_share,2026,0.2346
45220,price_cut_share,2026-08,0.2731
45300,price_cut_share,2018,0.2599
45300,price_cut_share,2019,0.2587
45300,price_cut_share,2020,0.2196
45300,price_cut_share,2021,0.1571
45300,price_cut_share,2022,0.2398
45300,price_cut_share,2023,0.3011
45300,price_cut_share,2024,0.3177
45300,price_cut_share,2025,0.3169
45300,price_cut_share,2026,0.2972
45300,price_cut_share,2026-08,0.3122
45340,price_cut_share,2018,0.0761
45340,price_cut_share,2019,0.0885
45340,price_cut_share,2020,0.0744
45340,price_cut_share,2021,0.0836
45340,price_cut_share,2022,0.1108
45340,price_cut_share,2023,0.1329
45340,price_cut_share,2024,0.1499
45340,price_cut_share,2025,0.1536
45340,price_cut_share,2026,0.1436
45340,price_cut_share,2026-08,0.1776
45380,price_cut_share,2018,0.1573
45380,price_cut_share,2019,0.147
45380,price_cut_share,2020,0.1438
45380,price_cut_share,2021,0.1287
45380,price_cut_share,2022,0.1677
45380,price_cut_share,2023,0.1781
45380,price_cut_share,2024,0.2303
45380,price_cut_share,2025,0.2171
45380,price_cut_share,2026,0.2042
45380,price_cut_share,2026-08,0.2619
45460,price_cut_share,2018,0.1688
45460,price_cut_share,2019,0.164
45460,price_cut_share,2020,0.1397
45460,price_cut_share,2021,0.1338
45460,price_cut_share,2022,0.188
45460,price_cut_share,2023,0.174
45460,price_cut_share,2024,0.2204
45460,price_cut_share,2025,0.2342
45460,price_cut_share,2026,0.2231
45460,price_cut_share,2026-08,0.2747
45500,price_cut_share,2018,0.1258
45500,price_cut_share,2019,0.1358
45500,price_cut_share,2020,0.1119
45500,price_cut_share,2021,0.1109
45500,price_cut_share,2022,0.1496
45500,price_cut_share,2023,0.1855
45500,price_cut_share,2024,0.2
45500,price_cut_share,2025,0.1932
45500,price_cut_share,2026,0.1827
45500,price_cut_share,2026-08,0.2189
45520,price_cut_share,2018,0.1349
45520,price_cut_share,2019,0.1466
45520,price_cut_share,2020,0.1636
45520,price_cut_share,2021,0.1376
45520,price_cut_share,2022,0.1483
45520,price_cut_share,2023,0.1491
45520,price_cut_share,2024,0.1581
45520,price_cut_share,2025,0.1723
45520,price_cut_share,2026,0.172
45520,price_cut_share,2026-08,0.2329
45580,price_cut_share,2018,0.1105
45580,price_cut_share,2019,0.1334
45580,price_cut_share,2020,0.1295
45580,price_cut_share,2021,0.1048
45580,price_cut_share,2022,0.1708
45580,price_cut_share,2023,0.2098
45580,price_cut_share,2024,0.2031
45580,price_cut_share,2025,0.2189
45580,price_cut_share,2026,0.2254
45580,price_cut_share,2026-08,0.2641
45620,price_cut_share,2018,0.1444
45620,price_cut_share,2019,0.1574
45620,price_cut_share,2020,0.1437
45620,price_cut_share,2021,0.1234
45620,price_cut_share,2022,0.1424
45620,price_cut_share,2023,0.1667
45620,price_cut_share,2024,0.1884
45620,price_cut_share,2025,0.1944
45620,price_cut_share,2026,0.1829
45620,price_cut_share,2026-08,0.2024
45660,price_cut_share,2018,0.1475
45660,price_cut_share,2019,0.1763
45660,price_cut_share,2020,0.1772
45660,price_cut_share,2021,0.1741
45660,price_cut_share,2022,0.1906
45660,price_cut_share,2023,0.1627
45660,price_cut_share,2024,0.2079
45660,price_cut_share,2025,0.2259
45660,price_cut_share,2026,0.2051
45660,price_cut_share,2026-08,0.2511
45700,price_cut_share,2018,0.1493
45700,price_cut_share,2019,0.1309
45700,price_cut_share,2020,0.1227
45700,price_cut_share,2021,0.1317
45700,price_cut_share,2022,0.1497
45700,price_cut_share,2023,0.1379
45700,price_cut_share,2024,0.1989
45700,price_cut_share,2025,0.2317
45700,price_cut_share,2026,0.2056
45700,price_cut_share,2026-08,0.2153
45740,price_cut_share,2018,0.1466
45740,price_cut_share,2019,0.1553
45740,price_cut_share,2020,0.1287
45740,price_cut_share,2021,0.1204
45740,price_cut_share,2022,0.1765
45740,price_cut_share,2023,0.1717
45740,price_cut_share,2024,0.2016
45740,price_cut_share,2025,0.2324
45740,price_cut_share,2026,0.2174
45740,price_cut_share,2026-08,0.2516
45780,price_cut_share,2018,0.1793
45780,price_cut_share,2019,0.1799
45780,price_cut_share,2020,0.1739
45780,price_cut_share,2021,0.1542
45780,price_cut_share,2022,0.1628
45780,price_cut_share,2023,0.1699
45780,price_cut_share,2024,0.184
45780,price_cut_share,2025,0.2011
45780,price_cut_share,2026,0.1925
45780,price_cut_share,2026-08,0.2243
45820,price_cut_share,2018,0.205
45820,price_cut_share,2019,0.2059
45820,price_cut_share,2020,0.17
45820,price_cut_share,2021,0.1516
45820,price_cut_share,2022,0.174
45820,price_cut_share,2023,0.218
45820,price_cut_share,2024,0.2334
45820,price_cut_share,2025,0.2337
45820,price_cut_share,2026,0.2098
45820,price_cut_share,2026-08,0.2562
45860,price_cut_share,2018,0.1721
45860,price_cut_share,2019,0.175
45860,price_cut_share,2020,0.1348
45860,price_cut_share,2021,0.1449
45860,price_cut_share,2022,0.1629
45860,price_cut_share,2023,0.1622
45860,price_cut_share,2024,0.1839
45860,price_cut_share,2025,0.1898
45860,price_cut_share,2026,0.173
45860,price_cut_share,2026-08,0.2262
45900,price_cut_share,2018,0.1363
45900,price_cut_share,2019,0.1235
45900,price_cut_share,2020,0.0987
45900,price_cut_share,2021,0.1019
45900,price_cut_share,2022,0.131
45900,price_cut_share,2023,0.1522
45900,price_cut_share,2024,0.1751
45900,price_cut_share,2025,0.1866
45900,price_cut_share,2026,0.1733
45900,price_cut_share,2026-08,0.2546
45940,price_cut_share,2018,0.1847
45940,price_cut_share,2019,0.198
45940,price_cut_share,2020,0.1444
45940,price_cut_share,2021,0.1096
45940,price_cut_share,2022,0.1092
45940,price_cut_share,2023,0.1102
45940,price_cut_share,2024,0.126
45940,price_cut_share,2025,0.172
45940,price_cut_share,2026,0.1741
45940,price_cut_share,2026-08,0.213
45980,price_cut_share,2018,0.0916
45980,price_cut_share,2019,0.0934
45980,price_cut_share,2020,0.0986
45980,price_cut_share,2021,0.0924
45980,price_cut_share,2022,0.129
45980,price_cut_share,2023,0.141
45980,price_cut_share,2024,0.1458
45980,price_cut_share,2025,0.129
45980,price_cut_share,2026,0.1235
45980,price_cut_share,2026-08,0.1651
46020,price_cut_share,2018,0.2263
46020,price_cut_share,2019,0.2197
46020,price_cut_share,2020,0.1602
46020,price_cut_share,2021,0.1552
46020,price_cut_share,2022,0.2386
46020,price_cut_share,2023,0.2207
46020,price_cut_share,2024,0.2243
46020,price_cut_share,2025,0.2371
46020,price_cut_share,2026,0.2019
46020,price_cut_share,2026-08,0.264
46060,price_cut_share,2018,0.2106
46060,price_cut_share,2019,0.2053
46060,price_cut_share,2020,0.1661
46060,price_cut_share,2021,0.1385
46060,price_cut_share,2022,0.237
46060,price_cut_share,2023,0.2475
46060,price_cut_share,2024,0.2742
46060,price_cut_share,2025,0.2883
46060,price_cut_share,2026,0.2763
46060,price_cut_share,2026-08,0.2764
46100,price_cut_share,2018,0.1452
46100,price_cut_share,2019,0.1499
46100,price_cut_share,2020,0.1175
46100,price_cut_share,2021,0.1436
46100,price_cut_share,2022,0.215
46100,price_cut_share,2023,0.2582
46100,price_cut_share,2024,0.2765
46100,price_cut_share,2025,0.2787
46100,price_cut_share,2026,0.2721
46100,price_cut_share,2026-08,0.295
46140,price_cut_share,2018,0.222
46140,price_cut_share,2019,0.1999
46140,price_cut_share,2020,0.1747
46140,price_cut_share,2021,0.1449
46140,price_cut_share,2022,0.1771
46140,price_cut_share,2023,0.213
46140,price_cut_share,2024,0.2477
46140,price_cut_share,2025,0.2553
46140,price_cut_share,2026,0.2543
46140,price_cut_share,2026-08,0.2921
46180,price_cut_share,2018,0.1392
46180,price_cut_share,2019,0.1545
46180,price_cut_share,2020,0.1444
46180,price_cut_share,2021,0.132
46180,price_cut_share,2022,0.1616
46180,price_cut_share,2023,0.1692
46180,price_cut_share,2024,0.208
46180,price_cut_share,2025,0.2181
46180,price_cut_share,2026,0.205
46180,price_cut_share,2026-08,0.2064
46220,price_cut_share,2018,0.1332
46220,price_cut_share,2019,0.1388
46220,price_cut_share,2020,0.1253
46220,price_cut_share,2021,0.1114
46220,price_cut_share,2022,0.1603
46220,price_cut_share,2023,0.1735
46220,price_cut_share,2024,0.1908
46220,price_cut_share,2025,0.1895
46220,price_cut_share,2026,0.195
46220,price_cut_share,2026-08,0.2274
46300,price_cut_share,2018,0.1723
46300,price_cut_share,2019,0.1828
46300,price_cut_share,2020,0.1471
46300,price_cut_share,2021,0.1343
46300,price_cut_share,2022,0.2561
46300,price_cut_share,2023,0.2743
46300,price_cut_share,2024,0.2404
46300,price_cut_share,2025,0.252
46300,price_cut_share,2026,0.2373
46300,price_cut_share,2026-08,0.2962
46340,price_cut_share,2018,0.1782
46340,price_cut_share,2019,0.176
46340,price_cut_share,2020,0.1529
46340,price_cut_share,2021,0.1214
46340,price_cut_share,2022,0.1795
46340,price_cut_share,2023,0.2433
46340,price_cut_share,2024,0.2476
46340,price_cut_share,2025,0.2488
46340,price_cut_share,2026,0.2433
46340,price_cut_share,2026-08,0.2821
46380,price_cut_share,2018,0.1545
46380,price_cut_share,2019,0.1448
46380,price_cut_share,2020,0.1107
46380,price_cut_share,2021,0.1342
46380,price_cut_share,2022,0.1993
46380,price_cut_share,2023,0.1741
46380,price_cut_share,2024,0.1707
46380,price_cut_share,2025,0.1922
46380,price_cut_share,2026,0.1801
46380,price_cut_share,2026-08,0.2451
46460,price_cut_share,2018,0.1288
46460,price_cut_share,2019,0.1151
46460,price_cut_share,2020,0.1151
46460,price_cut_share,2021,0.0875
46460,price_cut_share,2022,0.1338
46460,price_cut_share,2023,0.2067
46460,price_cut_share,2024,0.2071
46460,price_cut_share,2025,0.232
46460,price_cut_share,2026,0.181
46460,price_cut_share,2026-08,0.2095
46500,price_cut_share,2018,0.2167
46500,price_cut_share,2019,0.2011
46500,price_cut_share,2020,0.2016
46500,price_cut_share,2021,0.1677
46500,price_cut_share,2022,0.2037
46500,price_cut_share,2023,0.2457
46500,price_cut_share,2024,0.2577
46500,price_cut_share,2025,0.2854
46500,price_cut_share,2026,0.2957
46500,price_cut_share,2026-08,0.3505
46520,price_cut_share,2018,0.1367
46520,price_cut_share,2019,0.1515
46520,price_cut_share,2020,0.1133
46520,price_cut_share,2021,0.0902
46520,price_cut_share,2022,0.1405
46520,price_cut_share,2023,0.1553
46520,price_cut_share,2024,0.1718
46520,price_cut_share,2025,0.1846
46520,price_cut_share,2026,0.1708
46520,price_cut_share,2026-08,0.1937
46540,price_cut_share,2018,0.1411
46540,price_cut_share,2019,0.1558
46540,price_cut_share,2020,0.1364
46540,price_cut_share,2021,0.1484
46540,price_cut_share,2022,0.1851
46540,price_cut_share,2023,0.1662
46540,price_cut_share,2024,0.1869
46540,price_cut_share,2025,0.1892
46540,price_cut_share,2026,0.1833
46540,price_cut_share,2026-08,0.247
46620,price_cut_share,2018,0.1432
46620,price_cut_share,2019,0.1344
46620,price_cut_share,2020,0.1115
46620,price_cut_share,2021,0.1021
46620,price_cut_share,2022,0.1332
46620,price_cut_share,2023,0.1385
46620,price_cut_share,2024,0.1363
46620,price_cut_share,2025,0.1225
46620,price_cut_share,2026,0.1382
46620,price_cut_share,2026-08,0.1317
46660,price_cut_share,2018,0.1293
46660,price_cut_share,2019,0.144
46660,price_cut_share,2020,0.1148
46660,price_cut_share,2021,0.0998
46660,price_cut_share,2022,0.1445
46660,price_cut_share,2023,0.1645
46660,price_cut_share,2024,0.1937
46660,price_cut_share,2025,0.1994
46660,price_cut_share,2026,0.1943
46660,price_cut_share,2026-08,0.2314
46700,price_cut_share,2018,0.215
46700,price_cut_share,2019,0.2191
46700,price_cut_share,2020,0.1368
46700,price_cut_share,2021,0.0971
46700,price_cut_share,2022,0.211
46700,price_cut_share,2023,0.1993
46700,price_cut_share,2024,0.2308
46700,price_cut_share,2025,0.2649
46700,price_cut_share,2026,0.2263
46700,price_cut_share,2026-08,0.2734
46780,price_cut_share,2018,0.1039
46780,price_cut_share,2019,0.1169
46780,price_cut_share,2020,0.1151
46780,price_cut_share,2021,0.1196
46780,price_cut_share,2022,0.1738
46780,price_cut_share,2023,0.1521
46780,price_cut_share,2024,0.2152
46780,price_cut_share,2025,0.2146
46780,price_cut_share,2026,0.1887
46780,price_cut_share,2026-08,0.2035
46820,price_cut_share,2018,0.1671
46820,price_cut_share,2019,0.1262
46820,price_cut_share,2020,0.0982
46820,price_cut_share,2021,0.1361
46820,price_cut_share,2022,0.1839
46820,price_cut_share,2023,0.1404
46820,price_cut_share,2024,0.1624
46820,price_cut_share,2025,0.1946
46820,price_cut_share,2026,0.1856
46820,price_cut_share,2026-08,0.3274
46860,price_cut_share,2018,0.1435
46860,price_cut_share,2019,0.155
46860,price_cut_share,2020,0.1601
46860,price_cut_share,2021,0.0931
46860,price_cut_share,2022,0.1182
46860,price_cut_share,2023,0.1533
46860,price_cut_share,2024,0.1969
46860,price_cut_share,2025,0.202
46860,price_cut_share,2026,0.2302
46860,price_cut_share,2026-08,0.2669
46900,price_cut_share,2021,0.1082
46900,price_cut_share,2022,0.1499
46900,price_cut_share,2023,0.1257
46900,price_cut_share,2024,0.1483
46900,price_cut_share,2025,0.1571
46900,price_cut_share,2026,0.1604
46900,price_cut_share,2026-08,0.2024
46980,price_cut_share,2018,0.1186
46980,price_cut_share,2019,0.1142
46980,price_cut_share,2020,0.1275
46980,price_cut_share,2021,0.1254
46980,price_cut_share,2022,0.1526
46980,price_cut_share,2023,0.1995
46980,price_cut_share,2024,0.1877
46980,price_cut_share,2025,0.1808
46980,price_cut_share,2026,0.1929
46980,price_cut_share,2026-08,0.2235
47020,price_cut_share,2018,0.2124
47020,price_cut_share,2019,0.2236
47020,price_cut_share,2020,0.1857
47020,price_cut_share,2021,0.1514
47020,price_cut_share,2022,0.1816
47020,price_cut_share,2023,0.2149
47020,price_cut_share,2024,0.2523
47020,price_cut_share,2025,0.275
47020,price_cut_share,2026,0.2309
47020,price_cut_share,2026-08,0.2541
47080,price_cut_share,2018,0.1288
47080,price_cut_share,2019,0.1263
47080,price_cut_share,2020,0.104
47080,price_cut_share,2021,0.1154
47080,price_cut_share,2022,0.1607
47080,price_cut_share,2023,0.1666
47080,price_cut_share,2024,0.17
47080,price_cut_share,2025,0.1948
47080,price_cut_share,2026,0.246
47080,price_cut_share,2026-08,0.2425
47180,price_cut_share,2018,0.141
47180,price_cut_share,2019,0.1624
47180,price_cut_share,2020,0.1392
47180,price_cut_share,2021,0.134
47180,price_cut_share,2022,0.1731
47180,price_cut_share,2023,0.1901
47180,price_cut_share,2024,0.2254
47180,price_cut_share,2025,0.1936
47180,price_cut_share,2026,0.2291
47180,price_cut_share,2026-08,0.2538
47220,price_cut_share,2018,0.1619
47220,price_cut_share,2019,0.1796
47220,price_cut_share,2020,0.1388
47220,price_cut_share,2021,0.1137
47220,price_cut_share,2022,0.1421
47220,price_cut_share,2023,0.1548
47220,price_cut_share,2024,0.1819
47220,price_cut_share,2025,0.2106
47220,price_cut_share,2026,0.2105
47220,price_cut_share,2026-08,0.2452
47240,price_cut_share,2018,0.0836
47240,price_cut_share,2019,0.0774
47240,price_cut_share,2020,0.0836
47240,price_cut_share,2021,0.0624
47240,price_cut_share,2022,0.1137
47240,price_cut_share,2023,0.1178
47240,price_cut_share,2024,0.1156
47240,price_cut_share,2025,0.1252
47240,price_cut_share,2026,0.1049
47240,price_cut_share,2026-08,0.1683
47260,price_cut_share,2018,0.1947
47260,price_cut_share,2019,0.1872
47260,price_cut_share,2020,0.1372
47260,price_cut_share,2021,0.1081
47260,price_cut_share,2022,0.1472
47260,price_cut_share,2023,0.1717
47260,price_cut_share,2024,0.208
47260,price_cut_share,2025,0.2217
47260,price_cut_share,2026,0.2005
47260,price_cut_share,2026-08,0.2467
47300,price_cut_share,2018,0.2038
47300,price_cut_share,2019,0.2057
47300,price_cut_share,2020,0.1439
47300,price_cut_share,2021,0.1138
47300,price_cut_share,2022,0.1775
47300,price_cut_share,2023,0.1846
47300,price_cut_share,2024,0.2085
47300,price_cut_share,2025,0.2272
47300,price_cut_share,2026,0.2123
47300,price_cut_share,2026-08,0.2575
47340,price_cut_share,2018,0.1395
47340,price_cut_share,2019,0.1455
47340,price_cut_share,2020,0.142
47340,price_cut_share,2021,0.1582
47340,price_cut_share,2022,0.1902
47340,price_cut_share,2023,0.198
47340,price_cut_share,2024,0.1916
47340,price_cut_share,2025,0.2269
47340,price_cut_share,2026,0.2018
47340,price_cut_share,2026-08,0.2422
47380,price_cut_share,2018,0.194
47380,price_cut_share,2019,0.2083
47380,price_cut_share,2020,0.1986
47380,price_cut_share,2021,0.154
47380,price_cut_share,2022,0.2167
47380,price_cut_share,2023,0.2668
47380,price_cut_share,2024,0.2717
47380,price_cut_share,2025,0.2672
47380,price_cut_share,2026,0.2578
47380,price_cut_share,2026-08,0.292
47420,price_cut_share,2018,0.1785
47420,price_cut_share,2019,0.1752
47420,price_cut_share,2020,0.1535
47420,price_cut_share,2021,0.1514
47420,price_cut_share,2022,0.1617
47420,price_cut_share,2023,0.1608
47420,price_cut_share,2024,0.1773
47420,price_cut_share,2025,0.1876
47420,price_cut_share,2026,0.1906
47420,price_cut_share,2026-08,0.2233
47460,price_cut_share,2018,0.1521
47460,price_cut_share,2019,0.1975
47460,price_cut_share,2020,0.1599
47460,price_cut_share,2021,0.1262
47460,price_cut_share,2022,0.1967
47460,price_cut_share,2023,0.241
47460,price_cut_share,2024,0.2275
47460,price_cut_share,2025,0.2456
47460,price_cut_share,2026,0.2369
47460,price_cut_share,2026-08,0.2837
47540,price_cut_share,2018,0.1453
47540,price_cut_share,2019,0.1551
47540,price_cut_share,2020,0.1521
47540,price_cut_share,2021,0.1597
47540,price_cut_share,2022,0.1588
47540,price_cut_share,2023,0.1714
47540,price_cut_share,2024,0.205
47540,price_cut_share,2025,0.2098
47540,price_cut_share,2026,0.1838
47540,price_cut_share,2026-08,0.2076
47580,price_cut_share,2018,0.1507
47580,price_cut_share,2019,0.1542
47580,price_cut_share,2020,0.1229
47580,price_cut_share,2021,0.0894
47580,price_cut_share,2022,0.1208
47580,price_cut_share,2023,0.1837
47580,price_cut_share,2024,0.1994
47580,price_cut_share,2025,0.2254
47580,price_cut_share,2026,0.2366
47580,price_cut_share,2026-08,0.2541
47620,price_cut_share,2018,0.1392
47620,price_cut_share,2019,0.1253
47620,price_cut_share,2020,0.0989
47620,price_cut_share,2021,0.1132
47620,price_cut_share,2022,0.1471
47620,price_cut_share,2023,0.1678
47620,price_cut_share,2024,0.2089
47620,price_cut_share,2025,0.2053
47620,price_cut_share,2026,0.2045
47620,price_cut_share,2026-08,0.25
47660,price_cut_share,2018,0.15
47660,price_cut_share,2019,0.1697
47660,price_cut_share,2020,0.1873
47660,price_cut_share,2021,0.1601
47660,price_cut_share,2022,0.1868
47660,price_cut_share,2023,0.2255
47660,price_cut_share,2024,0.2417
47660,price_cut_share,2025,0.2651
47660,price_cut_share,2026,0.2435
47660,price_cut_share,2026-08,0.2815
47700,price_cut_share,2018,0.1413
47700,price_cut_share,2019,0.1522
47700,price_cut_share,2020,0.1466
47700,price_cut_share,2021,0.1542
47700,price_cut_share,2022,0.1921
47700,price_cut_share,2023,0.2086
47700,price_cut_share,2024,0.2083
47700,price_cut_share,2025,0.2039
47700,price_cut_share,2026,0.1987
47700,price_cut_share,2026-08,0.2687
47780,price_cut_share,2018,0.1368
47780,price_cut_share,2019,0.1603
47780,price_cut_share,2020,0.1424
47780,price_cut_share,2021,0.1653
47780,price_cut_share,2022,0.1781
47780,price_cut_share,2023,0.2023
47780,price_cut_share,2024,0.2298
47780,price_cut_share,2025,0.2191
47780,price_cut_share,2026,0.2545
47780,price_cut_share,2026-08,0.2931
47820,price_cut_share,2018,0.1289
47820,price_cut_share,2019,0.1345
47820,price_cut_share,2020,0.1463
47820,price_cut_share,2021,0.1251
47820,price_cut_share,2022,0.181
47820,price_cut_share,2023,0.1946
47820,price_cut_share,2024,0.2035
47820,price_cut_share,2025,0.2224
47820,price_cut_share,2026,0.2176
47820,price_cut_share,2026-08,0.289
47900,price_cut_share,2018,0.2117
47900,price_cut_share,2019,0.207
47900,price_cut_share,2020,0.1595
47900,price_cut_share,2021,0.1617
47900,price_cut_share,2022,0.1998
47900,price_cut_share,2023,0.1901
47900,price_cut_share,2024,0.2004
47900,price_cut_share,2025,0.2405
47900,price_cut_share,2026,0.2279
47900,price_cut_share,2026-08,0.2822
47920,price_cut_share,2018,0.211
47920,price_cut_share,2019,0.1913
47920,price_cut_share,2020,0.1485
47920,price_cut_share,2021,0.1675
47920,price_cut_share,2022,0.2272
47920,price_cut_share,2023,0.2445
47920,price_cut_share,2024,0.285
47920,price_cut_share,2025,0.3306
47920,price_cut_share,2026,0.2708
47920,price_cut_share,2026-08,0.3097
47940,price_cut_share,2018,0.2054
47940,price_cut_share,2019,0.2001
47940,price_cut_share,2020,0.1868
47940,price_cut_share,2021,0.1743
47940,price_cut_share,2022,0.1577
47940,price_cut_share,2023,0.1904
47940,price_cut_share,2024,0.2159
47940,price_cut_share,2025,0.2337
47940,price_cut_share,2026,0.2149
47940,price_cut_share,2026-08,0.2542
47980,price_cut_share,2018,0.1461
47980,price_cut_share,2019,0.1159
47980,price_cut_share,2020,0.0994
47980,price_cut_share,2021,0.0638
47980,price_cut_share,2022,0.108
47980,price_cut_share,2023,0.1173
47980,price_cut_share,2024,0.163
47980,price_cut_share,2025,0.1646
47980,price_cut_share,2026,0.1831
47980,price_cut_share,2026-08,0.2527
48020,price_cut_share,2018,0.1371
48020,price_cut_share,2019,0.1434
48020,price_cut_share,2020,0.1093
48020,price_cut_share,2021,0.0808
48020,price_cut_share,2022,0.1063
48020,price_cut_share,2023,0.1364
48020,price_cut_share,2024,0.1476
48020,price_cut_share,2025,0.13
48020,price_cut_share,2026,0.1549
48020,price_cut_share,2026-08,0.1785
48060,price_cut_share,2018,0.1679
48060,price_cut_share,2019,0.1603
48060,price_cut_share,2020,0.1445
48060,price_cut_share,2021,0.1584
48060,price_cut_share,2022,0.1794
48060,price_cut_share,2023,0.1943
48060,price_cut_share,2024,0.2089
48060,price_cut_share,2025,0.2439
48060,price_cut_share,2026,0.2039
48060,price_cut_share,2026-08,0.3193
48140,price_cut_share,2018,0.1207
48140,price_cut_share,2019,0.118
48140,price_cut_share,2020,0.1021
48140,price_cut_share,2021,0.0863
48140,price_cut_share,2022,0.0991
48140,price_cut_share,2023,0.1048
48140,price_cut_share,2024,0.123
48140,price_cut_share,2025,0.1278
48140,price_cut_share,2026,0.1167
48140,price_cut_share,2026-08,0.1602
48180,price_cut_share,2018,0.1279
48180,price_cut_share,2019,0.1319
48180,price_cut_share,2020,0.1355
48180,price_cut_share,2021,0.1144
48180,price_cut_share,2022,0.1559
48180,price_cut_share,2023,0.194
48180,price_cut_share,2024,0.2029
48180,price_cut_share,2025,0.2311
48180,price_cut_share,2026,0.2292
48180,price_cut_share,2026-08,0.2445
48220,price_cut_share,2018,0.1462
48220,price_cut_share,2019,0.1567
48220,price_cut_share,2020,0.1485
48220,price_cut_share,2021,0.1223
48220,price_cut_share,2022,0.1479
48220,price_cut_share,2023,0.158
48220,price_cut_share,2024,0.1725
48220,price_cut_share,2025,0.1657
48220,price_cut_share,2026,0.1723
48220,price_cut_share,2026-08,0.2252
48260,price_cut_share,2018,0.1557
48260,price_cut_share,2019,0.1469
48260,price_cut_share,2020,0.1312
48260,price_cut_share,2021,0.1625
48260,price_cut_share,2022,0.1761
48260,price_cut_share,2023,0.1913
48260,price_cut_share,2024,0.2279
48260,price_cut_share,2025,0.2349
48260,price_cut_share,2026,0.205
48260,price_cut_share,2026-08,0.2374
48300,price_cut_share,2018,0.1407
48300,price_cut_share,2019,0.1506
48300,price_cut_share,2020,0.1389
48300,price_cut_share,2021,0.1158
48300,price_cut_share,2022,0.1712
48300,price_cut_share,2023,0.2124
48300,price_cut_share,2024,0.2009
48300,price_cut_share,2025,0.204
48300,price_cut_share,2026,0.1985
48300,price_cut_share,2026-08,0.2691
48460,price_cut_share,2018,0.1098
48460,price_cut_share,2019,0.1152
48460,price_cut_share,2020,0.1089
48460,price_cut_share,2021,0.1081
48460,price_cut_share,2022,0.1452
48460,price_cut_share,2023,0.1542
48460,price_cut_share,2024,0.1666
48460,price_cut_share,2025,0.1946
48460,price_cut_share,2026,0.1862
48460,price_cut_share,2026-08,0.2234
48540,price_cut_share,2018,0.1676
48540,price_cut_share,2019,0.1749
48540,price_cut_share,2020,0.1613
48540,price_cut_share,2021,0.1838
48540,price_cut_share,2022,0.1908
48540,price_cut_share,2023,0.2094
48540,price_cut_share,2024,0.2375
48540,price_cut_share,2025,0.2392
48540,price_cut_share,2026,0.2208
48540,price_cut_share,2026-08,0.2518
48580,price_cut_share,2018,0.131
48580,price_cut_share,2019,0.1307
48580,price_cut_share,2020,0.118
48580,price_cut_share,2021,0.1032
48580,price_cut_share,2022,0.1331
48580,price_cut_share,2023,0.1599
48580,price_cut_share,2024,0.1788
48580,price_cut_share,2025,0.1797
48580,price_cut_share,2026,0.1647
48580,price_cut_share,2026-08,0.2087
48620,price_cut_share,2018,0.2022
48620,price_cut_share,2019,0.1918
48620,price_cut_share,2020,0.181
48620,price_cut_share,2021,0.1587
48620,price_cut_share,2022,0.168
48620,price_cut_share,2023,0.208
48620,price_cut_share,2024,0.2113
48620,price_cut_share,2025,0.2182
48620,price_cut_share,2026,0.1989
48620,price_cut_share,2026-08,0.2228
48660,price_cut_share,2018,0.1568
48660,price_cut_share,2019,0.1681
48660,price_cut_share,2020,0.1493
48660,price_cut_share,2021,0.1378
48660,price_cut_share,2022,0.1751
48660,price_cut_share,2023,0.213
48660,price_cut_share,2024,0.2242
48660,price_cut_share,2025,0.2247
48660,price_cut_share,2026,0.1939
48660,price_cut_share,2026-08,0.222
48680,price_cut_share,2018,0.1649
48680,price_cut_share,2019,0.2076
48680,price_cut_share,2020,0.2311
48680,price_cut_share,2021,0.1778
48680,price_cut_share,2022,0.2356
48680,price_cut_share,2023,0.2891
48680,price_cut_share,2024,0.2831
48680,price_cut_share,2025,0.3109
48680,price_cut_share,2026,0.298
48680,price_cut_share,2026-08,0.2736
48700,price_cut_share,2018,0.232
48700,price_cut_share,2019,0.2227
48700,price_cut_share,2020,0.1949
48700,price_cut_share,2021,0.1472
48700,price_cut_share,2022,0.1531
48700,price_cut_share,2023,0.1892
48700,price_cut_share,2024,0.2377
48700,price_cut_share,2025,0.2657
48700,price_cut_share,2026,0.2335
48700,price_cut_share,2026-08,0.2564
48780,price_cut_share,2018,0.1311
48780,price_cut_share,2019,0.1146
48780,price_cut_share,2020,0.1553
48780,price_cut_share,2021,0.1449
48780,price_cut_share,2022,0.1525
48780,price_cut_share,2023,0.1445
48780,price_cut_share,2024,0.1605
48780,price_cut_share,2025,0.1809
48780,price_cut_share,2026,0.1334
48780,price_cut_share,2026-08,0.205
48820,price_cut_share,2018,0.1599
48820,price_cut_share,2019,0.1587
48820,price_cut_share,2020,0.1416
48820,price_cut_share,2021,0.1339
48820,price_cut_share,2022,0.1322
48820,price_cut_share,2023,0.1627
48820,price_cut_share,2024,0.1855
48820,price_cut_share,2025,0.2009
48820,price_cut_share,2026,0.1977
48820,price_cut_share,2026-08,0.2883
48900,price_cut_share,2018,0.174
48900,price_cut_share,2019,0.1814
48900,price_cut_share,2020,0.1696
48900,price_cut_share,2021,0.142
48900,price_cut_share,2022,0.1772
48900,price_cut_share,2023,0.2276
48900,price_cut_share,2024,0.2614
48900,price_cut_share,2025,0.269
48900,price_cut_share,2026,0.2544
48900,price_cut_share,2026-08,0.3041
48940,price_cut_share,2018,0.1933
48940,price_cut_share,2019,0.1853
48940,price_cut_share,2020,0.1845
48940,price_cut_share,2021,0.155
48940,price_cut_share,2022,0.1968
48940,price_cut_share,2023,0.2254
48940,price_cut_share,2024,0.2486
48940,price_cut_share,2025,0.2567
48940,price_cut_share,2026,0.2798
48940,price_cut_share,2026-08,0.3039
48980,price_cut_share,2018,0.1437
48980,price_cut_share,2019,0.1557
48980,price_cut_share,2020,0.1423
48980,price_cut_share,2021,0.1035
48980,price_cut_share,2022,0.1484
48980,price_cut_share,2023,0.2
48980,price_cut_share,2024,0.2373
48980,price_cut_share,2025,0.2525
48980,price_cut_share,2026,0.2608
48980,price_cut_share,2026-08,0.2977
49020,price_cut_share,2018,0.1823
49020,price_cut_share,2019,0.1845
49020,price_cut_share,2020,0.1579
49020,price_cut_share,2021,0.1329
49020,price_cut_share,2022,0.1927
49020,price_cut_share,2023,0.2119
49020,price_cut_share,2024,0.2245
49020,price_cut_share,2025,0.2559
49020,price_cut_share,2026,0.253
49020,price_cut_share,2026-08,0.306
49080,price_cut_share,2018,0.1096
49080,price_cut_share,2019,0.1136
49080,price_cut_share,2020,0.0887
49080,price_cut_share,2021,0.0898
49080,price_cut_share,2022,0.1827
49080,price_cut_share,2023,0.1617
49080,price_cut_share,2024,0.1189
49080,price_cut_share,2025,0.136
49080,price_cut_share,2026,0.0733
49080,price_cut_share,2026-08,0.098
49100,price_cut_share,2018,0.2205
49100,price_cut_share,2019,0.2153
49100,price_cut_share,2020,0.1701
49100,price_cut_share,2021,0.1624
49100,price_cut_share,2022,0.1824
49100,price_cut_share,2023,0.1879
49100,price_cut_share,2024,0.1856
49100,price_cut_share,2025,0.2219
49100,price_cut_share,2026,0.2058
49100,price_cut_share,2026-08,0.2646
49180,price_cut_share,2018,0.1586
49180,price_cut_share,2019,0.1741
49180,price_cut_share,2020,0.1558
49180,price_cut_share,2021,0.1161
49180,price_cut_share,2022,0.1543
49180,price_cut_share,2023,0.1775
49180,price_cut_share,2024,0.2109
49180,price_cut_share,2025,0.2566
49180,price_cut_share,2026,0.2637
49180,price_cut_share,2026-08,0.3101
49220,price_cut_share,2018,0.1201
49220,price_cut_share,2019,0.1179
49220,price_cut_share,2020,0.1157
49220,price_cut_share,2021,0.0835
49220,price_cut_share,2022,0.0989
49220,price_cut_share,2023,0.1095
49220,price_cut_share,2024,0.1277
49220,price_cut_share,2025,0.1385
49220,price_cut_share,2026,0.1352
49220,price_cut_share,2026-08,0.1576
49260,price_cut_share,2018,0.1693
49260,price_cut_share,2019,0.1774
49260,price_cut_share,2020,0.1658
49260,price_cut_share,2021,0.125
49260,price_cut_share,2022,0.1616
49260,price_cut_share,2023,0.1638
49260,price_cut_share,2024,0.1968
49260,price_cut_share,2025,0.1723
49260,price_cut_share,2026,0.1693
49260,price_cut_share,2026-08,0.1862
49300,price_cut_share,2018,0.1654
49300,price_cut_share,2019,0.158
49300,price_cut_share,2020,0.1369
49300,price_cut_share,2021,0.1498
49300,price_cut_share,2022,0.1804
49300,price_cut_share,2023,0.2462
49300,price_cut_share,2024,0.2468
49300,price_cut_share,2025,0.263
49300,price_cut_share,2026,0.2124
49300,price_cut_share,2026-08,0.2279
49340,price_cut_share,2018,0.2183
49340,price_cut_share,2019,0.2164
49340,price_cut_share,2020,0.1541
49340,price_cut_share,2021,0.1159
49340,price_cut_share,2022,0.1376
49340,price_cut_share,2023,0.1476
49340,price_cut_share,2024,0.1752
49340,price_cut_share,2025,0.212
49340,price_cut_share,2026,0.2027
49340,price_cut_share,2026-08,0.2561
49380,price_cut_share,2018,0.1401
49380,price_cut_share,2019,0.1486
49380,price_cut_share,2020,0.1407
49380,price_cut_share,2021,0.1183
49380,price_cut_share,2022,0.1301
49380,price_cut_share,2023,0.1684
49380,price_cut_share,2024,0.1902
49380,price_cut_share,2025,0.1809
49380,price_cut_share,2026,0.2323
49380,price_cut_share,2026-08,0.3275
49420,price_cut_share,2018,0.158
49420,price_cut_share,2019,0.1698
49420,price_cut_share,2020,0.1432
49420,price_cut_share,2021,0.1386
49420,price_cut_share,2022,0.1958
49420,price_cut_share,2023,0.1991
49420,price_cut_share,2024,0.218
49420,price_cut_share,2025,0.2303
49420,price_cut_share,2026,0.2328
49420,price_cut_share,2026-08,0.2646
49460,price_cut_share,2018,0.1382
49460,price_cut_share,2019,0.1615
49460,price_cut_share,2020,0.1575
49460,price_cut_share,2021,0.1369
49460,price_cut_share,2022,0.1666
49460,price_cut_share,2023,0.1966
49460,price_cut_share,2024,0.2001
49460,price_cut_share,2025,0.2042
49460,price_cut_share,2026,0.1636
49460,price_cut_share,2026-08,0.2435
49620,price_cut_share,2018,0.2205
49620,price_cut_share,2019,0.2196
49620,price_cut_share,2020,0.1542
49620,price_cut_share,2021,0.1558
49620,price_cut_share,2022,0.1833
49620,price_cut_share,2023,0.2119
49620,price_cut_share,2024,0.2206
49620,price_cut_share,2025,0.2453
49620,price_cut_share,2026,0.2283
49620,price_cut_share,2026-08,0.2547
49660,price_cut_share,2018,0.1766
49660,price_cut_share,2019,0.1822
49660,price_cut_share,2020,0.151
49660,price_cut_share,2021,0.1675
49660,price_cut_share,2022,0.1953
49660,price_cut_share,2023,0.2056
49660,price_cut_share,2024,0.2272
49660,price_cut_share,2025,0.246
49660,price_cut_share,2026,0.229
49660,price_cut_share,2026-08,0.2561
49700,price_cut_share,2018,0.2204
49700,price_cut_share,2019,0.2101
49700,price_cut_share,2020,0.1617
49700,price_cut_share,2021,0.1283
49700,price_cut_share,2022,0.227
49700,price_cut_share,2023,0.2034
49700,price_cut_share,2024,0.2332
49700,price_cut_share,2025,0.2525
49700,price_cut_share,2026,0.2184
49700,price_cut_share,2026-08,0.2873
49740,price_cut_share,2018,0.1525
49740,price_cut_share,2019,0.157
49740,price_cut_share,2020,0.1107
49740,price_cut_share,2021,0.0695
49740,price_cut_share,2022,0.1303
49740,price_cut_share,2023,0.1431
49740,price_cut_share,2024,0.1657
49740,price_cut_share,2025,0.1809
49740,price_cut_share,2026,0.1713
49740,price_cut_share,2026-08,0.1729
49780,price_cut_share,2018,0.17
49780,price_cut_share,2019,0.1645
49780,price_cut_share,2020,0.1388
49780,price_cut_share,2021,0.1534
49780,price_cut_share,2022,0.1908
49780,price_cut_share,2023,0.2304
49780,price_cut_share,2024,0.2557
49780,price_cut_share,2025,0.2892
49780,price_cut_share,2026,0.2675
49780,price_cut_share,2026-08,0.2764
49820,price_cut_share,2020,0.0563
49820,price_cut_share,2021,0.0941
49820,price_cut_share,2022,0.0819
49820,price_cut_share,2023,0.0645
49820,price_cut_share,2024,0.1021
49820,price_cut_share,2025,0.1154
49820,price_cut_share,2026,0.0643
49820,price_cut_share,2026-08,0.0605
10100,zhvf_forecast,2026-08,3.5
10140,zhvf_forecast,2026-08,-1.0
10180,zhvf_forecast,2026-08,6.0
10220,zhvf_forecast,2026-08,1.6
10300,zhvf_forecast,2026-08,2.6
10420,zhvf_forecast,2026-08,3.5
10460,zhvf_forecast,2026-08,1.5
10500,zhvf_forecast,2026-08,2.5
10540,zhvf_forecast,2026-08,0.6
10580,zhvf_forecast,2026-08,2.9
10620,zhvf_forecast,2026-08,2.7
10660,zhvf_forecast,2026-08,2.2
10700,zhvf_forecast,2026-08,1.6
10740,zhvf_forecast,2026-08,1.9
10780,zhvf_forecast,2026-08,1.6
10820,zhvf_forecast,2026-08,3.6
10860,zhvf_forecast,2026-08,-2.2
10900,zhvf_forecast,2026-08,3.2
10940,zhvf_forecast,2026-08,0.1
10980,zhvf_forecast,2026-08,5.4
11020,zhvf_forecast,2026-08,2.9
11060,zhvf_forecast,2026-08,3.5
11100,zhvf_forecast,2026-08,3.7
11140,zhvf_forecast,2026-08,3.6
11180,zhvf_forecast,2026-08,2.0
11220,zhvf_forecast,2026-08,1.7
11260,zhvf_forecast,2026-08,2.7
11380,zhvf_forecast,2026-08,0.1
11420,zhvf_forecast,2026-08,4.1
11460,zhvf_forecast,2026-08,1.8
11500,zhvf_forecast,2026-08,3.5
11540,zhvf_forecast,2026-08,3.3
11580,zhvf_forecast,2026-08,1.7
11620,zhvf_forecast,2026-08,3.0
11660,zhvf_forecast,2026-08,2.3
11700,zhvf_forecast,2026-08,-1.7
11740,zhvf_forecast,2026-08,3.3
11820,zhvf_forecast,2026-08,1.7
11860,zhvf_forecast,2026-08,2.6
11900,zhvf_forecast,2026-08,2.4
11940,zhvf_forecast,2026-08,2.6
11980,zhvf_forecast,2026-08,0.0
12020,zhvf_forecast,2026-08,2.1
12060,zhvf_forecast,2026-08,0.8
12100,zhvf_forecast,2026-08,3.0
12140,zhvf_forecast,2026-08,3.7
12180,zhvf_forecast,2026-08,3.2
12220,zhvf_forecast,2026-08,2.3
12260,zhvf_forecast,2026-08,2.4
12300,zhvf_forecast,2026-08,1.1
12380,zhvf_forecast,2026-08,1.5
12420,zhvf_forecast,2026-08,-2.1
12460,zhvf_forecast,2026-08,1.8
12540,zhvf_forecast,2026-08,1.4
12580,zhvf_forecast,2026-08,1.1
12620,zhvf_forecast,2026-08,1.4
12660,zhvf_forecast,2026-08,4.0
12700,zhvf_forecast,2026-08,3.0
12740,zhvf_forecast,2026-08,-0.1
12780,zhvf_forecast,2026-08,3.6
12860,zhvf_forecast,2026-08,2.9
12900,zhvf_forecast,2026-08,0.3
12940,zhvf_forecast,2026-08,1.7
12980,zhvf_forecast,2026-08,1.9
13020,zhvf_forecast,2026-08,4.1
13060,zhvf_forecast,2026-08,1.5
13100,zhvf_forecast,2026-08,2.2
13140,zhvf_forecast,2026-08,2.5
13180,zhvf_forecast,2026-08,5.8
13220,zhvf_forecast,2026-08,3.0
13260,zhvf_forecast,2026-08,1.8
13300,zhvf_forecast,2026-08,0.8
13340,zhvf_forecast,2026-08,3.4
13380,zhvf_forecast,2026-08,0.0
13420,zhvf_forecast,2026-08,3.2
13460,zhvf_forecast,2026-08,-2.2
13540,zhvf_forecast,2026-08,0.9
13660,zhvf_forecast,2026-08,3.7
13700,zhvf_forecast,2026-08,0.9
13740,zhvf_forecast,2026-08,1.7
13780,zhvf_forecast,2026-08,4.9
13820,zhvf_forecast,2026-08,1.6
13900,zhvf_forecast,2026-08,3.5
13940,zhvf_forecast,2026-08,2.0
13980,zhvf_forecast,2026-08,1.7
14010,zhvf_forecast,2026-08,2.8
14020,zhvf_forecast,2026-08,2.7
14100,zhvf_forecast,2026-08,1.9
14140,zhvf_forecast,2026-08,3.9
14180,zhvf_forecast,2026-08,0.7
14220,zhvf_forecast,2026-08,0.3
14260,zhvf_forecast,2026-08,0.4
14380,zhvf_forecast,2026-08,1.8
14420,zhvf_forecast,2026-08,-1.2
14460,zhvf_forecast,2026-08,1.4
14500,zhvf_forecast,2026-08,0.2
14540,zhvf_forecast,2026-08,0.7
14580,zhvf_forecast,2026-08,1.2
14620,zhvf_forecast,2026-08,0.1
14660,zhvf_forecast,2026-08,2.1
14700,zhvf_forecast,2026-08,0.7
14720,zhvf_forecast,2026-08,-0.7
14740,zhvf_forecast,2026-08,-1.5
14780,zhvf_forecast,2026-08,0.1
14820,zhvf_forecast,2026-08,2.1
14860,zhvf_forecast,2026-08,3.5
15020,zhvf_forecast,2026-08,-0.8
15060,zhvf_forecast,2026-08,0.4
15100,zhvf_forecast,2026-08,1.9
15180,zhvf_forecast,2026-08,2.1
15220,zhvf_forecast,2026-08,0.5
15260,zhvf_forecast,2026-08,0.9
15340,zhvf_forecast,2026-08,4.0
15380,zhvf_forecast,2026-08,2.4
15420,zhvf_forecast,2026-08,2.0
15460,zhvf_forecast,2026-08,1.3
15500,zhvf_forecast,2026-08,0.2
15540,zhvf_forecast,2026-08,1.1
15580,zhvf_forecast,2026-08,1.3
15620,zhvf_forecast,2026-08,3.3
15660,zhvf_forecast,2026-08,2.0
15700,zhvf_forecast,2026-08,1.2
15740,zhvf_forecast,2026-08,2.6
15780,zhvf_forecast,2026-08,1.3
15820,zhvf_forecast,2026-08,4.4
15940,zhvf_forecast,2026-08,4.8
15980,zhvf_forecast,2026-08,-1.2
16020,zhvf_forecast,2026-08,3.7
16060,zhvf_forecast,2026-08,3.3
16100,zhvf_forecast,2026-08,2.2
16180,zhvf_forecast,2026-08,0.0
16220,zhvf_forecast,2026-08,5.2
16260,zhvf_forecast,2026-08,0.3
16300,zhvf_forecast,2026-08,3.9
16340,zhvf_forecast,2026-08,1.8
16380,zhvf_forecast,2026-08,4.8
16460,zhvf_forecast,2026-08,3.4
16500,zhvf_forecast,2026-08,1.0
16540,zhvf_forecast,2026-08,1.1
16580,zhvf_forecast,2026-08,4.2
16620,zhvf_forecast,2026-08,3.4
16660,zhvf_forecast,2026-08,4.6
16700,zhvf_forecast,2026-08,1.4
16740,zhvf_forecast,2026-08,0.7
16820,zhvf_forecast,2026-08,1.9
16860,zhvf_forecast,2026-08,0.0
16940,zhvf_forecast,2026-08,2.0
16980,zhvf_forecast,2026-08,3.1
17020,zhvf_forecast,2026-08,-0.9
17060,zhvf_forecast,2026-08,4.6
17140,zhvf_forecast,2026-08,2.6
17220,zhvf_forecast,2026-08,0.4
17260,zhvf_forecast,2026-08,0.5
17300,zhvf_forecast,2026-08,0.1
17340,zhvf_forecast,2026-08,-1.3
17380,zhvf_forecast,2026-08,0.2
17410,zhvf_forecast,2026-08,4.1
17420,zhvf_forecast,2026-08,0.7
17500,zhvf_forecast,2026-08,-1.0
17540,zhvf_forecast,2026-08,3.5
17580,zhvf_forecast,2026-08,1.4
17660,zhvf_forecast,2026-08,2.2
17740,zhvf_forecast,2026-08,1.7
17780,zhvf_forecast,2026-08,0.3
17820,zhvf_forecast,2026-08,0.2
17860,zhvf_forecast,2026-08,3.1
17900,zhvf_forecast,2026-08,1.6
17980,zhvf_forecast,2026-08,3.3
18020,zhvf_forecast,2026-08,2.7
18060,zhvf_forecast,2026-08,1.8
18100,zhvf_forecast,2026-08,1.9
18140,zhvf_forecast,2026-08,2.2
18180,zhvf_forecast,2026-08,2.3
18220,zhvf_forecast,2026-08,2.5
18260,zhvf_forecast,2026-08,1.5
18300,zhvf_forecast,2026-08,0.8
18380,zhvf_forecast,2026-08,2.0
18420,zhvf_forecast,2026-08,0.7
18460,zhvf_forecast,2026-08,1.7
18500,zhvf_forecast,2026-08,3.0
18580,zhvf_forecast,2026-08,-0.2
18620,zhvf_forecast,2026-08,2.1
18660,zhvf_forecast,2026-08,4.2
18700,zhvf_forecast,2026-08,0.9
18740,zhvf_forecast,2026-08,4.5
18820,zhvf_forecast,2026-08,4.0
18860,zhvf_forecast,2026-08,0.7
18880,zhvf_forecast,2026-08,0.4
18900,zhvf_forecast,2026-08,1.6
18980,zhvf_forecast,2026-08,1.7
19060,zhvf_forecast,2026-08,3.1
19100,zhvf_forecast,2026-08,-0.3
19140,zhvf_forecast,2026-08,0.0
19180,zhvf_forecast,2026-08,2.9
19220,zhvf_forecast,2026-08,2.1
19260,zhvf_forecast,2026-08,2.1
19300,zhvf_forecast,2026-08,1.0
19340,zhvf_forecast,2026-08,3.3
19460,zhvf_forecast,2026-08,1.4
19500,zhvf_forecast,2026-08,1.9
19540,zhvf_forecast,2026-08,5.2
19580,zhvf_forecast,2026-08,3.3
19620,zhvf_forecast,2026-08,0.4
19660,zhvf_forecast,2026-08,0.8
19700,zhvf_forecast,2026-08,-1.5
19740,zhvf_forecast,2026-08,0.2
19760,zhvf_forecast,2026-08,-1.5
19780,zhvf_forecast,2026-08,1.7
19820,zhvf_forecast,2026-08,1.8
19860,zhvf_forecast,2026-08,4.3
19940,zhvf_forecast,2026-08,4.0
19980,zhvf_forecast,2026-08,1.4
20020,zhvf_forecast,2026-08,1.4
20060,zhvf_forecast,2026-08,1.9
20100,zhvf_forecast,2026-08,2.8
20140,zhvf_forecast,2026-08,2.0
20180,zhvf_forecast,2026-08,-0.2
20220,zhvf_forecast,2026-08,3.5
20260,zhvf_forecast,2026-08,3.6
20300,zhvf_forecast,2026-08,1.9
20340,zhvf_forecast,2026-08,2.0
20420,zhvf_forecast,2026-08,3.1
20460,zhvf_forecast,2026-08,1.3
20500,zhvf_forecast,2026-08,0.0
20540,zhvf_forecast,2026-08,2.6
20580,zhvf_forecast,2026-08,-1.4
20660,zhvf_forecast,2026-08,1.7
20700,zhvf_forecast,2026-08,2.2
20740,zhvf_forecast,2026-08,3.1
20780,zhvf_forecast,2026-08,1.7
20820,zhvf_forecast,2026-08,4.0
20900,zhvf_forecast,2026-08,2.1
20940,zhvf_forecast,2026-08,3.6
20980,zhvf_forecast,2026-08,0.4
21020,zhvf_forecast,2026-08,1.7
21060,zhvf_forecast,2026-08,-0.6
21120,zhvf_forecast,2026-08,3.9
21140,zhvf_forecast,2026-08,3.5
21180,zhvf_forecast,2026-08,2.0
21220,zhvf_forecast,2026-08,3.3
21260,zhvf_forecast,2026-08,1.0
21300,zhvf_forecast,2026-08,4.3
21340,zhvf_forecast,2026-08,3.4
21380,zhvf_forecast,2026-08,4.1
21420,zhvf_forecast,2026-08,2.1
21460,zhvf_forecast,2026-08,1.0
21500,zhvf_forecast,2026-08,4.9
21540,zhvf_forecast,2026-08,6.0
21660,zhvf_forecast,2026-08,0.2
21700,zhvf_forecast,2026-08,-2.6
21740,zhvf_forecast,2026-08,3.7
21780,zhvf_forecast,2026-08,3.1
21820,zhvf_forecast,2026-08,1.2
21900,zhvf_forecast,2026-08,1.1
21980,zhvf_forecast,2026-08,2.6
22020,zhvf_forecast,2026-08,2.9
22060,zhvf_forecast,2026-08,2.8
22100,zhvf_forecast,2026-08,2.3
22140,zhvf_forecast,2026-08,3.5
22180,zhvf_forecast,2026-08,0.7
22220,zhvf_forecast,2026-08,1.5
22260,zhvf_forecast,2026-08,3.3
22300,zhvf_forecast,2026-08,3.7
22340,zhvf_forecast,2026-08,2.1
22380,zhvf_forecast,2026-08,1.6
22420,zhvf_forecast,2026-08,2.5
22500,zhvf_forecast,2026-08,2.0
22520,zhvf_forecast,2026-08,1.4
22540,zhvf_forecast,2026-08,4.6
22580,zhvf_forecast,2026-08,0.1
22620,zhvf_forecast,2026-08,1.9
22660,zhvf_forecast,2026-08,0.6
22780,zhvf_forecast,2026-08,2.9
22800,zhvf_forecast,2026-08,0.6
22820,zhvf_forecast,2026-08,0.0
22900,zhvf_forecast,2026-08,2.3
23060,zhvf_forecast,2026-08,2.7
23140,zhvf_forecast,2026-08,5.5
23180,zhvf_forecast,2026-08,2.7
23240,zhvf_forecast,2026-08,1.0
23300,zhvf_forecast,2026-08,5.0
23340,zhvf_forecast,2026-08,2.9
23380,zhvf_forecast,2026-08,3.1
23420,zhvf_forecast,2026-08,0.9
23460,zhvf_forecast,2026-08,4.0
23500,zhvf_forecast,2026-08,-0.5
23540,zhvf_forecast,2026-08,-1.9
23580,zhvf_forecast,2026-08,0.4
23620,zhvf_forecast,2026-08,-0.4
23660,zhvf_forecast,2026-08,2.2
23700,zhvf_forecast,2026-08,1.6
23780,zhvf_forecast,2026-08,0.9
23820,zhvf_forecast,2026-08,1.5
23900,zhvf_forecast,2026-08,2.1
23940,zhvf_forecast,2026-08,3.2
23980,zhvf_forecast,2026-08,1.8
24020,zhvf_forecast,2026-08,2.6
24100,zhvf_forecast,2026-08,2.6
24140,zhvf_forecast,2026-08,-0.4
24220,zhvf_forecast,2026-08,3.8
24260,zhvf_forecast,2026-08,2.0
24300,zhvf_forecast,2026-08,0.9
24340,zhvf_forecast,2026-08,2.9
24420,zhvf_forecast,2026-08,1.1
24460,zhvf_forecast,2026-08,1.1
24500,zhvf_forecast,2026-08,3.2
24540,zhvf_forecast,2026-08,-2.3
24580,zhvf_forecast,2026-08,2.9
24620,zhvf_forecast,2026-08,2.6
24660,zhvf_forecast,2026-08,1.2
24700,zhvf_forecast,2026-08,3.2
24740,zhvf_forecast,2026-08,-1.3
24780,zhvf_forecast,2026-08,1.6
24820,zhvf_forecast,2026-08,4.9
24860,zhvf_forecast,2026-08,1.1
24900,zhvf_forecast,2026-08,2.1
24940,zhvf_forecast,2026-08,1.2
24980,zhvf_forecast,2026-08,0.7
25060,zhvf_forecast,2026-08,1.0
25100,zhvf_forecast,2026-08,2.0
25180,zhvf_forecast,2026-08,2.5
25200,zhvf_forecast,2026-08,3.6
25220,zhvf_forecast,2026-08,0.2
25260,zhvf_forecast,2026-08,0.8
25300,zhvf_forecast,2026-08,5.0
25420,zhvf_forecast,2026-08,2.6
25460,zhvf_forecast,2026-08,3.3
25500,zhvf_forecast,2026-08,3.6
25540,zhvf_forecast,2026-08,3.8
25580,zhvf_forecast,2026-08,3.2
25620,zhvf_forecast,2026-08,1.6
25700,zhvf_forecast,2026-08,2.2
25720,zhvf_forecast,2026-08,2.3
25740,zhvf_forecast,2026-08,2.3
25780,zhvf_forecast,2026-08,0.7
25820,zhvf_forecast,2026-08,1.4
25840,zhvf_forecast,2026-08,2.0
25860,zhvf_forecast,2026-08,1.4
25880,zhvf_forecast,2026-08,1.5
25900,zhvf_forecast,2026-08,1.1
25940,zhvf_forecast,2026-08,1.3
25980,zhvf_forecast,2026-08,1.2
26020,zhvf_forecast,2026-08,-0.7
26090,zhvf_forecast,2026-08,2.7
26140,zhvf_forecast,2026-08,-0.6
26220,zhvf_forecast,2026-08,1.3
26300,zhvf_forecast,2026-08,1.8
26340,zhvf_forecast,2026-08,1.9
26380,zhvf_forecast,2026-08,0.2
26420,zhvf_forecast,2026-08,-0.2
26460,zhvf_forecast,2026-08,4.0
26500,zhvf_forecast,2026-08,0.8
26540,zhvf_forecast,2026-08,4.8
26580,zhvf_forecast,2026-08,1.9
26620,zhvf_forecast,2026-08,1.3
26660,zhvf_forecast,2026-08,1.4
26700,zhvf_forecast,2026-08,2.2
26740,zhvf_forecast,2026-08,4.1
26780,zhvf_forecast,2026-08,3.3
26820,zhvf_forecast,2026-08,0.3
26860,zhvf_forecast,2026-08,3.8
26900,zhvf_forecast,2026-08,1.6
26980,zhvf_forecast,2026-08,3.7
27020,zhvf_forecast,2026-08,3.3
27060,zhvf_forecast,2026-08,1.8
27100,zhvf_forecast,2026-08,2.4
27140,zhvf_forecast,2026-08,1.5
27180,zhvf_forecast,2026-08,1.0
27220,zhvf_forecast,2026-08,2.4
27260,zhvf_forecast,2026-08,0.8
27300,zhvf_forecast,2026-08,2.5
27340,zhvf_forecast,2026-08,2.6
27380,zhvf_forecast,2026-08,2.6
27420,zhvf_forecast,2026-08,0.9
27460,zhvf_forecast,2026-08,4.0
27500,zhvf_forecast,2026-08,3.7
27540,zhvf_forecast,2026-08,3.7
27600,zhvf_forecast,2026-08,0.3
27620,zhvf_forecast,2026-08,4.6
27700,zhvf_forecast,2026-08,1.6
27740,zhvf_forecast,2026-08,1.9
27780,zhvf_forecast,2026-08,-0.4
27860,zhvf_forecast,2026-08,1.9
27900,zhvf_forecast,2026-08,3.1
27940,zhvf_forecast,2026-08,1.2
27980,zhvf_forecast,2026-08,-0.9
28020,zhvf_forecast,2026-08,2.3
28060,zhvf_forecast,2026-08,2.1
28100,zhvf_forecast,2026-08,4.3
28140,zhvf_forecast,2026-08,3.4
28180,zhvf_forecast,2026-08,2.1
28260,zhvf_forecast,2026-08,4.1
28300,zhvf_forecast,2026-08,2.9
28340,zhvf_forecast,2026-08,4.1
28380,zhvf_forecast,2026-08,1.8
28420,zhvf_forecast,2026-08,-0.6
28500,zhvf_forecast,2026-08,0.1
28540,zhvf_forecast,2026-08,1.6
28580,zhvf_forecast,2026-08,1.5
28620,zhvf_forecast,2026-08,0.9
28660,zhvf_forecast,2026-08,-1.1
28700,zhvf_forecast,2026-08,1.4
28740,zhvf_forecast,2026-08,3.2
28780,zhvf_forecast,2026-08,-0.2
28820,zhvf_forecast,2026-08,2.6
28860,zhvf_forecast,2026-08,1.5
28900,zhvf_forecast,2026-08,1.4
28940,zhvf_forecast,2026-08,2.2
29020,zhvf_forecast,2026-08,3.5
29060,zhvf_forecast,2026-08,2.4
29100,zhvf_forecast,2026-08,3.7
29180,zhvf_forecast,2026-08,0.6
29200,zhvf_forecast,2026-08,3.1
29260,zhvf_forecast,2026-08,1.4
29300,zhvf_forecast,2026-08,3.1
29340,zhvf_forecast,2026-08,-2.5
29380,zhvf_forecast,2026-08,1.4
29420,zhvf_forecast,2026-08,-0.5
29460,zhvf_forecast,2026-08,-0.4
29540,zhvf_forecast,2026-08,3.4
29620,zhvf_forecast,2026-08,2.0
29660,zhvf_forecast,2026-08,1.9
29700,zhvf_forecast,2026-08,1.9
29740,zhvf_forecast,2026-08,1.3
29780,zhvf_forecast,2026-08,1.2
29820,zhvf_forecast,2026-08,-0.6
29860,zhvf_forecast,2026-08,-3.0
29900,zhvf_forecast,2026-08,3.6
29940,zhvf_forecast,2026-08,3.4
29980,zhvf_forecast,2026-08,2.2
30020,zhvf_forecast,2026-08,4.6
30060,zhvf_forecast,2026-08,4.9
30140,zhvf_forecast,2026-08,4.0
30260,zhvf_forecast,2026-08,4.8
30280,zhvf_forecast,2026-08,0.0
30300,zhvf_forecast,2026-08,3.2
30340,zhvf_forecast,2026-08,-0.7
30380,zhvf_forecast,2026-08,4.8
30420,zhvf_forecast,2026-08,1.6
30460,zhvf_forecast,2026-08,3.0
30580,zhvf_forecast,2026-08,2.2
30620,zhvf_forecast,2026-08,3.1
30660,zhvf_forecast,2026-08,3.1
30700,zhvf_forecast,2026-08,2.6
30780,zhvf_forecast,2026-08,2.5
30820,zhvf_forecast,2026-08,2.6
30860,zhvf_forecast,2026-08,1.9
30900,zhvf_forecast,2026-08,4.0
30980,zhvf_forecast,2026-08,2.2
31020,zhvf_forecast,2026-08,0.5
31060,zhvf_forecast,2026-08,1.9
31080,zhvf_forecast,2026-08,2.3
31140,zhvf_forecast,2026-08,2.2
31180,zhvf_forecast,2026-08,0.9
31220,zhvf_forecast,2026-08,1.0
31260,zhvf_forecast,2026-08,1.6
31300,zhvf_forecast,2026-08,2.6
31340,zhvf_forecast,2026-08,2.7
31380,zhvf_forecast,2026-08,3.0
31420,zhvf_forecast,2026-08,2.2
31500,zhvf_forecast,2026-08,4.6
31540,zhvf_forecast,2026-08,3.7
31580,zhvf_forecast,2026-08,-1.4
31620,zhvf_forecast,2026-08,1.1
31680,zhvf_forecast,2026-08,0.0
31700,zhvf_forecast,2026-08,3.3
31740,zhvf_forecast,2026-08,3.7
31820,zhvf_forecast,2026-08,4.6
31860,zhvf_forecast,2026-08,3.1
31900,zhvf_forecast,2026-08,4.4
31930,zhvf_forecast,2026-08,2.0
31940,zhvf_forecast,2026-08,4.1
31980,zhvf_forecast,2026-08,2.6
32000,zhvf_forecast,2026-08,-0.1
32020,zhvf_forecast,2026-08,3.7
32100,zhvf_forecast,2026-08,2.0
32140,zhvf_forecast,2026-08,3.1
32180,zhvf_forecast,2026-08,2.6
32260,zhvf_forecast,2026-08,4.1
32280,zhvf_forecast,2026-08,4.0
32300,zhvf_forecast,2026-08,0.7
32340,zhvf_forecast,2026-08,5.3
32380,zhvf_forecast,2026-08,2.5
32390,zhvf_forecast,2026-08,4.5
32460,zhvf_forecast,2026-08,3.7
32540,zhvf_forecast,2026-08,2.4
32580,zhvf_forecast,2026-08,1.6
32620,zhvf_forecast,2026-08,1.9
32660,zhvf_forecast,2026-08,2.5
32700,zhvf_forecast,2026-08,1.5
32740,zhvf_forecast,2026-08,3.4
32780,zhvf_forecast,2026-08,-0.1
32820,zhvf_forecast,2026-08,-0.1
32860,zhvf_forecast,2026-08,3.9
32900,zhvf_forecast,2026-08,0.0
32940,zhvf_forecast,2026-08,-0.8
33020,zhvf_forecast,2026-08,4.2
33060,zhvf_forecast,2026-08,1.9
33100,zhvf_forecast,2026-08,2.6
33140,zhvf_forecast,2026-08,4.5
33180,zhvf_forecast,2026-08,-2.4
33220,zhvf_forecast,2026-08,2.9
33260,zhvf_forecast,2026-08,1.9
33300,zhvf_forecast,2026-08,1.4
33340,zhvf_forecast,2026-08,3.8
33420,zhvf_forecast,2026-08,1.5
33460,zhvf_forecast,2026-08,0.9
33500,zhvf_forecast,2026-08,1.6
33540,zhvf_forecast,2026-08,1.6
33580,zhvf_forecast,2026-08,2.9
33620,zhvf_forecast,2026-08,4.0
33660,zhvf_forecast,2026-08,1.4
33700,zhvf_forecast,2026-08,0.8
33740,zhvf_forecast,2026-08,2.3
33780,zhvf_forecast,2026-08,3.9
33860,zhvf_forecast,2026-08,2.6
33940,zhvf_forecast,2026-08,2.5
33980,zhvf_forecast,2026-08,2.1
34020,zhvf_forecast,2026-08,1.5
34060,zhvf_forecast,2026-08,2.4
34100,zhvf_forecast,2026-08,1.8
34140,zhvf_forecast,2026-08,1.8
34180,zhvf_forecast,2026-08,0.5
34220,zhvf_forecast,2026-08,1.9
34260,zhvf_forecast,2026-08,1.7
34300,zhvf_forecast,2026-08,2.0
34340,zhvf_forecast,2026-08,3.9
34380,zhvf_forecast,2026-08,1.7
34420,zhvf_forecast,2026-08,1.1
34460,zhvf_forecast,2026-08,1.3
34500,zhvf_forecast,2026-08,3.3
34540,zhvf_forecast,2026-08,5.0
34580,zhvf_forecast,2026-08,0.1
34620,zhvf_forecast,2026-08,4.1
34660,zhvf_forecast,2026-08,1.6
34700,zhvf_forecast,2026-08,3.3
34740,zhvf_forecast,2026-08,2.1
34780,zhvf_forecast,2026-08,2.2
34820,zhvf_forecast,2026-08,1.0
34860,zhvf_forecast,2026-08,1.5
34900,zhvf_forecast,2026-08,0.4
34940,zhvf_forecast,2026-08,2.2
34980,zhvf_forecast,2026-08,0.0
35020,zhvf_forecast,2026-08,-3.0
35060,zhvf_forecast,2026-08,-0.1
35100,zhvf_forecast,2026-08,2.8
35140,zhvf_forecast,2026-08,1.3
35220,zhvf_forecast,2026-08,3.0
35300,zhvf_forecast,2026-08,3.6
35380,zhvf_forecast,2026-08,0.4
35420,zhvf_forecast,2026-08,3.6
35440,zhvf_forecast,2026-08,0.8
35460,zhvf_forecast,2026-08,1.5
35580,zhvf_forecast,2026-08,2.5
35620,zhvf_forecast,2026-08,3.5
35660,zhvf_forecast,2026-08,3.9
35700,zhvf_forecast,2026-08,0.5
35740,zhvf_forecast,2026-08,2.2
35820,zhvf_forecast,2026-08,3.8
35840,zhvf_forecast,2026-08,0.0
35900,zhvf_forecast,2026-08,3.9
35940,zhvf_forecast,2026-08,3.1
35980,zhvf_forecast,2026-08,5.1
36020,zhvf_forecast,2026-08,0.7
36100,zhvf_forecast,2026-08,-2.4
36220,zhvf_forecast,2026-08,0.9
36260,zhvf_forecast,2026-08,1.3
36340,zhvf_forecast,2026-08,1.2
36380,zhvf_forecast,2026-08,1.3
36420,zhvf_forecast,2026-08,1.7
36460,zhvf_forecast,2026-08,3.0
36500,zhvf_forecast,2026-08,-0.5
36540,zhvf_forecast,2026-08,3.1
36580,zhvf_forecast,2026-08,3.6
36620,zhvf_forecast,2026-08,2.2
36660,zhvf_forecast,2026-08,-0.9
36700,zhvf_forecast,2026-08,2.4
36740,zhvf_forecast,2026-08,0.4
36780,zhvf_forecast,2026-08,3.1
36820,zhvf_forecast,2026-08,3.8
36830,zhvf_forecast,2026-08,1.5
36840,zhvf_forecast,2026-08,5.0
36900,zhvf_forecast,2026-08,1.1
36940,zhvf_forecast,2026-08,1.7
36980,zhvf_forecast,2026-08,2.8
37060,zhvf_forecast,2026-08,3.3
37100,zhvf_forecast,2026-08,0.5
37120,zhvf_forecast,2026-08,2.1
37140,zhvf_forecast,2026-08,3.5
37220,zhvf_forecast,2026-08,-1.1
37260,zhvf_forecast,2026-08,1.2
37300,zhvf_forecast,2026-08,2.2
37340,zhvf_forecast,2026-08,-0.5
37420,zhvf_forecast,2026-08,3.0
37460,zhvf_forecast,2026-08,0.4
37500,zhvf_forecast,2026-08,2.5
37540,zhvf_forecast,2026-08,3.1
37580,zhvf_forecast,2026-08,-0.1
37620,zhvf_forecast,2026-08,2.2
37740,zhvf_forecast,2026-08,-0.5
37860,zhvf_forecast,2026-08,1.1
37900,zhvf_forecast,2026-08,4.1
37940,zhvf_forecast,2026-08,2.9
37980,zhvf_forecast,2026-08,2.0
38060,zhvf_forecast,2026-08,-0.7
38100,zhvf_forecast,2026-08,2.0
38180,zhvf_forecast,2026-08,1.8
38220,zhvf_forecast,2026-08,-1.7
38240,zhvf_forecast,2026-08,1.7
38260,zhvf_forecast,2026-08,3.5
38300,zhvf_forecast,2026-08,0.9
38340,zhvf_forecast,2026-08,2.4
38380,zhvf_forecast,2026-08,-0.4
38420,zhvf_forecast,2026-08,3.6
38460,zhvf_forecast,2026-08,3.9
38500,zhvf_forecast,2026-08,4.3
38540,zhvf_forecast,2026-08,1.8
38620,zhvf_forecast,2026-08,3.6
38700,zhvf_forecast,2026-08,6.8
38740,zhvf_forecast,2026-08,4.3
38820,zhvf_forecast,2026-08,0.2
38860,zhvf_forecast,2026-08,2.1
38900,zhvf_forecast,2026-08,0.3
38920,zhvf_forecast,2026-08,1.2
38940,zhvf_forecast,2026-08,-0.5
39020,zhvf_forecast,2026-08,4.8
39060,zhvf_forecast,2026-08,1.9
39220,zhvf_forecast,2026-08,1.1
39300,zhvf_forecast,2026-08,2.8
39340,zhvf_forecast,2026-08,1.4
39380,zhvf_forecast,2026-08,-0.6
39420,zhvf_forecast,2026-08,3.4
39460,zhvf_forecast,2026-08,0.4
39500,zhvf_forecast,2026-08,3.3
39540,zhvf_forecast,2026-08,4.5
39580,zhvf_forecast,2026-08,-0.2
39660,zhvf_forecast,2026-08,2.2
39700,zhvf_forecast,2026-08,1.7
39740,zhvf_forecast,2026-08,4.3
39780,zhvf_forecast,2026-08,0.7
39820,zhvf_forecast,2026-08,-1.2
39860,zhvf_forecast,2026-08,1.7
39900,zhvf_forecast,2026-08,1.5
39940,zhvf_forecast,2026-08,2.7
39980,zhvf_forecast,2026-08,4.9
40060,zhvf_forecast,2026-08,2.1
40080,zhvf_forecast,2026-08,3.0
40100,zhvf_forecast,2026-08,0.0
40140,zhvf_forecast,2026-08,1.5
40180,zhvf_forecast,2026-08,2.4
40220,zhvf_forecast,2026-08,3.1
40260,zhvf_forecast,2026-08,0.9
40300,zhvf_forecast,2026-08,3.4
40340,zhvf_forecast,2026-08,2.0
40380,zhvf_forecast,2026-08,4.3
40420,zhvf_forecast,2026-08,3.3
40460,zhvf_forecast,2026-08,1.1
40540,zhvf_forecast,2026-08,2.0
40580,zhvf_forecast,2026-08,2.0
40620,zhvf_forecast,2026-08,2.3
40660,zhvf_forecast,2026-08,2.3
40700,zhvf_forecast,2026-08,0.0
40740,zhvf_forecast,2026-08,-0.3
40780,zhvf_forecast,2026-08,2.5
40820,zhvf_forecast,2026-08,1.9
40860,zhvf_forecast,2026-08,-0.7
40900,zhvf_forecast,2026-08,-0.2
40940,zhvf_forecast,2026-08,1.0
40980,zhvf_forecast,2026-08,3.9
41060,zhvf_forecast,2026-08,2.7
41100,zhvf_forecast,2026-08,-1.0
41140,zhvf_forecast,2026-08,3.2
41180,zhvf_forecast,2026-08,2.8
41400,zhvf_forecast,2026-08,3.5
41420,zhvf_forecast,2026-08,-0.2
41460,zhvf_forecast,2026-08,3.5
41500,zhvf_forecast,2026-08,1.7
41540,zhvf_forecast,2026-08,0.7
41620,zhvf_forecast,2026-08,0.7
41660,zhvf_forecast,2026-08,-0.5
41700,zhvf_forecast,2026-08,-0.7
41740,zhvf_forecast,2026-08,1.9
41760,zhvf_forecast,2026-08,3.4
41780,zhvf_forecast,2026-08,4.3
41820,zhvf_forecast,2026-08,1.5
41860,zhvf_forecast,2026-08,1.4
41940,zhvf_forecast,2026-08,2.7
42020,zhvf_forecast,2026-08,2.0
42100,zhvf_forecast,2026-08,1.2
42140,zhvf_forecast,2026-08,1.4
42200,zhvf_forecast,2026-08,1.5
42220,zhvf_forecast,2026-08,-0.3
42300,zhvf_forecast,2026-08,2.2
42340,zhvf_forecast,2026-08,-1.5
42380,zhvf_forecast,2026-08,2.0
42420,zhvf_forecast,2026-08,3.7
42460,zhvf_forecast,2026-08,1.8
42540,zhvf_forecast,2026-08,2.8
42620,zhvf_forecast,2026-08,3.2
42660,zhvf_forecast,2026-08,-0.5
42680,zhvf_forecast,2026-08,0.2
42700,zhvf_forecast,2026-08,-1.0
42740,zhvf_forecast,2026-08,3.8
42780,zhvf_forecast,2026-08,1.6
42820,zhvf_forecast,2026-08,-0.4
42860,zhvf_forecast,2026-08,2.9
42900,zhvf_forecast,2026-08,3.2
42940,zhvf_forecast,2026-08,-0.7
42980,zhvf_forecast,2026-08,3.4
43020,zhvf_forecast,2026-08,4.9
43060,zhvf_forecast,2026-08,3.2
43100,zhvf_forecast,2026-08,4.6
43140,zhvf_forecast,2026-08,-0.2
43180,zhvf_forecast,2026-08,0.5
43220,zhvf_forecast,2026-08,0.9
43260,zhvf_forecast,2026-08,2.9
43300,zhvf_forecast,2026-08,-3.2
43320,zhvf_forecast,2026-08,0.7
43340,zhvf_forecast,2026-08,2.5
43380,zhvf_forecast,2026-08,3.9
43420,zhvf_forecast,2026-08,-0.6
43460,zhvf_forecast,2026-08,0.5
43500,zhvf_forecast,2026-08,-1.0
43580,zhvf_forecast,2026-08,3.0
43620,zhvf_forecast,2026-08,1.7
43660,zhvf_forecast,2026-08,1.4
43700,zhvf_forecast,2026-08,0.8
43740,zhvf_forecast,2026-08,2.2
43760,zhvf_forecast,2026-08,-3.9
43780,zhvf_forecast,2026-08,3.6
43900,zhvf_forecast,2026-08,1.1
43940,zhvf_forecast,2026-08,0.2
43980,zhvf_forecast,2026-08,2.2
44020,zhvf_forecast,2026-08,1.5
44060,zhvf_forecast,2026-08,-0.2
44100,zhvf_forecast,2026-08,4.9
44140,zhvf_forecast,2026-08,2.5
44180,zhvf_forecast,2026-08,3.0
44220,zhvf_forecast,2026-08,2.7
44260,zhvf_forecast,2026-08,3.4
44300,zhvf_forecast,2026-08,3.6
44340,zhvf_forecast,2026-08,0.3
44420,zhvf_forecast,2026-08,2.8
44460,zhvf_forecast,2026-08,3.1
44500,zhvf_forecast,2026-08,0.9
44540,zhvf_forecast,2026-08,1.7
44580,zhvf_forecast,2026-08,3.0
44620,zhvf_forecast,2026-08,5.4
44660,zhvf_forecast,2026-08,2.7
44700,zhvf_forecast,2026-08,-1.1
44740,zhvf_forecast,2026-08,1.0
44780,zhvf_forecast,2026-08,1.6
44860,zhvf_forecast,2026-08,-1.2
44900,zhvf_forecast,2026-08,1.2
44940,zhvf_forecast,2026-08,1.9
44980,zhvf_forecast,2026-08,2.7
45000,zhvf_forecast,2026-08,-0.4
45020,zhvf_forecast,2026-08,2.9
45060,zhvf_forecast,2026-08,5.2
45140,zhvf_forecast,2026-08,4.4
45180,zhvf_forecast,2026-08,1.6
45220,zhvf_forecast,2026-08,1.0
45300,zhvf_forecast,2026-08,0.5
45340,zhvf_forecast,2026-08,-1.1
45380,zhvf_forecast,2026-08,4.5
45460,zhvf_forecast,2026-08,3.5
45500,zhvf_forecast,2026-08,2.0
45520,zhvf_forecast,2026-08,1.0
45580,zhvf_forecast,2026-08,4.2
45620,zhvf_forecast,2026-08,1.4
45660,zhvf_forecast,2026-08,2.8
45700,zhvf_forecast,2026-08,1.6
45740,zhvf_forecast,2026-08,3.0
45780,zhvf_forecast,2026-08,3.2
45820,zhvf_forecast,2026-08,3.4
45860,zhvf_forecast,2026-08,3.4
45900,zhvf_forecast,2026-08,2.9
45940,zhvf_forecast,2026-08,0.8
45980,zhvf_forecast,2026-08,0.5
46020,zhvf_forecast,2026-08,0.4
46060,zhvf_forecast,2026-08,-0.1
46100,zhvf_forecast,2026-08,1.6
46140,zhvf_forecast,2026-08,2.6
46180,zhvf_forecast,2026-08,3.2
46220,zhvf_forecast,2026-08,1.6
46300,zhvf_forecast,2026-08,2.6
46340,zhvf_forecast,2026-08,0.1
46380,zhvf_forecast,2026-08,-1.4
46460,zhvf_forecast,2026-08,5.2
46500,zhvf_forecast,2026-08,4.5
46520,zhvf_forecast,2026-08,1.3
46540,zhvf_forecast,2026-08,2.9
46620,zhvf_forecast,2026-08,0.5
46660,zhvf_forecast,2026-08,2.9
46700,zhvf_forecast,2026-08,-0.3
46780,zhvf_forecast,2026-08,3.8
46820,zhvf_forecast,2026-08,1.5
46860,zhvf_forecast,2026-08,4.8
46900,zhvf_forecast,2026-08,0.4
46980,zhvf_forecast,2026-08,1.1
47020,zhvf_forecast,2026-08,1.7
47080,zhvf_forecast,2026-08,2.5
47180,zhvf_forecast,2026-08,3.5
47220,zhvf_forecast,2026-08,2.7
47240,zhvf_forecast,2026-08,4.2
47260,zhvf_forecast,2026-08,2.8
47300,zhvf_forecast,2026-08,0.3
47340,zhvf_forecast,2026-08,3.5
47380,zhvf_forecast,2026-08,1.1
47420,zhvf_forecast,2026-08,1.6
47460,zhvf_forecast,2026-08,0.6
47540,zhvf_forecast,2026-08,3.5
47580,zhvf_forecast,2026-08,3.7
47620,zhvf_forecast,2026-08,1.3
47660,zhvf_forecast,2026-08,2.0
47700,zhvf_forecast,2026-08,4.1
47780,zhvf_forecast,2026-08,1.9
47820,zhvf_forecast,2026-08,3.0
47900,zhvf_forecast,2026-08,1.3
47920,zhvf_forecast,2026-08,3.7
47940,zhvf_forecast,2026-08,2.3
47980,zhvf_forecast,2026-08,3.7
48020,zhvf_forecast,2026-08,4.5
48060,zhvf_forecast,2026-08,2.0
48140,zhvf_forecast,2026-08,5.8
48180,zhvf_forecast,2026-08,1.9
48220,zhvf_forecast,2026-08,3.6
48260,zhvf_forecast,2026-08,2.6
48300,zhvf_forecast,2026-08,1.6
48460,zhvf_forecast,2026-08,4.7
48540,zhvf_forecast,2026-08,1.8
48580,zhvf_forecast,2026-08,4.2
48620,zhvf_forecast,2026-08,3.1
48660,zhvf_forecast,2026-08,2.8
48680,zhvf_forecast,2026-08,-0.6
48700,zhvf_forecast,2026-08,3.4
48780,zhvf_forecast,2026-08,3.1
48820,zhvf_forecast,2026-08,2.1
48900,zhvf_forecast,2026-08,1.7
48940,zhvf_forecast,2026-08,3.7
48980,zhvf_forecast,2026-08,0.3
49020,zhvf_forecast,2026-08,1.2
49080,zhvf_forecast,2026-08,3.1
49100,zhvf_forecast,2026-08,3.5
49180,zhvf_forecast,2026-08,1.8
49220,zhvf_forecast,2026-08,6.0
49260,zhvf_forecast,2026-08,1.0
49340,zhvf_forecast,2026-08,1.8
49380,zhvf_forecast,2026-08,3.3
49420,zhvf_forecast,2026-08,1.1
49460,zhvf_forecast,2026-08,1.3
49620,zhvf_forecast,2026-08,3.0
49660,zhvf_forecast,2026-08,3.3
49700,zhvf_forecast,2026-08,0.3
49740,zhvf_forecast,2026-08,-0.7
49780,zhvf_forecast,2026-08,3.4
49820,zhvf_forecast,2026-08,0.4
