series_id,date,value
CPIAUCSL,2000-01-01,169.3
CPIAUCSL,2000-02-01,170.0
CPIAUCSL,2000-03-01,171.0
CPIAUCSL,2000-04-01,170.9
CPIAUCSL,2000-05-01,171.2
CPIAUCSL,2000-06-01,172.2
CPIAUCSL,2000-07-01,172.7
CPIAUCSL,2000-08-01,172.7
CPIAUCSL,2000-09-01,173.6
CPIAUCSL,2000-10-01,173.9
CPIAUCSL,2000-11-01,174.2
CPIAUCSL,2000-12-01,174.6
CPIAUCSL,2001-01-01,175.6
CPIAUCSL,2001-02-01,176.0
CPIAUCSL,2001-03-01,176.1
CPIAUCSL,2001-04-01,176.4
CPIAUCSL,2001-05-01,177.3
CPIAUCSL,2001-06-01,177.7
CPIAUCSL,2001-07-01,177.4
CPIAUCSL,2001-08-01,177.4
CPIAUCSL,2001-09-01,178.1
CPIAUCSL,2001-10-01,177.6
CPIAUCSL,2001-11-01,177.5
CPIAUCSL,2001-12-01,177.4
CPIAUCSL,2002-01-01,177.7
CPIAUCSL,2002-02-01,178.0
CPIAUCSL,2002-03-01,178.5
CPIAUCSL,2002-04-01,179.3
CPIAUCSL,2002-05-01,179.5
CPIAUCSL,2002-06-01,179.6
CPIAUCSL,2002-07-01,180.0
CPIAUCSL,2002-08-01,180.5
CPIAUCSL,2002-09-01,180.8
CPIAUCSL,2002-10-01,181.2
CPIAUCSL,2002-11-01,181.5
CPIAUCSL,2002-12-01,181.8
CPIAUCSL,2003-01-01,182.6
CPIAUCSL,2003-02-01,183.6
CPIAUCSL,2003-03-01,183.9
CPIAUCSL,2003-04-01,183.2
CPIAUCSL,2003-05-01,182.9
CPIAUCSL,2003-06-01,183.1
CPIAUCSL,2003-07-01,183.7
CPIAUCSL,2003-08-01,184.5
CPIAUCSL,2003-09-01,185.1
CPIAUCSL,2003-10-01,184.9
CPIAUCSL,2003-11-01,185.0
CPIAUCSL,2003-12-01,185.5
CPIAUCSL,2004-01-01,186.3
CPIAUCSL,2004-02-01,186.7
CPIAUCSL,2004-03-01,187.1
CPIAUCSL,2004-04-01,187.4
CPIAUCSL,2004-05-01,188.2
CPIAUCSL,2004-06-01,188.9
CPIAUCSL,2004-07-01,189.1
CPIAUCSL,2004-08-01,189.2
CPIAUCSL,2004-09-01,189.8
CPIAUCSL,2004-10-01,190.8
CPIAUCSL,2004-11-01,191.7
CPIAUCSL,2004-12-01,191.7
CPIAUCSL,2005-01-01,191.6
CPIAUCSL,2005-02-01,192.4
CPIAUCSL,2005-03-01,193.1
CPIAUCSL,2005-04-01,193.7
CPIAUCSL,2005-05-01,193.6
CPIAUCSL,2005-06-01,193.7
CPIAUCSL,2005-07-01,194.9
CPIAUCSL,2005-08-01,196.1
CPIAUCSL,2005-09-01,198.8
CPIAUCSL,2005-10-01,199.1
CPIAUCSL,2005-11-01,198.1
CPIAUCSL,2005-12-01,198.1
CPIAUCSL,2006-01-01,199.3
CPIAUCSL,2006-02-01,199.4
CPIAUCSL,2006-03-01,199.7
CPIAUCSL,2006-04-01,200.7
CPIAUCSL,2006-05-01,201.3
CPIAUCSL,2006-06-01,201.8
CPIAUCSL,2006-07-01,202.9
CPIAUCSL,2006-08-01,203.8
CPIAUCSL,2006-09-01,202.8
CPIAUCSL,2006-10-01,201.9
CPIAUCSL,2006-11-01,202.0
CPIAUCSL,2006-12-01,203.1
CPIAUCSL,2007-01-01,203.437
CPIAUCSL,2007-02-01,204.226
CPIAUCSL,2007-03-01,205.288
CPIAUCSL,2007-04-01,205.904
CPIAUCSL,2007-05-01,206.755
CPIAUCSL,2007-06-01,207.234
CPIAUCSL,2007-07-01,207.603
CPIAUCSL,2007-08-01,207.667
CPIAUCSL,2007-09-01,208.547
CPIAUCSL,2007-10-01,209.19
CPIAUCSL,2007-11-01,210.834
CPIAUCSL,2007-12-01,211.445
CPIAUCSL,2008-01-01,212.174
CPIAUCSL,2008-02-01,212.687
CPIAUCSL,2008-03-01,213.448
CPIAUCSL,2008-04-01,213.942
CPIAUCSL,2008-05-01,215.208
CPIAUCSL,2008-06-01,217.463
CPIAUCSL,2008-07-01,219.016
CPIAUCSL,2008-08-01,218.69
CPIAUCSL,2008-09-01,218.877
CPIAUCSL,2008-10-01,216.995
CPIAUCSL,2008-11-01,213.153
CPIAUCSL,2008-12-01,211.398
CPIAUCSL,2009-01-01,211.933
CPIAUCSL,2009-02-01,212.705
CPIAUCSL,2009-03-01,212.495
CPIAUCSL,2009-04-01,212.709
CPIAUCSL,2009-05-01,213.022
CPIAUCSL,2009-06-01,214.79
CPIAUCSL,2009-07-01,214.726
CPIAUCSL,2009-08-01,215.445
CPIAUCSL,2009-09-01,215.861
CPIAUCSL,2009-10-01,216.509
CPIAUCSL,2009-11-01,217.234
CPIAUCSL,2009-12-01,217.347
CPIAUCSL,2010-01-01,217.488
CPIAUCSL,2010-02-01,217.281
CPIAUCSL,2010-03-01,217.353
CPIAUCSL,2010-04-01,217.403
CPIAUCSL,2010-05-01,217.29
CPIAUCSL,2010-06-01,217.199
CPIAUCSL,2010-07-01,217.605
CPIAUCSL,2010-08-01,217.923
CPIAUCSL,2010-09-01,218.275
CPIAUCSL,2010-10-01,219.035
CPIAUCSL,2010-11-01,219.59
CPIAUCSL,2010-12-01,220.472
CPIAUCSL,2011-01-01,221.187
CPIAUCSL,2011-02-01,221.898
CPIAUCSL,2011-03-01,223.046
CPIAUCSL,2011-04-01,224.093
CPIAUCSL,2011-05-01,224.806
CPIAUCSL,2011-06-01,224.806
CPIAUCSL,2011-07-01,225.395
CPIAUCSL,2011-08-01,226.106
CPIAUCSL,2011-09-01,226.597
CPIAUCSL,2011-10-01,226.75
CPIAUCSL,2011-11-01,227.169
CPIAUCSL,2011-12-01,227.223
CPIAUCSL,2012-01-01,227.842
CPIAUCSL,2012-02-01,228.329
CPIAUCSL,2012-03-01,228.807
CPIAUCSL,2012-04-01,229.187
CPIAUCSL,2012-05-01,228.713
CPIAUCSL,2012-06-01,228.524
CPIAUCSL,2012-07-01,228.59
CPIAUCSL,2012-08-01,229.918
CPIAUCSL,2012-09-01,231.015
CPIAUCSL,2012-10-01,231.638
CPIAUCSL,2012-11-01,231.249
CPIAUCSL,2012-12-01,231.221
CPIAUCSL,2013-01-01,231.679
CPIAUCSL,2013-02-01,232.937
CPIAUCSL,2013-03-01,232.282
CPIAUCSL,2013-04-01,231.797
CPIAUCSL,2013-05-01,231.893
CPIAUCSL,2013-06-01,232.445
CPIAUCSL,2013-07-01,232.9
CPIAUCSL,2013-08-01,233.456
CPIAUCSL,2013-09-01,233.544
CPIAUCSL,2013-10-01,233.669
CPIAUCSL,2013-11-01,234.1
CPIAUCSL,2013-12-01,234.719
CPIAUCSL,2014-01-01,235.288
CPIAUCSL,2014-02-01,235.547
CPIAUCSL,2014-03-01,236.028
CPIAUCSL,2014-04-01,236.468
CPIAUCSL,2014-05-01,236.918
CPIAUCSL,2014-06-01,237.231
CPIAUCSL,2014-07-01,237.498
CPIAUCSL,2014-08-01,237.46
CPIAUCSL,2014-09-01,237.477
CPIAUCSL,2014-10-01,237.43
CPIAUCSL,2014-11-01,236.983
CPIAUCSL,2014-12-01,236.252
CPIAUCSL,2015-01-01,234.747
CPIAUCSL,2015-02-01,235.342
CPIAUCSL,2015-03-01,235.976
CPIAUCSL,2015-04-01,236.222
CPIAUCSL,2015-05-01,237.001
CPIAUCSL,2015-06-01,237.657
CPIAUCSL,2015-07-01,238.034
CPIAUCSL,2015-08-01,238.033
CPIAUCSL,2015-09-01,237.498
CPIAUCSL,2015-10-01,237.733
CPIAUCSL,2015-11-01,238.017
CPIAUCSL,2015-12-01,237.761
CPIAUCSL,2016-01-01,237.652
CPIAUCSL,2016-02-01,237.336
CPIAUCSL,2016-03-01,238.08
CPIAUCSL,2016-04-01,238.992
CPIAUCSL,2016-05-01,239.557
CPIAUCSL,2016-06-01,240.222
CPIAUCSL,2016-07-01,240.101
CPIAUCSL,2016-08-01,240.545
CPIAUCSL,2016-09-01,241.176
CPIAUCSL,2016-10-01,241.741
CPIAUCSL,2016-11-01,242.026
CPIAUCSL,2016-12-01,242.637
CPIAUCSL,2017-01-01,243.618
CPIAUCSL,2017-02-01,244.006
CPIAUCSL,2017-03-01,243.892
CPIAUCSL,2017-04-01,244.193
CPIAUCSL,2017-05-01,244.004
CPIAUCSL,2017-06-01,244.163
CPIAUCSL,2017-07-01,244.243
CPIAUCSL,2017-08-01,245.183
CPIAUCSL,2017-09-01,246.435
CPIAUCSL,2017-10-01,246.626
CPIAUCSL,2017-11-01,247.284
CPIAUCSL,2017-12-01,247.805
CPIAUCSL,2018-01-01,248.859
CPIAUCSL,2018-02-01,249.529
CPIAUCSL,2018-03-01,249.577
CPIAUCSL,2018-04-01,250.227
CPIAUCSL,2018-05-01,250.792
CPIAUCSL,2018-06-01,251.018
CPIAUCSL,2018-07-01,251.214
CPIAUCSL,2018-08-01,251.663
CPIAUCSL,2018-09-01,252.182
CPIAUCSL,2018-10-01,252.772
CPIAUCSL,2018-11-01,252.594
CPIAUCSL,2018-12-01,252.767
CPIAUCSL,2019-01-01,252.561
CPIAUCSL,2019-02-01,253.319
CPIAUCSL,2019-03-01,254.277
CPIAUCSL,2019-04-01,255.233
CPIAUCSL,2019-05-01,255.296
CPIAUCSL,2019-06-01,255.213
CPIAUCSL,2019-07-01,255.802
CPIAUCSL,2019-08-01,256.036
CPIAUCSL,2019-09-01,256.43
CPIAUCSL,2019-10-01,257.155
CPIAUCSL,2019-11-01,257.879
CPIAUCSL,2019-12-01,258.63
CPIAUCSL,2020-01-01,259.127
CPIAUCSL,2020-02-01,259.25
CPIAUCSL,2020-03-01,258.076
CPIAUCSL,2020-04-01,256.032
CPIAUCSL,2020-05-01,255.802
CPIAUCSL,2020-06-01,257.042
CPIAUCSL,2020-07-01,258.352
CPIAUCSL,2020-08-01,259.316
CPIAUCSL,2020-09-01,259.997
CPIAUCSL,2020-10-01,260.319
CPIAUCSL,2020-11-01,260.911
CPIAUCSL,2020-12-01,262.045
CPIAUCSL,2021-01-01,262.687
CPIAUCSL,2021-02-01,263.579
CPIAUCSL,2021-03-01,264.961
CPIAUCSL,2021-04-01,266.614
CPIAUCSL,2021-05-01,268.383
CPIAUCSL,2021-06-01,270.654
CPIAUCSL,2021-07-01,271.903
CPIAUCSL,2021-08-01,272.676
CPIAUCSL,2021-09-01,273.91
CPIAUCSL,2021-10-01,276.55
CPIAUCSL,2021-11-01,278.919
CPIAUCSL,2021-12-01,280.845
CPIAUCSL,2022-01-01,282.543
CPIAUCSL,2022-02-01,284.5
CPIAUCSL,2022-03-01,287.674
CPIAUCSL,2022-04-01,288.561
CPIAUCSL,2022-05-01,291.298
CPIAUCSL,2022-06-01,294.957
CPIAUCSL,2022-07-01,294.913
CPIAUCSL,2022-08-01,295.097
CPIAUCSL,2022-09-01,296.349
CPIAUCSL,2022-10-01,298.007
CPIAUCSL,2022-11-01,298.786
CPIAUCSL,2022-12-01,298.832
CPIAUCSL,2023-01-01,300.42
CPIAUCSL,2023-02-01,301.45
CPIAUCSL,2023-03-01,301.821
CPIAUCSL,2023-04-01,302.845
CPIAUCSL,2023-05-01,303.334
CPIAUCSL,2023-06-01,304.014
CPIAUCSL,2023-07-01,304.609
CPIAUCSL,2023-08-01,306.082
CPIAUCSL,2023-09-01,307.276
CPIAUCSL,2023-10-01,307.696
CPIAUCSL,2023-11-01,308.148
CPIAUCSL,2023-12-01,308.741
CPIAUCSL,2024-01-01,309.698
CPIAUCSL,2024-02-01,310.967
CPIAUCSL,2024-03-01,312.345
CPIAUCSL,2024-04-01,313.023
CPIAUCSL,2024-05-01,313.175
CPIAUCSL,2024-06-01,313.044
CPIAUCSL,2024-07-01,313.569
CPIAUCSL,2024-08-01,314.062
CPIAUCSL,2024-09-01,314.732
CPIAUCSL,2024-10-01,315.631
CPIAUCSL,2024-11-01,316.528
CPIAUCSL,2024-12-01,317.604
CPIAUCSL,2025-01-01,318.961
CPIAUCSL,2025-02-01,319.679
CPIAUCSL,2025-03-01,319.785
CPIAUCSL,2025-04-01,320.302
CPIAUCSL,2025-05-01,320.62
CPIAUCSL,2025-06-01,321.435
CPIAUCSL,2025-07-01,322.169
CPIAUCSL,2025-08-01,323.291
CPIAUCSL,2025-09-01,324.245
CPIAUCSL,2025-10-01,
CPIAUCSL,2025-11-01,325.063
CPIAUCSL,2025-12-01,326.031
CPIAUCSL,2026-01-01,326.588
CPIAUCSL,2026-02-01,327.46
CPIAUCSL,2026-03-01,330.293
CPIAUCSL,2026-04-01,332.407
CPIAUCSL,2026-05-01,333.979
CPIAUCSL,2026-06-01,332.568
CPIAUCSL,2026-07-01,332.813
CPIAUCSL,2026-08-01,334.131
CPILFESL,2000-01-01,179.3
CPILFESL,2000-02-01,179.4
CPILFESL,2000-03-01,180.0
CPILFESL,2000-04-01,180.3
CPILFESL,2000-05-01,180.7
CPILFESL,2000-06-01,181.1
CPILFESL,2000-07-01,181.5
CPILFESL,2000-08-01,181.9
CPILFESL,2000-09-01,182.3
CPILFESL,2000-10-01,182.6
CPILFESL,2000-11-01,183.1
CPILFESL,2000-12-01,183.3
CPILFESL,2001-01-01,183.9
CPILFESL,2001-02-01,184.4
CPILFESL,2001-03-01,184.7
CPILFESL,2001-04-01,185.1
CPILFESL,2001-05-01,185.3
CPILFESL,2001-06-01,186.0
CPILFESL,2001-07-01,186.4
CPILFESL,2001-08-01,186.7
CPILFESL,2001-09-01,187.1
CPILFESL,2001-10-01,187.4
CPILFESL,2001-11-01,188.1
CPILFESL,2001-12-01,188.4
CPILFESL,2002-01-01,188.7
CPILFESL,2002-02-01,189.1
CPILFESL,2002-03-01,189.2
CPILFESL,2002-04-01,189.7
CPILFESL,2002-05-01,190.0
CPILFESL,2002-06-01,190.2
CPILFESL,2002-07-01,190.5
CPILFESL,2002-08-01,191.1
CPILFESL,2002-09-01,191.3
CPILFESL,2002-10-01,191.5
CPILFESL,2002-11-01,191.9
CPILFESL,2002-12-01,192.1
CPILFESL,2003-01-01,192.4
CPILFESL,2003-02-01,192.5
CPILFESL,2003-03-01,192.5
CPILFESL,2003-04-01,192.5
CPILFESL,2003-05-01,192.9
CPILFESL,2003-06-01,193.0
CPILFESL,2003-07-01,193.4
CPILFESL,2003-08-01,193.6
CPILFESL,2003-09-01,193.7
CPILFESL,2003-10-01,194.0
CPILFESL,2003-11-01,194.0
CPILFESL,2003-12-01,194.2
CPILFESL,2004-01-01,194.6
CPILFESL,2004-02-01,194.9
CPILFESL,2004-03-01,195.5
CPILFESL,2004-04-01,195.9
CPILFESL,2004-05-01,196.2
CPILFESL,2004-06-01,196.6
CPILFESL,2004-07-01,196.8
CPILFESL,2004-08-01,196.9
CPILFESL,2004-09-01,197.5
CPILFESL,2004-10-01,197.9
CPILFESL,2004-11-01,198.3
CPILFESL,2004-12-01,198.6
CPILFESL,2005-01-01,199.0
CPILFESL,2005-02-01,199.4
CPILFESL,2005-03-01,200.1
CPILFESL,2005-04-01,200.2
CPILFESL,2005-05-01,200.5
CPILFESL,2005-06-01,200.6
CPILFESL,2005-07-01,200.9
CPILFESL,2005-08-01,201.1
CPILFESL,2005-09-01,201.3
CPILFESL,2005-10-01,202.0
CPILFESL,2005-11-01,202.5
CPILFESL,2005-12-01,202.8
CPILFESL,2006-01-01,203.2
CPILFESL,2006-02-01,203.6
CPILFESL,2006-03-01,204.3
CPILFESL,2006-04-01,204.8
CPILFESL,2006-05-01,205.4
CPILFESL,2006-06-01,205.9
CPILFESL,2006-07-01,206.3
CPILFESL,2006-08-01,206.8
CPILFESL,2006-09-01,207.2
CPILFESL,2006-10-01,207.6
CPILFESL,2006-11-01,207.8
CPILFESL,2006-12-01,208.1
CPILFESL,2007-01-01,208.6
CPILFESL,2007-02-01,209.135
CPILFESL,2007-03-01,209.418
CPILFESL,2007-04-01,209.747
CPILFESL,2007-05-01,210.058
CPILFESL,2007-06-01,210.392
CPILFESL,2007-07-01,210.773
CPILFESL,2007-08-01,211.119
CPILFESL,2007-09-01,211.554
CPILFESL,2007-10-01,212.077
CPILFESL,2007-11-01,212.66
CPILFESL,2007-12-01,213.168
CPILFESL,2008-01-01,213.771
CPILFESL,2008-02-01,213.939
CPILFESL,2008-03-01,214.42
CPILFESL,2008-04-01,214.56
CPILFESL,2008-05-01,214.936
CPILFESL,2008-06-01,215.424
CPILFESL,2008-07-01,215.965
CPILFESL,2008-08-01,216.393
CPILFESL,2008-09-01,216.713
CPILFESL,2008-10-01,216.788
CPILFESL,2008-11-01,216.947
CPILFESL,2008-12-01,216.925
CPILFESL,2009-01-01,217.346
CPILFESL,2009-02-01,217.792
CPILFESL,2009-03-01,218.253
CPILFESL,2009-04-01,218.706
CPILFESL,2009-05-01,218.904
CPILFESL,2009-06-01,219.112
CPILFESL,2009-07-01,219.263
CPILFESL,2009-08-01,219.496
CPILFESL,2009-09-01,219.92
CPILFESL,2009-10-01,220.501
CPILFESL,2009-11-01,220.666
CPILFESL,2009-12-01,220.881
CPILFESL,2010-01-01,220.633
CPILFESL,2010-02-01,220.731
CPILFESL,2010-03-01,220.783
CPILFESL,2010-04-01,220.822
CPILFESL,2010-05-01,220.962
CPILFESL,2010-06-01,221.194
CPILFESL,2010-07-01,221.363
CPILFESL,2010-08-01,221.509
CPILFESL,2010-09-01,221.711
CPILFESL,2010-10-01,221.83
CPILFESL,2010-11-01,222.149
CPILFESL,2010-12-01,222.343
CPILFESL,2011-01-01,222.803
CPILFESL,2011-02-01,223.213
CPILFESL,2011-03-01,223.454
CPILFESL,2011-04-01,223.727
CPILFESL,2011-05-01,224.175
CPILFESL,2011-06-01,224.697
CPILFESL,2011-07-01,225.218
CPILFESL,2011-08-01,225.862
CPILFESL,2011-09-01,226.118
CPILFESL,2011-10-01,226.506
CPILFESL,2011-11-01,226.899
CPILFESL,2011-12-01,227.405
CPILFESL,2012-01-01,227.877
CPILFESL,2012-02-01,228.034
CPILFESL,2012-03-01,228.478
CPILFESL,2012-04-01,228.905
CPILFESL,2012-05-01,229.224
CPILFESL,2012-06-01,229.623
CPILFESL,2012-07-01,229.97
CPILFESL,2012-08-01,230.233
CPILFESL,2012-09-01,230.659
CPILFESL,2012-10-01,231.024
CPILFESL,2012-11-01,231.33
CPILFESL,2012-12-01,231.725
CPILFESL,2013-01-01,232.229
CPILFESL,2013-02-01,232.569
CPILFESL,2013-03-01,232.794
CPILFESL,2013-04-01,232.832
CPILFESL,2013-05-01,232.996
CPILFESL,2013-06-01,233.35
CPILFESL,2013-07-01,233.88
CPILFESL,2013-08-01,234.336
CPILFESL,2013-09-01,234.7
CPILFESL,2013-10-01,234.921
CPILFESL,2013-11-01,235.359
CPILFESL,2013-12-01,235.759
CPILFESL,2014-01-01,235.961
CPILFESL,2014-02-01,236.185
CPILFESL,2014-03-01,236.625
CPILFESL,2014-04-01,237.072
CPILFESL,2014-05-01,237.529
CPILFESL,2014-06-01,237.837
CPILFESL,2014-07-01,238.195
CPILFESL,2014-08-01,238.405
CPILFESL,2014-09-01,238.786
CPILFESL,2014-10-01,239.191
CPILFESL,2014-11-01,239.458
CPILFESL,2014-12-01,239.584
CPILFESL,2015-01-01,239.811
CPILFESL,2015-02-01,240.172
CPILFESL,2015-03-01,240.755
CPILFESL,2015-04-01,241.346
CPILFESL,2015-05-01,241.688
CPILFESL,2015-06-01,242.064
CPILFESL,2015-07-01,242.565
CPILFESL,2015-08-01,242.817
CPILFESL,2015-09-01,243.316
CPILFESL,2015-10-01,243.768
CPILFESL,2015-11-01,244.241
CPILFESL,2015-12-01,244.547
CPILFESL,2016-01-01,244.955
CPILFESL,2016-02-01,245.51
CPILFESL,2016-03-01,245.913
CPILFESL,2016-04-01,246.551
CPILFESL,2016-05-01,247.137
CPILFESL,2016-06-01,247.54
CPILFESL,2016-07-01,247.829
CPILFESL,2016-08-01,248.423
CPILFESL,2016-09-01,248.842
CPILFESL,2016-10-01,249.142
CPILFESL,2016-11-01,249.481
CPILFESL,2016-12-01,249.92
CPILFESL,2017-01-01,250.467
CPILFESL,2017-02-01,250.998
CPILFESL,2017-03-01,250.944
CPILFESL,2017-04-01,251.227
CPILFESL,2017-05-01,251.43
CPILFESL,2017-06-01,251.746
CPILFESL,2017-07-01,251.985
CPILFESL,2017-08-01,252.535
CPILFESL,2017-09-01,252.812
CPILFESL,2017-10-01,253.526
CPILFESL,2017-11-01,253.816
CPILFESL,2017-12-01,254.344
CPILFESL,2018-01-01,255.204
CPILFESL,2018-02-01,255.711
CPILFESL,2018-03-01,256.271
CPILFESL,2018-04-01,256.63
CPILFESL,2018-05-01,257.145
CPILFESL,2018-06-01,257.399
CPILFESL,2018-07-01,257.699
CPILFESL,2018-08-01,257.891
CPILFESL,2018-09-01,258.368
CPILFESL,2018-10-01,258.917
CPILFESL,2018-11-01,259.439
CPILFESL,2018-12-01,260.063
CPILFESL,2019-01-01,260.766
CPILFESL,2019-02-01,261.186
CPILFESL,2019-03-01,261.567
CPILFESL,2019-04-01,261.997
CPILFESL,2019-05-01,262.217
CPILFESL,2019-06-01,262.739
CPILFESL,2019-07-01,263.28
CPILFESL,2019-08-01,263.877
CPILFESL,2019-09-01,264.388
CPILFESL,2019-10-01,264.97
CPILFESL,2019-11-01,265.548
CPILFESL,2019-12-01,266.02
CPILFESL,2020-01-01,266.716
CPILFESL,2020-02-01,267.37
CPILFESL,2020-03-01,267.054
CPILFESL,2020-04-01,265.746
CPILFESL,2020-05-01,265.412
CPILFESL,2020-06-01,265.849
CPILFESL,2020-07-01,267.389
CPILFESL,2020-08-01,268.422
CPILFESL,2020-09-01,268.933
CPILFESL,2020-10-01,269.306
CPILFESL,2020-11-01,269.981
CPILFESL,2020-12-01,270.341
CPILFESL,2021-01-01,270.387
CPILFESL,2021-02-01,270.793
CPILFESL,2021-03-01,271.459
CPILFESL,2021-04-01,273.66
CPILFESL,2021-05-01,275.465
CPILFESL,2021-06-01,277.651
CPILFESL,2021-07-01,278.648
CPILFESL,2021-08-01,278.997
CPILFESL,2021-09-01,279.698
CPILFESL,2021-10-01,281.668
CPILFESL,2021-11-01,283.406
CPILFESL,2021-12-01,285.18
CPILFESL,2022-01-01,286.757
CPILFESL,2022-02-01,288.273
CPILFESL,2022-03-01,289.056
CPILFESL,2022-04-01,290.514
CPILFESL,2022-05-01,292.063
CPILFESL,2022-06-01,294.05
CPILFESL,2022-07-01,295.088
CPILFESL,2022-08-01,296.535
CPILFESL,2022-09-01,298.226
CPILFESL,2022-10-01,299.399
CPILFESL,2022-11-01,300.325
CPILFESL,2022-12-01,301.394
CPILFESL,2023-01-01,302.642
CPILFESL,2023-02-01,304.123
CPILFESL,2023-03-01,305.147
CPILFESL,2023-04-01,306.534
CPILFESL,2023-05-01,307.652
CPILFESL,2023-06-01,308.322
CPILFESL,2023-07-01,308.96
CPILFESL,2023-08-01,309.58
CPILFESL,2023-09-01,310.539
CPILFESL,2023-10-01,311.457
CPILFESL,2023-11-01,312.392
CPILFESL,2023-12-01,313.195
CPILFESL,2024-01-01,314.319
CPILFESL,2024-02-01,315.564
CPILFESL,2024-03-01,316.792
CPILFESL,2024-04-01,317.649
CPILFESL,2024-05-01,318.095
CPILFESL,2024-06-01,318.39
CPILFESL,2024-07-01,318.94
CPILFESL,2024-08-01,319.75
CPILFESL,2024-09-01,320.732
CPILFESL,2024-10-01,321.731
CPILFESL,2024-11-01,322.657
CPILFESL,2024-12-01,323.259
CPILFESL,2025-01-01,324.638
CPILFESL,2025-02-01,325.465
CPILFESL,2025-03-01,325.69
CPILFESL,2025-04-01,326.467
CPILFESL,2025-05-01,326.893
CPILFESL,2025-06-01,327.658
CPILFESL,2025-07-01,328.682
CPILFESL,2025-08-01,329.7
CPILFESL,2025-09-01,330.418
CPILFESL,2025-10-01,
CPILFESL,2025-11-01,331.043
CPILFESL,2025-12-01,331.814
CPILFESL,2026-01-01,332.793
CPILFESL,2026-02-01,333.512
CPILFESL,2026-03-01,334.165
CPILFESL,2026-04-01,335.423
CPILFESL,2026-05-01,336.121
CPILFESL,2026-06-01,336.065
CPILFESL,2026-07-01,336.789
CPILFESL,2026-08-01,337.765
PCEPILFE,2000-01-01,74.306
PCEPILFE,2000-02-01,74.415
PCEPILFE,2000-03-01,74.568
PCEPILFE,2000-04-01,74.617
PCEPILFE,2000-05-01,74.697
PCEPILFE,2000-06-01,74.754
PCEPILFE,2000-07-01,74.925
PCEPILFE,2000-08-01,75.021
PCEPILFE,2000-09-01,75.203
PCEPILFE,2000-10-01,75.308
PCEPILFE,2000-11-01,75.441
PCEPILFE,2000-12-01,75.515
PCEPILFE,2001-01-01,75.796
PCEPILFE,2001-02-01,75.93
PCEPILFE,2001-03-01,76.009
PCEPILFE,2001-04-01,76.13
PCEPILFE,2001-05-01,76.148
PCEPILFE,2001-06-01,76.318
PCEPILFE,2001-07-01,76.515
PCEPILFE,2001-08-01,76.553
PCEPILFE,2001-09-01,76.118
PCEPILFE,2001-10-01,76.654
PCEPILFE,2001-11-01,76.81
PCEPILFE,2001-12-01,76.828
PCEPILFE,2002-01-01,76.871
PCEPILFE,2002-02-01,77.018
PCEPILFE,2002-03-01,77.11
PCEPILFE,2002-04-01,77.325
PCEPILFE,2002-05-01,77.411
PCEPILFE,2002-06-01,77.534
PCEPILFE,2002-07-01,77.692
PCEPILFE,2002-08-01,77.845
PCEPILFE,2002-09-01,77.972
PCEPILFE,2002-10-01,78.038
PCEPILFE,2002-11-01,78.114
PCEPILFE,2002-12-01,78.187
PCEPILFE,2003-01-01,78.24
PCEPILFE,2003-02-01,78.348
PCEPILFE,2003-03-01,78.474
PCEPILFE,2003-04-01,78.561
PCEPILFE,2003-05-01,78.674
PCEPILFE,2003-06-01,78.718
PCEPILFE,2003-07-01,78.915
PCEPILFE,2003-08-01,79.004
PCEPILFE,2003-09-01,79.114
PCEPILFE,2003-10-01,79.26
PCEPILFE,2003-11-01,79.368
PCEPILFE,2003-12-01,79.467
PCEPILFE,2004-01-01,79.671
PCEPILFE,2004-02-01,79.8
PCEPILFE,2004-03-01,79.934
PCEPILFE,2004-04-01,80.142
PCEPILFE,2004-05-01,80.252
PCEPILFE,2004-06-01,80.379
PCEPILFE,2004-07-01,80.474
PCEPILFE,2004-08-01,80.505
PCEPILFE,2004-09-01,80.656
PCEPILFE,2004-10-01,80.831
PCEPILFE,2004-11-01,81.005
PCEPILFE,2004-12-01,81.109
PCEPILFE,2005-01-01,81.401
PCEPILFE,2005-02-01,81.536
PCEPILFE,2005-03-01,81.737
PCEPILFE,2005-04-01,81.831
PCEPILFE,2005-05-01,81.999
PCEPILFE,2005-06-01,82.056
PCEPILFE,2005-07-01,82.176
PCEPILFE,2005-08-01,82.243
PCEPILFE,2005-09-01,82.425
PCEPILFE,2005-10-01,82.662
PCEPILFE,2005-11-01,82.873
PCEPILFE,2005-12-01,82.959
PCEPILFE,2006-01-01,83.145
PCEPILFE,2006-02-01,83.279
PCEPILFE,2006-03-01,83.509
PCEPILFE,2006-04-01,83.764
PCEPILFE,2006-05-01,83.974
PCEPILFE,2006-06-01,84.186
PCEPILFE,2006-07-01,84.268
PCEPILFE,2006-08-01,84.44
PCEPILFE,2006-09-01,84.573
PCEPILFE,2006-10-01,84.726
PCEPILFE,2006-11-01,84.766
PCEPILFE,2006-12-01,84.88
PCEPILFE,2007-01-01,85.224
PCEPILFE,2007-02-01,85.408
PCEPILFE,2007-03-01,85.494
PCEPILFE,2007-04-01,85.616
PCEPILFE,2007-05-01,85.717
PCEPILFE,2007-06-01,85.859
PCEPILFE,2007-07-01,85.988
PCEPILFE,2007-08-01,86.116
PCEPILFE,2007-09-01,86.351
PCEPILFE,2007-10-01,86.576
PCEPILFE,2007-11-01,86.746
PCEPILFE,2007-12-01,86.92
PCEPILFE,2008-01-01,87.093
PCEPILFE,2008-02-01,87.178
PCEPILFE,2008-03-01,87.349
PCEPILFE,2008-04-01,87.4
PCEPILFE,2008-05-01,87.559
PCEPILFE,2008-06-01,87.76
PCEPILFE,2008-07-01,87.918
PCEPILFE,2008-08-01,88.026
PCEPILFE,2008-09-01,88.116
PCEPILFE,2008-10-01,87.991
PCEPILFE,2008-11-01,87.952
PCEPILFE,2008-12-01,87.909
PCEPILFE,2009-01-01,87.882
PCEPILFE,2009-02-01,87.952
PCEPILFE,2009-03-01,88.015
PCEPILFE,2009-04-01,88.211
PCEPILFE,2009-05-01,88.279
PCEPILFE,2009-06-01,88.392
PCEPILFE,2009-07-01,88.468
PCEPILFE,2009-08-01,88.599
PCEPILFE,2009-09-01,88.755
PCEPILFE,2009-10-01,89.082
PCEPILFE,2009-11-01,89.16
PCEPILFE,2009-12-01,89.236
PCEPILFE,2010-01-01,89.368
PCEPILFE,2010-02-01,89.446
PCEPILFE,2010-03-01,89.579
PCEPILFE,2010-04-01,89.625
PCEPILFE,2010-05-01,89.724
PCEPILFE,2010-06-01,89.767
PCEPILFE,2010-07-01,89.769
PCEPILFE,2010-08-01,89.855
PCEPILFE,2010-09-01,89.906
PCEPILFE,2010-10-01,90.043
PCEPILFE,2010-11-01,90.16
PCEPILFE,2010-12-01,90.179
PCEPILFE,2011-01-01,90.372
PCEPILFE,2011-02-01,90.53
PCEPILFE,2011-03-01,90.667
PCEPILFE,2011-04-01,90.875
PCEPILFE,2011-05-01,91.091
PCEPILFE,2011-06-01,91.191
PCEPILFE,2011-07-01,91.326
PCEPILFE,2011-08-01,91.508
PCEPILFE,2011-09-01,91.57
PCEPILFE,2011-10-01,91.614
PCEPILFE,2011-11-01,91.808
PCEPILFE,2011-12-01,91.96
PCEPILFE,2012-01-01,92.235
PCEPILFE,2012-02-01,92.364
PCEPILFE,2012-03-01,92.521
PCEPILFE,2012-04-01,92.661
PCEPILFE,2012-05-01,92.755
PCEPILFE,2012-06-01,92.85
PCEPILFE,2012-07-01,92.946
PCEPILFE,2012-08-01,93.005
PCEPILFE,2012-09-01,93.119
PCEPILFE,2012-10-01,93.345
PCEPILFE,2012-11-01,93.445
PCEPILFE,2012-12-01,93.514
PCEPILFE,2013-01-01,93.703
PCEPILFE,2013-02-01,93.805
PCEPILFE,2013-03-01,93.891
PCEPILFE,2013-04-01,93.937
PCEPILFE,2013-05-01,94.047
PCEPILFE,2013-06-01,94.209
PCEPILFE,2013-07-01,94.329
PCEPILFE,2013-08-01,94.431
PCEPILFE,2013-09-01,94.543
PCEPILFE,2013-10-01,94.703
PCEPILFE,2013-11-01,94.86
PCEPILFE,2013-12-01,94.961
PCEPILFE,2014-01-01,95.064
PCEPILFE,2014-02-01,95.109
PCEPILFE,2014-03-01,95.25
PCEPILFE,2014-04-01,95.413
PCEPILFE,2014-05-01,95.574
PCEPILFE,2014-06-01,95.682
PCEPILFE,2014-07-01,95.848
PCEPILFE,2014-08-01,95.885
PCEPILFE,2014-09-01,96.013
PCEPILFE,2014-10-01,96.096
PCEPILFE,2014-11-01,96.181
PCEPILFE,2014-12-01,96.249
PCEPILFE,2015-01-01,96.214
PCEPILFE,2015-02-01,96.324
PCEPILFE,2015-03-01,96.47
PCEPILFE,2015-04-01,96.648
PCEPILFE,2015-05-01,96.766
PCEPILFE,2015-06-01,96.882
PCEPILFE,2015-07-01,96.978
PCEPILFE,2015-08-01,97.056
PCEPILFE,2015-09-01,97.196
PCEPILFE,2015-10-01,97.228
PCEPILFE,2015-11-01,97.332
PCEPILFE,2015-12-01,97.396
PCEPILFE,2016-01-01,97.567
PCEPILFE,2016-02-01,97.736
PCEPILFE,2016-03-01,97.876
PCEPILFE,2016-04-01,98.117
PCEPILFE,2016-05-01,98.284
PCEPILFE,2016-06-01,98.386
PCEPILFE,2016-07-01,98.529
PCEPILFE,2016-08-01,98.703
PCEPILFE,2016-09-01,98.834
PCEPILFE,2016-10-01,98.961
PCEPILFE,2016-11-01,99.005
PCEPILFE,2016-12-01,99.12
PCEPILFE,2017-01-01,99.385
PCEPILFE,2017-02-01,99.561
PCEPILFE,2017-03-01,99.519
PCEPILFE,2017-04-01,99.723
PCEPILFE,2017-05-01,99.803
PCEPILFE,2017-06-01,99.937
PCEPILFE,2017-07-01,100.01
PCEPILFE,2017-08-01,100.118
PCEPILFE,2017-09-01,100.24
PCEPILFE,2017-10-01,100.486
PCEPILFE,2017-11-01,100.535
PCEPILFE,2017-12-01,100.683
PCEPILFE,2018-01-01,101.007
PCEPILFE,2018-02-01,101.198
PCEPILFE,2018-03-01,101.419
PCEPILFE,2018-04-01,101.602
PCEPILFE,2018-05-01,101.78
PCEPILFE,2018-06-01,101.872
PCEPILFE,2018-07-01,102.006
PCEPILFE,2018-08-01,102.016
PCEPILFE,2018-09-01,102.205
PCEPILFE,2018-10-01,102.366
PCEPILFE,2018-11-01,102.556
PCEPILFE,2018-12-01,102.735
PCEPILFE,2019-01-01,102.87
PCEPILFE,2019-02-01,102.963
PCEPILFE,2019-03-01,103.058
PCEPILFE,2019-04-01,103.265
PCEPILFE,2019-05-01,103.371
PCEPILFE,2019-06-01,103.56
PCEPILFE,2019-07-01,103.678
PCEPILFE,2019-08-01,103.797
PCEPILFE,2019-09-01,103.873
PCEPILFE,2019-10-01,104.028
PCEPILFE,2019-11-01,104.092
PCEPILFE,2019-12-01,104.322
PCEPILFE,2020-01-01,104.507
PCEPILFE,2020-02-01,104.711
PCEPILFE,2020-03-01,104.632
PCEPILFE,2020-04-01,104.293
PCEPILFE,2020-05-01,104.402
PCEPILFE,2020-06-01,104.565
PCEPILFE,2020-07-01,104.937
PCEPILFE,2020-08-01,105.243
PCEPILFE,2020-09-01,105.41
PCEPILFE,2020-10-01,105.507
PCEPILFE,2020-11-01,105.605
PCEPILFE,2020-12-01,105.896
PCEPILFE,2021-01-01,106.281
PCEPILFE,2021-02-01,106.501
PCEPILFE,2021-03-01,106.933
PCEPILFE,2021-04-01,107.558
PCEPILFE,2021-05-01,108.099
PCEPILFE,2021-06-01,108.603
PCEPILFE,2021-07-01,109.058
PCEPILFE,2021-08-01,109.409
PCEPILFE,2021-09-01,109.641
PCEPILFE,2021-10-01,110.188
PCEPILFE,2021-11-01,110.77
PCEPILFE,2021-12-01,111.418
PCEPILFE,2022-01-01,111.976
PCEPILFE,2022-02-01,112.468
PCEPILFE,2022-03-01,112.914
PCEPILFE,2022-04-01,113.307
PCEPILFE,2022-05-01,113.703
PCEPILFE,2022-06-01,114.376
PCEPILFE,2022-07-01,114.628
PCEPILFE,2022-08-01,115.276
PCEPILFE,2022-09-01,115.788
PCEPILFE,2022-10-01,116.204
PCEPILFE,2022-11-01,116.539
PCEPILFE,2022-12-01,116.952
PCEPILFE,2023-01-01,117.505
PCEPILFE,2023-02-01,117.929
PCEPILFE,2023-03-01,118.315
PCEPILFE,2023-04-01,118.734
PCEPILFE,2023-05-01,119.083
PCEPILFE,2023-06-01,119.39
PCEPILFE,2023-07-01,119.556
PCEPILFE,2023-08-01,119.689
PCEPILFE,2023-09-01,120.058
PCEPILFE,2023-10-01,120.241
PCEPILFE,2023-11-01,120.374
PCEPILFE,2023-12-01,120.592
PCEPILFE,2024-01-01,121.217
PCEPILFE,2024-02-01,121.537
PCEPILFE,2024-03-01,122.009
PCEPILFE,2024-04-01,122.304
PCEPILFE,2024-05-01,122.383
PCEPILFE,2024-06-01,122.677
PCEPILFE,2024-07-01,122.911
PCEPILFE,2024-08-01,123.128
PCEPILFE,2024-09-01,123.466
PCEPILFE,2024-10-01,123.832
PCEPILFE,2024-11-01,123.962
PCEPILFE,2024-12-01,124.196
PCEPILFE,2025-01-01,124.587
PCEPILFE,2025-02-01,125.145
PCEPILFE,2025-03-01,125.267
PCEPILFE,2025-04-01,125.502
PCEPILFE,2025-05-01,125.79
PCEPILFE,2025-06-01,126.121
PCEPILFE,2025-07-01,126.43
PCEPILFE,2025-08-01,126.714
PCEPILFE,2025-09-01,126.954
PCEPILFE,2025-10-01,127.243
PCEPILFE,2025-11-01,127.469
PCEPILFE,2025-12-01,127.886
PCEPILFE,2026-01-01,128.455
PCEPILFE,2026-02-01,128.961
PCEPILFE,2026-03-01,129.343
PCEPILFE,2026-04-01,129.681
PCEPILFE,2026-05-01,130.147
PCEPILFE,2026-06-01,130.338
PCEPILFE,2026-07-01,130.658
PPIFIS,2009-11-01,100.2
PPIFIS,2009-12-01,100.3
PPIFIS,2010-01-01,101.2
PPIFIS,2010-02-01,101.0
PPIFIS,2010-03-01,101.1
PPIFIS,2010-04-01,101.4
PPIFIS,2010-05-01,101.6
PPIFIS,2010-06-01,101.4
PPIFIS,2010-07-01,101.6
PPIFIS,2010-08-01,101.8
PPIFIS,2010-09-01,102.1
PPIFIS,2010-10-01,102.5
PPIFIS,2010-11-01,102.8
PPIFIS,2010-12-01,103.1
PPIFIS,2011-01-01,103.7
PPIFIS,2011-02-01,104.3
PPIFIS,2011-03-01,105.0
PPIFIS,2011-04-01,105.5
PPIFIS,2011-05-01,105.8
PPIFIS,2011-06-01,105.9
PPIFIS,2011-07-01,106.1
PPIFIS,2011-08-01,106.3
PPIFIS,2011-09-01,106.7
PPIFIS,2011-10-01,106.3
PPIFIS,2011-11-01,106.6
PPIFIS,2011-12-01,106.5
PPIFIS,2012-01-01,106.9
PPIFIS,2012-02-01,107.2
PPIFIS,2012-03-01,107.4
PPIFIS,2012-04-01,107.7
PPIFIS,2012-05-01,107.6
PPIFIS,2012-06-01,107.3
PPIFIS,2012-07-01,107.2
PPIFIS,2012-08-01,107.5
PPIFIS,2012-09-01,108.2
PPIFIS,2012-10-01,108.3
PPIFIS,2012-11-01,108.4
PPIFIS,2012-12-01,108.4
PPIFIS,2013-01-01,108.7
PPIFIS,2013-02-01,108.9
PPIFIS,2013-03-01,108.9
PPIFIS,2013-04-01,108.7
PPIFIS,2013-05-01,108.6
PPIFIS,2013-06-01,109.0
PPIFIS,2013-07-01,109.2
PPIFIS,2013-08-01,109.3
PPIFIS,2013-09-01,109.3
PPIFIS,2013-10-01,109.5
PPIFIS,2013-11-01,109.7
PPIFIS,2013-12-01,109.8
PPIFIS,2014-01-01,110.1
PPIFIS,2014-02-01,110.3
PPIFIS,2014-03-01,110.7
PPIFIS,2014-04-01,110.8
PPIFIS,2014-05-01,111.0
PPIFIS,2014-06-01,110.9
PPIFIS,2014-07-01,111.3
PPIFIS,2014-08-01,111.3
PPIFIS,2014-09-01,111.1
PPIFIS,2014-10-01,111.3
PPIFIS,2014-11-01,111.1
PPIFIS,2014-12-01,110.8
PPIFIS,2015-01-01,110.1
PPIFIS,2015-02-01,109.6
PPIFIS,2015-03-01,109.8
PPIFIS,2015-04-01,109.6
PPIFIS,2015-05-01,110.0
PPIFIS,2015-06-01,110.3
PPIFIS,2015-07-01,110.5
PPIFIS,2015-08-01,110.3
PPIFIS,2015-09-01,109.9
PPIFIS,2015-10-01,109.6
PPIFIS,2015-11-01,109.7
PPIFIS,2015-12-01,109.6
PPIFIS,2016-01-01,110.0
PPIFIS,2016-02-01,109.7
PPIFIS,2016-03-01,109.7
PPIFIS,2016-04-01,109.9
PPIFIS,2016-05-01,110.1
PPIFIS,2016-06-01,110.6
PPIFIS,2016-07-01,110.5
PPIFIS,2016-08-01,110.3
PPIFIS,2016-09-01,110.6
PPIFIS,2016-10-01,110.9
PPIFIS,2016-11-01,111.1
PPIFIS,2016-12-01,111.4
PPIFIS,2017-01-01,111.9
PPIFIS,2017-02-01,111.9
PPIFIS,2017-03-01,112.1
PPIFIS,2017-04-01,112.6
PPIFIS,2017-05-01,112.5
PPIFIS,2017-06-01,112.6
PPIFIS,2017-07-01,112.7
PPIFIS,2017-08-01,113.1
PPIFIS,2017-09-01,113.5
PPIFIS,2017-10-01,113.9
PPIFIS,2017-11-01,114.3
PPIFIS,2017-12-01,114.4
PPIFIS,2018-01-01,114.8
PPIFIS,2018-02-01,115.1
PPIFIS,2018-03-01,115.3
PPIFIS,2018-04-01,115.5
PPIFIS,2018-05-01,115.9
PPIFIS,2018-06-01,116.3
PPIFIS,2018-07-01,116.4
PPIFIS,2018-08-01,116.5
PPIFIS,2018-09-01,116.7
PPIFIS,2018-10-01,117.5
PPIFIS,2018-11-01,117.4
PPIFIS,2018-12-01,117.4
PPIFIS,2019-01-01,117.0
PPIFIS,2019-02-01,117.2
PPIFIS,2019-03-01,117.6
PPIFIS,2019-04-01,118.2
PPIFIS,2019-05-01,118.3
PPIFIS,2019-06-01,118.2
PPIFIS,2019-07-01,118.5
PPIFIS,2019-08-01,118.6
PPIFIS,2019-09-01,118.3
PPIFIS,2019-10-01,118.8
PPIFIS,2019-11-01,118.6
PPIFIS,2019-12-01,119.0
PPIFIS,2020-01-01,119.2
PPIFIS,2020-02-01,118.6
PPIFIS,2020-03-01,118.0
PPIFIS,2020-04-01,116.6
PPIFIS,2020-05-01,117.2
PPIFIS,2020-06-01,117.5
PPIFIS,2020-07-01,118.2
PPIFIS,2020-08-01,118.4
PPIFIS,2020-09-01,118.8
PPIFIS,2020-10-01,119.4
PPIFIS,2020-11-01,119.5
PPIFIS,2020-12-01,120.0
PPIFIS,2021-01-01,121.2
PPIFIS,2021-02-01,122.0
PPIFIS,2021-03-01,122.8
PPIFIS,2021-04-01,124.0
PPIFIS,2021-05-01,125.3
PPIFIS,2021-06-01,126.2
PPIFIS,2021-07-01,127.486
PPIFIS,2021-08-01,128.603
PPIFIS,2021-09-01,129.226
PPIFIS,2021-10-01,130.045
PPIFIS,2021-11-01,131.475
PPIFIS,2021-12-01,132.26
PPIFIS,2022-01-01,133.529
PPIFIS,2022-02-01,134.771
PPIFIS,2022-03-01,137.037
PPIFIS,2022-04-01,137.773
PPIFIS,2022-05-01,139.013
PPIFIS,2022-06-01,140.273
PPIFIS,2022-07-01,139.837
PPIFIS,2022-08-01,139.755
PPIFIS,2022-09-01,140.2
PPIFIS,2022-10-01,140.681
PPIFIS,2022-11-01,141.16
PPIFIS,2022-12-01,140.694
PPIFIS,2023-01-01,141.203
PPIFIS,2023-02-01,141.135
PPIFIS,2023-03-01,140.736
PPIFIS,2023-04-01,140.934
PPIFIS,2023-05-01,140.614
PPIFIS,2023-06-01,140.698
PPIFIS,2023-07-01,141.485
PPIFIS,2023-08-01,142.409
PPIFIS,2023-09-01,142.744
PPIFIS,2023-10-01,142.249
PPIFIS,2023-11-01,142.334
PPIFIS,2023-12-01,142.165
PPIFIS,2024-01-01,142.576
PPIFIS,2024-02-01,143.356
PPIFIS,2024-03-01,143.521
PPIFIS,2024-04-01,144.197
PPIFIS,2024-05-01,144.224
PPIFIS,2024-06-01,144.869
PPIFIS,2024-07-01,144.922
PPIFIS,2024-08-01,145.409
PPIFIS,2024-09-01,145.803
PPIFIS,2024-10-01,146.294
PPIFIS,2024-11-01,146.447
PPIFIS,2024-12-01,147.052
PPIFIS,2025-01-01,147.975
PPIFIS,2025-02-01,148.233
PPIFIS,2025-03-01,148.055
PPIFIS,2025-04-01,147.655
PPIFIS,2025-05-01,148.153
PPIFIS,2025-06-01,148.393
PPIFIS,2025-07-01,149.597
PPIFIS,2025-08-01,149.327
PPIFIS,2025-09-01,150.245
PPIFIS,2025-10-01,150.439
PPIFIS,2025-11-01,151.054
PPIFIS,2025-12-01,151.592
PPIFIS,2026-01-01,152.468
PPIFIS,2026-02-01,153.204
PPIFIS,2026-03-01,154.393
PPIFIS,2026-04-01,156.061
PPIFIS,2026-05-01,156.864
PPIFIS,2026-06-01,156.667
PPIFIS,2026-07-01,156.784
PPIFIS,2026-08-01,157.411
PPIFES,2010-04-01,99.9
PPIFES,2010-05-01,100.2
PPIFES,2010-06-01,100.1
PPIFES,2010-07-01,100.3
PPIFES,2010-08-01,100.3
PPIFES,2010-09-01,100.5
PPIFES,2010-10-01,100.6
PPIFES,2010-11-01,100.7
PPIFES,2010-12-01,100.8
PPIFES,2011-01-01,101.2
PPIFES,2011-02-01,101.5
PPIFES,2011-03-01,102.0
PPIFES,2011-04-01,102.3
PPIFES,2011-05-01,102.5
PPIFES,2011-06-01,102.7
PPIFES,2011-07-01,102.9
PPIFES,2011-08-01,103.3
PPIFES,2011-09-01,103.5
PPIFES,2011-10-01,103.2
PPIFES,2011-11-01,103.4
PPIFES,2011-12-01,103.4
PPIFES,2012-01-01,103.8
PPIFES,2012-02-01,104.1
PPIFES,2012-03-01,104.3
PPIFES,2012-04-01,104.6
PPIFES,2012-05-01,104.8
PPIFES,2012-06-01,104.7
PPIFES,2012-07-01,104.6
PPIFES,2012-08-01,104.5
PPIFES,2012-09-01,104.8
PPIFES,2012-10-01,104.9
PPIFES,2012-11-01,105.4
PPIFES,2012-12-01,105.5
PPIFES,2013-01-01,105.6
PPIFES,2013-02-01,105.6
PPIFES,2013-03-01,105.8
PPIFES,2013-04-01,106.0
PPIFES,2013-05-01,105.7
PPIFES,2013-06-01,106.1
PPIFES,2013-07-01,106.4
PPIFES,2013-08-01,106.4
PPIFES,2013-09-01,106.5
PPIFES,2013-10-01,106.7
PPIFES,2013-11-01,106.9
PPIFES,2013-12-01,106.9
PPIFES,2014-01-01,107.1
PPIFES,2014-02-01,107.3
PPIFES,2014-03-01,107.6
PPIFES,2014-04-01,107.6
PPIFES,2014-05-01,107.9
PPIFES,2014-06-01,107.9
PPIFES,2014-07-01,108.4
PPIFES,2014-08-01,108.4
PPIFES,2014-09-01,108.3
PPIFES,2014-10-01,108.7
PPIFES,2014-11-01,108.7
PPIFES,2014-12-01,108.9
PPIFES,2015-01-01,108.9
PPIFES,2015-02-01,108.5
PPIFES,2015-03-01,108.6
PPIFES,2015-04-01,108.6
PPIFES,2015-05-01,108.7
PPIFES,2015-06-01,109.0
PPIFES,2015-07-01,109.2
PPIFES,2015-08-01,109.2
PPIFES,2015-09-01,109.1
PPIFES,2015-10-01,108.9
PPIFES,2015-11-01,109.0
PPIFES,2015-12-01,109.2
PPIFES,2016-01-01,109.8
PPIFES,2016-02-01,109.8
PPIFES,2016-03-01,109.7
PPIFES,2016-04-01,109.9
PPIFES,2016-05-01,109.9
PPIFES,2016-06-01,110.3
PPIFES,2016-07-01,110.2
PPIFES,2016-08-01,110.2
PPIFES,2016-09-01,110.4
PPIFES,2016-10-01,110.5
PPIFES,2016-11-01,110.8
PPIFES,2016-12-01,110.9
PPIFES,2017-01-01,111.3
PPIFES,2017-02-01,111.2
PPIFES,2017-03-01,111.4
PPIFES,2017-04-01,111.9
PPIFES,2017-05-01,112.2
PPIFES,2017-06-01,112.3
PPIFES,2017-07-01,112.4
PPIFES,2017-08-01,112.6
PPIFES,2017-09-01,112.7
PPIFES,2017-10-01,113.2
PPIFES,2017-11-01,113.4
PPIFES,2017-12-01,113.4
PPIFES,2018-01-01,113.8
PPIFES,2018-02-01,114.0
PPIFES,2018-03-01,114.4
PPIFES,2018-04-01,114.5
PPIFES,2018-05-01,114.8
PPIFES,2018-06-01,115.3
PPIFES,2018-07-01,115.5
PPIFES,2018-08-01,115.5
PPIFES,2018-09-01,115.6
PPIFES,2018-10-01,116.4
PPIFES,2018-11-01,116.6
PPIFES,2018-12-01,116.7
PPIFES,2019-01-01,116.7
PPIFES,2019-02-01,116.9
PPIFES,2019-03-01,117.0
PPIFES,2019-04-01,117.5
PPIFES,2019-05-01,117.7
PPIFES,2019-06-01,117.7
PPIFES,2019-07-01,118.0
PPIFES,2019-08-01,118.2
PPIFES,2019-09-01,117.9
PPIFES,2019-10-01,118.2
PPIFES,2019-11-01,118.0
PPIFES,2019-12-01,118.2
PPIFES,2020-01-01,118.6
PPIFES,2020-02-01,118.2
PPIFES,2020-03-01,118.3
PPIFES,2020-04-01,117.9
PPIFES,2020-05-01,117.9
PPIFES,2020-06-01,118.1
PPIFES,2020-07-01,118.7
PPIFES,2020-08-01,118.8
PPIFES,2020-09-01,119.1
PPIFES,2020-10-01,119.7
PPIFES,2020-11-01,119.7
PPIFES,2020-12-01,119.9
PPIFES,2021-01-01,120.9
PPIFES,2021-02-01,121.3
PPIFES,2021-03-01,121.9
PPIFES,2021-04-01,123.2
PPIFES,2021-05-01,124.2
PPIFES,2021-06-01,124.9
PPIFES,2021-07-01,126.26
PPIFES,2021-08-01,127.256
PPIFES,2021-09-01,127.482
PPIFES,2021-10-01,128.052
PPIFES,2021-11-01,129.39
PPIFES,2021-12-01,130.267
PPIFES,2022-01-01,131.327
PPIFES,2022-02-01,132.104
PPIFES,2022-03-01,133.695
PPIFES,2022-04-01,134.28
PPIFES,2022-05-01,134.904
PPIFES,2022-06-01,135.297
PPIFES,2022-07-01,135.872
PPIFES,2022-08-01,136.441
PPIFES,2022-09-01,136.643
PPIFES,2022-10-01,136.926
PPIFES,2022-11-01,137.503
PPIFES,2022-12-01,137.696
PPIFES,2023-01-01,137.924
PPIFES,2023-02-01,138.279
PPIFES,2023-03-01,138.213
PPIFES,2023-04-01,138.508
PPIFES,2023-05-01,138.671
PPIFES,2023-06-01,138.702
PPIFES,2023-07-01,139.562
PPIFES,2023-08-01,139.839
PPIFES,2023-09-01,139.819
PPIFES,2023-10-01,139.884
PPIFES,2023-11-01,140.182
PPIFES,2023-12-01,140.138
PPIFES,2024-01-01,140.679
PPIFES,2024-02-01,141.179
PPIFES,2024-03-01,141.347
PPIFES,2024-04-01,142.038
PPIFES,2024-05-01,142.411
PPIFES,2024-06-01,143.263
PPIFES,2024-07-01,143.186
PPIFES,2024-08-01,143.81
PPIFES,2024-09-01,144.442
PPIFES,2024-10-01,144.913
PPIFES,2024-11-01,144.908
PPIFES,2024-12-01,145.369
PPIFES,2025-01-01,146.179
PPIFES,2025-02-01,146.429
PPIFES,2025-03-01,146.691
PPIFES,2025-04-01,146.385
PPIFES,2025-05-01,146.947
PPIFES,2025-06-01,147.115
PPIFES,2025-07-01,148.281
PPIFES,2025-08-01,148.001
PPIFES,2025-09-01,148.767
PPIFES,2025-10-01,149.219
PPIFES,2025-11-01,149.594
PPIFES,2025-12-01,150.35
PPIFES,2026-01-01,151.6
PPIFES,2026-02-01,152.033
PPIFES,2026-03-01,152.471
PPIFES,2026-04-01,153.594
PPIFES,2026-05-01,153.567
PPIFES,2026-06-01,154.183
PPIFES,2026-07-01,154.592
PPIFES,2026-08-01,154.842
DFEDTARU,2008-12-31,0.25
DFEDTARU,2009-01-31,0.25
DFEDTARU,2009-02-28,0.25
DFEDTARU,2009-03-31,0.25
DFEDTARU,2009-04-30,0.25
DFEDTARU,2009-05-31,0.25
DFEDTARU,2009-06-30,0.25
DFEDTARU,2009-07-31,0.25
DFEDTARU,2009-08-31,0.25
DFEDTARU,2009-09-30,0.25
DFEDTARU,2009-10-31,0.25
DFEDTARU,2009-11-30,0.25
DFEDTARU,2009-12-31,0.25
DFEDTARU,2010-01-31,0.25
DFEDTARU,2010-02-28,0.25
DFEDTARU,2010-03-31,0.25
DFEDTARU,2010-04-30,0.25
DFEDTARU,2010-05-31,0.25
DFEDTARU,2010-06-30,0.25
DFEDTARU,2010-07-31,0.25
DFEDTARU,2010-08-31,0.25
DFEDTARU,2010-09-30,0.25
DFEDTARU,2010-10-31,0.25
DFEDTARU,2010-11-30,0.25
DFEDTARU,2010-12-31,0.25
DFEDTARU,2011-01-31,0.25
DFEDTARU,2011-02-28,0.25
DFEDTARU,2011-03-31,0.25
DFEDTARU,2011-04-30,0.25
DFEDTARU,2011-05-31,0.25
DFEDTARU,2011-06-30,0.25
DFEDTARU,2011-07-31,0.25
DFEDTARU,2011-08-31,0.25
DFEDTARU,2011-09-30,0.25
DFEDTARU,2011-10-31,0.25
DFEDTARU,2011-11-30,0.25
DFEDTARU,2011-12-31,0.25
DFEDTARU,2012-01-31,0.25
DFEDTARU,2012-02-29,0.25
DFEDTARU,2012-03-31,0.25
DFEDTARU,2012-04-30,0.25
DFEDTARU,2012-05-31,0.25
DFEDTARU,2012-06-30,0.25
DFEDTARU,2012-07-31,0.25
DFEDTARU,2012-08-31,0.25
DFEDTARU,2012-09-30,0.25
DFEDTARU,2012-10-31,0.25
DFEDTARU,2012-11-30,0.25
DFEDTARU,2012-12-31,0.25
DFEDTARU,2013-01-31,0.25
DFEDTARU,2013-02-28,0.25
DFEDTARU,2013-03-31,0.25
DFEDTARU,2013-04-30,0.25
DFEDTARU,2013-05-31,0.25
DFEDTARU,2013-06-30,0.25
DFEDTARU,2013-07-31,0.25
DFEDTARU,2013-08-31,0.25
DFEDTARU,2013-09-30,0.25
DFEDTARU,2013-10-31,0.25
DFEDTARU,2013-11-30,0.25
DFEDTARU,2013-12-31,0.25
DFEDTARU,2014-01-31,0.25
DFEDTARU,2014-02-28,0.25
DFEDTARU,2014-03-31,0.25
DFEDTARU,2014-04-30,0.25
DFEDTARU,2014-05-31,0.25
DFEDTARU,2014-06-30,0.25
DFEDTARU,2014-07-31,0.25
DFEDTARU,2014-08-31,0.25
DFEDTARU,2014-09-30,0.25
DFEDTARU,2014-10-31,0.25
DFEDTARU,2014-11-30,0.25
DFEDTARU,2014-12-31,0.25
DFEDTARU,2015-01-31,0.25
DFEDTARU,2015-02-28,0.25
DFEDTARU,2015-03-31,0.25
DFEDTARU,2015-04-30,0.25
DFEDTARU,2015-05-31,0.25
DFEDTARU,2015-06-30,0.25
DFEDTARU,2015-07-31,0.25
DFEDTARU,2015-08-31,0.25
DFEDTARU,2015-09-30,0.25
DFEDTARU,2015-10-31,0.25
DFEDTARU,2015-11-30,0.25
DFEDTARU,2015-12-31,0.5
DFEDTARU,2016-01-31,0.5
DFEDTARU,2016-02-29,0.5
DFEDTARU,2016-03-31,0.5
DFEDTARU,2016-04-30,0.5
DFEDTARU,2016-05-31,0.5
DFEDTARU,2016-06-30,0.5
DFEDTARU,2016-07-31,0.5
DFEDTARU,2016-08-31,0.5
DFEDTARU,2016-09-30,0.5
DFEDTARU,2016-10-31,0.5
DFEDTARU,2016-11-30,0.5
DFEDTARU,2016-12-31,0.75
DFEDTARU,2017-01-31,0.75
DFEDTARU,2017-02-28,0.75
DFEDTARU,2017-03-31,1.0
DFEDTARU,2017-04-30,1.0
DFEDTARU,2017-05-31,1.0
DFEDTARU,2017-06-30,1.25
DFEDTARU,2017-07-31,1.25
DFEDTARU,2017-08-31,1.25
DFEDTARU,2017-09-30,1.25
DFEDTARU,2017-10-31,1.25
DFEDTARU,2017-11-30,1.25
DFEDTARU,2017-12-31,1.5
DFEDTARU,2018-01-31,1.5
DFEDTARU,2018-02-28,1.5
DFEDTARU,2018-03-31,1.75
DFEDTARU,2018-04-30,1.75
DFEDTARU,2018-05-31,1.75
DFEDTARU,2018-06-30,2.0
DFEDTARU,2018-07-31,2.0
DFEDTARU,2018-08-31,2.0
DFEDTARU,2018-09-30,2.25
DFEDTARU,2018-10-31,2.25
DFEDTARU,2018-11-30,2.25
DFEDTARU,2018-12-31,2.5
DFEDTARU,2019-01-31,2.5
DFEDTARU,2019-02-28,2.5
DFEDTARU,2019-03-31,2.5
DFEDTARU,2019-04-30,2.5
DFEDTARU,2019-05-31,2.5
DFEDTARU,2019-06-30,2.5
DFEDTARU,2019-07-31,2.5
DFEDTARU,2019-08-31,2.25
DFEDTARU,2019-09-30,2.0
DFEDTARU,2019-10-31,1.75
DFEDTARU,2019-11-30,1.75
DFEDTARU,2019-12-31,1.75
DFEDTARU,2020-01-31,1.75
DFEDTARU,2020-02-29,1.75
DFEDTARU,2020-03-31,0.25
DFEDTARU,2020-04-30,0.25
DFEDTARU,2020-05-31,0.25
DFEDTARU,2020-06-30,0.25
DFEDTARU,2020-07-31,0.25
DFEDTARU,2020-08-31,0.25
DFEDTARU,2020-09-30,0.25
DFEDTARU,2020-10-31,0.25
DFEDTARU,2020-11-30,0.25
DFEDTARU,2020-12-31,0.25
DFEDTARU,2021-01-31,0.25
DFEDTARU,2021-02-28,0.25
DFEDTARU,2021-03-31,0.25
DFEDTARU,2021-04-30,0.25
DFEDTARU,2021-05-31,0.25
DFEDTARU,2021-06-30,0.25
DFEDTARU,2021-07-31,0.25
DFEDTARU,2021-08-31,0.25
DFEDTARU,2021-09-30,0.25
DFEDTARU,2021-10-31,0.25
DFEDTARU,2021-11-30,0.25
DFEDTARU,2021-12-31,0.25
DFEDTARU,2022-01-31,0.25
DFEDTARU,2022-02-28,0.25
DFEDTARU,2022-03-31,0.5
DFEDTARU,2022-04-30,0.5
DFEDTARU,2022-05-31,1.0
DFEDTARU,2022-06-30,1.75
DFEDTARU,2022-07-31,2.5
DFEDTARU,2022-08-31,2.5
DFEDTARU,2022-09-30,3.25
DFEDTARU,2022-10-31,3.25
DFEDTARU,2022-11-30,4.0
DFEDTARU,2022-12-31,4.5
DFEDTARU,2023-01-31,4.5
DFEDTARU,2023-02-28,4.75
DFEDTARU,2023-03-31,5.0
DFEDTARU,2023-04-30,5.0
DFEDTARU,2023-05-31,5.25
DFEDTARU,2023-06-30,5.25
DFEDTARU,2023-07-31,5.5
DFEDTARU,2023-08-31,5.5
DFEDTARU,2023-09-30,5.5
DFEDTARU,2023-10-31,5.5
DFEDTARU,2023-11-30,5.5
DFEDTARU,2023-12-31,5.5
DFEDTARU,2024-01-31,5.5
DFEDTARU,2024-02-29,5.5
DFEDTARU,2024-03-31,5.5
DFEDTARU,2024-04-30,5.5
DFEDTARU,2024-05-31,5.5
DFEDTARU,2024-06-30,5.5
DFEDTARU,2024-07-31,5.5
DFEDTARU,2024-08-31,5.5
DFEDTARU,2024-09-30,5.0
DFEDTARU,2024-10-31,5.0
DFEDTARU,2024-11-30,4.75
DFEDTARU,2024-12-31,4.5
DFEDTARU,2025-01-31,4.5
DFEDTARU,2025-02-28,4.5
DFEDTARU,2025-03-31,4.5
DFEDTARU,2025-04-30,4.5
DFEDTARU,2025-05-31,4.5
DFEDTARU,2025-06-30,4.5
DFEDTARU,2025-07-31,4.5
DFEDTARU,2025-08-31,4.5
DFEDTARU,2025-09-30,4.25
DFEDTARU,2025-10-31,4.0
DFEDTARU,2025-11-30,4.0
DFEDTARU,2025-12-31,3.75
DFEDTARU,2026-01-31,3.75
DFEDTARU,2026-02-28,3.75
DFEDTARU,2026-03-31,3.75
DFEDTARU,2026-04-30,3.75
DFEDTARU,2026-05-31,3.75
DFEDTARU,2026-06-30,3.75
DFEDTARU,2026-07-31,3.75
DFEDTARU,2026-08-31,3.75
DFEDTARU,2026-09-16,3.75
DGS1,2000-01-31,6.3
DGS1,2000-02-29,6.2
DGS1,2000-03-31,6.28
DGS1,2000-04-28,6.24
DGS1,2000-05-31,6.37
DGS1,2000-06-30,6.08
DGS1,2000-07-31,6.07
DGS1,2000-08-31,6.22
DGS1,2000-09-29,6.07
DGS1,2000-10-31,6.12
DGS1,2000-11-30,5.92
DGS1,2000-12-29,5.32
DGS1,2001-01-31,4.6
DGS1,2001-02-28,4.47
DGS1,2001-03-30,4.09
DGS1,2001-04-30,3.94
DGS1,2001-05-31,3.63
DGS1,2001-06-29,3.72
DGS1,2001-07-31,3.53
DGS1,2001-08-31,3.41
DGS1,2001-09-28,2.49
DGS1,2001-10-31,2.07
DGS1,2001-11-30,2.06
DGS1,2001-12-31,2.17
DGS1,2002-01-31,2.29
DGS1,2002-02-28,2.25
DGS1,2002-03-28,2.7
DGS1,2002-04-30,2.35
DGS1,2002-05-31,2.34
DGS1,2002-06-28,2.06
DGS1,2002-07-31,1.8
DGS1,2002-08-30,1.74
DGS1,2002-09-30,1.53
DGS1,2002-10-31,1.46
DGS1,2002-11-29,1.56
DGS1,2002-12-31,1.32
DGS1,2003-01-31,1.31
DGS1,2003-02-28,1.24
DGS1,2003-03-31,1.19
DGS1,2003-04-30,1.22
DGS1,2003-05-30,1.13
DGS1,2003-06-30,1.09
DGS1,2003-07-31,1.28
DGS1,2003-08-29,1.35
DGS1,2003-09-30,1.15
DGS1,2003-10-31,1.31
DGS1,2003-11-28,1.39
DGS1,2003-12-31,1.26
DGS1,2004-01-30,1.28
DGS1,2004-02-27,1.21
DGS1,2004-03-31,1.2
DGS1,2004-04-30,1.55
DGS1,2004-05-28,1.83
DGS1,2004-06-30,2.09
DGS1,2004-07-30,2.13
DGS1,2004-08-31,1.99
DGS1,2004-09-30,2.21
DGS1,2004-10-29,2.28
DGS1,2004-11-30,2.63
DGS1,2004-12-31,2.75
DGS1,2005-01-31,2.96
DGS1,2005-02-28,3.2
DGS1,2005-03-31,3.35
DGS1,2005-04-29,3.33
DGS1,2005-05-31,3.32
DGS1,2005-06-30,3.45
DGS1,2005-07-29,3.8
DGS1,2005-08-31,3.77
DGS1,2005-09-30,4.01
DGS1,2005-10-31,4.31
DGS1,2005-11-30,4.34
DGS1,2005-12-30,4.38
DGS1,2006-01-31,4.58
DGS1,2006-02-28,4.73
DGS1,2006-03-31,4.82
DGS1,2006-04-28,4.9
DGS1,2006-05-31,5.07
DGS1,2006-06-30,5.21
DGS1,2006-07-31,5.11
DGS1,2006-08-31,5.01
DGS1,2006-09-29,4.91
DGS1,2006-10-31,4.99
DGS1,2006-11-30,4.94
DGS1,2006-12-29,5.0
DGS1,2007-01-31,5.09
DGS1,2007-02-28,4.96
DGS1,2007-03-30,4.9
DGS1,2007-04-30,4.89
DGS1,2007-05-31,4.95
DGS1,2007-06-29,4.91
DGS1,2007-07-31,4.85
DGS1,2007-08-31,4.19
DGS1,2007-09-28,4.05
DGS1,2007-10-31,4.04
DGS1,2007-11-30,3.26
DGS1,2007-12-31,3.34
DGS1,2008-01-31,2.11
DGS1,2008-02-29,1.77
DGS1,2008-03-31,1.55
DGS1,2008-04-30,1.85
DGS1,2008-05-30,2.22
DGS1,2008-06-30,2.36
DGS1,2008-07-31,2.27
DGS1,2008-08-29,2.17
DGS1,2008-09-30,1.78
DGS1,2008-10-31,1.34
DGS1,2008-11-28,0.9
DGS1,2008-12-31,0.37
DGS1,2009-01-30,0.51
DGS1,2009-02-27,0.72
DGS1,2009-03-31,0.57
DGS1,2009-04-30,0.49
DGS1,2009-05-29,0.47
DGS1,2009-06-30,0.56
DGS1,2009-07-31,0.48
DGS1,2009-08-31,0.43
DGS1,2009-09-30,0.4
DGS1,2009-10-30,0.37
DGS1,2009-11-30,0.27
DGS1,2009-12-31,0.47
DGS1,2010-01-29,0.3
DGS1,2010-02-26,0.32
DGS1,2010-03-31,0.41
DGS1,2010-04-30,0.41
DGS1,2010-05-28,0.34
DGS1,2010-06-30,0.32
DGS1,2010-07-30,0.29
DGS1,2010-08-31,0.25
DGS1,2010-09-30,0.27
DGS1,2010-10-29,0.22
DGS1,2010-11-30,0.27
DGS1,2010-12-31,0.29
DGS1,2011-01-31,0.26
DGS1,2011-02-28,0.25
DGS1,2011-03-31,0.3
DGS1,2011-04-29,0.22
DGS1,2011-05-31,0.18
DGS1,2011-06-30,0.19
DGS1,2011-07-29,0.2
DGS1,2011-08-31,0.1
DGS1,2011-09-30,0.13
DGS1,2011-10-31,0.12
DGS1,2011-11-30,0.12
DGS1,2011-12-30,0.12
DGS1,2012-01-31,0.13
DGS1,2012-02-29,0.18
DGS1,2012-03-30,0.19
DGS1,2012-04-30,0.2
DGS1,2012-05-31,0.18
DGS1,2012-06-29,0.21
DGS1,2012-07-31,0.16
DGS1,2012-08-31,0.16
DGS1,2012-09-28,0.17
DGS1,2012-10-31,0.18
DGS1,2012-11-30,0.18
DGS1,2012-12-31,0.16
DGS1,2013-01-31,0.15
DGS1,2013-02-28,0.17
DGS1,2013-03-28,0.14
DGS1,2013-04-30,0.11
DGS1,2013-05-31,0.14
DGS1,2013-06-28,0.15
DGS1,2013-07-31,0.11
DGS1,2013-08-30,0.13
DGS1,2013-09-30,0.1
DGS1,2013-10-31,0.1
DGS1,2013-11-29,0.13
DGS1,2013-12-31,0.13
DGS1,2014-01-31,0.1
DGS1,2014-02-28,0.12
DGS1,2014-03-31,0.13
DGS1,2014-04-30,0.11
DGS1,2014-05-30,0.1
DGS1,2014-06-30,0.11
DGS1,2014-07-31,0.12
DGS1,2014-08-29,0.09
DGS1,2014-09-30,0.13
DGS1,2014-10-31,0.11
DGS1,2014-11-28,0.13
DGS1,2014-12-31,0.25
DGS1,2015-01-30,0.18
DGS1,2015-02-27,0.22
DGS1,2015-03-31,0.26
DGS1,2015-04-30,0.24
DGS1,2015-05-29,0.26
DGS1,2015-06-30,0.28
DGS1,2015-07-31,0.33
DGS1,2015-08-31,0.39
DGS1,2015-09-30,0.33
DGS1,2015-10-30,0.34
DGS1,2015-11-30,0.51
DGS1,2015-12-31,0.65
DGS1,2016-01-29,0.47
DGS1,2016-02-29,0.62
DGS1,2016-03-31,0.59
DGS1,2016-04-29,0.56
DGS1,2016-05-31,0.68
DGS1,2016-06-30,0.45
DGS1,2016-07-29,0.5
DGS1,2016-08-31,0.61
DGS1,2016-09-30,0.59
DGS1,2016-10-31,0.66
DGS1,2016-11-30,0.8
DGS1,2016-12-30,0.85
DGS1,2017-01-31,0.84
DGS1,2017-02-28,0.88
DGS1,2017-03-31,1.03
DGS1,2017-04-28,1.07
DGS1,2017-05-31,1.17
DGS1,2017-06-30,1.24
DGS1,2017-07-31,1.23
DGS1,2017-08-31,1.23
DGS1,2017-09-29,1.31
DGS1,2017-10-31,1.43
DGS1,2017-11-30,1.62
DGS1,2017-12-29,1.76
DGS1,2018-01-31,1.9
DGS1,2018-02-28,2.07
DGS1,2018-03-29,2.09
DGS1,2018-04-30,2.24
DGS1,2018-05-31,2.23
DGS1,2018-06-29,2.33
DGS1,2018-07-31,2.44
DGS1,2018-08-31,2.46
DGS1,2018-09-28,2.59
DGS1,2018-10-31,2.69
DGS1,2018-11-30,2.7
DGS1,2018-12-31,2.63
DGS1,2019-01-31,2.55
DGS1,2019-02-28,2.54
DGS1,2019-03-29,2.4
DGS1,2019-04-30,2.39
DGS1,2019-05-31,2.21
DGS1,2019-06-28,1.92
DGS1,2019-07-31,2.0
DGS1,2019-08-30,1.76
DGS1,2019-09-30,1.75
DGS1,2019-10-31,1.53
DGS1,2019-11-29,1.6
DGS1,2019-12-31,1.59
DGS1,2020-01-31,1.45
DGS1,2020-02-28,0.97
DGS1,2020-03-31,0.17
DGS1,2020-04-30,0.16
DGS1,2020-05-29,0.17
DGS1,2020-06-30,0.16
DGS1,2020-07-31,0.11
DGS1,2020-08-31,0.12
DGS1,2020-09-30,0.12
DGS1,2020-10-30,0.13
DGS1,2020-11-30,0.11
DGS1,2020-12-31,0.1
DGS1,2021-01-29,0.1
DGS1,2021-02-26,0.08
DGS1,2021-03-31,0.07
DGS1,2021-04-30,0.05
DGS1,2021-05-28,0.05
DGS1,2021-06-30,0.07
DGS1,2021-07-30,0.07
DGS1,2021-08-31,0.07
DGS1,2021-09-30,0.09
DGS1,2021-10-29,0.15
DGS1,2021-11-30,0.24
DGS1,2021-12-31,0.39
DGS1,2022-01-31,0.78
DGS1,2022-02-28,1.01
DGS1,2022-03-31,1.63
DGS1,2022-04-29,2.1
DGS1,2022-05-31,2.08
DGS1,2022-06-30,2.8
DGS1,2022-07-29,2.98
DGS1,2022-08-31,3.5
DGS1,2022-09-30,4.05
DGS1,2022-10-31,4.66
DGS1,2022-11-30,4.74
DGS1,2022-12-30,4.73
DGS1,2023-01-31,4.68
DGS1,2023-02-28,5.02
DGS1,2023-03-31,4.64
DGS1,2023-04-28,4.8
DGS1,2023-05-31,5.18
DGS1,2023-06-30,5.4
DGS1,2023-07-31,5.37
DGS1,2023-08-31,5.37
DGS1,2023-09-29,5.46
DGS1,2023-10-31,5.44
DGS1,2023-11-30,5.16
DGS1,2023-12-29,4.79
DGS1,2024-01-31,4.73
DGS1,2024-02-29,5.01
DGS1,2024-03-28,5.03
DGS1,2024-04-30,5.25
DGS1,2024-05-31,5.18
DGS1,2024-06-28,5.09
DGS1,2024-07-31,4.73
DGS1,2024-08-30,4.38
DGS1,2024-09-30,3.98
DGS1,2024-10-31,4.27
DGS1,2024-11-29,4.3
DGS1,2024-12-31,4.16
DGS1,2025-01-31,4.17
DGS1,2025-02-28,4.08
DGS1,2025-03-31,4.03
DGS1,2025-04-30,3.85
DGS1,2025-05-30,4.11
DGS1,2025-06-30,3.96
DGS1,2025-07-31,4.1
DGS1,2025-08-29,3.83
DGS1,2025-09-30,3.68
DGS1,2025-10-31,3.7
DGS1,2025-11-28,3.61
DGS1,2025-12-31,3.48
DGS1,2026-01-30,3.48
DGS1,2026-02-27,3.48
DGS1,2026-03-31,3.68
DGS1,2026-04-30,3.72
DGS1,2026-05-29,3.79
DGS1,2026-06-30,3.98
DGS1,2026-07-31,4.08
DGS1,2026-08-31,4.16
DGS1,2026-09-15,4.39
EFFR,2000-07-31,6.64
EFFR,2000-08-31,6.65
EFFR,2000-09-29,6.6
EFFR,2000-10-31,6.59
EFFR,2000-11-30,6.62
EFFR,2000-12-29,5.41
EFFR,2001-01-31,5.74
EFFR,2001-02-28,5.59
EFFR,2001-03-30,5.29
EFFR,2001-04-30,4.67
EFFR,2001-05-31,4.24
EFFR,2001-06-29,3.95
EFFR,2001-07-31,3.82
EFFR,2001-08-31,3.66
EFFR,2001-09-28,2.75
EFFR,2001-10-31,2.66
EFFR,2001-11-30,2.06
EFFR,2001-12-31,1.52
EFFR,2002-01-31,1.85
EFFR,2002-02-28,1.83
EFFR,2002-03-29,1.74
EFFR,2002-04-30,1.82
EFFR,2002-05-31,1.79
EFFR,2002-06-28,1.73
EFFR,2002-07-31,1.76
EFFR,2002-08-30,1.81
EFFR,2002-09-30,1.85
EFFR,2002-10-31,1.82
EFFR,2002-11-29,1.23
EFFR,2002-12-31,1.16
EFFR,2003-01-31,1.33
EFFR,2003-02-28,1.33
EFFR,2003-03-31,1.38
EFFR,2003-04-30,1.31
EFFR,2003-05-30,1.28
EFFR,2003-06-30,1.45
EFFR,2003-07-31,1.04
EFFR,2003-08-29,1.01
EFFR,2003-09-30,1.17
EFFR,2003-10-29,0.97
EFFR,2003-11-28,1.01
EFFR,2003-12-31,0.94
EFFR,2004-01-30,1.03
EFFR,2004-02-27,1.04
EFFR,2004-03-31,1.05
EFFR,2004-04-30,1.03
EFFR,2004-05-28,1.02
EFFR,2004-06-30,1.38
EFFR,2004-07-30,1.29
EFFR,2004-08-31,1.55
EFFR,2004-09-30,1.94
EFFR,2004-10-29,1.79
EFFR,2004-11-30,2.02
EFFR,2004-12-31,1.97
EFFR,2005-01-31,2.5
EFFR,2005-02-28,2.52
EFFR,2005-03-31,2.96
EFFR,2005-04-29,2.97
EFFR,2005-05-31,3.09
EFFR,2005-06-30,3.35
EFFR,2005-07-29,3.31
EFFR,2005-08-31,3.63
EFFR,2005-09-30,3.93
EFFR,2005-10-31,4.02
EFFR,2005-11-30,4.03
EFFR,2005-12-30,4.09
EFFR,2006-01-31,4.47
EFFR,2006-02-28,4.52
EFFR,2006-03-31,5.0
EFFR,2006-04-28,4.86
EFFR,2006-05-31,5.05
EFFR,2006-06-30,5.05
EFFR,2006-07-31,5.31
EFFR,2006-08-31,5.31
EFFR,2006-09-29,5.34
EFFR,2006-10-31,5.31
EFFR,2006-11-30,5.31
EFFR,2006-12-29,5.17
EFFR,2007-01-31,5.33
EFFR,2007-02-28,5.41
EFFR,2007-03-30,5.3
EFFR,2007-04-30,5.29
EFFR,2007-05-31,5.28
EFFR,2007-06-29,5.31
EFFR,2007-07-31,5.28
EFFR,2007-08-31,4.96
EFFR,2007-09-28,4.58
EFFR,2007-10-31,4.6
EFFR,2007-11-30,4.66
EFFR,2007-12-31,3.06
EFFR,2008-01-31,3.22
EFFR,2008-02-29,3.01
EFFR,2008-03-31,2.51
EFFR,2008-04-30,2.37
EFFR,2008-05-30,1.98
EFFR,2008-06-30,2.47
EFFR,2008-07-31,2.09
EFFR,2008-08-29,1.94
EFFR,2008-09-30,2.03
EFFR,2008-10-31,0.22
EFFR,2008-11-28,0.52
EFFR,2008-12-31,0.14
EFFR,2009-01-30,0.23
EFFR,2009-02-27,0.22
EFFR,2009-03-31,0.16
EFFR,2009-04-30,0.2
EFFR,2009-05-29,0.19
EFFR,2009-06-30,0.22
EFFR,2009-07-31,0.18
EFFR,2009-08-31,0.15
EFFR,2009-09-30,0.07
EFFR,2009-10-30,0.11
EFFR,2009-11-30,0.13
EFFR,2009-12-31,0.05
EFFR,2010-01-29,0.12
EFFR,2010-02-26,0.13
EFFR,2010-03-31,0.09
EFFR,2010-04-30,0.2
EFFR,2010-05-28,0.19
EFFR,2010-06-30,0.09
EFFR,2010-07-30,0.18
EFFR,2010-08-31,0.21
EFFR,2010-09-30,0.15
EFFR,2010-10-29,0.2
EFFR,2010-11-30,0.2
EFFR,2010-12-31,0.13
EFFR,2011-01-31,0.17
EFFR,2011-02-28,0.16
EFFR,2011-03-31,0.1
EFFR,2011-04-29,0.09
EFFR,2011-05-31,0.1
EFFR,2011-06-30,0.07
EFFR,2011-07-29,0.11
EFFR,2011-08-31,0.08
EFFR,2011-09-30,0.06
EFFR,2011-10-31,0.09
EFFR,2011-11-30,0.1
EFFR,2011-12-30,0.04
EFFR,2012-01-31,0.11
EFFR,2012-02-29,0.1
EFFR,2012-03-30,0.09
EFFR,2012-04-30,0.16
EFFR,2012-05-31,0.16
EFFR,2012-06-29,0.09
EFFR,2012-07-31,0.13
EFFR,2012-08-31,0.13
EFFR,2012-09-28,0.09
EFFR,2012-10-31,0.18
EFFR,2012-11-30,0.16
EFFR,2012-12-31,0.09
EFFR,2013-01-31,0.15
EFFR,2013-02-28,0.14
EFFR,2013-03-29,0.09
EFFR,2013-04-30,0.14
EFFR,2013-05-31,0.09
EFFR,2013-06-28,0.07
EFFR,2013-07-31,0.09
EFFR,2013-08-30,0.07
EFFR,2013-09-30,0.06
EFFR,2013-10-31,0.07
EFFR,2013-11-29,0.07
EFFR,2013-12-31,0.07
EFFR,2014-01-31,0.07
EFFR,2014-02-28,0.06
EFFR,2014-03-31,0.06
EFFR,2014-04-30,0.09
EFFR,2014-05-30,0.08
EFFR,2014-06-30,0.09
EFFR,2014-07-31,0.08
EFFR,2014-08-29,0.07
EFFR,2014-09-30,0.07
EFFR,2014-10-31,0.07
EFFR,2014-11-28,0.08
EFFR,2014-12-31,0.06
EFFR,2015-01-30,0.06
EFFR,2015-02-27,0.06
EFFR,2015-03-31,0.06
EFFR,2015-04-30,0.08
EFFR,2015-05-29,0.08
EFFR,2015-06-30,0.08
EFFR,2015-07-31,0.08
EFFR,2015-08-31,0.08
EFFR,2015-09-30,0.07
EFFR,2015-10-30,0.07
EFFR,2015-11-30,0.08
EFFR,2015-12-31,0.2
EFFR,2016-01-29,0.29
EFFR,2016-02-29,0.29
EFFR,2016-03-31,0.25
EFFR,2016-04-29,0.3
EFFR,2016-05-31,0.29
EFFR,2016-06-30,0.3
EFFR,2016-07-29,0.3
EFFR,2016-08-31,0.3
EFFR,2016-09-30,0.29
EFFR,2016-10-31,0.31
EFFR,2016-11-30,0.31
EFFR,2016-12-30,0.55
EFFR,2017-01-31,0.56
EFFR,2017-02-28,0.57
EFFR,2017-03-31,0.82
EFFR,2017-04-28,0.83
EFFR,2017-05-31,0.83
EFFR,2017-06-30,1.06
EFFR,2017-07-31,1.07
EFFR,2017-08-31,1.07
EFFR,2017-09-29,1.06
EFFR,2017-10-31,1.07
EFFR,2017-11-30,1.07
EFFR,2017-12-29,1.33
EFFR,2018-01-31,1.34
EFFR,2018-02-28,1.35
EFFR,2018-03-30,1.67
EFFR,2018-04-30,1.69
EFFR,2018-05-31,1.7
EFFR,2018-06-29,1.91
EFFR,2018-07-31,1.91
EFFR,2018-08-31,1.91
EFFR,2018-09-28,2.18
EFFR,2018-10-31,2.2
EFFR,2018-11-30,2.2
EFFR,2018-12-31,2.4
EFFR,2019-01-31,2.4
EFFR,2019-02-28,2.4
EFFR,2019-03-29,2.43
EFFR,2019-04-30,2.45
EFFR,2019-05-31,2.4
EFFR,2019-06-28,2.4
EFFR,2019-07-31,2.4
EFFR,2019-08-30,2.13
EFFR,2019-09-30,1.9
EFFR,2019-10-31,1.58
EFFR,2019-11-29,1.56
EFFR,2019-12-31,1.55
EFFR,2020-01-31,1.59
EFFR,2020-02-28,1.58
EFFR,2020-03-31,0.08
EFFR,2020-04-30,0.05
EFFR,2020-05-29,0.05
EFFR,2020-06-30,0.08
EFFR,2020-07-31,0.1
EFFR,2020-08-31,0.09
EFFR,2020-09-30,0.09
EFFR,2020-10-30,0.09
EFFR,2020-11-30,0.09
EFFR,2020-12-31,0.09
EFFR,2021-01-29,0.07
EFFR,2021-02-26,0.07
EFFR,2021-03-31,0.06
EFFR,2021-04-30,0.05
EFFR,2021-05-28,0.05
EFFR,2021-06-30,0.08
EFFR,2021-07-30,0.07
EFFR,2021-08-31,0.06
EFFR,2021-09-30,0.06
EFFR,2021-10-29,0.07
EFFR,2021-11-30,0.07
EFFR,2021-12-31,0.07
EFFR,2022-01-31,0.08
EFFR,2022-02-28,0.08
EFFR,2022-03-31,0.33
EFFR,2022-04-29,0.33
EFFR,2022-05-31,0.83
EFFR,2022-06-30,1.58
EFFR,2022-07-29,2.32
EFFR,2022-08-31,2.33
EFFR,2022-09-30,3.08
EFFR,2022-10-31,3.08
EFFR,2022-11-30,3.83
EFFR,2022-12-30,4.33
EFFR,2023-01-31,4.33
EFFR,2023-02-28,4.57
EFFR,2023-03-31,4.83
EFFR,2023-04-28,4.83
EFFR,2023-05-31,5.08
EFFR,2023-06-30,5.08
EFFR,2023-07-31,5.33
EFFR,2023-08-31,5.33
EFFR,2023-09-29,5.33
EFFR,2023-10-31,5.33
EFFR,2023-11-30,5.33
EFFR,2023-12-29,5.33
EFFR,2024-01-31,5.33
EFFR,2024-02-29,5.33
EFFR,2024-03-29,5.33
EFFR,2024-04-30,5.33
EFFR,2024-05-31,5.33
EFFR,2024-06-28,5.33
EFFR,2024-07-31,5.33
EFFR,2024-08-30,5.33
EFFR,2024-09-30,4.83
EFFR,2024-10-31,4.83
EFFR,2024-11-29,4.58
EFFR,2024-12-31,4.33
EFFR,2025-01-31,4.33
EFFR,2025-02-28,4.33
EFFR,2025-03-31,4.33
EFFR,2025-04-30,4.33
EFFR,2025-05-30,4.33
EFFR,2025-06-30,4.33
EFFR,2025-07-31,4.33
EFFR,2025-08-29,4.33
EFFR,2025-09-30,4.09
EFFR,2025-10-31,3.86
EFFR,2025-11-28,3.89
EFFR,2025-12-31,3.64
EFFR,2026-01-30,3.64
EFFR,2026-02-27,3.64
EFFR,2026-03-31,3.64
EFFR,2026-04-30,3.64
EFFR,2026-05-29,3.62
EFFR,2026-06-30,3.63
EFFR,2026-07-31,3.63
EFFR,2026-08-31,3.63
EFFR,2026-09-15,3.63
MORTGAGE30US,2000-01-07,8.15
MORTGAGE30US,2000-01-14,8.18
MORTGAGE30US,2000-01-21,8.26
MORTGAGE30US,2000-01-28,8.25
MORTGAGE30US,2000-02-04,8.25
MORTGAGE30US,2000-02-11,8.36
MORTGAGE30US,2000-02-18,8.38
MORTGAGE30US,2000-02-25,8.31
MORTGAGE30US,2000-03-03,8.27
MORTGAGE30US,2000-03-10,8.23
MORTGAGE30US,2000-03-17,8.24
MORTGAGE30US,2000-03-24,8.23
MORTGAGE30US,2000-03-31,8.23
MORTGAGE30US,2000-04-07,8.2
MORTGAGE30US,2000-04-14,8.12
MORTGAGE30US,2000-04-21,8.16
MORTGAGE30US,2000-04-28,8.13
MORTGAGE30US,2000-05-05,8.28
MORTGAGE30US,2000-05-12,8.52
MORTGAGE30US,2000-05-19,8.64
MORTGAGE30US,2000-05-26,8.62
MORTGAGE30US,2000-06-02,8.54
MORTGAGE30US,2000-06-09,8.32
MORTGAGE30US,2000-06-16,8.22
MORTGAGE30US,2000-06-23,8.14
MORTGAGE30US,2000-06-30,8.22
MORTGAGE30US,2000-07-07,8.16
MORTGAGE30US,2000-07-14,8.09
MORTGAGE30US,2000-07-21,8.21
MORTGAGE30US,2000-07-28,8.13
MORTGAGE30US,2000-08-04,8.12
MORTGAGE30US,2000-08-11,8.04
MORTGAGE30US,2000-08-18,7.96
MORTGAGE30US,2000-08-25,7.99
MORTGAGE30US,2000-09-01,7.96
MORTGAGE30US,2000-09-08,7.94
MORTGAGE30US,2000-09-15,7.88
MORTGAGE30US,2000-09-22,7.9
MORTGAGE30US,2000-09-29,7.88
MORTGAGE30US,2000-10-06,7.83
MORTGAGE30US,2000-10-13,7.84
MORTGAGE30US,2000-10-20,7.83
MORTGAGE30US,2000-10-27,7.68
MORTGAGE30US,2000-11-03,7.73
MORTGAGE30US,2000-11-10,7.79
MORTGAGE30US,2000-11-17,7.73
MORTGAGE30US,2000-11-24,7.73
MORTGAGE30US,2000-12-01,7.65
MORTGAGE30US,2000-12-08,7.54
MORTGAGE30US,2000-12-15,7.42
MORTGAGE30US,2000-12-22,7.17
MORTGAGE30US,2000-12-29,7.13
MORTGAGE30US,2001-01-05,7.07
MORTGAGE30US,2001-01-12,6.89
MORTGAGE30US,2001-01-19,7.02
MORTGAGE30US,2001-01-26,7.15
MORTGAGE30US,2001-02-02,7.09
MORTGAGE30US,2001-02-09,6.98
MORTGAGE30US,2001-02-16,7.01
MORTGAGE30US,2001-02-23,7.12
MORTGAGE30US,2001-03-02,7.03
MORTGAGE30US,2001-03-09,6.97
MORTGAGE30US,2001-03-16,6.96
MORTGAGE30US,2001-03-23,6.89
MORTGAGE30US,2001-03-30,6.91
MORTGAGE30US,2001-04-06,7.01
MORTGAGE30US,2001-04-13,7.04
MORTGAGE30US,2001-04-20,7.14
MORTGAGE30US,2001-04-27,7.12
MORTGAGE30US,2001-05-04,7.14
MORTGAGE30US,2001-05-11,7.1
MORTGAGE30US,2001-05-18,7.14
MORTGAGE30US,2001-05-25,7.2
MORTGAGE30US,2001-06-01,7.24
MORTGAGE30US,2001-06-08,7.2
MORTGAGE30US,2001-06-15,7.14
MORTGAGE30US,2001-06-22,7.11
MORTGAGE30US,2001-06-29,7.11
MORTGAGE30US,2001-07-06,7.19
MORTGAGE30US,2001-07-13,7.21
MORTGAGE30US,2001-07-20,7.08
MORTGAGE30US,2001-07-27,7.03
MORTGAGE30US,2001-08-03,7.0
MORTGAGE30US,2001-08-10,7.0
MORTGAGE30US,2001-08-17,6.92
MORTGAGE30US,2001-08-24,6.91
MORTGAGE30US,2001-08-31,6.92
MORTGAGE30US,2001-09-07,6.89
MORTGAGE30US,2001-09-14,6.86
MORTGAGE30US,2001-09-21,6.8
MORTGAGE30US,2001-09-28,6.72
MORTGAGE30US,2001-10-05,6.64
MORTGAGE30US,2001-10-12,6.58
MORTGAGE30US,2001-10-19,6.61
MORTGAGE30US,2001-10-26,6.64
MORTGAGE30US,2001-11-02,6.56
MORTGAGE30US,2001-11-09,6.45
MORTGAGE30US,2001-11-16,6.51
MORTGAGE30US,2001-11-23,6.75
MORTGAGE30US,2001-11-30,7.02
MORTGAGE30US,2001-12-07,6.84
MORTGAGE30US,2001-12-14,7.09
MORTGAGE30US,2001-12-21,7.17
MORTGAGE30US,2001-12-28,7.16
MORTGAGE30US,2002-01-04,7.14
MORTGAGE30US,2002-01-11,7.06
MORTGAGE30US,2002-01-18,6.83
MORTGAGE30US,2002-01-25,6.96
MORTGAGE30US,2002-02-01,7.02
MORTGAGE30US,2002-02-08,6.88
MORTGAGE30US,2002-02-15,6.86
MORTGAGE30US,2002-02-22,6.81
MORTGAGE30US,2002-03-01,6.8
MORTGAGE30US,2002-03-08,6.87
MORTGAGE30US,2002-03-15,7.08
MORTGAGE30US,2002-03-22,7.14
MORTGAGE30US,2002-03-29,7.18
MORTGAGE30US,2002-04-05,7.13
MORTGAGE30US,2002-04-12,6.99
MORTGAGE30US,2002-04-19,6.94
MORTGAGE30US,2002-04-26,6.88
MORTGAGE30US,2002-05-03,6.78
MORTGAGE30US,2002-05-10,6.79
MORTGAGE30US,2002-05-17,6.89
MORTGAGE30US,2002-05-24,6.81
MORTGAGE30US,2002-05-31,6.76
MORTGAGE30US,2002-06-07,6.71
MORTGAGE30US,2002-06-14,6.71
MORTGAGE30US,2002-06-21,6.63
MORTGAGE30US,2002-06-28,6.55
MORTGAGE30US,2002-07-05,6.57
MORTGAGE30US,2002-07-12,6.54
MORTGAGE30US,2002-07-19,6.49
MORTGAGE30US,2002-07-26,6.34
MORTGAGE30US,2002-08-02,6.43
MORTGAGE30US,2002-08-09,6.31
MORTGAGE30US,2002-08-16,6.22
MORTGAGE30US,2002-08-23,6.27
MORTGAGE30US,2002-08-30,6.22
MORTGAGE30US,2002-09-06,6.15
MORTGAGE30US,2002-09-13,6.18
MORTGAGE30US,2002-09-20,6.05
MORTGAGE30US,2002-09-27,5.99
MORTGAGE30US,2002-10-04,6.01
MORTGAGE30US,2002-10-11,5.98
MORTGAGE30US,2002-10-18,6.15
MORTGAGE30US,2002-10-25,6.31
MORTGAGE30US,2002-11-01,6.13
MORTGAGE30US,2002-11-08,6.11
MORTGAGE30US,2002-11-15,5.94
MORTGAGE30US,2002-11-22,6.03
MORTGAGE30US,2002-11-29,6.13
MORTGAGE30US,2002-12-06,6.19
MORTGAGE30US,2002-12-13,6.04
MORTGAGE30US,2002-12-20,6.03
MORTGAGE30US,2002-12-27,5.93
MORTGAGE30US,2003-01-03,5.85
MORTGAGE30US,2003-01-10,5.95
MORTGAGE30US,2003-01-17,5.97
MORTGAGE30US,2003-01-24,5.91
MORTGAGE30US,2003-01-31,5.9
MORTGAGE30US,2003-02-07,5.88
MORTGAGE30US,2003-02-14,5.86
MORTGAGE30US,2003-02-21,5.84
MORTGAGE30US,2003-02-28,5.79
MORTGAGE30US,2003-03-07,5.67
MORTGAGE30US,2003-03-14,5.61
MORTGAGE30US,2003-03-21,5.79
MORTGAGE30US,2003-03-28,5.91
MORTGAGE30US,2003-04-04,5.79
MORTGAGE30US,2003-04-11,5.85
MORTGAGE30US,2003-04-18,5.82
MORTGAGE30US,2003-04-25,5.79
MORTGAGE30US,2003-05-02,5.7
MORTGAGE30US,2003-05-09,5.62
MORTGAGE30US,2003-05-16,5.45
MORTGAGE30US,2003-05-23,5.34
MORTGAGE30US,2003-05-30,5.31
MORTGAGE30US,2003-06-06,5.26
MORTGAGE30US,2003-06-13,5.21
MORTGAGE30US,2003-06-20,5.21
MORTGAGE30US,2003-06-27,5.24
MORTGAGE30US,2003-07-04,5.4
MORTGAGE30US,2003-07-11,5.52
MORTGAGE30US,2003-07-18,5.67
MORTGAGE30US,2003-07-25,5.94
MORTGAGE30US,2003-08-01,6.14
MORTGAGE30US,2003-08-08,6.34
MORTGAGE30US,2003-08-15,6.24
MORTGAGE30US,2003-08-22,6.28
MORTGAGE30US,2003-08-29,6.32
MORTGAGE30US,2003-09-05,6.44
MORTGAGE30US,2003-09-12,6.16
MORTGAGE30US,2003-09-19,6.01
MORTGAGE30US,2003-09-26,5.98
MORTGAGE30US,2003-10-03,5.77
MORTGAGE30US,2003-10-10,5.95
MORTGAGE30US,2003-10-17,6.05
MORTGAGE30US,2003-10-24,6.05
MORTGAGE30US,2003-10-31,5.94
MORTGAGE30US,2003-11-07,5.98
MORTGAGE30US,2003-11-14,6.03
MORTGAGE30US,2003-11-21,5.83
MORTGAGE30US,2003-11-28,5.89
MORTGAGE30US,2003-12-05,6.02
MORTGAGE30US,2003-12-12,5.88
MORTGAGE30US,2003-12-19,5.82
MORTGAGE30US,2003-12-26,5.81
MORTGAGE30US,2003-12-31,5.85
MORTGAGE30US,2004-01-08,5.87
MORTGAGE30US,2004-01-15,5.66
MORTGAGE30US,2004-01-22,5.64
MORTGAGE30US,2004-01-29,5.68
MORTGAGE30US,2004-02-05,5.72
MORTGAGE30US,2004-02-12,5.66
MORTGAGE30US,2004-02-19,5.58
MORTGAGE30US,2004-02-26,5.58
MORTGAGE30US,2004-03-04,5.59
MORTGAGE30US,2004-03-11,5.41
MORTGAGE30US,2004-03-18,5.38
MORTGAGE30US,2004-03-25,5.4
MORTGAGE30US,2004-04-01,5.52
MORTGAGE30US,2004-04-08,5.79
MORTGAGE30US,2004-04-15,5.89
MORTGAGE30US,2004-04-22,5.94
MORTGAGE30US,2004-04-29,6.01
MORTGAGE30US,2004-05-06,6.12
MORTGAGE30US,2004-05-13,6.34
MORTGAGE30US,2004-05-20,6.3
MORTGAGE30US,2004-05-27,6.32
MORTGAGE30US,2004-06-03,6.28
MORTGAGE30US,2004-06-10,6.3
MORTGAGE30US,2004-06-17,6.32
MORTGAGE30US,2004-06-24,6.25
MORTGAGE30US,2004-07-01,6.21
MORTGAGE30US,2004-07-08,6.01
MORTGAGE30US,2004-07-15,6.0
MORTGAGE30US,2004-07-22,5.98
MORTGAGE30US,2004-07-29,6.08
MORTGAGE30US,2004-08-05,5.99
MORTGAGE30US,2004-08-12,5.85
MORTGAGE30US,2004-08-19,5.81
MORTGAGE30US,2004-08-26,5.82
MORTGAGE30US,2004-09-02,5.77
MORTGAGE30US,2004-09-09,5.83
MORTGAGE30US,2004-09-16,5.75
MORTGAGE30US,2004-09-23,5.7
MORTGAGE30US,2004-09-30,5.72
MORTGAGE30US,2004-10-07,5.82
MORTGAGE30US,2004-10-14,5.74
MORTGAGE30US,2004-10-21,5.69
MORTGAGE30US,2004-10-28,5.64
MORTGAGE30US,2004-11-04,5.7
MORTGAGE30US,2004-11-11,5.76
MORTGAGE30US,2004-11-18,5.74
MORTGAGE30US,2004-11-24,5.72
MORTGAGE30US,2004-12-02,5.81
MORTGAGE30US,2004-12-09,5.71
MORTGAGE30US,2004-12-16,5.68
MORTGAGE30US,2004-12-22,5.75
MORTGAGE30US,2004-12-29,5.81
MORTGAGE30US,2005-01-06,5.77
MORTGAGE30US,2005-01-13,5.74
MORTGAGE30US,2005-01-20,5.67
MORTGAGE30US,2005-01-27,5.66
MORTGAGE30US,2005-02-03,5.63
MORTGAGE30US,2005-02-10,5.57
MORTGAGE30US,2005-02-17,5.62
MORTGAGE30US,2005-02-24,5.69
MORTGAGE30US,2005-03-03,5.79
MORTGAGE30US,2005-03-10,5.85
MORTGAGE30US,2005-03-17,5.95
MORTGAGE30US,2005-03-24,6.01
MORTGAGE30US,2005-03-31,6.04
MORTGAGE30US,2005-04-07,5.93
MORTGAGE30US,2005-04-14,5.91
MORTGAGE30US,2005-04-21,5.8
MORTGAGE30US,2005-04-28,5.78
MORTGAGE30US,2005-05-05,5.75
MORTGAGE30US,2005-05-12,5.77
MORTGAGE30US,2005-05-19,5.71
MORTGAGE30US,2005-05-26,5.65
MORTGAGE30US,2005-06-02,5.62
MORTGAGE30US,2005-06-09,5.56
MORTGAGE30US,2005-06-16,5.63
MORTGAGE30US,2005-06-23,5.57
MORTGAGE30US,2005-06-30,5.53
MORTGAGE30US,2005-07-07,5.62
MORTGAGE30US,2005-07-14,5.66
MORTGAGE30US,2005-07-21,5.73
MORTGAGE30US,2005-07-28,5.77
MORTGAGE30US,2005-08-04,5.82
MORTGAGE30US,2005-08-11,5.89
MORTGAGE30US,2005-08-18,5.8
MORTGAGE30US,2005-08-25,5.77
MORTGAGE30US,2005-09-01,5.71
MORTGAGE30US,2005-09-08,5.71
MORTGAGE30US,2005-09-15,5.74
MORTGAGE30US,2005-09-22,5.8
MORTGAGE30US,2005-09-29,5.91
MORTGAGE30US,2005-10-06,5.98
MORTGAGE30US,2005-10-13,6.03
MORTGAGE30US,2005-10-20,6.1
MORTGAGE30US,2005-10-27,6.15
MORTGAGE30US,2005-11-03,6.31
MORTGAGE30US,2005-11-10,6.36
MORTGAGE30US,2005-11-17,6.37
MORTGAGE30US,2005-11-23,6.28
MORTGAGE30US,2005-12-01,6.26
MORTGAGE30US,2005-12-08,6.32
MORTGAGE30US,2005-12-15,6.3
MORTGAGE30US,2005-12-22,6.26
MORTGAGE30US,2005-12-29,6.22
MORTGAGE30US,2006-01-05,6.21
MORTGAGE30US,2006-01-12,6.15
MORTGAGE30US,2006-01-19,6.1
MORTGAGE30US,2006-01-26,6.12
MORTGAGE30US,2006-02-02,6.23
MORTGAGE30US,2006-02-09,6.24
MORTGAGE30US,2006-02-16,6.28
MORTGAGE30US,2006-02-23,6.26
MORTGAGE30US,2006-03-02,6.24
MORTGAGE30US,2006-03-09,6.37
MORTGAGE30US,2006-03-16,6.34
MORTGAGE30US,2006-03-23,6.32
MORTGAGE30US,2006-03-30,6.35
MORTGAGE30US,2006-04-06,6.43
MORTGAGE30US,2006-04-13,6.49
MORTGAGE30US,2006-04-20,6.53
MORTGAGE30US,2006-04-27,6.58
MORTGAGE30US,2006-05-04,6.59
MORTGAGE30US,2006-05-11,6.58
MORTGAGE30US,2006-05-18,6.6
MORTGAGE30US,2006-05-25,6.62
MORTGAGE30US,2006-06-01,6.67
MORTGAGE30US,2006-06-08,6.62
MORTGAGE30US,2006-06-15,6.63
MORTGAGE30US,2006-06-22,6.71
MORTGAGE30US,2006-06-29,6.78
MORTGAGE30US,2006-07-06,6.79
MORTGAGE30US,2006-07-13,6.74
MORTGAGE30US,2006-07-20,6.8
MORTGAGE30US,2006-07-27,6.72
MORTGAGE30US,2006-08-03,6.63
MORTGAGE30US,2006-08-10,6.55
MORTGAGE30US,2006-08-17,6.52
MORTGAGE30US,2006-08-24,6.48
MORTGAGE30US,2006-08-31,6.44
MORTGAGE30US,2006-09-07,6.47
MORTGAGE30US,2006-09-14,6.43
MORTGAGE30US,2006-09-21,6.4
MORTGAGE30US,2006-09-28,6.31
MORTGAGE30US,2006-10-05,6.3
MORTGAGE30US,2006-10-12,6.37
MORTGAGE30US,2006-10-19,6.36
MORTGAGE30US,2006-10-26,6.4
MORTGAGE30US,2006-11-02,6.31
MORTGAGE30US,2006-11-09,6.33
MORTGAGE30US,2006-11-16,6.24
MORTGAGE30US,2006-11-22,6.18
MORTGAGE30US,2006-11-30,6.14
MORTGAGE30US,2006-12-07,6.11
MORTGAGE30US,2006-12-14,6.12
MORTGAGE30US,2006-12-21,6.13
MORTGAGE30US,2006-12-28,6.18
MORTGAGE30US,2007-01-04,6.18
MORTGAGE30US,2007-01-11,6.21
MORTGAGE30US,2007-01-18,6.23
MORTGAGE30US,2007-01-25,6.25
MORTGAGE30US,2007-02-01,6.34
MORTGAGE30US,2007-02-08,6.28
MORTGAGE30US,2007-02-15,6.3
MORTGAGE30US,2007-02-22,6.22
MORTGAGE30US,2007-03-01,6.18
MORTGAGE30US,2007-03-08,6.14
MORTGAGE30US,2007-03-15,6.14
MORTGAGE30US,2007-03-22,6.16
MORTGAGE30US,2007-03-29,6.16
MORTGAGE30US,2007-04-05,6.17
MORTGAGE30US,2007-04-12,6.22
MORTGAGE30US,2007-04-19,6.17
MORTGAGE30US,2007-04-26,6.16
MORTGAGE30US,2007-05-03,6.16
MORTGAGE30US,2007-05-10,6.15
MORTGAGE30US,2007-05-17,6.21
MORTGAGE30US,2007-05-24,6.37
MORTGAGE30US,2007-05-31,6.42
MORTGAGE30US,2007-06-07,6.53
MORTGAGE30US,2007-06-14,6.74
MORTGAGE30US,2007-06-21,6.69
MORTGAGE30US,2007-06-28,6.67
MORTGAGE30US,2007-07-05,6.63
MORTGAGE30US,2007-07-12,6.73
MORTGAGE30US,2007-07-19,6.73
MORTGAGE30US,2007-07-26,6.69
MORTGAGE30US,2007-08-02,6.68
MORTGAGE30US,2007-08-09,6.59
MORTGAGE30US,2007-08-16,6.62
MORTGAGE30US,2007-08-23,6.52
MORTGAGE30US,2007-08-30,6.45
MORTGAGE30US,2007-09-06,6.46
MORTGAGE30US,2007-09-13,6.31
MORTGAGE30US,2007-09-20,6.34
MORTGAGE30US,2007-09-27,6.42
MORTGAGE30US,2007-10-04,6.37
MORTGAGE30US,2007-10-11,6.4
MORTGAGE30US,2007-10-18,6.4
MORTGAGE30US,2007-10-25,6.33
MORTGAGE30US,2007-11-01,6.26
MORTGAGE30US,2007-11-08,6.24
MORTGAGE30US,2007-11-15,6.24
MORTGAGE30US,2007-11-21,6.2
MORTGAGE30US,2007-11-29,6.1
MORTGAGE30US,2007-12-06,5.96
MORTGAGE30US,2007-12-13,6.11
MORTGAGE30US,2007-12-20,6.14
MORTGAGE30US,2007-12-27,6.17
MORTGAGE30US,2008-01-03,6.07
MORTGAGE30US,2008-01-10,5.87
MORTGAGE30US,2008-01-17,5.69
MORTGAGE30US,2008-01-24,5.48
MORTGAGE30US,2008-01-31,5.68
MORTGAGE30US,2008-02-07,5.67
MORTGAGE30US,2008-02-14,5.72
MORTGAGE30US,2008-02-21,6.04
MORTGAGE30US,2008-02-28,6.24
MORTGAGE30US,2008-03-06,6.03
MORTGAGE30US,2008-03-13,6.13
MORTGAGE30US,2008-03-20,5.87
MORTGAGE30US,2008-03-27,5.85
MORTGAGE30US,2008-04-03,5.88
MORTGAGE30US,2008-04-10,5.88
MORTGAGE30US,2008-04-17,5.88
MORTGAGE30US,2008-04-24,6.03
MORTGAGE30US,2008-05-01,6.06
MORTGAGE30US,2008-05-08,6.05
MORTGAGE30US,2008-05-15,6.01
MORTGAGE30US,2008-05-22,5.98
MORTGAGE30US,2008-05-29,6.08
MORTGAGE30US,2008-06-05,6.09
MORTGAGE30US,2008-06-12,6.32
MORTGAGE30US,2008-06-19,6.42
MORTGAGE30US,2008-06-26,6.45
MORTGAGE30US,2008-07-03,6.35
MORTGAGE30US,2008-07-10,6.37
MORTGAGE30US,2008-07-17,6.26
MORTGAGE30US,2008-07-24,6.63
MORTGAGE30US,2008-07-31,6.52
MORTGAGE30US,2008-08-07,6.52
MORTGAGE30US,2008-08-14,6.52
MORTGAGE30US,2008-08-21,6.47
MORTGAGE30US,2008-08-28,6.4
MORTGAGE30US,2008-09-04,6.35
MORTGAGE30US,2008-09-11,5.93
MORTGAGE30US,2008-09-18,5.78
MORTGAGE30US,2008-09-25,6.09
MORTGAGE30US,2008-10-02,6.1
MORTGAGE30US,2008-10-09,5.94
MORTGAGE30US,2008-10-16,6.46
MORTGAGE30US,2008-10-23,6.04
MORTGAGE30US,2008-10-30,6.46
MORTGAGE30US,2008-11-06,6.2
MORTGAGE30US,2008-11-13,6.14
MORTGAGE30US,2008-11-20,6.04
MORTGAGE30US,2008-11-26,5.97
MORTGAGE30US,2008-12-04,5.53
MORTGAGE30US,2008-12-11,5.47
MORTGAGE30US,2008-12-18,5.19
MORTGAGE30US,2008-12-24,5.14
MORTGAGE30US,2008-12-31,5.1
MORTGAGE30US,2009-01-08,5.01
MORTGAGE30US,2009-01-15,4.96
MORTGAGE30US,2009-01-22,5.12
MORTGAGE30US,2009-01-29,5.1
MORTGAGE30US,2009-02-05,5.25
MORTGAGE30US,2009-02-12,5.16
MORTGAGE30US,2009-02-19,5.04
MORTGAGE30US,2009-02-26,5.07
MORTGAGE30US,2009-03-05,5.15
MORTGAGE30US,2009-03-12,5.03
MORTGAGE30US,2009-03-19,4.98
MORTGAGE30US,2009-03-26,4.85
MORTGAGE30US,2009-04-02,4.78
MORTGAGE30US,2009-04-09,4.87
MORTGAGE30US,2009-04-16,4.82
MORTGAGE30US,2009-04-23,4.8
MORTGAGE30US,2009-04-30,4.78
MORTGAGE30US,2009-05-07,4.84
MORTGAGE30US,2009-05-14,4.86
MORTGAGE30US,2009-05-21,4.82
MORTGAGE30US,2009-05-28,4.91
MORTGAGE30US,2009-06-04,5.29
MORTGAGE30US,2009-06-11,5.59
MORTGAGE30US,2009-06-18,5.38
MORTGAGE30US,2009-06-25,5.42
MORTGAGE30US,2009-07-02,5.32
MORTGAGE30US,2009-07-09,5.2
MORTGAGE30US,2009-07-16,5.14
MORTGAGE30US,2009-07-23,5.2
MORTGAGE30US,2009-07-30,5.25
MORTGAGE30US,2009-08-06,5.22
MORTGAGE30US,2009-08-13,5.29
MORTGAGE30US,2009-08-20,5.12
MORTGAGE30US,2009-08-27,5.14
MORTGAGE30US,2009-09-03,5.08
MORTGAGE30US,2009-09-10,5.07
MORTGAGE30US,2009-09-17,5.04
MORTGAGE30US,2009-09-24,5.04
MORTGAGE30US,2009-10-01,4.94
MORTGAGE30US,2009-10-08,4.87
MORTGAGE30US,2009-10-15,4.92
MORTGAGE30US,2009-10-22,5.0
MORTGAGE30US,2009-10-29,5.03
MORTGAGE30US,2009-11-05,4.98
MORTGAGE30US,2009-11-12,4.91
MORTGAGE30US,2009-11-19,4.83
MORTGAGE30US,2009-11-25,4.78
MORTGAGE30US,2009-12-03,4.71
MORTGAGE30US,2009-12-10,4.81
MORTGAGE30US,2009-12-17,4.94
MORTGAGE30US,2009-12-24,5.05
MORTGAGE30US,2009-12-31,5.14
MORTGAGE30US,2010-01-07,5.09
MORTGAGE30US,2010-01-14,5.06
MORTGAGE30US,2010-01-21,4.99
MORTGAGE30US,2010-01-28,4.98
MORTGAGE30US,2010-02-04,5.01
MORTGAGE30US,2010-02-11,4.97
MORTGAGE30US,2010-02-18,4.93
MORTGAGE30US,2010-02-25,5.05
MORTGAGE30US,2010-03-04,4.97
MORTGAGE30US,2010-03-11,4.95
MORTGAGE30US,2010-03-18,4.96
MORTGAGE30US,2010-03-25,4.99
MORTGAGE30US,2010-04-01,5.08
MORTGAGE30US,2010-04-08,5.21
MORTGAGE30US,2010-04-15,5.07
MORTGAGE30US,2010-04-22,5.07
MORTGAGE30US,2010-04-29,5.06
MORTGAGE30US,2010-05-06,5.0
MORTGAGE30US,2010-05-13,4.93
MORTGAGE30US,2010-05-20,4.84
MORTGAGE30US,2010-05-27,4.78
MORTGAGE30US,2010-06-03,4.79
MORTGAGE30US,2010-06-10,4.72
MORTGAGE30US,2010-06-17,4.75
MORTGAGE30US,2010-06-24,4.69
MORTGAGE30US,2010-07-01,4.58
MORTGAGE30US,2010-07-08,4.57
MORTGAGE30US,2010-07-15,4.57
MORTGAGE30US,2010-07-22,4.56
MORTGAGE30US,2010-07-29,4.54
MORTGAGE30US,2010-08-05,4.49
MORTGAGE30US,2010-08-12,4.44
MORTGAGE30US,2010-08-19,4.42
MORTGAGE30US,2010-08-26,4.36
MORTGAGE30US,2010-09-02,4.32
MORTGAGE30US,2010-09-09,4.35
MORTGAGE30US,2010-09-16,4.37
MORTGAGE30US,2010-09-23,4.37
MORTGAGE30US,2010-09-30,4.32
MORTGAGE30US,2010-10-07,4.27
MORTGAGE30US,2010-10-14,4.19
MORTGAGE30US,2010-10-21,4.21
MORTGAGE30US,2010-10-28,4.23
MORTGAGE30US,2010-11-04,4.24
MORTGAGE30US,2010-11-11,4.17
MORTGAGE30US,2010-11-18,4.39
MORTGAGE30US,2010-11-24,4.4
MORTGAGE30US,2010-12-02,4.46
MORTGAGE30US,2010-12-09,4.61
MORTGAGE30US,2010-12-16,4.83
MORTGAGE30US,2010-12-23,4.81
MORTGAGE30US,2010-12-30,4.86
MORTGAGE30US,2011-01-06,4.77
MORTGAGE30US,2011-01-13,4.71
MORTGAGE30US,2011-01-20,4.74
MORTGAGE30US,2011-01-27,4.8
MORTGAGE30US,2011-02-03,4.81
MORTGAGE30US,2011-02-10,5.05
MORTGAGE30US,2011-02-17,5.0
MORTGAGE30US,2011-02-24,4.95
MORTGAGE30US,2011-03-03,4.87
MORTGAGE30US,2011-03-10,4.88
MORTGAGE30US,2011-03-17,4.76
MORTGAGE30US,2011-03-24,4.81
MORTGAGE30US,2011-03-31,4.86
MORTGAGE30US,2011-04-07,4.87
MORTGAGE30US,2011-04-14,4.91
MORTGAGE30US,2011-04-21,4.8
MORTGAGE30US,2011-04-28,4.78
MORTGAGE30US,2011-05-05,4.71
MORTGAGE30US,2011-05-12,4.63
MORTGAGE30US,2011-05-19,4.61
MORTGAGE30US,2011-05-26,4.6
MORTGAGE30US,2011-06-02,4.55
MORTGAGE30US,2011-06-09,4.49
MORTGAGE30US,2011-06-16,4.5
MORTGAGE30US,2011-06-23,4.5
MORTGAGE30US,2011-06-30,4.51
MORTGAGE30US,2011-07-07,4.6
MORTGAGE30US,2011-07-14,4.51
MORTGAGE30US,2011-07-21,4.52
MORTGAGE30US,2011-07-28,4.55
MORTGAGE30US,2011-08-04,4.39
MORTGAGE30US,2011-08-11,4.32
MORTGAGE30US,2011-08-18,4.15
MORTGAGE30US,2011-08-25,4.22
MORTGAGE30US,2011-09-01,4.22
MORTGAGE30US,2011-09-08,4.12
MORTGAGE30US,2011-09-15,4.09
MORTGAGE30US,2011-09-22,4.09
MORTGAGE30US,2011-09-29,4.01
MORTGAGE30US,2011-10-06,3.94
MORTGAGE30US,2011-10-13,4.12
MORTGAGE30US,2011-10-20,4.11
MORTGAGE30US,2011-10-27,4.1
MORTGAGE30US,2011-11-03,4.0
MORTGAGE30US,2011-11-10,3.99
MORTGAGE30US,2011-11-17,4.0
MORTGAGE30US,2011-11-23,3.98
MORTGAGE30US,2011-12-01,4.0
MORTGAGE30US,2011-12-08,3.99
MORTGAGE30US,2011-12-15,3.94
MORTGAGE30US,2011-12-22,3.91
MORTGAGE30US,2011-12-29,3.95
MORTGAGE30US,2012-01-05,3.91
MORTGAGE30US,2012-01-12,3.89
MORTGAGE30US,2012-01-19,3.88
MORTGAGE30US,2012-01-26,3.98
MORTGAGE30US,2012-02-02,3.87
MORTGAGE30US,2012-02-09,3.87
MORTGAGE30US,2012-02-16,3.87
MORTGAGE30US,2012-02-23,3.95
MORTGAGE30US,2012-03-01,3.9
MORTGAGE30US,2012-03-08,3.88
MORTGAGE30US,2012-03-15,3.92
MORTGAGE30US,2012-03-22,4.08
MORTGAGE30US,2012-03-29,3.99
MORTGAGE30US,2012-04-05,3.98
MORTGAGE30US,2012-04-12,3.88
MORTGAGE30US,2012-04-19,3.9
MORTGAGE30US,2012-04-26,3.88
MORTGAGE30US,2012-05-03,3.84
MORTGAGE30US,2012-05-10,3.83
MORTGAGE30US,2012-05-17,3.79
MORTGAGE30US,2012-05-24,3.78
MORTGAGE30US,2012-05-31,3.75
MORTGAGE30US,2012-06-07,3.67
MORTGAGE30US,2012-06-14,3.71
MORTGAGE30US,2012-06-21,3.66
MORTGAGE30US,2012-06-28,3.66
MORTGAGE30US,2012-07-05,3.62
MORTGAGE30US,2012-07-12,3.56
MORTGAGE30US,2012-07-19,3.53
MORTGAGE30US,2012-07-26,3.49
MORTGAGE30US,2012-08-02,3.55
MORTGAGE30US,2012-08-09,3.59
MORTGAGE30US,2012-08-16,3.62
MORTGAGE30US,2012-08-23,3.66
MORTGAGE30US,2012-08-30,3.59
MORTGAGE30US,2012-09-06,3.55
MORTGAGE30US,2012-09-13,3.55
MORTGAGE30US,2012-09-20,3.49
MORTGAGE30US,2012-09-27,3.4
MORTGAGE30US,2012-10-04,3.36
MORTGAGE30US,2012-10-11,3.39
MORTGAGE30US,2012-10-18,3.37
MORTGAGE30US,2012-10-25,3.41
MORTGAGE30US,2012-11-01,3.39
MORTGAGE30US,2012-11-08,3.4
MORTGAGE30US,2012-11-15,3.34
MORTGAGE30US,2012-11-21,3.31
MORTGAGE30US,2012-11-29,3.32
MORTGAGE30US,2012-12-06,3.34
MORTGAGE30US,2012-12-13,3.32
MORTGAGE30US,2012-12-20,3.37
MORTGAGE30US,2012-12-27,3.35
MORTGAGE30US,2013-01-03,3.34
MORTGAGE30US,2013-01-10,3.4
MORTGAGE30US,2013-01-17,3.38
MORTGAGE30US,2013-01-24,3.42
MORTGAGE30US,2013-01-31,3.53
MORTGAGE30US,2013-02-07,3.53
MORTGAGE30US,2013-02-14,3.53
MORTGAGE30US,2013-02-21,3.56
MORTGAGE30US,2013-02-28,3.51
MORTGAGE30US,2013-03-07,3.52
MORTGAGE30US,2013-03-14,3.63
MORTGAGE30US,2013-03-21,3.54
MORTGAGE30US,2013-03-28,3.57
MORTGAGE30US,2013-04-04,3.54
MORTGAGE30US,2013-04-11,3.43
MORTGAGE30US,2013-04-18,3.41
MORTGAGE30US,2013-04-25,3.4
MORTGAGE30US,2013-05-02,3.35
MORTGAGE30US,2013-05-09,3.42
MORTGAGE30US,2013-05-16,3.51
MORTGAGE30US,2013-05-23,3.59
MORTGAGE30US,2013-05-30,3.81
MORTGAGE30US,2013-06-06,3.91
MORTGAGE30US,2013-06-13,3.98
MORTGAGE30US,2013-06-20,3.93
MORTGAGE30US,2013-06-27,4.46
MORTGAGE30US,2013-07-03,4.29
MORTGAGE30US,2013-07-11,4.51
MORTGAGE30US,2013-07-18,4.37
MORTGAGE30US,2013-07-25,4.31
MORTGAGE30US,2013-08-01,4.39
MORTGAGE30US,2013-08-08,4.4
MORTGAGE30US,2013-08-15,4.4
MORTGAGE30US,2013-08-22,4.58
MORTGAGE30US,2013-08-29,4.51
MORTGAGE30US,2013-09-05,4.57
MORTGAGE30US,2013-09-12,4.57
MORTGAGE30US,2013-09-19,4.5
MORTGAGE30US,2013-09-26,4.32
MORTGAGE30US,2013-10-03,4.22
MORTGAGE30US,2013-10-10,4.23
MORTGAGE30US,2013-10-17,4.28
MORTGAGE30US,2013-10-24,4.13
MORTGAGE30US,2013-10-31,4.1
MORTGAGE30US,2013-11-07,4.16
MORTGAGE30US,2013-11-14,4.35
MORTGAGE30US,2013-11-21,4.22
MORTGAGE30US,2013-11-27,4.29
MORTGAGE30US,2013-12-05,4.46
MORTGAGE30US,2013-12-12,4.42
MORTGAGE30US,2013-12-19,4.47
MORTGAGE30US,2013-12-26,4.48
MORTGAGE30US,2014-01-02,4.53
MORTGAGE30US,2014-01-09,4.51
MORTGAGE30US,2014-01-16,4.41
MORTGAGE30US,2014-01-23,4.39
MORTGAGE30US,2014-01-30,4.32
MORTGAGE30US,2014-02-06,4.23
MORTGAGE30US,2014-02-13,4.28
MORTGAGE30US,2014-02-20,4.33
MORTGAGE30US,2014-02-27,4.37
MORTGAGE30US,2014-03-06,4.28
MORTGAGE30US,2014-03-13,4.37
MORTGAGE30US,2014-03-20,4.32
MORTGAGE30US,2014-03-27,4.4
MORTGAGE30US,2014-04-03,4.41
MORTGAGE30US,2014-04-10,4.34
MORTGAGE30US,2014-04-17,4.27
MORTGAGE30US,2014-04-24,4.33
MORTGAGE30US,2014-05-01,4.29
MORTGAGE30US,2014-05-08,4.21
MORTGAGE30US,2014-05-15,4.2
MORTGAGE30US,2014-05-22,4.14
MORTGAGE30US,2014-05-29,4.12
MORTGAGE30US,2014-06-05,4.14
MORTGAGE30US,2014-06-12,4.2
MORTGAGE30US,2014-06-19,4.17
MORTGAGE30US,2014-06-26,4.14
MORTGAGE30US,2014-07-03,4.12
MORTGAGE30US,2014-07-10,4.15
MORTGAGE30US,2014-07-17,4.13
MORTGAGE30US,2014-07-24,4.13
MORTGAGE30US,2014-07-31,4.12
MORTGAGE30US,2014-08-07,4.14
MORTGAGE30US,2014-08-14,4.12
MORTGAGE30US,2014-08-21,4.1
MORTGAGE30US,2014-08-28,4.1
MORTGAGE30US,2014-09-04,4.1
MORTGAGE30US,2014-09-11,4.12
MORTGAGE30US,2014-09-18,4.23
MORTGAGE30US,2014-09-25,4.2
MORTGAGE30US,2014-10-02,4.19
MORTGAGE30US,2014-10-09,4.12
MORTGAGE30US,2014-10-16,3.97
MORTGAGE30US,2014-10-23,3.92
MORTGAGE30US,2014-10-30,3.98
MORTGAGE30US,2014-11-06,4.02
MORTGAGE30US,2014-11-13,4.01
MORTGAGE30US,2014-11-20,3.99
MORTGAGE30US,2014-11-26,3.97
MORTGAGE30US,2014-12-04,3.89
MORTGAGE30US,2014-12-11,3.93
MORTGAGE30US,2014-12-18,3.8
MORTGAGE30US,2014-12-24,3.83
MORTGAGE30US,2014-12-31,3.87
MORTGAGE30US,2015-01-08,3.73
MORTGAGE30US,2015-01-15,3.66
MORTGAGE30US,2015-01-22,3.63
MORTGAGE30US,2015-01-29,3.66
MORTGAGE30US,2015-02-05,3.59
MORTGAGE30US,2015-02-12,3.69
MORTGAGE30US,2015-02-19,3.76
MORTGAGE30US,2015-02-26,3.8
MORTGAGE30US,2015-03-05,3.75
MORTGAGE30US,2015-03-12,3.86
MORTGAGE30US,2015-03-19,3.78
MORTGAGE30US,2015-03-26,3.69
MORTGAGE30US,2015-04-02,3.7
MORTGAGE30US,2015-04-09,3.66
MORTGAGE30US,2015-04-16,3.67
MORTGAGE30US,2015-04-23,3.65
MORTGAGE30US,2015-04-30,3.68
MORTGAGE30US,2015-05-07,3.8
MORTGAGE30US,2015-05-14,3.85
MORTGAGE30US,2015-05-21,3.84
MORTGAGE30US,2015-05-28,3.87
MORTGAGE30US,2015-06-04,3.87
MORTGAGE30US,2015-06-11,4.04
MORTGAGE30US,2015-06-18,4.0
MORTGAGE30US,2015-06-25,4.02
MORTGAGE30US,2015-07-02,4.08
MORTGAGE30US,2015-07-09,4.04
MORTGAGE30US,2015-07-16,4.09
MORTGAGE30US,2015-07-23,4.04
MORTGAGE30US,2015-07-30,3.98
MORTGAGE30US,2015-08-06,3.91
MORTGAGE30US,2015-08-13,3.94
MORTGAGE30US,2015-08-20,3.93
MORTGAGE30US,2015-08-27,3.84
MORTGAGE30US,2015-09-03,3.89
MORTGAGE30US,2015-09-10,3.9
MORTGAGE30US,2015-09-17,3.91
MORTGAGE30US,2015-09-24,3.86
MORTGAGE30US,2015-10-01,3.85
MORTGAGE30US,2015-10-08,3.76
MORTGAGE30US,2015-10-15,3.82
MORTGAGE30US,2015-10-22,3.79
MORTGAGE30US,2015-10-29,3.76
MORTGAGE30US,2015-11-05,3.87
MORTGAGE30US,2015-11-12,3.98
MORTGAGE30US,2015-11-19,3.97
MORTGAGE30US,2015-11-25,3.95
MORTGAGE30US,2015-12-03,3.93
MORTGAGE30US,2015-12-10,3.95
MORTGAGE30US,2015-12-17,3.97
MORTGAGE30US,2015-12-24,3.96
MORTGAGE30US,2015-12-31,4.01
MORTGAGE30US,2016-01-07,3.97
MORTGAGE30US,2016-01-14,3.92
MORTGAGE30US,2016-01-21,3.81
MORTGAGE30US,2016-01-28,3.79
MORTGAGE30US,2016-02-04,3.72
MORTGAGE30US,2016-02-11,3.65
MORTGAGE30US,2016-02-18,3.65
MORTGAGE30US,2016-02-25,3.62
MORTGAGE30US,2016-03-03,3.64
MORTGAGE30US,2016-03-10,3.68
MORTGAGE30US,2016-03-17,3.73
MORTGAGE30US,2016-03-24,3.71
MORTGAGE30US,2016-03-31,3.71
MORTGAGE30US,2016-04-07,3.59
MORTGAGE30US,2016-04-14,3.58
MORTGAGE30US,2016-04-21,3.59
MORTGAGE30US,2016-04-28,3.66
MORTGAGE30US,2016-05-05,3.61
MORTGAGE30US,2016-05-12,3.57
MORTGAGE30US,2016-05-19,3.58
MORTGAGE30US,2016-05-26,3.64
MORTGAGE30US,2016-06-02,3.66
MORTGAGE30US,2016-06-09,3.6
MORTGAGE30US,2016-06-16,3.54
MORTGAGE30US,2016-06-23,3.56
MORTGAGE30US,2016-06-30,3.48
MORTGAGE30US,2016-07-07,3.41
MORTGAGE30US,2016-07-14,3.42
MORTGAGE30US,2016-07-21,3.45
MORTGAGE30US,2016-07-28,3.48
MORTGAGE30US,2016-08-04,3.43
MORTGAGE30US,2016-08-11,3.45
MORTGAGE30US,2016-08-18,3.43
MORTGAGE30US,2016-08-25,3.43
MORTGAGE30US,2016-09-01,3.46
MORTGAGE30US,2016-09-08,3.44
MORTGAGE30US,2016-09-15,3.5
MORTGAGE30US,2016-09-22,3.48
MORTGAGE30US,2016-09-29,3.42
MORTGAGE30US,2016-10-06,3.42
MORTGAGE30US,2016-10-13,3.47
MORTGAGE30US,2016-10-20,3.52
MORTGAGE30US,2016-10-27,3.47
MORTGAGE30US,2016-11-03,3.54
MORTGAGE30US,2016-11-10,3.57
MORTGAGE30US,2016-11-17,3.94
MORTGAGE30US,2016-11-23,4.03
MORTGAGE30US,2016-12-01,4.08
MORTGAGE30US,2016-12-08,4.13
MORTGAGE30US,2016-12-15,4.16
MORTGAGE30US,2016-12-22,4.3
MORTGAGE30US,2016-12-29,4.32
MORTGAGE30US,2017-01-05,4.2
MORTGAGE30US,2017-01-12,4.12
MORTGAGE30US,2017-01-19,4.09
MORTGAGE30US,2017-01-26,4.19
MORTGAGE30US,2017-02-02,4.19
MORTGAGE30US,2017-02-09,4.17
MORTGAGE30US,2017-02-16,4.15
MORTGAGE30US,2017-02-23,4.16
MORTGAGE30US,2017-03-02,4.1
MORTGAGE30US,2017-03-09,4.21
MORTGAGE30US,2017-03-16,4.3
MORTGAGE30US,2017-03-23,4.23
MORTGAGE30US,2017-03-30,4.14
MORTGAGE30US,2017-04-06,4.1
MORTGAGE30US,2017-04-13,4.08
MORTGAGE30US,2017-04-20,3.97
MORTGAGE30US,2017-04-27,4.03
MORTGAGE30US,2017-05-04,4.02
MORTGAGE30US,2017-05-11,4.05
MORTGAGE30US,2017-05-18,4.02
MORTGAGE30US,2017-05-25,3.95
MORTGAGE30US,2017-06-01,3.94
MORTGAGE30US,2017-06-08,3.89
MORTGAGE30US,2017-06-15,3.91
MORTGAGE30US,2017-06-22,3.9
MORTGAGE30US,2017-06-29,3.88
MORTGAGE30US,2017-07-06,3.96
MORTGAGE30US,2017-07-13,4.03
MORTGAGE30US,2017-07-20,3.96
MORTGAGE30US,2017-07-27,3.92
MORTGAGE30US,2017-08-03,3.93
MORTGAGE30US,2017-08-10,3.9
MORTGAGE30US,2017-08-17,3.89
MORTGAGE30US,2017-08-24,3.86
MORTGAGE30US,2017-08-31,3.82
MORTGAGE30US,2017-09-07,3.78
MORTGAGE30US,2017-09-14,3.78
MORTGAGE30US,2017-09-21,3.83
MORTGAGE30US,2017-09-28,3.83
MORTGAGE30US,2017-10-05,3.85
MORTGAGE30US,2017-10-12,3.91
MORTGAGE30US,2017-10-19,3.88
MORTGAGE30US,2017-10-26,3.94
MORTGAGE30US,2017-11-02,3.94
MORTGAGE30US,2017-11-09,3.9
MORTGAGE30US,2017-11-16,3.95
MORTGAGE30US,2017-11-22,3.92
MORTGAGE30US,2017-11-30,3.9
MORTGAGE30US,2017-12-07,3.94
MORTGAGE30US,2017-12-14,3.93
MORTGAGE30US,2017-12-21,3.94
MORTGAGE30US,2017-12-28,3.99
MORTGAGE30US,2018-01-04,3.95
MORTGAGE30US,2018-01-11,3.99
MORTGAGE30US,2018-01-18,4.04
MORTGAGE30US,2018-01-25,4.15
MORTGAGE30US,2018-02-01,4.22
MORTGAGE30US,2018-02-08,4.32
MORTGAGE30US,2018-02-15,4.38
MORTGAGE30US,2018-02-22,4.4
MORTGAGE30US,2018-03-01,4.43
MORTGAGE30US,2018-03-08,4.46
MORTGAGE30US,2018-03-15,4.44
MORTGAGE30US,2018-03-22,4.45
MORTGAGE30US,2018-03-29,4.44
MORTGAGE30US,2018-04-05,4.4
MORTGAGE30US,2018-04-12,4.42
MORTGAGE30US,2018-04-19,4.47
MORTGAGE30US,2018-04-26,4.58
MORTGAGE30US,2018-05-03,4.55
MORTGAGE30US,2018-05-10,4.55
MORTGAGE30US,2018-05-17,4.61
MORTGAGE30US,2018-05-24,4.66
MORTGAGE30US,2018-05-31,4.56
MORTGAGE30US,2018-06-07,4.54
MORTGAGE30US,2018-06-14,4.62
MORTGAGE30US,2018-06-21,4.57
MORTGAGE30US,2018-06-28,4.55
MORTGAGE30US,2018-07-05,4.52
MORTGAGE30US,2018-07-12,4.53
MORTGAGE30US,2018-07-19,4.52
MORTGAGE30US,2018-07-26,4.54
MORTGAGE30US,2018-08-02,4.6
MORTGAGE30US,2018-08-09,4.59
MORTGAGE30US,2018-08-16,4.53
MORTGAGE30US,2018-08-23,4.51
MORTGAGE30US,2018-08-30,4.52
MORTGAGE30US,2018-09-06,4.54
MORTGAGE30US,2018-09-13,4.6
MORTGAGE30US,2018-09-20,4.65
MORTGAGE30US,2018-09-27,4.72
MORTGAGE30US,2018-10-04,4.71
MORTGAGE30US,2018-10-11,4.9
MORTGAGE30US,2018-10-18,4.85
MORTGAGE30US,2018-10-25,4.86
MORTGAGE30US,2018-11-01,4.83
MORTGAGE30US,2018-11-08,4.94
MORTGAGE30US,2018-11-15,4.94
MORTGAGE30US,2018-11-21,4.81
MORTGAGE30US,2018-11-29,4.81
MORTGAGE30US,2018-12-06,4.75
MORTGAGE30US,2018-12-13,4.63
MORTGAGE30US,2018-12-20,4.62
MORTGAGE30US,2018-12-27,4.55
MORTGAGE30US,2019-01-03,4.51
MORTGAGE30US,2019-01-10,4.45
MORTGAGE30US,2019-01-17,4.45
MORTGAGE30US,2019-01-24,4.45
MORTGAGE30US,2019-01-31,4.46
MORTGAGE30US,2019-02-07,4.41
MORTGAGE30US,2019-02-14,4.37
MORTGAGE30US,2019-02-21,4.35
MORTGAGE30US,2019-02-28,4.35
MORTGAGE30US,2019-03-07,4.41
MORTGAGE30US,2019-03-14,4.31
MORTGAGE30US,2019-03-21,4.28
MORTGAGE30US,2019-03-28,4.06
MORTGAGE30US,2019-04-04,4.08
MORTGAGE30US,2019-04-11,4.12
MORTGAGE30US,2019-04-18,4.17
MORTGAGE30US,2019-04-25,4.2
MORTGAGE30US,2019-05-02,4.14
MORTGAGE30US,2019-05-09,4.1
MORTGAGE30US,2019-05-16,4.07
MORTGAGE30US,2019-05-23,4.06
MORTGAGE30US,2019-05-30,3.99
MORTGAGE30US,2019-06-06,3.82
MORTGAGE30US,2019-06-13,3.82
MORTGAGE30US,2019-06-20,3.84
MORTGAGE30US,2019-06-27,3.73
MORTGAGE30US,2019-07-03,3.75
MORTGAGE30US,2019-07-11,3.75
MORTGAGE30US,2019-07-18,3.81
MORTGAGE30US,2019-07-25,3.75
MORTGAGE30US,2019-08-01,3.75
MORTGAGE30US,2019-08-08,3.6
MORTGAGE30US,2019-08-15,3.6
MORTGAGE30US,2019-08-22,3.55
MORTGAGE30US,2019-08-29,3.58
MORTGAGE30US,2019-09-05,3.49
MORTGAGE30US,2019-09-12,3.56
MORTGAGE30US,2019-09-19,3.73
MORTGAGE30US,2019-09-26,3.64
MORTGAGE30US,2019-10-03,3.65
MORTGAGE30US,2019-10-10,3.57
MORTGAGE30US,2019-10-17,3.69
MORTGAGE30US,2019-10-24,3.75
MORTGAGE30US,2019-10-31,3.78
MORTGAGE30US,2019-11-07,3.69
MORTGAGE30US,2019-11-14,3.75
MORTGAGE30US,2019-11-21,3.66
MORTGAGE30US,2019-11-27,3.68
MORTGAGE30US,2019-12-05,3.68
MORTGAGE30US,2019-12-12,3.73
MORTGAGE30US,2019-12-19,3.73
MORTGAGE30US,2019-12-26,3.74
MORTGAGE30US,2020-01-02,3.72
MORTGAGE30US,2020-01-09,3.64
MORTGAGE30US,2020-01-16,3.65
MORTGAGE30US,2020-01-23,3.6
MORTGAGE30US,2020-01-30,3.51
MORTGAGE30US,2020-02-06,3.45
MORTGAGE30US,2020-02-13,3.47
MORTGAGE30US,2020-02-20,3.49
MORTGAGE30US,2020-02-27,3.45
MORTGAGE30US,2020-03-05,3.29
MORTGAGE30US,2020-03-12,3.36
MORTGAGE30US,2020-03-19,3.65
MORTGAGE30US,2020-03-26,3.5
MORTGAGE30US,2020-04-02,3.33
MORTGAGE30US,2020-04-09,3.33
MORTGAGE30US,2020-04-16,3.31
MORTGAGE30US,2020-04-23,3.33
MORTGAGE30US,2020-04-30,3.23
MORTGAGE30US,2020-05-07,3.26
MORTGAGE30US,2020-05-14,3.28
MORTGAGE30US,2020-05-21,3.24
MORTGAGE30US,2020-05-28,3.15
MORTGAGE30US,2020-06-04,3.18
MORTGAGE30US,2020-06-11,3.21
MORTGAGE30US,2020-06-18,3.13
MORTGAGE30US,2020-06-25,3.13
MORTGAGE30US,2020-07-02,3.07
MORTGAGE30US,2020-07-09,3.03
MORTGAGE30US,2020-07-16,2.98
MORTGAGE30US,2020-07-23,3.01
MORTGAGE30US,2020-07-30,2.99
MORTGAGE30US,2020-08-06,2.88
MORTGAGE30US,2020-08-13,2.96
MORTGAGE30US,2020-08-20,2.99
MORTGAGE30US,2020-08-27,2.91
MORTGAGE30US,2020-09-03,2.93
MORTGAGE30US,2020-09-10,2.86
MORTGAGE30US,2020-09-17,2.87
MORTGAGE30US,2020-09-24,2.9
MORTGAGE30US,2020-10-01,2.88
MORTGAGE30US,2020-10-08,2.87
MORTGAGE30US,2020-10-15,2.81
MORTGAGE30US,2020-10-22,2.8
MORTGAGE30US,2020-10-29,2.81
MORTGAGE30US,2020-11-05,2.78
MORTGAGE30US,2020-11-12,2.84
MORTGAGE30US,2020-11-19,2.72
MORTGAGE30US,2020-11-25,2.72
MORTGAGE30US,2020-12-03,2.71
MORTGAGE30US,2020-12-10,2.71
MORTGAGE30US,2020-12-17,2.67
MORTGAGE30US,2020-12-24,2.66
MORTGAGE30US,2020-12-31,2.67
MORTGAGE30US,2021-01-07,2.65
MORTGAGE30US,2021-01-14,2.79
MORTGAGE30US,2021-01-21,2.77
MORTGAGE30US,2021-01-28,2.73
MORTGAGE30US,2021-02-04,2.73
MORTGAGE30US,2021-02-11,2.73
MORTGAGE30US,2021-02-18,2.81
MORTGAGE30US,2021-02-25,2.97
MORTGAGE30US,2021-03-04,3.02
MORTGAGE30US,2021-03-11,3.05
MORTGAGE30US,2021-03-18,3.09
MORTGAGE30US,2021-03-25,3.17
MORTGAGE30US,2021-04-01,3.18
MORTGAGE30US,2021-04-08,3.13
MORTGAGE30US,2021-04-15,3.04
MORTGAGE30US,2021-04-22,2.97
MORTGAGE30US,2021-04-29,2.98
MORTGAGE30US,2021-05-06,2.96
MORTGAGE30US,2021-05-13,2.94
MORTGAGE30US,2021-05-20,3.0
MORTGAGE30US,2021-05-27,2.95
MORTGAGE30US,2021-06-03,2.99
MORTGAGE30US,2021-06-10,2.96
MORTGAGE30US,2021-06-17,2.93
MORTGAGE30US,2021-06-24,3.02
MORTGAGE30US,2021-07-01,2.98
MORTGAGE30US,2021-07-08,2.9
MORTGAGE30US,2021-07-15,2.88
MORTGAGE30US,2021-07-22,2.78
MORTGAGE30US,2021-07-29,2.8
MORTGAGE30US,2021-08-05,2.77
MORTGAGE30US,2021-08-12,2.87
MORTGAGE30US,2021-08-19,2.86
MORTGAGE30US,2021-08-26,2.87
MORTGAGE30US,2021-09-02,2.87
MORTGAGE30US,2021-09-09,2.88
MORTGAGE30US,2021-09-16,2.86
MORTGAGE30US,2021-09-23,2.88
MORTGAGE30US,2021-09-30,3.01
MORTGAGE30US,2021-10-07,2.99
MORTGAGE30US,2021-10-14,3.05
MORTGAGE30US,2021-10-21,3.09
MORTGAGE30US,2021-10-28,3.14
MORTGAGE30US,2021-11-04,3.09
MORTGAGE30US,2021-11-10,2.98
MORTGAGE30US,2021-11-18,3.1
MORTGAGE30US,2021-11-24,3.1
MORTGAGE30US,2021-12-02,3.11
MORTGAGE30US,2021-12-09,3.1
MORTGAGE30US,2021-12-16,3.12
MORTGAGE30US,2021-12-23,3.05
MORTGAGE30US,2021-12-30,3.11
MORTGAGE30US,2022-01-06,3.22
MORTGAGE30US,2022-01-13,3.45
MORTGAGE30US,2022-01-20,3.56
MORTGAGE30US,2022-01-27,3.55
MORTGAGE30US,2022-02-03,3.55
MORTGAGE30US,2022-02-10,3.69
MORTGAGE30US,2022-02-17,3.92
MORTGAGE30US,2022-02-24,3.89
MORTGAGE30US,2022-03-03,3.76
MORTGAGE30US,2022-03-10,3.85
MORTGAGE30US,2022-03-17,4.16
MORTGAGE30US,2022-03-24,4.42
MORTGAGE30US,2022-03-31,4.67
MORTGAGE30US,2022-04-07,4.72
MORTGAGE30US,2022-04-14,5.0
MORTGAGE30US,2022-04-21,5.11
MORTGAGE30US,2022-04-28,5.1
MORTGAGE30US,2022-05-05,5.27
MORTGAGE30US,2022-05-12,5.3
MORTGAGE30US,2022-05-19,5.25
MORTGAGE30US,2022-05-26,5.1
MORTGAGE30US,2022-06-02,5.09
MORTGAGE30US,2022-06-09,5.23
MORTGAGE30US,2022-06-16,5.78
MORTGAGE30US,2022-06-23,5.81
MORTGAGE30US,2022-06-30,5.7
MORTGAGE30US,2022-07-07,5.3
MORTGAGE30US,2022-07-14,5.51
MORTGAGE30US,2022-07-21,5.54
MORTGAGE30US,2022-07-28,5.3
MORTGAGE30US,2022-08-04,4.99
MORTGAGE30US,2022-08-11,5.22
MORTGAGE30US,2022-08-18,5.13
MORTGAGE30US,2022-08-25,5.55
MORTGAGE30US,2022-09-01,5.66
MORTGAGE30US,2022-09-08,5.89
MORTGAGE30US,2022-09-15,6.02
MORTGAGE30US,2022-09-22,6.29
MORTGAGE30US,2022-09-29,6.7
MORTGAGE30US,2022-10-06,6.66
MORTGAGE30US,2022-10-13,6.92
MORTGAGE30US,2022-10-20,6.94
MORTGAGE30US,2022-10-27,7.08
MORTGAGE30US,2022-11-03,6.95
MORTGAGE30US,2022-11-10,7.08
MORTGAGE30US,2022-11-17,6.61
MORTGAGE30US,2022-11-23,6.58
MORTGAGE30US,2022-12-01,6.49
MORTGAGE30US,2022-12-08,6.33
MORTGAGE30US,2022-12-15,6.31
MORTGAGE30US,2022-12-22,6.27
MORTGAGE30US,2022-12-29,6.42
MORTGAGE30US,2023-01-05,6.48
MORTGAGE30US,2023-01-12,6.33
MORTGAGE30US,2023-01-19,6.15
MORTGAGE30US,2023-01-26,6.13
MORTGAGE30US,2023-02-02,6.09
MORTGAGE30US,2023-02-09,6.12
MORTGAGE30US,2023-02-16,6.32
MORTGAGE30US,2023-02-23,6.5
MORTGAGE30US,2023-03-02,6.65
MORTGAGE30US,2023-03-09,6.73
MORTGAGE30US,2023-03-16,6.6
MORTGAGE30US,2023-03-23,6.42
MORTGAGE30US,2023-03-30,6.32
MORTGAGE30US,2023-04-06,6.28
MORTGAGE30US,2023-04-13,6.27
MORTGAGE30US,2023-04-20,6.39
MORTGAGE30US,2023-04-27,6.43
MORTGAGE30US,2023-05-04,6.39
MORTGAGE30US,2023-05-11,6.35
MORTGAGE30US,2023-05-18,6.39
MORTGAGE30US,2023-05-25,6.57
MORTGAGE30US,2023-06-01,6.79
MORTGAGE30US,2023-06-08,6.71
MORTGAGE30US,2023-06-15,6.69
MORTGAGE30US,2023-06-22,6.67
MORTGAGE30US,2023-06-29,6.71
MORTGAGE30US,2023-07-06,6.81
MORTGAGE30US,2023-07-13,6.96
MORTGAGE30US,2023-07-20,6.78
MORTGAGE30US,2023-07-27,6.81
MORTGAGE30US,2023-08-03,6.9
MORTGAGE30US,2023-08-10,6.96
MORTGAGE30US,2023-08-17,7.09
MORTGAGE30US,2023-08-24,7.23
MORTGAGE30US,2023-08-31,7.18
MORTGAGE30US,2023-09-07,7.12
MORTGAGE30US,2023-09-14,7.18
MORTGAGE30US,2023-09-21,7.19
MORTGAGE30US,2023-09-28,7.31
MORTGAGE30US,2023-10-05,7.49
MORTGAGE30US,2023-10-12,7.57
MORTGAGE30US,2023-10-19,7.63
MORTGAGE30US,2023-10-26,7.79
MORTGAGE30US,2023-11-02,7.76
MORTGAGE30US,2023-11-09,7.5
MORTGAGE30US,2023-11-16,7.44
MORTGAGE30US,2023-11-22,7.29
MORTGAGE30US,2023-11-30,7.22
MORTGAGE30US,2023-12-07,7.03
MORTGAGE30US,2023-12-14,6.95
MORTGAGE30US,2023-12-21,6.67
MORTGAGE30US,2023-12-28,6.61
MORTGAGE30US,2024-01-04,6.62
MORTGAGE30US,2024-01-11,6.66
MORTGAGE30US,2024-01-18,6.6
MORTGAGE30US,2024-01-25,6.69
MORTGAGE30US,2024-02-01,6.63
MORTGAGE30US,2024-02-08,6.64
MORTGAGE30US,2024-02-15,6.77
MORTGAGE30US,2024-02-22,6.9
MORTGAGE30US,2024-02-29,6.94
MORTGAGE30US,2024-03-07,6.88
MORTGAGE30US,2024-03-14,6.74
MORTGAGE30US,2024-03-21,6.87
MORTGAGE30US,2024-03-28,6.79
MORTGAGE30US,2024-04-04,6.82
MORTGAGE30US,2024-04-11,6.88
MORTGAGE30US,2024-04-18,7.1
MORTGAGE30US,2024-04-25,7.17
MORTGAGE30US,2024-05-02,7.22
MORTGAGE30US,2024-05-09,7.09
MORTGAGE30US,2024-05-16,7.02
MORTGAGE30US,2024-05-23,6.94
MORTGAGE30US,2024-05-30,7.03
MORTGAGE30US,2024-06-06,6.99
MORTGAGE30US,2024-06-13,6.95
MORTGAGE30US,2024-06-20,6.87
MORTGAGE30US,2024-06-27,6.86
MORTGAGE30US,2024-07-03,6.95
MORTGAGE30US,2024-07-11,6.89
MORTGAGE30US,2024-07-18,6.77
MORTGAGE30US,2024-07-25,6.78
MORTGAGE30US,2024-08-01,6.73
MORTGAGE30US,2024-08-08,6.47
MORTGAGE30US,2024-08-15,6.49
MORTGAGE30US,2024-08-22,6.46
MORTGAGE30US,2024-08-29,6.35
MORTGAGE30US,2024-09-05,6.35
MORTGAGE30US,2024-09-12,6.2
MORTGAGE30US,2024-09-19,6.09
MORTGAGE30US,2024-09-26,6.08
MORTGAGE30US,2024-10-03,6.12
MORTGAGE30US,2024-10-10,6.32
MORTGAGE30US,2024-10-17,6.44
MORTGAGE30US,2024-10-24,6.54
MORTGAGE30US,2024-10-31,6.72
MORTGAGE30US,2024-11-07,6.79
MORTGAGE30US,2024-11-14,6.78
MORTGAGE30US,2024-11-21,6.84
MORTGAGE30US,2024-11-27,6.81
MORTGAGE30US,2024-12-05,6.69
MORTGAGE30US,2024-12-12,6.6
MORTGAGE30US,2024-12-19,6.72
MORTGAGE30US,2024-12-26,6.85
MORTGAGE30US,2025-01-02,6.91
MORTGAGE30US,2025-01-09,6.93
MORTGAGE30US,2025-01-16,7.04
MORTGAGE30US,2025-01-23,6.96
MORTGAGE30US,2025-01-30,6.95
MORTGAGE30US,2025-02-06,6.89
MORTGAGE30US,2025-02-13,6.87
MORTGAGE30US,2025-02-20,6.85
MORTGAGE30US,2025-02-27,6.76
MORTGAGE30US,2025-03-06,6.63
MORTGAGE30US,2025-03-13,6.65
MORTGAGE30US,2025-03-20,6.67
MORTGAGE30US,2025-03-27,6.65
MORTGAGE30US,2025-04-03,6.64
MORTGAGE30US,2025-04-10,6.62
MORTGAGE30US,2025-04-17,6.83
MORTGAGE30US,2025-04-24,6.81
MORTGAGE30US,2025-05-01,6.76
MORTGAGE30US,2025-05-08,6.76
MORTGAGE30US,2025-05-15,6.81
MORTGAGE30US,2025-05-22,6.86
MORTGAGE30US,2025-05-29,6.89
MORTGAGE30US,2025-06-05,6.85
MORTGAGE30US,2025-06-12,6.84
MORTGAGE30US,2025-06-18,6.81
MORTGAGE30US,2025-06-26,6.77
MORTGAGE30US,2025-07-03,6.67
MORTGAGE30US,2025-07-10,6.72
MORTGAGE30US,2025-07-17,6.75
MORTGAGE30US,2025-07-24,6.74
MORTGAGE30US,2025-07-31,6.72
MORTGAGE30US,2025-08-07,6.63
MORTGAGE30US,2025-08-14,6.58
MORTGAGE30US,2025-08-21,6.58
MORTGAGE30US,2025-08-28,6.56
MORTGAGE30US,2025-09-04,6.5
MORTGAGE30US,2025-09-11,6.35
MORTGAGE30US,2025-09-18,6.26
MORTGAGE30US,2025-09-25,6.3
MORTGAGE30US,2025-10-02,6.34
MORTGAGE30US,2025-10-09,6.3
MORTGAGE30US,2025-10-16,6.27
MORTGAGE30US,2025-10-23,6.19
MORTGAGE30US,2025-10-30,6.17
MORTGAGE30US,2025-11-06,6.22
MORTGAGE30US,2025-11-13,6.24
MORTGAGE30US,2025-11-20,6.26
MORTGAGE30US,2025-11-26,6.23
MORTGAGE30US,2025-12-04,6.19
MORTGAGE30US,2025-12-11,6.22
MORTGAGE30US,2025-12-18,6.21
MORTGAGE30US,2025-12-24,6.18
MORTGAGE30US,2025-12-31,6.15
MORTGAGE30US,2026-01-08,6.16
MORTGAGE30US,2026-01-15,6.06
MORTGAGE30US,2026-01-22,6.09
MORTGAGE30US,2026-01-29,6.1
MORTGAGE30US,2026-02-05,6.11
MORTGAGE30US,2026-02-12,6.09
MORTGAGE30US,2026-02-19,6.01
MORTGAGE30US,2026-02-26,5.98
MORTGAGE30US,2026-03-05,6.0
MORTGAGE30US,2026-03-12,6.11
MORTGAGE30US,2026-03-19,6.22
MORTGAGE30US,2026-03-26,6.38
MORTGAGE30US,2026-04-02,6.46
MORTGAGE30US,2026-04-09,6.37
MORTGAGE30US,2026-04-16,6.3
MORTGAGE30US,2026-04-23,6.23
MORTGAGE30US,2026-04-30,6.3
MORTGAGE30US,2026-05-07,6.37
MORTGAGE30US,2026-05-14,6.36
MORTGAGE30US,2026-05-21,6.51
MORTGAGE30US,2026-05-28,6.53
MORTGAGE30US,2026-06-04,6.48
MORTGAGE30US,2026-06-11,6.52
MORTGAGE30US,2026-06-18,6.47
MORTGAGE30US,2026-06-25,6.49
MORTGAGE30US,2026-07-02,6.43
MORTGAGE30US,2026-07-09,6.49
MORTGAGE30US,2026-07-16,6.55
MORTGAGE30US,2026-07-23,6.58
MORTGAGE30US,2026-07-30,6.66
MORTGAGE30US,2026-08-06,6.69
MORTGAGE30US,2026-08-13,6.67
MORTGAGE30US,2026-08-20,6.65
MORTGAGE30US,2026-08-27,6.66
MORTGAGE30US,2026-09-03,6.71
MORTGAGE30US,2026-09-10,6.76
DGS10,2000-01-31,6.68
DGS10,2000-02-29,6.42
DGS10,2000-03-31,6.03
DGS10,2000-04-28,6.23
DGS10,2000-05-31,6.29
DGS10,2000-06-30,6.03
DGS10,2000-07-31,6.04
DGS10,2000-08-31,5.73
DGS10,2000-09-29,5.8
DGS10,2000-10-31,5.77
DGS10,2000-11-30,5.48
DGS10,2000-12-29,5.12
DGS10,2001-01-31,5.19
DGS10,2001-02-28,4.92
DGS10,2001-03-30,4.93
DGS10,2001-04-30,5.35
DGS10,2001-05-31,5.43
DGS10,2001-06-29,5.42
DGS10,2001-07-31,5.07
DGS10,2001-08-31,4.85
DGS10,2001-09-28,4.6
DGS10,2001-10-31,4.3
DGS10,2001-11-30,4.78
DGS10,2001-12-31,5.07
DGS10,2002-01-31,5.07
DGS10,2002-02-28,4.88
DGS10,2002-03-28,5.42
DGS10,2002-04-30,5.11
DGS10,2002-05-31,5.08
DGS10,2002-06-28,4.86
DGS10,2002-07-31,4.51
DGS10,2002-08-30,4.14
DGS10,2002-09-30,3.63
DGS10,2002-10-31,3.93
DGS10,2002-11-29,4.22
DGS10,2002-12-31,3.83
DGS10,2003-01-31,4.0
DGS10,2003-02-28,3.71
DGS10,2003-03-31,3.83
DGS10,2003-04-30,3.89
DGS10,2003-05-30,3.37
DGS10,2003-06-30,3.54
DGS10,2003-07-31,4.49
DGS10,2003-08-29,4.45
DGS10,2003-09-30,3.96
DGS10,2003-10-31,4.33
DGS10,2003-11-28,4.34
DGS10,2003-12-31,4.27
DGS10,2004-01-30,4.16
DGS10,2004-02-27,3.99
DGS10,2004-03-31,3.86
DGS10,2004-04-30,4.53
DGS10,2004-05-28,4.66
DGS10,2004-06-30,4.62
DGS10,2004-07-30,4.5
DGS10,2004-08-31,4.13
DGS10,2004-09-30,4.14
DGS10,2004-10-29,4.05
DGS10,2004-11-30,4.36
DGS10,2004-12-31,4.24
DGS10,2005-01-31,4.14
DGS10,2005-02-28,4.36
DGS10,2005-03-31,4.5
DGS10,2005-04-29,4.21
DGS10,2005-05-31,4.0
DGS10,2005-06-30,3.94
DGS10,2005-07-29,4.28
DGS10,2005-08-31,4.02
DGS10,2005-09-30,4.34
DGS10,2005-10-31,4.57
DGS10,2005-11-30,4.49
DGS10,2005-12-30,4.39
DGS10,2006-01-31,4.53
DGS10,2006-02-28,4.55
DGS10,2006-03-31,4.86
DGS10,2006-04-28,5.07
DGS10,2006-05-31,5.12
DGS10,2006-06-30,5.15
DGS10,2006-07-31,4.99
DGS10,2006-08-31,4.74
DGS10,2006-09-29,4.64
DGS10,2006-10-31,4.61
DGS10,2006-11-30,4.46
DGS10,2006-12-29,4.71
DGS10,2007-01-31,4.83
DGS10,2007-02-28,4.56
DGS10,2007-03-30,4.65
DGS10,2007-04-30,4.63
DGS10,2007-05-31,4.9
DGS10,2007-06-29,5.03
DGS10,2007-07-31,4.78
DGS10,2007-08-31,4.54
DGS10,2007-09-28,4.59
DGS10,2007-10-31,4.48
DGS10,2007-11-30,3.97
DGS10,2007-12-31,4.04
DGS10,2008-01-31,3.67
DGS10,2008-02-29,3.53
DGS10,2008-03-31,3.45
DGS10,2008-04-30,3.77
DGS10,2008-05-30,4.06
DGS10,2008-06-30,3.99
DGS10,2008-07-31,3.99
DGS10,2008-08-29,3.83
DGS10,2008-09-30,3.85
DGS10,2008-10-31,4.01
DGS10,2008-11-28,2.93
DGS10,2008-12-31,2.25
DGS10,2009-01-30,2.87
DGS10,2009-02-27,3.02
DGS10,2009-03-31,2.71
DGS10,2009-04-30,3.16
DGS10,2009-05-29,3.47
DGS10,2009-06-30,3.53
DGS10,2009-07-31,3.52
DGS10,2009-08-31,3.4
DGS10,2009-09-30,3.31
DGS10,2009-10-30,3.41
DGS10,2009-11-30,3.21
DGS10,2009-12-31,3.85
DGS10,2010-01-29,3.63
DGS10,2010-02-26,3.61
DGS10,2010-03-31,3.84
DGS10,2010-04-30,3.69
DGS10,2010-05-28,3.31
DGS10,2010-06-30,2.97
DGS10,2010-07-30,2.94
DGS10,2010-08-31,2.47
DGS10,2010-09-30,2.53
DGS10,2010-10-29,2.63
DGS10,2010-11-30,2.81
DGS10,2010-12-31,3.3
DGS10,2011-01-31,3.42
DGS10,2011-02-28,3.42
DGS10,2011-03-31,3.47
DGS10,2011-04-29,3.32
DGS10,2011-05-31,3.05
DGS10,2011-06-30,3.18
DGS10,2011-07-29,2.82
DGS10,2011-08-31,2.23
DGS10,2011-09-30,1.92
DGS10,2011-10-31,2.17
DGS10,2011-11-30,2.08
DGS10,2011-12-30,1.89
DGS10,2012-01-31,1.83
DGS10,2012-02-29,1.98
DGS10,2012-03-30,2.23
DGS10,2012-04-30,1.95
DGS10,2012-05-31,1.59
DGS10,2012-06-29,1.67
DGS10,2012-07-31,1.51
DGS10,2012-08-31,1.57
DGS10,2012-09-28,1.65
DGS10,2012-10-31,1.72
DGS10,2012-11-30,1.62
DGS10,2012-12-31,1.78
DGS10,2013-01-31,2.02
DGS10,2013-02-28,1.89
DGS10,2013-03-28,1.87
DGS10,2013-04-30,1.7
DGS10,2013-05-31,2.16
DGS10,2013-06-28,2.52
DGS10,2013-07-31,2.6
DGS10,2013-08-30,2.78
DGS10,2013-09-30,2.64
DGS10,2013-10-31,2.57
DGS10,2013-11-29,2.75
DGS10,2013-12-31,3.04
DGS10,2014-01-31,2.67
DGS10,2014-02-28,2.66
DGS10,2014-03-31,2.73
DGS10,2014-04-30,2.67
DGS10,2014-05-30,2.48
DGS10,2014-06-30,2.53
DGS10,2014-07-31,2.58
DGS10,2014-08-29,2.35
DGS10,2014-09-30,2.52
DGS10,2014-10-31,2.35
DGS10,2014-11-28,2.18
DGS10,2014-12-31,2.17
DGS10,2015-01-30,1.68
DGS10,2015-02-27,2.0
DGS10,2015-03-31,1.94
DGS10,2015-04-30,2.05
DGS10,2015-05-29,2.12
DGS10,2015-06-30,2.35
DGS10,2015-07-31,2.2
DGS10,2015-08-31,2.21
DGS10,2015-09-30,2.06
DGS10,2015-10-30,2.16
DGS10,2015-11-30,2.21
DGS10,2015-12-31,2.27
DGS10,2016-01-29,1.94
DGS10,2016-02-29,1.74
DGS10,2016-03-31,1.78
DGS10,2016-04-29,1.83
DGS10,2016-05-31,1.84
DGS10,2016-06-30,1.49
DGS10,2016-07-29,1.46
DGS10,2016-08-31,1.58
DGS10,2016-09-30,1.6
DGS10,2016-10-31,1.84
DGS10,2016-11-30,2.37
DGS10,2016-12-30,2.45
DGS10,2017-01-31,2.45
DGS10,2017-02-28,2.36
DGS10,2017-03-31,2.4
DGS10,2017-04-28,2.29
DGS10,2017-05-31,2.21
DGS10,2017-06-30,2.31
DGS10,2017-07-31,2.3
DGS10,2017-08-31,2.12
DGS10,2017-09-29,2.33
DGS10,2017-10-31,2.38
DGS10,2017-11-30,2.42
DGS10,2017-12-29,2.4
DGS10,2018-01-31,2.72
DGS10,2018-02-28,2.87
DGS10,2018-03-29,2.74
DGS10,2018-04-30,2.95
DGS10,2018-05-31,2.83
DGS10,2018-06-29,2.85
DGS10,2018-07-31,2.96
DGS10,2018-08-31,2.86
DGS10,2018-09-28,3.05
DGS10,2018-10-31,3.15
DGS10,2018-11-30,3.01
DGS10,2018-12-31,2.69
DGS10,2019-01-31,2.63
DGS10,2019-02-28,2.73
DGS10,2019-03-29,2.41
DGS10,2019-04-30,2.51
DGS10,2019-05-31,2.14
DGS10,2019-06-28,2.0
DGS10,2019-07-31,2.02
DGS10,2019-08-30,1.5
DGS10,2019-09-30,1.68
DGS10,2019-10-31,1.69
DGS10,2019-11-29,1.78
DGS10,2019-12-31,1.92
DGS10,2020-01-31,1.51
DGS10,2020-02-28,1.13
DGS10,2020-03-31,0.7
DGS10,2020-04-30,0.64
DGS10,2020-05-29,0.65
DGS10,2020-06-30,0.66
DGS10,2020-07-31,0.55
DGS10,2020-08-31,0.72
DGS10,2020-09-30,0.69
DGS10,2020-10-30,0.88
DGS10,2020-11-30,0.84
DGS10,2020-12-31,0.93
DGS10,2021-01-29,1.11
DGS10,2021-02-26,1.44
DGS10,2021-03-31,1.74
DGS10,2021-04-30,1.65
DGS10,2021-05-28,1.58
DGS10,2021-06-30,1.45
DGS10,2021-07-30,1.24
DGS10,2021-08-31,1.3
DGS10,2021-09-30,1.52
DGS10,2021-10-29,1.55
DGS10,2021-11-30,1.43
DGS10,2021-12-31,1.52
DGS10,2022-01-31,1.79
DGS10,2022-02-28,1.83
DGS10,2022-03-31,2.32
DGS10,2022-04-29,2.89
DGS10,2022-05-31,2.85
DGS10,2022-06-30,2.98
DGS10,2022-07-29,2.67
DGS10,2022-08-31,3.15
DGS10,2022-09-30,3.83
DGS10,2022-10-31,4.1
DGS10,2022-11-30,3.68
DGS10,2022-12-30,3.88
DGS10,2023-01-31,3.52
DGS10,2023-02-28,3.92
DGS10,2023-03-31,3.48
DGS10,2023-04-28,3.44
DGS10,2023-05-31,3.64
DGS10,2023-06-30,3.81
DGS10,2023-07-31,3.97
DGS10,2023-08-31,4.09
DGS10,2023-09-29,4.59
DGS10,2023-10-31,4.88
DGS10,2023-11-30,4.37
DGS10,2023-12-29,3.88
DGS10,2024-01-31,3.99
DGS10,2024-02-29,4.25
DGS10,2024-03-28,4.2
DGS10,2024-04-30,4.69
DGS10,2024-05-31,4.51
DGS10,2024-06-28,4.36
DGS10,2024-07-31,4.09
DGS10,2024-08-30,3.91
DGS10,2024-09-30,3.81
DGS10,2024-10-31,4.28
DGS10,2024-11-29,4.18
DGS10,2024-12-31,4.58
DGS10,2025-01-31,4.58
DGS10,2025-02-28,4.24
DGS10,2025-03-31,4.23
DGS10,2025-04-30,4.17
DGS10,2025-05-30,4.41
DGS10,2025-06-30,4.24
DGS10,2025-07-31,4.37
DGS10,2025-08-29,4.23
DGS10,2025-09-30,4.16
DGS10,2025-10-31,4.11
DGS10,2025-11-28,4.02
DGS10,2025-12-31,4.18
DGS10,2026-01-30,4.26
DGS10,2026-02-27,3.97
DGS10,2026-03-31,4.3
DGS10,2026-04-30,4.4
DGS10,2026-05-29,4.45
DGS10,2026-06-30,4.44
DGS10,2026-07-31,4.75
DGS10,2026-08-31,4.75
DGS10,2026-09-15,5.0
UMCSENT,2000-01-01,112.0
UMCSENT,2000-02-01,111.3
UMCSENT,2000-03-01,107.1
UMCSENT,2000-04-01,109.2
UMCSENT,2000-05-01,110.7
UMCSENT,2000-06-01,106.4
UMCSENT,2000-07-01,108.3
UMCSENT,2000-08-01,107.3
UMCSENT,2000-09-01,106.8
UMCSENT,2000-10-01,105.8
UMCSENT,2000-11-01,107.6
UMCSENT,2000-12-01,98.4
UMCSENT,2001-01-01,94.7
UMCSENT,2001-02-01,90.6
UMCSENT,2001-03-01,91.5
UMCSENT,2001-04-01,88.4
UMCSENT,2001-05-01,92.0
UMCSENT,2001-06-01,92.6
UMCSENT,2001-07-01,92.4
UMCSENT,2001-08-01,91.5
UMCSENT,2001-09-01,81.8
UMCSENT,2001-10-01,82.7
UMCSENT,2001-11-01,83.9
UMCSENT,2001-12-01,88.8
UMCSENT,2002-01-01,93.0
UMCSENT,2002-02-01,90.7
UMCSENT,2002-03-01,95.7
UMCSENT,2002-04-01,93.0
UMCSENT,2002-05-01,96.9
UMCSENT,2002-06-01,92.4
UMCSENT,2002-07-01,88.1
UMCSENT,2002-08-01,87.6
UMCSENT,2002-09-01,86.1
UMCSENT,2002-10-01,80.6
UMCSENT,2002-11-01,84.2
UMCSENT,2002-12-01,86.7
UMCSENT,2003-01-01,82.4
UMCSENT,2003-02-01,79.9
UMCSENT,2003-03-01,77.6
UMCSENT,2003-04-01,86.0
UMCSENT,2003-05-01,92.1
UMCSENT,2003-06-01,89.7
UMCSENT,2003-07-01,90.9
UMCSENT,2003-08-01,89.3
UMCSENT,2003-09-01,87.7
UMCSENT,2003-10-01,89.6
UMCSENT,2003-11-01,93.7
UMCSENT,2003-12-01,92.6
UMCSENT,2004-01-01,103.8
UMCSENT,2004-02-01,94.4
UMCSENT,2004-03-01,95.8
UMCSENT,2004-04-01,94.2
UMCSENT,2004-05-01,90.2
UMCSENT,2004-06-01,95.6
UMCSENT,2004-07-01,96.7
UMCSENT,2004-08-01,95.9
UMCSENT,2004-09-01,94.2
UMCSENT,2004-10-01,91.7
UMCSENT,2004-11-01,92.8
UMCSENT,2004-12-01,97.1
UMCSENT,2005-01-01,95.5
UMCSENT,2005-02-01,94.1
UMCSENT,2005-03-01,92.6
UMCSENT,2005-04-01,87.7
UMCSENT,2005-05-01,86.9
UMCSENT,2005-06-01,96.0
UMCSENT,2005-07-01,96.5
UMCSENT,2005-08-01,89.1
UMCSENT,2005-09-01,76.9
UMCSENT,2005-10-01,74.2
UMCSENT,2005-11-01,81.6
UMCSENT,2005-12-01,91.5
UMCSENT,2006-01-01,91.2
UMCSENT,2006-02-01,86.7
UMCSENT,2006-03-01,88.9
UMCSENT,2006-04-01,87.4
UMCSENT,2006-05-01,79.1
UMCSENT,2006-06-01,84.9
UMCSENT,2006-07-01,84.7
UMCSENT,2006-08-01,82.0
UMCSENT,2006-09-01,85.4
UMCSENT,2006-10-01,93.6
UMCSENT,2006-11-01,92.1
UMCSENT,2006-12-01,91.7
UMCSENT,2007-01-01,96.9
UMCSENT,2007-02-01,91.3
UMCSENT,2007-03-01,88.4
UMCSENT,2007-04-01,87.1
UMCSENT,2007-05-01,88.3
UMCSENT,2007-06-01,85.3
UMCSENT,2007-07-01,90.4
UMCSENT,2007-08-01,83.4
UMCSENT,2007-09-01,83.4
UMCSENT,2007-10-01,80.9
UMCSENT,2007-11-01,76.1
UMCSENT,2007-12-01,75.5
UMCSENT,2008-01-01,78.4
UMCSENT,2008-02-01,70.8
UMCSENT,2008-03-01,69.5
UMCSENT,2008-04-01,62.6
UMCSENT,2008-05-01,59.8
UMCSENT,2008-06-01,56.4
UMCSENT,2008-07-01,61.2
UMCSENT,2008-08-01,63.0
UMCSENT,2008-09-01,70.3
UMCSENT,2008-10-01,57.6
UMCSENT,2008-11-01,55.3
UMCSENT,2008-12-01,60.1
UMCSENT,2009-01-01,61.2
UMCSENT,2009-02-01,56.3
UMCSENT,2009-03-01,57.3
UMCSENT,2009-04-01,65.1
UMCSENT,2009-05-01,68.7
UMCSENT,2009-06-01,70.8
UMCSENT,2009-07-01,66.0
UMCSENT,2009-08-01,65.7
UMCSENT,2009-09-01,73.5
UMCSENT,2009-10-01,70.6
UMCSENT,2009-11-01,67.4
UMCSENT,2009-12-01,72.5
UMCSENT,2010-01-01,74.4
UMCSENT,2010-02-01,73.6
UMCSENT,2010-03-01,73.6
UMCSENT,2010-04-01,72.2
UMCSENT,2010-05-01,73.6
UMCSENT,2010-06-01,76.0
UMCSENT,2010-07-01,67.8
UMCSENT,2010-08-01,68.9
UMCSENT,2010-09-01,68.2
UMCSENT,2010-10-01,67.7
UMCSENT,2010-11-01,71.6
UMCSENT,2010-12-01,74.5
UMCSENT,2011-01-01,74.2
UMCSENT,2011-02-01,77.5
UMCSENT,2011-03-01,67.5
UMCSENT,2011-04-01,69.8
UMCSENT,2011-05-01,74.3
UMCSENT,2011-06-01,71.5
UMCSENT,2011-07-01,63.7
UMCSENT,2011-08-01,55.8
UMCSENT,2011-09-01,59.5
UMCSENT,2011-10-01,60.8
UMCSENT,2011-11-01,63.7
UMCSENT,2011-12-01,69.9
UMCSENT,2012-01-01,75.0
UMCSENT,2012-02-01,75.3
UMCSENT,2012-03-01,76.2
UMCSENT,2012-04-01,76.4
UMCSENT,2012-05-01,79.3
UMCSENT,2012-06-01,73.2
UMCSENT,2012-07-01,72.3
UMCSENT,2012-08-01,74.3
UMCSENT,2012-09-01,78.3
UMCSENT,2012-10-01,82.6
UMCSENT,2012-11-01,82.7
UMCSENT,2012-12-01,72.9
UMCSENT,2013-01-01,73.8
UMCSENT,2013-02-01,77.6
UMCSENT,2013-03-01,78.6
UMCSENT,2013-04-01,76.4
UMCSENT,2013-05-01,84.5
UMCSENT,2013-06-01,84.1
UMCSENT,2013-07-01,85.1
UMCSENT,2013-08-01,82.1
UMCSENT,2013-09-01,77.5
UMCSENT,2013-10-01,73.2
UMCSENT,2013-11-01,75.1
UMCSENT,2013-12-01,82.5
UMCSENT,2014-01-01,81.2
UMCSENT,2014-02-01,81.6
UMCSENT,2014-03-01,80.0
UMCSENT,2014-04-01,84.1
UMCSENT,2014-05-01,81.9
UMCSENT,2014-06-01,82.5
UMCSENT,2014-07-01,81.8
UMCSENT,2014-08-01,82.5
UMCSENT,2014-09-01,84.6
UMCSENT,2014-10-01,86.9
UMCSENT,2014-11-01,88.8
UMCSENT,2014-12-01,93.6
UMCSENT,2015-01-01,98.1
UMCSENT,2015-02-01,95.4
UMCSENT,2015-03-01,93.0
UMCSENT,2015-04-01,95.9
UMCSENT,2015-05-01,90.7
UMCSENT,2015-06-01,96.1
UMCSENT,2015-07-01,93.1
UMCSENT,2015-08-01,91.9
UMCSENT,2015-09-01,87.2
UMCSENT,2015-10-01,90.0
UMCSENT,2015-11-01,91.3
UMCSENT,2015-12-01,92.6
UMCSENT,2016-01-01,92.0
UMCSENT,2016-02-01,91.7
UMCSENT,2016-03-01,91.0
UMCSENT,2016-04-01,89.0
UMCSENT,2016-05-01,94.7
UMCSENT,2016-06-01,93.5
UMCSENT,2016-07-01,90.0
UMCSENT,2016-08-01,89.8
UMCSENT,2016-09-01,91.2
UMCSENT,2016-10-01,87.2
UMCSENT,2016-11-01,93.8
UMCSENT,2016-12-01,98.2
UMCSENT,2017-01-01,98.5
UMCSENT,2017-02-01,96.3
UMCSENT,2017-03-01,96.9
UMCSENT,2017-04-01,97.0
UMCSENT,2017-05-01,97.1
UMCSENT,2017-06-01,95.0
UMCSENT,2017-07-01,93.4
UMCSENT,2017-08-01,96.8
UMCSENT,2017-09-01,95.1
UMCSENT,2017-10-01,100.7
UMCSENT,2017-11-01,98.5
UMCSENT,2017-12-01,95.9
UMCSENT,2018-01-01,95.7
UMCSENT,2018-02-01,99.7
UMCSENT,2018-03-01,101.4
UMCSENT,2018-04-01,98.8
UMCSENT,2018-05-01,98.0
UMCSENT,2018-06-01,98.2
UMCSENT,2018-07-01,97.9
UMCSENT,2018-08-01,96.2
UMCSENT,2018-09-01,100.1
UMCSENT,2018-10-01,98.6
UMCSENT,2018-11-01,97.5
UMCSENT,2018-12-01,98.3
UMCSENT,2019-01-01,91.2
UMCSENT,2019-02-01,93.8
UMCSENT,2019-03-01,98.4
UMCSENT,2019-04-01,97.2
UMCSENT,2019-05-01,100.0
UMCSENT,2019-06-01,98.2
UMCSENT,2019-07-01,98.4
UMCSENT,2019-08-01,89.8
UMCSENT,2019-09-01,93.2
UMCSENT,2019-10-01,95.5
UMCSENT,2019-11-01,96.8
UMCSENT,2019-12-01,99.3
UMCSENT,2020-01-01,99.8
UMCSENT,2020-02-01,101.0
UMCSENT,2020-03-01,89.1
UMCSENT,2020-04-01,71.8
UMCSENT,2020-05-01,72.3
UMCSENT,2020-06-01,78.1
UMCSENT,2020-07-01,72.5
UMCSENT,2020-08-01,74.1
UMCSENT,2020-09-01,80.4
UMCSENT,2020-10-01,81.8
UMCSENT,2020-11-01,76.9
UMCSENT,2020-12-01,80.7
UMCSENT,2021-01-01,79.0
UMCSENT,2021-02-01,76.8
UMCSENT,2021-03-01,84.9
UMCSENT,2021-04-01,88.3
UMCSENT,2021-05-01,82.9
UMCSENT,2021-06-01,85.5
UMCSENT,2021-07-01,81.2
UMCSENT,2021-08-01,70.3
UMCSENT,2021-09-01,72.8
UMCSENT,2021-10-01,71.7
UMCSENT,2021-11-01,67.4
UMCSENT,2021-12-01,70.6
UMCSENT,2022-01-01,67.2
UMCSENT,2022-02-01,62.8
UMCSENT,2022-03-01,59.4
UMCSENT,2022-04-01,65.2
UMCSENT,2022-05-01,58.4
UMCSENT,2022-06-01,50.0
UMCSENT,2022-07-01,51.5
UMCSENT,2022-08-01,58.2
UMCSENT,2022-09-01,58.6
UMCSENT,2022-10-01,59.9
UMCSENT,2022-11-01,56.7
UMCSENT,2022-12-01,59.8
UMCSENT,2023-01-01,64.9
UMCSENT,2023-02-01,66.9
UMCSENT,2023-03-01,62.0
UMCSENT,2023-04-01,63.7
UMCSENT,2023-05-01,59.0
UMCSENT,2023-06-01,64.2
UMCSENT,2023-07-01,71.5
UMCSENT,2023-08-01,69.4
UMCSENT,2023-09-01,67.8
UMCSENT,2023-10-01,63.8
UMCSENT,2023-11-01,61.3
UMCSENT,2023-12-01,69.7
UMCSENT,2024-01-01,79.0
UMCSENT,2024-02-01,76.9
UMCSENT,2024-03-01,79.4
UMCSENT,2024-04-01,77.2
UMCSENT,2024-05-01,69.1
UMCSENT,2024-06-01,68.2
UMCSENT,2024-07-01,66.4
UMCSENT,2024-08-01,67.9
UMCSENT,2024-09-01,70.1
UMCSENT,2024-10-01,70.5
UMCSENT,2024-11-01,71.8
UMCSENT,2024-12-01,74.0
UMCSENT,2025-01-01,71.7
UMCSENT,2025-02-01,64.7
UMCSENT,2025-03-01,57.0
UMCSENT,2025-04-01,52.2
UMCSENT,2025-05-01,52.2
UMCSENT,2025-06-01,60.7
UMCSENT,2025-07-01,61.7
UMCSENT,2025-08-01,58.2
UMCSENT,2025-09-01,55.1
UMCSENT,2025-10-01,53.6
UMCSENT,2025-11-01,51.0
UMCSENT,2025-12-01,52.9
UMCSENT,2026-01-01,56.4
UMCSENT,2026-02-01,56.6
UMCSENT,2026-03-01,53.3
UMCSENT,2026-04-01,49.8
UMCSENT,2026-05-01,44.8
UMCSENT,2026-06-01,49.5
UMCSENT,2026-07-01,55.2
MICH,2000-01-01,3.0
MICH,2000-02-01,2.9
MICH,2000-03-01,3.2
MICH,2000-04-01,3.2
MICH,2000-05-01,3.0
MICH,2000-06-01,2.9
MICH,2000-07-01,3.0
MICH,2000-08-01,2.7
MICH,2000-09-01,2.9
MICH,2000-10-01,3.2
MICH,2000-11-01,2.9
MICH,2000-12-01,2.8
MICH,2001-01-01,3.0
MICH,2001-02-01,2.8
MICH,2001-03-01,2.8
MICH,2001-04-01,3.1
MICH,2001-05-01,3.2
MICH,2001-06-01,3.0
MICH,2001-07-01,2.6
MICH,2001-08-01,2.7
MICH,2001-09-01,2.8
MICH,2001-10-01,1.0
MICH,2001-11-01,0.4
MICH,2001-12-01,1.8
MICH,2002-01-01,1.9
MICH,2002-02-01,2.1
MICH,2002-03-01,2.7
MICH,2002-04-01,2.8
MICH,2002-05-01,2.7
MICH,2002-06-01,2.7
MICH,2002-07-01,2.6
MICH,2002-08-01,2.6
MICH,2002-09-01,2.5
MICH,2002-10-01,2.5
MICH,2002-11-01,2.4
MICH,2002-12-01,2.5
MICH,2003-01-01,2.5
MICH,2003-02-01,2.7
MICH,2003-03-01,3.1
MICH,2003-04-01,2.4
MICH,2003-05-01,2.0
MICH,2003-06-01,2.1
MICH,2003-07-01,1.7
MICH,2003-08-01,2.5
MICH,2003-09-01,2.8
MICH,2003-10-01,2.6
MICH,2003-11-01,2.7
MICH,2003-12-01,2.6
MICH,2004-01-01,2.7
MICH,2004-02-01,2.6
MICH,2004-03-01,2.9
MICH,2004-04-01,3.2
MICH,2004-05-01,3.3
MICH,2004-06-01,3.3
MICH,2004-07-01,3.0
MICH,2004-08-01,2.8
MICH,2004-09-01,2.8
MICH,2004-10-01,3.1
MICH,2004-11-01,2.8
MICH,2004-12-01,3.0
MICH,2005-01-01,2.9
MICH,2005-02-01,2.9
MICH,2005-03-01,3.2
MICH,2005-04-01,3.3
MICH,2005-05-01,3.2
MICH,2005-06-01,3.2
MICH,2005-07-01,3.0
MICH,2005-08-01,3.1
MICH,2005-09-01,4.3
MICH,2005-10-01,4.6
MICH,2005-11-01,3.3
MICH,2005-12-01,3.1
MICH,2006-01-01,3.0
MICH,2006-02-01,3.0
MICH,2006-03-01,3.0
MICH,2006-04-01,3.3
MICH,2006-05-01,4.0
MICH,2006-06-01,3.3
MICH,2006-07-01,3.2
MICH,2006-08-01,3.8
MICH,2006-09-01,3.1
MICH,2006-10-01,3.1
MICH,2006-11-01,3.0
MICH,2006-12-01,2.9
MICH,2007-01-01,3.0
MICH,2007-02-01,3.0
MICH,2007-03-01,3.0
MICH,2007-04-01,3.3
MICH,2007-05-01,3.3
MICH,2007-06-01,3.4
MICH,2007-07-01,3.4
MICH,2007-08-01,3.2
MICH,2007-09-01,3.1
MICH,2007-10-01,3.1
MICH,2007-11-01,3.4
MICH,2007-12-01,3.4
MICH,2008-01-01,3.4
MICH,2008-02-01,3.6
MICH,2008-03-01,4.3
MICH,2008-04-01,4.8
MICH,2008-05-01,5.2
MICH,2008-06-01,5.1
MICH,2008-07-01,5.1
MICH,2008-08-01,4.8
MICH,2008-09-01,4.3
MICH,2008-10-01,3.9
MICH,2008-11-01,2.9
MICH,2008-12-01,1.7
MICH,2009-01-01,2.2
MICH,2009-02-01,1.9
MICH,2009-03-01,2.0
MICH,2009-04-01,2.8
MICH,2009-05-01,2.8
MICH,2009-06-01,3.1
MICH,2009-07-01,2.9
MICH,2009-08-01,2.8
MICH,2009-09-01,2.2
MICH,2009-10-01,2.9
MICH,2009-11-01,2.7
MICH,2009-12-01,2.5
MICH,2010-01-01,2.8
MICH,2010-02-01,2.7
MICH,2010-03-01,2.7
MICH,2010-04-01,2.9
MICH,2010-05-01,3.2
MICH,2010-06-01,2.8
MICH,2010-07-01,2.7
MICH,2010-08-01,2.7
MICH,2010-09-01,2.2
MICH,2010-10-01,2.7
MICH,2010-11-01,3.0
MICH,2010-12-01,3.0
MICH,2011-01-01,3.4
MICH,2011-02-01,3.4
MICH,2011-03-01,4.6
MICH,2011-04-01,4.6
MICH,2011-05-01,4.1
MICH,2011-06-01,3.8
MICH,2011-07-01,3.4
MICH,2011-08-01,3.5
MICH,2011-09-01,3.3
MICH,2011-10-01,3.2
MICH,2011-11-01,3.2
MICH,2011-12-01,3.1
MICH,2012-01-01,3.3
MICH,2012-02-01,3.3
MICH,2012-03-01,3.9
MICH,2012-04-01,3.2
MICH,2012-05-01,3.0
MICH,2012-06-01,3.1
MICH,2012-07-01,3.0
MICH,2012-08-01,3.6
MICH,2012-09-01,3.3
MICH,2012-10-01,3.1
MICH,2012-11-01,3.1
MICH,2012-12-01,3.2
MICH,2013-01-01,3.3
MICH,2013-02-01,3.3
MICH,2013-03-01,3.2
MICH,2013-04-01,3.1
MICH,2013-05-01,3.1
MICH,2013-06-01,3.0
MICH,2013-07-01,3.1
MICH,2013-08-01,3.0
MICH,2013-09-01,3.3
MICH,2013-10-01,3.0
MICH,2013-11-01,2.9
MICH,2013-12-01,3.0
MICH,2014-01-01,3.1
MICH,2014-02-01,3.2
MICH,2014-03-01,3.2
MICH,2014-04-01,3.2
MICH,2014-05-01,3.3
MICH,2014-06-01,3.1
MICH,2014-07-01,3.3
MICH,2014-08-01,3.2
MICH,2014-09-01,3.0
MICH,2014-10-01,2.9
MICH,2014-11-01,2.8
MICH,2014-12-01,2.8
MICH,2015-01-01,2.5
MICH,2015-02-01,2.8
MICH,2015-03-01,3.0
MICH,2015-04-01,2.6
MICH,2015-05-01,2.8
MICH,2015-06-01,2.7
MICH,2015-07-01,2.8
MICH,2015-08-01,2.8
MICH,2015-09-01,2.8
MICH,2015-10-01,2.7
MICH,2015-11-01,2.7
MICH,2015-12-01,2.6
MICH,2016-01-01,2.5
MICH,2016-02-01,2.5
MICH,2016-03-01,2.7
MICH,2016-04-01,2.8
MICH,2016-05-01,2.4
MICH,2016-06-01,2.6
MICH,2016-07-01,2.7
MICH,2016-08-01,2.5
MICH,2016-09-01,2.4
MICH,2016-10-01,2.4
MICH,2016-11-01,2.4
MICH,2016-12-01,2.2
MICH,2017-01-01,2.6
MICH,2017-02-01,2.7
MICH,2017-03-01,2.5
MICH,2017-04-01,2.5
MICH,2017-05-01,2.6
MICH,2017-06-01,2.6
MICH,2017-07-01,2.6
MICH,2017-08-01,2.6
MICH,2017-09-01,2.7
MICH,2017-10-01,2.4
MICH,2017-11-01,2.5
MICH,2017-12-01,2.7
MICH,2018-01-01,2.7
MICH,2018-02-01,2.7
MICH,2018-03-01,2.8
MICH,2018-04-01,2.7
MICH,2018-05-01,2.8
MICH,2018-06-01,3.0
MICH,2018-07-01,2.9
MICH,2018-08-01,3.0
MICH,2018-09-01,2.7
MICH,2018-10-01,2.9
MICH,2018-11-01,2.8
MICH,2018-12-01,2.7
MICH,2019-01-01,2.7
MICH,2019-02-01,2.6
MICH,2019-03-01,2.5
MICH,2019-04-01,2.5
MICH,2019-05-01,2.9
MICH,2019-06-01,2.7
MICH,2019-07-01,2.6
MICH,2019-08-01,2.7
MICH,2019-09-01,2.8
MICH,2019-10-01,2.5
MICH,2019-11-01,2.5
MICH,2019-12-01,2.3
MICH,2020-01-01,2.5
MICH,2020-02-01,2.4
MICH,2020-03-01,2.2
MICH,2020-04-01,2.1
MICH,2020-05-01,3.2
MICH,2020-06-01,3.0
MICH,2020-07-01,3.0
MICH,2020-08-01,3.1
MICH,2020-09-01,2.6
MICH,2020-10-01,2.6
MICH,2020-11-01,2.8
MICH,2020-12-01,2.5
MICH,2021-01-01,3.0
MICH,2021-02-01,3.3
MICH,2021-03-01,3.1
MICH,2021-04-01,3.4
MICH,2021-05-01,4.6
MICH,2021-06-01,4.2
MICH,2021-07-01,4.7
MICH,2021-08-01,4.6
MICH,2021-09-01,4.6
MICH,2021-10-01,4.8
MICH,2021-11-01,4.9
MICH,2021-12-01,4.8
MICH,2022-01-01,4.9
MICH,2022-02-01,4.9
MICH,2022-03-01,5.4
MICH,2022-04-01,5.4
MICH,2022-05-01,5.3
MICH,2022-06-01,5.3
MICH,2022-07-01,5.2
MICH,2022-08-01,4.8
MICH,2022-09-01,4.7
MICH,2022-10-01,5.0
MICH,2022-11-01,5.0
MICH,2022-12-01,4.3
MICH,2023-01-01,3.9
MICH,2023-02-01,4.2
MICH,2023-03-01,3.6
MICH,2023-04-01,4.7
MICH,2023-05-01,4.2
MICH,2023-06-01,3.3
MICH,2023-07-01,3.4
MICH,2023-08-01,3.5
MICH,2023-09-01,3.2
MICH,2023-10-01,4.2
MICH,2023-11-01,4.5
MICH,2023-12-01,3.1
MICH,2024-01-01,2.9
MICH,2024-02-01,3.0
MICH,2024-03-01,2.9
MICH,2024-04-01,3.2
MICH,2024-05-01,3.3
MICH,2024-06-01,3.0
MICH,2024-07-01,2.9
MICH,2024-08-01,2.8
MICH,2024-09-01,2.7
MICH,2024-10-01,2.7
MICH,2024-11-01,2.6
MICH,2024-12-01,2.8
MICH,2025-01-01,3.3
MICH,2025-02-01,4.3
MICH,2025-03-01,5.0
MICH,2025-04-01,6.5
MICH,2025-05-01,6.6
MICH,2025-06-01,5.0
MICH,2025-07-01,4.5
MICH,2025-08-01,4.8
MICH,2025-09-01,4.7
MICH,2025-10-01,4.6
MICH,2025-11-01,4.5
MICH,2025-12-01,4.2
MICH,2026-01-01,4.0
MICH,2026-02-01,3.4
MICH,2026-03-01,3.8
MICH,2026-04-01,4.7
MICH,2026-05-01,4.8
MICH,2026-06-01,4.6
MICH,2026-07-01,4.2
UNRATE,2000-01-01,4.0
UNRATE,2000-02-01,4.1
UNRATE,2000-03-01,4.0
UNRATE,2000-04-01,3.8
UNRATE,2000-05-01,4.0
UNRATE,2000-06-01,4.0
UNRATE,2000-07-01,4.0
UNRATE,2000-08-01,4.1
UNRATE,2000-09-01,3.9
UNRATE,2000-10-01,3.9
UNRATE,2000-11-01,3.9
UNRATE,2000-12-01,3.9
UNRATE,2001-01-01,4.2
UNRATE,2001-02-01,4.2
UNRATE,2001-03-01,4.3
UNRATE,2001-04-01,4.4
UNRATE,2001-05-01,4.3
UNRATE,2001-06-01,4.5
UNRATE,2001-07-01,4.6
UNRATE,2001-08-01,4.9
UNRATE,2001-09-01,5.0
UNRATE,2001-10-01,5.3
UNRATE,2001-11-01,5.5
UNRATE,2001-12-01,5.7
UNRATE,2002-01-01,5.7
UNRATE,2002-02-01,5.7
UNRATE,2002-03-01,5.7
UNRATE,2002-04-01,5.9
UNRATE,2002-05-01,5.8
UNRATE,2002-06-01,5.8
UNRATE,2002-07-01,5.8
UNRATE,2002-08-01,5.7
UNRATE,2002-09-01,5.7
UNRATE,2002-10-01,5.7
UNRATE,2002-11-01,5.9
UNRATE,2002-12-01,6.0
UNRATE,2003-01-01,5.8
UNRATE,2003-02-01,5.9
UNRATE,2003-03-01,5.9
UNRATE,2003-04-01,6.0
UNRATE,2003-05-01,6.1
UNRATE,2003-06-01,6.3
UNRATE,2003-07-01,6.2
UNRATE,2003-08-01,6.1
UNRATE,2003-09-01,6.1
UNRATE,2003-10-01,6.0
UNRATE,2003-11-01,5.8
UNRATE,2003-12-01,5.7
UNRATE,2004-01-01,5.7
UNRATE,2004-02-01,5.6
UNRATE,2004-03-01,5.8
UNRATE,2004-04-01,5.6
UNRATE,2004-05-01,5.6
UNRATE,2004-06-01,5.6
UNRATE,2004-07-01,5.5
UNRATE,2004-08-01,5.4
UNRATE,2004-09-01,5.4
UNRATE,2004-10-01,5.5
UNRATE,2004-11-01,5.4
UNRATE,2004-12-01,5.4
UNRATE,2005-01-01,5.3
UNRATE,2005-02-01,5.4
UNRATE,2005-03-01,5.2
UNRATE,2005-04-01,5.2
UNRATE,2005-05-01,5.1
UNRATE,2005-06-01,5.0
UNRATE,2005-07-01,5.0
UNRATE,2005-08-01,4.9
UNRATE,2005-09-01,5.0
UNRATE,2005-10-01,5.0
UNRATE,2005-11-01,5.0
UNRATE,2005-12-01,4.9
UNRATE,2006-01-01,4.7
UNRATE,2006-02-01,4.8
UNRATE,2006-03-01,4.7
UNRATE,2006-04-01,4.7
UNRATE,2006-05-01,4.6
UNRATE,2006-06-01,4.6
UNRATE,2006-07-01,4.7
UNRATE,2006-08-01,4.7
UNRATE,2006-09-01,4.5
UNRATE,2006-10-01,4.4
UNRATE,2006-11-01,4.5
UNRATE,2006-12-01,4.4
UNRATE,2007-01-01,4.6
UNRATE,2007-02-01,4.5
UNRATE,2007-03-01,4.4
UNRATE,2007-04-01,4.5
UNRATE,2007-05-01,4.4
UNRATE,2007-06-01,4.6
UNRATE,2007-07-01,4.7
UNRATE,2007-08-01,4.6
UNRATE,2007-09-01,4.7
UNRATE,2007-10-01,4.7
UNRATE,2007-11-01,4.7
UNRATE,2007-12-01,5.0
UNRATE,2008-01-01,5.0
UNRATE,2008-02-01,4.9
UNRATE,2008-03-01,5.1
UNRATE,2008-04-01,5.0
UNRATE,2008-05-01,5.4
UNRATE,2008-06-01,5.6
UNRATE,2008-07-01,5.8
UNRATE,2008-08-01,6.1
UNRATE,2008-09-01,6.1
UNRATE,2008-10-01,6.5
UNRATE,2008-11-01,6.8
UNRATE,2008-12-01,7.3
UNRATE,2009-01-01,7.8
UNRATE,2009-02-01,8.3
UNRATE,2009-03-01,8.7
UNRATE,2009-04-01,9.0
UNRATE,2009-05-01,9.4
UNRATE,2009-06-01,9.5
UNRATE,2009-07-01,9.5
UNRATE,2009-08-01,9.6
UNRATE,2009-09-01,9.8
UNRATE,2009-10-01,10.0
UNRATE,2009-11-01,9.9
UNRATE,2009-12-01,9.9
UNRATE,2010-01-01,9.8
UNRATE,2010-02-01,9.8
UNRATE,2010-03-01,9.9
UNRATE,2010-04-01,9.9
UNRATE,2010-05-01,9.6
UNRATE,2010-06-01,9.4
UNRATE,2010-07-01,9.4
UNRATE,2010-08-01,9.5
UNRATE,2010-09-01,9.5
UNRATE,2010-10-01,9.4
UNRATE,2010-11-01,9.8
UNRATE,2010-12-01,9.3
UNRATE,2011-01-01,9.1
UNRATE,2011-02-01,9.0
UNRATE,2011-03-01,9.0
UNRATE,2011-04-01,9.1
UNRATE,2011-05-01,9.0
UNRATE,2011-06-01,9.1
UNRATE,2011-07-01,9.0
UNRATE,2011-08-01,9.0
UNRATE,2011-09-01,9.0
UNRATE,2011-10-01,8.8
UNRATE,2011-11-01,8.6
UNRATE,2011-12-01,8.5
UNRATE,2012-01-01,8.3
UNRATE,2012-02-01,8.3
UNRATE,2012-03-01,8.2
UNRATE,2012-04-01,8.2
UNRATE,2012-05-01,8.2
UNRATE,2012-06-01,8.2
UNRATE,2012-07-01,8.2
UNRATE,2012-08-01,8.1
UNRATE,2012-09-01,7.8
UNRATE,2012-10-01,7.8
UNRATE,2012-11-01,7.7
UNRATE,2012-12-01,7.9
UNRATE,2013-01-01,8.0
UNRATE,2013-02-01,7.7
UNRATE,2013-03-01,7.5
UNRATE,2013-04-01,7.6
UNRATE,2013-05-01,7.5
UNRATE,2013-06-01,7.5
UNRATE,2013-07-01,7.3
UNRATE,2013-08-01,7.2
UNRATE,2013-09-01,7.2
UNRATE,2013-10-01,7.2
UNRATE,2013-11-01,6.9
UNRATE,2013-12-01,6.7
UNRATE,2014-01-01,6.6
UNRATE,2014-02-01,6.7
UNRATE,2014-03-01,6.7
UNRATE,2014-04-01,6.2
UNRATE,2014-05-01,6.3
UNRATE,2014-06-01,6.1
UNRATE,2014-07-01,6.2
UNRATE,2014-08-01,6.1
UNRATE,2014-09-01,5.9
UNRATE,2014-10-01,5.7
UNRATE,2014-11-01,5.8
UNRATE,2014-12-01,5.6
UNRATE,2015-01-01,5.7
UNRATE,2015-02-01,5.5
UNRATE,2015-03-01,5.4
UNRATE,2015-04-01,5.4
UNRATE,2015-05-01,5.6
UNRATE,2015-06-01,5.3
UNRATE,2015-07-01,5.2
UNRATE,2015-08-01,5.1
UNRATE,2015-09-01,5.0
UNRATE,2015-10-01,5.0
UNRATE,2015-11-01,5.1
UNRATE,2015-12-01,5.0
UNRATE,2016-01-01,4.8
UNRATE,2016-02-01,4.9
UNRATE,2016-03-01,5.0
UNRATE,2016-04-01,5.1
UNRATE,2016-05-01,4.8
UNRATE,2016-06-01,4.9
UNRATE,2016-07-01,4.8
UNRATE,2016-08-01,4.9
UNRATE,2016-09-01,5.0
UNRATE,2016-10-01,4.9
UNRATE,2016-11-01,4.7
UNRATE,2016-12-01,4.7
UNRATE,2017-01-01,4.7
UNRATE,2017-02-01,4.6
UNRATE,2017-03-01,4.4
UNRATE,2017-04-01,4.4
UNRATE,2017-05-01,4.4
UNRATE,2017-06-01,4.3
UNRATE,2017-07-01,4.3
UNRATE,2017-08-01,4.4
UNRATE,2017-09-01,4.3
UNRATE,2017-10-01,4.2
UNRATE,2017-11-01,4.2
UNRATE,2017-12-01,4.1
UNRATE,2018-01-01,4.0
UNRATE,2018-02-01,4.1
UNRATE,2018-03-01,4.0
UNRATE,2018-04-01,4.0
UNRATE,2018-05-01,3.8
UNRATE,2018-06-01,4.0
UNRATE,2018-07-01,3.8
UNRATE,2018-08-01,3.8
UNRATE,2018-09-01,3.7
UNRATE,2018-10-01,3.8
UNRATE,2018-11-01,3.8
UNRATE,2018-12-01,3.9
UNRATE,2019-01-01,4.0
UNRATE,2019-02-01,3.8
UNRATE,2019-03-01,3.8
UNRATE,2019-04-01,3.7
UNRATE,2019-05-01,3.6
UNRATE,2019-06-01,3.6
UNRATE,2019-07-01,3.7
UNRATE,2019-08-01,3.6
UNRATE,2019-09-01,3.5
UNRATE,2019-10-01,3.6
UNRATE,2019-11-01,3.6
UNRATE,2019-12-01,3.6
UNRATE,2020-01-01,3.6
UNRATE,2020-02-01,3.5
UNRATE,2020-03-01,4.4
UNRATE,2020-04-01,14.8
UNRATE,2020-05-01,13.2
UNRATE,2020-06-01,11.0
UNRATE,2020-07-01,10.2
UNRATE,2020-08-01,8.4
UNRATE,2020-09-01,7.8
UNRATE,2020-10-01,6.9
UNRATE,2020-11-01,6.7
UNRATE,2020-12-01,6.7
UNRATE,2021-01-01,6.4
UNRATE,2021-02-01,6.2
UNRATE,2021-03-01,6.1
UNRATE,2021-04-01,6.1
UNRATE,2021-05-01,5.8
UNRATE,2021-06-01,5.9
UNRATE,2021-07-01,5.4
UNRATE,2021-08-01,5.1
UNRATE,2021-09-01,4.7
UNRATE,2021-10-01,4.5
UNRATE,2021-11-01,4.1
UNRATE,2021-12-01,3.9
UNRATE,2022-01-01,4.0
UNRATE,2022-02-01,3.9
UNRATE,2022-03-01,3.7
UNRATE,2022-04-01,3.7
UNRATE,2022-05-01,3.6
UNRATE,2022-06-01,3.6
UNRATE,2022-07-01,3.5
UNRATE,2022-08-01,3.6
UNRATE,2022-09-01,3.5
UNRATE,2022-10-01,3.6
UNRATE,2022-11-01,3.6
UNRATE,2022-12-01,3.5
UNRATE,2023-01-01,3.5
UNRATE,2023-02-01,3.6
UNRATE,2023-03-01,3.5
UNRATE,2023-04-01,3.4
UNRATE,2023-05-01,3.6
UNRATE,2023-06-01,3.6
UNRATE,2023-07-01,3.5
UNRATE,2023-08-01,3.7
UNRATE,2023-09-01,3.7
UNRATE,2023-10-01,3.9
UNRATE,2023-11-01,3.7
UNRATE,2023-12-01,3.8
UNRATE,2024-01-01,3.7
UNRATE,2024-02-01,3.9
UNRATE,2024-03-01,3.9
UNRATE,2024-04-01,3.9
UNRATE,2024-05-01,3.9
UNRATE,2024-06-01,4.1
UNRATE,2024-07-01,4.2
UNRATE,2024-08-01,4.2
UNRATE,2024-09-01,4.1
UNRATE,2024-10-01,4.1
UNRATE,2024-11-01,4.2
UNRATE,2024-12-01,4.1
UNRATE,2025-01-01,4.0
UNRATE,2025-02-01,4.2
UNRATE,2025-03-01,4.2
UNRATE,2025-04-01,4.2
UNRATE,2025-05-01,4.3
UNRATE,2025-06-01,4.1
UNRATE,2025-07-01,4.3
UNRATE,2025-08-01,4.3
UNRATE,2025-09-01,4.4
UNRATE,2025-10-01,
UNRATE,2025-11-01,4.5
UNRATE,2025-12-01,4.4
UNRATE,2026-01-01,4.3
UNRATE,2026-02-01,4.4
UNRATE,2026-03-01,4.3
UNRATE,2026-04-01,4.3
UNRATE,2026-05-01,4.3
UNRATE,2026-06-01,4.2
UNRATE,2026-07-01,4.1
UNRATE,2026-08-01,4.1
RRSFS,2000-01-01,154486.0
RRSFS,2000-02-01,156286.0
RRSFS,2000-03-01,157321.0
RRSFS,2000-04-01,154516.0
RRSFS,2000-05-01,155369.0
RRSFS,2000-06-01,155488.0
RRSFS,2000-07-01,153841.0
RRSFS,2000-08-01,154537.0
RRSFS,2000-09-01,155831.0
RRSFS,2000-10-01,155457.0
RRSFS,2000-11-01,154334.0
RRSFS,2000-12-01,153687.0
RRSFS,2001-01-01,155399.0
RRSFS,2001-02-01,154902.0
RRSFS,2001-03-01,153220.0
RRSFS,2001-04-01,155561.0
RRSFS,2001-05-01,155538.0
RRSFS,2001-06-01,154459.0
RRSFS,2001-07-01,153945.0
RRSFS,2001-08-01,155388.0
RRSFS,2001-09-01,150843.0
RRSFS,2001-10-01,162518.0
RRSFS,2001-11-01,157765.0
RRSFS,2001-12-01,155751.0
RRSFS,2002-01-01,155957.0
RRSFS,2002-02-01,156668.0
RRSFS,2002-03-01,155787.0
RRSFS,2002-04-01,156803.0
RRSFS,2002-05-01,155413.0
RRSFS,2002-06-01,156139.0
RRSFS,2002-07-01,157867.0
RRSFS,2002-08-01,158384.0
RRSFS,2002-09-01,155456.0
RRSFS,2002-10-01,156148.0
RRSFS,2002-11-01,156148.0
RRSFS,2002-12-01,157671.0
RRSFS,2003-01-01,158082.0
RRSFS,2003-02-01,155063.0
RRSFS,2003-03-01,156703.0
RRSFS,2003-04-01,157780.0
RRSFS,2003-05-01,158348.0
RRSFS,2003-06-01,160388.0
RRSFS,2003-07-01,161245.0
RRSFS,2003-08-01,162380.0
RRSFS,2003-09-01,161492.0
RRSFS,2003-10-01,161279.0
RRSFS,2003-11-01,161856.0
RRSFS,2003-12-01,162104.0
RRSFS,2004-01-01,162100.0
RRSFS,2004-02-01,162783.0
RRSFS,2004-03-01,165404.0
RRSFS,2004-04-01,164012.0
RRSFS,2004-05-01,165296.0
RRSFS,2004-06-01,163646.0
RRSFS,2004-07-01,164823.0
RRSFS,2004-08-01,164478.0
RRSFS,2004-09-01,167253.0
RRSFS,2004-10-01,166916.0
RRSFS,2004-11-01,167199.0
RRSFS,2004-12-01,169365.0
RRSFS,2005-01-01,167678.0
RRSFS,2005-02-01,169079.0
RRSFS,2005-03-01,168917.0
RRSFS,2005-04-01,169914.0
RRSFS,2005-05-01,169025.0
RRSFS,2005-06-01,174093.0
RRSFS,2005-07-01,174207.0
RRSFS,2005-08-01,171140.0
RRSFS,2005-09-01,169316.0
RRSFS,2005-10-01,169138.0
RRSFS,2005-11-01,171489.0
RRSFS,2005-12-01,171577.0
RRSFS,2006-01-01,175446.0
RRSFS,2006-02-01,174033.0
RRSFS,2006-03-01,174440.0
RRSFS,2006-04-01,174426.0
RRSFS,2006-05-01,173318.0
RRSFS,2006-06-01,173833.0
RRSFS,2006-07-01,173443.0
RRSFS,2006-08-01,173349.0
RRSFS,2006-09-01,173195.0
RRSFS,2006-10-01,173866.0
RRSFS,2006-11-01,174315.0
RRSFS,2006-12-01,175464.0
RRSFS,2007-01-01,174891.0
RRSFS,2007-02-01,174584.0
RRSFS,2007-03-01,175078.0
RRSFS,2007-04-01,174140.0
RRSFS,2007-05-01,175611.0
RRSFS,2007-06-01,173830.0
RRSFS,2007-07-01,174260.0
RRSFS,2007-08-01,175125.0
RRSFS,2007-09-01,175106.0
RRSFS,2007-10-01,175593.0
RRSFS,2007-11-01,175862.0
RRSFS,2007-12-01,173364.0
RRSFS,2008-01-01,173145.0
RRSFS,2008-02-01,171203.0
RRSFS,2008-03-01,171079.0
RRSFS,2008-04-01,170521.0
RRSFS,2008-05-01,171116.0
RRSFS,2008-06-01,169650.0
RRSFS,2008-07-01,167839.0
RRSFS,2008-08-01,166725.0
RRSFS,2008-09-01,164015.0
RRSFS,2008-10-01,159514.0
RRSFS,2008-11-01,155990.0
RRSFS,2008-12-01,153628.0
RRSFS,2009-01-01,155609.0
RRSFS,2009-02-01,154381.0
RRSFS,2009-03-01,151831.0
RRSFS,2009-04-01,152473.0
RRSFS,2009-05-01,153510.0
RRSFS,2009-06-01,154675.0
RRSFS,2009-07-01,155393.0
RRSFS,2009-08-01,157621.0
RRSFS,2009-09-01,153338.0
RRSFS,2009-10-01,154541.0
RRSFS,2009-11-01,155280.0
RRSFS,2009-12-01,155850.0
RRSFS,2010-01-01,155913.0
RRSFS,2010-02-01,156286.0
RRSFS,2010-03-01,159636.0
RRSFS,2010-04-01,160931.0
RRSFS,2010-05-01,159629.0
RRSFS,2010-06-01,159538.0
RRSFS,2010-07-01,159744.0
RRSFS,2010-08-01,160235.0
RRSFS,2010-09-01,161346.0
RRSFS,2010-10-01,162629.0
RRSFS,2010-11-01,163691.0
RRSFS,2010-12-01,164184.0
RRSFS,2011-01-01,164745.0
RRSFS,2011-02-01,165605.0
RRSFS,2011-03-01,166233.0
RRSFS,2011-04-01,166368.0
RRSFS,2011-05-01,165701.0
RRSFS,2011-06-01,167072.0
RRSFS,2011-07-01,166571.0
RRSFS,2011-08-01,166232.0
RRSFS,2011-09-01,167717.0
RRSFS,2011-10-01,168559.0
RRSFS,2011-11-01,168783.0
RRSFS,2011-12-01,168990.0
RRSFS,2012-01-01,170088.0
RRSFS,2012-02-01,171818.0
RRSFS,2012-03-01,172066.0
RRSFS,2012-04-01,171071.0
RRSFS,2012-05-01,171121.0
RRSFS,2012-06-01,169742.0
RRSFS,2012-07-01,170474.0
RRSFS,2012-08-01,171593.0
RRSFS,2012-09-01,172145.0
RRSFS,2012-10-01,171601.0
RRSFS,2012-11-01,172847.0
RRSFS,2012-12-01,173467.0
RRSFS,2013-01-01,174567.0
RRSFS,2013-02-01,175635.0
RRSFS,2013-03-01,174884.0
RRSFS,2013-04-01,174390.0
RRSFS,2013-05-01,175373.0
RRSFS,2013-06-01,175491.0
RRSFS,2013-07-01,176156.0
RRSFS,2013-08-01,175490.0
RRSFS,2013-09-01,175575.0
RRSFS,2013-10-01,176061.0
RRSFS,2013-11-01,176233.0
RRSFS,2013-12-01,176727.0
RRSFS,2014-01-01,174918.0
RRSFS,2014-02-01,176923.0
RRSFS,2014-03-01,178466.0
RRSFS,2014-04-01,179959.0
RRSFS,2014-05-01,179916.0
RRSFS,2014-06-01,180122.0
RRSFS,2014-07-01,180245.0
RRSFS,2014-08-01,181664.0
RRSFS,2014-09-01,181150.0
RRSFS,2014-10-01,181908.0
RRSFS,2014-11-01,182761.0
RRSFS,2014-12-01,182056.0
RRSFS,2015-01-01,182413.0
RRSFS,2015-02-01,181489.0
RRSFS,2015-03-01,183767.0
RRSFS,2015-04-01,183924.0
RRSFS,2015-05-01,184752.0
RRSFS,2015-06-01,184279.0
RRSFS,2015-07-01,185663.0
RRSFS,2015-08-01,185625.0
RRSFS,2015-09-01,185209.0
RRSFS,2015-10-01,184532.0
RRSFS,2015-11-01,184988.0
RRSFS,2015-12-01,185964.0
RRSFS,2016-01-01,184920.0
RRSFS,2016-02-01,186705.0
RRSFS,2016-03-01,185591.0
RRSFS,2016-04-01,185887.0
RRSFS,2016-05-01,185964.0
RRSFS,2016-06-01,187425.0
RRSFS,2016-07-01,187333.0
RRSFS,2016-08-01,187053.0
RRSFS,2016-09-01,187853.0
RRSFS,2016-10-01,187741.0
RRSFS,2016-11-01,187539.0
RRSFS,2016-12-01,189297.0
RRSFS,2017-01-01,190631.0
RRSFS,2017-02-01,190276.0
RRSFS,2017-03-01,190114.0
RRSFS,2017-04-01,190536.0
RRSFS,2017-05-01,189650.0
RRSFS,2017-06-01,190500.0
RRSFS,2017-07-01,190421.0
RRSFS,2017-08-01,190070.0
RRSFS,2017-09-01,193042.0
RRSFS,2017-10-01,193048.0
RRSFS,2017-11-01,194493.0
RRSFS,2017-12-01,195148.0
RRSFS,2018-01-01,193448.0
RRSFS,2018-02-01,193978.0
RRSFS,2018-03-01,193972.0
RRSFS,2018-04-01,193486.0
RRSFS,2018-05-01,196163.0
RRSFS,2018-06-01,195296.0
RRSFS,2018-07-01,196304.0
RRSFS,2018-08-01,196074.0
RRSFS,2018-09-01,194902.0
RRSFS,2018-10-01,196389.0
RRSFS,2018-11-01,197492.0
RRSFS,2018-12-01,193504.0
RRSFS,2019-01-01,194187.0
RRSFS,2019-02-01,194123.0
RRSFS,2019-03-01,196358.0
RRSFS,2019-04-01,195642.0
RRSFS,2019-05-01,197708.0
RRSFS,2019-06-01,197972.0
RRSFS,2019-07-01,199018.0
RRSFS,2019-08-01,200191.0
RRSFS,2019-09-01,198605.0
RRSFS,2019-10-01,198576.0
RRSFS,2019-11-01,199402.0
RRSFS,2019-12-01,199461.0
RRSFS,2020-01-01,198790.0
RRSFS,2020-02-01,198777.0
RRSFS,2020-03-01,181467.0
RRSFS,2020-04-01,156632.0
RRSFS,2020-05-01,187039.0
RRSFS,2020-06-01,201538.0
RRSFS,2020-07-01,203716.0
RRSFS,2020-08-01,204667.0
RRSFS,2020-09-01,208195.0
RRSFS,2020-10-01,207097.0
RRSFS,2020-11-01,204645.0
RRSFS,2020-12-01,205517.0
RRSFS,2021-01-01,212888.0
RRSFS,2021-02-01,206728.0
RRSFS,2021-03-01,227800.0
RRSFS,2021-04-01,228405.0
RRSFS,2021-05-01,225529.0
RRSFS,2021-06-01,226100.0
RRSFS,2021-07-01,221335.0
RRSFS,2021-08-01,222071.0
RRSFS,2021-09-01,222581.0
RRSFS,2021-10-01,223675.0
RRSFS,2021-11-01,224034.0
RRSFS,2021-12-01,220740.0
RRSFS,2022-01-01,223509.0
RRSFS,2022-02-01,224289.0
RRSFS,2022-03-01,226307.0
RRSFS,2022-04-01,228788.0
RRSFS,2022-05-01,226520.0
RRSFS,2022-06-01,225834.0
RRSFS,2022-07-01,223642.0
RRSFS,2022-08-01,224864.0
RRSFS,2022-09-01,223336.0
RRSFS,2022-10-01,224381.0
RRSFS,2022-11-01,220712.0
RRSFS,2022-12-01,218103.0
RRSFS,2023-01-01,226434.0
RRSFS,2023-02-01,222973.0
RRSFS,2023-03-01,220353.0
RRSFS,2023-04-01,221398.0
RRSFS,2023-05-01,222165.0
RRSFS,2023-06-01,222726.0
RRSFS,2023-07-01,222720.0
RRSFS,2023-08-01,223716.0
RRSFS,2023-09-01,224360.0
RRSFS,2023-10-01,222995.0
RRSFS,2023-11-01,222402.0
RRSFS,2023-12-01,222282.0
RRSFS,2024-01-01,219716.0
RRSFS,2024-02-01,220371.0
RRSFS,2024-03-01,220154.0
RRSFS,2024-04-01,219665.0
RRSFS,2024-05-01,221210.0
RRSFS,2024-06-01,221199.0
RRSFS,2024-07-01,222865.0
RRSFS,2024-08-01,221943.0
RRSFS,2024-09-01,223382.0
RRSFS,2024-10-01,224404.0
RRSFS,2024-11-01,224894.0
RRSFS,2024-12-01,225836.0
RRSFS,2025-01-01,222993.0
RRSFS,2025-02-01,222590.0
RRSFS,2025-03-01,226195.0
RRSFS,2025-04-01,225550.0
RRSFS,2025-05-01,222854.0
RRSFS,2025-06-01,223835.0
RRSFS,2025-07-01,225918.0
RRSFS,2025-08-01,225814.0
RRSFS,2025-09-01,225814.0
RRSFS,2025-10-01,
RRSFS,2025-11-01,226023.0
RRSFS,2025-12-01,225352.0
RRSFS,2026-01-01,224902.0
RRSFS,2026-02-01,226372.0
RRSFS,2026-03-01,228286.0
RRSFS,2026-04-01,228364.0
RRSFS,2026-05-01,229413.0
RRSFS,2026-06-01,231107.0
RRSFS,2026-07-01,229697.0
RRSFS,2026-08-01,231630.0
