cbsa_code,origin,horizon,q10,q50,q90,lo,hi,q50_pct,lo_pct,hi_pct,model
10180,2026Q2,1,-0.0007100552320480347,0.01698054000735283,0.03591011464595795,-0.026213794946670532,0.061413854360580444,1.712552887733798,-2.5873196043769475,6.333889057448139,seqgru
10180,2026Q2,2,0.008783692494034767,0.034403782337903976,0.06281542778015137,-0.021735263988375664,0.0933343842625618,3.5002438070163233,-2.1500755247467085,9.782877056311268,seqgru
10180,2026Q2,4,0.025855854153633118,0.0672658309340477,0.11607080698013306,-0.03070984035730362,0.1726365014910698,6.957976777514729,-3.024308342279647,18.84340325611329,seqgru
10180,2026Q2,8,0.05823406204581261,0.13608525693416595,0.23694473505020142,-0.053174231201410294,0.3483530282974243,14.577957508459205,-5.1785210512751645,41.67323080620822,seqgru
10420,2026Q2,1,-0.00677551981061697,0.011308551765978336,0.029709458351135254,-0.03227925952523947,0.05521319806575775,1.1372735149701274,-3.176384484770012,5.676589110433383,seqgru
10420,2026Q2,2,-0.0026713646948337555,0.02325628511607647,0.0501750111579895,-0.033190321177244186,0.08069396764039993,2.3528821139080947,-3.264556596660606,8.403909475623749,seqgru
10420,2026Q2,4,0.005322292447090149,0.04585215821862221,0.09045491367578506,-0.05124340206384659,0.1470206081867218,4.691962105327563,-4.995260111007072,15.837783485059198,seqgru
10420,2026Q2,8,0.03154190257191658,0.1008063554763794,0.188734233379364,-0.07986639067530632,0.3001425266265869,10.606243809048998,-7.676030842185943,35.00512121092745,seqgru
10500,2026Q2,1,-0.010360424406826496,0.008006168529391289,0.026225734502077103,-0.035864164121448994,0.0517294742166996,0.8038303598998375,-3.5228664855247893,5.309081575726626,seqgru
10500,2026Q2,2,-0.009786590933799744,0.0164966844022274,0.04277071729302406,-0.040305547416210175,0.0732896737754345,1.6633506032679435,-3.950408273362127,7.604219297779657,seqgru
10500,2026Q2,4,-0.007812846451997757,0.032816119492053986,0.07580959051847458,-0.0643785409629345,0.13237528502941132,3.3360506915317556,-6.235000658861189,14.153664050263949,seqgru
10500,2026Q2,8,0.010593891143798828,0.07781420648097992,0.16197852790355682,-0.10081440210342407,0.2733868211507797,8.092181174544265,-9.589918347492322,31.440858754197087,seqgru
10540,2026Q2,1,-0.012586853466928005,0.005912148859351873,0.023962650448083878,-0.0380905931815505,0.049466390162706375,0.5929660104105672,-3.737427038660246,5.071027741989864,seqgru
10540,2026Q2,2,-0.014625582844018936,0.011894678696990013,0.03772059082984924,-0.04514453932642937,0.06823954731225967,1.1965701706921905,-4.414068741330701,7.062174232434937,seqgru
10540,2026Q2,4,-0.01739218458533287,0.023736562579870224,0.06571318209171295,-0.07395787909626961,0.12227887660264969,2.402051703119401,-7.12891888438768,13.006920770184504,seqgru
10540,2026Q2,8,-0.00461171567440033,0.0635184794664383,0.14694291353225708,-0.11602000892162323,0.25835120677948,6.557917695416315,-10.954259397322497,29.47934790275173,seqgru
10580,2026Q2,1,-0.0043730055913329124,0.013612844981253147,0.0323428213596344,-0.02987674530595541,0.0578465610742569,1.3705921621909978,-2.943484711249633,5.9552406653816,seqgru
10580,2026Q2,2,0.0017300043255090714,0.02764269895851612,0.055342771112918854,-0.02878895215690136,0.08586172759532928,2.802830320907712,-2.8378498548273345,8.965564858115261,seqgru
10580,2026Q2,4,0.013189783319830894,0.054322242736816406,0.1008678674697876,-0.04337591119110584,0.15743356198072433,5.5824779208794695,-4.244863187220571,17.05029894981518,seqgru
10580,2026Q2,8,0.041790157556533813,0.11500748991966248,0.2089882791042328,-0.06961813569068909,0.3203965723514557,12.188184034532522,-6.725006418235669,37.7674003436218,seqgru
10740,2026Q2,1,-0.01132687646895647,0.007062752731144428,0.025149546563625336,-0.03683061618357897,0.05065328627824783,0.7087752790971624,-3.6160619684209805,5.195810173915993,seqgru
10740,2026Q2,2,-0.012124292552471161,0.01433289609849453,0.04039004445075989,-0.04264324903488159,0.07090900093317032,1.4436104556298623,-4.1746813155524976,7.348353542357455,seqgru
10740,2026Q2,4,-0.013370901346206665,0.027898432686924934,0.07052450627088547,-0.0699365958571434,0.1270902007818222,2.82912383392242,-6.754706058890491,13.551943790330267,seqgru
10740,2026Q2,8,-0.001879565417766571,0.06772512197494507,0.1525869220495224,-0.11328785866498947,0.2639952152967453,7.007112901028045,-10.710640403979255,30.212196601878038,seqgru
10780,2026Q2,1,-0.00961014349013567,0.00866830162703991,0.02690146490931511,-0.03511388320475817,0.05240520462393761,0.8705980144485093,-3.450454372035261,5.380266172395265,seqgru
10780,2026Q2,2,-0.008496170863509178,0.01775011047720909,0.044202424585819244,-0.03901512734591961,0.07472138106822968,1.790857991633077,-3.82638394792576,7.758387378732445,seqgru
10780,2026Q2,4,-0.0054191648960113525,0.03537172079086304,0.07883887737989426,-0.06198485940694809,0.135404571890831,3.6004741734751544,-6.010288271687692,14.499992544290151,seqgru
10780,2026Q2,8,0.013421662151813507,0.08202263712882996,0.16800281405448914,-0.0979866310954094,0.27941110730171204,8.548038171067285,-9.333897526236568,32.23508602341787,seqgru
10900,2026Q2,1,-0.004738766700029373,0.01325248833745718,0.031905435025691986,-0.03024250641465187,0.057409174740314484,1.3340691768652713,-2.978977718511322,5.908907424606791,seqgru
10900,2026Q2,2,0.0013312064111232758,0.027128025889396667,0.05463726073503494,-0.029187750071287155,0.08515621721744537,2.7499340860136945,-2.876590192366124,8.888715633426258,seqgru
10900,2026Q2,4,0.013783283531665802,0.05428355559706688,0.10039399564266205,-0.042782410979270935,0.15695969015359879,5.578393315812402,-4.188015625386587,16.994845250796775,seqgru
10900,2026Q2,8,0.04531241953372955,0.11630447208881378,0.2091112732887268,-0.06609587371349335,0.3205195665359497,12.333784509014079,-6.395888174844478,37.784345974762616,seqgru
11020,2026Q2,1,-0.0049209874123334885,0.013102089986205101,0.03169460594654083,-0.030424727126955986,0.05719834566116333,1.3188298459492431,-2.9966553476359237,5.886581100782395,seqgru
11020,2026Q2,2,0.0015624482184648514,0.027351390570402145,0.05472923815250397,-0.02895650826394558,0.0852481946349144,2.772887355643583,-2.8541286026178114,8.898731396886706,seqgru
11020,2026Q2,4,0.014584207907319069,0.05456770956516266,0.10021515935659409,-0.04198148660361767,0.15678085386753082,5.608398098005352,-4.111246732686336,16.97392419796049,seqgru
11020,2026Q2,8,0.046542689204216,0.11509013921022415,0.20458859205245972,-0.0648656040430069,0.3159968852996826,12.197456691536356,-6.280659008092549,37.16259834155036,seqgru
11100,2026Q2,1,-0.009307858534157276,0.008896621875464916,0.02712218090891838,-0.034811598248779774,0.05262592062354088,0.8936314438450443,-3.4212644852758323,5.403527850199752,seqgru
11100,2026Q2,2,-0.008309837430715561,0.01790660433471203,0.04438619315624237,-0.03882879391312599,0.0749051496386528,1.8067888821694744,-3.808461918217798,7.778191803191792,seqgru
11100,2026Q2,4,-0.005016777664422989,0.036186929792165756,0.08014580607414246,-0.061582472175359726,0.1367115005850792,3.6849646465785924,-5.972460401571988,14.649733699229595,seqgru
11100,2026Q2,8,0.01320698857307434,0.08474043011665344,0.17441192269325256,-0.09820130467414856,0.28582021594047546,8.843450521021111,-9.353359053912303,33.08531675577851,seqgru
11180,2026Q2,1,-0.008348359726369381,0.009845665656030178,0.028179779648780823,-0.03385209944099188,0.05368351936340332,0.9894293682873423,-3.3285528324444313,5.515061456936166,seqgru
11180,2026Q2,2,-0.005607472732663155,0.020403418689966202,0.04703974351286888,-0.036126429215073586,0.07755869999527931,2.0612991343185616,-3.5481657522763,8.0645664492216,seqgru
11180,2026Q2,4,0.0008627697825431824,0.04106344282627106,0.08513190597295761,-0.055702924728393555,0.14169760048389435,4.191820568437943,-5.417992608619093,15.222816260985628,seqgru
11180,2026Q2,8,0.025141071528196335,0.09274675697088242,0.17957451939582825,-0.08626722171902657,0.29098281264305115,9.7183845922157,-8.265093712907179,33.774159151020754,seqgru
11200,2026Q2,1,-0.008319920860230923,0.009912862442433834,0.02824937179684639,-0.03382366057485342,0.05375311151146889,0.996215761410979,-3.3258035670062136,5.5224047322304015,seqgru
11200,2026Q2,2,-0.00555269792675972,0.020589429885149002,0.04730193316936493,-0.03607165440917015,0.07782088965177536,2.0802854443308094,-3.5428824770824874,8.092903575466682,seqgru
11200,2026Q2,4,0.001081220805644989,0.04155079275369644,0.08578865230083466,-0.05548447370529175,0.1423543468117714,4.242610819937709,-5.39732881540621,15.298513276600412,seqgru
11200,2026Q2,8,0.024537265300750732,0.0925266221165657,0.17967450618743896,-0.08687102794647217,0.29108279943466187,9.694234409853596,-8.320467101516682,33.78753546871109,seqgru
11244,2026Q2,1,-0.007878423668444157,0.010344143025577068,0.028801750391721725,-0.033382163383066654,0.05430549010634422,1.0397828623868843,-3.2831127575199903,5.580709151458341,seqgru
11244,2026Q2,2,-0.004725819453597069,0.021394245326519012,0.048288047313690186,-0.0352447759360075,0.07880700379610062,2.162474303310935,-3.4630911787122742,8.199548089773657,seqgru
11244,2026Q2,4,0.0016358047723770142,0.04222175106406212,0.08679531514644623,-0.05492988973855972,0.14336100965738297,4.312576735442986,-5.34484913990898,15.414638445710338,seqgru
11244,2026Q2,8,0.02428542450070381,0.0925268903374672,0.1795049011707306,-0.08712286874651909,0.2909131944179535,9.694263832143978,-8.34355284134215,33.76484635567063,seqgru
11260,2026Q2,1,-0.004169491119682789,0.013780295848846436,0.032416004687547684,-0.029673230834305286,0.05791974440217018,1.387568177081544,-2.923730295733895,5.9629951062477815,seqgru
11260,2026Q2,2,0.00287732295691967,0.02858724817633629,0.056143760681152344,-0.02764163352549076,0.08666271716356277,2.8999785272854517,-2.726309936019733,9.052880103495276,seqgru
11260,2026Q2,4,0.01659281924366951,0.05677056312561035,0.10289265215396881,-0.03997287526726723,0.15945834666490555,5.841294357767568,-3.9184499337473144,17.28754070308913,seqgru
11260,2026Q2,8,0.048652201890945435,0.11810748279094696,0.20870721340179443,-0.06275609135627747,0.32011550664901733,12.53650622448812,-6.082748194985288,37.728684093630996,seqgru
11460,2026Q2,1,-0.00917754601687193,0.009107416495680809,0.027339819818735123,-0.03468128573149443,0.05284355953335762,0.9149015202975175,-3.408678247080288,5.426470255581406,seqgru
11460,2026Q2,2,-0.007240325212478638,0.01893039233982563,0.04536815360188484,-0.03775928169488907,0.07588711008429527,1.9110708236580676,-3.7055288586776314,7.884077703820136,seqgru
11460,2026Q2,4,-0.002001892775297165,0.03855111077427864,0.08240574598312378,-0.0585675872862339,0.13897144049406052,3.9303846624826333,-5.688550430384687,14.909128205568024,seqgru
11460,2026Q2,8,0.019413769245147705,0.0875912606716156,0.17475757002830505,-0.0919945240020752,0.28616586327552795,9.154187474221676,-8.788985575532804,33.13132529175562,seqgru
11500,2026Q2,1,-0.005830173380672932,0.012280618771910667,0.03085499256849289,-0.03133391309529543,0.05635873228311539,1.2356335201367141,-3.084809347213635,5.797714622696892,seqgru
11500,2026Q2,2,-0.0008087363094091415,0.02529425173997879,0.05268096551299095,-0.03132769279181957,0.08319992199540138,2.5616865675010425,-3.0842065034414223,8.675905387002558,seqgru
11500,2026Q2,4,0.009424865245819092,0.050404470413923264,0.09631683677434921,-0.047140829265117645,0.15288253128528595,5.169639043515484,-4.604695637598233,16.51880977550233,seqgru
11500,2026Q2,8,0.035933442413806915,0.10716456919908524,0.1987251341342926,-0.07547485083341599,0.3101334273815155,11.31174242498576,-7.2696948860342285,36.36070445120261,seqgru
11540,2026Q2,1,-0.0046246349811553955,0.013297459110617638,0.031855855137109756,-0.030128374695777893,0.057359594851732254,1.338626350772687,-2.967903910547076,5.903656602945473,seqgru
11540,2026Q2,2,0.0013653896749019623,0.027143292129039764,0.054535213857889175,-0.02915356680750847,0.0850541703402996,2.7515027031041805,-2.873270140484796,8.877604446980026,seqgru
11540,2026Q2,4,0.012187851592898369,0.053013578057289124,0.09904290735721588,-0.04437784291803837,0.15560860186815262,5.444396232268445,-4.34075525013805,16.836881621354884,seqgru
11540,2026Q2,8,0.03810657560825348,0.11099377274513245,0.20379900932312012,-0.07330171763896942,0.315207302570343,11.738794857325118,-7.067960463365763,37.05433986792346,seqgru
11694,2026Q2,1,-0.009278173558413982,0.008914872072637081,0.027136746793985367,-0.03478191327303648,0.052640486508607864,0.8954727893146996,-3.418397505301851,5.405063157053602,seqgru
11694,2026Q2,2,-0.008201824501156807,0.017986837774515152,0.04452810436487198,-0.03872078098356724,0.07504706084728241,1.8149575187313305,-3.7980714272472405,7.793487821967071,seqgru
11694,2026Q2,4,-0.004316575825214386,0.036733124405145645,0.08066336065530777,-0.06088227033615112,0.1372290551662445,3.741612284624618,-5.906599089994058,14.709086551980576,seqgru
11694,2026Q2,8,0.014414429664611816,0.08523689955472946,0.17458060383796692,-0.09699386358261108,0.2859888970851898,8.897501383930106,-9.243842470718256,33.10776763282013,seqgru
11700,2026Q2,1,-0.015385468490421772,0.003322992939502001,0.021232755854725838,-0.04088920820504427,0.046736495569348335,0.33285202011947845,-4.0064522968960015,4.784586067116203,seqgru
11700,2026Q2,2,-0.020816422998905182,0.006195172667503357,0.031651925295591354,-0.05133537948131561,0.062170881778001785,0.6214402439770339,-5.003997999778997,6.414417204027245,seqgru
11700,2026Q2,4,-0.030934643000364304,0.011276263743638992,0.0525386743247509,-0.08750033751130104,0.10910436883568764,1.1340080451416101,-8.37814375832936,11.527874461141717,seqgru
11700,2026Q2,8,-0.034027643501758575,0.03689737617969513,0.12028758972883224,-0.14543593674898148,0.23169588297605515,3.758653428017711,-13.5354719712671,26.073625916234235,seqgru
12020,2026Q2,1,-0.011537504382431507,0.006840129848569632,0.024850869551301003,-0.037041244097054005,0.0503546092659235,0.6863576966699592,-3.6363609783369832,5.164395295308788,seqgru
12020,2026Q2,2,-0.012601800262928009,0.013971531763672829,0.039931315928697586,-0.04312075674533844,0.07045027241110802,1.4069589754833522,-4.220427721081387,7.299121083820959,seqgru
12020,2026Q2,4,-0.015161573886871338,0.026477612555027008,0.06918340176343918,-0.07172726839780807,0.12574909627437592,2.6831258876052866,-6.92152843959245,13.399760836115892,seqgru
12020,2026Q2,8,-0.008177459239959717,0.06231413781642914,0.14684689044952393,-0.11958575248718262,0.2582551836967468,6.429662803853509,-11.271208258913878,29.466915493524514,seqgru
12054,2026Q2,1,-0.01343213114887476,0.0050691221840679646,0.023022444918751717,-0.03893587086349726,0.048526184633374214,0.5081991920826701,-3.818761263346049,4.972285806864796,seqgru
12054,2026Q2,2,-0.01666852831840515,0.00986507348716259,0.03549286723136902,-0.04718748480081558,0.06601182371377945,0.9913893730983503,-4.609146252802598,6.823934764761819,seqgru
12054,2026Q2,4,-0.022327188402414322,0.01905396394431591,0.06058373674750328,-0.07889288291335106,0.11714943125844002,1.923664916315171,-7.586108978882056,12.428742082280287,seqgru
12054,2026Q2,8,-0.01589369773864746,0.053512606769800186,0.1369161456823349,-0.12730199098587036,0.2483244389295578,5.497029145136834,-11.953226087614299,28.187575513362063,seqgru
12100,2026Q2,1,-0.0038302410393953323,0.014114455319941044,0.03282648324966431,-0.02933398075401783,0.058330222964286804,1.4214534544670476,-2.890791576527063,6.006499572331059,seqgru
12100,2026Q2,2,0.0031281113624572754,0.02897491492331028,0.05671181529760361,-0.027390845119953156,0.08723077178001404,2.9398771604117746,-2.7019117631262635,9.11484569372889,seqgru
12100,2026Q2,4,0.015849152579903603,0.05670160800218582,0.10351723432540894,-0.040716541931033134,0.16008292883634567,5.833996309873513,-3.9898760176439896,17.36081929181219,seqgru
12100,2026Q2,8,0.04427064582705498,0.11669354140758514,0.21010777354240417,-0.06713764742016792,0.3215160667896271,12.377498641390439,-6.493351701096339,37.92171654401522,seqgru
12220,2026Q2,1,-0.007867778651416302,0.010233547538518906,0.028582166880369186,-0.0333715183660388,0.054085906594991684,1.0286089362932627,-3.2820831991285937,5.557527913813698,seqgru
12220,2026Q2,2,-0.005786942318081856,0.020354492589831352,0.047147635370492935,-0.03630589880049229,0.07766659185290337,2.0563057951305197,-3.5654743697499547,8.076226365032802,seqgru
12220,2026Q2,4,-0.0022930242121219635,0.039339181035757065,0.08403889089822769,-0.0588587187230587,0.14060458540916443,4.012321389607543,-5.7160034617927735,15.096944788099576,seqgru
12220,2026Q2,8,0.012847140431404114,0.0870056003332138,0.17853733897209167,-0.09856115281581879,0.2899456322193146,9.090278912029337,-9.385972210961501,33.63548314040088,seqgru
12260,2026Q2,1,-0.007800278253853321,0.010286797769367695,0.028604354709386826,-0.03330401796847582,0.05410809442400932,1.0339888762816996,-3.275554480950016,5.559870032177749,seqgru
12260,2026Q2,2,-0.005540624260902405,0.020551297813653946,0.04728706181049347,-0.036059580743312836,0.0778060182929039,2.0763929858022445,-3.5417178790454806,8.091296099058853,seqgru
12260,2026Q2,4,-0.0013078711926937103,0.04014188051223755,0.08473865687847137,-0.05787356570363045,0.1413043513894081,4.095845543447041,-5.623073530334022,15.177513900966687,seqgru
12260,2026Q2,8,0.016169577836990356,0.08987857401371002,0.18139120936393738,-0.09523871541023254,0.2927995026111603,9.404143057971236,-9.084412095660642,34.017406209287614,seqgru
12420,2026Q2,1,-0.018147703260183334,0.0005816714838147163,0.01815146580338478,-0.04365144297480583,0.04365520551800728,0.0581840687477575,-4.2712431364409165,4.462211284700146,seqgru
12420,2026Q2,2,-0.026932206004858017,-7.988512516021729e-05,0.024381624534726143,-0.05745116248726845,0.054900581017136574,-0.007988193442853841,-5.583199992280385,5.643557970355095,seqgru
12420,2026Q2,4,-0.045061539858579636,-0.002719596028327942,0.036236878484487534,-0.10162723436951637,0.09280257299542427,-0.27159012772184354,-9.66337672032721,9.72450880717588,seqgru
12420,2026Q2,8,-0.056083060801029205,0.015135027468204498,0.09484512358903885,-0.1674913540482521,0.20625341683626175,1.5250142017174229,-15.421607013572125,22.906463020347047,seqgru
12540,2026Q2,1,-0.012418166734278202,0.0060607134364545345,0.024063343182206154,-0.0379219064489007,0.04956708289682865,0.6079116720358657,-3.7211874500878706,5.081608163727092,seqgru
12540,2026Q2,2,-0.014197129756212234,0.012310927733778954,0.03812282532453537,-0.044716086238622665,0.0686417818069458,1.2387019135924549,-4.373105879226302,7.1052469940818375,seqgru
12540,2026Q2,4,-0.017804645001888275,0.023335909470915794,0.06509209424257278,-0.07437033951282501,0.12165778875350952,2.3610322205815493,-7.167216630495476,12.936755336530048,seqgru
12540,2026Q2,8,-0.010050497949123383,0.058093808591365814,0.13992324471473694,-0.12145879119634628,0.25133153796195984,5.981441074420357,-11.437245175134725,28.573628406383243,seqgru
12580,2026Q2,1,-0.010417883284389973,0.007952036336064339,0.026159923523664474,-0.03592162299901247,0.05166366323828697,0.7983737751564801,-3.528409794069398,5.302151310078673,seqgru
12580,2026Q2,2,-0.010100428014993668,0.01630018651485443,0.04258367419242859,-0.0406193844974041,0.07310263067483902,1.6433759322057373,-3.980547467233797,7.584094553121057,seqgru
12580,2026Q2,4,-0.008570615202188492,0.032477349042892456,0.07560165226459503,-0.06513630971312523,0.13216734677553177,3.3010494202573515,-6.306025931458903,14.12992960442252,seqgru
12580,2026Q2,8,0.007028244435787201,0.07594560831785202,0.16146156191825867,-0.1043800488114357,0.27286985516548157,7.89038891639029,-9.911714710497655,31.372925862152968,seqgru
12620,2026Q2,1,-0.012325462885200977,0.006275109015405178,0.024451252073049545,-0.037829202599823475,0.04995499178767204,0.6294838759157484,-3.7122616198568936,5.122378160808871,seqgru
12620,2026Q2,2,-0.014244604855775833,0.012463836930692196,0.03848796710371971,-0.044763561338186264,0.06900692358613014,1.2541834258012363,-4.3776456677813265,7.1443627354903505,seqgru
12620,2026Q2,4,-0.017713777720928192,0.024079415947198868,0.06649726629257202,-0.07427947223186493,0.12306296080350876,2.4371666106553613,-7.158780784621355,13.095562458080323,seqgru
12620,2026Q2,8,-0.008811913430690765,0.06255734711885452,0.14862579107284546,-0.12022020667791367,0.26003408432006836,6.455550635854568,-11.3274847583543,29.697429239930884,seqgru
12700,2026Q2,1,-0.00806876365095377,0.01012338139116764,0.028404884040355682,-0.03357250336557627,0.05390862375497818,1.0174796167228717,-3.3015200962642655,5.538816034176919,seqgru
12700,2026Q2,2,-0.005557766184210777,0.02074895054101944,0.047451723366975784,-0.03607672266662121,0.07797067984938622,2.0965706572957377,-3.543371345348223,8.109096045559937,seqgru
12700,2026Q2,4,-0.0009104646742343903,0.040545523166656494,0.08499796688556671,-0.05747615918517113,0.14156366139650345,4.1378715480296036,-5.5855600710098985,15.207384455613049,seqgru
12700,2026Q2,8,0.017440788447856903,0.0890488401055336,0.1776757836341858,-0.093967504799366,0.2890840768814087,9.31340438046564,-8.968765745763408,33.520398359639955,seqgru
12940,2026Q2,1,-0.010383161716163158,0.008046017028391361,0.026313666254281998,-0.035886901430785656,0.051817405968904495,0.8078473212675519,-3.5250600910149865,5.318341994929154,seqgru
12940,2026Q2,2,-0.010399293154478073,0.016173023730516434,0.04259290173649788,-0.040918249636888504,0.07311185821890831,1.6304514992835362,-4.009240046488793,7.585087294674975,seqgru
12940,2026Q2,4,-0.010682974010705948,0.031147925183176994,0.07468338310718536,-0.06724866852164268,0.1312490776181221,3.1638097854596703,-6.503732335940282,14.025175713623828,seqgru
12940,2026Q2,8,0.0004366189241409302,0.07270167022943497,0.1606403887271881,-0.11097167432308197,0.272048681974411,7.540966233603541,-10.503590096607763,31.265090219331615,seqgru
12980,2026Q2,1,-0.0046656448394060135,0.013295206241309643,0.03190643712878227,-0.03016938455402851,0.05741017684340477,1.3383980483488322,-2.9718831014598823,5.9090135563034,seqgru
12980,2026Q2,2,0.0016465671360492706,0.027425434440374374,0.054883118718862534,-0.02887238934636116,0.08540207520127296,2.7804973396844845,-2.8459564533567128,8.915490084734913,seqgru
12980,2026Q2,4,0.014096030965447426,0.05442888289690018,0.10031469166278839,-0.04246966354548931,0.15688038617372513,5.593737853596847,-4.1580459869284265,16.98556746183135,seqgru
12980,2026Q2,8,0.04533373937010765,0.11471664905548096,0.20489944517612457,-0.06607455387711525,0.3163077384233475,12.155559870586963,-6.3938925292227005,37.20524239136947,seqgru
13020,2026Q2,1,-0.00660253781825304,0.01164015382528305,0.030284512788057327,-0.03210627753287554,0.055788252502679825,1.1708164042783853,-3.1596342941514033,5.7373763781989995,seqgru
13020,2026Q2,2,-0.001969560980796814,0.024094199761748314,0.05128781497478485,-0.032488517463207245,0.08180677145719528,2.4386810339239506,-3.1966434751481088,8.524608904780994,seqgru
13020,2026Q2,4,0.006638243794441223,0.04718406870961189,0.09225600957870483,-0.049927450716495514,0.14882170408964157,4.831495330233504,-4.870156198267972,16.046606440931697,seqgru
13020,2026Q2,8,0.03316430374979973,0.1025555357336998,0.19117885828018188,-0.07824398949742317,0.3025871515274048,10.799883372935115,-7.526122753229569,35.33556182909465,seqgru
13140,2026Q2,1,-0.009072509594261646,0.009120441041886806,0.02733103558421135,-0.034576249308884144,0.05283477529883385,0.9162158996548264,-3.3985321073403796,5.42554416880916,seqgru
13140,2026Q2,2,-0.007313713431358337,0.018823642283678055,0.045200131833553314,-0.03783266991376877,0.07571908831596375,1.900192391772526,-3.712595479096148,7.865952353078898,seqgru
13140,2026Q2,4,-0.004374939948320389,0.03634312003850937,0.07968881726264954,-0.060940634459257126,0.13625451177358627,3.7011604915324403,-5.912090608572839,14.597352023519882,seqgru
13140,2026Q2,8,0.013207577168941498,0.08152368664741516,0.165878027677536,-0.0982007160782814,0.2772863209247589,8.49389158452123,-9.353305699658366,31.95441300477988,seqgru
13220,2026Q2,1,-0.008130374364554882,0.010077164508402348,0.02843986451625824,-0.03363411407917738,0.05394360423088074,1.012811011595205,-3.3074775750911334,5.542507896759163,seqgru
13220,2026Q2,2,-0.005301784723997116,0.020862873643636703,0.04757903516292572,-0.03582074120640755,0.07809799164533615,2.1082024779455644,-3.51867707619522,8.122860484905182,seqgru
13220,2026Q2,4,0.0002546533942222595,0.0409320592880249,0.08503793179988861,-0.05631104111671448,0.14160362631082535,4.178132377616506,-5.47549199242331,15.211988800867582,seqgru
13220,2026Q2,8,0.02273043617606163,0.09085619449615479,0.17672564089298248,-0.08867785707116127,0.2881339341402054,9.511151087186942,-8.485966791840626,33.393595172439426,seqgru
13380,2026Q2,1,-0.010962183587253094,0.007359711918979883,0.025511302053928375,-0.03646592330187559,0.05101504176855087,0.738686116141074,-3.580905021955927,5.233872219965252,seqgru
13380,2026Q2,2,-0.012004166841506958,0.014411462470889091,0.04057208448648453,-0.04252312332391739,0.07109104096889496,1.4515808252033802,-4.1631695396008634,7.367897019264946,seqgru
13380,2026Q2,4,-0.013646475970745087,0.028079062700271606,0.07115496695041656,-0.07021217048168182,0.1277206614613533,2.8476995375472436,-6.780398555495637,13.623556398069002,seqgru
13380,2026Q2,8,-0.002241767942905426,0.07013684511184692,0.15826669335365295,-0.11365006119012833,0.26967498660087585,7.265495879890271,-10.74297537923461,30.953876391508995,seqgru
13460,2026Q2,1,-0.014140998013317585,0.004419115837663412,0.02238861285150051,-0.03964473772794008,0.04789235256612301,0.4428894529140859,-3.8869167970138285,4.905772087438676,seqgru
13460,2026Q2,2,-0.01939486339688301,0.007594125345349312,0.03334164246916771,-0.04991381987929344,0.06386059895157814,0.7623033847157901,-4.8688594900164635,6.594379472142342,seqgru
13460,2026Q2,4,-0.030598264187574387,0.01275242492556572,0.05485788732767105,-0.08716395869851112,0.11142358183860779,1.2834083843519029,-8.347318922981072,11.786831530008634,seqgru
13460,2026Q2,8,-0.03871624916791916,0.03829093277454376,0.1268567442893982,-0.15012454241514206,0.2382650375366211,3.9033477802429717,-13.939921155019498,26.904549294817514,seqgru
13740,2026Q2,1,-0.008813397027552128,0.009420902468264103,0.027707386761903763,-0.034317136742174625,0.05321112647652626,0.946541885494967,-3.3734982098881594,5.465228663700739,seqgru
13740,2026Q2,2,-0.007441630586981773,0.018894419074058533,0.04553811997175217,-0.037960587069392204,0.0760570764541626,1.9074048155622636,-3.7249115022726986,7.902415927270412,seqgru
13740,2026Q2,4,-0.00426570326089859,0.037466585636138916,0.08195366710424423,-0.06083139777183533,0.13851936161518097,3.8177306467975347,-5.901812195644807,14.857191956241046,seqgru
13740,2026Q2,8,0.01128368079662323,0.08509954810142517,0.1768788993358612,-0.10012461245059967,0.2882871925830841,8.882545181005419,-9.527532894711133,33.41404043378999,seqgru
13780,2026Q2,1,-0.00782057922333479,0.010498085990548134,0.029023930430412292,-0.03332431893795729,0.05452767014503479,1.0553384234446295,-3.277518061035245,5.604169683637061,seqgru
13780,2026Q2,2,-0.004671894013881683,0.0215681791305542,0.04856295883655548,-0.035190850496292114,0.07908191531896591,2.1802453565448188,-3.4578852430903972,8.229297481350262,seqgru
13780,2026Q2,4,0.001572202891111374,0.04247178137302399,0.08708924800157547,-0.05499349161982536,0.1436549425125122,4.338661302062996,-5.350869194129748,15.44856758611266,seqgru
13780,2026Q2,8,0.023632530122995377,0.09357217699289322,0.18209344148635864,-0.08777576312422752,0.29350173473358154,9.808985730493557,-8.403375289377724,34.11155058862625,seqgru
13820,2026Q2,1,-0.009587041102349758,0.008712141774594784,0.026951391249895096,-0.035090780816972256,0.05245513096451759,0.8750202932853668,-3.4482238212261818,5.385527554794289,seqgru
13820,2026Q2,2,-0.008448192849755287,0.01778435707092285,0.044152937829494476,-0.03896714933216572,0.07467189431190491,1.7943440414828205,-3.821769618159754,7.753054897618972,seqgru
13820,2026Q2,4,-0.0063551440834999084,0.034575462341308594,0.0779213085770607,-0.06292083859443665,0.13448700308799744,3.5180142545970794,-6.098219528370952,14.394979109100703,seqgru
13820,2026Q2,8,0.010825447738170624,0.08025260269641876,0.16612493991851807,-0.10058284550905228,0.27753323316574097,8.356074347341602,-9.568980872876375,31.986998187277017,seqgru
13900,2026Q2,1,-0.005756772123277187,0.012217395938932896,0.03063999116420746,-0.031260511837899685,0.056143730878829956,1.229233318908829,-3.0776953892754366,5.774970410589209,seqgru
13900,2026Q2,2,-0.0006560515612363815,0.025126732885837555,0.052190907299518585,-0.031175008043646812,0.08270986378192902,2.544506990280171,-3.0694078101788036,8.622660914472235,seqgru
13900,2026Q2,4,0.010482324287295341,0.0509205162525177,0.09635219722986221,-0.046083370223641396,0.15291789174079895,5.223925404010865,-4.503765655229774,16.52293000653802,seqgru
13900,2026Q2,8,0.03906745836138725,0.11017487943172455,0.20237693190574646,-0.07234083488583565,0.31378522515296936,11.64733016039381,-6.9786207537423035,36.85957650335803,seqgru
13980,2026Q2,1,-0.007874519564211369,0.010296815074980259,0.02867773547768593,-0.033378259278833866,0.054181475192308426,1.0350009696947549,-3.2827351639740487,5.567616380755291,seqgru
13980,2026Q2,2,-0.00497722253203392,0.021132279187440872,0.04794888198375702,-0.03549617901444435,0.07846783846616745,2.135714699567104,-3.4873578042927234,8.16285677690951,seqgru
13980,2026Q2,4,0.001327361911535263,0.04209946095943451,0.08662289381027222,-0.055238332599401474,0.14318858832120895,4.299821119478753,-5.374040343293096,15.394740215024537,seqgru
13980,2026Q2,8,0.02342076599597931,0.09345367550849915,0.1822442263364792,-0.08798752725124359,0.2936525195837021,9.795973973656169,-8.422770115010557,34.13177410334267,seqgru
14010,2026Q2,1,-0.0039442554116249084,0.013972362503409386,0.03259436413645744,-0.029447995126247406,0.05809810385107994,1.4070432183087345,-2.901862790812415,5.981896293212285,seqgru
14010,2026Q2,2,0.0035508479923009872,0.029180534183979034,0.056711845099925995,-0.026968108490109444,0.08723080158233643,2.961045758107961,-2.660771602100931,9.114848945604749,seqgru
14010,2026Q2,4,0.01838734745979309,0.0582219623029232,0.10441847145557404,-0.038178347051143646,0.16098416596651077,5.99502385977384,-3.745874081298839,17.466636895999187,seqgru
14010,2026Q2,8,0.05243842676281929,0.12090767174959183,0.21114006638526917,-0.05896986648440361,0.32254835963249207,12.852071321415481,-5.726482334576232,38.06416565682926,seqgru
14020,2026Q2,1,-0.014453778974711895,0.004133571870625019,0.022031258791685104,-0.03995751868933439,0.0475349985063076,0.41421268623260676,-3.9169744386065686,4.8682902814218165,seqgru
14020,2026Q2,2,-0.01894349604845047,0.007790441624820232,0.033245064318180084,-0.0494624525308609,0.06376402080059052,0.7820866070479715,-4.825910707261183,6.584085281172225,seqgru
14020,2026Q2,4,-0.027465272694826126,0.014453887939453125,0.05588952451944351,-0.08403096720576286,0.11245521903038025,1.455885047360117,-8.059721568091971,11.902214489408225,seqgru
14020,2026Q2,8,-0.02638748288154602,0.044145599007606506,0.12786570191383362,-0.13779577612876892,0.23927399516105652,4.513451435914706,-12.872339094028607,27.03265522326308,seqgru
14260,2026Q2,1,-0.009003412909805775,0.009086480364203453,0.027310378849506378,-0.03450715262442827,0.052814118564128876,0.9127887747677033,-3.3918570355854216,5.423366443804545,seqgru
14260,2026Q2,2,-0.009253483265638351,0.017064539715647697,0.043557047843933105,-0.03977243974804878,0.07407600432634354,1.7210970713557483,-3.89918984823433,7.688865058232475,seqgru
14260,2026Q2,4,-0.012096218764781952,0.030924201011657715,0.0749455988407135,-0.06866191327571869,0.13151129335165024,3.140732129195656,-6.635772121498573,14.055078829076596,seqgru
14260,2026Q2,8,-0.008559159934520721,0.07169279456138611,0.16542167961597443,-0.11996745318174362,0.2768299728631973,7.432525480268581,-11.305069637482035,31.89420960208851,seqgru
14454,2026Q2,1,-0.007889163680374622,0.010313615202903748,0.0286785289645195,-0.03339290339499712,0.054182268679142,1.0366983848941302,-3.2841514924648263,5.567700147302168,seqgru
14454,2026Q2,2,-0.004599791020154953,0.02145843394100666,0.048232100903987885,-0.035118747502565384,0.07875105738639832,2.1690321814574087,-3.4509240166361033,8.193494882855813,seqgru
14454,2026Q2,4,0.002857644110918045,0.04312685877084732,0.08732086420059204,-0.05370805040001869,0.14388655871152878,4.40703359292729,-5.2291250692785844,15.475310441438573,seqgru
14454,2026Q2,8,0.0275389663875103,0.09501220285892487,0.18134456872940063,-0.0838693268597126,0.29275286197662354,9.967227418985281,-8.044859108516079,34.01115569818809,seqgru
14500,2026Q2,1,-0.015319726429879665,0.0033769002184271812,0.021229755133390427,-0.04082346614450216,0.046733494848012924,0.33826083694468156,-4.000141275823765,4.78427163824493,seqgru
14500,2026Q2,2,-0.020066045224666595,0.006849487312138081,0.032192494720220566,-0.050585001707077026,0.062711451202631,0.6872998700021116,-4.932688359998116,6.471957135070028,seqgru
14500,2026Q2,4,-0.027308817952871323,0.014240456745028496,0.05558924376964569,-0.08387451246380806,0.11215493828058243,1.4342335072722756,-8.045335950234932,11.86861745306138,seqgru
14500,2026Q2,8,-0.02510867267847061,0.043677862733602524,0.12690332531929016,-0.1365169659256935,0.23831161856651306,4.46457813435579,-12.760848079562482,26.910460777102042,seqgru
14540,2026Q2,1,-0.00997354555875063,0.008124381303787231,0.026170603930950165,-0.03547728527337313,0.05167434364557266,0.8157473647136593,-3.4855343021946483,5.303275985948708,seqgru
14540,2026Q2,2,-0.010250583291053772,0.015896126627922058,0.04198194295167923,-0.0407695397734642,0.07250089943408966,1.6023142174737215,-3.9949642122337425,7.519377315565268,seqgru
14540,2026Q2,4,-0.010518107563257217,0.03101731464266777,0.0740516185760498,-0.06708380207419395,0.13061731308698654,3.1503363844058496,-6.488316667712479,13.953161402390467,seqgru
14540,2026Q2,8,0.00047300010919570923,0.07426556944847107,0.16350825130939484,-0.11093529313802719,0.27491654455661774,7.709281046107486,-10.500334051928306,31.642080780099025,seqgru
14580,2026Q2,1,-0.013452802784740925,0.005023122765123844,0.022923558950424194,-0.03895654249936342,0.04842729866504669,0.5035759796540695,-3.8207494663405894,4.961906033950636,seqgru
14580,2026Q2,2,-0.017357315868139267,0.009319069795310497,0.03487226366996765,-0.0478762723505497,0.06539122015237808,0.9362627526940281,-4.67482766235684,6.75766001770306,seqgru
14580,2026Q2,4,-0.02652214840054512,0.01585918478667736,0.05751106142997742,-0.08308784291148186,0.11407675594091415,1.5985609102392662,-7.972969555344845,12.083815256955589,seqgru
14580,2026Q2,8,-0.029605790972709656,0.04404161870479584,0.1293286383152008,-0.14101408421993256,0.2407369315624237,4.502584660561704,-13.152292021066847,27.21863192162377,seqgru
14740,2026Q2,1,-0.011101257987320423,0.00721763726323843,0.02533132955431938,-0.03660499770194292,0.05083506926894188,0.7243747186588045,-3.594313517334191,5.214934721103925,seqgru
14740,2026Q2,2,-0.012452203780412674,0.014025728218257427,0.040152475237846375,-0.042971160262823105,0.0706714317202568,1.4124550220618204,-4.206098362187516,7.322853907582849,seqgru
14740,2026Q2,4,-0.015205413103103638,0.026814019307494164,0.06978701055049896,-0.07177110761404037,0.1263527050614357,2.717674995469088,-6.925608837392383,13.468230590600893,seqgru
14740,2026Q2,8,-0.00770355761051178,0.06586689502000809,0.15425702929496765,-0.11911185085773468,0.26566532254219055,6.808454033261024,-11.229149574876518,30.429846633725568,seqgru
14860,2026Q2,1,-0.0038644885644316673,0.014030450955033302,0.03267087787389755,-0.029368228279054165,0.05817461758852005,1.412933967523644,-2.894117269625107,5.990005674434262,seqgru
14860,2026Q2,2,0.003250258043408394,0.028977325186133385,0.056617360562086105,-0.027268698439002037,0.08713631704449654,2.9401252728697314,-2.6900263987211126,9.104539766567331,seqgru
14860,2026Q2,4,0.017518335953354836,0.05796419829130173,0.104729562997818,-0.0390473585575819,0.16129525750875473,5.96770567818512,-3.8294836901465734,17.50318545791285,seqgru
14860,2026Q2,8,0.0491475947201252,0.12062709778547287,0.21432551741600037,-0.0622606985270977,0.32573381066322327,12.820412409946623,-6.0362107356947465,38.504663515325355,seqgru
15180,2026Q2,1,-0.01199317816644907,0.006433717906475067,0.02449161559343338,-0.03749691788107157,0.04999535530805588,0.6454458725860812,-3.6802613594856703,5.126621355697125,seqgru
15180,2026Q2,2,-0.013430751860141754,0.013031253591179848,0.038957223296165466,-0.043949708342552185,0.0694761797785759,1.311653039487326,-4.299791451612222,7.194652689703029,seqgru
15180,2026Q2,4,-0.014981098473072052,0.026115886867046356,0.06867922842502594,-0.07154679298400879,0.12524492293596268,2.6459894802507655,-6.9047285479836855,13.342602110283464,seqgru
15180,2026Q2,8,-0.00422041118144989,0.06505437195301056,0.1505390852689743,-0.11562870442867279,0.2619473785161972,6.721704948197593,-10.919408580750712,29.94581612136542,seqgru
15260,2026Q2,1,-0.01314846146851778,0.005341970827430487,0.0232967808842659,-0.03865220118314028,0.0488005205988884,0.5356264594552185,-3.791473691951941,5.001087430723872,seqgru
15260,2026Q2,2,-0.016270916908979416,0.01031902153044939,0.03594614937901497,-0.04678987339138985,0.0664651058614254,1.0372446238563038,-4.571210219597832,6.8723671232644445,seqgru
15260,2026Q2,4,-0.02217409387230873,0.019575631245970726,0.06116395443677902,-0.07873978838324547,0.11772964894771576,1.976849030567407,-7.571959834610286,12.493994155592446,seqgru
15260,2026Q2,8,-0.01799795776605606,0.053421903401613235,0.1382298618555069,-0.12940625101327896,0.2496381551027298,5.487460643213904,-12.138304599550532,28.356088269244427,seqgru
15380,2026Q2,1,-0.0036768587306141853,0.014242254197597504,0.03284274414181709,-0.029180598445236683,0.05834648385643959,1.4344158306597299,-2.875895599574696,6.008223346603114,seqgru
15380,2026Q2,2,0.003899635747075081,0.02959238551557064,0.05719027668237686,-0.02661932073533535,0.08770923316478729,3.003459135308928,-2.6268149496885496,9.167065425465214,seqgru
15380,2026Q2,4,0.018526555970311165,0.058695238083601,0.10501378774642944,-0.03803913854062557,0.16157948225736618,6.045200610222801,-3.732473755100385,17.536587517881873,seqgru
15380,2026Q2,8,0.05279683321714401,0.12231145799160004,0.21313965320587158,-0.05861146003007889,0.3245479464530945,13.010602752605905,-5.692688041688454,38.34051314119018,seqgru
15500,2026Q2,1,-0.008542475290596485,0.009526180103421211,0.027784448117017746,-0.03404621500521898,0.053288187831640244,0.9571698581360755,-3.3473164437425984,5.473356270297125,seqgru
15500,2026Q2,2,-0.007940031588077545,0.018375298008322716,0.04501490294933319,-0.038458988070487976,0.07553385943174362,1.854516263936401,-3.7728831472095936,7.845974313391313,seqgru
15500,2026Q2,4,-0.008310455828905106,0.03427699953317642,0.07866561412811279,-0.06487615033984184,0.13523130863904953,3.4871225876065504,-6.281647394869905,14.480155621807445,seqgru
15500,2026Q2,8,-0.0017716363072395325,0.07741964608430862,0.17144763469696045,-0.11317992955446243,0.28285592794418335,8.049540693338741,-10.701002962747651,32.691397682074765,seqgru
15540,2026Q2,1,-0.012474850751459599,0.006026578601449728,0.024095430970191956,-0.037978590466082096,0.04959917068481445,0.6044774961836197,-3.7266447652799184,5.0849800541890255,seqgru
15540,2026Q2,2,-0.014439351856708527,0.012208527885377407,0.03814289718866348,-0.04495830833911896,0.06866185367107391,1.2283356166268078,-4.396266021321804,7.107396817622336,seqgru
15540,2026Q2,4,-0.017418693751096725,0.023943748325109482,0.06627008318901062,-0.07398438826203346,0.12283577769994736,2.423270146519152,-7.131380786640018,13.069871975534353,seqgru
15540,2026Q2,8,-0.009431593120098114,0.06018516421318054,0.14480599761009216,-0.12083988636732101,0.25621429085731506,6.203317887810078,-11.382416293322128,29.20295684003438,seqgru
15764,2026Q2,1,-0.009188634343445301,0.008961146697402,0.02710309624671936,-0.0346923740580678,0.05260683596134186,0.9001417974859871,-3.409749277262064,5.401516278671292,seqgru
15764,2026Q2,2,-0.007382947951555252,0.018679708242416382,0.04504229500889778,-0.03790190443396568,0.07556125149130821,1.8855265407591526,-3.719261660581552,7.848928477203643,seqgru
15764,2026Q2,4,-0.0025883950293064117,0.03766573593020439,0.08100664615631104,-0.05915408954024315,0.13757234066724777,3.838408037270913,-5.743848090449877,14.748471277943121,seqgru
15764,2026Q2,8,0.017957940697669983,0.08572538942098618,0.17102979123592377,-0.09345035254955292,0.28243808448314667,8.950709704621485,-8.921676563076664,32.63596503110937,seqgru
15804,2026Q2,1,-0.004613560624420643,0.013303106650710106,0.03185933083295822,-0.03011730033904314,0.05736307054758072,1.3391986663439992,-2.9668293365501697,5.904024692484744,seqgru
15804,2026Q2,2,0.0016182251274585724,0.027321364730596542,0.05467429384589195,-0.02890073135495186,0.08519325032830238,2.769801559718532,-2.8487099550734696,8.8927481959721,seqgru
15804,2026Q2,4,0.013660093769431114,0.05410859361290932,0.09996546804904938,-0.04290560074150562,0.15653116255998611,5.5599227265062945,-4.199817953982976,16.944720471988852,seqgru
15804,2026Q2,8,0.043957117944955826,0.11492130160331726,0.2065122425556183,-0.06745117530226707,0.3179205358028412,12.1785151405156,-6.5226640471406805,37.426705186054335,seqgru
15940,2026Q2,1,-0.0031676050275564194,0.01472427137196064,0.03343920409679413,-0.028671344742178917,0.058942943811416626,1.483320746719441,-2.826422193564204,6.071471867457445,seqgru
15940,2026Q2,2,0.0045255571603775024,0.0302716176956892,0.058078549802303314,-0.02599339932203293,0.08859750628471375,3.073446165447935,-2.565847909786667,9.264078676016418,seqgru
15940,2026Q2,4,0.01918937638401985,0.059887416660785675,0.10684220492839813,-0.037376318126916885,0.16340789943933487,6.171700817039061,-3.6686445222055997,17.751690022641387,seqgru
15940,2026Q2,8,0.05205291509628296,0.1241735965013504,0.21809181571006775,-0.05935537815093994,0.32950010895729065,13.221240205191176,-5.762818870952302,39.027296972195735,seqgru
15980,2026Q2,1,-0.01933472231030464,-0.0005203774198889732,0.017003793269395828,-0.04483846202492714,0.042507532984018326,-0.0520242047042041,-4.384807579569195,4.342391643976007,seqgru
15980,2026Q2,2,-0.02995143085718155,-0.002797100692987442,0.021608883515000343,-0.06047038733959198,0.052127839997410774,-0.27931924516081397,-5.867835635614938,5.3510414673621165,seqgru
15980,2026Q2,4,-0.05129459872841835,-0.00802537053823471,0.031217867508530617,-0.10786029323935509,0.08778356201946735,-0.7993253227299824,-10.224699016545614,9.175179989976478,seqgru
15980,2026Q2,8,-0.07020201534032822,0.004560090601444244,0.08761397749185562,-0.18161030858755112,0.19902227073907852,0.45705036367023055,-16.607374899717776,22.020914055666218,seqgru
16020,2026Q2,1,-0.006740528158843517,0.011193403974175453,0.029474887996912003,-0.032244267873466015,0.0549786277115345,1.1256284517204396,-3.1729964072555794,5.651803422600077,seqgru
16020,2026Q2,2,-0.0027176383882761,0.023024288937449455,0.04975885897874832,-0.03323659487068653,0.08027781546115875,2.329139390603241,-3.2690327993476487,8.358806337992641,seqgru
16020,2026Q2,4,0.00705370306968689,0.04714563488960266,0.09158490598201752,-0.04951199144124985,0.14815060049295425,4.827466332836061,-4.830625411160405,15.96875327265841,seqgru
16020,2026Q2,8,0.03673049062490463,0.1055515930056572,0.19452205300331116,-0.07467780262231827,0.30593034625053406,11.132343956030022,-7.19575489927593,35.78877212826805,seqgru
16180,2026Q2,1,-0.01073546800762415,0.007604469079524279,0.02580275759100914,-0.03623920772224665,0.05130649730563164,0.7633456485873102,-3.5590428327948787,5.2645476847621,seqgru
16180,2026Q2,2,-0.01194804534316063,0.014612487517297268,0.0408889576792717,-0.04246700182557106,0.07140791416168213,1.4719771839677431,-4.1577908821509135,7.401924418496875,seqgru
16180,2026Q2,4,-0.01607682928442955,0.026365987956523895,0.06959249079227448,-0.07264252379536629,0.1261581853032112,2.6716645645997295,-7.006680039409674,13.44616092438291,seqgru
16180,2026Q2,8,-0.012853354215621948,0.06276387721300125,0.15187698602676392,-0.12426164746284485,0.2632852792739868,6.477539181319858,-11.685126297615678,30.119787079213612,seqgru
16220,2026Q2,1,-0.011116386391222477,0.007276705000549555,0.02539781853556633,-0.036620126105844975,0.05090155825018883,0.7303244552825161,-3.5957719704657,5.221930587496937,seqgru
16220,2026Q2,2,-0.011674981564283371,0.014728620648384094,0.0408417284488678,-0.0421939380466938,0.07136068493127823,1.4837621266935885,-4.131616272847028,7.396852028046186,seqgru
16220,2026Q2,4,-0.011394523084163666,0.029757756739854813,0.0726848691701889,-0.0679602175951004,0.12925056368112564,3.0204943519801297,-6.5702358555036255,13.797522370752668,seqgru
16220,2026Q2,8,0.004225529730319977,0.07442915439605713,0.16156913340091705,-0.10718276351690292,0.27297742664813995,7.726902104432609,-10.163852971612863,31.38705860269544,seqgru
16300,2026Q2,1,-0.005302863195538521,0.0126578314229846,0.031197894364595413,-0.03080660291016102,0.05670163407921791,1.2738280851236627,-3.0336915037929124,5.83399906971005,seqgru
16300,2026Q2,2,6.826035678386688e-05,0.02582170069217682,0.05302925035357475,-0.030450696125626564,0.08354820683598518,2.6157968905788698,-2.999174394655546,8.713762149471126,seqgru
16300,2026Q2,4,0.010196743533015251,0.0508279874920845,0.0964536964893341,-0.046368950977921486,0.15301939100027084,5.214189615052511,-4.531033648072558,16.5347575978809,seqgru
16300,2026Q2,8,0.038419757038354874,0.10975804179906845,0.2012970894575119,-0.07298853620886803,0.3127053827047348,11.600801049813247,-7.0388513163372135,36.71186948770793,seqgru
16540,2026Q2,1,-0.008234755136072636,0.009927335195243359,0.028246372938156128,-0.03373849485069513,0.053750112652778625,0.9976774652538101,-3.3175698884509552,5.5220882859244425,seqgru
16540,2026Q2,2,-0.006339048966765404,0.019819123670458794,0.04647541791200638,-0.036858005449175835,0.07699437439441681,2.0016826440551805,-3.6187018175470764,8.003600051895553,seqgru
16540,2026Q2,4,-0.004033025354146957,0.03754211589694023,0.08180777728557587,-0.060598719865083694,0.1383734717965126,3.8255723232072825,-5.879915078888509,14.840436683575353,seqgru
16540,2026Q2,8,0.011478163301944733,0.08504879474639893,0.1748492419719696,-0.09993012994527817,0.2862575352191925,8.877019166766754,-9.509935871544773,33.14353025852572,seqgru
16580,2026Q2,1,-0.002399795688688755,0.015399671159684658,0.03415635600686073,-0.027903535403311253,0.05966009572148323,1.5518857117843288,-2.751782762273902,6.1475685092753585,seqgru
16580,2026Q2,2,0.006389236077666283,0.03195631131529808,0.05990905314683914,-0.024129720404744148,0.09042800962924957,3.247239695874926,-2.3840926205694557,9.464270107113414,seqgru
16580,2026Q2,4,0.02447333000600338,0.06454510986804962,0.11213541030883789,-0.03209236450493336,0.16870110481977463,6.667369466899653,-3.1582869420645476,18.376626401002483,seqgru
16580,2026Q2,8,0.06117575615644455,0.13209636509418488,0.22723397612571716,-0.05023253709077835,0.33864226937294006,14.121828757636457,-4.899174590616406,40.30413445675936,seqgru
16620,2026Q2,1,-0.007953952066600323,0.010291017591953278,0.028706736862659454,-0.03345769178122282,0.05421047657728195,1.034415222689411,-3.290417353232389,5.570678032234522,seqgru
16620,2026Q2,2,-0.005000440403819084,0.021303625777363777,0.04819568619132042,-0.035519396886229515,0.07871464267373085,2.153216805410474,-3.4895985964315535,8.189555119560277,seqgru
16620,2026Q2,4,0.0014788173139095306,0.04244834557175636,0.08705325424671173,-0.055086877197027206,0.14361894875764847,4.336216070585297,-5.359707645143363,15.444412233455429,seqgru
16620,2026Q2,8,0.02463897317647934,0.09423010051250458,0.18228405714035034,-0.08676932007074356,0.29369235038757324,9.88125541622642,-8.311142096772606,34.137116786130846,seqgru
16700,2026Q2,1,-0.009044650010764599,0.008996685966849327,0.027146361768245697,-0.034548389725387096,0.052650101482868195,0.9037277785338027,-3.395840793190419,5.406076628895007,seqgru
16700,2026Q2,2,-0.008875319734215736,0.017328666523098946,0.04374939203262329,-0.03939427621662617,0.07426834851503372,1.7479678884709804,-3.8628411540526653,7.709580377784864,seqgru
16700,2026Q2,4,-0.009177163243293762,0.03303864225745201,0.07689796388149261,-0.0657428577542305,0.13346365839242935,3.359047873900378,-6.3628385963464655,14.277973492779195,seqgru
16700,2026Q2,8,1.481175422668457e-05,0.076763816177845,0.16881543397903442,-0.11139348149299622,0.2802237272262573,7.978701804842259,-10.54133236344762,32.34258656166842,seqgru
16740,2026Q2,1,-0.01088684145361185,0.007377130910754204,0.025465819984674454,-0.03639058116823435,0.05096955969929695,0.7404408977691235,-3.5736403279511886,5.229086074543821,seqgru
16740,2026Q2,2,-0.012379646301269531,0.014072753489017487,0.040213122963905334,-0.04289860278367996,0.07073207944631577,1.417224082349966,-4.19914754600359,7.329362992005084,seqgru
16740,2026Q2,4,-0.015299513936042786,0.027077248319983482,0.07028897851705551,-0.07186520844697952,0.12685467302799225,2.7447168265644306,-6.934366803053694,13.525202305370865,seqgru
16740,2026Q2,8,-0.008585654199123383,0.06736809015274048,0.15807713568210602,-0.11999394744634628,0.2694854289293289,6.968914775899004,-11.307419513306716,30.929055432196108,seqgru
16820,2026Q2,1,-0.009476331062614918,0.008721567690372467,0.02698659896850586,-0.034980070777237415,0.05249033868312836,0.875971137212006,-3.4375339785234216,5.389238004111929,seqgru
16820,2026Q2,2,-0.009218195453286171,0.017140598967671394,0.04367046803236008,-0.0397371519356966,0.07418942451477051,1.7288341961502418,-3.895798601044309,7.701079842287317,seqgru
16820,2026Q2,4,-0.009466715157032013,0.03256697207689285,0.07678477466106415,-0.06603240966796875,0.13335046917200089,3.3103079886061204,-6.389947490722381,14.265039190073047,seqgru
16820,2026Q2,8,-0.0007949396967887878,0.07419794797897339,0.16529586911201477,-0.11220323294401169,0.27670416235923767,7.701997832498186,-10.613742328378562,31.87761696889475,seqgru
16860,2026Q2,1,-0.011180990375578403,0.007166719064116478,0.025242067873477936,-0.0366847300902009,0.05074580758810043,0.7192461454603949,-3.6019998665295483,5.20554347832638,seqgru
16860,2026Q2,2,-0.012223821133375168,0.014167476445436478,0.0401928536593914,-0.0427427776157856,0.07071181014180183,1.4268310766411219,-4.184218198931722,7.327187522511025,seqgru
16860,2026Q2,4,-0.014020688831806183,0.027497127652168274,0.07016938179731369,-0.07058638334274292,0.12673507630825043,2.787866267796435,-6.815276003057436,13.511625875431555,seqgru
16860,2026Q2,8,-0.0025009512901306152,0.06909023225307465,0.1559174507856369,-0.11390924453735352,0.2673257440328598,7.1532891613396155,-10.7661063159329,30.646595051168156,seqgru
16940,2026Q2,1,-0.0037281010299921036,0.014010638929903507,0.03260364383459091,-0.0292318407446146,0.05810738354921341,1.4109247918303813,-2.880872334498441,5.982879777780714,seqgru
16940,2026Q2,2,0.0023205913603305817,0.02803376317024231,0.05562278628349304,-0.02819836512207985,0.08614174276590347,2.843040690616183,-2.780450200598794,8.996081141657486,seqgru
16940,2026Q2,4,0.013783793896436691,0.05521221086382866,0.10199521481990814,-0.042781900614500046,0.15856090933084488,5.676484786352232,-4.1879667263126645,17.182329702443333,seqgru
16940,2026Q2,8,0.04044514149427414,0.11729610711336136,0.21500882506370544,-0.07096315175294876,0.32641711831092834,12.445233873587181,-6.85037845021138,38.599337153074885,seqgru
16984,2026Q2,1,-0.003634176217019558,0.014257585629820824,0.03294835239648819,-0.029137915931642056,0.05845209211111069,1.4359709774524498,-2.871750010196805,6.019419281232685,seqgru
16984,2026Q2,2,0.0037402790039777756,0.02945728600025177,0.05723222717642784,-0.026778677478432655,0.08775118365883827,2.989544357864582,-2.6423307870136914,9.171645133853733,seqgru
16984,2026Q2,4,0.019186200574040413,0.059465691447257996,0.10632170736789703,-0.037379493936896324,0.16288740187883377,6.126934973947251,-3.6689504517998683,17.69041650298182,seqgru
16984,2026Q2,8,0.053528621792793274,0.12424423545598984,0.2179405391216278,-0.057879671454429626,0.3293488323688507,13.229238317728086,-5.623649770569039,39.00626698772201,seqgru
17020,2026Q2,1,-0.015721574425697327,0.002979978919029236,0.02086668275296688,-0.041225314140319824,0.04637042246758938,0.2984423470000941,-4.0387108765734485,4.7462342688872505,seqgru
17020,2026Q2,2,-0.02172834798693657,0.005320456810295582,0.030721455812454224,-0.052247304469347,0.061240412294864655,0.533463557531344,-5.090587740091401,6.315447887357961,seqgru
17020,2026Q2,4,-0.032992031425237656,0.009486928582191467,0.050478845834732056,-0.08955772593617439,0.10704454034566879,0.9532072134105007,-8.566451727085534,11.298382605968627,seqgru
17020,2026Q2,8,-0.03713788837194443,0.0346539281308651,0.11829543113708496,-0.14854618161916733,0.22970372438430786,3.5261371960012333,-13.8039800466357,25.822717267064732,seqgru
17140,2026Q2,1,-0.00740931648761034,0.010768488980829716,0.02930290997028351,-0.03291305620223284,0.054806649684906006,1.0826677839421261,-3.2377315277084873,5.633635196250353,seqgru
17140,2026Q2,2,-0.004107896238565445,0.02182520367205143,0.04879934340715408,-0.034626852720975876,0.07931829988956451,2.2065115626428433,-3.4034203475469593,8.254884241400084,seqgru
17140,2026Q2,4,0.0026413872838020325,0.04314592108130455,0.08775250613689423,-0.053924307227134705,0.14431820064783096,4.409023851184957,-5.2496177020783685,15.52516518695799,seqgru
17140,2026Q2,8,0.027312856167554855,0.09678158909082413,0.18571814894676208,-0.08409543707966805,0.297126442193985,10.161974157431185,-8.065648755184728,34.59854780459093,seqgru
17300,2026Q2,1,-0.011591129936277866,0.006766894366592169,0.024837255477905273,-0.037094869650900364,0.05034099519252777,0.6789841527413021,-3.6415283932961895,5.162963589258318,seqgru
17300,2026Q2,2,-0.013049986213445663,0.013351318426430225,0.03935341536998749,-0.043568942695856094,0.06987237185239792,1.344084526838829,-4.26334516150807,7.237130775639611,seqgru
17300,2026Q2,4,-0.015727821737527847,0.02572253718972206,0.06844954937696457,-0.07229351624846458,0.1250152438879013,2.6056216532664322,-6.974219004688431,13.316572678647942,seqgru
17300,2026Q2,8,-0.007804974913597107,0.06350541114807129,0.1501494199037552,-0.11921326816082001,0.2615577131509781,6.556525171722338,-11.238152018609727,29.895190601614207,seqgru
17410,2026Q2,1,-0.004527871496975422,0.01341507863253355,0.03200478106737137,-0.03003161121159792,0.057508520781993866,1.350546452560275,-2.958514292573422,5.919429577996516,seqgru
17410,2026Q2,2,0.0018011294305324554,0.02762288972735405,0.05509404093027115,-0.028717827051877975,0.08561299741268158,2.8007938960478374,-2.83093894092713,8.938465203656488,seqgru
17410,2026Q2,4,0.01410118117928505,0.05473993718624115,0.1009000912308693,-0.04246451333165169,0.15746578574180603,5.6265883475624,-4.157552379099549,17.054070811454537,seqgru
17410,2026Q2,8,0.043878886848688126,0.1149771511554718,0.20679430663585663,-0.06752940639853477,0.31820259988307953,12.184780435302889,-6.5299765955703855,37.465473790611185,seqgru
17420,2026Q2,1,-0.008789525367319584,0.009356090798974037,0.02762945368885994,-0.03429326508194208,0.05313319340348244,0.939999583617368,-3.37119154733615,5.457009754598285,seqgru
17420,2026Q2,2,-0.0079975426197052,0.018276985734701157,0.04485223442316055,-0.03851649910211563,0.07537119090557098,1.844503207075121,-3.7784171088369067,7.8284325944775635,seqgru
17420,2026Q2,4,-0.007313445210456848,0.03479567915201187,0.07891929149627686,-0.06387913972139359,0.1354849860072136,3.540813171806856,-6.18816260726004,14.509200330229444,seqgru
17420,2026Q2,8,0.004531294107437134,0.08037091046571732,0.17205923795700073,-0.10687699913978577,0.28346753120422363,8.368894471132737,-10.136380078172092,32.772576995712384,seqgru
17660,2026Q2,1,-0.00739497784525156,0.010623152367770672,0.028973694890737534,-0.03289871755987406,0.05447743460536003,1.0679778388867245,-3.236344078199982,5.598864734430697,seqgru
17660,2026Q2,2,-0.005621613934636116,0.020552661269903183,0.047387681901454926,-0.03614057041704655,0.07790663838386536,2.0765321625930477,-3.549529687501196,8.102172802302743,seqgru
17660,2026Q2,4,-0.003284364938735962,0.03926197066903114,0.08430200815200806,-0.0598500594496727,0.1408677026629448,4.004290870152705,-5.809424713632327,15.127232764600574,seqgru
17660,2026Q2,8,0.008601516485214233,0.08799853175878525,0.18402451276779175,-0.10280677676200867,0.29543280601501465,9.19865187274076,-9.769869778194906,34.37077976693092,seqgru
17780,2026Q2,1,-0.01248979102820158,0.006009718403220177,0.024065405130386353,-0.03799353074282408,0.04956914484500885,0.6027812990494041,-3.728083105105384,5.081824836781212,seqgru
17780,2026Q2,2,-0.01478223130106926,0.01189089473336935,0.037838686257600784,-0.04530118778347969,0.06835764274001122,1.1961872472766144,-4.429040957260211,7.074818532299232,seqgru
17780,2026Q2,4,-0.018998820334672928,0.02285104990005493,0.06549134850502014,-0.07556451484560966,0.12205704301595688,2.311413524448125,-7.278009084494929,12.981854819966543,seqgru
17780,2026Q2,8,-0.014402754604816437,0.057234980165958405,0.14352372288703918,-0.12581104785203934,0.2549320161342621,5.890460274300846,-11.821855445850925,29.037389328538055,seqgru
17820,2026Q2,1,-0.015075174160301685,0.003374048974364996,0.02107248082756996,-0.04057891387492418,0.04657622054219246,0.33797474848209497,-3.976661421584793,4.767793060524528,seqgru
17820,2026Q2,2,-0.020338527858257294,0.006265108473598957,0.031388722360134125,-0.050857484340667725,0.061907678842544556,0.6284775315873237,-4.958589022541549,6.386412302691968,seqgru
17820,2026Q2,4,-0.029696505516767502,0.011861350387334824,0.05251334607601166,-0.08626220002770424,0.1090790405869484,1.1931975162682518,-8.264633047367663,11.525049691169409,seqgru
17820,2026Q2,8,-0.029737576842308044,0.03957844525575638,0.12153815478086472,-0.14114587008953094,0.23294644802808762,4.037210794008361,-13.16373656765415,26.231387811984284,seqgru
17860,2026Q2,1,-0.007657929323613644,0.010475192219018936,0.028834819793701172,-0.03316166903823614,0.05433855950832367,1.0530249120975554,-3.2617848795815862,5.584200700101949,seqgru
17860,2026Q2,2,-0.004636131227016449,0.021396899595856667,0.04816603660583496,-0.03515508770942688,0.07868499308824539,2.162745470393812,-3.4544325662785202,8.18634739165125,seqgru
17860,2026Q2,4,0.0011443719267845154,0.04199011251330376,0.08648285269737244,-0.05542132258415222,0.14304854720830917,4.288416719645682,-5.391354362013379,15.378581338661967,seqgru
17860,2026Q2,8,0.0224386565387249,0.09262274205684662,0.18109837174415588,-0.088969636708498,0.2925066649913788,9.704778719865349,-8.512664828100247,33.97816661673887,seqgru
17900,2026Q2,1,-0.007992039434611797,0.01009620912373066,0.028372280299663544,-0.033495779149234295,0.05387602001428604,1.0147347800428141,-3.294100696552016,5.535375130079467,seqgru
17900,2026Q2,2,-0.006182529032230377,0.020021937787532806,0.04666965827345848,-0.03670148551464081,0.07718861475586891,2.0223721232490277,-3.603615042405428,8.024580747790777,seqgru
17900,2026Q2,4,-0.004457730799913406,0.037592463195323944,0.08200670033693314,-0.06102342531085014,0.13857239484786987,3.830799791870265,-5.919879904270298,14.863283365950197,seqgru
17900,2026Q2,8,0.0077480748295784,0.08287276327610016,0.17340293526649475,-0.1036602184176445,0.28481122851371765,8.640356932287773,-9.846843079136903,32.951103065835085,seqgru
17980,2026Q2,1,-0.009078520350158215,0.009232806973159313,0.027557969093322754,-0.03458226006478071,0.05306170880794525,0.9275560813480022,-3.3991127534380716,5.449471472348155,seqgru
17980,2026Q2,2,-0.007193749770522118,0.01899058371782303,0.045522548258304596,-0.03771270625293255,0.07604150474071503,1.917205176059844,-3.7010437966801923,7.900735714851237,seqgru
17980,2026Q2,4,-0.003776777535676956,0.03688816353678703,0.08031776547431946,-0.06034247204661369,0.1368834599852562,3.7576975409981728,-5.855793922088348,14.66945049386248,seqgru
17980,2026Q2,8,0.015284761786460876,0.08365417271852493,0.16869860887527466,-0.09612353146076202,0.28010690212249756,8.72528270960391,-9.16482008869436,32.32712652833909,seqgru
18020,2026Q2,1,-0.006454595364630222,0.01161863747984171,0.030079271644353867,-0.03195833507925272,0.055583011358976364,1.1686396014625622,-3.1453064330158154,5.715676945023351,seqgru
18020,2026Q2,2,-0.002370409667491913,0.02365368977189064,0.05075889825820923,-0.032889366149902344,0.08127785474061966,2.39356570918583,-3.2354391973521524,8.467223602332098,seqgru
18020,2026Q2,4,0.006173118948936462,0.047307729721069336,0.0927475094795227,-0.050392575562000275,0.14931320399045944,4.844459700555692,-4.914393163515818,16.10365735559862,seqgru
18020,2026Q2,8,0.03069928288459778,0.10280606150627136,0.19476082921028137,-0.08070901036262512,0.3061691224575043,10.8276450766839,-7.753792070038057,35.82119912746984,seqgru
18140,2026Q2,1,-0.007999212481081486,0.010091805830597878,0.028384335339069366,-0.03350295219570398,0.053888075053691864,1.0142899835341224,-3.2947943699737414,5.53664737085382,seqgru
18140,2026Q2,2,-0.005929635837674141,0.02020418457686901,0.04690023139119148,-0.03644859232008457,0.07741918787360191,2.040967067391919,-3.5792339698961118,8.049491183893686,seqgru
18140,2026Q2,4,-0.0021515153348445892,0.03938456252217293,0.08399168401956558,-0.058717209845781326,0.14055737853050232,4.017041730464999,-5.702660495245581,15.091511548836722,seqgru
18140,2026Q2,8,0.013757139444351196,0.08733712136745453,0.17835195362567902,-0.0976511538028717,0.2897602468729019,9.126450629631178,-9.303476005074263,33.61071137629785,seqgru
18580,2026Q2,1,-0.014595516957342625,0.004019703716039658,0.021878518164157867,-0.04009925667196512,0.047382257878780365,0.40277935609833726,-3.9305920877228395,4.852273856167066,seqgru
18580,2026Q2,2,-0.018583517521619797,0.008067700080573559,0.033430710434913635,-0.04910247400403023,0.06394966691732407,0.8100331667792116,-4.7916439115198495,6.603874039506508,seqgru
18580,2026Q2,4,-0.0248737595975399,0.016238892450928688,0.057311393320560455,-0.08143945410847664,0.11387708783149719,1.6371459875549776,-7.821148132796818,12.061437927560847,seqgru
18580,2026Q2,8,-0.018680743873119354,0.04908386990427971,0.13111773133277893,-0.13008903712034225,0.24252602458000183,5.030843631412996,-12.198274868749825,27.446441613299477,seqgru
18700,2026Q2,1,-0.011450017802417278,0.006969088688492775,0.025105154141783714,-0.036953757517039776,0.05060889385640621,0.699342929816904,-3.6279300843315876,5.191140380787274,seqgru
18700,2026Q2,2,-0.01253410056233406,0.013991175219416618,0.040126733481884,-0.04305305704474449,0.07064568996429443,1.4089509781589404,-4.213943253219298,7.320091264426165,seqgru
18700,2026Q2,4,-0.014344368129968643,0.027126669883728027,0.06996454298496246,-0.07091006264090538,0.1265302374958992,2.749794756615076,-6.845433088244857,13.488376670050272,seqgru
18700,2026Q2,8,-0.0042097195982933044,0.06609557569026947,0.15177476406097412,-0.1156180128455162,0.263183057308197,6.832881855097828,-10.918456163108504,30.106486658599387,seqgru
18880,2026Q2,1,-0.009760663844645023,0.00841487105935812,0.026599351316690445,-0.03526440355926752,0.05210309103131294,0.8450375605682625,-3.4649859501943103,5.3484341702725535,seqgru
18880,2026Q2,2,-0.010214146226644516,0.016122400760650635,0.04246384650468826,-0.04073310270905495,0.0729828029870987,1.6253067942210597,-3.9914660068293473,7.571203772184765,seqgru
18880,2026Q2,4,-0.01212729886174202,0.03026135265827179,0.07405202835798264,-0.06869299337267876,0.13061772286891937,3.0723881180967583,-6.63867384566047,13.95320809834677,seqgru
18880,2026Q2,8,-0.006160706281661987,0.07113005220890045,0.16346362233161926,-0.11756899952888489,0.27487191557884216,7.372085655765859,-11.09208364134535,31.636205859698396,seqgru
19124,2026Q2,1,-0.014605089090764523,0.0038050771690905094,0.021543974056839943,-0.04010882880538702,0.04704771377146244,0.3812325666002536,-3.9315116725119337,4.817202012675992,seqgru
19124,2026Q2,2,-0.019614100456237793,0.006932143121957779,0.03214766085147858,-0.050133056938648224,0.06266661733388901,0.6956226042678537,-4.889713475448188,6.467183692325884,seqgru
19124,2026Q2,4,-0.02787936106324196,0.013859035447239876,0.05492116138339043,-0.0844450555741787,0.11148685589432716,1.3955517077877788,-8.097785086605501,11.793904959995483,seqgru
19124,2026Q2,8,-0.025241658091545105,0.045954734086990356,0.13071118295192719,-0.136649951338768,0.24211947619915009,4.702701525044928,-12.77244884283365,27.394638999664124,seqgru
19140,2026Q2,1,-0.010135612450540066,0.008143928833305836,0.026362691074609756,-0.03563935216516256,0.051866430789232254,0.8177180827724673,-3.5011748342225646,5.323505334287537,seqgru
19140,2026Q2,2,-0.01002376526594162,0.01625019684433937,0.042625054717063904,-0.04054272174835205,0.07314401119947433,1.638294940332452,-3.9731860698712818,7.588546531508045,seqgru
19140,2026Q2,4,-0.008747953921556473,0.03241622447967529,0.07579053938388824,-0.06531364843249321,0.13235623389482498,3.2947353817050606,-6.322640027627902,14.151489314162259,seqgru
19140,2026Q2,8,0.007063373923301697,0.07757510244846344,0.1653781533241272,-0.1043449193239212,0.2767864465713501,8.066338987750576,-9.908549899615604,31.888468861165897,seqgru
19300,2026Q2,1,-0.00801937934011221,0.009958910755813122,0.028198987245559692,-0.03352311905473471,0.05370272696018219,1.0008665738846956,-3.2967445905582426,5.517088167154771,seqgru
19300,2026Q2,2,-0.007281124591827393,0.018846509978175163,0.04545089602470398,-0.037800081074237823,0.07596985250711441,1.9025226408849516,-3.70945753319063,7.893004663106984,seqgru
19300,2026Q2,4,-0.007051430642604828,0.03568454831838608,0.080264151096344,-0.06361712515354156,0.13682984560728073,3.632888323415928,-6.163579318776968,14.66330272740728,seqgru
19300,2026Q2,8,0.002876386046409607,0.08355198055505753,0.17997589707374573,-0.1085319072008133,0.29138419032096863,8.714172405442877,-10.284973119350106,33.82786388960679,seqgru
19340,2026Q2,1,-0.007077847607433796,0.011122448369860649,0.029637549072504044,-0.032581587322056293,0.05514128878712654,1.118453276204412,-3.205652530633729,5.668990256359563,seqgru
19340,2026Q2,2,-0.0031841304153203964,0.022880367934703827,0.04995230585336685,-0.03370308689773083,0.08047126233577728,2.3144131379859934,-3.314146500905879,8.379770038031875,seqgru
19340,2026Q2,4,0.005065549165010452,0.04570234194397926,0.0906786322593689,-0.051500145345926285,0.14724432677030563,4.676278720422378,-5.019648808788169,15.863701448962964,seqgru
19340,2026Q2,8,0.03084605187177658,0.10062617063522339,0.19017662107944489,-0.08056224137544632,0.3015849143266678,10.586316035972644,-7.740252193936447,35.19999144263733,seqgru
19430,2026Q2,1,-0.004647806286811829,0.013263345696032047,0.03182781860232353,-0.030151546001434326,0.05733155831694603,1.335169403162939,-2.9701522448555284,5.900687473015376,seqgru
19430,2026Q2,2,0.0012344084680080414,0.02703002840280533,0.05443571135401726,-0.02928454801440239,0.08495466783642769,2.739865344089587,-2.885991083663031,8.866771391688989,seqgru
19430,2026Q2,4,0.0126970075070858,0.05356315150856972,0.09963348507881165,-0.04386868700385094,0.15619917958974838,5.502361599678562,-4.292037378483194,16.90590326001611,seqgru
19430,2026Q2,8,0.04153481498360634,0.11424674093723297,0.20747500658035278,-0.06987347826361656,0.3188832998275757,12.102869443296438,-6.748820454588589,37.55907838569761,seqgru
19460,2026Q2,1,-0.010055582039058208,0.00825873576104641,0.026478644460439682,-0.035559321753680706,0.05198238417506218,0.8292933196933472,-3.493451684497728,5.335718659413025,seqgru
19460,2026Q2,2,-0.009540067985653877,0.016748499125242233,0.0430731400847435,-0.04005902446806431,0.07359209656715393,1.6889541552812526,-3.9267269259636195,7.63676618739304,seqgru
19460,2026Q2,4,-0.008227754384279251,0.032805122435092926,0.07597425580024719,-0.06479344889521599,0.13253995031118393,3.3349143053446495,-6.273896431217974,14.172462743223724,seqgru
19460,2026Q2,8,0.00797349214553833,0.0774141177535057,0.16324421763420105,-0.10343480110168457,0.27465251088142395,8.048943361385819,-9.82651870583171,31.607327425930308,seqgru
19500,2026Q2,1,-0.0051624104380607605,0.012896175496280193,0.03147187829017639,-0.030666150152683258,0.05697561800479889,1.2979689786328574,-3.020071361911325,5.862999856928464,seqgru
19500,2026Q2,2,0.001261141151189804,0.027032211422920227,0.05438501387834549,-0.029257815331220627,0.08490397036075592,2.7400896275270537,-2.8833949309292506,8.861252261099061,seqgru
19500,2026Q2,4,0.01551762968301773,0.055242642760276794,0.10113648325204849,-0.041048064827919006,0.15770217776298523,5.679700771128271,-4.021700296546948,17.081744730658887,seqgru
19500,2026Q2,8,0.05183284357190132,0.11878768354654312,0.20843622088432312,-0.05957544967532158,0.319844514131546,12.613079680763196,-5.78355550920131,37.69136570753054,seqgru
19660,2026Q2,1,-0.01366379763931036,0.0047896383330225945,0.02269240841269493,-0.03916753735393286,0.04819614812731743,0.4801126985543247,-3.8410406525763108,4.937646836801046,seqgru
19660,2026Q2,2,-0.018017910420894623,0.00862958375364542,0.0341520756483078,-0.048536866903305054,0.06467103213071823,0.8666925950105986,-4.737778157277317,6.680802109132422,seqgru
19660,2026Q2,4,-0.026447828859090805,0.01596524938941002,0.057565994560718536,-0.08301352337002754,0.11413168907165527,1.6093374927372839,-7.9661298944837196,12.089972540950944,seqgru
19660,2026Q2,8,-0.025005564093589783,0.049379561096429825,0.13652166724205017,-0.13641385734081268,0.24792996048927307,5.0619049188271426,-12.751852510309526,28.137018251040267,seqgru
19740,2026Q2,1,-0.01529743243008852,0.0033114361576735973,0.021080395206809044,-0.04080117214471102,0.04658413492143154,0.33169250193862965,-3.9980010311362,4.768622235852038,seqgru
19740,2026Q2,2,-0.020103387534618378,0.00658376794308424,0.031760863959789276,-0.05062234401702881,0.06227982044219971,0.6605488584972674,-4.936238326733278,6.426010479955391,seqgru
19740,2026Q2,4,-0.02738754078745842,0.013744218274950981,0.05452115088701248,-0.08395323529839516,0.11108684539794922,1.383910425580348,-8.052574597115292,11.749195167369741,seqgru
19740,2026Q2,8,-0.022066615521907806,0.04515272006392479,0.12653785943984985,-0.1334749087691307,0.23794615268707275,4.618762154944278,-12.495057523069441,26.864087808329028,seqgru
19780,2026Q2,1,-0.010618639178574085,0.0076055265963077545,0.0256910752505064,-0.03612237889319658,0.0511948149651289,0.7634522075728345,-3.5477750905108185,5.252792150159746,seqgru
19780,2026Q2,2,-0.01128058135509491,0.014974093064665794,0.04102817177772522,-0.04179953783750534,0.07154712826013565,1.5086766487850456,-4.093798305033491,7.416877321380255,seqgru
19780,2026Q2,4,-0.012702170759439468,0.02877141162753105,0.07173043489456177,-0.0692678652703762,0.1282961294054985,2.9189306875529564,-6.6923292244359995,13.68896193006439,seqgru
19780,2026Q2,8,-0.0027815625071525574,0.06947306543588638,0.15713760256767273,-0.11418985575437546,0.26854589581489563,7.194318849339898,-10.791142834510925,30.80610101789254,seqgru
19804,2026Q2,1,-0.004859698936343193,0.013147113844752312,0.03176816180348396,-0.03036343865096569,0.05727190151810646,1.3233917133080642,-2.9907099782867763,5.8943699654488535,seqgru
19804,2026Q2,2,0.0012487992644309998,0.027173642069101334,0.05468907579779625,-0.02927015721797943,0.08520803228020668,2.7546212523761104,-2.8845935256749278,8.89435785523558,seqgru
19804,2026Q2,4,0.01357627660036087,0.05417794734239578,0.10022319108247757,-0.04298941791057587,0.1567888855934143,5.56724395470598,-4.2078473175345295,16.97486370422807,seqgru
19804,2026Q2,8,0.042101841419935226,0.11322220414876938,0.20503313839435577,-0.06930645182728767,0.3164414316415787,11.988074745196563,-6.695929576721604,37.22358702803239,seqgru
20020,2026Q2,1,-0.009166360832750797,0.009110216982662678,0.02746226266026497,-0.034670100547373295,0.052966002374887466,0.9151841315612419,-3.4075978493197656,5.439379762494179,seqgru
20020,2026Q2,2,-0.008169863373041153,0.0180892962962389,0.04474375396966934,-0.038688819855451584,0.07526271045207977,1.825389863200222,-3.794996655946836,7.816735951650511,seqgru
20020,2026Q2,4,-0.005777902901172638,0.03564221039414406,0.07967076450586319,-0.062343597412109375,0.13623645901679993,3.6285008149207654,-6.043999906194997,14.59528324406909,seqgru
20020,2026Q2,8,0.011035449802875519,0.08326835185289383,0.17330065369606018,-0.10037284344434738,0.2847089469432831,8.683342318172226,-9.549988177963542,32.937505313634084,seqgru
20100,2026Q2,1,-0.008737939409911633,0.009492402896285057,0.027830373495817184,-0.03424167912453413,0.05333411321043968,0.9537598644882461,-3.366206729166721,5.478200285367851,seqgru
20100,2026Q2,2,-0.007498551160097122,0.018772052600979805,0.04541075602173805,-0.03801750764250755,0.07592971250414848,1.8949355287812608,-3.7303913795263655,7.888673924498324,seqgru
20100,2026Q2,4,-0.0061361901462078094,0.03570433706045151,0.07987739145755768,-0.06270188465714455,0.13644308596849442,3.6349391082036053,-6.07765711278917,14.618964164598335,seqgru
20100,2026Q2,8,0.0072311535477638245,0.08154157549142838,0.1720380187034607,-0.10417713969945908,0.2834463119506836,8.495832432183882,-9.893433121842332,32.76975969062861,seqgru
20220,2026Q2,1,-0.006250427104532719,0.011814168654382229,0.030317489057779312,-0.031754166819155216,0.05582122877240181,1.1884231584785354,-3.1255297599321996,5.740863259934015,seqgru
20220,2026Q2,2,-0.00196903757750988,0.02402287907898426,0.05115485191345215,-0.03248799405992031,0.08167380839586258,2.4313752977793035,-3.1965928079398576,8.510180099821362,seqgru
20220,2026Q2,4,0.00622553750872612,0.04731696844100952,0.09283365309238434,-0.05034015700221062,0.14939934760332108,4.845428333630597,-4.909408782312818,16.11365937490854,seqgru
20220,2026Q2,8,0.031099844723939896,0.1029352992773056,0.19441166520118713,-0.080308448523283,0.30581995844841003,10.84196912008637,-7.716834357886871,35.77378353145404,seqgru
20260,2026Q2,1,-0.0038575585931539536,0.01405886746942997,0.032756268978118896,-0.02936129830777645,0.058260008692741394,1.4158158105675112,-2.8934443263151532,5.999056664486746,seqgru
20260,2026Q2,2,0.0029313527047634125,0.028768863528966904,0.056476473808288574,-0.02758760377764702,0.086995430290699,2.918668440307548,-2.72105412108985,9.089169464896418,seqgru
20260,2026Q2,4,0.01573839597404003,0.056711141020059586,0.1035718321800232,-0.040827298536896706,0.16013752669095993,5.835005232061019,-4.000509184247225,17.36722711568641,seqgru
20260,2026Q2,8,0.04539559781551361,0.11828425526618958,0.21239840984344482,-0.06601269543170929,0.3238067030906677,12.556401339651146,-6.3881020218400035,38.238007149705865,seqgru
20500,2026Q2,1,-0.013132265768945217,0.005258697085082531,0.02314663678407669,-0.038636005483567715,0.04865037649869919,0.5272548301739288,-3.7899155149456853,4.985323320406376,seqgru
20500,2026Q2,2,-0.016809675842523575,0.009894833900034428,0.03560294583439827,-0.047328632324934006,0.0661219023168087,0.9943949632661653,-4.622609485459228,6.835694441503315,seqgru
20500,2026Q2,4,-0.023872289806604385,0.018556447699666023,0.060716137290000916,-0.08043798431754112,0.11728183180093765,1.8729688494091512,-7.728787556844708,12.443628694200303,seqgru
20500,2026Q2,8,-0.025079473853111267,0.049620725214481354,0.13734836876392365,-0.13648776710033417,0.24875666201114655,5.0872451359204485,-12.758300761611896,28.24299311779297,seqgru
20740,2026Q2,1,-0.008667035959661007,0.009542879648506641,0.027849700301885605,-0.034170775674283504,0.0533534400165081,0.9588558110230849,-3.35935481690377,5.480238861788744,seqgru
20740,2026Q2,2,-0.0070501659065485,0.019200747832655907,0.04585099220275879,-0.03756912238895893,0.07636994868516922,1.9386267662178325,-3.687215827739043,7.936180878654997,seqgru
20740,2026Q2,4,-0.0036451630294322968,0.03775157406926155,0.08200065791606903,-0.060210857540369034,0.13856635242700577,3.8473217155407857,-5.843402363453065,14.862589315747154,seqgru
20740,2026Q2,8,0.0130552276968956,0.08561883121728897,0.17571617662906647,-0.0983530655503273,0.28712446987628937,8.939100731230498,-9.367114623759875,33.259007047457814,seqgru
20940,2026Q2,1,-0.005219580605626106,0.012869462370872498,0.03147862106561661,-0.030723320320248604,0.056982360780239105,1.29526302942633,-3.025615562199102,5.863713669770454,seqgru
20940,2026Q2,2,0.0007490906864404678,0.026802202686667442,0.05428605154156685,-0.029769865795969963,0.08480500802397728,2.716461226822786,-2.9331108040854925,8.850479630241814,seqgru
20940,2026Q2,4,0.01055813767015934,0.051376424729824066,0.09722422063350677,-0.0460075568407774,0.1537899151444435,5.271908820810123,-4.496525488206016,16.62458504490949,seqgru
20940,2026Q2,8,0.03504001721739769,0.1040920540690422,0.1914069652557373,-0.07636827602982521,0.3028152585029602,10.970260285396316,-7.352505479050253,35.36643633599989,seqgru
20994,2026Q2,1,-0.0040629152208566666,0.013776835054159164,0.03238683193922043,-0.029566654935479164,0.057890571653842926,1.3872172961314044,-2.9133837536992613,5.95990391954897,seqgru
20994,2026Q2,2,0.002539530396461487,0.02816997468471527,0.055710114538669586,-0.027979426085948944,0.08622907102108002,2.8570500510381125,-2.7591627158269683,9.005599994871027,seqgru
20994,2026Q2,4,0.016256164759397507,0.05665619671344757,0.10301904380321503,-0.04030952975153923,0.15958473831415176,5.82919036083176,-3.950790774282975,17.30236580565947,seqgru
20994,2026Q2,8,0.04917563870549202,0.12073621153831482,0.21449530124664307,-0.06223265454173088,0.32590359449386597,12.832723340175534,-6.0335755796136485,38.52818136407758,seqgru
21060,2026Q2,1,-0.011905853636562824,0.0065814778208732605,0.024731753394007683,-0.03740959335118532,0.05023549310863018,0.6603183338025342,-3.6718499163328033,5.151869262698394,seqgru
21060,2026Q2,2,-0.01360437273979187,0.013010038994252682,0.0390612818300724,-0.0441233292222023,0.06958023831248283,1.3095037764020212,-4.316405563682979,7.205807788486118,seqgru
21060,2026Q2,4,-0.016342956572771072,0.025422794744372368,0.06802668422460556,-0.07290865108370781,0.1245923787355423,2.5748710021933574,-7.031424806709707,13.268665178797367,seqgru
21060,2026Q2,8,-0.006935514509677887,0.06455966830253601,0.1511390209197998,-0.11834380775690079,0.2625473141670227,6.668922388113896,-11.160943546420388,30.023798639039523,seqgru
21140,2026Q2,1,-0.005302462726831436,0.012781837955117226,0.0314241424202919,-0.030806202441453934,0.0569278821349144,1.2863874800477015,-3.0336526718129364,5.857946515155499,seqgru
21140,2026Q2,2,0.0002968069165945053,0.02629750594496727,0.05377834662795067,-0.030222149565815926,0.0842973031103611,2.664633643229042,-2.9770026561238727,8.795229733392906,seqgru
21140,2026Q2,4,0.01115790568292141,0.051960211247205734,0.0979604423046112,-0.04540778882801533,0.15452613681554794,5.3333830840158525,-4.439228378316928,16.710478206126787,seqgru
21140,2026Q2,8,0.03806201368570328,0.10965194553136826,0.20149990916252136,-0.07334627956151962,0.31290820240974426,11.588961249439912,-7.072101601444802,36.73960016081714,seqgru
21300,2026Q2,1,0.0023316554725170135,0.01991523988544941,0.039091162383556366,-0.023172084242105484,0.06459490209817886,2.011487130891143,-2.290567323158088,6.672680805338027,seqgru
21300,2026Q2,2,0.01600063033401966,0.04139423370361328,0.07055367529392242,-0.01451832614839077,0.10107263177633286,4.226291973274465,-1.4413443438609619,10.635699551911305,seqgru
21300,2026Q2,4,0.04259571060538292,0.08284493535757065,0.13332726061344147,-0.013969983905553818,0.1898929551243782,8.637333739350828,-1.387285649589176,20.912016061238425,seqgru
21300,2026Q2,8,0.08881249278783798,0.1629410982131958,0.2644791305065155,-0.022595800459384918,0.3758874237537384,17.696736216608787,-2.2342427337726734,45.62831816486182,seqgru
21340,2026Q2,1,-0.010293652303516865,0.00810379721224308,0.02635970711708069,-0.03579739201813936,0.051863446831703186,0.8136721854987261,-3.51642428932164,5.323191053889698,seqgru
21340,2026Q2,2,-0.009598582983016968,0.016748130321502686,0.04315883293747902,-0.0401175394654274,0.07367778941988945,1.6889166520215992,-3.9323484888097338,7.645990284160797,seqgru
21340,2026Q2,4,-0.007181871682405472,0.033496227115392685,0.07679356634616852,-0.06374756619334221,0.13335926085710526,3.4063542316496997,-6.175818640789499,14.26604377673204,seqgru
21340,2026Q2,8,0.010199114680290222,0.0776846706867218,0.16262708604335785,-0.10120917856693268,0.27403537929058075,8.078180274831137,-9.625603075583788,31.5261334428522,seqgru
21420,2026Q2,1,-0.006936703808605671,0.011183393187820911,0.029654081910848618,-0.03244044352322817,0.055157821625471115,1.1246161097262286,-3.191989644533666,5.670737279135096,seqgru
21420,2026Q2,2,-0.0027026142925024033,0.023257793858647346,0.05032278597354889,-0.033221570774912834,0.08084174245595932,2.3530365381750906,-3.2675794931148694,8.41993002704029,seqgru
21420,2026Q2,4,0.0075034573674201965,0.04763517528772354,0.09272778034210205,-0.04906223714351654,0.1492934748530388,4.878796175429323,-4.787812949103742,16.1013667531835,seqgru
21420,2026Q2,8,0.03651033714413643,0.10401943325996399,0.1928078830242157,-0.07489795610308647,0.3042161762714386,10.96220182792016,-7.216183828032518,35.556206477063434,seqgru
21500,2026Q2,1,-0.0016075028106570244,0.01623658277094364,0.03508368879556656,-0.027111242525279522,0.060587428510189056,1.6369112385442586,-2.674703161577918,6.246048284700523,seqgru
21500,2026Q2,2,0.008062508888542652,0.0337340421974659,0.06191219389438629,-0.02245644759386778,0.09243115037679672,3.430948746625573,-2.2206178460366433,9.683762210359358,seqgru
21500,2026Q2,4,0.026644054800271988,0.06702296435832977,0.11481864750385284,-0.02992163971066475,0.17138434201478958,6.932003414107624,-2.9478419079190687,18.69468549114337,seqgru
21500,2026Q2,8,0.06469420343637466,0.13624750077724457,0.23092985153198242,-0.046714089810848236,0.3423381447792053,14.596548584720527,-4.563978010183611,40.82364048011395,seqgru
21660,2026Q2,1,-0.010352498851716518,0.008063485845923424,0.026342257857322693,-0.035856238566339016,0.05184599757194519,0.8096083305395352,-3.5221018476561783,5.3213532582045975,seqgru
21660,2026Q2,2,-0.010415377095341682,0.0161938164383173,0.042695172131061554,-0.04093433357775211,0.07321412861347198,1.6325646935346771,-4.0107839437793285,7.596090626649721,seqgru
21660,2026Q2,4,-0.010288972407579422,0.03158845379948616,0.07535688579082489,-0.06685466691851616,0.13192258030176163,3.2092664075739297,-6.466887398588739,14.101997842520486,seqgru
21660,2026Q2,8,0.001069188117980957,0.07350355386734009,0.16230443120002747,-0.11033910512924194,0.27371272444725037,7.627236159428996,-10.446959515251365,31.48370274447563,seqgru
21780,2026Q2,1,-0.00635471660643816,0.011641220189630985,0.030056852847337723,-0.03185845632106066,0.05556059256196022,1.1709242892875782,-3.1356322233812906,5.713306953286779,seqgru
21780,2026Q2,2,-0.0022800620645284653,0.023642413318157196,0.05067389830946922,-0.032799018546938896,0.08119285479187965,2.392411079389589,-3.226696356290404,8.458004285712196,seqgru
21780,2026Q2,4,0.005843598395586014,0.046753883361816406,0.09185777604579926,-0.05072209611535072,0.148423470556736,4.786408055592717,-4.945720663485198,16.00040199155821,seqgru
21780,2026Q2,8,0.030269425362348557,0.1017526164650917,0.19240418076515198,-0.08113886788487434,0.3038124740123749,10.710955717257065,-7.793436275125387,35.50149317496343,seqgru
21794,2026Q2,1,-0.01393123622983694,0.004501156974583864,0.022385910153388977,-0.03943497594445944,0.047889649868011475,0.45113023979750366,-3.866753830629388,4.905488559189708,seqgru
21794,2026Q2,2,-0.01788124442100525,0.008604821749031544,0.03401646018028259,-0.04840020090341568,0.06453541666269302,0.8641949644264679,-4.724758160802345,6.666335523193667,seqgru
21794,2026Q2,4,-0.024924803525209427,0.016441790387034416,0.05749819427728653,-0.08149049803614616,0.11406388878822327,1.6577700469263323,-7.825853183361032,12.08237306666895,seqgru
21794,2026Q2,8,-0.018563762307167053,0.0498536191880703,0.13162952661514282,-0.12997205555438995,0.24303781986236572,5.111722172180144,-12.188003084657684,27.511684795023417,seqgru
21820,2026Q2,1,-0.007798545993864536,0.010480633936822414,0.028909392654895782,-0.033302285708487034,0.05441313236951828,1.053574815638525,-3.2753869289179782,5.592074709635164,seqgru
21820,2026Q2,2,-0.0043139830231666565,0.02202373370528221,0.04905107989907265,-0.03483293950557709,0.07957003638148308,2.226804639105695,-3.423325574878411,8.282139376604203,seqgru
21820,2026Q2,4,0.002377282828092575,0.04312525689601898,0.0876045972108841,-0.05418841168284416,0.14417029172182083,4.4068663460622215,-5.27463839603961,15.508079247460671,seqgru
21820,2026Q2,8,0.022567052394151688,0.09026933461427689,0.17539332807064056,-0.08884124085307121,0.28680162131786346,9.4469022403749,-8.500917479300817,33.21599151326049,seqgru
22020,2026Q2,1,-0.007702254690229893,0.010359726846218109,0.028598830103874207,-0.03320599440485239,0.054102569818496704,1.0413574605097065,-3.2660727414013824,5.559286857148749,seqgru
22020,2026Q2,2,-0.004709906876087189,0.021169044077396393,0.04775209724903107,-0.03522886335849762,0.0782710537314415,2.1394697769056448,-3.4615550154459607,8.141574071955882,seqgru
22020,2026Q2,4,0.0017952211201190948,0.042349815368652344,0.08662237972021103,-0.05477047339081764,0.14318807423114777,4.3259363084665825,-5.329758358637227,15.394680891750735,seqgru
22020,2026Q2,8,0.02358551323413849,0.09467510133981705,0.18459782004356384,-0.08782278001308441,0.29600611329078674,9.930163547065018,-8.407681776461807,34.44783759941985,seqgru
22140,2026Q2,1,-0.005190986208617687,0.012846183963119984,0.03145603835582733,-0.030694725923240185,0.05695977807044983,1.2929050644350681,-3.0228425985054153,5.861323007241359,seqgru
22140,2026Q2,2,0.0005450211465358734,0.02649221196770668,0.05394897609949112,-0.029973935335874557,0.08446793258190155,2.6846250118784942,-2.952917178496084,8.813794989793333,seqgru
22140,2026Q2,4,0.012418972328305244,0.05308213829994202,0.09915685653686523,-0.04414672218263149,0.15572255104780197,5.451625773487234,-4.31864386004106,16.850195846726557,seqgru
22140,2026Q2,8,0.042764343321323395,0.11321741342544556,0.2048734724521637,-0.0686439499258995,0.3162817656993866,11.987538242599992,-6.634094972149029,37.201678843760575,seqgru
22180,2026Q2,1,-0.010318859480321407,0.00801767222583294,0.026186130940914154,-0.035822599194943905,0.05168987065553665,0.8049899832344165,-3.518856337220655,5.304911043657934,seqgru
22180,2026Q2,2,-0.010298674926161766,0.01611265540122986,0.042427822947502136,-0.0408176314085722,0.07294677942991257,1.6243164239058805,-3.999581140364672,7.567328744570667,seqgru
22180,2026Q2,4,-0.010949335992336273,0.03055577538907528,0.07363638281822205,-0.06751503050327301,0.13020207732915878,3.1027394399172126,-6.528632870645213,13.905853797642976,seqgru
22180,2026Q2,8,-0.001022525131702423,0.06985815614461899,0.15557695925235748,-0.11243081837892532,0.2669852524995804,7.235606334760991,-10.634083023995233,30.602118564064785,seqgru
22220,2026Q2,1,-0.0073066046461462975,0.010539275594055653,0.028734445571899414,-0.032810344360768795,0.05423818528652191,1.059500938492186,-3.2277923865044467,5.573603299983909,seqgru
22220,2026Q2,2,-0.005917925387620926,0.0201039370149374,0.04676250368356705,-0.03643688187003136,0.07728146016597748,2.03073822194324,-3.578104832720086,8.03461079990706,seqgru
22220,2026Q2,4,-0.0054167211055755615,0.03731347993016243,0.08222631365060806,-0.0619824156165123,0.1387920081615448,3.8018367766061267,-6.010058580248456,14.888511642361069,seqgru
22220,2026Q2,8,0.0004433244466781616,0.08189912885427475,0.17850995063781738,-0.11096496880054474,0.2899182438850403,8.534632418044175,-10.502989974402087,33.63182313723865,seqgru
22380,2026Q2,1,-0.0078733516857028,0.010308271273970604,0.028698325157165527,-0.0333770914003253,0.054202064871788025,1.0361584534010149,-3.2826222098930824,5.56979000651705,seqgru
22380,2026Q2,2,-0.004918120801448822,0.021177958697080612,0.048085618764162064,-0.03543707728385925,0.0786045752465725,2.1403803154919965,-3.481653571552268,8.177647628908291,seqgru
22380,2026Q2,4,0.002670466899871826,0.04326075688004494,0.08821121603250504,-0.05389522761106491,0.14477691054344177,4.421014433295478,-5.246862357276694,15.578169879380365,seqgru
22380,2026Q2,8,0.026406150311231613,0.09590952843427658,0.18617555499076843,-0.08500214293599129,0.29758384823799133,10.065948110275302,-8.148968390946632,34.66012807639183,seqgru
22420,2026Q2,1,-0.006437654606997967,0.011628950014710426,0.030041098594665527,-0.031941394321620464,0.055544838309288025,1.1696829119656416,-3.1436656272283425,5.711641532256984,seqgru
22420,2026Q2,2,-0.0017102845013141632,0.024208001792430878,0.05124078318476677,-0.032229240983724594,0.0817597396671772,2.4503394272078705,-3.1715413876164167,8.519504918188936,seqgru
22420,2026Q2,4,0.010198719799518585,0.050458669662475586,0.09602068364620209,-0.04636697471141815,0.15258637815713882,5.1753393133959325,-4.530844975765824,16.48430747473366,seqgru
22420,2026Q2,8,0.04189763963222504,0.11199352145195007,0.20481252670288086,-0.06951065361499786,0.31622081995010376,11.850561432920582,-6.714980489521249,37.19331723944528,seqgru
22500,2026Q2,1,-0.0085731977596879,0.009677385911345482,0.028125863522291183,-0.0340769374743104,0.05362960323691368,0.9724363227301858,-3.3502858072124386,5.509372646896771,seqgru
22500,2026Q2,2,-0.007074035704135895,0.019291410222649574,0.046139609068632126,-0.037592992186546326,0.07665856555104256,1.9478691847166774,-3.6895147669645967,7.967337576852551,seqgru
22500,2026Q2,4,-0.00428815558552742,0.037470750510692596,0.08206754922866821,-0.06085385009646416,0.13863324373960495,3.818163035522537,-5.903924894986778,14.870272882094081,seqgru
22500,2026Q2,8,0.012039460241794586,0.08490129560232162,0.17525072395801544,-0.09936883300542831,0.28665901720523834,8.860961083935814,-9.459129818155388,33.19699571947463,seqgru
22520,2026Q2,1,-0.006723358295857906,0.011396749876439571,0.029866959899663925,-0.032227098010480404,0.05537069961428642,1.1461940247716296,-3.1713338865980045,5.693234647676038,seqgru
22520,2026Q2,2,-0.0027008727192878723,0.023286577314138412,0.05029899999499321,-0.0332198292016983,0.08081795647740364,2.3559826546461604,-3.267411026375633,8.417351183579935,seqgru
22520,2026Q2,4,0.004892691969871521,0.04570574685931206,0.09067672491073608,-0.051673002541065216,0.14724241942167282,4.676635134895557,-5.036065426982228,15.863480456701161,seqgru
22520,2026Q2,8,0.02951226755976677,0.10008703917264938,0.18955597281455994,-0.08189602568745613,0.30096426606178284,10.526711542440115,-7.863224770512945,35.11610583695657,seqgru
22540,2026Q2,1,-0.00138790812343359,0.016381438821554184,0.03523024171590805,-0.026891647838056087,0.06073398143053055,1.6516350264916602,-2.6533286966861858,6.261620094370612,seqgru
22540,2026Q2,2,0.008384286426007748,0.03394404798746109,0.06215207278728485,-0.022134670056402683,0.09267102926969528,3.452672125664913,-2.189149574612359,9.710076185764805,seqgru
22540,2026Q2,4,0.027994398027658463,0.06824323534965515,0.11640207469463348,-0.028571296483278275,0.17296776920557022,7.062569082465275,-2.816699659940358,18.882778760249952,seqgru
22540,2026Q2,8,0.06719839572906494,0.13912956416606903,0.23570853471755981,-0.04420989751815796,0.3471168279647827,14.927299495484858,-4.324688370884822,41.498202518462655,seqgru
22660,2026Q2,1,-0.013698509894311428,0.004768719431012869,0.022663569077849388,-0.039202249608933926,0.048167308792471886,0.47801078690778986,-3.844378488961575,4.934620548504287,seqgru
22660,2026Q2,2,-0.01744873821735382,0.009097178466618061,0.03459379822015762,-0.04796769469976425,0.06511275470256805,0.9138683558916894,-4.683542115197281,6.727935836656362,seqgru
22660,2026Q2,4,-0.023866813629865646,0.017722146585583687,0.059249863028526306,-0.08043250814080238,0.11581555753946304,1.788011562910552,-7.7282822619939235,12.27887631118616,seqgru
22660,2026Q2,8,-0.01830245554447174,0.0524318553507328,0.13723450899124146,-0.12971074879169464,0.24864280223846436,5.383074670502719,-12.165054217801451,28.228392230991094,seqgru
22744,2026Q2,1,-0.01324936468154192,0.005273159127682447,0.023213084787130356,-0.03875310439616442,0.04871682450175285,0.5287086701284638,-3.801180951621652,4.992299617268903,seqgru
22744,2026Q2,2,-0.015527218580245972,0.011031304486095905,0.03676734119653702,-0.0460461750626564,0.06728629767894745,1.1092373676457656,-4.50021359136048,6.9601658815422685,seqgru
22744,2026Q2,4,-0.017222654074430466,0.02339066192507744,0.06528322398662567,-0.0737883485853672,0.12184891849756241,2.366636891739504,-7.113173067897649,12.958342972625658,seqgru
22744,2026Q2,8,-0.005883529782295227,0.059952512383461,0.14210054278373718,-0.11729182302951813,0.2535088360309601,6.178612365585101,-11.067437040751626,28.85387650034108,seqgru
22900,2026Q2,1,-0.007976806722581387,0.01017918810248375,0.028535109013319016,-0.033480546437203884,0.05403884872794151,1.0231172273525102,-3.292627592216635,5.552560718572708,seqgru
22900,2026Q2,2,-0.005486335605382919,0.020619839429855347,0.047389011830091476,-0.03600529208779335,0.07790796831250191,2.0833897065340334,-3.536481146449111,8.102316570573631,seqgru
22900,2026Q2,4,8.83638858795166e-05,0.04112140089273453,0.08558094501495361,-0.05647733062505722,0.14214663952589035,4.197859499900103,-5.491209119553342,15.274567422291918,seqgru
22900,2026Q2,8,0.021451063454151154,0.09266575425863266,0.18259745836257935,-0.08995722979307175,0.29400575160980225,9.70949746542562,-8.602972486692483,34.17916211066181,seqgru
23060,2026Q2,1,-0.006372506730258465,0.01160074770450592,0.03000965341925621,-0.03187624644488096,0.05551339313387871,1.1668297334181732,-3.1373554371496692,5.708317463409451,seqgru
23060,2026Q2,2,-0.0024283770471811295,0.023490307852625847,0.0505383238196373,-0.03294733352959156,0.08105728030204773,2.376837818454547,-3.2410482228168336,8.44330114382097,seqgru
23060,2026Q2,4,0.005792815238237381,0.04679296165704727,0.09211660921573639,-0.050772879272699356,0.14868230372667313,4.790503009794289,-4.950547697342356,16.030430629355784,seqgru
23060,2026Q2,8,0.030752144753932953,0.10300325602293015,0.1949591040611267,-0.08065614849328995,0.3063673973083496,10.849501835532905,-7.748915634160181,35.84813172540866,seqgru
23104,2026Q2,1,-0.015054023824632168,0.0034883320331573486,0.021246109157800674,-0.040557763539254665,0.04674984887242317,0.34944233441231987,-3.974630474264218,4.785985296793682,seqgru
23104,2026Q2,2,-0.020243622362613678,0.006435723043978214,0.0316569060087204,-0.05076257884502411,0.06217586249113083,0.6456476807464417,-4.9495686422910135,6.414947225032086,seqgru
23104,2026Q2,4,-0.028905648738145828,0.012889033183455467,0.053985629230737686,-0.08547134324908257,0.11055132374167442,1.2972454794336397,-8.192054814863114,11.689367074335877,seqgru
23104,2026Q2,8,-0.027088738977909088,0.044163625687360764,0.1290043741464615,-0.138497032225132,0.2404126673936844,4.51533548341525,-12.933416479453385,27.177386165317397,seqgru
23224,2026Q2,1,-0.01172435563057661,0.006714401766657829,0.024845745414495468,-0.03722809534519911,0.050349485129117966,0.6736993898110555,-3.6543649624781516,5.16385641994086,seqgru
23224,2026Q2,2,-0.012867886573076248,0.013617775402963161,0.03968793526291847,-0.04338684305548668,0.0702068917453289,1.371091963191473,-4.2459099636683595,7.273009729922308,seqgru
23224,2026Q2,4,-0.01381140947341919,0.027326472103595734,0.06998561322689056,-0.07037710398435593,0.1265513077378273,2.770326444768534,-6.795772323020244,13.490767922794777,seqgru
23224,2026Q2,8,-0.0005200132727622986,0.068145252764225,0.15299585461616516,-0.1119283065199852,0.26440414786338806,7.052079329058736,-10.589164305780674,30.265455498549088,seqgru
23420,2026Q2,1,-0.0094002028927207,0.008937869220972061,0.027280732989311218,-0.0349039426073432,0.052784472703933716,0.8977931241492154,-3.4301825748838333,5.420241123748282,seqgru
23420,2026Q2,2,-0.008410882204771042,0.018022913485765457,0.04466051608324051,-0.03892983868718147,0.07517947256565094,1.8186306319944112,-3.8181810794058357,7.807761887924469,seqgru
23420,2026Q2,4,-0.007648427039384842,0.03397875279188156,0.07765334099531174,-0.06421412155032158,0.13421903550624847,3.456262492718931,-6.2195826052669485,14.364329069976446,seqgru
23420,2026Q2,8,0.004590392112731934,0.07544951885938644,0.1614660918712616,-0.10681790113449097,0.2728743851184845,7.836878905752642,-10.131069160555361,31.37352097668089,seqgru
23460,2026Q2,1,-0.007812057621777058,0.01038519386202097,0.028862416744232178,-0.033315797336399555,0.054366156458854675,1.0439307151233201,-3.276693827070598,5.58711454227192,seqgru
23460,2026Q2,2,-0.0052630119025707245,0.020887544378638268,0.04780694097280502,-0.035781968384981155,0.07832589745521545,2.1107215934244694,-3.51493615056786,8.147505121211696,seqgru
23460,2026Q2,4,-0.0006912611424922943,0.040560416877269745,0.08504651486873627,-0.05725695565342903,0.141612209379673,4.13942255890245,-5.564861823848455,15.212977677543327,seqgru
23460,2026Q2,8,0.02003740519285202,0.0914139375090599,0.18028396368026733,-0.09137088805437088,0.29169225692749023,9.572247202923045,-8.732085367447674,33.869098136614454,seqgru
23540,2026Q2,1,-0.012999563477933407,0.005436241626739502,0.023419948294758797,-0.038503303192555904,0.048923688009381294,0.5451044800638627,-3.7771473691537105,5.014020939238661,seqgru
23540,2026Q2,2,-0.01627650111913681,0.010389884933829308,0.03618599474430084,-0.04679545760154724,0.06670495122671127,1.0444047205699025,-4.5717431125271375,6.898003039401046,seqgru
23540,2026Q2,4,-0.022192981094121933,0.019856706261634827,0.06222749501466751,-0.07875867560505867,0.11879318952560425,2.005516203630364,-7.573705527020957,12.613699727728921,seqgru
23540,2026Q2,8,-0.020528070628643036,0.05263509601354599,0.1399751901626587,-0.13193636387586594,0.2513834834098816,5.40449497311255,-12.360323620184632,28.580307394571758,seqgru
23580,2026Q2,1,-0.012465096078813076,0.005907831713557243,0.023852698504924774,-0.037968835793435574,0.04935643821954727,0.5925317368478122,-3.725705645634625,5.059475613421038,seqgru
23580,2026Q2,2,-0.015066523104906082,0.0113845719024539,0.03703312575817108,-0.04558547958731651,0.06755208224058151,1.1449622765521639,-4.45620713585696,6.988598020587822,seqgru
23580,2026Q2,4,-0.020755376666784286,0.021071579307317734,0.06306161731481552,-0.07732107117772102,0.11962731182575226,2.129515262083004,-7.440737522088381,12.707672512923306,seqgru
23580,2026Q2,8,-0.016695648431777954,0.055765002965927124,0.1414332091808319,-0.12810394167900085,0.2528415024280548,5.734918061758232,-12.023806954011185,28.76791666382159,seqgru
23900,2026Q2,1,-0.007460498251020908,0.01068703830242157,0.02911551296710968,-0.032964237965643406,0.05461925268173218,1.0744348673686899,-3.2426838645047584,5.613841624266169,seqgru
23900,2026Q2,2,-0.004518955945968628,0.021570352837443352,0.048487477004528046,-0.03503791242837906,0.07900643348693848,2.180467466689473,-3.4431191494671,8.221128444008174,seqgru
23900,2026Q2,4,0.0016810223460197449,0.042794521898031235,0.08765137940645218,-0.05488467216491699,0.14421707391738892,4.3723410510077665,-5.340568966885506,15.51348309541467,seqgru
23900,2026Q2,8,0.02351074293255806,0.09571941941976547,0.18702930212020874,-0.08789755031466484,0.29843759536743164,10.045025570193577,-8.4145299056963,34.77514286397345,seqgru
24020,2026Q2,1,-0.007684760726988316,0.01053467858582735,0.028960000723600388,-0.03318850044161081,0.054463740438222885,1.0590363682026371,-3.2643804668314513,5.59741865582899,seqgru
24020,2026Q2,2,-0.004402004182338715,0.02174762822687626,0.04865796118974686,-0.034920960664749146,0.07917691767215729,2.1985831545374257,-3.4318259915965377,8.239580007719605,seqgru
24020,2026Q2,4,0.0021720118820667267,0.04289074242115021,0.08754824101924896,-0.05439368262887001,0.1441139355301857,4.382384295438224,-5.294080765083686,15.501569835435758,seqgru
24020,2026Q2,8,0.024835295975208282,0.09381558746099472,0.18152941763401031,-0.08657299727201462,0.2929377108812332,9.835717640393327,-8.293139716495768,34.035929803186924,seqgru
24140,2026Q2,1,-0.011172923259437084,0.007266690488904715,0.02545785903930664,-0.03667666297405958,0.05096159875392914,0.7293156953263935,-3.601222209529953,5.228248354872989,seqgru
24140,2026Q2,2,-0.012465961277484894,0.01424473524093628,0.040493883192539215,-0.042984917759895325,0.07101283967494965,1.4346674941536408,-4.207416237443484,7.359501039082383,seqgru
24140,2026Q2,4,-0.016523052006959915,0.02594427764415741,0.06895878911018372,-0.07308874651789665,0.12552448362112045,2.6283759931250428,-7.048166515027199,13.374292675298616,seqgru
24140,2026Q2,8,-0.015097685158252716,0.05971432849764824,0.14744001626968384,-0.12650597840547562,0.25884830951690674,6.153325342701899,-11.883111845709793,29.54372844157971,seqgru
24220,2026Q2,1,-0.0045060766860842705,0.013310635462403297,0.031804654747247696,-0.030009816400706768,0.057308394461870193,1.3399616329600184,-2.956399268695653,5.898234433249372,seqgru
24220,2026Q2,2,0.001969551667571068,0.027486849576234818,0.05472440645098686,-0.028549404814839363,0.0852433629333973,2.7868098117310725,-2.8145721320640305,8.89820523199214,seqgru
24220,2026Q2,4,0.015537206083536148,0.05543015897274017,0.10121268033981323,-0.04102848842740059,0.15777837485074997,5.699519286439525,-4.019821368519616,17.09066635853449,seqgru
24220,2026Q2,8,0.04978697746992111,0.11917140334844589,0.21044373512268066,-0.06162131577730179,0.32185202836990356,12.656299841075324,-5.976112698957092,37.968060726356256,seqgru
24260,2026Q2,1,-0.010035869665443897,0.008270297199487686,0.026430025696754456,-0.035539609380066395,0.05193376541137695,0.8304590580999305,-3.4915492926108405,5.3305974914933385,seqgru
24260,2026Q2,2,-0.008706815540790558,0.01745728589594364,0.04371768236160278,-0.03922577202320099,0.07423663884401321,1.7610554899305297,-3.846640274723423,7.706164996575926,seqgru
24260,2026Q2,4,-0.0036017894744873047,0.03639596700668335,0.07974550127983093,-0.06016748398542404,0.13631119579076767,3.7066409282715096,-5.839318368523994,14.603848045899515,seqgru
24260,2026Q2,8,0.018115267157554626,0.08367415517568588,0.16845008730888367,-0.09329302608966827,0.27985838055610657,8.72745532961503,-8.907346405651195,32.294244469697865,seqgru
24300,2026Q2,1,-0.006783655844628811,0.011239135637879372,0.029633741825819016,-0.03228739555925131,0.05513748154044151,1.1302532007005706,-3.1771722417943793,5.668587949212545,seqgru
24300,2026Q2,2,-0.0035155657678842545,0.0224979966878891,0.04940931871533394,-0.034034522250294685,0.07992827519774437,2.2752985268951864,-3.34618630099377,8.320937191063349,seqgru
24300,2026Q2,4,0.0018962956964969635,0.043414488434791565,0.0883767306804657,-0.054669398814439774,0.14494242519140244,4.437068472167072,-5.3201891204725404,15.597301342704938,seqgru
24300,2026Q2,8,0.02156292274594307,0.09596679359674454,0.187919020652771,-0.08984537050127983,0.2993273138999939,10.072251235149054,-8.59274830809893,34.89510816607082,seqgru
24340,2026Q2,1,-0.0061709946021437645,0.011786133050918579,0.030178304761648178,-0.03167473431676626,0.055682044476270676,1.1855863197381744,-3.117834472719505,5.726146816481537,seqgru
24340,2026Q2,2,-0.001777365803718567,0.024115681648254395,0.051175110042095184,-0.032296322286129,0.08169406652450562,2.4408816336801697,-3.1780365488755735,8.512378335274896,seqgru
24340,2026Q2,4,0.007577467709779739,0.048277828842401505,0.09346402436494827,-0.048988226801157,0.150029718875885,4.946218568901761,-4.78076600177303,16.186877164901947,seqgru
24340,2026Q2,8,0.032442014664411545,0.10428305715322495,0.19580978155136108,-0.07896627858281136,0.307218074798584,10.991457971710684,-7.5928915093737555,35.9637438404979,seqgru
24420,2026Q2,1,-0.015430309809744358,0.003328363411128521,0.02122119627892971,-0.040934049524366856,0.04672493599355221,0.3333908563013521,-4.010756677713689,4.783374808752128,seqgru
24420,2026Q2,2,-0.02057984098792076,0.006344052962958813,0.031674522906541824,-0.05109879747033119,0.062193479388952255,0.6364219089393996,-4.98152099586775,6.416821942797313,seqgru
24420,2026Q2,4,-0.03081093356013298,0.011054474860429764,0.0517079122364521,-0.08737662807106972,0.10827360674738884,1.1115801336654574,-8.366808568660222,11.435259806949238,seqgru
24420,2026Q2,8,-0.029965490102767944,0.03843563795089722,0.11855249106884003,-0.14137378334999084,0.22996078431606293,3.9183842204063346,-13.183525448419342,25.855065403705414,seqgru
24500,2026Q2,1,-0.009243222884833813,0.00908687524497509,0.027392029762268066,-0.03474696259945631,0.052895769476890564,0.9128286232954697,-3.415021854248912,5.431974709332699,seqgru
24500,2026Q2,2,-0.008081931620836258,0.01834649220108986,0.044919468462467194,-0.03860088810324669,0.07543842494487762,1.8515823046328483,-3.786536809492813,7.835682579273162,seqgru
24500,2026Q2,4,-0.006330251693725586,0.03534974530339241,0.07915166020393372,-0.06289594620466232,0.13571735471487045,3.5981975275683142,-6.095882059558477,14.53581177683898,seqgru
24500,2026Q2,8,0.008051343262195587,0.08014779537916183,0.16805529594421387,-0.10335694998502731,0.27946358919143677,8.344718432982612,-9.81949832635144,32.24202615273424,seqgru
24540,2026Q2,1,-0.014623516239225864,0.003838738426566124,0.021628178656101227,-0.04012725595384836,0.047131918370723724,0.3846115819860385,-3.9332819244984107,4.826028474776289,seqgru
24540,2026Q2,2,-0.019888129085302353,0.006797894835472107,0.032060448080301285,-0.050407085567712784,0.06257940456271172,0.682105296834612,-4.915772846204558,6.457898799083139,seqgru
24540,2026Q2,4,-0.029029276221990585,0.01321001723408699,0.05425165966153145,-0.08559497073292732,0.11081735417246819,1.3297654985299667,-8.203404098567157,11.719083797374807,seqgru
24540,2026Q2,8,-0.029140666127204895,0.044640038162469864,0.13105863332748413,-0.1405489593744278,0.24246692657470703,4.565139755826109,-13.111887598488725,27.43891000537191,seqgru
24580,2026Q2,1,-0.004454338923096657,0.013487884774804115,0.0321064293384552,-0.029958078637719154,0.0576101690530777,1.3579256634871806,-2.951378319996345,5.930196652105257,seqgru
24580,2026Q2,2,0.0014502964913845062,0.027412664145231247,0.0550127811729908,-0.029068659991025925,0.08553173765540123,2.7791848107792116,-2.865023068945727,8.929613250074219,seqgru
24580,2026Q2,4,0.012133253738284111,0.05356154590845108,0.10014916956424713,-0.044432440772652626,0.15671486407518387,5.502192205210266,-4.345977897101461,16.966205367677457,seqgru
24580,2026Q2,8,0.03663443773984909,0.11166717112064362,0.20667025446891785,-0.07477385550737381,0.31807854771614075,11.81406492078847,-7.2046685866637095,37.448421958388444,seqgru
24660,2026Q2,1,-0.008126848377287388,0.010014539584517479,0.02835911512374878,-0.033630588091909885,0.05386285483837128,1.0064852900701915,-3.3071366378871314,5.533985747446413,seqgru
24660,2026Q2,2,-0.006226005032658577,0.01998799666762352,0.04677116870880127,-0.03674496151506901,0.0772901251912117,2.0189094284475573,-3.607805880578019,8.035546926591586,seqgru
24660,2026Q2,4,-0.002988256514072418,0.038653358817100525,0.08310634642839432,-0.059553951025009155,0.13967204093933105,3.941011884201151,-5.781529961034327,14.989661799596309,seqgru
24660,2026Q2,8,0.013175591826438904,0.08656098693609238,0.17685778439044952,-0.098232701420784,0.2882660776376724,9.041786693473174,-9.35620501885419,33.41122343334959,seqgru
24780,2026Q2,1,-0.010883950628340244,0.007366933859884739,0.025431668385863304,-0.03638769034296274,0.0509354081004858,0.7394136476061464,-3.57336157579089,5.225492394378239,seqgru
24780,2026Q2,2,-0.012253329157829285,0.014246150851249695,0.0403793528676033,-0.042772285640239716,0.07089830935001373,1.4348110862167252,-4.187045491650087,7.347205824644298,seqgru
24780,2026Q2,4,-0.015978451818227768,0.02629060670733452,0.06907825917005539,-0.0725441463291645,0.12564395368099213,2.6639253379684424,-6.997531142202973,13.387838317965706,seqgru
24780,2026Q2,8,-0.011774450540542603,0.06292284280061722,0.15061736106872559,-0.1231827437877655,0.2620256543159485,6.494466791321796,-11.589791636603664,29.955988132152612,seqgru
24860,2026Q2,1,-0.008301670663058758,0.009854528121650219,0.028243746608495712,-0.033805410377681255,0.05374748632311821,0.9903243875991397,-3.324039227760134,5.521811150498079,seqgru
24860,2026Q2,2,-0.007140709087252617,0.019136732444167137,0.04593893140554428,-0.03765966556966305,0.07645788788795471,1.9321013342896487,-3.6959358987830315,7.9456731177170115,seqgru
24860,2026Q2,4,-0.006081022322177887,0.036273155361413956,0.08099809288978577,-0.06264671683311462,0.1375637874007225,3.6939053271298095,-6.072475478575868,14.747489807882296,seqgru
24860,2026Q2,8,0.0048902928829193115,0.08271104842424393,0.1768721342086792,-0.10651800036430359,0.2882804274559021,8.62278959354894,-10.104113357149636,33.41313787389155,seqgru
25060,2026Q2,1,-0.007327518425881863,0.010758686810731888,0.0291593037545681,-0.03283125814050436,0.0546630434691906,1.0816769592946862,-3.2298162379757356,5.618466638823194,seqgru
25060,2026Q2,2,-0.004697535187005997,0.02139817550778389,0.0482802540063858,-0.03521649166941643,0.07879921048879623,2.1628758211424515,-3.4603606644321827,8.198704860730977,seqgru
25060,2026Q2,4,-0.0004727989435195923,0.04125276580452919,0.08636339753866196,-0.05703849345445633,0.1429290920495987,4.211548341619564,-5.544229062245021,15.364799595082946,seqgru
25060,2026Q2,8,0.016100376844406128,0.09121927618980408,0.18432265520095825,-0.09530791640281677,0.29573094844818115,9.550919800606184,-9.09070332690276,34.41084737078677,seqgru
25180,2026Q2,1,-0.00992718618363142,0.008279772475361824,0.026491157710552216,-0.03543092589825392,0.05199489742517471,0.8314144590423567,-3.4810598481592847,5.337036759853242,seqgru
25180,2026Q2,2,-0.010331064462661743,0.016000688076019287,0.04236629232764244,-0.040850020945072174,0.07288524881005287,1.6129384580116257,-4.002690499079719,7.560710263778048,seqgru
25180,2026Q2,4,-0.011371254920959473,0.030707448720932007,0.07419255375862122,-0.06793694943189621,0.13075824826955795,3.1183785619204984,-6.568061891211396,13.969222543760672,seqgru
25180,2026Q2,8,-0.0011554285883903503,0.0741581916809082,0.1647195816040039,-0.11256372183561325,0.2761278748512268,7.697716084883921,-10.645959274056604,31.8016394402024,seqgru
25220,2026Q2,1,-0.011431579478085041,0.006917547434568405,0.025058627128601074,-0.03693531919270754,0.05056236684322357,0.6941528931645902,-3.626153128467924,5.186246265067251,seqgru
25220,2026Q2,2,-0.01330024003982544,0.01318900752812624,0.03926679491996765,-0.04381919652223587,0.06978575140237808,1.3276366123154748,-4.287300628107593,7.227842249406957,seqgru
25220,2026Q2,4,-0.017501309514045715,0.024723906069993973,0.0677884966135025,-0.07406700402498245,0.12435419112443924,2.503207631850013,-7.1390528815479914,13.241689198825245,seqgru
25220,2026Q2,8,-0.011248394846916199,0.06292042881250381,0.15181869268417358,-0.1226566880941391,0.2632269859313965,6.494209715255117,-11.543270707892528,30.112202182964243,seqgru
25260,2026Q2,1,-0.009197979234158993,0.009121404960751534,0.02742992714047432,-0.03470171894878149,0.05293366685509682,0.9163131747459863,-3.4106518983816225,5.435970380465527,seqgru
25260,2026Q2,2,-0.007822573184967041,0.018631337210536003,0.04530588164925575,-0.03834152966737747,0.07582483813166618,1.8805983518984437,-3.7615797999045686,7.877359760815805,seqgru
25260,2026Q2,4,-0.0059212446212768555,0.03564166650176048,0.07959489524364471,-0.06248693913221359,0.13616058975458145,3.6284444521837766,-6.0574667556588135,14.586589314280829,seqgru
25260,2026Q2,8,0.006533809006214142,0.0776033028960228,0.164370596408844,-0.10487448424100876,0.2757788896560669,8.069386549847257,-9.95624654056979,31.755650644511135,seqgru
25420,2026Q2,1,-0.005946449004113674,0.012081225402653217,0.030557993799448013,-0.03145018871873617,0.05606173351407051,1.2154498183952311,-3.0960775663053663,5.766297497340922,seqgru
25420,2026Q2,2,-0.001080801710486412,0.0247710719704628,0.05186312645673752,-0.03159975819289684,0.08238208293914795,2.5080424019561676,-3.1105703511617677,8.587062321719664,seqgru
25420,2026Q2,4,0.008694935590028763,0.04932773858308792,0.09470358490943909,-0.047870758920907974,0.15126927942037582,5.056460487931025,-4.674302092277227,16.330987131685415,seqgru
25420,2026Q2,8,0.03688203543424606,0.1074526309967041,0.19820454716682434,-0.07452625781297684,0.30961284041404724,11.34381170435017,-7.181689831929006,36.28973531999571,seqgru
25500,2026Q2,1,-0.008344157598912716,0.009768227115273476,0.028061870485544205,-0.033847897313535213,0.0535656102001667,0.981609197040445,-3.328146605848503,5.502620997767393,seqgru
25500,2026Q2,2,-0.006492668762803078,0.019638657569885254,0.046318478882312775,-0.03701162524521351,0.0768374353647232,1.9832764590326457,-3.6335067557207945,7.986651401687128,seqgru
25500,2026Q2,4,-0.002686604857444763,0.03855249285697937,0.0828758180141449,-0.0592522993683815,0.13944151252508163,3.9305283029686278,-5.753104516386454,14.96315647043971,seqgru
25500,2026Q2,8,0.014108717441558838,0.086636483669281,0.17669352889060974,-0.09729957580566406,0.28810182213783264,9.050019302913226,-9.271583496790846,33.38931170577047,seqgru
25540,2026Q2,1,-0.0042449841275811195,0.01376369595527649,0.03251493349671364,-0.029748723842203617,0.058018673211336136,1.3858851682094109,-2.931058598708125,5.9734784177114975,seqgru
25540,2026Q2,2,0.0017514359205961227,0.02783217653632164,0.05565466731786728,-0.028767520561814308,0.08617362380027771,2.8223109977059124,-2.8357674926535403,8.99955610485943,seqgru
25540,2026Q2,4,0.01026059128344059,0.052070703357458115,0.09830991923809052,-0.04630510322749615,0.15487561374902725,5.345022234798158,-4.5249379747401175,16.751272954151688,seqgru
25540,2026Q2,8,0.030840851366519928,0.10493073612451553,0.1958014965057373,-0.08056744188070297,0.3072097897529602,11.063368089853732,-7.7407319899923,35.962617379343406,seqgru
25620,2026Q2,1,-0.00778746884316206,0.01031830906867981,0.02861369028687477,-0.03329120855778456,0.05411743000149727,1.0371726387078617,-3.274315489868118,5.560855499123996,seqgru
25620,2026Q2,2,-0.004688816145062447,0.021222062408924103,0.04788656532764435,-0.03520777262747288,0.07840552181005478,2.144885184733014,-3.4595189275980376,8.15611663937319,seqgru
25620,2026Q2,4,0.0015775561332702637,0.041947606950998306,0.0859033539891243,-0.05498813837766647,0.14246904850006104,4.283983976059869,-5.350362513056228,15.311738969220666,seqgru
25620,2026Q2,8,0.025666918605566025,0.0942210853099823,0.18080222606658936,-0.08574137464165688,0.29221051931381226,9.880264818920658,-8.21684249527429,33.93849543632126,seqgru
25740,2026Q2,1,-0.01562447939068079,0.0030833077616989613,0.020970642566680908,-0.04112821910530329,0.046474382281303406,0.30880660442353935,-4.029393059496211,4.757124233938659,seqgru
25740,2026Q2,2,-0.021172504872083664,0.005685276351869106,0.030932273715734482,-0.051691461354494095,0.06145123019814491,0.5701468205979499,-5.03781833235466,6.3378634498858055,seqgru
25740,2026Q2,4,-0.0315021313726902,0.010355686768889427,0.05085599794983864,-0.08806782588362694,0.10742169246077538,1.0409492464367842,-8.430123346096618,11.340366943119506,seqgru
25740,2026Q2,8,-0.029232412576675415,0.03997121751308441,0.12104955315589905,-0.14064070582389832,0.23245784640312195,4.078081750101448,-13.119858908627469,26.169726016031248,seqgru
25860,2026Q2,1,-0.009240147657692432,0.008970020338892937,0.0272551029920578,-0.03474388737231493,0.0527588427066803,0.9010371531432027,-3.414724833045968,5.41753923788264,seqgru
25860,2026Q2,2,-0.008882647380232811,0.01742672547698021,0.04391488432884216,-0.03940160386264324,0.0744338408112526,1.7579456769594382,-3.863545610540775,7.727406958606564,seqgru
25860,2026Q2,4,-0.009993236511945724,0.0321531780064106,0.07592269778251648,-0.06655893102288246,0.13248839229345322,3.2675676392021735,-6.439222209169005,14.166576389110919,seqgru
25860,2026Q2,8,-0.0011996105313301086,0.07429413497447968,0.16451209783554077,-0.11260790377855301,0.27592039108276367,7.712357862321806,-10.649907021975169,31.7742955761638,seqgru
25940,2026Q2,1,-0.010641819797456264,0.0075927115976810455,0.025714807212352753,-0.03614555951207876,0.05121854692697525,0.7621609323450462,-3.5500108868631086,5.255290035047011,seqgru
25940,2026Q2,2,-0.012186769396066666,0.01424129493534565,0.04042530059814453,-0.0427057258784771,0.07094425708055496,1.4343185285002669,-4.180667991984166,7.352138298449007,seqgru
25940,2026Q2,4,-0.016228970140218735,0.026413993909955025,0.06992291659116745,-0.07279466465115547,0.1264886111021042,2.676593534056515,-7.020827046494982,13.483652656514344,seqgru
25940,2026Q2,8,-0.01399189978837967,0.06431345641613007,0.15709009766578674,-0.12540019303560257,0.26849839091300964,6.642662464397153,-11.785619587127583,30.799887234491365,seqgru
25980,2026Q2,1,-0.010693280957639217,0.007540032733231783,0.025641927495598793,-0.036197020672261715,0.05114566721022129,0.7568530359358672,-3.5549741874927987,5.247619338844878,seqgru
25980,2026Q2,2,-0.012023918330669403,0.014380479231476784,0.04053312540054321,-0.042542874813079834,0.07105208188295364,1.4484375752801926,-4.165062441025191,7.363714145618627,seqgru
25980,2026Q2,4,-0.0158926360309124,0.026470506563782692,0.0693562850356102,-0.07245833054184914,0.12592197954654694,2.6823962248042843,-6.989549719654542,13.41936745261183,seqgru
25980,2026Q2,8,-0.011142909526824951,0.06428562104701996,0.15285828709602356,-0.12255120277404785,0.26426658034324646,6.639694067837976,-11.533939329335851,30.247536435444843,seqgru
26140,2026Q2,1,-0.008853801526129246,0.009265776723623276,0.027554966509342194,-0.03435754124075174,0.05305870622396469,0.930883692541884,-3.3774022763708,5.449154851929694,seqgru
26140,2026Q2,2,-0.008958898484706879,0.017398254945874214,0.043952006846666336,-0.03947785496711731,0.07447096332907677,1.7550486154423783,-3.870875841895516,7.731406145421027,seqgru
26140,2026Q2,4,-0.011825326830148697,0.031236257404088974,0.07551996409893036,-0.06839102134108543,0.1320856586098671,3.1729228763796025,-6.61047707922624,14.120606920607347,seqgru
26140,2026Q2,8,-0.0076091960072517395,0.07257766276597977,0.16673758625984192,-0.11901748925447464,0.2781458795070648,7.527631178003702,-11.220772619882414,32.06788431358349,seqgru
26300,2026Q2,1,-0.013763736002147198,0.00475503783673048,0.02266259863972664,-0.039267475716769695,0.048166338354349136,0.4766360969338912,-3.850650141359302,4.934518715997527,seqgru
26300,2026Q2,2,-0.01717980206012726,0.009402483701705933,0.03491591289639473,-0.04769875854253769,0.06543486937880516,0.9446825918281387,-4.657904626023912,6.762320008679756,seqgru
26300,2026Q2,4,-0.022898342460393906,0.018373064696788788,0.059770431369543076,-0.07946403697133064,0.11633612588047981,1.8542887913244543,-7.6388764771325945,12.337340355503713,seqgru
26300,2026Q2,8,-0.014901094138622284,0.053121380507946014,0.13536770641803741,-0.12630938738584518,0.24677599966526031,5.455764009316422,-11.86578715393727,27.989238434331256,seqgru
26380,2026Q2,1,-0.01519822608679533,0.0034453165717422962,0.021272987127304077,-0.04070196580141783,0.046776726841926575,0.345125849686001,-3.9884765514330733,4.788801769161233,seqgru
26380,2026Q2,2,-0.019845839589834213,0.006811625324189663,0.032069310545921326,-0.050364796072244644,0.06258826702833176,0.6834877208361068,-4.911751697185663,6.458842282732036,seqgru
26380,2026Q2,4,-0.027853425592184067,0.0131632499396801,0.05367276445031166,-0.0844191201031208,0.1102384589612484,1.3250266903661823,-8.095401528461244,11.654428870781942,seqgru
26380,2026Q2,8,-0.02174360305070877,0.04424367472529411,0.12347622215747833,-0.13315189629793167,0.23488451540470123,4.523702170338129,-12.46678776986222,26.47626996901693,seqgru
26420,2026Q2,1,-0.013402619399130344,0.004948840010911226,0.022750522941350937,-0.03890635911375284,0.048254262655973434,0.49611057450094087,-3.8159227448137267,4.943745415891554,seqgru
26420,2026Q2,2,-0.01675165444612503,0.009589002467691898,0.034915804862976074,-0.04727061092853546,0.0654347613453865,0.9635124254620875,-4.617075395530468,6.762308474781964,seqgru
26420,2026Q2,4,-0.02261951193213463,0.018619833514094353,0.059930894523859024,-0.07918520644307137,0.11649658903479576,1.879426355162872,-7.613119785561018,12.355367805816698,seqgru
26420,2026Q2,8,-0.01670078933238983,0.05351167917251587,0.13748951256275177,-0.12810908257961273,0.24889780580997467,5.4969312864245,-12.024259229713286,28.261095098475806,seqgru
26580,2026Q2,1,-0.004659735597670078,0.013363146223127842,0.03199606388807297,-0.030163475312292576,0.057499803602695465,1.3452832111559898,-2.971309737167871,5.9185062633620555,seqgru
26580,2026Q2,2,0.0015824679285287857,0.02749115601181984,0.05502631887793541,-0.028936488553881645,0.08554527536034584,2.7872524574596325,-2.852183750970916,8.931087917019909,seqgru
26580,2026Q2,4,0.013343337923288345,0.05408657714724541,0.10017062723636627,-0.04322235658764839,0.156736321747303,5.5575986956756696,-4.230158416194529,16.968715217088914,seqgru
26580,2026Q2,8,0.043104853481054306,0.11380898952484131,0.20484080910682678,-0.0683034397661686,0.3162491023540497,12.053806993226356,-6.602297519543976,37.19719745113272,seqgru
26620,2026Q2,1,-0.010227198712527752,0.007883498445153236,0.02592911571264267,-0.03573093842715025,0.05143285542726517,0.7914655039525487,-3.510012396199891,5.277849555664171,seqgru
26620,2026Q2,2,-0.011426009237766266,0.014740309678018093,0.04074965417385101,-0.0419449657201767,0.07126861065626144,1.4849483803295316,-4.107744726757168,7.386963995980289,seqgru
26620,2026Q2,4,-0.0147431381046772,0.027590204030275345,0.07052011042833328,-0.07130883261561394,0.12708580493927002,2.7974338353523587,-6.882572926917819,13.551444634960962,seqgru
26620,2026Q2,8,-0.007377326488494873,0.07028472423553467,0.16195571422576904,-0.11878561973571777,0.27336400747299194,7.2813593803342735,-11.200185036429888,31.43786013900216,seqgru
26820,2026Q2,1,-0.00927205104380846,0.008930235169827938,0.027206379920244217,-0.03477579075843096,0.052710119634866714,0.897022868176256,-3.4178061812197624,5.412403096673257,seqgru
26820,2026Q2,2,-0.009003818035125732,0.01730823703110218,0.04384523257613182,-0.03952277451753616,0.07436418905854225,1.7458892504081502,-3.875193821953271,7.719903817203466,seqgru
26820,2026Q2,4,-0.009185291826725006,0.032984692603349686,0.07705910503864288,-0.06575098633766174,0.13362479954957962,3.353471839433153,-6.363599730731718,14.296389861442238,seqgru
26820,2026Q2,8,0.0003423839807510376,0.076631098985672,0.16893509030342102,-0.11106590926647186,0.2803433835506439,7.964372125642671,-10.512023388366988,32.358423136590474,seqgru
26900,2026Q2,1,-0.008690913207828999,0.009417987428605556,0.027628257870674133,-0.034194652922451496,0.05313199758529663,0.9462476227508843,-3.361662302023616,5.4568836472635995,seqgru
26900,2026Q2,2,-0.007280386984348297,0.018847007304430008,0.04537420719861984,-0.03779934346675873,0.07589316368103027,1.902573319697498,-3.7093865085401467,7.884730792497452,seqgru
26900,2026Q2,4,-0.004245545715093613,0.03705442324280739,0.08099299669265747,-0.06081124022603035,0.1375586912035942,3.774949699418362,-5.899915387996546,14.746905033544323,seqgru
26900,2026Q2,8,0.011914148926734924,0.08417601883411407,0.1735599935054779,-0.09949414432048798,0.2849682867527008,8.782035382845365,-9.47047490281594,32.97198577181106,seqgru
26980,2026Q2,1,-0.007386547513306141,0.010674419812858105,0.02901976928114891,-0.03289028722792864,0.05452350899577141,1.0731594687140023,-3.235528325021786,5.603730249838446,seqgru
26980,2026Q2,2,-0.004472725093364716,0.02158583700656891,0.048430994153022766,-0.034991681575775146,0.0789499506354332,2.1820496585784888,-3.4386551393539078,8.215015978706885,seqgru
26980,2026Q2,4,0.00155717134475708,0.04274927079677582,0.08771322667598724,-0.05500852316617966,0.14427892118692398,4.3676181944926284,-5.352291906234042,15.520627509867602,seqgru
26980,2026Q2,8,0.02049754559993744,0.0933704525232315,0.1851775050163269,-0.09091074764728546,0.2965857982635498,9.786836805148202,-8.690079648531668,34.525797584429526,seqgru
27060,2026Q2,1,-0.018134132027626038,0.0007595978677272797,0.018472272902727127,-0.043637871742248535,0.043976012617349625,0.07598864352480472,-4.269943970403478,4.49572887974703,seqgru
27060,2026Q2,2,-0.025609426200389862,0.0014137458056211472,0.026235073804855347,-0.05612838268280029,0.05675403028726578,0.1414745615325952,-5.45822471686539,5.83954451522275,seqgru
27060,2026Q2,4,-0.038234513252973557,0.002981085330247879,0.04260055720806122,-0.0948002077639103,0.09916625171899796,0.29855331838331,-9.044536172885154,10.424986773791112,seqgru
27060,2026Q2,8,-0.0404413640499115,0.024987779557704926,0.10280048102140427,-0.1518496572971344,0.21420877426862717,2.53025907967237,-14.088256693070822,23.88812743279245,seqgru
27100,2026Q2,1,-0.004925931803882122,0.01311180368065834,0.03185376897454262,-0.03042967151850462,0.057357508689165115,1.3198140308847472,-2.9971349689676963,5.903435670931789,seqgru
27100,2026Q2,2,0.0007286444306373596,0.02667483687400818,0.05428440123796463,-0.02979031205177307,0.08480335772037506,2.7033794943655876,-2.935095438242763,8.850299994051403,seqgru
27100,2026Q2,4,0.011442532762885094,0.05238458514213562,0.09860923886299133,-0.04512316174805164,0.15517493337392807,5.378093308316378,-4.4120253237518225,16.78622413190478,seqgru
27100,2026Q2,8,0.040547508746385574,0.11204567551612854,0.20422479510307312,-0.07086078450083733,0.315633088350296,11.856395046401968,-6.840842491341482,37.11270808221607,seqgru
27140,2026Q2,1,-0.010204370133578777,0.008123479783535004,0.026315879076719284,-0.035708109848201275,0.05181961879134178,0.8156564773166286,-3.507809641757309,5.318575045977214,seqgru
27140,2026Q2,2,-0.009746629744768143,0.016626892611384392,0.04292691498994827,-0.040265586227178574,0.0734458714723587,1.6765888679335594,-3.9465699407790766,7.62102814173049,seqgru
27140,2026Q2,4,-0.008398361504077911,0.03272102773189545,0.07590080797672272,-0.06496405601501465,0.13246650248765945,3.326224751774043,-6.289885407842388,14.16407733227767,seqgru
27140,2026Q2,8,0.006180256605148315,0.07557990401983261,0.16118115186691284,-0.10522803664207458,0.27258944511413574,7.8509401511797305,-9.988076098766442,31.33609273769702,seqgru
27180,2026Q2,1,-0.008264110423624516,0.009908088482916355,0.02819424867630005,-0.03376785013824701,0.053697988390922546,0.9957336107164094,-3.3204079873312864,5.516588168309067,seqgru
27180,2026Q2,2,-0.005931070074439049,0.02017618902027607,0.04680251702666283,-0.03645002655684948,0.07732147350907326,2.038110413710559,-3.5793722600044764,8.038933712341723,seqgru
27180,2026Q2,4,-0.0010680444538593292,0.03989960253238678,0.08399292826652527,-0.057633738964796066,0.140558622777462,4.07062846717241,-5.600436705488143,15.091654751189143,seqgru
27180,2026Q2,8,0.019258320331573486,0.090132936835289,0.17884422838687897,-0.09214997291564941,0.29025252163410187,9.431974944040377,-8.803163126660074,33.676500749229696,seqgru
27260,2026Q2,1,-0.013482102192938328,0.004880919121205807,0.022709976881742477,-0.038985841907560825,0.048213716596364975,0.4892850210602484,-3.8235674201797076,4.939490446796069,seqgru
27260,2026Q2,2,-0.0175558440387249,0.008988100104033947,0.034470658749341965,-0.04807480052113533,0.0649896152317524,0.9028614366886734,-4.693750516009887,6.71479422425838,seqgru
27260,2026Q2,4,-0.024627182632684708,0.017445851117372513,0.05906490981578827,-0.08119287714362144,0.115630604326725,1.7598918814466513,-7.798416148802934,12.258111892571932,seqgru
27260,2026Q2,8,-0.021718710660934448,0.051628731191158295,0.13847331702709198,-0.13312700390815735,0.24988161027431488,5.298472954612987,-12.46460883190581,28.387341026906366,seqgru
27340,2026Q2,1,-0.009430519305169582,0.00881789531558752,0.027117565274238586,-0.03493425901979208,0.052621304988861084,0.8856887479825826,-3.433110180921528,5.403041347144,seqgru
27340,2026Q2,2,-0.009109552949666977,0.017307817935943604,0.043938763439655304,-0.03962850943207741,0.07445771992206573,1.745846609207491,-3.885357032807213,7.729979424008904,seqgru
27340,2026Q2,4,-0.00903148204088211,0.03301354497671127,0.07691913843154907,-0.06559717655181885,0.1334848329424858,3.3564538754100814,-6.34919642840317,14.280393303068383,seqgru
27340,2026Q2,8,0.0009474307298660278,0.07508724927902222,0.16466224193572998,-0.11046086251735687,0.2760705351829529,7.797819960244734,-10.457862595779766,31.794082194585993,seqgru
27500,2026Q2,1,-0.004865819588303566,0.013120613060891628,0.0317230224609375,-0.030369559302926064,0.05722676217556,1.3207065995832101,-2.991303736570816,5.889590071090689,seqgru
27500,2026Q2,2,0.0009559858590364456,0.026810672134160995,0.05423561483621597,-0.029562970623373985,0.0847545713186264,2.7173311821818924,-2.9130260556448406,8.844989709121332,seqgru
27500,2026Q2,4,0.012956522405147552,0.05369044095277786,0.09968689829111099,-0.043609172105789185,0.15625259280204773,5.515791791391922,-4.267196513171867,16.912147746613538,seqgru
27500,2026Q2,8,0.04235965758562088,0.1139935553073883,0.2067030817270279,-0.06904863566160202,0.3181113749742508,12.074490200448885,-6.671871177853406,37.45293408727288,seqgru
27620,2026Q2,1,-0.00547401700168848,0.012540663592517376,0.03111114725470543,-0.030977756716310978,0.05661488696932793,1.2619627455354276,-3.0502862363940175,5.824818674354804,seqgru
27620,2026Q2,2,-0.0003646407276391983,0.025538217276334763,0.052887942641973495,-0.03088359721004963,0.08340689912438393,2.5867111368161666,-3.041157069421674,8.698401141862199,seqgru
27620,2026Q2,4,0.009587489068508148,0.050467245280742645,0.09612807631492615,-0.04697820544242859,0.15269377082586288,5.176241260824366,-4.589180827031525,16.496817707119437,seqgru
27620,2026Q2,8,0.03671156242489815,0.10840114951133728,0.20005099475383759,-0.07469673082232475,0.3114592880010605,11.449473474392269,-7.197511499963949,36.54161964695197,seqgru
27740,2026Q2,1,-0.007250837050378323,0.010842598974704742,0.02927355468273163,-0.03275457676500082,0.054777294397354126,1.0901592974270402,-3.222395482663909,5.6305343360275595,seqgru
27740,2026Q2,2,-0.004547374323010445,0.02154778689146042,0.04841962456703186,-0.035066330805420876,0.07893858104944229,2.178161693796188,-3.4458631003235984,8.21378562577153,seqgru
27740,2026Q2,4,-0.0006907731294631958,0.04092700406908989,0.08544647693634033,-0.05725646764039993,0.14201217144727707,4.177605735680245,-5.564815738259377,15.259067714828944,seqgru
27740,2026Q2,8,0.0176532119512558,0.0907975360751152,0.18044313788414001,-0.0937550812959671,0.2918514311313629,9.50472752437781,-8.94942651808387,33.8904083397058,seqgru
27780,2026Q2,1,-0.008955868892371655,0.00951619166880846,0.02801661193370819,-0.03445960860699415,0.05352035164833069,0.9561614590824163,-3.3872637871621647,5.497846209976931,seqgru
27780,2026Q2,2,-0.006632419303059578,0.019788319244980812,0.04660281538963318,-0.03715137578547001,0.07712177187204361,1.9985405892184005,-3.646973084229055,8.017360314609556,seqgru
27780,2026Q2,4,-0.0006314404308795929,0.04019443690776825,0.08462555706501007,-0.05719713494181633,0.1411912515759468,4.101316589646498,-5.5592124777092415,15.164488082252259,seqgru
27780,2026Q2,8,0.022693514823913574,0.09096483886241913,0.17887422442436218,-0.08871477842330933,0.2902825176715851,9.523049503131919,-8.48934555131262,33.680510574695944,seqgru
27860,2026Q2,1,-0.011040053330361843,0.007363022305071354,0.025467872619628906,-0.03654379304498434,0.050971612334251404,0.7390196006384464,-3.588412859792145,5.229302071665809,seqgru
27860,2026Q2,2,-0.011600904166698456,0.01477982010692358,0.04084125906229019,-0.04211986064910889,0.07136021554470062,1.488958173381283,-4.124514329426354,7.396801617417181,seqgru
27860,2026Q2,4,-0.012452442198991776,0.02885245531797409,0.07179296761751175,-0.06901813670992851,0.1283586621284485,2.9272719555113236,-6.669024724355976,13.69607143270921,seqgru
27860,2026Q2,8,-0.0009870827198028564,0.0697375014424324,0.15659809112548828,-0.11239537596702576,0.2680063843727112,7.222668635127727,-10.630915624226178,30.735548663298463,seqgru
27900,2026Q2,1,-0.01006209198385477,0.008204118348658085,0.02638113871216774,-0.03556583169847727,0.05188487842679024,0.8237864349865509,-3.4940799347548346,5.3254483220619875,seqgru
27900,2026Q2,2,-0.009880196303129196,0.01638929359614849,0.04268544167280197,-0.04039915278553963,0.0732043981552124,1.652433480307769,-3.9593986100911804,7.595043672474655,seqgru
27900,2026Q2,4,-0.008261032402515411,0.03303530067205429,0.07651938498020172,-0.06482672691345215,0.13308507949113846,3.3587024913923402,-6.277015398304931,14.234718451372208,seqgru
27900,2026Q2,8,0.008769713342189789,0.08001779764890671,0.16872751712799072,-0.10263857990503311,0.2801358103752136,8.330634780942425,-9.754692077502103,32.330951929646545,seqgru
27980,2026Q2,1,-0.015357042662799358,0.003384137060493231,0.02123056724667549,-0.040860782377421856,0.04673430696129799,0.33898697171899084,-4.003723562073047,4.784356734978545,seqgru
27980,2026Q2,2,-0.019571535289287567,0.00721394270658493,0.03250517696142197,-0.050090491771698,0.0630241334438324,0.7240025874374334,-4.885665004062267,6.505254230686064,seqgru
27980,2026Q2,4,-0.02683316543698311,0.013911845162510872,0.05458822101354599,-0.08339885994791985,0.11115391552448273,1.4009065193949954,-8.001587079126526,11.756690451381658,seqgru
27980,2026Q2,8,-0.02338895946741104,0.04095185548067093,0.11885057389736176,-0.13479725271463394,0.23025886714458466,4.180194728407849,-12.61069268237912,25.892586229463845,seqgru
28020,2026Q2,1,-0.008556482382118702,0.009722279384732246,0.02808179333806038,-0.0340602220967412,0.05358553305268288,0.9769694278656926,-3.348670257245523,5.5047229318637925,seqgru
28020,2026Q2,2,-0.006226930767297745,0.01998557150363922,0.04669388011097908,-0.036745887249708176,0.07721283659338951,2.018662016162698,-3.6078951141297555,8.027197333322999,seqgru
28020,2026Q2,4,-0.0007136017084121704,0.04008188098669052,0.0841880738735199,-0.05727929621934891,0.14075376838445663,4.089600029468832,-5.566971534711874,15.114116573607284,seqgru
28020,2026Q2,8,0.020711805671453476,0.09015239775180817,0.1781223714351654,-0.09069648757576942,0.2895306646823883,9.434104611291861,-8.67051348241782,33.58004025741004,seqgru
28100,2026Q2,1,-0.006622000597417355,0.011494025588035583,0.029954683035612106,-0.03212574031203985,0.055458422750234604,1.1560335713373115,-3.1615190584618924,5.702506796352869,seqgru
28100,2026Q2,2,-0.0021071042865514755,0.02387275919318199,0.05093187093734741,-0.032626060768961906,0.08145082741975784,2.4159994655549966,-3.2099572131839227,8.485987091335968,seqgru
28100,2026Q2,4,0.007934067398309708,0.048262178897857666,0.09335999190807343,-0.04863162711262703,0.14992568641901016,4.9445761792527465,-4.74680479766969,16.174790587322963,seqgru
28100,2026Q2,8,0.036624711006879807,0.10537002980709076,0.19464901089668274,-0.0747835822403431,0.30605730414390564,11.112168243836006,-7.205571177683523,35.80601267910981,seqgru
28140,2026Q2,1,-0.00785133708268404,0.010229689069092274,0.028532586991786957,-0.03335507679730654,0.054036326706409454,1.0282191212465097,-3.280492991779149,5.552294513077505,seqgru
28140,2026Q2,2,-0.0054901354014873505,0.020628461614251137,0.04738028347492218,-0.03600909188389778,0.07789923995733261,2.0842698921383906,-3.5368476874558796,8.101373019277801,seqgru
28140,2026Q2,4,-7.978826761245728e-05,0.04121650755405426,0.08588850498199463,-0.056645482778549194,0.14245419949293137,4.207769881697998,-5.507099640213731,15.310026717099223,seqgru
28140,2026Q2,8,0.01973552629351616,0.09246274083852768,0.1838427484035492,-0.09167276695370674,0.2952510416507721,9.687227225782413,-8.759633066817841,34.346358167129324,seqgru
28420,2026Q2,1,-0.010995709337294102,0.0072463941760361195,0.025286737829446793,-0.0364994490519166,0.05079047754406929,0.7272712823670924,-3.584137490247574,5.210243110286639,seqgru
28420,2026Q2,2,-0.012119308114051819,0.014139978215098381,0.04012535884976387,-0.04263826459646225,0.0706443153321743,1.4240420566244305,-4.1742036789621295,7.3199437388829836,seqgru
28420,2026Q2,4,-0.014284614473581314,0.02720658853650093,0.06992033869028091,-0.07085030898451805,0.12648603320121765,2.7580067099244765,-6.839866595955224,13.483360107282639,seqgru
28420,2026Q2,8,-0.004141561686992645,0.06784883886575699,0.15492087602615356,-0.11554985493421555,0.26632916927337646,7.020352307283106,-10.912384344226245,30.51646080714956,seqgru
28450,2026Q2,1,-0.00016161426901817322,0.01745399832725525,0.0363885723054409,-0.02566535398364067,0.0618923120200634,1.7607209440207328,-2.533879847192999,6.3847774941406366,seqgru
28450,2026Q2,2,0.010549989528954029,0.03589954227209091,0.06427916884422302,-0.019968966953456402,0.09479812532663345,3.6551711630624872,-1.9770907670198956,9.943688425981168,seqgru
28450,2026Q2,4,0.030323214828968048,0.07065555453300476,0.11944834887981415,-0.02624247968196869,0.17601404339075089,7.321149936062099,-2.590113821252904,19.24548046418584,seqgru
28450,2026Q2,8,0.06852394342422485,0.1419438123703003,0.2397785782814026,-0.04288434982299805,0.3511868715286255,15.251188980641327,-4.197782090489399,42.07527993541229,seqgru
28660,2026Q2,1,-0.014547989703714848,0.004001862835139036,0.021846581250429153,-0.040051729418337345,0.04735032096505165,0.4009880980486047,-3.9260260641027056,4.848925251614999,seqgru
28660,2026Q2,2,-0.01918518915772438,0.00751650333404541,0.03288493677973747,-0.04970414564013481,0.0634038932621479,0.7544823156109493,-4.848910849224786,6.5457083276164285,seqgru
28660,2026Q2,4,-0.027792852371931076,0.014052888378500938,0.05509832873940468,-0.08435854688286781,0.11166402325034142,1.4152094379959124,-8.08983440236809,11.813712945168131,seqgru
28660,2026Q2,8,-0.02681776136159897,0.04384074732661247,0.1270829290151596,-0.13822605460882187,0.2384912222623825,4.481595190519672,-12.909820187301602,26.933256411930962,seqgru
28700,2026Q2,1,-0.009607418440282345,0.008643284440040588,0.026871800422668457,-0.03511115815490484,0.052375540137290955,0.8680745474003881,-3.4501912693516212,5.377140167262473,seqgru
28700,2026Q2,2,-0.009052218869328499,0.01721959188580513,0.04361764341592789,-0.03957117535173893,0.07413659989833832,1.7368703710180178,-3.8798462301687375,7.695390724319373,seqgru
28700,2026Q2,4,-0.007944580167531967,0.03348390385508537,0.07702009379863739,-0.0645102746784687,0.13358578830957413,3.4050799360808126,-6.247351857058991,14.291931104516987,seqgru
28700,2026Q2,8,0.007463105022907257,0.0788794681429863,0.16683536767959595,-0.10394518822431564,0.27824366092681885,8.207388983448505,-9.872530346613772,32.080798730200286,seqgru
28740,2026Q2,1,-0.008438627235591412,0.00978484470397234,0.028078965842723846,-0.03394236695021391,0.053582705557346344,0.9832872818310578,-3.33727872935472,5.504424618173465,seqgru
28740,2026Q2,2,-0.0061671677976846695,0.020012738183140755,0.046647150069475174,-0.0366861242800951,0.0771661065518856,2.021433562103536,-3.602134263553469,8.022149335855545,seqgru
28740,2026Q2,4,-0.001379411667585373,0.039541568607091904,0.08351396024227142,-0.05794510617852211,0.14007965475320816,4.033374321076444,-5.629825058965809,15.036542728206847,seqgru
28740,2026Q2,8,0.01932629942893982,0.08900187909603119,0.1763908565044403,-0.09208199381828308,0.2877991497516632,9.308271033178306,-8.79696343728451,33.34894455382624,seqgru
28880,2026Q2,1,-0.011702139861881733,0.006647523492574692,0.02475178986787796,-0.03720587957650423,0.05025552958250046,0.6669667316870909,-3.6522245463599834,5.153976156486562,seqgru
28880,2026Q2,2,-0.013044245541095734,0.013351373374462128,0.03935955464839935,-0.043563202023506165,0.06987851113080978,1.3440900954969637,-4.262795567163247,7.2377891362624736,seqgru
28880,2026Q2,4,-0.014600582420825958,0.026540998369455338,0.06909321248531342,-0.0711662769317627,0.12565890699625015,2.6896347474502313,-6.869297562206079,13.389533854735403,seqgru
28880,2026Q2,8,-0.002801269292831421,0.0670902356505394,0.15267127752304077,-0.11420956254005432,0.26407957077026367,6.939197110117767,-10.792900837017406,30.22318117667824,seqgru
28940,2026Q2,1,-0.008690531365573406,0.009481254033744335,0.02775394171476364,-0.034194271080195904,0.05325768142938614,0.9526343511706559,-3.3616254014157354,5.470138706742045,seqgru
28940,2026Q2,2,-0.007772410288453102,0.018587211146950722,0.04522537440061569,-0.03829136677086353,0.07574433088302612,1.8761028613223596,-3.756752080906234,7.868675200980624,seqgru
28940,2026Q2,4,-0.006941322237253189,0.03543577343225479,0.08000528067350388,-0.06350701674818993,0.1365709751844406,3.607110270022895,-6.153246571281112,14.633623631431792,seqgru
28940,2026Q2,8,0.003560304641723633,0.08038196712732315,0.1733834594488144,-0.10784798860549927,0.2847917526960373,8.370092675951568,-10.223594357541522,32.94851375960588,seqgru
29020,2026Q2,1,-0.0050948383286595345,0.01300061121582985,0.03167944401502609,-0.030598578043282032,0.05718318372964859,1.3085486573506389,-3.013518002153992,5.884975667862191,seqgru
29020,2026Q2,2,0.0006718505173921585,0.026698710396885872,0.054257072508335114,-0.029847105965018272,0.08477602899074554,2.7058314151134244,-2.940607977470777,8.847325294280338,seqgru
29020,2026Q2,4,0.011479353532195091,0.05242183804512024,0.09843505918979645,-0.045086340978741646,0.15500075370073318,5.382019021324735,-4.408505636189053,16.765884117011808,seqgru
29020,2026Q2,8,0.03810439631342888,0.10970094054937363,0.2013053447008133,-0.07330389693379402,0.3127136379480362,11.594428686543035,-7.068162989457882,36.71299808211115,seqgru
29100,2026Q2,1,-0.0045161256566643715,0.013418540358543396,0.03204813227057457,-0.03001986537128687,0.05755187198519707,1.350897300990317,-2.9573744520845824,5.924021412241354,seqgru
29100,2026Q2,2,0.0016129463911056519,0.02735172212123871,0.05486190319061279,-0.02890601009130478,0.08538085967302322,2.7729214300860283,-2.8492227897663924,8.913179409589356,seqgru
29100,2026Q2,4,0.01321842148900032,0.05383112281560898,0.09999094903469086,-0.04334727302193642,0.1565566435456276,5.530636993740123,-4.242120896146783,16.947700376697327,seqgru
29100,2026Q2,8,0.043634697794914246,0.11469399929046631,0.2065812349319458,-0.06777359545230865,0.3179895281791687,12.153019602279148,-6.5527981656395395,37.43618690809549,seqgru
29180,2026Q2,1,-0.009266636334359646,0.008976059965789318,0.027296531945466995,-0.03477037604898214,0.05280027166008949,0.9016465596013656,-3.4172832152864485,5.421906666672616,seqgru
29180,2026Q2,2,-0.008284416049718857,0.01795821636915207,0.044507820159196854,-0.03880337253212929,0.07502677664160728,1.8120434732623814,-3.806016565397574,7.791301338865275,seqgru
29180,2026Q2,4,-0.006097897887229919,0.03525467962026596,0.07923811674118042,-0.06266359239816666,0.13580381125211716,3.5883493622683726,-6.074060545251614,14.545714574590573,seqgru
29180,2026Q2,8,0.00972682237625122,0.08153881877660751,0.17067629098892212,-0.10168147087097168,0.282084584236145,8.495533340526862,-9.668276129862575,32.58908647098904,seqgru
29200,2026Q2,1,-0.00839927513152361,0.009739990346133709,0.028060603886842728,-0.03390301484614611,0.053564343601465225,0.9787578429108823,-3.333474773041456,5.502487368369247,seqgru
29200,2026Q2,2,-0.006991853937506676,0.019327254965901375,0.04612512141466141,-0.03751081041991711,0.07664407789707184,1.9515235454070856,-3.681599475901387,7.965773394756281,seqgru
29200,2026Q2,4,-0.005465317517518997,0.03650997206568718,0.08167147636413574,-0.062031012028455734,0.13823717087507248,3.718464683960798,-6.014626043178173,14.824784892937771,seqgru
29200,2026Q2,8,0.0001271367073059082,0.07688634842634201,0.17075559496879578,-0.11128115653991699,0.2821638882160187,7.991933488601632,-10.531283358436372,32.59960173017944,seqgru
29340,2026Q2,1,-0.007024760358035564,0.011073297820985317,0.02949816733598709,-0.03252850007265806,0.05500190705060959,1.113483370862256,-3.2005138485712403,5.654262955383871,seqgru
29340,2026Q2,2,-0.0033858027309179306,0.022630365565419197,0.049576789140701294,-0.03390475921332836,0.08009574562311172,2.2888374894091124,-3.3336433948086053,8.33907926357882,seqgru
29340,2026Q2,4,0.004663906991481781,0.045487482100725174,0.09044205397367477,-0.051901787519454956,0.1470077484846115,4.653790407588287,-5.057789263562828,15.836293855248584,seqgru
29340,2026Q2,8,0.029661554843187332,0.10078887641429901,0.1916913092136383,-0.08174673840403557,0.3030996024608612,10.604310532542982,-7.849468894872702,35.40493243708214,seqgru
29404,2026Q2,1,-0.003983004949986935,0.01393315102905035,0.03257569298148155,-0.029486744664609432,0.05807943269610405,1.403066976591405,-2.9056252259083037,5.979917507275134,seqgru
29404,2026Q2,2,0.0031753070652484894,0.028867673128843307,0.05645804479718208,-0.02734364941716194,0.08697700127959251,2.9288382951873304,-2.6973196031074287,9.087159077905538,seqgru
29404,2026Q2,4,0.017711477354168892,0.057858482003211975,0.1042565107345581,-0.038854217156767845,0.16082220524549484,5.956503757806586,-3.8109073880407185,17.447613455358855,seqgru
29404,2026Q2,8,0.051530882716178894,0.12101705372333527,0.21252134442329407,-0.059877410531044006,0.32392963767051697,12.864415978846843,-5.812000892490598,38.25500242566618,seqgru
29414,2026Q2,1,-0.007605354301631451,0.010619236156344414,0.029096569865942,-0.03310909401625395,0.0546003095805645,1.0675820360920962,-3.256698732094132,5.61184098952876,seqgru
29414,2026Q2,2,-0.004331270232796669,0.021751943975687027,0.048661746084690094,-0.0348502267152071,0.07918070256710052,2.199024218902901,-3.424995101663797,8.239989683933935,seqgru
29414,2026Q2,4,0.0024734511971473694,0.043236397206783295,0.08789022266864777,-0.05409224331378937,0.1444559171795845,4.418470802483365,-5.26552837446509,15.541076007604172,seqgru
29414,2026Q2,8,0.02653532847762108,0.09732437133789062,0.18700557947158813,-0.08487296476960182,0.29841387271881104,10.221784351793083,-8.137102476710378,34.771945678539495,seqgru
29420,2026Q2,1,-0.012277557514607906,0.006144194398075342,0.024210145696997643,-0.037781297229230404,0.04971388541162014,0.6163108678305163,-3.7076488095779125,5.097035540424999,seqgru
29420,2026Q2,2,-0.01535927876830101,0.011388053186237812,0.03735071420669556,-0.04587823525071144,0.06786967068910599,1.1453143914820663,-4.484174028387333,7.0225817595788165,seqgru
29420,2026Q2,4,-0.021881673485040665,0.020920637995004654,0.06338603049516678,-0.0784473679959774,0.11995172500610352,2.114100862387591,-7.544928039179277,12.744242298952791,seqgru
29420,2026Q2,8,-0.021039940416812897,0.05575845018029213,0.14538657665252686,-0.1324482336640358,0.25679486989974976,5.734225205776111,-12.40517224346156,29.27799114856211,seqgru
29460,2026Q2,1,-0.01418550219386816,0.00420732144266367,0.022063955664634705,-0.03968924190849066,0.0475676953792572,0.4216184645279508,-3.891194135841536,4.871719202642777,seqgru
29460,2026Q2,2,-0.019616268575191498,0.006982483901083469,0.032325372099876404,-0.05013522505760193,0.06284432858228683,0.7006918279575558,-4.889919685639555,6.486105789738228,seqgru
29460,2026Q2,4,-0.029397372156381607,0.013363322243094444,0.05486258119344711,-0.08596306666731834,0.11142827570438385,1.3453010499509421,-8.237187834100101,11.787356243622815,seqgru
29460,2026Q2,8,-0.030599065124988556,0.047087498009204865,0.13758420944213867,-0.14200735837221146,0.24899250268936157,4.821372168113047,-13.238512777074085,28.27324159903717,seqgru
29484,2026Q2,1,-0.005042415112257004,0.01291779987514019,0.031506214290857315,-0.0305461548268795,0.05700995400547981,1.3001595079761286,-3.008433525548959,5.866634831368511,seqgru
29484,2026Q2,2,0.0005898531526327133,0.026487527415156364,0.05392264202237129,-0.029929103329777718,0.08444159850478172,2.6841439814832224,-2.9485662655579947,8.81092951665432,seqgru
29484,2026Q2,4,0.012048553675413132,0.052892450243234634,0.09910917282104492,-0.044517140835523605,0.15567486733198166,5.431624756554609,-4.354079455681337,16.844624128035424,seqgru
29484,2026Q2,8,0.04081807658076286,0.11262786388397217,0.2053932547569275,-0.07059021666646004,0.3168015480041504,11.921535498633773,-6.815633209585359,37.273012385957884,seqgru
29540,2026Q2,1,-0.0038278456777334213,0.014056545682251453,0.032648827880620956,-0.02933158539235592,0.058152567595243454,1.4155803449000137,-2.8905589645735974,5.987668621287834,seqgru
29540,2026Q2,2,0.003357836976647377,0.0290672667324543,0.05665266886353493,-0.027161119505763054,0.08717162534594536,2.9493842832938544,-2.679557332452176,9.108392130556652,seqgru
29540,2026Q2,4,0.017599448561668396,0.05797408148646355,0.10444560647010803,-0.03896624594926834,0.16101130098104477,5.968752982876535,-3.821682732352083,17.469824398144883,seqgru
29540,2026Q2,8,0.04952571168541908,0.1203351616859436,0.21278709173202515,-0.06188258156180382,0.32419538497924805,12.787480865987511,-6.0006747148878326,38.29174820280885,seqgru
29620,2026Q2,1,-0.006002218462526798,0.011981727555394173,0.030422847718000412,-0.031505958177149296,0.05592658743262291,1.2053796000197847,-3.1014816948835455,5.752004562523738,seqgru
29620,2026Q2,2,-0.0012851059436798096,0.02453427202999592,0.05155714973807335,-0.03180406242609024,0.08207610622048378,2.4837713774199965,-3.1303632498353773,8.553842291238212,seqgru
29620,2026Q2,4,0.007712438702583313,0.048346102237701416,0.09347231686115265,-0.048853255808353424,0.15003801137208939,4.953383848163528,-4.767913299874838,16.187840648134678,seqgru
29620,2026Q2,8,0.0349256806075573,0.10527455806732178,0.19473323225975037,-0.0764826126396656,0.30614152550697327,11.1015606781937,-7.363097873923186,35.81745092827613,seqgru
29700,2026Q2,1,-0.010170468129217625,0.008107387460768223,0.026269953697919846,-0.03567420784384012,0.05177369341254234,0.8140341322863343,-3.5045383076468872,5.31373836158775,seqgru
29700,2026Q2,2,-0.00961712934076786,0.01659959927201271,0.04286972060799599,-0.04013608582317829,0.07338867709040642,1.6738138121578539,-3.9341301773209825,7.614872999562317,seqgru
29700,2026Q2,4,-0.007776182144880295,0.03297458961606026,0.07633598148822784,-0.06434187665581703,0.13290167599916458,3.3524276658954744,-6.231562767104903,14.213769326233638,seqgru
29700,2026Q2,8,0.009162001311779022,0.07763966917991638,0.16338402032852173,-0.10224629193544388,0.27479231357574463,8.073316703300826,-9.719282984065636,31.625727771075752,seqgru
29740,2026Q2,1,-0.014821189455688,0.0037912135012447834,0.021679647266864777,-0.0403249291703105,0.047183386981487274,0.3798409241806633,-3.9522698648899013,4.831423863679141,seqgru
29740,2026Q2,2,-0.019452080130577087,0.00728648342192173,0.032682497054338455,-0.04997103661298752,0.06320145353674889,0.7313094436558032,-4.874302427434007,6.524141426752528,seqgru
29740,2026Q2,4,-0.027159977704286575,0.014398951083421707,0.05544491857290268,-0.08372567221522331,0.11201061308383942,1.4503115331068184,-8.031648376573575,11.852473157880429,seqgru
29740,2026Q2,8,-0.02269548922777176,0.046517811715602875,0.129324808716774,-0.13410378247499466,0.2407331019639969,4.7616738753764265,-12.550069780832096,27.218144726283967,seqgru
29820,2026Q2,1,-0.01211495790630579,0.006261053029447794,0.024313896894454956,-0.03761869762092829,0.049817636609077454,0.628069439244161,-3.6919904380038226,5.107940049379689,seqgru
29820,2026Q2,2,-0.01425664871931076,0.012161034159362316,0.038030046969652176,-0.04477560520172119,0.0685490034520626,1.2235280199563103,-4.378797323432593,7.095310406423638,seqgru
29820,2026Q2,4,-0.018088284879922867,0.02346489392220974,0.0658239796757698,-0.0746539793908596,0.12238967418670654,2.3742360536826768,-7.193543975928984,13.019442357655553,seqgru
29820,2026Q2,8,-0.009587973356246948,0.06146810203790665,0.1473604440689087,-0.12099626660346985,0.2587687373161316,6.339657580413638,-11.396273248483912,29.5334207721184,seqgru
29940,2026Q2,1,-0.00759855005890131,0.01060488261282444,0.029107190668582916,-0.03310228977352381,0.054610930383205414,1.0661313685660145,-3.2560404649502828,5.612962678005062,seqgru
29940,2026Q2,2,-0.004383213818073273,0.021774502471089363,0.04880204051733017,-0.034902170300483704,0.0793209969997406,2.2013297011248767,-3.4300114233823287,8.255176217143735,seqgru
29940,2026Q2,4,0.002218097448348999,0.04316120967268944,0.08831362426280975,-0.05434759706258774,0.1448793187737465,4.4106201302898995,-5.289716088591934,15.590006641300146,seqgru
29940,2026Q2,8,0.023827441036701202,0.0946083813905716,0.18476197123527527,-0.0875808522105217,0.29617026448249817,9.922829256807075,-8.385520367559973,34.4699091836737,seqgru
30020,2026Q2,1,-0.007324987091124058,0.0108924750238657,0.02934766560792923,-0.032828726805746555,0.05485140532255173,1.0952014009208977,-3.2295712799360166,5.638363002747604,seqgru
30020,2026Q2,2,-0.0037757325917482376,0.022324061021208763,0.049246739596128464,-0.03429468907415867,0.0797656960785389,2.2575107516700887,-3.3713291459093075,8.303327899993619,seqgru
30020,2026Q2,4,0.001529846340417862,0.04247479885816574,0.08677563071250916,-0.055035848170518875,0.1433413252234459,4.338976142898199,-5.354878119934092,15.412366596244587,seqgru
30020,2026Q2,8,0.021730173379182816,0.09129829704761505,0.17747989296913147,-0.08967811986804008,0.28888818621635437,9.559576950306003,-8.577459108842266,33.494245521639,seqgru
30140,2026Q2,1,-0.0049189431592822075,0.013004234060645103,0.03158857673406601,-0.030422682873904705,0.05709231644868851,1.3089156831657123,-2.9964570480499497,5.875354625154339,seqgru
30140,2026Q2,2,0.0003962460905313492,0.026271877810359,0.05368396267294884,-0.03012271039187908,0.08420291915535927,2.662002573893374,-2.967354289710278,8.784961693902037,seqgru
30140,2026Q2,4,0.010526254773139954,0.05173807963728905,0.09788382053375244,-0.04603943973779678,0.15444951504468918,5.309987808564731,-4.4995703671088405,16.701535985197637,seqgru
30140,2026Q2,8,0.036809053272008896,0.11059875786304474,0.2044697403907776,-0.074599239975214,0.3158780336380005,11.69466508698176,-7.188463665712752,37.14629730753851,seqgru
30300,2026Q2,1,-0.011337566189467907,0.007104817777872086,0.02519887313246727,-0.036841305904090405,0.05070261284708977,0.7130116875369019,-3.6170922802734484,5.200999250267024,seqgru
30300,2026Q2,2,-0.012301761656999588,0.014243897050619125,0.04034586623311043,-0.04282071813941002,0.07086482271552086,1.4345824726331724,-4.191685840117076,7.343611188185495,seqgru
30300,2026Q2,4,-0.014285072684288025,0.027228789404034615,0.06974988430738449,-0.07085076719522476,0.12631557881832123,2.760288052143256,-6.839909282916001,13.464018019685176,seqgru
30300,2026Q2,8,-0.004520110785961151,0.06558609008789062,0.15036305785179138,-0.11592840403318405,0.2617713510990143,6.778465903181119,-10.946101998565517,29.922944108089624,seqgru
30340,2026Q2,1,-0.011435386724770069,0.006942118983715773,0.025031182914972305,-0.03693912643939257,0.0505349226295948,0.6966271348891162,-3.6265200467784697,5.183359550865929,seqgru
30340,2026Q2,2,-0.012676049023866653,0.013752028346061707,0.03977569192647934,-0.043195005506277084,0.07029464840888977,1.3847022442223356,-4.227538971642297,7.2824240644255855,seqgru
30340,2026Q2,4,-0.014972381293773651,0.02652619406580925,0.06905420124530792,-0.07153807580471039,0.12561989575624466,2.6881145101691706,-6.903917016273475,13.385110474697415,seqgru
30340,2026Q2,8,-0.004234097898006439,0.0664539560675621,0.15198224782943726,-0.11564239114522934,0.26339054107666016,6.871175525044393,-10.920627793212635,30.133484443457025,seqgru
30460,2026Q2,1,-0.006121211685240269,0.011865992099046707,0.03028707206249237,-0.031624951399862766,0.05579081177711487,1.1936672270084436,-3.113011275868227,5.737646989509493,seqgru
30460,2026Q2,2,-0.0014529228210449219,0.024311402812600136,0.05127760395407677,-0.03197187930345535,0.0817965604364872,2.460933444528002,-3.1466182458168013,8.523500763409753,seqgru
30460,2026Q2,4,0.0072537437081336975,0.04773670434951782,0.09276449680328369,-0.04931195080280304,0.14933019131422043,4.889444961778633,-4.8115857644190125,16.105629662768028,seqgru
30460,2026Q2,8,0.03245650604367256,0.1028689369559288,0.19248835742473602,-0.07895178720355034,0.3038966506719589,10.834613633775847,-7.591552393215406,35.512899718103164,seqgru
30500,2026Q2,1,-0.010866132564842701,0.007470222190022469,0.025495661422610283,-0.0363698722794652,0.05099940113723278,0.7498193908075157,-3.5716434245175677,5.232226308639265,seqgru
30500,2026Q2,2,-0.010935187339782715,0.015429055318236351,0.0414174348115921,-0.041454143822193146,0.07193639129400253,1.5548697723371419,-4.060667155615727,7.458698880200232,seqgru
30500,2026Q2,4,-0.010810982435941696,0.030115563422441483,0.07246953248977661,-0.06737667694687843,0.12903522700071335,3.0573623687206952,-6.515699879939795,13.77302022824589,seqgru
30500,2026Q2,8,0.002937309443950653,0.07106094062328339,0.15393641591072083,-0.10847098380327225,0.2653447091579437,7.364665257095893,-10.279507208602812,30.388035782107004,seqgru
30620,2026Q2,1,-0.0010990006849169731,0.01659977249801159,0.03542616218328476,-0.02660274039953947,0.06092990189790726,1.6738314247073394,-2.6252004561985176,6.282440960193991,seqgru
30620,2026Q2,2,0.008937354199588299,0.03436046093702316,0.06253543496131897,-0.021581602282822132,0.0930543914437294,3.495760128583414,-2.135038583192106,9.752142941971176,seqgru
30620,2026Q2,4,0.02880200743675232,0.06887748837471008,0.11704139411449432,-0.027763687074184418,0.17360708862543106,7.13049537972863,-2.7381818105696176,18.95880713001543,seqgru
30620,2026Q2,8,0.06950104981660843,0.14049601554870605,0.23629432916641235,-0.04190724343061447,0.34770262241363525,15.084449407187893,-4.104127383110168,41.581115662679395,seqgru
30700,2026Q2,1,-0.006664128042757511,0.011376035399734974,0.029791679233312607,-0.03216786775738001,0.055295418947935104,1.1440988559919818,-3.165598530345115,5.68527829002663,seqgru
30700,2026Q2,2,-0.002940349280834198,0.023031845688819885,0.05000656470656395,-0.03345930576324463,0.08052552118897438,2.3299126693893113,-3.290573440634159,8.385650759603047,seqgru
30700,2026Q2,4,0.0038608424365520477,0.04498981311917305,0.0901520848274231,-0.05270485207438469,0.14671777933835983,4.6017204201840745,-5.13400338124772,15.802709773423507,seqgru
30700,2026Q2,8,0.023821335285902023,0.09689701348543167,0.18868884444236755,-0.08758695796132088,0.30009713768959045,10.174690270467778,-8.386079741034514,34.99899361105028,seqgru
30780,2026Q2,1,-0.009245057590305805,0.008986911736428738,0.027228690683841705,-0.0347487973049283,0.0527324303984642,0.9027415270681294,-3.41519905907427,5.414754954114764,seqgru
30780,2026Q2,2,-0.008105441927909851,0.018106400966644287,0.044572219252586365,-0.03862439841032028,0.0750911757349968,1.827131567828344,-3.788798790966985,7.798243224469936,seqgru
30780,2026Q2,4,-0.005436930805444717,0.035742513835430145,0.07946936786174774,-0.062002625316381454,0.13603506237268448,3.638895631477035,-6.011958069561141,14.572206462463466,seqgru
30780,2026Q2,8,0.011716991662979126,0.08291582018136978,0.17133250832557678,-0.09969130158424377,0.2827408015727997,8.64503475055014,-9.488321696902858,32.67612228226335,seqgru
30860,2026Q2,1,-0.012775261886417866,0.005668287165462971,0.023644020780920982,-0.03827900160104036,0.04914776049554348,0.5684382301405444,-3.7555620094436803,5.037554328486471,seqgru
30860,2026Q2,2,-0.014939352869987488,0.011499406769871712,0.03712952882051468,-0.04545830935239792,0.06764848530292511,1.156577911812362,-4.444056036660715,6.99891254624081,seqgru
30860,2026Q2,4,-0.019514545798301697,0.021481279283761978,0.06313246488571167,-0.07608024030923843,0.11969815939664841,2.1713662946782897,-7.325815847606265,12.715657860610108,seqgru
30860,2026Q2,8,-0.013058625161647797,0.05510758236050606,0.136980801820755,-0.1244669184088707,0.2483890950679779,5.665428592319244,-11.70325291479114,28.19586389493267,seqgru
30980,2026Q2,1,-0.008746492676436901,0.00941806472837925,0.027639031410217285,-0.0342502323910594,0.05314277112483978,0.9462554258732769,-3.3670332602211417,5.458019797289837,seqgru
30980,2026Q2,2,-0.006574591621756554,0.019453808665275574,0.045914292335510254,-0.037093548104166985,0.07643324881792068,1.9644267043226193,-3.6414010509886574,7.943013469482962,seqgru
30980,2026Q2,4,0.00011563301086425781,0.04041478782892227,0.0842224657535553,-0.05645006150007248,0.14078816026449203,4.124257938131182,-5.488631912383735,15.118075632574213,seqgru
30980,2026Q2,8,0.025205891579389572,0.0936896875500679,0.18188023567199707,-0.08620240166783333,0.29328852891921997,9.821890203780615,-8.259147258862798,34.08296027418665,seqgru
31020,2026Q2,1,-0.010118450038135052,0.008134217001497746,0.02628646045923233,-0.03562218975275755,0.05179020017385483,0.8167389628057187,-3.4995186673766,5.315476764677474,seqgru
31020,2026Q2,2,-0.010058809071779251,0.016183706000447273,0.042415909469127655,-0.04057776555418968,0.07293486595153809,1.631537148998241,-3.9765511559307964,7.566047251159391,seqgru
31020,2026Q2,4,-0.008979231119155884,0.03233218565583229,0.07555827498435974,-0.06554492563009262,0.13212396949529648,3.286054978384967,-6.344302959753145,14.12497906585406,seqgru
31020,2026Q2,8,0.007546141743659973,0.07929779589176178,0.16793891787528992,-0.10386215150356293,0.2793472111225128,8.25266460624725,-9.865046146356594,32.22663697659867,seqgru
31084,2026Q2,1,-0.011157670058310032,0.007332437671720982,0.025529082864522934,-0.03666140977293253,0.05103282257914543,0.7359385817760522,-3.599751808369789,5.23574338015067,seqgru
31084,2026Q2,2,-0.01140649989247322,0.015198917128145695,0.04152679070830345,-0.04192545637488365,0.07204574719071388,1.5315008075616143,-4.1058739133890025,7.470450765132974,seqgru
31084,2026Q2,4,-0.011121191084384918,0.030045080929994583,0.07314835488796234,-0.06768688559532166,0.12971404939889908,3.0500988849331723,-6.5446950208264525,13.850278121913684,seqgru
31084,2026Q2,8,0.001501724123954773,0.06943682581186295,0.15349739789962769,-0.10990656912326813,0.2649056911468506,7.19043423791621,-10.40821622246676,30.330805649416327,seqgru
31140,2026Q2,1,-0.008264021016657352,0.009913749061524868,0.028234783560037613,-0.03376776073127985,0.05373852327466011,0.9963053066236904,-3.32039934350179,5.520865357629945,seqgru
31140,2026Q2,2,-0.005933435633778572,0.020243968814611435,0.04695000872015953,-0.036452392116189,0.07746896520256996,2.045026770240743,-3.579600348451173,8.054869732824965,seqgru
31140,2026Q2,4,-0.0005898475646972656,0.04048171266913414,0.08495642244815826,-0.057155542075634,0.141522116959095,4.131226670643917,-5.555284332980848,15.202598329059702,seqgru
31140,2026Q2,8,0.01837766170501709,0.08992844820022583,0.1800725907087326,-0.09303063154220581,0.2914808839559555,9.4095996366778,-8.883441053854323,33.840804817871415,seqgru
31180,2026Q2,1,-0.010776904411613941,0.007445680908858776,0.02550015226006508,-0.03628064412623644,0.051003891974687576,0.7473468915019321,-3.563038916464978,5.232698890523779,seqgru
31180,2026Q2,2,-0.011384468525648117,0.01480851136147976,0.040821727365255356,-0.04190342500805855,0.07134068384766579,1.4918700606875168,-4.103761211448043,7.394703996110619,seqgru
31180,2026Q2,4,-0.0110931396484375,0.03004314936697483,0.0732511430978775,-0.06765883415937424,0.12981683760881424,3.049899837365211,-6.542073428555351,13.861981189658579,seqgru
31180,2026Q2,8,0.0025529414415359497,0.0746757909655571,0.164290189743042,-0.10885535180568695,0.2756984829902649,7.753474774771929,-10.31398626844453,31.745057037846248,seqgru
31340,2026Q2,1,-0.008023829199373722,0.01014020573347807,0.02848406881093979,-0.03352756891399622,0.053987808525562286,1.0191791836762887,-3.297174905477518,5.547173431997265,seqgru
31340,2026Q2,2,-0.0057050082832574844,0.020372377708554268,0.04704607278108597,-0.036223964765667915,0.0775650292634964,2.058131100598959,-3.5575727762683917,8.065250421011939,seqgru
31340,2026Q2,4,-0.0011522918939590454,0.040061697363853455,0.08444105088710785,-0.05771798640489578,0.1410067453980446,4.087499145442375,-5.608389292045013,15.143241482850843,seqgru
31340,2026Q2,8,0.019470274448394775,0.09171710163354874,0.1821174919605255,-0.09193801879882812,0.2935257852077484,9.605470613133171,-8.783831533010634,34.11477607379623,seqgru
31420,2026Q2,1,-0.009922918863594532,0.008400867693126202,0.02656557783484459,-0.03542665857821703,0.05206931754946709,0.8436254004621668,-3.480647970073225,5.344876246925678,seqgru
31420,2026Q2,2,-0.00911896862089634,0.01720232330262661,0.04349130392074585,-0.03963792510330677,0.07401026040315628,1.7351135345787805,-3.8862620124252234,7.6817854024846755,seqgru
31420,2026Q2,4,-0.006727520376443863,0.03432030603289604,0.07759436964988708,-0.0632932148873806,0.13416006416082382,3.491604349695887,-6.133179815688738,14.357585050476507,seqgru
31420,2026Q2,8,0.010835833847522736,0.08047304302453995,0.16691486537456512,-0.10057245939970016,0.278323158621788,8.379963028842297,-9.568041641545433,32.09129926662773,seqgru
31540,2026Q2,1,-0.0073425183072686195,0.010748210363090038,0.029149465262889862,-0.03284625802189112,0.05465320497751236,1.080617987945609,-3.2312677683675184,5.617427517529783,seqgru
31540,2026Q2,2,-0.004655824974179268,0.021505387499928474,0.04845546931028366,-0.0351747814565897,0.07897442579269409,2.1738294937544866,-3.456333891551089,8.217664590653428,seqgru
31540,2026Q2,4,-0.0002201087772846222,0.04140729084610939,0.08650732040405273,-0.05678580328822136,0.14307301491498947,4.227652879705346,-5.520358001920833,15.381404422484412,seqgru
31540,2026Q2,8,0.014403022825717926,0.08923298120498657,0.18172022700309753,-0.09700527042150497,0.29312852025032043,9.333535324343378,-9.244877705681432,34.061507554547376,seqgru
31700,2026Q2,1,-0.0066694049164652824,0.011415320448577404,0.029883243143558502,-0.03217314463108778,0.055386982858181,1.1480723849052854,-3.166109511904036,5.694955690405856,seqgru
31700,2026Q2,2,-0.002742582932114601,0.023324737325310707,0.05041082203388214,-0.03326153941452503,0.08092977851629257,2.3598886346134718,-3.2714456791053115,8.429475310699885,seqgru
31700,2026Q2,4,0.0056713297963142395,0.04665180668234825,0.09170566499233246,-0.0508943647146225,0.1482713595032692,4.775712352905215,-4.962094120684524,15.98275839013612,seqgru
31700,2026Q2,8,0.029596097767353058,0.10144077986478806,0.19256055355072021,-0.08181219547986984,0.3039688467979431,10.676437371531344,-7.85550060176432,35.52268357765782,seqgru
31740,2026Q2,1,-0.006356001831591129,0.01164577528834343,0.030093040317296982,-0.03185974154621363,0.05559678003191948,1.1713851338841286,-3.135756715823179,5.7171325196248235,seqgru
31740,2026Q2,2,-0.002135658636689186,0.023656796663999557,0.05060702562332153,-0.03265461511909962,0.08112598210573196,2.393883835441324,-3.21272095049695,8.450751650135713,seqgru
31740,2026Q2,4,0.005607075989246368,0.046278756111860275,0.09114769101142883,-0.05095861852169037,0.14771338552236557,4.7366330033786985,-4.968200471772777,15.91806108010736,seqgru
31740,2026Q2,8,0.030507013201713562,0.10131506621837616,0.19092966616153717,-0.08090128004550934,0.30233795940876007,10.662524707541676,-7.771526514231408,35.301841475312166,seqgru
31860,2026Q2,1,-0.01052741426974535,0.007783731445670128,0.02594008669257164,-0.03603115398436785,0.05144382640719414,0.7814103434606423,-3.5389758437379792,5.279004563174383,seqgru
31860,2026Q2,2,-0.010530322790145874,0.015802329406142235,0.042011626064777374,-0.041049279272556305,0.0725305825471878,1.5927846496041953,-4.021816856807547,7.522568872769808,seqgru
31860,2026Q2,4,-0.009758435189723969,0.03123639151453972,0.0740586519241333,-0.0663241297006607,0.13062434643507004,3.172936712947738,-6.417251435553217,13.953962877458359,seqgru
31860,2026Q2,8,0.004483230412006378,0.07436774671077728,0.16023239493370056,-0.10692506283521652,0.27164068818092346,7.720287047841734,-10.140699152034161,31.2115458008585,seqgru
31900,2026Q2,1,-0.009407016448676586,0.00893760472536087,0.02729540318250656,-0.034910756163299084,0.05279914289712906,0.8977664371292882,-3.430840556496906,5.421787670396316,seqgru
31900,2026Q2,2,-0.00796104408800602,0.018194785341620445,0.04476863145828247,-0.03848000057041645,0.0752875879406929,1.8361318929457804,-3.774905098252379,7.819418194635053,seqgru
31900,2026Q2,4,-0.004250194877386093,0.03631063923239708,0.07996666431427002,-0.06081588938832283,0.13653235882520676,3.6977922489468185,-5.9003528735446675,14.629196983712411,seqgru
31900,2026Q2,8,0.01871269941329956,0.08624035865068436,0.17223908007144928,-0.09269559383392334,0.2836473733186722,9.006830416652845,-8.852908456258268,32.79645724397289,seqgru
31924,2026Q2,1,-0.013676539994776249,0.00483023701235652,0.022751953452825546,-0.039180279709398746,0.048255693167448044,0.4841921412386485,-3.842265936411038,4.943895539230936,seqgru
31924,2026Q2,2,-0.01716376468539238,0.009380576200783253,0.03490400314331055,-0.04768272116780281,0.06542295962572098,0.9424711703245547,-4.656375576851457,6.761048503381439,seqgru
31924,2026Q2,4,-0.023582402616739273,0.0179024375975132,0.059278301894664764,-0.08014809712767601,0.1158439964056015,1.8063646809189038,-7.70203543700303,12.282069440524012,seqgru
31924,2026Q2,8,-0.019033700227737427,0.051378220319747925,0.1351144164800644,-0.13044199347496033,0.2465227097272873,5.2720978461585855,-12.22925957713481,27.956824153345906,seqgru
32580,2026Q2,1,-0.008403639309108257,0.009721816517412663,0.02803092822432518,-0.033907379023730755,0.05353466793894768,0.9769226889373206,-3.3338966420034755,5.499356558613999,seqgru
32580,2026Q2,2,-0.006623066961765289,0.01947012171149254,0.04617124795913696,-0.03714202344417572,0.0766902044415474,1.9660900682951565,-3.646071953622765,7.970753597663505,seqgru
32580,2026Q2,4,-0.002002894878387451,0.039150651544332504,0.08383844792842865,-0.05856858938932419,0.1404041424393654,3.992713847912066,-5.688644940132392,15.073876726664048,seqgru
32580,2026Q2,8,0.01628705859184265,0.08913315832614899,0.181473046541214,-0.09512123465538025,0.2928813397884369,9.322621880808569,-9.073730636345134,34.02837426430894,seqgru
32780,2026Q2,1,-0.010892658494412899,0.007487121038138866,0.025693852454423904,-0.0363963982090354,0.0511975921690464,0.7515219610888524,-3.574201242388264,5.25308445903232,seqgru
32780,2026Q2,2,-0.011693790555000305,0.014788869768381119,0.041053686290979385,-0.042212747037410736,0.07157264277338982,1.4898766182502188,-4.133419443428643,7.419618045684384,seqgru
32780,2026Q2,4,-0.013459432870149612,0.02825024724006653,0.07131525874137878,-0.07002512738108635,0.12788095325231552,2.8653069806795717,-6.762960841453969,13.641770781188601,seqgru
32780,2026Q2,8,-0.002865992486476898,0.06872309744358063,0.15555205941200256,-0.1142742857336998,0.26696035265922546,7.113956679540112,-10.798674418526744,30.598866632648992,seqgru
32820,2026Q2,1,-0.012701251544058323,0.005786797031760216,0.023814376443624496,-0.03820499125868082,0.049318116158246994,0.5803572885579866,-3.7484386620403543,5.055449594899564,seqgru
32820,2026Q2,2,-0.014379400759935379,0.012069192714989185,0.03785546496510506,-0.04489835724234581,0.06837442144751549,1.214231931828036,-4.390534300804417,7.0766151244326725,seqgru
32820,2026Q2,4,-0.015378974378108978,0.025112666189670563,0.06718334555625916,-0.07194466888904572,0.12374904006719589,2.543064538002038,-6.941761545610047,13.17318160169565,seqgru
32820,2026Q2,8,-0.0011303871870040894,0.06472131609916687,0.14733365178108215,-0.11253868043422699,0.25874194502830505,6.686166578092023,-10.643721695641373,29.529950321916765,seqgru
32900,2026Q2,1,-0.014837647788226604,0.0038742520846426487,0.021805863827466965,-0.0403413875028491,0.04730960354208946,0.38817667006219025,-3.953850637363565,4.844656160492189,seqgru
32900,2026Q2,2,-0.01939292624592781,0.007558847777545452,0.03308446332812309,-0.04991188272833824,0.06360341981053352,0.758748798425013,-4.868675206458262,6.566969146022661,seqgru
32900,2026Q2,4,-0.0294959656894207,0.01249597780406475,0.053166329860687256,-0.08606166020035744,0.10973202437162399,1.2574378759893312,-8.246234607969116,11.597897521840505,seqgru
32900,2026Q2,8,-0.032287389039993286,0.03630078211426735,0.11515393853187561,-0.1436956822872162,0.2265622317790985,3.6967700925965907,-13.384870686309435,25.428066352234822,seqgru
33124,2026Q2,1,-0.012193127535283566,0.006338432896882296,0.024447742849588394,-0.03769686724990606,0.04995148256421089,0.6358563271878559,-3.69951850514193,5.122009263540406,seqgru
33124,2026Q2,2,-0.012776557356119156,0.013634982518851757,0.039672575891017914,-0.04329551383852959,0.07019153237342834,1.37283628232594,-4.237164418249073,7.271362096524303,seqgru
33124,2026Q2,4,-0.011508028954267502,0.028434978798031807,0.0708741843700409,-0.06807372346520424,0.12743987888097763,2.884311204384571,-6.580840080344174,13.591657361268616,seqgru
33124,2026Q2,8,0.004145734012126923,0.06767667829990387,0.1488994061946869,-0.10726255923509598,0.2603076994419098,7.001929208783131,-10.171021225482901,29.73292127319198,seqgru
33140,2026Q2,1,-0.004763554781675339,0.013196466490626335,0.03178972378373146,-0.030267294496297836,0.05729346349835396,1.3283924141759496,-2.981382653726017,5.896653282378694,seqgru
33140,2026Q2,2,0.001247543841600418,0.02708049863576889,0.054540228098630905,-0.029271412640810013,0.08505918458104134,2.745050779882141,-2.8847154464968883,8.878150386868855,seqgru
33140,2026Q2,4,0.013386985287070274,0.054027777165174484,0.10023698210716248,-0.04317870922386646,0.1568026766180992,5.551392093240759,-4.225978223853055,16.976476918584858,seqgru
33140,2026Q2,8,0.043216999620199203,0.11459857225418091,0.20738518238067627,-0.0681912936270237,0.31879347562789917,12.1423176826424,-6.591822740463749,37.54672280649669,seqgru
33220,2026Q2,1,-0.005860508419573307,0.012180132791399956,0.03068888559937477,-0.031364248134195805,0.05619262531399727,1.2254612693326727,-3.0877492287011865,5.780142344460648,seqgru
33220,2026Q2,2,-0.0008688811212778091,0.025070250034332275,0.052311547100543976,-0.03138783760368824,0.0828305035829544,2.5387151476905956,-3.0900353103203715,8.635765921148607,seqgru
33220,2026Q2,4,0.009493544697761536,0.05011584609746933,0.09565700590610504,-0.0470721498131752,0.15222270041704178,5.139288908439021,-4.598143715388103,16.44195242729527,seqgru
33220,2026Q2,8,0.03756239265203476,0.10805447399616241,0.19890761375427246,-0.07384590059518814,0.31031590700149536,11.410843367202617,-7.118518737644985,36.385589771193864,seqgru
33260,2026Q2,1,-0.008596503175795078,0.009441078640520573,0.027630582451820374,-0.034100242890417576,0.05313432216644287,0.9485786208594416,-3.3525382427712636,5.457128790632004,seqgru
33260,2026Q2,2,-0.007271699607372284,0.01874035783112049,0.04515691474080086,-0.037790656089782715,0.07567587122321129,1.891706043429009,-3.708549992047927,7.861290800941312,seqgru
33260,2026Q2,4,-0.0035475119948387146,0.03778323903679848,0.08199147880077362,-0.06011320650577545,0.13855717331171036,3.8506100896745554,-5.8342074253397325,14.861534983635627,seqgru
33260,2026Q2,8,0.014696687459945679,0.08892101049423218,0.18162521719932556,-0.09671160578727722,0.29303351044654846,9.299431783548485,-9.218222222193727,34.048771002079505,seqgru
33340,2026Q2,1,-0.0028166091069579124,0.015049749985337257,0.03381481394171715,-0.02832034882158041,0.059318553656339645,1.5163567732053407,-2.7923086776619477,6.111320839921008,seqgru
33340,2026Q2,2,0.005224013701081276,0.030982762575149536,0.05894826725125313,-0.025294942781329155,0.08946722373366356,3.146772388590624,-2.4977706172237824,9.35914888790279,seqgru
33340,2026Q2,4,0.02096010185778141,0.061699360609054565,0.10914786159992218,-0.03560559265315533,0.16571355611085892,6.364252381451707,-3.497917025984998,18.02349822010505,seqgru
33340,2026Q2,8,0.05429879575967789,0.1270812451839447,0.2225380539894104,-0.05710949748754501,0.3339463472366333,13.550926869337054,-5.550935564832926,39.64682171857137,seqgru
33460,2026Q2,1,-0.009548136033117771,0.008673776872456074,0.02687745913863182,-0.03505187574774027,0.05238119885325432,0.8711503072398763,-3.444467394617934,5.377736468254857,seqgru
33460,2026Q2,2,-0.008571239188313484,0.017490515485405922,0.04376036673784256,-0.039090195670723915,0.07427932322025299,1.7644370242108964,-3.8336032691985933,7.710762465165311,seqgru
33460,2026Q2,4,-0.006355494260787964,0.034477293491363525,0.07789529860019684,-0.0629211887717247,0.13446099311113358,3.5078525089807133,-6.098252410636018,14.392003737035575,seqgru
33460,2026Q2,8,0.012533247470855713,0.08179283142089844,0.1685088872909546,-0.09887504577636719,0.2799171805381775,8.52309607833821,-9.414410852833166,32.302023597604816,seqgru
33500,2026Q2,1,-0.00689952727407217,0.011168936267495155,0.029569372534751892,-0.03240326698869467,0.05507311224937439,1.123154169775753,-3.1883905912938215,5.6617863560274095,seqgru
33500,2026Q2,2,-0.0026308707892894745,0.023243574425578117,0.05022817105054855,-0.033149827271699905,0.08074712753295898,2.351581146370063,-3.260639321440295,8.409672368980491,seqgru
33500,2026Q2,4,0.008600760251283646,0.048506226390600204,0.09357523918151855,-0.04796493425965309,0.1501409336924553,4.970190765406857,-4.683278999460527,16.199799585702724,seqgru
33500,2026Q2,8,0.03973442688584328,0.10737456381320953,0.19730277359485626,-0.07167386636137962,0.30871106684207916,11.335119745853639,-6.916557726941575,36.16688823700491,seqgru
33540,2026Q2,1,-0.013918687589466572,0.00457327626645565,0.022455476224422455,-0.03942242730408907,0.04795921593904495,0.4583749654172298,-3.8655474815265656,4.912786675706315,seqgru
33540,2026Q2,2,-0.018031228333711624,0.008570999838411808,0.03400462493300438,-0.048550184816122055,0.06452358141541481,0.8607836023293736,-4.7390468427944255,6.665073108207009,seqgru
33540,2026Q2,4,-0.026357319205999374,0.015527429059147835,0.05679689347743988,-0.08292301371693611,0.11336258798837662,1.56486059619374,-7.957799563845825,12.003797164680496,seqgru
33540,2026Q2,8,-0.02446761727333069,0.04640093073248863,0.12980444729328156,-0.1358759105205536,0.24121274054050446,4.749429943496519,-12.704905020299629,27.279178091934654,seqgru
33660,2026Q2,1,-0.009829814545810223,0.008578226901590824,0.026872705668210983,-0.03533355426043272,0.05237644538283348,0.8615125322187556,-3.4716611833016664,5.377235559492077,seqgru
33660,2026Q2,2,-0.00859655998647213,0.017674503847956657,0.04415052384138107,-0.03911551646888256,0.0746694803237915,1.7831622189010021,-3.8360382482919286,7.752794783339212,seqgru
33660,2026Q2,4,-0.005360748618841171,0.03526090085506439,0.07874412089586258,-0.06192644312977791,0.13530981540679932,3.5889938117167786,-6.004797582264976,14.489143441594532,seqgru
33660,2026Q2,8,0.013530172407627106,0.081568144261837,0.16754034161567688,-0.0978781208395958,0.2789486348628998,8.49871507133999,-9.324058790471302,32.17394507977846,seqgru
33700,2026Q2,1,-0.012864778749644756,0.005653680302202702,0.023649830371141434,-0.038368518464267254,0.04915357008576393,0.5669692514436386,-3.764177124030854,5.038164555407443,seqgru
33700,2026Q2,2,-0.015265140682458878,0.01145181618630886,0.037290479987859726,-0.04578409716486931,0.06780943647027016,1.1517639257894396,-4.47518192811982,7.016135532112422,seqgru
33700,2026Q2,4,-0.019859980791807175,0.021767016500234604,0.0636775940656662,-0.07642567530274391,0.12024328857660294,2.200564627813084,-7.357823225254656,12.777119205411935,seqgru
33700,2026Q2,8,-0.014085724949836731,0.0551883690059185,0.1378297209739685,-0.12549401819705963,0.2492380142211914,5.673965292652339,-11.793895927342103,28.304738025284635,seqgru
33740,2026Q2,1,-0.011900301091372967,0.0065746009349823,0.0246824212372303,-0.037404040805995464,0.0501861609518528,0.659626106659772,-3.6713150484414703,5.146682022148408,seqgru
33740,2026Q2,2,-0.012843936681747437,0.013601062819361687,0.03959088772535324,-0.04336289316415787,0.07010984420776367,1.369397804499184,-4.243616636155334,7.262599653625101,seqgru
33740,2026Q2,4,-0.013387776911258698,0.027318716049194336,0.06971437484025955,-0.06995347142219543,0.1262800693511963,2.7695293556169176,-6.75627961263684,13.459989044401244,seqgru
33740,2026Q2,8,0.0006056800484657288,0.06754250079393387,0.15074031054973602,-0.11080261319875717,0.2621486037969589,6.987572919954976,-10.488458453876238,29.971967135732626,seqgru
33780,2026Q2,1,-0.008039041422307491,0.010139429941773415,0.02844437211751938,-0.03354278113692999,0.053948111832141876,1.01910081386547,-3.2986459592221573,5.5429836413731115,seqgru
33780,2026Q2,2,-0.005111565813422203,0.020924188196659088,0.047547247260808945,-0.035630522295832634,0.07806620374321938,2.1144633886809316,-3.5003227584440078,8.119423540626425,seqgru
33780,2026Q2,4,0.0016414634883403778,0.04212465137243271,0.08622944355010986,-0.05492423102259636,0.1427951380610466,4.302448508140744,-5.344313511780308,15.349347055026463,seqgru
33780,2026Q2,8,0.027117829769849777,0.09592173993587494,0.1837291419506073,-0.08429046347737312,0.2951374351978302,10.067292188983167,-8.083576632271882,34.33109642084513,seqgru
33860,2026Q2,1,-0.009694353677332401,0.008661107160151005,0.026953283697366714,-0.0351980933919549,0.05245702341198921,0.8698723068815584,-3.4585844850223757,5.385726991558171,seqgru
33860,2026Q2,2,-0.008657895028591156,0.017721697688102722,0.04422685503959656,-0.03917685151100159,0.07474581152200699,1.7879658705388213,-3.8419362880561914,7.76101999719232,seqgru
33860,2026Q2,4,-0.006345696747303009,0.03480419144034386,0.07835827022790909,-0.06291139125823975,0.13492396473884583,3.5416945448139447,-6.097332402490863,14.444976250642206,seqgru
33860,2026Q2,8,0.008729979395866394,0.07890959084033966,0.16578218340873718,-0.1026783138513565,0.2771904766559601,8.210648530971177,-9.758277808484939,31.941766536606075,seqgru
33874,2026Q2,1,-0.006519141606986523,0.011596672236919403,0.030062057077884674,-0.03202288132160902,0.05556579679250717,1.1664174321229126,-3.1515578377856235,5.713857111139631,seqgru
33874,2026Q2,2,-0.002190500497817993,0.023800302296876907,0.05092307925224304,-0.032709456980228424,0.08144203573465347,2.4085789889373377,-3.2180287994661327,8.485033320891855,seqgru
33874,2026Q2,4,0.00724918395280838,0.04796545207500458,0.09335441142320633,-0.04931651055812836,0.14992010593414307,4.9134409281479385,-4.812019799308187,16.17414227747109,seqgru
33874,2026Q2,8,0.034120943397283554,0.10463745146989822,0.19588997960090637,-0.07728734984993935,0.3072982728481293,11.030799684443071,-7.437616248232681,35.97464830481534,seqgru
34060,2026Q2,1,-0.00887561310082674,0.009333866648375988,0.02761479839682579,-0.03437935281544924,0.05311853811144829,0.937756302792847,-3.3795097443948263,5.455464262648135,seqgru
34060,2026Q2,2,-0.006850576028227806,0.01927071064710617,0.04582566022872925,-0.03736953251063824,0.07634461671113968,1.9457589289377797,-3.667990852373948,7.93344667675564,seqgru
34060,2026Q2,4,-0.0008804760873317719,0.03964385390281677,0.08369418233633041,-0.05744617059826851,0.14025987684726715,4.044015949765933,-5.582728672918624,15.057276723136503,seqgru
34060,2026Q2,8,0.02344980463385582,0.09195040911436081,0.17978036403656006,-0.08795848861336708,0.29118865728378296,9.6310453726405,-8.420110798382908,33.80169867908529,seqgru
34100,2026Q2,1,-0.00854386668652296,0.009620487689971924,0.027925793081521988,-0.03404760640114546,0.053429532796144485,0.9666913341370265,-3.3474509257992224,5.488265451739349,seqgru
34100,2026Q2,2,-0.007249664515256882,0.018969563767313957,0.04557035118341446,-0.03776862099766731,0.07608930766582489,1.9150629039663247,-3.706428177699983,7.905893808924924,seqgru
34100,2026Q2,4,-0.005486104637384415,0.03634323552250862,0.08035001158714294,-0.06205179914832115,0.13691570609807968,3.7011724673578827,-6.016579708106606,14.673148197518483,seqgru
34100,2026Q2,8,0.0095762237906456,0.0841951072216034,0.17482462525367737,-0.1018320694565773,0.28623291850090027,8.78411187630701,-9.681878935405386,33.14025274208991,seqgru
34580,2026Q2,1,-0.011472866870462894,0.00691177137196064,0.02501680515706539,-0.03697660658508539,0.05052054487168789,0.6935712791129589,-3.630132071158021,5.181847260858152,seqgru
34580,2026Q2,2,-0.012742113322019577,0.013739688321948051,0.03979375213384628,-0.04326106980443001,0.07031270861625671,1.3834511622710988,-4.233865903068068,7.284361624747326,seqgru
34580,2026Q2,4,-0.014765232801437378,0.02676521986722946,0.06931325793266296,-0.07133092731237411,0.1258789524435997,2.7126625527271964,-6.884630305503425,13.414487450799161,seqgru
34580,2026Q2,8,-0.003958754241466522,0.06656619161367416,0.15210700035095215,-0.11536704748868942,0.26351529359817505,6.883170942936623,-10.896096976099479,30.149719936463136,seqgru
34620,2026Q2,1,0.00018888898193836212,0.017774200066924095,0.03671614080667496,-0.025314850732684135,0.062219880521297455,1.7933101211741187,-2.499711667542104,6.419631504484835,seqgru
34620,2026Q2,2,0.010986067354679108,0.036354050040245056,0.06486956030130386,-0.019532889127731323,0.0953885167837143,3.7022939515909625,-1.9343358283275158,10.00861740525918,seqgru
34620,2026Q2,4,0.0312330462038517,0.07177497446537018,0.12057287991046906,-0.025332648307085037,0.1771385744214058,7.441354637682007,-2.5014469207361167,19.37965113263418,seqgru
34620,2026Q2,8,0.07051759958267212,0.14481204748153687,0.2434478998184204,-0.04089069366455078,0.3548561930656433,15.582231013728066,-4.006594891318094,42.59755743600599,seqgru
34740,2026Q2,1,-0.007706410251557827,0.010463274084031582,0.028915248811244965,-0.033210149966180325,0.05441898852586746,1.0518205556826254,-3.266474724333357,5.592693075144517,seqgru
34740,2026Q2,2,-0.004819633439183235,0.021236643195152283,0.04810381680727005,-0.035338589921593666,0.07862277328968048,2.146374548326224,-3.472147266084502,8.179616268315804,seqgru
34740,2026Q2,4,0.0011448860168457031,0.042061034590005875,0.08676648885011673,-0.055420808494091034,0.14333218336105347,4.29581333302389,-5.391305724636453,15.411311517093473,seqgru
34740,2026Q2,8,0.023967862129211426,0.09512894600629807,0.18520553410053253,-0.08744043111801147,0.29661382734775543,9.980066088620854,-8.372654858966989,34.529568272182054,seqgru
34820,2026Q2,1,-0.010717342607676983,0.007361049763858318,0.025371495634317398,-0.03622108232229948,0.050875235348939896,0.7388208889665071,-3.5572947860329607,5.219160877462414,seqgru
34820,2026Q2,2,-0.013754438608884811,0.01265056524425745,0.03864393010735512,-0.04427339509129524,0.06916288658976555,1.2730922140618883,-4.330763328107857,7.161074595307215,seqgru
34820,2026Q2,4,-0.02173491194844246,0.02221463993191719,0.06555023789405823,-0.0783006064593792,0.12211593240499496,2.2463222355963763,-7.531358195010773,12.988508448281411,seqgru
34820,2026Q2,8,-0.025630980730056763,0.05980660766363144,0.1572432816028595,-0.13703927397727966,0.2686515748500824,6.163121535016147,-12.806401893426589,30.819925210895494,seqgru
34900,2026Q2,1,-0.014579086564481258,0.004095491487532854,0.02202603593468666,-0.040082826279103756,0.04752977564930916,0.4103889473507927,-3.9290136166414746,4.867742570768296,seqgru
34900,2026Q2,2,-0.018757957965135574,0.008079801686108112,0.03359447419643402,-0.049276914447546005,0.06411343067884445,0.8112531374163012,-4.808250650896728,6.62133332047159,seqgru
34900,2026Q2,4,-0.0269341878592968,0.014712635427713394,0.055679772049188614,-0.08349988237023354,0.11224546656012535,1.4821398993273727,-8.010880512218343,11.878745184950423,seqgru
34900,2026Q2,8,-0.024275444447994232,0.04373569041490555,0.123970165848732,-0.13568373769521713,0.2353784590959549,4.470619253357855,-12.68812766323495,26.53875755606565,seqgru
34940,2026Q2,1,-0.0169430710375309,0.0018428554758429527,0.019560744985938072,-0.0424468107521534,0.04506448470056057,0.18445545775680472,-4.155855705533529,4.609531487692453,seqgru
34940,2026Q2,2,-0.023597359657287598,0.0033759959042072296,0.028338592499494553,-0.05411631613969803,0.058857548981904984,0.3381700996696102,-5.267808873458946,6.062414298941521,seqgru
34940,2026Q2,4,-0.035413775593042374,0.006225604563951492,0.04626099020242691,-0.09197947010397911,0.10282668471336365,0.6245023918202586,-8.787612483881247,10.829930721728442,seqgru
34940,2026Q2,8,-0.0373297855257988,0.030033480376005173,0.10941964387893677,-0.1487380787730217,0.22082793712615967,3.048903453631291,-13.820519230576412,24.71088309728342,seqgru
34980,2026Q2,1,-0.011332915164530277,0.006906822323799133,0.024916037917137146,-0.036836654879152775,0.050419777631759644,0.6930729430123073,-3.6166439999235966,5.1712489104113635,seqgru
34980,2026Q2,2,-0.013243034482002258,0.013156799599528313,0.03911265358328819,-0.04376199096441269,0.06963161006569862,1.3243731115860635,-4.281825173137522,7.211315280250674,seqgru
34980,2026Q2,4,-0.017214521765708923,0.024936722591519356,0.06768935918807983,-0.07378021627664566,0.12425505369901657,2.5250243293379215,-7.11241768047336,13.230463265771819,seqgru
34980,2026Q2,8,-0.012390516698360443,0.06253309547901154,0.15163123607635498,-0.12379880994558334,0.2630395293235779,6.452968945486504,-11.644241399931587,30.08781407683445,seqgru
35004,2026Q2,1,-0.004004359245300293,0.013945546001195908,0.03264053910970688,-0.02950809895992279,0.058144278824329376,1.4043238725716334,-2.90769858572284,5.986790117423779,seqgru
35004,2026Q2,2,0.002964414656162262,0.028734643012285233,0.05638869106769562,-0.02755454182624817,0.08690764755010605,2.9151465705577806,-2.717837836141035,9.07959373892966,seqgru
35004,2026Q2,4,0.01659611612558365,0.05712032690644264,0.10378918051719666,-0.03996957838535309,0.1603548750281334,5.878320283836813,-3.9181331637004435,17.392739459771022,seqgru
35004,2026Q2,8,0.04898778721690178,0.11976256966590881,0.21245059370994568,-0.06242050603032112,0.3238588869571686,12.722918140298557,-6.051225654470194,38.245221131641415,seqgru
35084,2026Q2,1,-0.003945659846067429,0.013901343569159508,0.03247545287013054,-0.029449399560689926,0.057979192584753036,1.3998416539006797,-2.9019991586848537,5.969294600972774,seqgru
35084,2026Q2,2,0.0030919257551431656,0.028718840330839157,0.05624118447303772,-0.027427030727267265,0.08676014095544815,2.9135202481307187,-2.705432489839421,9.06350496613979,seqgru
35084,2026Q2,4,0.0172454621642828,0.05745347589254379,0.10381516814231873,-0.03932023234665394,0.16038086265325546,5.913599415166582,-3.85572252322135,17.395790257917486,seqgru
35084,2026Q2,8,0.05038516968488693,0.12062610685825348,0.21263843774795532,-0.06102312356233597,0.3240467309951782,12.820300613184465,-5.919851515729557,38.27119211138481,seqgru
35300,2026Q2,1,-0.004036987200379372,0.013967867940664291,0.03270430117845535,-0.02954072691500187,0.05820804089307785,1.4065874390144506,-2.9108664572910503,5.993548269876281,seqgru
35300,2026Q2,2,0.0024920906871557236,0.028561552986502647,0.056421391665935516,-0.028026865795254707,0.08694034814834595,2.8973345267724993,-2.763775683460601,9.083160765222331,seqgru
35300,2026Q2,4,0.014064252376556396,0.05549236387014389,0.10214979946613312,-0.04250144213438034,0.15871549397706985,5.706094518696059,-4.161091660589655,17.20044569161503,seqgru
35300,2026Q2,8,0.038076162338256836,0.11140396445989609,0.20408320426940918,-0.07333213090896606,0.3154914975166321,11.78463858690948,-7.070786787596428,37.09329555392327,seqgru
35380,2026Q2,1,-0.011744375340640545,0.006802947260439396,0.024957217276096344,-0.03724811505526304,0.05046095699071884,0.6826139869022363,-3.656293754850526,5.1755798841951695,seqgru
35380,2026Q2,2,-0.012677524238824844,0.013995788991451263,0.04025404527783394,-0.043196480721235275,0.07077300176024437,1.4094188570203725,-4.227680256505173,7.333755247761231,seqgru
35380,2026Q2,4,-0.012844625860452652,0.028421616181731224,0.07140077650547028,-0.06941032037138939,0.127966471016407,2.8829364099960397,-6.705620431379044,13.651489586892552,seqgru
35380,2026Q2,8,0.0006206631660461426,0.06900972127914429,0.15396443009376526,-0.11078763008117676,0.26537272334098816,7.144662492944787,-10.487117281877012,30.391688547572592,seqgru
35614,2026Q2,1,-0.004537575878202915,0.013407649472355843,0.03200260549783707,-0.030041315592825413,0.057506345212459564,1.3497935059134658,-2.9594560155761895,5.919199143163101,seqgru
35614,2026Q2,2,0.0022079721093177795,0.027971474453806877,0.05548092722892761,-0.02831098437309265,0.08599988371133804,2.83663492912265,-2.791398376981724,8.980620157301633,seqgru
35614,2026Q2,4,0.0161312036216259,0.05621105059981346,0.1024341806769371,-0.04043449088931084,0.15899987518787384,5.782091391772837,-3.9627924428631944,17.2337800358735,seqgru
35614,2026Q2,8,0.047713715583086014,0.11670410633087158,0.20741039514541626,-0.06369457766413689,0.31881868839263916,12.378685907314368,-6.170846903694027,37.55019078337802,seqgru
35660,2026Q2,1,-0.003476753830909729,0.014433174394071102,0.03314978629350662,-0.028980493545532227,0.05865352600812912,1.4537835580456404,-2.856458645754778,6.040777337064118,seqgru
35660,2026Q2,2,0.0038913339376449585,0.029672835022211075,0.057464081794023514,-0.026627622544765472,0.08798303827643394,3.011746046113095,-2.6276233199589716,9.196960018461574,seqgru
35660,2026Q2,4,0.01869351789355278,0.05936041846871376,0.10642102360725403,-0.03787217661738396,0.16298671811819077,6.115763263448715,-3.7163994019077107,17.70210565300885,seqgru
35660,2026Q2,8,0.05143717676401138,0.12332255393266678,0.21776744723320007,-0.05997111648321152,0.329175740480423,13.124925100037865,-5.820826455119388,38.98220821271528,seqgru
35840,2026Q2,1,-0.017323609441518784,0.0013287421315908432,0.01893042027950287,-0.04282734915614128,0.044434159994125366,0.13296253005414815,-4.192321144544897,4.543614292268039,seqgru
35840,2026Q2,2,-0.026303410530090332,0.0007865168154239655,0.025566302239894867,-0.05682236701250076,0.0560852587223053,0.07868262008814408,-5.523812466346434,5.768785700781409,seqgru
35840,2026Q2,4,-0.045792873948812485,-0.002029523253440857,0.03819384053349495,-0.10235856845974922,0.09475953504443169,-0.20274651636718044,-9.729418820165115,9.939445749882058,seqgru
35840,2026Q2,8,-0.06519570201635361,0.013201013207435608,0.09951856732368469,-0.1766039952635765,0.2109268605709076,1.3288531267283465,-16.18883850153744,23.482203757969078,seqgru
35980,2026Q2,1,-0.00039665214717388153,0.017053155228495598,0.035693734884262085,-0.02590039186179638,0.06119747459888458,1.7199390354248667,-2.5567853853257994,6.310883044981197,seqgru
35980,2026Q2,2,0.011405195109546185,0.03606294095516205,0.06380999088287354,-0.019113761372864246,0.09432894736528397,3.6721096653508534,-1.8932251719669613,9.892117369329846,seqgru
35980,2026Q2,4,0.04117586091160774,0.07874707877635956,0.12724687159061432,-0.015389833599328995,0.18381256610155106,8.193064423987263,-1.5272015285974105,20.179054569755127,seqgru
35980,2026Q2,8,0.10565779358148575,0.1717427670955658,0.2716521620750427,-0.005750499665737152,0.3830604553222656,18.737236268555613,-0.5733997190180418,46.676670124166144,seqgru
36084,2026Q2,1,-0.01773514598608017,0.0011877138167619705,0.018947184085845947,-0.04323888570070267,0.044450923800468445,0.1188419428144405,-4.231741393650612,4.545366855862221,seqgru
36084,2026Q2,2,-0.024764392524957657,0.0023922286927700043,0.027345413342118263,-0.05528334900736809,0.057864369824528694,0.2395092354885442,-5.378299968220013,5.957127612604629,seqgru
36084,2026Q2,4,-0.03662827983498573,0.004834137856960297,0.044383492320775986,-0.09319397434592247,0.10094918683171272,0.4845841152218533,-8.898323072589188,10.622042977042012,seqgru
36084,2026Q2,8,-0.039387062191963196,0.026653312146663666,0.10412953048944473,-0.1507953554391861,0.21553782373666763,2.7011688559163805,-13.997632017995599,24.052890347432832,seqgru
36100,2026Q2,1,-0.012478143908083439,0.005693289451301098,0.023562926799058914,-0.037981883622705936,0.04906666651368141,0.5709527024131189,-3.726961807995377,5.029036760327332,seqgru
36100,2026Q2,2,-0.01723247766494751,0.009269670583307743,0.03486356511712074,-0.04775143414735794,0.06538252159953117,0.9312767040059899,-4.662926696291114,6.756731384594472,seqgru
36100,2026Q2,4,-0.027482707053422928,0.01633550599217415,0.058685388416051865,-0.08404840156435966,0.1152510829269886,1.646965986515725,-8.061324473902786,12.2155156204244,seqgru
36100,2026Q2,8,-0.03265881538391113,0.05203758180141449,0.1481616497039795,-0.14406710863113403,0.2595699429512024,5.341533101523366,-13.417035853253424,29.63724526560163,seqgru
36220,2026Q2,1,-0.009031196124851704,0.009106486104428768,0.027325652539730072,-0.0345349358394742,0.05282939225435257,0.9148076299996255,-3.3945410831106804,5.424976659942904,seqgru
36220,2026Q2,2,-0.007902231067419052,0.018139058724045753,0.044553086161613464,-0.03842118754982948,0.0750720426440239,1.8304570678893572,-3.7692456433417565,7.796180730606617,seqgru
36220,2026Q2,4,-0.004821106791496277,0.03624707832932472,0.07996299117803574,-0.061386801302433014,0.13652868568897247,3.6912013330893556,-5.95406015068175,14.628775935828742,seqgru
36220,2026Q2,8,0.013409972190856934,0.08546216785907745,0.17516928911209106,-0.09799832105636597,0.28657758235931396,8.922035302667975,-9.334957403239596,33.18614928429551,seqgru
36260,2026Q2,1,-0.010645336471498013,0.007695069070905447,0.025895187631249428,-0.03614907618612051,0.051398927345871925,0.772475220397939,-3.550350069439756,5.274277740808286,seqgru
36260,2026Q2,2,-0.011185020208358765,0.015301302075386047,0.04162432998418808,-0.041703976690769196,0.07214328646659851,1.5418966370941867,-4.084632960501966,7.480933866328332,seqgru
36260,2026Q2,4,-0.011431928724050522,0.030276456847786903,0.07370176911354065,-0.06799762323498726,0.1302674636244774,3.073944954738028,-6.573730590254123,13.913301922937915,seqgru
36260,2026Q2,8,-0.00021832436323165894,0.07236681878566742,0.16135746240615845,-0.11162661761045456,0.27276575565338135,7.5049620141649065,-10.562185978933481,31.35925071646788,seqgru
36420,2026Q2,1,-0.010382366366684437,0.007962362840771675,0.026169080287218094,-0.035886106081306934,0.05167282000184059,0.7994146754122022,-3.5249833596913027,5.303115541394532,seqgru
36420,2026Q2,2,-0.01045413501560688,0.015878386795520782,0.04212874919176102,-0.04097309149801731,0.07264770567417145,1.600511825435036,-4.0145042140661165,7.53516298977428,seqgru
36420,2026Q2,4,-0.01056399941444397,0.03082505241036415,0.07400676608085632,-0.0671296939253807,0.13057246059179306,3.1305063768115593,-6.492607993498989,13.948050433387117,seqgru
36420,2026Q2,8,0.0025883764028549194,0.07441934198141098,0.1622360646724701,-0.10881991684436798,0.273644357919693,7.725845048586755,-10.310808191709919,31.474713967557832,seqgru
36500,2026Q2,1,-0.011893735267221928,0.00652866717427969,0.024599581956863403,-0.037397474981844425,0.0501033216714859,0.6550025376715451,-3.6706825691590117,5.137972107443245,seqgru
36500,2026Q2,2,-0.013832256197929382,0.012748937122523785,0.03873562812805176,-0.04435121268033981,0.06925458461046219,1.2830551283880887,-4.338207787792692,7.170901504290517,seqgru
36500,2026Q2,4,-0.017565250396728516,0.024366673082113266,0.06686981767416,-0.07413094490766525,0.12343551218509674,2.466596644435892,-7.1449903026495125,13.137704215623124,seqgru
36500,2026Q2,8,-0.010843515396118164,0.0614166185259819,0.14800700545310974,-0.12225180864334106,0.25941529870033264,6.334182982311498,-11.507449144699278,29.617199160970074,seqgru
36540,2026Q2,1,-0.006494616158306599,0.011553868651390076,0.030059397220611572,-0.031998355872929096,0.05556313693523407,1.1620872393962145,-3.149182557160346,5.713575927741865,seqgru
36540,2026Q2,2,-0.0027859043329954147,0.023207738995552063,0.05034855008125305,-0.033304860815405846,0.08086750656366348,2.34791339916387,-3.275636004817617,8.422723405779076,seqgru
36540,2026Q2,4,0.0046025291085243225,0.045882247388362885,0.09148911386728287,-0.051963165402412415,0.1480548083782196,4.695112246938171,-5.063616436629525,15.957644912594438,seqgru
36540,2026Q2,8,0.02673465386033058,0.10082729160785675,0.1949339509010315,-0.08467363938689232,0.3063422441482544,10.608559500152337,-8.118790044499091,35.84471475857667,seqgru
36740,2026Q2,1,-0.014523844234645367,0.00396305276080966,0.021743379533290863,-0.040027583949267864,0.04724711924791336,0.3970916038498862,-3.9237062849306836,4.83810522082142,seqgru
36740,2026Q2,2,-0.019420046359300613,0.007295110262930393,0.03264504298567772,-0.049939002841711044,0.06316399946808815,0.7321784403953036,-4.871255143787712,6.520151738961011,seqgru
36740,2026Q2,4,-0.028273727744817734,0.013853710144758224,0.05521036311984062,-0.08483942225575447,0.11177605763077736,1.3950117472423695,-8.134021112520085,11.826240626974617,seqgru
36740,2026Q2,8,-0.029200389981269836,0.043135371059179306,0.12828251719474792,-0.14060868322849274,0.23969081044197083,4.40792233948375,-13.117076736474576,27.0856154116764,seqgru
36780,2026Q2,1,-0.003868432715535164,0.013975420966744423,0.032533418387174606,-0.02937217243015766,0.058037158101797104,1.4073533685066142,-2.894500269144329,5.975437343957046,seqgru
36780,2026Q2,2,0.002930782735347748,0.02864622138440609,0.056084416806697845,-0.027588173747062683,0.08660337328910828,2.906047048067828,-2.72110956709799,9.046408675091232,seqgru
36780,2026Q2,4,0.015191614627838135,0.0559898316860199,0.10224862396717072,-0.0413740798830986,0.15881431847810745,5.758692980597324,-4.0529855672091,17.21202853950703,seqgru
36780,2026Q2,8,0.04411386325955391,0.11686188727617264,0.20963162183761597,-0.06729442998766899,0.32103991508483887,12.396418521506058,-6.508010764322247,37.8560605159108,seqgru
36980,2026Q2,1,-0.002864203415811062,0.014939829707145691,0.03363565355539322,-0.02836794313043356,0.05913939327001572,1.5051986802894213,-2.796935100449083,6.092311597588429,seqgru
36980,2026Q2,2,0.005159616470336914,0.030735637992620468,0.05851384252309799,-0.025359340012073517,0.08903279900550842,3.1212854348809937,-2.5040492886207355,9.311650887275903,seqgru
36980,2026Q2,4,0.020885493606328964,0.0612645149230957,0.10828971862792969,-0.03568020090460777,0.16485541313886642,6.318010399955121,-3.505116609079717,17.922260628953858,seqgru
36980,2026Q2,8,0.05527409166097641,0.12735411524772644,0.22194018959999084,-0.05613420158624649,0.33334848284721375,13.581915745770413,-5.458774844726822,39.56335680960479,seqgru
37100,2026Q2,1,-0.013782274909317493,0.004850687459111214,0.02282162755727768,-0.03928601462393999,0.04832536727190018,0.48624710887215095,-3.85243262870808,4.951207665900315,seqgru
37100,2026Q2,2,-0.016881056129932404,0.009894990362226963,0.035598933696746826,-0.047400012612342834,0.06611789017915726,0.9944107650718736,-4.629417308031403,6.835265802851009,seqgru
37100,2026Q2,4,-0.02147800102829933,0.019864941015839577,0.06155379116535187,-0.07804369553923607,0.1181194856762886,2.006356197442405,-7.50759893928482,12.537856995375641,seqgru
37100,2026Q2,8,-0.013616278767585754,0.053667955100536346,0.13554030656814575,-0.12502457201480865,0.24694859981536865,5.5134192055634745,-11.752478187594695,28.011331302658604,seqgru
37140,2026Q2,1,-0.00520246010273695,0.012837671674787998,0.03139558061957359,-0.030706199817359447,0.05689932033419609,1.2920428336909762,-3.0239552977579187,5.8549230647604755,seqgru
37140,2026Q2,2,0.0005904976278543472,0.026531808078289032,0.05391138792037964,-0.029928458854556084,0.08443034440279007,2.688691004143795,-2.9485037182935714,8.809704954246422,seqgru
37140,2026Q2,4,0.012375608086585999,0.05301673710346222,0.09898734092712402,-0.04419008642435074,0.15555303543806076,5.444729336510967,-4.3227929195356785,16.830389593311203,seqgru
37140,2026Q2,8,0.04191558435559273,0.11249084025621414,0.20403283834457397,-0.06949270889163017,0.3154411315917969,11.90620065445749,-6.713306500632199,37.086390897185154,seqgru
37340,2026Q2,1,-0.012945965863764286,0.005437007173895836,0.023334771394729614,-0.038449705578386784,0.04883851110935211,0.5451814521121312,-3.771989915611784,5.005076551408494,seqgru
37340,2026Q2,2,-0.016343802213668823,0.010123210027813911,0.03568800538778305,-0.046862758696079254,0.06620696187019348,1.017462306030259,-4.57816532255163,6.844782224453971,seqgru
37340,2026Q2,4,-0.02366224303841591,0.01831204816699028,0.05982862785458565,-0.08022793754935265,0.11639432236552238,1.848074185676074,-7.7094042512451,12.343878184088908,seqgru
37340,2026Q2,8,-0.02022790163755417,0.05247718095779419,0.13759665191173553,-0.13163619488477707,0.24900494515895844,5.387851330587856,-12.334012958321484,28.274837644875195,seqgru
37460,2026Q2,1,-0.01017750333994627,0.00793427973985672,0.025973506271839142,-0.03568124305456877,0.05147724598646164,0.796583955025576,-3.505217171166275,5.282523002004624,seqgru
37460,2026Q2,2,-0.01098078116774559,0.015124528668820858,0.04112126678228378,-0.04149973765015602,0.07164022326469421,1.5239483165561785,-4.065041297334626,7.426877761552464,seqgru
37460,2026Q2,4,-0.01335444301366806,0.0285273939371109,0.0715867355465889,-0.0699201375246048,0.12815243005752563,2.893819711671841,-6.753171384206091,13.672626074117368,seqgru
37460,2026Q2,8,-0.004172630608081818,0.07126091420650482,0.16160312294960022,-0.11558092385530472,0.2730114161968231,7.386137500787915,-10.915152157330365,31.391524465416044,seqgru
37620,2026Q2,1,-0.005289618857204914,0.012727225199341774,0.031226202845573425,-0.03079335857182741,0.05672994256019592,1.280856102348138,-3.032407240691637,5.836995111866061,seqgru
37620,2026Q2,2,0.0006805714219808578,0.026479050517082214,0.05367192625999451,-0.029838385060429573,0.08419088274240494,2.6832735421501885,-2.9397615280826184,8.783652321059954,seqgru
37620,2026Q2,4,0.013145716860890388,0.0533299520611763,0.09902434051036835,-0.04341997765004635,0.15559003502130508,5.477761375745627,-4.24908268405545,16.83471234900602,seqgru
37620,2026Q2,8,0.04595882445573807,0.11473648250102997,0.20501132309436798,-0.06544946879148483,0.3164196163415909,12.157784323835873,-6.335362456286764,37.2205934869686,seqgru
37860,2026Q2,1,-0.009446651674807072,0.008757026866078377,0.02699204906821251,-0.03495039138942957,0.05249578878283501,0.8795481794161786,-3.434668021116971,5.389812387532289,seqgru
37860,2026Q2,2,-0.009033489972352982,0.017217453569173813,0.04362012445926666,-0.03955244645476341,0.0741390809416771,1.7366528256086644,-3.878045988853296,7.6956579215826215,seqgru
37860,2026Q2,4,-0.009118098765611649,0.032638221979141235,0.07623793184757233,-0.06568379327654839,0.13280362635850906,3.3176691001876923,-6.357307802981415,14.202571256185625,seqgru
37860,2026Q2,8,0.0025236979126930237,0.07587039470672607,0.16459199786186218,-0.10888459533452988,0.2760002911090851,7.882274395799138,-10.316608965625251,31.78482476648452,seqgru
37900,2026Q2,1,-0.003410467877984047,0.014509269036352634,0.03322829678654671,-0.028914207592606544,0.058732036501169205,1.4615039411497666,-2.850019180124841,6.049102977595999,seqgru
37900,2026Q2,2,0.0041681379079818726,0.02996920421719551,0.057823557406663895,-0.02635081857442856,0.08834251388907433,3.042280078812576,-2.6006665287915065,9.23622071877206,seqgru
37900,2026Q2,4,0.02014544978737831,0.06067722663283348,0.1078091412782669,-0.036420244723558426,0.16437483578920364,6.255589408755968,-3.576500634182378,17.865603476637038,seqgru
37900,2026Q2,8,0.05479475483298302,0.12611612677574158,0.220651775598526,-0.05661353841423988,0.3320600688457489,13.441389646244527,-5.504081076367207,39.383657215195214,seqgru
37964,2026Q2,1,-0.0075862230733036995,0.010479067452251911,0.028775997459888458,-0.0330899627879262,0.054279737174510956,1.0534165168967657,-3.2548478962040606,5.577990173663627,seqgru
37964,2026Q2,2,-0.004089789465069771,0.021796846762299538,0.04852239415049553,-0.0346087459474802,0.07904135063290596,2.2036133429108817,-3.4016712793237924,8.224907282919558,seqgru
37964,2026Q2,4,0.004636067897081375,0.04470960795879364,0.08929778635501862,-0.05192962661385536,0.14586348086595535,4.572414584352735,-5.060432331939612,15.703821941240005,seqgru
37964,2026Q2,8,0.03223208338022232,0.10022343695163727,0.18880388140678406,-0.07917620986700058,0.30021217465400696,10.541788168599119,-7.612288616226392,35.014524378763625,seqgru
38060,2026Q2,1,-0.013621288351714611,0.004829243291169405,0.022736310958862305,-0.03912502806633711,0.0482400506734848,0.4840922880175569,-3.8369529168357563,4.942253967817645,seqgru
38060,2026Q2,2,-0.017495863139629364,0.00911725964397192,0.03463555872440338,-0.048014819622039795,0.06515451520681381,0.9158948455266991,-4.688033790030943,6.732392942138854,seqgru
38060,2026Q2,4,-0.02491341158747673,0.017057308927178383,0.05865310877561569,-0.08147910609841347,0.11521880328655243,1.720361550279148,-7.8248031352389,12.211893402391084,seqgru
38060,2026Q2,8,-0.023096434772014618,0.049058374017477036,0.13416939973831177,-0.13450472801923752,0.24557769298553467,5.028165811049834,-12.58512541252853,27.835959930651356,seqgru
38240,2026Q2,1,-0.01139796618372202,0.0068611567839980125,0.024958375841379166,-0.03690170589834452,0.05046211555600166,0.6884748444702549,-3.6229136315393484,5.175701737041227,seqgru
38240,2026Q2,2,-0.014173068106174469,0.012370538897812366,0.038420140743255615,-0.0446920245885849,0.06893909722566605,1.2447370503377408,-4.370804910683324,7.137095769770463,seqgru
38240,2026Q2,4,-0.021555159240961075,0.021621376276016235,0.06437727808952332,-0.07812085375189781,0.12094297260046005,2.185681198504752,-7.514735212320889,12.856055165871494,seqgru
38240,2026Q2,8,-0.022919297218322754,0.05645409971475601,0.14749254286289215,-0.13432759046554565,0.25890083611011505,5.807804760141511,-12.569639583967419,29.550533111017717,seqgru
38300,2026Q2,1,-0.008972310461103916,0.00928422249853611,0.027541201561689377,-0.034476050175726414,0.053044941276311874,0.932745458075046,-3.388852239046669,5.4477033598230085,seqgru
38300,2026Q2,2,-0.007219608873128891,0.019060317426919937,0.04564358666539192,-0.03773856535553932,0.07616254314780235,1.9243124886043184,-3.7035339690726365,7.913796638446446,seqgru
38300,2026Q2,4,-0.0026183873414993286,0.03829647973179817,0.08215542137622833,-0.059184081852436066,0.13872111588716507,3.9039241292701865,-5.746675007990943,14.88036722316226,seqgru
38300,2026Q2,8,0.017436161637306213,0.08716636151075363,0.174859419465065,-0.09397213160991669,0.2862677127122879,9.107817803474028,-8.969186929064133,33.144885332781236,seqgru
38340,2026Q2,1,-0.0068810200318694115,0.011312917806208134,0.02981226146221161,-0.03238475974649191,0.055316001176834106,1.1377150853389972,-3.1865988588104965,5.687453551001442,seqgru
38340,2026Q2,2,-0.002512555569410324,0.02357379160821438,0.05065891891717911,-0.033031512051820755,0.08117787539958954,2.3853849781304337,-3.2491929055813884,8.45637966288697,seqgru
38340,2026Q2,4,0.00751548632979393,0.047928985208272934,0.09315025806427002,-0.04905020818114281,0.14971595257520676,4.90961513343704,-4.786667638399756,16.15042735692631,seqgru
38340,2026Q2,8,0.03538193553686142,0.10412965714931488,0.1938638985157013,-0.07602635771036148,0.3052721917629242,10.97443318745821,-7.320822187180842,35.69943154170374,seqgru
38540,2026Q2,1,-0.010127772577106953,0.008126813918352127,0.02634470909833908,-0.03563151229172945,0.05184844881296158,0.8159926108673554,-3.500418292681229,5.321611426542017,seqgru
38540,2026Q2,2,-0.010565092787146568,0.0159114021807909,0.04237482696771622,-0.041084049269557,0.07289378345012665,1.603866260850273,-4.025153959931693,7.561628259643616,seqgru
38540,2026Q2,4,-0.011341158300638199,0.030704069882631302,0.07434622943401337,-0.06790685281157494,0.1309119239449501,3.118030142182149,-6.565249863328204,13.986738186838664,seqgru
38540,2026Q2,8,-0.0028402507305145264,0.07128963619470596,0.161095529794693,-0.11424854397773743,0.2725038230419159,7.389221888456854,-10.796378190217759,31.324847950687417,seqgru
38860,2026Q2,1,-0.006083260290324688,0.011936626397073269,0.030410677194595337,-0.031587000004947186,0.055914416909217834,1.2008152231016256,-3.109334209722525,5.750717513109138,seqgru
38860,2026Q2,2,-0.002256058156490326,0.023909572511911392,0.05119813606142998,-0.03277501463890076,0.08171709254384041,2.419769807785288,-3.2243733909291805,8.514876972163243,seqgru
38860,2026Q2,4,0.004893850535154343,0.046834796667099,0.09279567003250122,-0.051671843975782394,0.14936136454343796,4.794887013242821,-5.035955405000781,16.10924910658953,seqgru
38860,2026Q2,8,0.023453738540410995,0.09984435141086578,0.19508269429206848,-0.0879545547068119,0.3064909875392914,10.499891316800491,-8.419750530947834,35.86492226493358,seqgru
38900,2026Q2,1,-0.01269830297678709,0.005850863177329302,0.02393624372780323,-0.03820204269140959,0.04943998344242573,0.5868012907884079,-3.7481548574183843,5.068253197384154,seqgru
38900,2026Q2,2,-0.014794960618019104,0.011758559383451939,0.03758130967617035,-0.045313917100429535,0.06810026615858078,1.1827963004942932,-4.430257502546153,7.04726352770666,seqgru
38900,2026Q2,4,-0.018411744385957718,0.022802121937274933,0.06471846252679825,-0.07497743889689445,0.12128415703773499,2.306407757877227,-7.223558251888251,12.894566464900702,seqgru
38900,2026Q2,8,-0.008047923445701599,0.06059200316667557,0.14385376870632172,-0.1194562166929245,0.2552620619535446,6.246534324986208,-11.259713959956642,29.079984608227406,seqgru
38940,2026Q2,1,-0.014536635018885136,0.003898658324033022,0.021687224507331848,-0.04004037473350763,0.047190964221954346,0.390626797833038,-3.924935168214949,4.832218199595695,seqgru
38940,2026Q2,2,-0.020067356526851654,0.0064780982211232185,0.03166534751653671,-0.050586313009262085,0.062184303998947144,0.6499126482595319,-4.932813021889871,6.415845531432374,seqgru
38940,2026Q2,4,-0.030896183103322983,0.011560682207345963,0.05256008729338646,-0.08746187761425972,0.1091257818043232,1.1627765152864455,-8.374619923408844,11.53026262958834,seqgru
38940,2026Q2,8,-0.03062041848897934,0.044174786657094955,0.13103415071964264,-0.14202871173620224,0.24244244396686554,4.516501982420973,-13.240365406911126,27.435790006707506,seqgru
39150,2026Q2,1,-0.010600323788821697,0.007766110822558403,0.025993697345256805,-0.036104063503444195,0.0514974370598793,0.7796345278578531,-3.5460085142413944,5.2846487906170525,seqgru
39150,2026Q2,2,-0.011719558387994766,0.01491351518779993,0.041296713054180145,-0.0422385148704052,0.07181566953659058,1.502527654918584,-4.135889685639638,7.445727060228413,seqgru
39150,2026Q2,4,-0.014701426029205322,0.027910325676202774,0.07139518857002258,-0.07126712054014206,0.12796088308095932,2.8303467868618926,-6.878688724763493,13.650854511479583,seqgru
39150,2026Q2,8,-0.00876551866531372,0.06718507409095764,0.15750327706336975,-0.12017381191253662,0.26891157031059265,6.949339537729671,-11.323370722380144,30.8539422195369,seqgru
39300,2026Q2,1,-0.0061202021315693855,0.01189617719501257,0.030382562428712845,-0.03162394184619188,0.05588630214333534,1.1967218136661018,-3.112913463203726,5.747744398238752,seqgru
39300,2026Q2,2,-0.0013158973306417465,0.024415992200374603,0.05146782845258713,-0.03183485381305218,0.08198678493499756,2.4716503312542937,-3.13334595438437,8.544146555524534,seqgru
39300,2026Q2,4,0.007970862090587616,0.04815617948770523,0.09310823678970337,-0.04859483242034912,0.1496739313006401,4.933452705630281,-4.743299921183697,16.145546670474364,seqgru
39300,2026Q2,8,0.03714447841048241,0.10581102222204208,0.19418829679489136,-0.0742638148367405,0.30559659004211426,11.161178673059835,-7.157327121587997,35.74345934466858,seqgru
39340,2026Q2,1,-0.01021526288241148,0.007992470636963844,0.026142511516809464,-0.03571900259703398,0.05164625123143196,0.8024495693322864,-3.5088607012267237,5.300317804260768,seqgru
39340,2026Q2,2,-0.010725568979978561,0.015460328198969364,0.04170352965593338,-0.04124452546238899,0.07222248613834381,1.5580457353278954,-4.04055440209663,7.489446658110133,seqgru
39340,2026Q2,4,-0.011552270501852036,0.030033688992261887,0.07335372269153595,-0.06811796501278877,0.1299194172024727,3.048924951310017,-6.584972997129068,13.87366170450315,seqgru
39340,2026Q2,8,-0.0016036629676818848,0.07240913063287735,0.16264119744300842,-0.11301195621490479,0.2740494906902313,7.509510843925993,-10.686001852138105,31.527989473781282,seqgru
39380,2026Q2,1,-0.017307613044977188,0.0015288451686501503,0.0192129984498024,-0.042811352759599686,0.044716738164424896,0.15300144482315314,-4.190788554664271,4.573160209830296,seqgru
39380,2026Q2,2,-0.023817554116249084,0.003103705123066902,0.02799147367477417,-0.054336510598659515,0.0585104301571846,0.3108526602672246,-5.288666080625292,6.025604427412357,seqgru
39380,2026Q2,4,-0.03419889137148857,0.006812691688537598,0.04651310294866562,-0.09076458588242531,0.10307879745960236,0.6835950861750817,-8.676732654037478,10.857875882445732,seqgru
39380,2026Q2,8,-0.031240254640579224,0.033197127282619476,0.11048521101474762,-0.14264854788780212,0.22189350426197052,3.3754300333331377,-13.2941255019851,24.84384174139016,seqgru
39460,2026Q2,1,-0.018418055027723312,0.00021129194647073746,0.0177262295037508,-0.04392179474234581,0.0432299692183733,0.021131427018628024,-4.297120076967465,4.41779960392048,seqgru
39460,2026Q2,2,-0.029145125299692154,-0.0021352972835302353,0.02230553887784481,-0.059664081782102585,0.05282449536025524,-0.2133019158065852,-5.791905741115155,5.424460406261011,seqgru
39460,2026Q2,4,-0.051393356174230576,-0.007344484329223633,0.031953830271959305,-0.10795905068516731,0.08851952478289604,-0.731757951182288,-10.233564558191432,9.255558431281585,seqgru
39460,2026Q2,8,-0.06972763687372208,0.010197043418884277,0.096995510160923,-0.18113593012094498,0.2084038034081459,1.024921043178173,-16.567805849485783,23.171043801547953,seqgru
39540,2026Q2,1,-0.002907578833401203,0.014944987371563911,0.03370160982012749,-0.0284113185480237,0.059205349534749985,1.5057222113910251,-2.8011512325412324,6.099309280946441,seqgru
39540,2026Q2,2,0.004782281816005707,0.030520284548401833,0.05846661329269409,-0.025736674666404724,0.08898556977510452,3.099080301952073,-2.540830949547035,9.30648830404368,seqgru
39540,2026Q2,4,0.019764073193073273,0.06062931567430496,0.10804259777069092,-0.036801621317863464,0.16460829228162766,6.250498723569176,-3.6132672885651362,17.89312317920375,seqgru
39540,2026Q2,8,0.05206410586833954,0.12556976079940796,0.22166025638580322,-0.05934418737888336,0.3330685496330261,13.379426059572985,-5.7617642782381795,39.52429385831411,seqgru
39580,2026Q2,1,-0.01292955968528986,0.005395457614213228,0.023336023092269897,-0.03843329939991236,0.048839762806892395,0.5410039308822778,-3.77041116875354,5.00520798608679,seqgru
39580,2026Q2,2,-0.01709149032831192,0.009483149275183678,0.035130199044942856,-0.04761044681072235,0.06564915552735329,0.9528256809679947,-4.6494844286709025,6.785200146405224,seqgru
39580,2026Q2,4,-0.026520948857069016,0.016403524205088615,0.05838911235332489,-0.08308664336800575,0.11495480686426163,1.6538800666293207,-7.97285916485464,12.182273773904374,seqgru
39580,2026Q2,8,-0.02937011420726776,0.048012278974056244,0.1369355320930481,-0.14077840745449066,0.248343825340271,4.9183538142821615,-13.131821622060368,28.19006063443801,seqgru
39660,2026Q2,1,-0.010235034860670567,0.008008511736989021,0.026168953627347946,-0.035738774575293064,0.051672693341970444,0.8040665644777567,-3.5107685030745683,5.303102203716437,seqgru
39660,2026Q2,2,-0.010370597243309021,0.015969611704349518,0.042297810316085815,-0.04088955372571945,0.07281676679849625,1.6097807456350255,-4.006485464645692,7.5533445421873235,seqgru
39660,2026Q2,4,-0.00991356372833252,0.031567275524139404,0.07521989941596985,-0.06647925823926926,0.13178559392690659,3.207080636457116,-6.43176766460718,14.086368494000666,seqgru
39660,2026Q2,8,0.0025447681546211243,0.0744236558675766,0.16323676705360413,-0.10886352509260178,0.274645060300827,7.726309766621764,-10.314719294971386,31.606346878583015,seqgru
39740,2026Q2,1,-0.004101766273379326,0.013819598592817783,0.03249572217464447,-0.029605505988001823,0.05799946188926697,1.3915530650234986,-2.917155597655774,5.971442546642791,seqgru
39740,2026Q2,2,0.0027581676840782166,0.028476115316152573,0.05607789009809494,-0.027760788798332214,0.08659684658050537,2.888543593769066,-2.7378999185821207,9.045696963280193,seqgru
39740,2026Q2,4,0.016900844871997833,0.05726078152656555,0.10379025340080261,-0.039664849638938904,0.16035594791173935,5.893192427497729,-3.888849795350824,17.3928654085842,seqgru
39740,2026Q2,8,0.0503377765417099,0.12135286629199982,0.21466925740242004,-0.061070516705513,0.32607755064964294,12.90232363286461,-5.924310164021285,38.55228129007892,seqgru
39820,2026Q2,1,-0.013188558630645275,0.005404879804700613,0.02348165772855282,-0.03869229834526777,0.048985397443175316,0.5419512518360259,-3.7953313034892022,5.020501494964913,seqgru
39820,2026Q2,2,-0.016260042786598206,0.010552163235843182,0.03643117845058441,-0.046778999269008636,0.06695013493299484,1.0608033655320925,-4.570172509616988,6.924215901332564,seqgru
39820,2026Q2,4,-0.022631075233221054,0.019393224269151688,0.06113476678729057,-0.07919676974415779,0.11770046129822731,1.9582494382294868,-7.614188076696871,12.490710768238888,seqgru
39820,2026Q2,8,-0.01797027885913849,0.05209548771381378,0.13478168845176697,-0.1293785721063614,0.24618998169898987,5.34763317572462,-12.135872650205226,27.914256413670934,seqgru
39900,2026Q2,1,-0.00924678985029459,0.008948327042162418,0.027177780866622925,-0.03475052956491709,0.05268152058124542,0.8988483007456249,-3.415366368915551,5.409388444813046,seqgru
39900,2026Q2,2,-0.008447099477052689,0.017758583649992943,0.044191718101501465,-0.03896605595946312,0.0747106745839119,1.7917204868146852,-3.82166445945058,7.757233671423958,seqgru
39900,2026Q2,4,-0.007179267704486847,0.03434976562857628,0.07808792591094971,-0.06374496221542358,0.13465362042188644,3.4946532154252807,-6.17557432437491,14.414040883497048,seqgru
39900,2026Q2,8,0.0076113492250442505,0.08026299625635147,0.1693165898323059,-0.10379694402217865,0.2807248830795288,8.357200558547051,-9.859168481399328,32.40892744573356,seqgru
40060,2026Q2,1,-0.007926165126264095,0.010175038129091263,0.02850976213812828,-0.03342990484088659,0.05401350185275078,1.0226979849739193,-3.287730052493687,5.549885324896686,seqgru
40060,2026Q2,2,-0.005875192582607269,0.020250050351023674,0.046996112912893295,-0.0363941490650177,0.07751506939530373,2.045647362673808,-3.5739843666359405,8.059851630207238,seqgru
40060,2026Q2,4,-0.002193775027990341,0.03940686956048012,0.08404233306646347,-0.05875946953892708,0.1406080275774002,4.019362068479304,-5.706645387676756,15.097340971828821,seqgru
40060,2026Q2,8,0.014130964875221252,0.08845126628875732,0.18037107586860657,-0.09727732837200165,0.29177936911582947,9.248101065903946,-9.269564999910296,33.880760274653944,seqgru
40140,2026Q2,1,-0.012644684873521328,0.005884862970560789,0.0240136981010437,-0.038148424588143826,0.0495174378156662,0.5902212793732264,-3.7429938776862737,5.076391508252831,seqgru
40140,2026Q2,2,-0.015040047466754913,0.0115888062864542,0.03751816600561142,-0.045559003949165344,0.06803712248802185,1.1656216652244034,-4.453677519483035,7.040504383965063,seqgru
40140,2026Q2,4,-0.019890189170837402,0.02178938128054142,0.06393061578273773,-0.07645588368177414,0.12049631029367447,2.2028503465479243,-7.360621752975149,12.80565787605914,seqgru
40140,2026Q2,8,-0.012716792523860931,0.05741547793149948,0.14144515991210938,-0.12412508577108383,0.2528534531593323,5.90957499080238,-11.673065045521469,28.769455543786137,seqgru
40220,2026Q2,1,-0.007762216962873936,0.010471482761204243,0.02900834009051323,-0.03326595667749643,0.05451207980513573,1.0526500608598388,-3.2718729536228897,5.602523291570871,seqgru
40220,2026Q2,2,-0.00491071492433548,0.021267645061016083,0.04824156314134598,-0.03542967140674591,0.07876051962375641,2.1495413256161777,-3.4809387658925495,8.194518640228509,seqgru
40220,2026Q2,4,0.0006318949162960052,0.04167039319872856,0.0863339826464653,-0.05593379959464073,0.14289967715740204,4.255079028169861,-5.439826696356942,15.36140620184796,seqgru
40220,2026Q2,8,0.021286368370056152,0.09203708171844482,0.18112388253211975,-0.09012192487716675,0.29253217577934265,9.640547792625176,-8.618023888344862,33.9815845489361,seqgru
40340,2026Q2,1,-0.007432759739458561,0.010699234902858734,0.029111675918102264,-0.03293649945408106,0.05461541563272476,1.0756676393829823,-3.2399999233482912,5.613436379557468,seqgru
40340,2026Q2,2,-0.0042610447853803635,0.021785542368888855,0.04869765415787697,-0.034780001267790794,0.0792166106402874,2.2024579995878923,-3.418212840594703,8.243876443187848,seqgru
40340,2026Q2,4,0.0024768710136413574,0.04332444816827774,0.08804130554199219,-0.05408882349729538,0.14460700005292892,4.427665354023902,-5.265204399402512,15.558533604095427,seqgru
40340,2026Q2,8,0.025232121348381042,0.09588128328323364,0.18558356165885925,-0.08617617189884186,0.29699185490608215,10.062839324850525,-8.256740885929148,34.580433770072986,seqgru
40380,2026Q2,1,-0.004865441471338272,0.013148569501936436,0.031766463071107864,-0.03036918118596077,0.05727020278573036,1.323539205538471,-2.991267055930047,5.894190079406925,seqgru
40380,2026Q2,2,0.001232437789440155,0.027120359241962433,0.05458002910017967,-0.029286518692970276,0.0850989855825901,2.749146341514841,-2.886182463970466,8.882483932540186,seqgru
40380,2026Q2,4,0.013182412832975388,0.05379946529865265,0.09978792071342468,-0.04338328167796135,0.15635361522436142,5.527296208690835,-4.245568946596901,16.923959091572094,seqgru
40380,2026Q2,8,0.04220878332853317,0.1129763051867485,0.20445901155471802,-0.06919950991868973,0.3158673048019409,11.960540379332718,-6.6859509277922164,37.1448258952918,seqgru
40420,2026Q2,1,-0.007852266542613506,0.010272717103362083,0.028605394065380096,-0.033356006257236004,0.054109133780002594,1.0325662604448338,-3.280582888643535,5.559979746518318,seqgru
40420,2026Q2,2,-0.004880350083112717,0.021085616201162338,0.04781532287597656,-0.03539930656552315,0.078334279358387,2.1309488533087118,-3.4780079354263305,8.148411606926897,seqgru
40420,2026Q2,4,0.002299439162015915,0.04269975423812866,0.08699987083673477,-0.05426625534892082,0.1435655653476715,4.362450397152262,-5.282011878464122,15.43824958156077,seqgru
40420,2026Q2,8,0.02834608405828476,0.09695252031087875,0.18514195084571838,-0.08306220918893814,0.2965502440929413,10.180805887496991,-7.970610529744738,34.52101471629692,seqgru
40484,2026Q2,1,-0.005207927897572517,0.01279036421328783,0.03144706040620804,-0.030711667612195015,0.056950800120830536,1.2872510776181345,-3.024485541424682,5.8603725938831674,seqgru
40484,2026Q2,2,-0.0002790279686450958,0.025799479335546494,0.05332544445991516,-0.030797984451055527,0.08384440094232559,2.6135166536953136,-3.03285580002729,8.74596729434951,seqgru
40484,2026Q2,4,0.009397294372320175,0.05098581314086914,0.09725065529346466,-0.04716840013861656,0.1538163498044014,5.2307964232455095,-4.60732573321001,16.627668016906362,seqgru
40484,2026Q2,8,0.034796956926584244,0.10966675728559494,0.20469872653484344,-0.07661133632063866,0.31610701978206635,11.590614089949058,-7.3750216695049,37.17770550521566,seqgru
40580,2026Q2,1,-0.012986334972083569,0.005491891875863075,0.02355118654668331,-0.038490074686706066,0.04905492626130581,0.550699995870807,-3.775874476165586,5.027803700167244,seqgru
40580,2026Q2,2,-0.015982341021299362,0.010621905326843262,0.03642195463180542,-0.04650129750370979,0.06694091111421585,1.0678518030604822,-4.543667798028473,6.923229656290464,seqgru
40580,2026Q2,4,-0.021912377327680588,0.019814832136034966,0.06164155900478363,-0.07847807183861732,0.11820725351572037,2.0012449012621225,-7.547766721580573,12.54773463340153,seqgru
40580,2026Q2,8,-0.016251124441623688,0.05440506339073181,0.1383124738931656,-0.1276594176888466,0.2497207671403885,5.591222692861764,-11.984690732234426,28.36669246525334,seqgru
40660,2026Q2,1,-0.013964029960334301,0.00459789764136076,0.022462856024503708,-0.0394677696749568,0.047966595739126205,0.4608484191793938,-3.8699063467044437,4.913560913954806,seqgru
40660,2026Q2,2,-0.017275501042604446,0.00929615180939436,0.03468852862715721,-0.04779445752501488,0.06520748510956764,0.9339495233532169,-4.667028330966838,6.738046696351763,seqgru
40660,2026Q2,4,-0.022105079144239426,0.018946105614304543,0.06021581590175629,-0.07867077365517616,0.11678151041269302,1.9126721928677037,-7.565580718428344,12.387384812974389,seqgru
40660,2026Q2,8,-0.012410201132297516,0.054984647780656815,0.13728228211402893,-0.12381849437952042,0.24869057536125183,5.652439455674063,-11.645980615906915,28.234518248046303,seqgru
40900,2026Q2,1,-0.013804624788463116,0.004772873129695654,0.022731732577085495,-0.03930836450308561,0.04823547229170799,0.4784281431556181,-3.8545814912054777,4.941773503214342,seqgru
40900,2026Q2,2,-0.01743759959936142,0.009266999550163746,0.0348769836127758,-0.04795655608177185,0.06539594009518623,0.9310071135806952,-4.682480415671597,6.758163908941839,seqgru
40900,2026Q2,4,-0.02439882978796959,0.017336666584014893,0.05871478468179703,-0.08096452429890633,0.11528047919273376,1.74878188166816,-7.777359250733484,12.218814386027766,seqgru
40900,2026Q2,8,-0.02067381888628006,0.049336932599544525,0.13225996494293213,-0.13208211213350296,0.24366825819015503,5.057426383197838,-12.373096019516783,27.592098393603127,seqgru
40980,2026Q2,1,-0.005690888501703739,0.01231986004859209,0.03077036142349243,-0.031194628216326237,0.05627410113811493,1.2396062135879626,-3.071309586478843,5.788761219843663,seqgru
40980,2026Q2,2,-0.00038867630064487457,0.02550336718559265,0.052663471549749374,-0.030907632783055305,0.0831824280321598,2.583136042920642,-3.0434875027627095,8.674004231337884,seqgru
40980,2026Q2,4,0.01085970364511013,0.051350463181734085,0.09687458723783493,-0.04570599086582661,0.15344028174877167,5.269175834563189,-4.46772054672685,16.583816322690126,seqgru
40980,2026Q2,8,0.04054446890950203,0.11065857857465744,0.20157462358474731,-0.07086382433772087,0.3129829168319702,11.701346941185253,-6.841125679554095,36.749816962705026,seqgru
41060,2026Q2,1,-0.008784889243543148,0.009377101436257362,0.02760561928153038,-0.034288628958165646,0.05310935899615288,0.942120419615966,-3.370743563181333,5.454496279225762,seqgru
41060,2026Q2,2,-0.0068465229123830795,0.019221536815166473,0.04567612707614899,-0.03736547939479351,0.07619508355855942,1.9407459885749878,-3.6676004067900614,7.917308254849842,seqgru
41060,2026Q2,4,-0.0023620352149009705,0.03828627988696098,0.0820523276925087,-0.05892772972583771,0.13861802220344543,3.902864330770983,-5.7225098704304145,14.868524393389126,seqgru
41060,2026Q2,8,0.017786353826522827,0.08687450736761093,0.17379525303840637,-0.09362193942070007,0.2852035462856293,9.07597888118552,-8.937303066934742,33.003272379168315,seqgru
41100,2026Q2,1,-0.01387013215571642,0.00447784224525094,0.022297559306025505,-0.03937387187033892,0.047801299020648,0.44878827618601846,-3.860879518159621,4.896220479809776,seqgru
41100,2026Q2,2,-0.019400548189878464,0.007186879403889179,0.032537613064050674,-0.049919504672288895,0.0630565695464611,0.7212767001526066,-4.869400289320525,6.508708902070515,seqgru
41100,2026Q2,4,-0.03226037696003914,0.011023983359336853,0.05240505561232567,-0.08882607147097588,0.1089707501232624,1.1084971368121588,-8.499529484229207,11.512973245719472,seqgru
41100,2026Q2,8,-0.03988286852836609,0.03898441791534424,0.12779337167739868,-0.151291161775589,0.23920166492462158,3.9754281984687223,-14.040261968013779,27.023467253563837,seqgru
41140,2026Q2,1,-0.0071322983130812645,0.010975425131618977,0.02942640334367752,-0.03263603802770376,0.05493014305830002,1.1035876065839778,-3.2109229076669465,5.646681055726632,seqgru
41140,2026Q2,2,-0.003190940245985985,0.022698869928717613,0.04959725961089134,-0.033709896728396416,0.08011621609330177,2.2958449611123033,-3.314804912954128,8.34129703817068,seqgru
41140,2026Q2,4,0.005215588957071304,0.04539430886507034,0.09002608060836792,-0.05135010555386543,0.14659177511930466,4.6440399295613055,-5.005396907496163,15.788119062678895,seqgru
41140,2026Q2,8,0.03339081257581711,0.101412832736969,0.18913160264492035,-0.07801748067140579,0.30053989589214325,10.673344326210632,-7.505174231434153,35.05877875701315,seqgru
41180,2026Q2,1,-0.007167587988078594,0.010952896438539028,0.029358036816120148,-0.03267132770270109,0.054861776530742645,1.1013099005464655,-3.2143385024728577,5.639458605884595,seqgru
41180,2026Q2,2,-0.0034663937985897064,0.022553900256752968,0.04949536919593811,-0.03398535028100014,0.08001432567834854,2.2810162409082624,-3.341433525783666,8.330258660820867,seqgru
41180,2026Q2,4,0.004870109260082245,0.04541205242276192,0.09015583992004395,-0.05169558525085449,0.14672153443098068,4.6458967035937215,-5.038209945742533,15.803144624140897,seqgru
41180,2026Q2,8,0.029950492084026337,0.0996297150850296,0.18892785906791687,-0.08145780116319656,0.30033615231513977,10.476176571236916,-7.822839327721775,35.031264201375656,seqgru
41304,2026Q2,1,-0.014338352717459202,0.004371681250631809,0.022348299622535706,-0.0398420924320817,0.0478520393371582,0.43812509893108587,-3.9058832944881883,4.901543082271775,seqgru
41304,2026Q2,2,-0.017806541174650192,0.009052722714841366,0.034619949758052826,-0.04832549765706062,0.06513890624046326,0.9093822537264984,-4.717640525087752,6.730726972810963,seqgru
41304,2026Q2,4,-0.024778295308351517,0.016552498564124107,0.05796700716018677,-0.08134398981928825,0.1145327016711235,1.669025016332304,-7.8123479241789635,12.134931046074925,seqgru
41304,2026Q2,8,-0.022620931267738342,0.04413149133324623,0.12403912842273712,-0.13402922451496124,0.23544742166996002,4.5119770045759955,-12.543549449361603,26.547484295403855,seqgru
41420,2026Q2,1,-0.011588134802877903,0.006761900149285793,0.024802150204777718,-0.0370918745175004,0.050305889919400215,0.6784813412718416,-3.641239786387296,5.159271879498228,seqgru
41420,2026Q2,2,-0.012844815850257874,0.013535844162106514,0.03950254246592522,-0.043363772332668304,0.07002149894833565,1.3627868440689417,-4.24370082211526,7.253123930005589,seqgru
41420,2026Q2,4,-0.013998199254274368,0.027132848277688026,0.06954017281532288,-0.0705638937652111,0.1261058673262596,2.750429587287506,-6.813180294416609,13.440225806008478,seqgru
41420,2026Q2,8,-0.001392647624015808,0.06783460080623627,0.15302254259586334,-0.11280094087123871,0.26443083584308624,7.01882855598468,-10.667153239521443,30.268932066771903,seqgru
41500,2026Q2,1,-0.011657326482236385,0.006796998903155327,0.024934299290180206,-0.03716106619685888,0.050438039004802704,0.6820150925231694,-3.6479067801744702,5.173169499357355,seqgru
41500,2026Q2,2,-0.012622088193893433,0.013901244848966599,0.04001317545771599,-0.043141044676303864,0.07053213194012642,1.3998316436892422,-4.222370870720371,7.307904898851536,seqgru
41500,2026Q2,4,-0.014075048267841339,0.027029486373066902,0.06942197680473328,-0.07064074277877808,0.12598767131567,2.739809656042347,-6.820341334425473,13.426818416243425,seqgru
41500,2026Q2,8,-0.002836965024471283,0.06519539654254913,0.1480865180492401,-0.11424525827169418,0.259494811296463,6.736756394119814,-10.796085092856988,29.627505770725726,seqgru
41540,2026Q2,1,-0.011943393386900425,0.006568080745637417,0.024730155244469643,-0.03744713310152292,0.05023389495909214,0.6589697889778368,-3.6754659831638836,5.151701214421389,seqgru
41540,2026Q2,2,-0.013397138565778732,0.013131718151271343,0.03919751197099686,-0.04391609504818916,0.06971646845340729,1.3218317814349456,-4.296574598267466,7.220413445631846,seqgru
41540,2026Q2,4,-0.015703897923231125,0.025642763823270798,0.06804720312356949,-0.07226959243416786,0.12461289763450623,2.5974367838819568,-6.971993446557279,13.2709893509386,seqgru
41540,2026Q2,8,-0.0040388405323028564,0.06482011824846268,0.149049311876297,-0.11544713377952576,0.2604576051235199,6.696707921395184,-10.903232691451404,29.752370432916052,seqgru
41620,2026Q2,1,-0.011698287911713123,0.006696127820760012,0.0247875414788723,-0.03720202762633562,0.0502912811934948,0.6718597008843252,-3.6518534188152985,5.157735647740158,seqgru
41620,2026Q2,2,-0.012929778546094894,0.013493788428604603,0.03951595723628998,-0.043448735028505325,0.07003491371870041,1.3585240473565685,-4.251836189830504,7.254562715684476,seqgru
41620,2026Q2,4,-0.014325540512800217,0.026796091347932816,0.06945034116506577,-0.07089123502373695,0.1260160356760025,2.715833493652764,-6.843679193210761,13.430035741020795,seqgru
41620,2026Q2,8,-0.003732629120349884,0.06593061983585358,0.15160870552062988,-0.11514092236757278,0.2630169987678528,6.815260599196327,-10.875946067008712,30.084883159107978,seqgru
41660,2026Q2,1,-0.009554238058626652,0.008778787218034267,0.02705446630716324,-0.03505797777324915,0.052558206021785736,0.8817433777737582,-3.445056577143313,5.396390733934009,seqgru
41660,2026Q2,2,-0.008460788056254387,0.01789128966629505,0.04441056400537491,-0.03897974453866482,0.07492952048778534,1.8052297568939224,-3.82298099520334,7.780818481251051,seqgru
41660,2026Q2,4,-0.006033558398485184,0.0351528599858284,0.07878606766462326,-0.06259925290942192,0.13535176217556,3.5778025713486317,-6.068017203916565,14.493945991945111,seqgru
41660,2026Q2,8,0.010180771350860596,0.08047404140233994,0.16747289896011353,-0.1012275218963623,0.2788811922073364,8.38007123304536,-9.62726082771418,32.16503121851662,seqgru
41700,2026Q2,1,-0.01630992814898491,0.0022777384147047997,0.019855596125125885,-0.04181366786360741,0.04535933583974838,0.22803344314892282,-4.095153452592637,4.640380274898037,seqgru
41700,2026Q2,2,-0.02261018380522728,0.004025774076581001,0.028804408386349678,-0.05312914028763771,0.05932336486876011,0.4033888390182705,-5.174245367747588,6.111831365253906,seqgru
41700,2026Q2,4,-0.03330475464463234,0.008065100759267807,0.04767690598964691,-0.08987044915556908,0.10424260050058365,0.8097711294527299,-8.595040650219088,10.986967719680262,seqgru
41700,2026Q2,8,-0.030438944697380066,0.03745552524924278,0.11728425323963165,-0.14184723794460297,0.22869254648685455,3.8165823888799855,-13.224619378361213,25.695552420343226,seqgru
41740,2026Q2,1,-0.010597367770969868,0.007812789641320705,0.026077628135681152,-0.036101107485592365,0.05158136785030365,0.7843389119496003,-3.545723394099276,5.293485785252394,seqgru
41740,2026Q2,2,-0.010667705908417702,0.015874233096837997,0.04232664033770561,-0.04118666239082813,0.07284559682011604,1.600089808399363,-4.035001733183375,7.556445352133756,seqgru
41740,2026Q2,4,-0.010100051760673523,0.031345099210739136,0.07496584951877594,-0.06666574627161026,0.13153154402971268,3.1841530148460473,-6.4492153931981715,14.05738854514591,seqgru
41740,2026Q2,8,0.0030449703335762024,0.07309093326330185,0.15987397730350494,-0.1083633229136467,0.27128227055072784,7.582836105052504,-10.269847300543432,31.164525696478805,seqgru
41780,2026Q2,1,-0.004543835297226906,0.013477714732289314,0.03212570771574974,-0.030047575011849403,0.05762944743037224,1.3568948543156711,-2.9600634311022667,5.9322388340881105,seqgru
41780,2026Q2,2,0.001968938857316971,0.027859654277563095,0.05544048175215721,-0.02855001762509346,0.08595943823456764,2.8251363613784886,-2.8146316882725286,8.976212473296673,seqgru
41780,2026Q2,4,0.015026262030005455,0.05564643442630768,0.10231178253889084,-0.04153943248093128,0.15887747704982758,5.722381970144608,-4.0688493437053825,17.219431717602628,seqgru
41780,2026Q2,8,0.04623167961835861,0.1172889918088913,0.21044006943702698,-0.06517661362886429,0.3218483626842499,12.444433794358357,-6.3098020893975315,37.96755497974233,seqgru
41884,2026Q2,1,-0.010150264017283916,0.008165523409843445,0.02636956423521042,-0.035654003731906414,0.051873303949832916,0.8198952222090883,-3.502588682842611,5.324229242142486,seqgru
41884,2026Q2,2,-0.009635239839553833,0.016645517200231552,0.042965117841959,-0.040154196321964264,0.07348407432436943,1.6784825702312656,-3.935869962385541,7.62513965047702,seqgru
41884,2026Q2,4,-0.007926315069198608,0.03299546241760254,0.0761294811964035,-0.06449200958013535,0.13269517570734024,3.354584943121197,-6.245639440082962,14.19018658454274,seqgru
41884,2026Q2,8,0.008846268057823181,0.07763320207595825,0.16303062438964844,-0.10256202518939972,0.27443891763687134,8.072617784186598,-9.747783109163166,31.579219991744402,seqgru
41940,2026Q2,1,-0.013086107559502125,0.005427190102636814,0.023371800780296326,-0.03858984727412462,0.04887554049491882,0.5441943977460673,-3.7854745272222545,5.008964896865642,seqgru
41940,2026Q2,2,-0.015417594462633133,0.011182582005858421,0.03690478950738907,-0.045936550945043564,0.0674237459897995,1.1245340792949365,-4.489743937690427,6.974868386065203,seqgru
41940,2026Q2,4,-0.01866687461733818,0.02233732119202614,0.06394274532794952,-0.07523256912827492,0.12050843983888626,2.258866712720131,-7.247225307719008,12.807026165684832,seqgru
41940,2026Q2,8,-0.009944476187229156,0.05725495517253876,0.13886767625808716,-0.12135276943445206,0.25027596950531006,5.892575458066962,-11.427855098062523,28.437981744644205,seqgru
42020,2026Q2,1,-0.0117346728220582,0.006702003069221973,0.02476150169968605,-0.0372384125366807,0.05026524141430855,0.6724511748107176,-3.655358973715539,5.15499739917602,seqgru
42020,2026Q2,2,-0.012996908277273178,0.013630051165819168,0.039627961814403534,-0.04351586475968361,0.07014691829681396,1.3723363783149312,-4.2582635225929195,7.2665763905129355,seqgru
42020,2026Q2,4,-0.014914486557245255,0.026703104376792908,0.06926251202821732,-0.07148018106818199,0.12582820653915405,2.7062827034644688,-6.898527087054552,13.408732276083235,seqgru
42020,2026Q2,8,-0.005456067621707916,0.06500052660703659,0.15019838511943817,-0.11686436086893082,0.26160667836666107,6.715958635779207,-11.029413609032336,29.901551103358592,seqgru
42034,2026Q2,1,-0.011982747353613377,0.006586077623069286,0.02470521256327629,-0.037486487068235874,0.05020895227789879,0.6607813524207362,-3.679256661079622,5.149078481770175,seqgru
42034,2026Q2,2,-0.0126931332051754,0.013924608938395977,0.03997282683849335,-0.04321208968758583,0.07049178332090378,1.402200786100205,-4.22917515175445,7.3035752604052595,seqgru
42034,2026Q2,4,-0.01348797231912613,0.027436723932623863,0.07003174722194672,-0.07005366683006287,0.12659744173288345,2.7816576858624487,-6.765621737205329,13.49600382609668,seqgru
42034,2026Q2,8,-0.0009783804416656494,0.06571641564369202,0.14814519882202148,-0.11238667368888855,0.2595534920692444,6.792382772939765,-10.630137906213122,29.635112636124262,seqgru
42100,2026Q2,1,-0.012694294564425945,0.005939953960478306,0.024146104231476784,-0.03819803427904844,0.04964984394609928,0.5957630468888642,-3.747769039559279,5.0903051877602135,seqgru
42100,2026Q2,2,-0.0143374502658844,0.012338142842054367,0.03837373107671738,-0.04485640674829483,0.06889268755912781,1.2414571733188717,-4.386523352352345,7.132123688259129,seqgru
42100,2026Q2,4,-0.017674211412668228,0.02327907085418701,0.06533920764923096,-0.07423990592360497,0.1219049021601677,2.3552143264452985,-7.155107327650557,12.964666971405748,seqgru
42100,2026Q2,8,-0.008183054625988007,0.057652659714221954,0.13791587948799133,-0.11959134787321091,0.24932417273521423,5.934697791823673,-11.271704729366528,28.315793047090267,seqgru
42140,2026Q2,1,-0.012374254874885082,0.006135761272162199,0.024207301437854767,-0.03787799458950758,0.049711041152477264,0.6154623613898291,-3.7169595755824125,5.096736617645892,seqgru
42140,2026Q2,2,-0.014232650399208069,0.012450014241039753,0.03843875974416733,-0.0447516068816185,0.06895771622657776,1.252783830320836,-4.376502547666883,7.139090574024842,seqgru
42140,2026Q2,4,-0.01673899218440056,0.024747777730226517,0.06721200048923492,-0.0733046866953373,0.12377769500017166,2.505654582801631,-7.0682363834199124,13.176424618093098,seqgru
42140,2026Q2,8,-0.00774683803319931,0.06218559667468071,0.14750148355960846,-0.11915513128042221,0.25890977680683136,6.415983092702482,-11.232991531663894,29.551691388221602,seqgru
42200,2026Q2,1,-0.008098972029983997,0.01016500685364008,0.02859637141227722,-0.033602711744606495,0.05410011112689972,1.021684603546369,-3.3044411564763787,5.559027319736232,seqgru
42200,2026Q2,2,-0.0052478983998298645,0.021003257483243942,0.047910287976264954,-0.035766854882240295,0.07842924445867538,2.122537825666848,-3.513477912271401,8.15868241935782,seqgru
42200,2026Q2,4,0.00013872236013412476,0.041072554886341095,0.08567620813846588,-0.05642697215080261,0.14224190264940262,4.192769974891286,-5.486449681202932,15.285549360724659,seqgru
42200,2026Q2,8,0.019312895834445953,0.08897902071475983,0.17658406496047974,-0.09209539741277695,0.28799235820770264,9.305772451599804,-8.798185877610642,33.37471118660349,seqgru
42220,2026Q2,1,-0.01283902395516634,0.005704818293452263,0.023721374571323395,-0.03834276366978884,0.04922511428594589,0.5721121757354952,-3.761698558273885,5.045679695708305,seqgru
42220,2026Q2,2,-0.015401959419250488,0.011322472244501114,0.03718478977680206,-0.04592091590166092,0.0677037462592125,1.1386814040131865,-4.488250619019385,7.004825571848028,seqgru
42220,2026Q2,4,-0.020183727145195007,0.02157147228717804,0.06348311901092529,-0.07674942165613174,0.12004881352186203,2.180581852650687,-7.387810937687189,12.755189001488866,seqgru
42220,2026Q2,8,-0.014281779527664185,0.05586699768900871,0.13955563306808472,-0.12569007277488708,0.2509639263153076,5.7457030154408395,-11.81118744274211,28.526371929676507,seqgru
42340,2026Q2,1,-0.011811927892267704,0.0065110819414258,0.024585727602243423,-0.0373156676068902,0.05008946731686592,0.6532325115772286,-3.6628017982206607,5.136515498783867,seqgru
42340,2026Q2,2,-0.014445528388023376,0.012115809135138988,0.038162123411893845,-0.04496448487043381,0.06868107989430428,1.2189502869644597,-4.396856518954917,7.109456108139289,seqgru
42340,2026Q2,4,-0.02078409120440483,0.02181030623614788,0.06482581049203873,-0.07734978571534157,0.12139150500297546,2.204988959029386,-7.443395280354603,12.906686117395783,seqgru
42340,2026Q2,8,-0.020494572818279266,0.05525539815425873,0.14464238286018372,-0.13190286606550217,0.2560506761074066,5.681048765944574,-12.357387833753986,29.18181905983701,seqgru
42540,2026Q2,1,-0.0027686506509780884,0.015072224661707878,0.03380666673183441,-0.028272390365600586,0.05931040644645691,1.5186383461088582,-2.7876466350854834,6.1104563322408545,seqgru
42540,2026Q2,2,0.005437017418444157,0.031098103150725365,0.05897069349884987,-0.025081939063966274,0.0894896499812603,3.1586700828169834,-2.4770000678905,9.361601430753286,seqgru
42540,2026Q2,4,0.0220935121178627,0.0625351294875145,0.10982778668403625,-0.034472182393074036,0.166393481194973,6.4531854719507065,-3.3884785674026863,18.103772644264527,seqgru
42540,2026Q2,8,0.05822394788265228,0.1303410530090332,0.2257975935935974,-0.05318434536457062,0.3372058868408203,13.921685041169617,-5.179480086334431,40.10274871694577,seqgru
42644,2026Q2,1,-0.01352249551564455,0.00489197950810194,0.022737355902791023,-0.03902623523026705,0.04824109561741352,0.49039647757804783,-3.827452227396977,4.942363626646085,seqgru
42644,2026Q2,2,-0.01680919900536537,0.009656150825321674,0.03514392673969269,-0.0473281554877758,0.06566288322210312,0.9702921871243664,-4.622564005964536,6.786666071098502,seqgru
42644,2026Q2,4,-0.02164667472243309,0.019548598676919937,0.060965605080127716,-0.07821236923336983,0.11753129959106445,1.9740923716143666,-7.523198658582908,12.471683256973897,seqgru
42644,2026Q2,8,-0.013839125633239746,0.05463145673274994,0.1375933438539505,-0.12524741888046265,0.2490016371011734,5.615130548842573,-11.772141680177107,28.27441330500178,seqgru
42680,2026Q2,1,-0.012733436189591885,0.005692850798368454,0.02363869547843933,-0.03823717590421438,0.04914243519306183,0.5709085866794528,-3.7515364345734548,5.0369949732270936,seqgru
42680,2026Q2,2,-0.015491466969251633,0.011067027226090431,0.036801956593990326,-0.046010423451662064,0.06732091307640076,1.1128493311575172,-4.496799259113182,6.963868414277874,seqgru
42680,2026Q2,4,-0.01890294998884201,0.022681595757603645,0.06451068073511124,-0.07546864449977875,0.12107637524604797,2.294077900444491,-7.269119369036492,12.871111466454078,seqgru
42680,2026Q2,8,-0.007824979722499847,0.06301622092723846,0.14883452653884888,-0.11923327296972275,0.2602428197860718,6.5044115094286425,-11.239927664655669,29.724504518949924,seqgru
42700,2026Q2,1,-0.010927987284958363,0.007430325262248516,0.025566354393959045,-0.03643172699958086,0.05107009410858154,0.7457998627239837,-3.5776077890608105,5.239665750353706,seqgru
42700,2026Q2,2,-0.012074757367372513,0.014375708997249603,0.04046951234340668,-0.042593713849782944,0.07098846882581711,1.4479536436252216,-4.169934473087434,7.356884628761806,seqgru
42700,2026Q2,4,-0.014662723988294601,0.027385225519537926,0.07029998302459717,-0.07122841849923134,0.1268656775355339,2.77636472988787,-6.875084670223175,13.526451601189727,seqgru
42700,2026Q2,8,-0.0060817524790763855,0.06861883401870728,0.15808597207069397,-0.11749004572629929,0.26949426531791687,7.102789193755243,-11.085063746148805,30.930212377318966,seqgru
43100,2026Q2,1,-0.0046628545969724655,0.013350343331694603,0.032020241022109985,-0.030166594311594963,0.05752398073673248,1.3439857068036964,-2.9716123691131635,5.921067100241695,seqgru
43100,2026Q2,2,0.0013400688767433167,0.027325522154569626,0.05497840791940689,-0.029178887605667114,0.08549736440181732,2.770228818243381,-2.8757294356715923,8.925869049205737,seqgru
43100,2026Q2,4,0.012833889573812485,0.05392983928322792,0.10053679347038269,-0.04373180493712425,0.15710248798131943,5.541055119661542,-4.278935778090743,17.011553053443684,seqgru
43100,2026Q2,8,0.03984370455145836,0.11284743994474411,0.20683559775352478,-0.07156458869576454,0.3182438910007477,11.94611348678427,-6.906385229859313,37.471150010852725,seqgru
43300,2026Q2,1,-0.018740884959697723,-7.235445082187653e-05,0.01738465204834938,-0.04424462467432022,0.04288839176297188,-0.007235183330167594,-4.328010844682262,4.382138928421275,seqgru
43300,2026Q2,2,-0.028667747974395752,-0.0016902685165405273,0.02263462357223034,-0.05918670445680618,0.05315358005464077,-0.16888408172232028,-5.746922196848825,5.4591596917833,seqgru
43300,2026Q2,4,-0.047675970941782,-0.004784740507602692,0.03442879766225815,-0.10424166545271873,0.09099449217319489,-0.4773311871691499,-9.899247128365197,9.526297272309247,seqgru
43300,2026Q2,8,-0.06095295399427414,0.013494431972503662,0.09690513461828232,-0.17236124724149704,0.20831342786550522,1.3585892760373142,-15.832493455286023,23.15991265462607,seqgru
43340,2026Q2,1,-0.007622373290359974,0.010622534900903702,0.02910098433494568,-0.03312611300498247,0.054604724049568176,1.0679154327783547,-3.2583451912373884,5.612307210756273,seqgru
43340,2026Q2,2,-0.004319263622164726,0.021838244050741196,0.048818767070770264,-0.03483822010457516,0.0793377235531807,2.2078443829483874,-3.42383555622211,8.256986968277658,seqgru
43340,2026Q2,4,0.0024077072739601135,0.04318612441420555,0.08790194988250732,-0.054157987236976624,0.14446764439344406,4.4132215263084085,-5.271756385561643,15.542430990457134,seqgru
43340,2026Q2,8,0.025088142603635788,0.09489016234874725,0.18360304832458496,-0.08632015064358711,0.29501134157180786,9.95380778133461,-8.269949014347544,34.31415919367051,seqgru
43420,2026Q2,1,-0.010842430405318737,0.007502096239477396,0.025740893557667732,-0.036346170119941235,0.05124463327229023,0.7530307467125574,-3.5693578371408075,5.258035796702365,seqgru
43420,2026Q2,2,-0.011929478496313095,0.014578444883227348,0.0408674031496048,-0.042448434978723526,0.07138635963201523,1.4685228693774421,-4.156011378012858,7.399609445479882,seqgru
43420,2026Q2,4,-0.012626416981220245,0.02937619574368,0.07286423444747925,-0.06919211149215698,0.12942992895841599,2.9811932478897907,-6.685260548101823,13.8179355255585,seqgru
43420,2026Q2,8,0.000441625714302063,0.07439721375703812,0.16534370183944702,-0.11096666753292084,0.2767519950866699,7.723461293291001,-10.503142005741461,31.883925185870044,seqgru
43580,2026Q2,1,-0.008530513383448124,0.009629040025174618,0.02785944566130638,-0.03403425309807062,0.05336318537592888,0.9675548388181188,-3.346160286401345,5.481266809637098,seqgru
43580,2026Q2,2,-0.006028454750776291,0.020004093647003174,0.0465255081653595,-0.03654741123318672,0.07704446464776993,2.020551637946233,-3.588761694428233,8.009010115079796,seqgru
43580,2026Q2,4,0.00016757100820541382,0.04051807150244713,0.08464174717664719,-0.05639812350273132,0.14120744168758392,4.135012829386864,-5.483723053722245,15.166352623264467,seqgru
43580,2026Q2,8,0.023231137543916702,0.09144721925258636,0.17877718806266785,-0.0881771557033062,0.29018548130989075,9.575894019037934,-8.440134116951391,33.66753933367153,seqgru
43620,2026Q2,1,-0.011355853639543056,0.006868015043437481,0.024864694103598595,-0.036859593354165554,0.05036843381822109,0.689165394521285,-3.61885486176986,5.165849156040858,seqgru
43620,2026Q2,2,-0.013172589242458344,0.013131813146173954,0.03906615078449249,-0.043691545724868774,0.06958510726690292,1.3218414064929407,-4.2750820458753225,7.206329769948572,seqgru
43620,2026Q2,4,-0.01601628214120865,0.02581777609884739,0.06860039383172989,-0.07258197665214539,0.12516608834266663,2.6153941660971514,-7.001049389089253,13.333667144539806,seqgru
43620,2026Q2,8,-0.007575973868370056,0.06652840971946716,0.15619590878486633,-0.11898426711559296,0.26760420203208923,6.879132770564933,-11.217823135066762,30.682979706196267,seqgru
43640,2026Q2,1,-0.009986954741179943,0.008388069458305836,0.026629671454429626,-0.03549069445580244,0.052133411169052124,0.8423347883229404,-3.486828473595349,5.351628397731667,seqgru
43640,2026Q2,2,-0.009543294087052345,0.01688319817185402,0.04331497848033905,-0.040062250569462776,0.07383393496274948,1.702652483012046,-3.927036867584288,7.662800038100359,seqgru
43640,2026Q2,4,-0.008416049182415009,0.033090561628341675,0.07663235068321228,-0.06498174369335175,0.13319804519414902,3.3644143499525603,-6.29154290754752,14.247623785566631,seqgru
43640,2026Q2,8,0.006061665713787079,0.0776737779378891,0.16577711701393127,-0.10534662753343582,0.2771854102611542,8.077003012770945,-9.998750060125216,31.941098069218764,seqgru
43780,2026Q2,1,-0.004257691092789173,0.0136648491024971,0.032256126403808594,-0.02976143080741167,0.05775986611843109,1.3758639878335144,-2.9322920425326138,5.946055278641693,seqgru
43780,2026Q2,2,0.0022947844117879868,0.028134500607848167,0.05575522035360336,-0.028224172070622444,0.0862741768360138,2.853401356855678,-2.7829591081440452,9.010516892180643,seqgru
43780,2026Q2,4,0.01632337085902691,0.057001300156116486,0.10382182896137238,-0.04024232365190983,0.1603875234723091,5.865718681422205,-3.9443354646427675,17.396572212638283,seqgru
43780,2026Q2,8,0.04842913895845413,0.12011085450649261,0.21444183588027954,-0.06297915428876877,0.32585012912750244,12.7621846614433,-6.103695316234436,38.5207751021003,seqgru
43900,2026Q2,1,-0.00769274216145277,0.010166510939598083,0.028361044824123383,-0.03319648187607527,0.05386478453874588,1.0218365489579107,-3.265152552757955,5.534189396614719,seqgru
43900,2026Q2,2,-0.006746780127286911,0.019149411469697952,0.0456877201795578,-0.03726573660969734,0.07620667666196823,1.9333937421980973,-3.6579914657563384,7.918559358616117,seqgru
43900,2026Q2,4,-0.006015535444021225,0.03634476289153099,0.0807185173034668,-0.06258122995495796,0.13728421181440353,3.701330857437246,-6.066324256812017,14.715413695198576,seqgru
43900,2026Q2,8,0.005147233605384827,0.08502797037363052,0.18111583590507507,-0.10626105964183807,0.292524129152298,8.87475189474105,-10.081012475437412,33.98050645343189,seqgru
44060,2026Q2,1,-0.012943156994879246,0.005549164954572916,0.023549973964691162,-0.03844689670950174,0.04905371367931366,0.5564590089426336,-3.7717196233687855,5.027676345421006,seqgru
44060,2026Q2,2,-0.01588486135005951,0.010813157074153423,0.036622874438762665,-0.04640381783246994,0.0671418309211731,1.087183054823626,-4.534362292606231,6.944714809276387,seqgru
44060,2026Q2,4,-0.02109496295452118,0.020834019407629967,0.06292159855365753,-0.07766065746545792,0.11948729306459427,2.1052562662785768,-7.472164042119278,12.691892429024731,seqgru
44060,2026Q2,8,-0.015791289508342743,0.05608110502362251,0.1419110745191574,-0.12719958275556564,0.2533193677663803,5.768346370027988,-11.944208911605248,28.82946509264275,seqgru
44100,2026Q2,1,-0.0038418080657720566,0.014071962796151638,0.032708242535591125,-0.029345547780394554,0.05821198225021362,1.417143892506112,-2.891914834805931,5.993966029127384,seqgru
44100,2026Q2,2,0.003264237195253372,0.02910356968641281,0.05673740804195404,-0.02725471928715706,0.08725636452436447,2.953121717891083,-2.688666078316071,9.117638277814354,seqgru
44100,2026Q2,4,0.016709549352526665,0.057445552200078964,0.10399092733860016,-0.03985614515841007,0.1605566218495369,5.91276019170186,-3.907233669323773,17.416425461020268,seqgru
44100,2026Q2,8,0.04715912789106369,0.11901230365037918,0.21151062846183777,-0.06424916535615921,0.32291892170906067,12.638377683528024,-6.222868970421791,38.11533648115268,seqgru
44140,2026Q2,1,-0.006969832815229893,0.01112582627683878,0.0295092836022377,-0.03247357252985239,0.0550130233168602,1.1187948455102514,-3.1951967446256946,5.6554374428293475,seqgru
44140,2026Q2,2,-0.0028414856642484665,0.023048479110002518,0.04992227256298065,-0.0333604421466589,0.08044122904539108,2.331614780082236,-3.281011924331312,8.376515085805035,seqgru
44140,2026Q2,4,0.006393473595380783,0.04658616706728935,0.09122780710458755,-0.050172220915555954,0.1477935016155243,4.7688351411900864,-4.893438299573393,15.92734835431273,seqgru
44140,2026Q2,8,0.03520350903272629,0.10339650511741638,0.1915883868932724,-0.07620478421449661,0.3029966801404953,10.89310187402992,-7.337357133703881,35.3909969643946,seqgru
44180,2026Q2,1,-0.008192193694412708,0.009936774149537086,0.028256971389055252,-0.033695933409035206,0.05376071110367775,0.9986307822143381,-3.3134548572720135,5.52320666252244,seqgru
44180,2026Q2,2,-0.006400756537914276,0.019814327359199524,0.04656216502189636,-0.03691971302032471,0.0770811215043068,2.001193413409519,-3.624649089864329,8.01296945843637,seqgru
44180,2026Q2,4,-0.002784721553325653,0.038843486458063126,0.08322222530841827,-0.05935041606426239,0.139787919819355,3.9607758223658918,-5.7623512567311135,15.002987444885507,seqgru
44180,2026Q2,8,0.014863885939121246,0.0885886549949646,0.17957216501235962,-0.09654440730810165,0.2909804582595825,9.263111552277037,-9.203042378024362,33.77384419572269,seqgru
44220,2026Q2,1,-0.006605205126106739,0.01158560998737812,0.03013564646244049,-0.03210894484072924,0.05563938617706299,1.1652983101581027,-3.1598925968749136,5.721636815071762,seqgru
44220,2026Q2,2,-0.001919599249958992,0.024058854207396507,0.05123329162597656,-0.03243855573236942,0.081752248108387,2.435060345943718,-3.19180689108417,8.518691940983182,seqgru
44220,2026Q2,4,0.007906865328550339,0.04815354198217392,0.0935027152299881,-0.0486588291823864,0.15006840974092484,4.933175943433343,-4.749395846489279,16.191372622651755,seqgru
44220,2026Q2,8,0.03566776216030121,0.10359065979719162,0.1924944669008255,-0.07574053108692169,0.3039027601480484,10.914634378964227,-7.294328224563862,35.51372763345286,seqgru
44300,2026Q2,1,-0.007888815365731716,0.010340778157114983,0.028716981410980225,-0.033392555080354214,0.05422072112560272,1.0394428773801145,-3.284117804912734,5.571759561686762,seqgru
44300,2026Q2,2,-0.004398299381136894,0.02172796241939068,0.048588283360004425,-0.034917255863547325,0.07910723984241486,2.196573356638032,-3.4314682250466855,8.23203837143791,seqgru
44300,2026Q2,4,0.0037911012768745422,0.04405137151479721,0.08874338120222092,-0.052774593234062195,0.14530907571315765,4.503603859384553,-5.140619215165232,15.639692924528624,seqgru
44300,2026Q2,8,0.02901891991496086,0.0961693599820137,0.18328654766082764,-0.08238937333226204,0.29469484090805054,10.094550431657744,-7.908669020743786,34.27165539972803,seqgru
44420,2026Q2,1,-0.0033817971125245094,0.014437397010624409,0.03315814584493637,-0.028885536827147007,0.05866188555955887,1.454211959375984,-2.8472337758807087,6.041663794101115,seqgru
44420,2026Q2,2,0.0031278524547815323,0.02887561544775963,0.05667292699217796,-0.0273911040276289,0.0871918834745884,2.9296557920931665,-2.7019369543448857,9.11060248478921,seqgru
44420,2026Q2,4,0.014831183478236198,0.056331515312194824,0.10361340641975403,-0.04173451103270054,0.16017910093069077,5.794835168559742,-4.087561628402925,17.37210667035425,seqgru
44420,2026Q2,8,0.040738802403211594,0.11817310750484467,0.21696987748146057,-0.0706694908440113,0.32837817072868347,12.543891642842485,-6.823020030827354,38.87140440017318,seqgru
44700,2026Q2,1,-0.01539898756891489,0.0032419348135590553,0.02107490971684456,-0.04090272728353739,0.046578649431467056,0.32471955676978137,-4.007750032430124,4.768047530202457,seqgru
44700,2026Q2,2,-0.020768065005540848,0.006012335419654846,0.031246088445186615,-0.05128702148795128,0.061765044927597046,0.6030445785259353,-4.999404072668979,6.371239074342228,seqgru
44700,2026Q2,4,-0.031892720609903336,0.009856918826699257,0.049943193793296814,-0.08845841512084007,0.10650888830423355,0.990565825966172,-8.465882570331896,11.238781364305762,seqgru
44700,2026Q2,8,-0.033467188477516174,0.03460343927145004,0.1129365935921669,-0.14487548172473907,0.2243448868393898,3.5209104113628653,-13.486998909898073,25.150257177218947,seqgru
44940,2026Q2,1,-0.004986358806490898,0.012993300333619118,0.031613148748874664,-0.030490098521113396,0.05711688846349716,1.3078080051918795,-3.0029963842503227,5.877956227899239,seqgru
44940,2026Q2,2,0.0004695616662502289,0.026418136432766914,0.05391276255249977,-0.030049394816160202,0.0844317190349102,2.67701887506846,-2.9602400246364735,8.809854527664651,seqgru
44940,2026Q2,4,0.010524045675992966,0.051698774099349976,0.09787897765636444,-0.04604164883494377,0.15444467216730118,5.305848624190523,-4.499781336602449,16.70097081533639,seqgru
44940,2026Q2,8,0.035499244928359985,0.10872597247362137,0.20180150866508484,-0.07590904831886292,0.31320980191230774,11.48568070266245,-7.309949411500149,36.78084697590316,seqgru
45060,2026Q2,1,-0.0037802858278155327,0.014187299646437168,0.03293513506650925,-0.02928402554243803,0.058438874781131744,1.42884170102886,-2.885940344302762,6.018017996844494,seqgru
45060,2026Q2,2,0.003322359174489975,0.0292121022939682,0.057034920901060104,-0.027196597307920456,0.08755387738347054,2.964296095028285,-2.683009986616358,9.150107008050167,seqgru
45060,2026Q2,4,0.016593344509601593,0.05743863061070442,0.10439002513885498,-0.039972350001335144,0.16095571964979172,5.912027109603324,-3.9183994653691046,17.463295450368243,seqgru
45060,2026Q2,8,0.04558611661195755,0.11775058507919312,0.21117588877677917,-0.06582217663526535,0.3225841820240021,12.496349369298954,-6.370265496661675,38.06911153401096,seqgru
45104,2026Q2,1,-0.011193529702723026,0.00720349233597517,0.025356583297252655,-0.036697269417345524,0.05086032301187515,0.7229499897811298,-3.6032086250107787,5.21759182556889,seqgru
45104,2026Q2,2,-0.012036200612783432,0.014435356482863426,0.04057048633694649,-0.04255515709519386,0.07108944281935692,1.4540049394512256,-4.16623950553614,7.367725429447036,seqgru
45104,2026Q2,4,-0.013012833893299103,0.02842547930777073,0.0712219774723053,-0.06957852840423584,0.12778767198324203,2.8833338605144254,-6.721311975683008,13.63117062699597,seqgru
45104,2026Q2,8,-0.0018242672085762024,0.06893027573823929,0.15536868572235107,-0.1132325604557991,0.266776978969574,7.136150665395813,-10.705702725772714,30.574920432228915,seqgru
45220,2026Q2,1,-0.009196302853524685,0.009087314829230309,0.027496017515659332,-0.03470004256814718,0.05299975723028183,0.9128729829958493,-3.4104899777332665,5.44293891357992,seqgru
45220,2026Q2,2,-0.008438516408205032,0.018028073012828827,0.04481592774391174,-0.03895747289061546,0.07533488422632217,1.8191559693299553,-3.820838950632288,7.824517773228967,seqgru
45220,2026Q2,4,-0.007924836128950119,0.034197140485048294,0.07880069315433502,-0.06449053063988686,0.13536638766527176,3.4788585344872835,-6.245500782883129,14.495620534219755,seqgru
45220,2026Q2,8,0.0016115456819534302,0.07669202983379364,0.16805212199687958,-0.10979674756526947,0.2794604152441025,7.970950686819833,-10.398376572895495,32.24160642417395,seqgru
45294,2026Q2,1,-0.013967867009341717,0.004532990045845509,0.022423721849918365,-0.039471606723964214,0.04792746156454086,0.4543279586810778,-3.8702752018772157,4.909455288681297,seqgru
45294,2026Q2,2,-0.018010880798101425,0.008571763522922993,0.03401723504066467,-0.048529837280511856,0.0645361915230751,0.860860628177007,-4.7371084974375925,6.666418174743205,seqgru
45294,2026Q2,4,-0.025826822966337204,0.01587461680173874,0.05710736662149429,-0.08239251747727394,0.11367306113243103,1.6001287928592012,-7.9089585687875275,12.038576734514074,seqgru
45294,2026Q2,8,-0.022817641496658325,0.0476025752723217,0.1308714747428894,-0.13422593474388123,0.2422797679901123,4.8753771807886315,-12.560751335820964,27.415060951200232,seqgru
45460,2026Q2,1,-0.003724026493728161,0.014202110469341278,0.03294558823108673,-0.02922776620835066,0.05844932794570923,1.4303439567654452,-2.8804766182846664,6.019126226427041,seqgru
45460,2026Q2,2,0.0033968333154916763,0.029071591794490814,0.05676873028278351,-0.027122123166918755,0.08728768676519394,2.949829546730398,-2.6757621174941737,9.121056140286509,seqgru
45460,2026Q2,4,0.016968991607427597,0.05735614523291588,0.10372987389564514,-0.03959670290350914,0.16029556840658188,5.903291276329048,-3.8822999110519008,17.385777499446185,seqgru
45460,2026Q2,8,0.04977893829345703,0.12060374021530151,0.21286633610725403,-0.06162935495376587,0.32427462935447693,12.81777723002282,-5.97686857054065,38.30270748021929,seqgru
45500,2026Q2,1,-0.00880646612495184,0.009432307444512844,0.02772483602166176,-0.03431020583957434,0.053228575736284256,0.947693184972831,-3.372828498694802,5.467068969927058,seqgru
45500,2026Q2,2,-0.0069387443363666534,0.01927991956472397,0.045886799693107605,-0.037457700818777084,0.07640575617551804,1.946697743355963,-3.6764839082254253,7.940045871607526,seqgru
45500,2026Q2,4,-0.002693973481655121,0.03824513033032417,0.08212724328041077,-0.05925966799259186,0.1386929377913475,3.8985888619379017,-5.753798983783631,14.877130158774454,seqgru
45500,2026Q2,8,0.016839750111103058,0.08685381710529327,0.1744750440120697,-0.09456854313611984,0.2858833372592926,9.073722093916746,-9.02346256830201,33.09371754161887,seqgru
45780,2026Q2,1,-0.006938855163753033,0.01119856908917427,0.02965705841779709,-0.03244259487837553,0.055160798132419586,1.126150778569679,-3.1921979127210287,5.671051809286953,seqgru
45780,2026Q2,2,-0.003029949963092804,0.02305726893246174,0.05012507364153862,-0.033548906445503235,0.08064403012394905,2.3325142607612426,-3.299238283041017,8.398496188775152,seqgru
45780,2026Q2,4,0.005782067775726318,0.04652982950210571,0.09164555370807648,-0.05078362673521042,0.14821124821901321,4.7629328863719955,-4.951569232278219,15.975786727117658,seqgru
45780,2026Q2,8,0.0321749672293663,0.1022140383720398,0.1922810971736908,-0.0792333260178566,0.3036893904209137,10.762051965121655,-7.617565295993778,35.4848161908877,seqgru
45820,2026Q2,1,-0.006538323126733303,0.011494286358356476,0.029858767986297607,-0.0320420628413558,0.055362507700920105,1.1560599498320778,-3.1534155202747494,5.692368821400784,seqgru
45820,2026Q2,2,-0.0023242253810167313,0.023646069690585136,0.05056010186672211,-0.03284318186342716,0.08107905834913254,2.3927854648627234,-3.2309700919549655,8.445662852855929,seqgru
45820,2026Q2,4,0.005852214992046356,0.04663482680916786,0.09153233468532562,-0.05071347951889038,0.14809802919626236,4.77393328970126,-4.944901615589636,15.962656805174124,seqgru
45820,2026Q2,8,0.03047323226928711,0.10087617486715317,0.19000732898712158,-0.08093506097793579,0.3014156222343445,10.613966539202547,-7.774642025439293,35.177105090497804,seqgru
45900,2026Q2,1,-0.008040686137974262,0.010228613391518593,0.028737429529428482,-0.03354442585259676,0.05424116924405098,1.0281104475153402,-3.2988050053233464,5.573918327602345,seqgru
45900,2026Q2,2,-0.006060469895601273,0.020300934091210365,0.047309622168540955,-0.036579426378011703,0.07782857865095139,2.0508399589896253,-3.591848264776587,8.093734704908462,seqgru
45900,2026Q2,4,-0.002770654857158661,0.03914835676550865,0.08405078202486038,-0.0593363493680954,0.14061647653579712,3.992475207908308,-5.76102563503521,15.098313428582388,seqgru
45900,2026Q2,8,0.01387585699558258,0.08808235824108124,0.17995919287204742,-0.09753243625164032,0.2913674861192703,9.207805995272311,-9.292708096683178,33.825628420646424,seqgru
45940,2026Q2,1,-0.0073281461372971535,0.010868611745536327,0.029266010969877243,-0.03283188585191965,0.05476975068449974,1.0927889667765145,-3.2298769817056705,5.6297374926134625,seqgru
45940,2026Q2,2,-0.003548484295606613,0.022563522681593895,0.04948149621486664,-0.034067440778017044,0.08000045269727707,2.282000437034881,-3.3493679498716067,8.328755807617538,seqgru
45940,2026Q2,4,0.004696696996688843,0.04538474231958389,0.09023571759462357,-0.051868997514247894,0.1468014121055603,4.643038852381864,-5.054676056937657,15.812395079489994,seqgru
45940,2026Q2,8,0.028101220726966858,0.09839768707752228,0.18820467591285706,-0.08330707252025604,0.29961296916007996,10.340150638624257,-7.99314239390333,34.93364716745051,seqgru
46060,2026Q2,1,-0.013611202128231525,0.00491643650457263,0.02280873991549015,-0.03911494184285402,0.04831247963011265,0.4928542009041692,-3.835982989960618,4.949855101046463,seqgru
46060,2026Q2,2,-0.01658724993467331,0.009938603267073631,0.03543461859226227,-0.04710620641708374,0.0659535750746727,0.9988155207500071,-4.6013927232943175,6.817712597155889,seqgru
46060,2026Q2,4,-0.020718306303024292,0.02020704746246338,0.06162484735250473,-0.07728400081396103,0.11819054186344147,2.0412591994247276,-7.437306252960163,12.545853790511607,seqgru
46060,2026Q2,8,-0.01051715761423111,0.05678939074277878,0.13925498723983765,-0.12192545086145401,0.25066328048706055,5.843287115897722,-11.478564198931574,28.487736820169385,seqgru
46140,2026Q2,1,-0.008133010007441044,0.01000858936458826,0.02833067998290062,-0.03363674972206354,0.05383441969752312,1.0058842810565016,-3.3077324217141713,5.530984916362147,seqgru
46140,2026Q2,2,-0.0060022007673978806,0.020097441971302032,0.04678323119878769,-0.03652115724980831,0.07730218768119812,2.030075529998454,-3.5862304821532187,8.036850112154381,seqgru
46140,2026Q2,4,-0.0020863525569438934,0.03913012519478798,0.08333569765090942,-0.05865204706788063,0.13990139216184616,3.990579279025086,-5.696515618448361,15.016037843680019,seqgru
46140,2026Q2,8,0.016215041279792786,0.08809201419353485,0.17732492089271545,-0.09519325196743011,0.28873321413993835,9.208860505745697,-9.08027866607084,33.47355924416002,seqgru
46220,2026Q2,1,-0.012053684331476688,0.006406258791685104,0.024463260546326637,-0.037557424046099186,0.049967000260949135,0.6426822756779194,-3.686089121177738,5.123640527657369,seqgru
46220,2026Q2,2,-0.013246074318885803,0.013159351423382759,0.03906027227640152,-0.043765030801296234,0.06957922875881195,1.3246316738682928,-4.282116140333548,7.205699558523948,seqgru
46220,2026Q2,4,-0.014310013502836227,0.026395700871944427,0.06852194666862488,-0.07087570801377296,0.12508764117956161,2.6747152844076805,-6.842232742859899,13.324776788584192,seqgru
46220,2026Q2,8,-0.0004043281078338623,0.06657256186008453,0.1494337022304535,-0.11181262135505676,0.2608419954776764,6.8838518172413155,-10.578820200188755,29.80225557960976,seqgru
46300,2026Q2,1,-0.011028706096112728,0.007269709371030331,0.02536778338253498,-0.036532445810735226,0.05087152309715748,0.7296197857160847,-3.5873188487215546,5.218770278169904,seqgru
46300,2026Q2,2,-0.012234393507242203,0.014202814549207687,0.04030768945813179,-0.042753349989652634,0.07082664594054222,1.4304153718536217,-4.1852311938443965,7.339513233519623,seqgru
46300,2026Q2,4,-0.014605768024921417,0.02725917100906372,0.07014729082584381,-0.07117146253585815,0.12671298533678055,2.7634101220540552,-6.869780499905898,13.509118321040091,seqgru
46300,2026Q2,8,-0.0054885223507881165,0.06703191250562668,0.15431930124759674,-0.11689681559801102,0.26572759449481964,6.932960261705934,-11.032301078453488,30.437969007851983,seqgru
46340,2026Q2,1,-0.010907585732638836,0.007365934085100889,0.025436654686927795,-0.03641132544726133,0.05094039440155029,0.7393129309309909,-3.575640602514585,5.226017081671119,seqgru
46340,2026Q2,2,-0.011372547596693039,0.014757789671421051,0.04069190472364426,-0.04189150407910347,0.07121086120605469,1.4867223520621753,-4.10261803238453,7.380762636914406,seqgru
46340,2026Q2,4,-0.010626569390296936,0.030077209696173668,0.07251130044460297,-0.06719226390123367,0.1290769949555397,3.053409810652674,-6.49845856572192,13.777772393858667,seqgru
46340,2026Q2,8,0.008020535111427307,0.07719111442565918,0.1632593423128128,-0.1033877581357956,0.2746676355600357,8.024850773909353,-9.82227657804674,31.60931795951365,seqgru
46520,2026Q2,1,-0.005817855708301067,0.012283839285373688,0.03083091601729393,-0.031321595422923565,0.05633465573191643,1.2359595513823818,-3.083615570295062,5.795167409268243,seqgru
46520,2026Q2,2,-0.0006111618131399155,0.025416677817702293,0.052769843488931656,-0.031130118295550346,0.08328879997134209,2.5742435611482595,-3.065056522649201,8.68556471075108,seqgru
46520,2026Q2,4,0.009555548429489136,0.05027761310338974,0.09596528857946396,-0.0470101460814476,0.1525309830904007,5.156298352156652,-4.59222826089648,16.4778549974665,seqgru
46520,2026Q2,8,0.03621499240398407,0.10615561902523041,0.1958886682987213,-0.07519330084323883,0.3072969615459442,11.199491060653234,-7.243582993811259,35.97447000107881,seqgru
46540,2026Q2,1,-0.008722682483494282,0.009582482278347015,0.027972809970378876,-0.03422642219811678,0.05347654968500137,0.9628541263902557,-3.364732383246394,5.493225298389159,seqgru
46540,2026Q2,2,-0.006510421633720398,0.01974235475063324,0.04646383225917816,-0.03702937811613083,0.07698278874158859,1.9938523856223078,-3.6352175224505623,8.002348766929646,seqgru
46540,2026Q2,4,-0.0013849884271621704,0.0394185446202755,0.08362066745758057,-0.05795068293809891,0.1401863619685173,4.020576507840645,-5.6303513372752185,15.048818612291214,seqgru
46540,2026Q2,8,0.020893007516860962,0.08933950960636139,0.17641983926296234,-0.09051528573036194,0.28782813251018524,9.345183071475072,-8.653962911468993,33.352809430092535,seqgru
46660,2026Q2,1,-0.004140244796872139,0.01378411240875721,0.03241236135363579,-0.029643984511494637,0.057916101068258286,1.387955129548124,-2.9208911302955,5.962609048377576,seqgru
46660,2026Q2,2,0.0022831354290246964,0.028138747438788414,0.05574684217572212,-0.028235821053385735,0.08626579865813255,2.8538381587903894,-2.7840915811816025,9.009603586505133,seqgru
46660,2026Q2,4,0.014123352244496346,0.05522257089614868,0.10201507806777954,-0.04244234226644039,0.15858077257871628,5.677579603821248,-4.155427426387193,17.184657347221588,seqgru
46660,2026Q2,8,0.040690258145332336,0.11451971530914307,0.20934587717056274,-0.07071803510189056,0.32075417041778564,12.133474830725199,-6.827543128385283,37.81667450923607,seqgru
46700,2026Q2,1,-0.015711452811956406,0.0030120261944830418,0.020847251638770103,-0.0412151925265789,0.0463509913533926,0.3016566903147888,-4.037739588555366,4.744198952621792,seqgru
46700,2026Q2,2,-0.021009009331464767,0.005871818400919437,0.031122881919145584,-0.0515279658138752,0.061641838401556015,0.5889091317847317,-5.022291169848236,6.3581342508216565,seqgru
46700,2026Q2,4,-0.03079698607325554,0.010740077123045921,0.05105658620595932,-0.08736268058419228,0.10762228071689606,1.0797958783589134,-8.365530507012341,11.362702753236187,seqgru
46700,2026Q2,8,-0.029624275863170624,0.03730142489075661,0.11603391170501709,-0.14103256911039352,0.22744220495224,3.8005854489158164,-13.153897376598167,25.538488262817882,seqgru
47020,2026Q2,1,-0.010752578265964985,0.007591336965560913,0.025728434324264526,-0.03625631798058748,0.051232174038887024,0.7620224215373339,-3.560692948369659,5.256724370436516,seqgru
47020,2026Q2,2,-0.010638434439897537,0.015543779358267784,0.0416693389415741,-0.04115739092230797,0.07218829542398453,1.5665212256204208,-4.032192655644851,7.485771579969924,seqgru
47020,2026Q2,4,-0.007929664105176926,0.032446425408124924,0.07529565691947937,-0.06449535861611366,0.1318613514304161,3.2978550257253936,-6.245953426283823,14.095011719852701,seqgru
47020,2026Q2,8,0.012880675494670868,0.08041402697563171,0.16647852957248688,-0.09852761775255203,0.2778868228197098,8.373567060377773,-9.382933412853877,32.03367567614668,seqgru
47220,2026Q2,1,-0.0039968304336071014,0.013884281739592552,0.032549742609262466,-0.0295005701482296,0.058053482323884964,1.3981116018432438,-2.9069675933168893,5.977167324652344,seqgru
47220,2026Q2,2,0.0029465332627296448,0.028562042862176895,0.05610724538564682,-0.027572423219680786,0.08662620186805725,2.8973849336859647,-2.719577361204051,9.048898078055423,seqgru
47220,2026Q2,4,0.017124159261584282,0.057356834411621094,0.10384365916252136,-0.039441535249352455,0.1604093536734581,5.90336426264737,-3.8673843958333287,17.399135031397208,seqgru
47220,2026Q2,8,0.05221230909228325,0.12269741296768188,0.21566694974899292,-0.05919598415493965,0.3270752429962158,13.05422817527122,-5.747796832900798,38.690582820439424,seqgru
47260,2026Q2,1,-0.007487724535167217,0.010562749579548836,0.0288543663918972,-0.032991464249789715,0.0543581061065197,1.0618732355947014,-3.2453181708257506,5.586264532219265,seqgru
47260,2026Q2,2,-0.004352448508143425,0.02167978696525097,0.048472460359334946,-0.034871404990553856,0.07899141684174538,2.1916501088958595,-3.4270403720514264,8.219503337921786,seqgru
47260,2026Q2,4,0.002599939703941345,0.04343167692422867,0.0881149172782898,-0.05396575480699539,0.14468061178922653,4.438863603043108,-5.253544794730692,15.567040381493502,seqgru
47260,2026Q2,8,0.02494630217552185,0.09563452750444412,0.1853438913822174,-0.08646199107170105,0.2967521846294403,10.035684033717418,-8.282959121348876,34.548182705245935,seqgru
47300,2026Q2,1,-0.011472324840724468,0.007023399230092764,0.025211084634065628,-0.036976064555346966,0.050714824348688126,0.7048121141860264,-3.630079835809552,5.202283920281392,seqgru
47300,2026Q2,2,-0.01270287111401558,0.014032436534762383,0.040296442806720734,-0.04322182759642601,0.07081539928913116,1.4131353311894967,-4.230107754775558,7.338306030220165,seqgru
47300,2026Q2,4,-0.016491062939167023,0.02563040517270565,0.06839948147535324,-0.07305675745010376,0.12496517598628998,2.5961688258470117,-7.045193024965036,13.310899297664447,seqgru
47300,2026Q2,8,-0.012311235070228577,0.05936673283576965,0.1439281553030014,-0.12371952831745148,0.2553364485502243,6.11643331944387,-11.637236133844176,29.08958678611413,seqgru
47380,2026Q2,1,-0.012963567860424519,0.005457008723169565,0.023396652191877365,-0.038467307575047016,0.04890039190649986,0.5471925316254733,-3.7736837058168216,5.011574550298659,seqgru
47380,2026Q2,2,-0.015734199434518814,0.010739963501691818,0.03637663275003433,-0.046253155916929245,0.06689558923244476,1.0797843935362872,-4.519978173218631,6.918383804129813,seqgru
47380,2026Q2,4,-0.020339440554380417,0.02097097784280777,0.06267941743135452,-0.07690513506531715,0.11924511194229126,2.119241400069405,-7.402230774668084,12.664603884560366,seqgru
47380,2026Q2,8,-0.012337647378444672,0.057081807404756546,0.1409289538860321,-0.12374594062566757,0.252337247133255,5.8742419822476855,-11.639569967577124,28.703001128420258,seqgru
47460,2026Q2,1,-0.013047165237367153,0.005425066687166691,0.023348290473222733,-0.03855090495198965,0.04885203018784523,0.5439809008749297,-3.7817276372213993,5.006496132876248,seqgru
47460,2026Q2,2,-0.015658553689718246,0.010873284190893173,0.03647305816411972,-0.04617751017212868,0.06699201464653015,1.0932613184124529,-4.512755242665434,6.928693950633535,seqgru
47460,2026Q2,4,-0.01928362250328064,0.02194034494459629,0.06358635425567627,-0.07584931701421738,0.120152048766613,2.218280427974606,-7.304412748496436,12.766829911888156,seqgru
47460,2026Q2,8,-0.008823089301586151,0.059935688972473145,0.14356619119644165,-0.12023138254880905,0.25497448444366455,6.176826094176802,-11.328475745399036,29.042869444677354,seqgru
47580,2026Q2,1,-0.0068880049511790276,0.011076618917286396,0.029412120580673218,-0.032391744665801525,0.054915860295295715,1.1138191790354801,-3.187275090243835,5.645172139994692,seqgru
47580,2026Q2,2,-0.004311364144086838,0.02175287902355194,0.048668477684259415,-0.03483032062649727,0.07918743416666985,2.1991197799269724,-3.4230726519149712,8.240718314654295,seqgru
47580,2026Q2,4,0.000567849725484848,0.04258028417825699,0.08764797449111938,-0.05599784478545189,0.14421366900205612,4.349982953712916,-5.445882626770626,15.513089782454536,seqgru
47580,2026Q2,8,0.017808526754379272,0.09519145637750626,0.19032037258148193,-0.09359976649284363,0.30172866582870483,9.986941198258137,-8.935283917940096,35.21942804146927,seqgru
47664,2026Q2,1,-0.007243006490170956,0.010863903909921646,0.029241696000099182,-0.03274674620479345,0.05474543571472168,1.0923130396645275,-3.2216376568379057,5.627169139963484,seqgru
47664,2026Q2,2,-0.003795469179749489,0.02227865718305111,0.04918646812438965,-0.03431442566215992,0.07970542460680008,2.2528679736022905,-3.3732362473551714,8.296800495736978,seqgru
47664,2026Q2,4,0.0041510798037052155,0.04499094560742378,0.08984185755252838,-0.05241461470723152,0.14640755206346512,4.601838880470521,-5.106465728122078,15.76679018625098,seqgru
47664,2026Q2,8,0.028762876987457275,0.09946936368942261,0.18963521718978882,-0.08264541625976562,0.3010435104370117,10.45846298237969,-7.932245336322186,35.12681345260054,seqgru
47764,2026Q2,1,-0.012903082184493542,0.005566199775785208,0.02350984327495098,-0.03840682189911604,0.04901358298957348,0.5581719848336775,-3.7678632160070613,5.023461596898415,seqgru
47764,2026Q2,2,-0.015099793672561646,0.011339418590068817,0.036999963223934174,-0.045618750154972076,0.0675189197063446,1.140395349581036,-4.459385879201916,6.985050066372911,seqgru
47764,2026Q2,4,-0.018099986016750336,0.022727129980921745,0.06431508809328079,-0.07466568052768707,0.12088078260421753,2.2987358878798547,-7.194629910616046,12.849036866461061,seqgru
47764,2026Q2,8,-0.007561385631561279,0.05977668613195419,0.142007976770401,-0.11896967887878418,0.2534162700176239,6.159945019335522,-11.21652795019904,28.841949562713598,seqgru
47930,2026Q2,1,-0.005593937821686268,0.012269750237464905,0.030519932508468628,-0.031097677536308765,0.056023672223091125,1.2345332431458633,-3.0619118284778923,5.762271972124888,seqgru
47930,2026Q2,2,-0.0006930641829967499,0.02508864924311638,0.05192990228533745,-0.03121202066540718,0.08244885876774788,2.5406017962754213,-3.0729953991310954,8.594313554882294,seqgru
47930,2026Q2,4,0.00950610265135765,0.050268203020095825,0.09493066370487213,-0.047059591859579086,0.15149635821580887,5.1553088272860315,-4.596945655781326,16.357406431632683,seqgru
47930,2026Q2,8,0.034493885934352875,0.10526660829782486,0.19180339574813843,-0.07691440731287003,0.30321168899536133,11.100677449906303,-7.403089360126669,35.42011035731758,seqgru
47940,2026Q2,1,-0.008112222887575626,0.010069182142615318,0.028408091515302658,-0.033615962602198124,0.053911831229925156,1.012004693606694,-3.3057224470672386,5.5391545478281845,seqgru
47940,2026Q2,2,-0.0050072092562913895,0.020931927487254143,0.047543901950120926,-0.03552616573870182,0.07806285843253136,2.115253685245211,-3.4902518588897813,8.11906184816824,seqgru
47940,2026Q2,4,0.0021270550787448883,0.04216128587722778,0.08625379204750061,-0.05443863943219185,0.14281948655843735,4.306269646683081,-5.298338344763842,15.352155672494927,seqgru
47940,2026Q2,8,0.02793067693710327,0.09527982771396637,0.18215236067771912,-0.08347761631011963,0.293560653924942,9.996661320728762,-8.008832254150777,34.119452565525776,seqgru
48060,2026Q2,1,-0.005522220395505428,0.012570532038807869,0.031157761812210083,-0.031025960110127926,0.05666150152683258,1.2649873282005286,-3.0549594289942195,5.829751766426372,seqgru
48060,2026Q2,2,0.0006976164877414703,0.026575852185487747,0.053996436297893524,-0.02982133999466896,0.08451539278030396,2.69321393546198,-2.9381071158353755,8.818959436644324,seqgru
48060,2026Q2,4,0.013900995254516602,0.053622741252183914,0.09957990795373917,-0.042664699256420135,0.1561456024646759,5.508648645676861,-4.176736767822242,16.89963994560213,seqgru
48060,2026Q2,8,0.04510214179754257,0.11143647134304047,0.19974884390830994,-0.06630615144968033,0.31115713715553284,11.788272416155277,-6.41556896628821,36.500369713290915,seqgru
48140,2026Q2,1,-0.004265408962965012,0.01356514822691679,0.032043974846601486,-0.02976914867758751,0.057547714561223984,1.3657572292659292,-2.9330411956099645,5.923581042090831,seqgru
48140,2026Q2,2,0.0023304540663957596,0.028043922036886215,0.05540534853935242,-0.02818850241601467,0.08592430502176285,2.8440854646586633,-2.779491348026908,8.972383856089404,seqgru
48140,2026Q2,4,0.015446057543158531,0.05588730424642563,0.10192710906267166,-0.041119636967778206,0.1584928035736084,5.747850368433305,-4.028569423014805,17.174349182906965,seqgru
48140,2026Q2,8,0.045363184064626694,0.1165936142206192,0.2084808051586151,-0.0660451091825962,0.319889098405838,12.366269635123771,-6.39113628540493,37.69750471399742,seqgru
48260,2026Q2,1,0.0006893817335367203,0.01846470683813095,0.03762558475136757,-0.024814357981085777,0.06312932446599007,1.8636233641677658,-2.4509012663458507,6.516458216512788,seqgru
48260,2026Q2,2,0.012666341848671436,0.038181766867637634,0.06707939505577087,-0.017852614633738995,0.0975983515381813,3.892005696147649,-1.769420081022366,10.251987075631419,seqgru
48260,2026Q2,4,0.0353117473423481,0.07562113553285599,0.1249535083770752,-0.02125394716858864,0.18151920288801193,7.85538710029976,-2.102967374218734,19.903756147265717,seqgru
48260,2026Q2,8,0.07888258248567581,0.1513862907886505,0.24938762187957764,-0.03252571076154709,0.36079591512680054,16.34459997607567,-3.2002438443124226,43.44706772369435,seqgru
48300,2026Q2,1,-0.011974946595728397,0.006345049012452364,0.02436651661992073,-0.037478686310350895,0.04987025633454323,0.6365221478463967,-3.678505283350886,5.1134709458452,seqgru
48300,2026Q2,2,-0.01418767124414444,0.012206317856907845,0.03803378343582153,-0.04470662772655487,0.06855273991823196,1.2281118993703766,-4.372201386816688,7.0957105651754615,seqgru
48300,2026Q2,4,-0.018568623811006546,0.023149074986577034,0.06550154834985733,-0.07513431832194328,0.12206724286079407,2.3419094363636317,-7.2381118251198195,12.98300722323229,seqgru
48300,2026Q2,8,-0.0124024897813797,0.060461074113845825,0.14763450622558594,-0.1238107830286026,0.25904279947280884,6.232624477502036,-11.645299284431454,29.56892584585329,seqgru
48424,2026Q2,1,-0.011077853851020336,0.007352915592491627,0.025589417666196823,-0.036581593565642834,0.05109315738081932,0.7380014654668088,-3.5920571991041594,5.2420929494045865,seqgru
48424,2026Q2,2,-0.011479739099740982,0.014970852062106133,0.04128291830420494,-0.04199869558215141,0.07180187478661537,1.5083476594373257,-4.1128968659843395,7.444244883510875,seqgru
48424,2026Q2,4,-0.010572407394647598,0.030444037169218063,0.07376144826412201,-0.06713810190558434,0.13032714277505875,3.0912195669668296,-6.4933941984946735,13.920100374897482,seqgru
48424,2026Q2,8,0.004906155169010162,0.0738019123673439,0.1604394018650055,-0.10650213807821274,0.2718476951122284,7.6593524510151445,-10.10268739156781,31.23871031183054,seqgru
48540,2026Q2,1,-0.004753514192998409,0.013246878050267696,0.03183921426534653,-0.030257253907620907,0.057342953979969025,1.3335006652298587,-2.980408524804834,5.901894288439946,seqgru
48540,2026Q2,2,0.0016999300569295883,0.02755528688430786,0.054985858500003815,-0.028819026425480843,0.08550481498241425,2.7938445050150085,-2.8407718914872815,8.926680613195481,seqgru
48540,2026Q2,4,0.014423264190554619,0.05476585030555725,0.10072135925292969,-0.04214243032038212,0.15728705376386642,5.629325497413107,-4.12667818320227,17.03315137539432,seqgru
48540,2026Q2,8,0.046041492372751236,0.11518757045269012,0.20519131422042847,-0.06536680087447166,0.31659960746765137,12.208388761697275,-6.327619075743074,37.2452941989968,seqgru
48620,2026Q2,1,-0.007566164247691631,0.010499847121536732,0.02878320962190628,-0.03306990396231413,0.05428694933652878,1.055516395289402,-3.2529072826060546,5.578751621980116,seqgru
48620,2026Q2,2,-0.004612082615494728,0.021396933123469353,0.04808103293180466,-0.03513103909790516,0.07859998941421509,2.162748895666833,-3.4521107515150695,8.177151545488925,seqgru
48620,2026Q2,4,0.0013669207692146301,0.042317476123571396,0.08681917190551758,-0.05519877374172211,0.14338486641645432,4.322562540996855,-5.370296974381061,15.417391897777133,seqgru
48620,2026Q2,8,0.02218148484826088,0.0937286987900734,0.18351662158966064,-0.08922680839896202,0.29492491483688354,9.826174575465995,-8.5361897556401,34.302551361058065,seqgru
48660,2026Q2,1,-0.013668582774698734,0.004902007058262825,0.02284487709403038,-0.03917232248932123,0.04834861680865288,0.49140415512167746,-3.8415007851147043,4.953647761225621,seqgru
48660,2026Q2,2,-0.01661301776766777,0.00998739805072546,0.03557411953806877,-0.0471319742500782,0.0660930760204792,1.0037438563399892,-4.603850907003359,6.8326148085042115,seqgru
48660,2026Q2,4,-0.020163074135780334,0.020813630893826485,0.062364351004362106,-0.07672876864671707,0.11893004551529884,2.10317451307378,-7.385898197522723,12.629112641709073,seqgru
48660,2026Q2,8,-0.008052542805671692,0.058982960879802704,0.14162284135818481,-0.11946083605289459,0.2530311346054077,6.075716621731719,-11.260123882334916,28.79233751964858,seqgru
48680,2026Q2,1,-0.01251793559640646,0.005759230349212885,0.023750614374876022,-0.03802167531102896,0.04925435408949852,0.577584659994379,-3.730792598507704,5.0487512556523395,seqgru
48680,2026Q2,2,-0.0179101824760437,0.008917096070945263,0.034720733761787415,-0.04842913895845413,0.06523969024419785,0.8956971809250147,-4.727515201102605,6.7414842648691575,seqgru
48680,2026Q2,4,-0.03315211459994316,0.011989669874310493,0.05484967306256294,-0.0897178091108799,0.11141536757349968,1.2061834086126488,-8.581087528263643,11.785913287110183,seqgru
48680,2026Q2,8,-0.05282741039991379,0.03639017418026924,0.13344638049602509,-0.1642357036471367,0.24485467374324799,3.7060401754426486,-15.145800613523619,27.743565477274124,seqgru
48700,2026Q2,1,-0.00931254867464304,0.009008326567709446,0.027233876287937164,-0.03481628838926554,0.05273761600255966,0.904902365390603,-3.4217174520510873,5.4153015947171035,seqgru
48700,2026Q2,2,-0.007293146103620529,0.01878444477915764,0.0451250821352005,-0.03781210258603096,0.07564403861761093,1.8961982368015828,-3.710615084124691,7.857857349659847,seqgru
48700,2026Q2,4,-0.002054411917924881,0.03806289657950401,0.08140429854393005,-0.05862010642886162,0.1379699930548668,3.8796567574712615,-5.693503456790571,14.794110355165046,seqgru
48700,2026Q2,8,0.023238077759742737,0.0888783261179924,0.17331424355506897,-0.08817021548748016,0.28472253680229187,9.294766505047413,-8.439498669516087,32.939311927864054,seqgru
48864,2026Q2,1,-0.006508511491119862,0.0116045493632555,0.030093565583229065,-0.03201225120574236,0.05559730529785156,1.1672143359126474,-3.150528322152002,5.717188049247546,seqgru
48864,2026Q2,2,-0.0022408850491046906,0.02377624623477459,0.05088420212268829,-0.03275984153151512,0.08140315860509872,2.406115471432746,-3.2229049928142794,8.480815816179454,seqgru
48864,2026Q2,4,0.005913004279136658,0.04677075892686844,0.09186842292547226,-0.05065269023180008,0.148434117436409,4.788176400359312,-4.939123108290655,16.00163704045494,seqgru
48864,2026Q2,8,0.030403513461351395,0.10126359015703201,0.19102615118026733,-0.0810047797858715,0.30243444442749023,10.656828383244754,-7.781071643323467,35.314896705828104,seqgru
48900,2026Q2,1,-0.008619439788162708,0.009422947652637959,0.027717653661966324,-0.034123179502785206,0.05322139337658882,0.9467483399961507,-3.3547549827155576,5.4663114702220295,seqgru
48900,2026Q2,2,-0.00930052064359188,0.017059681937098503,0.04371027648448944,-0.03981947712600231,0.07422923296689987,1.7206029339925877,-3.903710072052513,7.7053673409072765,seqgru
48900,2026Q2,4,-0.013235092163085938,0.030712923035025597,0.07568947970867157,-0.06980078667402267,0.1322551742196083,3.1189430658587147,-6.742041631737205,14.139953784624936,seqgru
48900,2026Q2,8,-0.012769997119903564,0.07311432808637619,0.17331448197364807,-0.12417829036712646,0.28472277522087097,7.585353015910257,-11.677764319402817,32.939343623069696,seqgru
49020,2026Q2,1,-0.006067031063139439,0.011817381717264652,0.030238498002290726,-0.031570770777761936,0.05574223771691322,1.1887482837674268,-3.1077617363353016,5.7325110074178065,seqgru
49020,2026Q2,2,-0.0025651361793279648,0.02328399568796158,0.050346098840236664,-0.033084092661738396,0.0808650553226471,2.3557184101030693,-3.2542799882863127,8.4224576358781,seqgru
49020,2026Q2,4,0.003838837146759033,0.04537066072225571,0.0906057357788086,-0.052726857364177704,0.14717143028974533,4.641565321620411,-5.136090912026381,15.855255700739047,seqgru
49020,2026Q2,8,0.02421298250555992,0.09980031847953796,0.19359607994556427,-0.08719531074166298,0.30500437319278717,10.495025789796886,-8.350192376748621,35.663093580187464,seqgru
49180,2026Q2,1,-0.008197891525924206,0.009968332946300507,0.028354402631521225,-0.0337016312405467,0.05385814234614372,1.0018182277722776,-3.3140057593461947,5.533488420530652,seqgru
49180,2026Q2,2,-0.00657406821846962,0.019634248688817024,0.046452879905700684,-0.03709302470088005,0.07697183638811111,1.9828268278869743,-3.64135061656804,8.001165893507189,seqgru
49180,2026Q2,4,-0.0038825124502182007,0.03790838271379471,0.08247033506631851,-0.06044820696115494,0.13903602957725525,3.8636071501124913,-5.865747725431003,14.916550320500743,seqgru
49180,2026Q2,8,0.010901018977165222,0.08570903539657593,0.17786699533462524,-0.10050727427005768,0.28927528858184814,8.94892793662505,-9.56214663048457,33.54593146308993,seqgru
49340,2026Q2,1,-0.008737373165786266,0.00937712099403143,0.02753736451268196,-0.034241112880408764,0.05304110422730446,0.942122393819167,-3.3661520108334786,5.447298752593732,seqgru
49340,2026Q2,2,-0.006642680615186691,0.01928681880235672,0.04565441980957985,-0.03716163709759712,0.07617337629199028,1.9474011002758695,-3.6479617876399195,7.914965690497544,seqgru
49340,2026Q2,4,-0.0018699057400226593,0.03841855749487877,0.08182927966117859,-0.058435600250959396,0.13839497417211533,3.9166092621737425,-5.67610172024745,14.842906052327853,seqgru
49340,2026Q2,8,0.021023418754339218,0.08867760747671127,0.17384521663188934,-0.09038487449288368,0.28525350987911224,9.272831209500376,-8.642049584934608,33.00991786661622,seqgru
49420,2026Q2,1,-0.012586734257638454,0.005888534244149923,0.023898500949144363,-0.03809047397226095,0.04940224066376686,0.5905905742738415,-3.7374155632666217,5.064287704394488,seqgru
49420,2026Q2,2,-0.01425657793879509,0.012142697349190712,0.03788147121667862,-0.04477553442120552,0.06840042769908905,1.2216719203556492,-4.378790555314316,7.07939982203285,seqgru
49420,2026Q2,4,-0.016057081520557404,0.02457321435213089,0.06654879450798035,-0.07262277603149414,0.12311448901891708,2.4877624111681484,-7.004843611152789,13.101390220730202,seqgru
49420,2026Q2,8,-0.002312690019607544,0.06393583863973618,0.1462034434080124,-0.11372098326683044,0.2576117366552353,6.602399901736766,-10.749305448307489,29.383637185240396,seqgru
49620,2026Q2,1,-0.0057219332084059715,0.012213054113090038,0.030684392899274826,-0.03122567292302847,0.056188132613897324,1.2287938001616983,-3.07431866253558,5.779667107072117,seqgru
49620,2026Q2,2,-0.0010228827595710754,0.024744713678956032,0.051877789199352264,-0.031541839241981506,0.0823967456817627,2.5053405007016583,-3.104958454525708,8.58865451753874,seqgru
49620,2026Q2,4,0.008230086416006088,0.04899962991476059,0.09454341232776642,-0.04833560809493065,0.15110910683870316,5.021996206905022,-4.718603866593418,16.312355589318962,seqgru
49620,2026Q2,8,0.03554907441139221,0.10755632817745209,0.1996871531009674,-0.07585921883583069,0.3110954463481903,11.355358342384193,-7.305330599121529,36.49194915501894,seqgru
49660,2026Q2,1,-0.0021041855216026306,0.015726568177342415,0.034470126032829285,-0.027607925236225128,0.05997386574745178,1.5850881469538836,-2.7230309510729467,6.18087966035008,seqgru
49660,2026Q2,2,0.006965175271034241,0.032581496983766556,0.06055242940783501,-0.02355378121137619,0.09107138589024544,3.311808572106645,-2.3278556006160245,9.534719480224595,seqgru
49660,2026Q2,4,0.024135155603289604,0.06443457305431366,0.11163246631622314,-0.03243053890764713,0.16819816082715988,6.65557944737678,-3.1910307936574123,18.317104557219665,seqgru
49660,2026Q2,8,0.06078113242983818,0.1315656304359436,0.2245875597000122,-0.05062716081738472,0.3359958529472351,14.061276417886926,-4.936696228791526,39.93332216901915,seqgru
49700,2026Q2,1,-0.014205924235284328,0.004412630572915077,0.02236562967300415,-0.039709663949906826,0.04786936938762665,0.4422380562961292,-3.8931568538139283,4.903361047060284,seqgru
49700,2026Q2,2,-0.018355868756771088,0.008433627896010876,0.033992137759923935,-0.04887482523918152,0.06451109424233437,0.8469291122047418,-4.769967379628792,6.663741171293558,seqgru
49700,2026Q2,4,-0.027168136090040207,0.014836210757493973,0.05601160228252411,-0.08373383060097694,0.11257729679346085,1.494681363124073,-8.032398686802578,11.915876095309041,seqgru
49700,2026Q2,8,-0.026621013879776,0.04339168965816498,0.12513506412506104,-0.1380293071269989,0.23654335737228394,4.434687461913622,-12.892683728009624,26.686248225766395,seqgru
49740,2026Q2,1,-0.010133123956620693,0.00804613996297121,0.026034582406282425,-0.03563686367124319,0.05153832212090492,0.8078597140386723,-3.5009346971841215,5.288953447905409,seqgru
49740,2026Q2,2,-0.00988420844078064,0.01619582809507847,0.04217325523495674,-0.04040316492319107,0.07269221171736717,1.6327691435762404,-3.959783937431094,7.53994906088713,seqgru
49740,2026Q2,4,-0.00779024139046669,0.033021487295627594,0.07586400210857391,-0.06435593590140343,0.13242969661951065,3.357274768588714,-6.232881071325014,14.159875501626518,seqgru
49740,2026Q2,8,0.01043274998664856,0.08064877986907959,0.16818876564502716,-0.10097554326057434,0.27959705889225006,8.399011055227312,-9.604485958915454,32.259677634342566,seqgru
