cbsa_code,origin,horizon,q10,q50,q90,lo,hi,q50_pct,lo_pct,hi_pct,model
10180,2026Q2,1,0.0005429945886135101,0.01736513152718544,0.037099167704582214,-0.024849887005984783,0.06249204929918051,1.7516781961836037,-2.4543670291356845,6.448599547453782,windowmlp
10180,2026Q2,2,0.01112016849219799,0.03559595346450806,0.06377971172332764,-0.020916463807225227,0.09581634402275085,3.6237073895156957,-2.0699231789612638,10.055692157526508,windowmlp
10180,2026Q2,4,0.03340453654527664,0.07264731824398041,0.12215964496135712,-0.02626713365316391,0.18183131515979767,7.5351213274136075,-2.5925153321773697,19.94118542175658,windowmlp
10180,2026Q2,8,0.07263889908790588,0.14217981696128845,0.23368769884109497,-0.07473678141832352,0.38106337934732437,15.278392000250097,-7.2012282205096145,46.38403797175634,windowmlp
10420,2026Q2,1,-0.005745758302509785,0.011548503302037716,0.031024232506752014,-0.031138639897108078,0.05641711410135031,1.161544470913034,-3.0658825600949458,5.803891465947597,windowmlp
10420,2026Q2,2,-0.0006386954337358475,0.024574287235736847,0.05218708515167236,-0.032675327733159065,0.08422371745109558,2.487872368667232,-3.214725647292438,8.787224259235682,windowmlp
10420,2026Q2,4,0.007063373923301697,0.04660419374704361,0.09275678545236588,-0.052608296275138855,0.15242845565080643,4.770723792452403,-5.124843076889807,16.465913433403646,windowmlp
10420,2026Q2,8,0.019887514412403107,0.09043118357658386,0.17514769732952118,-0.1274881660938263,0.3225233778357506,9.46461754149308,-11.96961667944516,38.06071660898742,windowmlp
10500,2026Q2,1,-0.008974223397672176,0.008601712062954903,0.02770848572254181,-0.03436710499227047,0.0531013673171401,0.8638813089314468,-3.3783263464677193,5.453653524108559,windowmlp
10500,2026Q2,2,-0.007574411109089851,0.018190069124102592,0.045231226831674576,-0.03961104340851307,0.0772678591310978,1.835651612729139,-3.8836782775277245,8.033141427389868,windowmlp
10500,2026Q2,4,-0.006024856120347977,0.0339621901512146,0.07797835022211075,-0.06569652631878853,0.1376500204205513,3.4545489980085664,-6.358500151745505,14.757385257097312,windowmlp
10500,2026Q2,8,-0.0041598305106163025,0.06746933609247208,0.14618343114852905,-0.1515355110168457,0.29355911165475845,6.9797454924713564,-14.061263598809749,34.119245717252554,windowmlp
10540,2026Q2,1,-0.01262024138122797,0.005261285696178675,0.024061918258666992,-0.03801312297582626,0.049454799853265285,0.5275150564780562,-3.729969268455613,5.069809943322379,windowmlp
10540,2026Q2,2,-0.015371810644865036,0.010944071225821972,0.03755969926714897,-0.047408442944288254,0.06959633156657219,1.1004176639177299,-4.630221310312321,7.207533092673546,windowmlp
10540,2026Q2,4,-0.02071019634604454,0.019528349861502647,0.06150759756565094,-0.08038186654448509,0.12117926776409149,1.9720275379458752,-7.723609356592043,12.882725656823645,windowmlp
10540,2026Q2,8,-0.0292680487036705,0.04271561652421951,0.1166718453168869,-0.1766437292098999,0.2640475258231163,4.364105837327115,-16.19216858357063,30.21900824858106,windowmlp
10580,2026Q2,1,-0.003474503755569458,0.013643425889313221,0.03326241672039032,-0.02886738535016775,0.05865529831498861,1.3736922143508634,-2.8454702936762666,6.040965274027732,windowmlp
10580,2026Q2,2,0.0038757789880037308,0.028775610029697418,0.05662792921066284,-0.028160853311419487,0.08866456151008606,2.919362783521562,-2.7768032508528218,9.271405649090303,windowmlp
10580,2026Q2,4,0.016332928091287613,0.055747680366039276,0.10315684974193573,-0.04333874210715294,0.16282851994037628,5.733086473942461,-4.241303990355827,17.683486867137454,windowmlp
10580,2026Q2,8,0.03667455539107323,0.10692978650331497,0.19450297951698303,-0.11070112511515617,0.34187866002321243,11.285611421702079,-10.479373638072076,40.758949027536254,windowmlp
10740,2026Q2,1,-0.010147699154913425,0.007499332539737225,0.02672071009874344,-0.03554058074951172,0.05211359169334173,0.7527522959724253,-3.4916430379255403,5.349540404383113,windowmlp
10740,2026Q2,2,-0.009875273331999779,0.01599276438355446,0.043084368109703064,-0.041911905631422997,0.07512100040912628,1.61213331152672,-4.1045744678828155,7.801458319890187,windowmlp
10740,2026Q2,4,-0.010780401527881622,0.02893085777759552,0.07272525876760483,-0.07045207172632217,0.13239692896604538,2.9353420231472027,-6.802759371606005,14.156134811673592,windowmlp
10740,2026Q2,8,-0.01103191077709198,0.05989032983779907,0.13904988765716553,-0.15840759128332138,0.28642556816339493,6.172010114447879,-14.649816884423828,33.16590463768032,windowmlp
10780,2026Q2,1,-0.006362815387547016,0.011011622846126556,0.03014696016907692,-0.03175569698214531,0.05553984176367521,1.1072473916213799,-3.1256779935478263,5.711113340537843,windowmlp
10780,2026Q2,2,-0.003367895260453224,0.022125110030174255,0.04944813251495361,-0.03540452755987644,0.08148476481437683,2.2371685421837872,-3.4785118748863364,8.489668885565415,windowmlp
10780,2026Q2,4,0.005551740527153015,0.0453464537858963,0.09081674367189407,-0.05411992967128754,0.15048841387033463,4.639032300566592,-5.268151190605641,16.240183728670576,windowmlp
10780,2026Q2,8,0.02215128391981125,0.09267640113830566,0.17411798238754272,-0.12522439658641815,0.3214936628937721,9.71066553546227,-11.770110449098237,37.91862659485521,windowmlp
10900,2026Q2,1,-0.003833996132016182,0.013310009613633156,0.032956138253211975,-0.029226877726614475,0.05834901984781027,1.3398982094895207,-2.880390329323579,6.008492182883618,windowmlp
10900,2026Q2,2,0.0034121759235858917,0.028348136693239212,0.05618573725223541,-0.028624456375837326,0.08822236955165863,2.875376902191862,-2.821865776428656,9.223097393774381,windowmlp
10900,2026Q2,4,0.014838328585028648,0.05424358323216438,0.10153008997440338,-0.0448333416134119,0.16120176017284393,5.5741731820939,-4.384317989183439,17.49219973668734,windowmlp
10900,2026Q2,8,0.03345521166920662,0.1037645936012268,0.19132909178733826,-0.11392046883702278,0.33870477229356766,10.933927861090664,-10.767107898275219,40.31290414900186,windowmlp
11020,2026Q2,1,-0.0027586081996560097,0.014318595640361309,0.03371286392211914,-0.028151489794254303,0.059105745516717434,1.4421597758983662,-2.7758928955191498,6.088741889717619,windowmlp
11020,2026Q2,2,0.004359407350420952,0.02930409088730812,0.057047925889492035,-0.027677224949002266,0.08908455818891525,2.973768071440519,-2.729771983509366,9.317308915488876,windowmlp
11020,2026Q2,4,0.019817180931568146,0.059420883655548096,0.10679744184017181,-0.039854489266872406,0.16646911203861237,6.122179766886093,-3.907074549993428,18.112705270013365,windowmlp
11020,2026Q2,8,0.045852672308683395,0.11624051630496979,0.20228779315948486,-0.101523008197546,0.34966347366571426,12.326600343510563,-9.653960789209338,41.85900753386935,windowmlp
11100,2026Q2,1,-0.007327130995690823,0.010105901397764683,0.029370546340942383,-0.032720012590289116,0.054763427935540676,1.0157138472784544,-3.2190503868232856,5.629069624412053,windowmlp
11100,2026Q2,2,-0.004777098074555397,0.02075531706213951,0.04806126654148102,-0.036813730373978615,0.08009789884090424,2.097220659338239,-3.6144344338537637,8.339312541463073,windowmlp
11100,2026Q2,4,0.0010938644409179688,0.040723755955696106,0.08580847084522247,-0.05857780575752258,0.14548014104366302,4.156433985488617,-5.689514144300456,15.65947655891704,windowmlp
11100,2026Q2,8,0.0123186856508255,0.08292783796787262,0.16436678171157837,-0.1350569948554039,0.31174246221780777,8.646340431228028,-12.633388420494796,36.580290188140594,windowmlp
11180,2026Q2,1,-0.007895971648395061,0.009576119482517242,0.02876247838139534,-0.033288853242993355,0.05415535997599363,0.9622117224068027,-3.274087670164405,5.564859495616137,windowmlp
11180,2026Q2,2,-0.0057468656450510025,0.01982996240258217,0.04706043004989624,-0.03778349794447422,0.07909706234931946,2.0027882189610047,-3.707860721389866,8.230936846220093,windowmlp
11180,2026Q2,4,-0.001359894871711731,0.03838030621409416,0.08309496939182281,-0.06103156507015228,0.14276663959026337,3.9126343947970543,-5.9206456906863325,15.34605982187034,windowmlp
11180,2026Q2,8,0.005628116428852081,0.07663751393556595,0.15703830122947693,-0.14174756407737732,0.30441398173570633,7.965064713901637,-13.215969709528874,35.58302288754882,windowmlp
11200,2026Q2,1,-0.005863145925104618,0.01144764106720686,0.030704941600561142,-0.03125602751970291,0.056097823195159435,1.151341606009293,-3.0772607578466893,5.7701146381668345,windowmlp
11200,2026Q2,2,-0.0014944542199373245,0.023856271058321,0.051233887672424316,-0.03353108651936054,0.08327051997184753,2.414310830665145,-3.297515067255541,8.683577956842093,windowmlp
11200,2026Q2,4,0.007049866020679474,0.04676090180873871,0.09252793341875076,-0.05262180417776108,0.15219960361719131,4.787143496016655,-5.126124632615214,16.439263021884322,windowmlp
11200,2026Q2,8,0.021395500749349594,0.09232129901647568,0.17487308382987976,-0.1259801797568798,0.32224876433610916,9.67171396164581,-11.836767922281355,38.02280847771695,windowmlp
11244,2026Q2,1,-0.006025356240570545,0.011286255903542042,0.03076895698904991,-0.03141823783516884,0.056161838583648205,1.1350185973704185,-3.0929813508993265,5.776885769871898,windowmlp
11244,2026Q2,2,-0.0016662292182445526,0.0236348956823349,0.05120982229709625,-0.03370286151766777,0.08324645459651947,2.391641333425465,-3.314124709839661,8.680962477217946,windowmlp
11244,2026Q2,4,0.006285473704338074,0.04571598023176193,0.09179600328207016,-0.05338619649410248,0.1514676734805107,4.677706335370679,-5.1986177838338925,16.35406879809902,windowmlp
11244,2026Q2,8,0.02130850777029991,0.09142094105482101,0.1758643239736557,-0.1260671727359295,0.3232400044798851,9.573014599857732,-11.844437170892208,38.15969005628674,windowmlp
11260,2026Q2,1,-0.0013755802065134048,0.01556912250816822,0.03522864356637001,-0.026768461801111698,0.060621525160968304,1.5690952738097952,-2.6413362074001467,6.249670980866107,windowmlp
11260,2026Q2,2,0.007433189079165459,0.03215672820806503,0.060199979692697525,-0.02460344322025776,0.09223661199212074,3.2679342605424377,-2.430324551627294,9.662426583800233,windowmlp
11260,2026Q2,4,0.025754280388355255,0.06499504297971725,0.11351215839385986,-0.0339173898100853,0.17318382859230042,6.715373446837503,-3.3348643408681933,18.90846727554416,windowmlp
11260,2026Q2,8,0.05808357149362564,0.1276286095380783,0.21711865067481995,-0.08929210901260376,0.36449433118104935,13.613097612556269,-8.54216220357069,43.97857692713987,windowmlp
11460,2026Q2,1,-0.007591147907078266,0.00985406432300806,0.029175039380788803,-0.03298402950167656,0.054567920975387096,0.9902775484346815,-3.2445988214634847,5.608420424702842,windowmlp
11460,2026Q2,2,-0.004831353202462196,0.02069350890815258,0.04804437234997749,-0.036867985501885414,0.08008100464940071,2.090910413616398,-3.6196637031833068,8.337482251830309,windowmlp
11460,2026Q2,4,-0.0002834834158420563,0.03933317959308624,0.08441905677318573,-0.05995515361428261,0.14409072697162628,4.011697167496786,-5.81932307331714,15.498889241595016,windowmlp
11460,2026Q2,8,0.00809457153081894,0.07870104908943176,0.1605588048696518,-0.13928110897541046,0.3079344853758812,8.188084445718346,-13.001656607073231,36.06118460434353,windowmlp
11500,2026Q2,1,-0.005074625834822655,0.012197144329547882,0.03139331936836243,-0.030467507429420948,0.05678620096296072,1.2271832847756237,-3.0008050912959883,5.84294949965507,windowmlp
11500,2026Q2,2,-9.721703827381134e-05,0.025169940665364265,0.05253544822335243,-0.03213384933769703,0.08457208052277565,2.5489378064520674,-3.162304321004583,8.825128312641084,windowmlp
11500,2026Q2,4,0.010159116238355637,0.050066038966178894,0.09594601392745972,-0.049512553960084915,0.15561768412590027,5.134052352482588,-4.8306789457110755,16.837942768847004,windowmlp
11500,2026Q2,8,0.025608181953430176,0.09699515253305435,0.17920593917369843,-0.12176749855279922,0.3265816196799278,10.18550324022165,-11.464580929465583,38.622138809179376,windowmlp
11540,2026Q2,1,-0.0052127232775092125,0.012046954594552517,0.031547822058200836,-0.030605604872107506,0.05694070365279913,1.2119811425751914,-3.014199507166959,5.859303783411085,windowmlp
11540,2026Q2,2,0.000628545880317688,0.025713881477713585,0.05334668979048729,-0.03140808641910553,0.08538332208991051,2.6047335323986065,-3.091997602440355,8.913447599571779,windowmlp
11540,2026Q2,4,0.00900663435459137,0.04860948771238327,0.09498412907123566,-0.05066503584384918,0.1546557992696762,4.981030685715737,-4.94029668575352,16.725612154284697,windowmlp
11540,2026Q2,8,0.02027927339076996,0.0912969633936882,0.17628079652786255,-0.12709640711545944,0.32365647703409195,9.559430835843408,-11.935123230292211,38.21724175881334,windowmlp
11694,2026Q2,1,-0.005978074856102467,0.011337614618241787,0.030762914568185806,-0.03137095645070076,0.0561557961627841,1.1402128953218016,-3.0883993445719793,5.7762466233413745,windowmlp
11694,2026Q2,2,-0.001896452158689499,0.02343616634607315,0.05098577216267586,-0.03393308445811272,0.08302240446209908,2.3712951322649944,-3.3363814542435755,8.656615220570906,windowmlp
11694,2026Q2,4,0.006499439477920532,0.045960698276758194,0.09197847545146942,-0.05317223072052002,0.15165014564990997,4.7033259936882565,-5.17833136252881,16.37530211463678,windowmlp
11694,2026Q2,8,0.022997036576271057,0.09296274930238724,0.17710775136947632,-0.12437864392995834,0.3244834318757057,9.742085481425743,-11.695458221421351,38.3315884493386,windowmlp
11700,2026Q2,1,-0.01607511192560196,0.002065638080239296,0.020903322845697403,-0.04146799352020025,0.046296204440295696,0.20677729803024736,-4.061995877201408,4.7384604984938905,windowmlp
11700,2026Q2,2,-0.021972812712192535,0.004670938476920128,0.03107782080769539,-0.05400944501161575,0.0631144531071186,0.46818643147295,-5.257684196319346,6.514874183815311,windowmlp
11700,2026Q2,4,-0.03532932326197624,0.004812706261873245,0.04540414363145828,-0.0950009934604168,0.10507581382989883,0.4824305933793793,-9.062796895733428,11.079482077310242,windowmlp
11700,2026Q2,8,-0.05801025778055191,0.014047399163246155,0.08578183501958847,-0.2053859382867813,0.23315751552581787,1.4146527496091021,-18.56670265158251,26.258033967114503,windowmlp
12020,2026Q2,1,-0.012202315963804722,0.005623715464025736,0.024682942777872086,-0.037595197558403015,0.05007582437247038,0.5639558236327336,-3.6897271671640253,5.135081136933439,windowmlp
12020,2026Q2,2,-0.013526443392038345,0.012547899968922138,0.03935624659061432,-0.04556307569146156,0.07139287889003754,1.2626955178646426,-4.454066558693492,7.400309613527645,windowmlp
12020,2026Q2,4,-0.0197579488158226,0.02027902379631996,0.06284119188785553,-0.07942961901426315,0.12251286208629608,2.0486040194874544,-7.635697541242559,13.033365842957224,windowmlp
12020,2026Q2,8,-0.03220837563276291,0.03986251726746559,0.11605215072631836,-0.1795840561389923,0.26342783123254776,4.066769051909347,-16.438229080723442,30.13833723185817,windowmlp
12054,2026Q2,1,-0.012902536429464817,0.004975479561835527,0.02398185431957245,-0.03829541802406311,0.04937473591417074,0.4987877814159214,-3.757141985882506,5.061397977210458,windowmlp
12054,2026Q2,2,-0.01570727676153183,0.010538236238062382,0.037279434502124786,-0.04774390906095505,0.069316066801548,1.0593959017487942,-4.662209273877771,7.177490808695985,windowmlp
12054,2026Q2,4,-0.022097501903772354,0.017820026725530624,0.06002286821603775,-0.0817691721022129,0.1196945384144783,1.7979750753342794,-7.851536148886229,12.715249719961651,windowmlp
12054,2026Q2,8,-0.0320378839969635,0.03942428156733513,0.11477766931056976,-0.1794135645031929,0.26215334981679916,4.0211732700929925,-16.423981283178477,29.972583986731127,windowmlp
12100,2026Q2,1,-0.003804457373917103,0.013334712013602257,0.03311855345964432,-0.029197338968515396,0.05851143505424261,1.3424015791074106,-2.8775214942961314,6.02571097228386,windowmlp
12100,2026Q2,2,0.004178198054432869,0.029022887349128723,0.05695106089115143,-0.02785843424499035,0.08898769319057465,2.9448155544850474,-2.7473966561233465,9.306720407378366,windowmlp
12100,2026Q2,4,0.014590665698051453,0.05398562550544739,0.10144263505935669,-0.0450810045003891,0.16111430525779724,5.546943020646089,-4.407995512887563,17.48192491563907,windowmlp
12100,2026Q2,8,0.03050365298986435,0.10092830657958984,0.18949589133262634,-0.11687202751636505,0.33687157183885574,10.619733185008906,-11.030095712535493,40.05591809475917,windowmlp
12220,2026Q2,1,-0.006151252426207066,0.01118799950927496,0.03054235130548477,-0.03154413402080536,0.055935232900083065,1.1250819232877962,-3.1051808069600506,5.752918841990229,windowmlp
12220,2026Q2,2,-0.0017578471451997757,0.02355540730059147,0.051001712679862976,-0.03379447944462299,0.0830383449792862,2.3835027110190588,-3.3229824635288896,8.658347277018219,windowmlp
12220,2026Q2,4,0.005505166947841644,0.045197006314992905,0.09089132398366928,-0.05416650325059891,0.15056299418210983,4.623395430305943,-5.272563089139726,16.248853281098796,windowmlp
12220,2026Q2,8,0.016767598688602448,0.08772587776184082,0.17078396677970886,-0.13060808181762695,0.31815964728593826,9.168882482402774,-12.243836063420533,37.4595694182996,windowmlp
12260,2026Q2,1,-0.007075601257383823,0.01033045258373022,0.02967449277639389,-0.03246848285198212,0.055067374370992184,1.038399592584205,-3.194704038106977,5.661180083287021,windowmlp
12260,2026Q2,2,-0.0036687739193439484,0.021774817258119583,0.04914853721857071,-0.035705406218767166,0.08118516951799393,2.201361872783014,-3.507548762278634,8.457170759447097,windowmlp
12260,2026Q2,4,0.0018158257007598877,0.04143483564257622,0.08672137558460236,-0.057855844497680664,0.1463930457830429,4.230523848730083,-5.621401042563933,15.765110852909414,windowmlp
12260,2026Q2,8,0.01082785427570343,0.08166152983903885,0.16394394636154175,-0.13654782623052597,0.31131962686777115,8.50884775958869,-12.763540264843032,36.52255142118692,windowmlp
12420,2026Q2,1,-0.01860743761062622,-0.00019777566194534302,0.01803675666451454,-0.044000319205224514,0.043429638259112835,-0.01977561056284438,-4.304634799160745,4.438650687392176,windowmlp
12420,2026Q2,2,-0.02803773060441017,-0.0008583143353462219,0.025025080889463425,-0.06007436290383339,0.05706171318888664,-0.08579460889617252,-5.830549615735614,5.872114543748919,windowmlp
12420,2026Q2,4,-0.04449296370148659,-0.003679778426885605,0.03511085361242294,-0.10416463389992714,0.0947825238108635,-0.36730163391212045,-9.892306260134298,9.941973151172867,windowmlp
12420,2026Q2,8,-0.07163003832101822,0.0015211254358291626,0.0678032860159874,-0.21900571882724762,0.2151789665222168,0.1522282933950514,-19.668287589136757,24.008381059475383,windowmlp
12540,2026Q2,1,-0.011766773648560047,0.006011631805449724,0.025099530816078186,-0.03715965524315834,0.05049241241067648,0.6029737928195944,-3.6477708317360857,5.178888278262916,windowmlp
12540,2026Q2,2,-0.013200175017118454,0.012948274612426758,0.039863552898168564,-0.04523680731654167,0.07190018519759178,1.303246650763934,-4.4228878562236895,7.454808290620374,windowmlp
12540,2026Q2,4,-0.01720169186592102,0.022630268707871437,0.06550827622413635,-0.07687336206436157,0.1251799464225769,2.288827581963626,-7.399288618917699,13.335237742438322,windowmlp
12540,2026Q2,8,-0.021708495914936066,0.04924457520246506,0.12624415755271912,-0.16908417642116547,0.2736198380589485,5.047724000803511,-15.55621813592234,31.47149026540246,windowmlp
12580,2026Q2,1,-0.006719865836203098,0.010654258541762829,0.030056942254304886,-0.03211274743080139,0.05544982384890318,1.071121725887303,-3.1602608394057707,5.701597874834308,windowmlp
12580,2026Q2,2,-0.003386223688721657,0.022028779610991478,0.049516916275024414,-0.035422855988144875,0.08155354857444763,2.2273204672242697,-3.480280945845604,8.497131469569563,windowmlp
12580,2026Q2,4,0.0033941157162189484,0.042863357812166214,0.08847491443157196,-0.0562775544822216,0.1481465846300125,4.3795258637981505,-5.472326631774704,15.96828755897488,windowmlp
12580,2026Q2,8,0.01711563766002655,0.08714409917593002,0.17047438025474548,-0.13026004284620285,0.3178500607609749,9.10538883573957,-12.2132881827698,37.41702037452556,windowmlp
12620,2026Q2,1,-0.013008703477680683,0.004877537954598665,0.0238505732268095,-0.038401585072278976,0.049243454821407795,0.48894525061975447,-3.7673592636510156,5.047606307389363,windowmlp
12620,2026Q2,2,-0.014710325747728348,0.011420969851315022,0.03813093155622482,-0.046746958047151566,0.07016756385564804,1.1486438127164433,-4.5671147723560175,7.268790991787499,windowmlp
12620,2026Q2,4,-0.023287486284971237,0.016946695744991302,0.05898870527744293,-0.08295915648341179,0.11866037547588348,1.709110559660254,-7.961126163485477,12.598744039398802,windowmlp
12620,2026Q2,8,-0.04262443631887436,0.03024384006857872,0.10524284839630127,-0.19000011682510376,0.25261852890253067,3.070583069460553,-17.304096266621873,28.739208028220432,windowmlp
12700,2026Q2,1,-0.007736396975815296,0.009724164381623268,0.029116783291101456,-0.03312927857041359,0.05450966488569975,0.9771597693185141,-3.2586514327908933,5.602268270292821,windowmlp
12700,2026Q2,2,-0.004638358950614929,0.02087714709341526,0.048229362815618515,-0.03667499125003815,0.08026599511504173,2.1096599246469783,-3.6010610572427826,8.357525506966844,windowmlp
12700,2026Q2,4,-0.0010342076420783997,0.03861255198717117,0.08370435237884521,-0.06070587784051895,0.14337602257728577,3.93677046754648,-5.8900002562732094,15.416371169439525,windowmlp
12700,2026Q2,8,0.005898408591747284,0.07672776281833649,0.15893736481666565,-0.14147727191448212,0.30631304532289505,7.974808880063766,-13.19250949586378,35.84074831038255,windowmlp
12940,2026Q2,1,-0.00596159603446722,0.011366077698767185,0.03065679222345352,-0.031354477629065514,0.056049673818051815,1.1430916983154127,-3.086802342432071,5.765021995635178,windowmlp
12940,2026Q2,2,-0.0023829620331525803,0.023005813360214233,0.05046849697828293,-0.0344195943325758,0.08250512927770615,2.3272488181497852,-3.383397821276646,8.600424384212712,windowmlp
12940,2026Q2,4,0.006957363337278366,0.04652206227183342,0.09236396849155426,-0.052714306861162186,0.1520356386899948,4.762119171708412,-5.134900314778024,16.42017263172011,windowmlp
12940,2026Q2,8,0.024902205914258957,0.09498415887355804,0.1780530959367752,-0.12247347459197044,0.3254287764430046,9.964143542910996,-11.52706275601606,38.46242129628201,windowmlp
12980,2026Q2,1,-0.004612253047525883,0.012604724615812302,0.03203187510371208,-0.030005134642124176,0.057424756698310375,1.2684498982743708,-2.955944932921495,5.910557705610953,windowmlp
12980,2026Q2,2,0.001375831663608551,0.026523344218730927,0.054136522114276886,-0.030660800635814667,0.0861731544137001,2.6878218651630537,-3.019552564759509,8.999504941942838,windowmlp
12980,2026Q2,4,0.011948984116315842,0.05157314985990524,0.09810960292816162,-0.04772268608212471,0.15778127312660217,5.292620487952693,-4.660185900492531,17.091005720077092,windowmlp
12980,2026Q2,8,0.02974073961377144,0.10037058591842651,0.18536251783370972,-0.11763494089245796,0.3327381983399391,10.558055475344519,-11.097946157289208,39.47820943986366,windowmlp
13020,2026Q2,1,-0.00865312572568655,0.00889075081795454,0.028090976178646088,-0.03404600732028484,0.05348385777324438,0.8930390932712529,-3.347296370434294,5.493996255005773,windowmlp
13020,2026Q2,2,-0.006324371322989464,0.019311808049678802,0.04643920436501503,-0.03836100362241268,0.07847583666443825,1.9499487209272415,-3.763453924323845,8.163721888343222,windowmlp
13020,2026Q2,4,-0.005194559693336487,0.034765083342790604,0.07903306186199188,-0.06486622989177704,0.13870473206043243,3.537645305302406,-6.28071766220849,14.878485058549273,windowmlp
13020,2026Q2,8,-0.0059349313378334045,0.06590729206800461,0.1456487476825714,-0.1533106118440628,0.2930244281888008,6.812768866657737,-14.213678205217217,34.04755354211917,windowmlp
13140,2026Q2,1,-0.005157423205673695,0.012101840227842331,0.031457677483558655,-0.030550304800271988,0.05685055907815695,1.2175363787066518,-3.0088360371339107,5.84976157159538,windowmlp
13140,2026Q2,2,-0.0005056634545326233,0.02478606253862381,0.052378833293914795,-0.03254229575395584,0.08441546559333801,2.509579067270562,-3.2018492542205346,8.80808600742391,windowmlp
13140,2026Q2,4,0.010446049273014069,0.0499669574201107,0.09630350768566132,-0.04922562092542648,0.15597517788410187,5.123636024072575,-4.8033678055677935,16.879719071046708,windowmlp
13140,2026Q2,8,0.03133441507816315,0.10125236213207245,0.18549269437789917,-0.11604126542806625,0.33286837488412857,10.655585932588863,-10.956152178564317,39.49636741300375,windowmlp
13220,2026Q2,1,-0.009279348887503147,0.008344601839780807,0.02729824185371399,-0.03467223048210144,0.05269112344831228,0.8379515074492749,-3.407803584612479,5.410400682018057,windowmlp
13220,2026Q2,2,-0.008238855749368668,0.017623454332351685,0.04450932517647743,-0.040275488048791885,0.07654595747590065,1.7779663703968884,-3.947521040000057,7.955180267308282,windowmlp
13220,2026Q2,4,-0.007899127900600433,0.03238376975059509,0.07599328458309174,-0.06757079809904099,0.1356649547815323,3.2913830334529104,-6.533845398716731,14.529810265177812,windowmlp
13220,2026Q2,8,-0.008699789643287659,0.06352774053812027,0.14066067337989807,-0.15607547014951706,0.28803635388612747,6.558904540499988,-14.450537637253802,33.38057922659012,windowmlp
13380,2026Q2,1,-0.00952885951846838,0.008081626147031784,0.027140066027641296,-0.03492174111306667,0.05253294762223959,0.8114370637761104,-3.4319013580360602,5.393728623406613,windowmlp
13380,2026Q2,2,-0.00885687954723835,0.017021676525473595,0.04405593127012253,-0.04089351184666157,0.07609256356954575,1.7167370740696075,-4.006865417833927,7.9062451406980205,windowmlp
13380,2026Q2,4,-0.007978040724992752,0.03194068744778633,0.0757056251168251,-0.0676497109234333,0.13537729531526566,3.2456265872824908,-6.541220785951262,14.496869419185554,windowmlp
13380,2026Q2,8,-0.0049721598625183105,0.06627098470926285,0.14482277631759644,-0.1523478403687477,0.29219845682382584,6.851622949730718,-14.131045809947318,33.93687981430551,windowmlp
13460,2026Q2,1,-0.013666384853422642,0.0042977528646588326,0.023090984672307968,-0.039059266448020935,0.04848386626690626,0.43070014491319863,-3.8306288712999015,4.967843645198222,windowmlp
13460,2026Q2,2,-0.017538461834192276,0.008921567350625992,0.03547080606222153,-0.049575094133615494,0.06750743836164474,0.8961483148142602,-4.836630665451858,6.983821741186791,windowmlp
13460,2026Q2,4,-0.025004837661981583,0.015199488028883934,0.05672518163919449,-0.08467650786042213,0.11639685183763504,1.5315587719869406,-8.11905360293973,12.344162355155186,windowmlp
13460,2026Q2,8,-0.03586456924676895,0.03591630235314369,0.10933022201061249,-0.18324024975299835,0.2567059025168419,3.6569084466911983,-16.74318925748888,29.266490135637135,windowmlp
13740,2026Q2,1,-0.007732170633971691,0.009737618267536163,0.02893388643860817,-0.033125052228569984,0.05432676803320646,0.9785183136447051,-3.2582425699174355,5.582955713966742,windowmlp
13740,2026Q2,2,-0.005462663248181343,0.020140567794442177,0.04732029512524605,-0.03749929554760456,0.07935692742466927,2.034475755871723,-3.6804903754324436,8.25906594150525,windowmlp
13740,2026Q2,4,-0.0005383975803852081,0.03921755775809288,0.08394549787044525,-0.06021006777882576,0.1436171680688858,3.9996718394181396,-5.8433280021638385,15.444206663070869,windowmlp
13740,2026Q2,8,0.0077456459403038025,0.07890235632658005,0.15923239290714264,-0.1396300345659256,0.30660807341337204,8.209865682377227,-13.032007260047763,35.88083105944324,windowmlp
13780,2026Q2,1,-0.005916091613471508,0.011408011429011822,0.030795246362686157,-0.0313089732080698,0.05618812795728445,1.1473330943669646,-3.0823922631475265,5.779666614497159,windowmlp
13780,2026Q2,2,-0.0005167312920093536,0.024670425802469254,0.05215888097882271,-0.03255336359143257,0.08419551327824593,2.497725879467838,-3.20292059449232,8.784156048827207,windowmlp
13780,2026Q2,4,0.005742605775594711,0.045560963451862335,0.09130215644836426,-0.05392906442284584,0.1509738266468048,4.661480792055506,-5.250068447118528,16.296621895787222,windowmlp
13780,2026Q2,8,0.012216836214065552,0.083824023604393,0.16736213862895966,-0.13515884429216385,0.31473781913518906,8.743751363602614,-12.642286207550802,36.99001022767134,windowmlp
13820,2026Q2,1,-0.007228313945233822,0.010192658752202988,0.029474318027496338,-0.032621195539832115,0.05486719962209463,1.0244780835440226,-3.2094863063027446,5.640031499872422,windowmlp
13820,2026Q2,2,-0.004486352205276489,0.02102131024003029,0.04836380109190941,-0.03652298450469971,0.08040043339133263,2.1243814356456836,-3.58640665452421,8.372093885171017,windowmlp
13820,2026Q2,4,0.0014028064906597137,0.04100806266069412,0.08618892729282379,-0.05826886370778084,0.14586059749126434,4.186050567936372,-5.660373168283406,15.703488324249125,windowmlp
13820,2026Q2,8,0.01310361921787262,0.0836126059293747,0.16554434597492218,-0.13427206128835678,0.3129200264811516,8.720763442628577,-12.564784513194393,36.741216989172365,windowmlp
13900,2026Q2,1,-0.003022703342139721,0.01407051645219326,0.03349620848894119,-0.028415584936738014,0.058889090083539486,1.4169972085388505,-2.801565919728044,6.065759677088711,windowmlp
13900,2026Q2,2,0.003929607570171356,0.028890900313854218,0.056639570742845535,-0.02810702472925186,0.08867620304226875,2.931229070122754,-2.7715697231625924,9.27267774308036,windowmlp
13900,2026Q2,4,0.01876487396657467,0.05829015374183655,0.10560593008995056,-0.04090679623186588,0.1652776002883911,6.0022520594163575,-4.008140619140532,17.97205640286259,windowmlp
13900,2026Q2,8,0.043898772448301315,0.1141778975725174,0.20031455159187317,-0.10347690805792809,0.34769023209810257,12.095152170214263,-9.830315556725411,41.57936143885059,windowmlp
13980,2026Q2,1,-0.006486021913588047,0.010887437500059605,0.030172377824783325,-0.03187890350818634,0.05556525941938162,1.0946921327198877,-3.1376128069862785,5.7138003033690765,windowmlp
13980,2026Q2,2,-0.0026242639869451523,0.02279083803296089,0.05017179995775223,-0.03466089628636837,0.08220843225717545,2.3052533486745075,-3.406708783547696,8.568207741396861,windowmlp
13980,2026Q2,4,0.004161372780799866,0.04391765221953392,0.08934685587882996,-0.055510297417640686,0.1490185260772705,4.489630645388987,-5.399771776031037,16.069449212575115,windowmlp
13980,2026Q2,8,0.015482664108276367,0.08652429282665253,0.16869565844535828,-0.13189301639795303,0.3160713389515877,9.037785575627911,-12.356524578909633,37.172810978081,windowmlp
14010,2026Q2,1,-0.004329490475356579,0.012853254564106464,0.03241817653179169,-0.029722372069954872,0.05781105812638998,1.2936212686815551,-2.928500626368491,5.9514790087713765,windowmlp
14010,2026Q2,2,0.001933358609676361,0.026971327140927315,0.05474080145359039,-0.030103273689746857,0.08677743375301361,2.7338345613577397,-2.9654682767496277,9.065390995560252,windowmlp
14010,2026Q2,4,0.013110388070344925,0.05251039192080498,0.09948189556598663,-0.04656128212809563,0.15915356576442719,5.391351420740542,-4.549393538530944,17.251799147767134,windowmlp
14010,2026Q2,8,0.03216118365526199,0.10233979672193527,0.18871107697486877,-0.11521449685096741,0.3360867574810982,10.775982093904467,-10.882503082017415,39.94604332063925,windowmlp
14020,2026Q2,1,-0.013333302922546864,0.0045902663841843605,0.02343413606286049,-0.03872618451714516,0.04882701765745878,0.4600817795341605,-3.7985912561940838,5.003869687548113,windowmlp
14020,2026Q2,2,-0.016439683735370636,0.009893635287880898,0.03650783747434616,-0.048476316034793854,0.06854446977376938,0.9942739102294817,-4.732009772369839,7.094824871840166,windowmlp
14020,2026Q2,4,-0.02388472482562065,0.01632057875394821,0.058055415749549866,-0.0835563950240612,0.11772708594799042,1.6454486893640485,-8.016078914594738,12.493705833885805,windowmlp
14020,2026Q2,8,-0.03703577071428299,0.035055335611104965,0.1088990718126297,-0.1844114512205124,0.2562747523188591,3.567701703466053,-16.840642676477536,29.210768875801897,windowmlp
14260,2026Q2,1,-0.007575192488729954,0.009896664880216122,0.028920702636241913,-0.03296807408332825,0.054313584230840206,0.9945798821711094,-3.243055036244391,5.581563738321149,windowmlp
14260,2026Q2,2,-0.005086701363325119,0.02060955949127674,0.04773052781820297,-0.03712333366274834,0.07976716011762619,2.082340300951868,-3.6442711029392116,8.30348646041501,windowmlp
14260,2026Q2,4,0.0002942085266113281,0.04029052332043648,0.08480794727802277,-0.059377461671829224,0.14447961747646332,4.111319792289869,-5.764899936731593,15.543814397857458,windowmlp
14260,2026Q2,8,0.011472143232822418,0.08278802037239075,0.16273397207260132,-0.13590353727340698,0.3101096525788307,8.631150823063027,-12.707316667000812,36.357462540898375,windowmlp
14454,2026Q2,1,-0.00450205709785223,0.012696322053670883,0.032256826758384705,-0.029894938692450523,0.057649708352983,1.2777262536596723,-2.945250481881423,5.93438514072413,windowmlp
14454,2026Q2,2,0.0013443809002637863,0.02644907310605049,0.054205331951379776,-0.03069225139915943,0.086241964250803,2.680195409590591,-3.0226026258972305,9.007005438173188,windowmlp
14454,2026Q2,4,0.012349708005785942,0.051715824753046036,0.09857983887195587,-0.04732196219265461,0.15825150907039642,5.3076441730551815,-4.621973303526328,17.146079067380594,windowmlp
14454,2026Q2,8,0.03334964066743851,0.10317401587963104,0.18958830833435059,-0.1140260398387909,0.33696398884058,10.868432096800063,-10.77652780684173,40.0688622409036,windowmlp
14500,2026Q2,1,-0.013798876665532589,0.004176469519734383,0.02296474389731884,-0.03919175826013088,0.04835762549191713,0.41852031228686304,-3.84336968150506,4.954593259654572,windowmlp
14500,2026Q2,2,-0.018094122409820557,0.008377255871891975,0.0349336639046669,-0.050130754709243774,0.06697029620409012,0.8412443269174341,-4.889494509497839,6.926371651167251,windowmlp
14500,2026Q2,4,-0.025386925786733627,0.014743108302354813,0.056245073676109314,-0.08505859598517418,0.11591674387454987,1.4852323989732907,-8.154153515392137,12.290237974000572,windowmlp
14500,2026Q2,8,-0.03623175621032715,0.0354061983525753,0.1085549145936966,-0.18360743671655655,0.255930595099926,3.6040461267926593,-16.773754461105394,29.166307708184135,windowmlp
14540,2026Q2,1,-0.011918972246348858,0.005890583619475365,0.024799536913633347,-0.03731185384094715,0.05019241850823164,0.5907967223593769,-3.6624343899945067,5.147339985497834,windowmlp
14540,2026Q2,2,-0.013785596936941147,0.012374278157949448,0.039069294929504395,-0.045822229236364365,0.07110592722892761,1.245115631454885,-4.478824417863814,7.3694953375955885,windowmlp
14540,2026Q2,4,-0.018072303384542465,0.022046035155653954,0.06444880366325378,-0.07774397358298302,0.12412047386169434,2.22908447053769,-7.479872781038733,13.215225753799519,windowmlp
14540,2026Q2,8,-0.02686072140932083,0.04517306387424469,0.12009432911872864,-0.17423640191555023,0.26747000962495804,4.620890520846932,-15.990172665929636,30.665444219169324,windowmlp
14580,2026Q2,1,-0.016049344092607498,0.0021304981783032417,0.020611118525266647,-0.04144222568720579,0.04600400011986494,0.21327693021357952,-4.059523730882564,4.70785993884657,windowmlp
14580,2026Q2,2,-0.022182337939739227,0.00461089052259922,0.030730247497558594,-0.054218970239162445,0.06276687979698181,0.46215370353170915,-5.277533022108926,6.477858889553256,windowmlp
14580,2026Q2,4,-0.03510238602757454,0.005641847848892212,0.04560413584113121,-0.09477405622601509,0.10527580603957176,0.5657793045154014,-9.042157516523485,11.10169932994487,windowmlp
14580,2026Q2,8,-0.05852767080068588,0.014906689524650574,0.08385010063648224,-0.20590335130691528,0.23122578114271164,1.5018348352204836,-18.608826401274982,26.014372402238763,windowmlp
14740,2026Q2,1,-0.008024725131690502,0.009472600184381008,0.028556399047374725,-0.033417606726288795,0.05394928064197302,0.951760726060269,-3.2865406666012675,5.543107001122083,windowmlp
14740,2026Q2,2,-0.0061110444366931915,0.019610024988651276,0.04676879197359085,-0.03814767673611641,0.07880542427301407,1.9803564563887432,-3.7429218916621765,8.199377186224478,windowmlp
14740,2026Q2,4,-0.0015771165490150452,0.03828888013958931,0.0827665776014328,-0.0612487867474556,0.14243824779987335,3.9031345048183175,-5.941079546410455,15.308187341617142,windowmlp
14740,2026Q2,8,0.008087068796157837,0.07903750240802765,0.15903055667877197,-0.13928861171007156,0.3064062371850014,8.224490809940255,-13.00230933011106,35.85340815255549,windowmlp
14860,2026Q2,1,-0.0011422131210565567,0.015786049887537956,0.03561430424451828,-0.02653509471565485,0.06100718583911657,1.5911307814385545,-2.6186132484946723,6.290655203523188,windowmlp
14860,2026Q2,2,0.008782186545431614,0.033352695405483246,0.06151735410094261,-0.023254445753991604,0.09355398640036583,3.3915132059157083,-2.298614488365991,9.806988258145942,windowmlp
14860,2026Q2,4,0.026033371686935425,0.06527079641819,0.11411021649837494,-0.03363829851150513,0.1737818866968155,6.744804635692625,-3.3078821775613054,18.97960271753729,windowmlp
14860,2026Q2,8,0.05450468510389328,0.12434640526771545,0.2154766023159027,-0.09287099540233612,0.3628522828221321,13.240807518690323,-8.868894397050775,43.74235114133778,windowmlp
15180,2026Q2,1,-0.01249027345329523,0.005361238960176706,0.024417992681264877,-0.037883155047893524,0.04981087427586317,0.5375636119141713,-3.717456438923772,5.107229276868841,windowmlp
15180,2026Q2,2,-0.014725055545568466,0.01148823369294405,0.038276273757219315,-0.046761687844991684,0.07031290605664253,1.15544768789968,-4.568520469109883,7.284382807015177,windowmlp
15180,2026Q2,4,-0.020544245839118958,0.019349705427885056,0.0617770180106163,-0.08021591603755951,0.12144868820905685,1.9538124299037785,-7.708294772091118,12.913142668297395,windowmlp
15180,2026Q2,8,-0.029398441314697266,0.04202482849359512,0.11785862594842911,-0.17677412182092667,0.2652343064546585,4.292037257110026,-16.20309579310434,30.373641385085403,windowmlp
15260,2026Q2,1,-0.01234372053295374,0.005493898410350084,0.024509824812412262,-0.03773660212755203,0.049902706407010555,0.5509017545204609,-3.703344916969864,5.116881940937912,windowmlp
15260,2026Q2,2,-0.013784654438495636,0.012329097837209702,0.039075788110494614,-0.045821286737918854,0.07111242040991783,1.2405414479896404,-4.478734389261884,7.3701925094250775,windowmlp
15260,2026Q2,4,-0.020620785653591156,0.01949879713356495,0.06184374541044235,-0.08029245585203171,0.1215154156088829,1.9690140308876725,-7.715358491755242,12.920677320094898,windowmlp
15260,2026Q2,8,-0.03499901294708252,0.03737708553671837,0.11279583722352982,-0.18237469345331192,0.2601715177297592,3.8084393653745385,-16.671094603969173,29.71525522477436,windowmlp
15380,2026Q2,1,-0.0026004277169704437,0.01445226464420557,0.03411739319562912,-0.027993309311568737,0.05951027479022741,1.4557203546377684,-2.7605127229392012,6.131666572961958,windowmlp
15380,2026Q2,2,0.00568917952477932,0.030490074306726456,0.05843763425946236,-0.026347452774643898,0.09047426655888557,3.095965700866299,-2.6003387015841817,9.46933370526577,windowmlp
15380,2026Q2,4,0.020037544891238213,0.05941656231880188,0.1073174774646759,-0.03963412530720234,0.16698914766311646,6.121721178201933,-3.8858967991241666,18.174144058255017,windowmlp
15380,2026Q2,8,0.04444575682282448,0.11460127681493759,0.20326068997383118,-0.10292992368340492,0.3506363704800606,12.142620978764107,-9.78098065679961,41.9970888689394,windowmlp
15500,2026Q2,1,-0.010797890834510326,0.006913928315043449,0.025995813310146332,-0.03619077242910862,0.051388694904744625,0.693788469649248,-3.554371573637982,5.273200533470335,windowmlp
15500,2026Q2,2,-0.011035673320293427,0.014922158792614937,0.041818201541900635,-0.043072305619716644,0.07385483384132385,1.5034050064470783,-4.215786980569258,7.665050093397063,windowmlp
15500,2026Q2,4,-0.013590637594461441,0.026363860815763474,0.06955140829086304,-0.07326230779290199,0.1292230784893036,2.6714461677493695,-7.064297953823894,13.794394667004383,windowmlp
15500,2026Q2,8,-0.019659943878650665,0.052262306213378906,0.12940168380737305,-0.16703562438488007,0.27677736431360245,5.365208575733904,-15.38305334665031,31.887271021537302,windowmlp
15540,2026Q2,1,-0.011876075528562069,0.005912094842642546,0.02501472644507885,-0.03726895712316036,0.05040760803967714,0.5929605767097224,-3.658301735992253,5.169969027001153,windowmlp
15540,2026Q2,2,-0.01325271651148796,0.012794876471161842,0.039676230400800705,-0.04528934881091118,0.07171286270022392,1.287708112845487,-4.427909488600057,7.434681472738935,windowmlp
15540,2026Q2,4,-0.018203068524599075,0.02166636474430561,0.06447955220937729,-0.07787473872303963,0.12415122240781784,2.1902784791945074,-7.491970397442083,13.218707010912013,windowmlp
15540,2026Q2,8,-0.027481339871883392,0.04410958290100098,0.12093047052621841,-0.1748570203781128,0.2683061510324478,4.509687336090584,-16.04229454023813,30.77474469656858,windowmlp
15764,2026Q2,1,-0.005999934859573841,0.011311978101730347,0.030765406787395477,-0.031392816454172134,0.05615828838199377,1.1376200458198982,-3.090517809343818,5.776510241263644,windowmlp
15764,2026Q2,2,-0.0015969965606927872,0.023712707683444023,0.05130048096179962,-0.033633628860116005,0.08333711326122284,2.3996089419182187,-3.307430658024779,8.69081579479236,windowmlp
15764,2026Q2,4,0.006303686648607254,0.04577934741973877,0.09182721376419067,-0.0533679835498333,0.15149888396263123,4.684339677430915,-5.196891155819506,16.357700321353374,windowmlp
15764,2026Q2,8,0.02140676975250244,0.09156052768230438,0.17590080201625824,-0.12596891075372696,0.32327648252248764,9.588310594962257,-11.835774404943134,38.164729943268625,windowmlp
15804,2026Q2,1,-0.004275809042155743,0.012893366627395153,0.032605305314064026,-0.029668690636754036,0.05799818690866232,1.2976844463192805,-2.9232895492913635,5.971307435195028,windowmlp
15804,2026Q2,2,0.0028336867690086365,0.027768336236476898,0.05562663450837135,-0.02920294553041458,0.08766326680779457,2.8157470000671037,-2.878066015957237,9.162047528492124,windowmlp
15804,2026Q2,4,0.012905333191156387,0.05227428674697876,0.09945769608020782,-0.046766337007284164,0.15912936627864838,5.366470914717247,-4.568964144514675,17.24896174885304,windowmlp
15804,2026Q2,8,0.028283175081014633,0.09866249561309814,0.1862429827451706,-0.11909250542521477,0.3336186632514,10.369373521393733,-11.227432247768721,39.6010691881006,windowmlp
15940,2026Q2,1,-0.001692592166364193,0.015284504741430283,0.03499035909771919,-0.027085473760962486,0.060383240692317486,1.5401910182708312,-2.6721951766279006,6.224356350633498,windowmlp
15940,2026Q2,2,0.007575949653983116,0.03225867450237274,0.06030018627643585,-0.0244606826454401,0.09233681857585907,3.278462580413599,-2.416394454364823,9.673416031530957,windowmlp
15940,2026Q2,4,0.0238747987896204,0.06322326511144638,0.1116047203540802,-0.03579687140882015,0.17127639055252075,6.526464911359686,-3.5163740590599013,18.68187291786152,windowmlp
15940,2026Q2,8,0.050643790513277054,0.12074986845254898,0.21040281653404236,-0.09673188999295235,0.35777849704027176,12.834264297523346,-9.220063639769826,43.01488032004501,windowmlp
15980,2026Q2,1,-0.020986512303352356,-0.00239722803235054,0.016081420704722404,-0.04637939389795065,0.0414743022993207,-0.23943569758815286,-4.532030617647798,4.234637560213805,windowmlp
15980,2026Q2,2,-0.03281065449118614,-0.005446551367640495,0.020398380234837532,-0.06484728679060936,0.05243501253426075,-0.5431745798699983,-6.2789423115465315,5.383407384735417,windowmlp
15980,2026Q2,4,-0.05486087128520012,-0.014412928372621536,0.023755967617034912,-0.11453254148364067,0.08342763781547546,-1.4309559333239297,-10.821708199329317,8.70065542780103,windowmlp
15980,2026Q2,8,-0.09122375398874283,-0.018635116517543793,0.047150470316410065,-0.23859943449497223,0.19452615082263947,-1.846255628955118,-21.226964320742113,21.473524879573436,windowmlp
16020,2026Q2,1,-0.006582430563867092,0.010793868452310562,0.02990829199552536,-0.031975312158465385,0.05530117359012365,1.0852332411811938,-3.1469507288629073,5.685886472737733,windowmlp
16020,2026Q2,2,-0.0029475390911102295,0.0225096195936203,0.049764253199100494,-0.03498417139053345,0.08180088549852371,2.276487269956906,-3.4379299430436383,8.52397013529802,windowmlp
16020,2026Q2,4,0.004004362970590591,0.043936245143413544,0.08905302733182907,-0.05566730722784996,0.14872469753026962,4.49157343119877,-5.414623773925031,16.035349704911518,windowmlp
16020,2026Q2,8,0.01370624452829361,0.08525174856185913,0.16602811217308044,-0.1336694359779358,0.31340379267930984,8.899118415710184,-12.512077959763435,36.80738377118262,windowmlp
16180,2026Q2,1,-0.008217121474444866,0.009291792288422585,0.028325501829385757,-0.03361000306904316,0.05371838342398405,0.9335095006426375,-3.3051461925971637,5.5187402045586476,windowmlp
16180,2026Q2,2,-0.0064389668405056,0.01930146850645542,0.04639507830142975,-0.03847559913992882,0.07843171060085297,1.948894610475338,-3.77448156925394,8.158949154375318,windowmlp
16180,2026Q2,4,-0.0023139342665672302,0.037613511085510254,0.08188214898109436,-0.06198560446500778,0.1415538191795349,3.832985234141617,-6.010358299453856,15.20625056511886,windowmlp
16180,2026Q2,8,0.005474932491779327,0.07679800689220428,0.15605315566062927,-0.14190074801445007,0.3034288361668587,7.982393736907101,-13.229262610808334,35.449519644201686,windowmlp
16220,2026Q2,1,-0.008354582823812962,0.009145710617303848,0.028387192636728287,-0.033747464418411255,0.05378007423132658,0.9187660418036758,-3.318437084165604,5.525249941625021,windowmlp
16220,2026Q2,2,-0.006433961912989616,0.01919674500823021,0.04643610864877701,-0.038470594212412834,0.07847274094820023,1.938218724609353,-3.7739999663038093,8.1633870446713,windowmlp
16220,2026Q2,4,-0.003378763794898987,0.036323461681604385,0.08098188787698746,-0.06305043399333954,0.140653558075428,3.6991219171456313,-6.110387978564258,15.102581530386662,windowmlp
16220,2026Q2,8,0.0022468864917755127,0.07301800698041916,0.15362265706062317,-0.1451287940144539,0.30099833756685257,7.574990774782253,-13.508910940883768,35.12070952446842,windowmlp
16300,2026Q2,1,-0.00414677057415247,0.013029822148382664,0.032507576048374176,-0.029539652168750763,0.05790045764297247,1.311508017755103,-2.9107621110526782,5.960951443185181,windowmlp
16300,2026Q2,2,0.0016831718385219574,0.02677365206182003,0.05448935925960541,-0.03035346046090126,0.08652599155902863,2.713528649536312,-2.9897419963235694,9.037970801801798,windowmlp
16300,2026Q2,4,0.014173123985528946,0.05359535664319992,0.10053934901952744,-0.045498546212911606,0.160211019217968,5.505759372150254,-4.4479008304974865,17.375853046761925,windowmlp
16300,2026Q2,8,0.03714923560619354,0.10706763714551926,0.192947655916214,-0.11022644490003586,0.3403233364224434,11.300953272122328,-10.436869880844668,40.540193474029905,windowmlp
16540,2026Q2,1,-0.006934435106813908,0.010462895035743713,0.029713310301303864,-0.0323273167014122,0.05510619189590216,1.0517822521703302,-3.181037442513601,5.665281668383093,windowmlp
16540,2026Q2,2,-0.00337383896112442,0.02207235060632229,0.04941800981760025,-0.03541047126054764,0.08145464211702347,2.2317747103642205,-3.479085568015161,8.486400933323623,windowmlp
16540,2026Q2,4,0.0024011246860027313,0.042195018380880356,0.08741550147533417,-0.05727054551243782,0.14708717167377472,4.3097882176496904,-5.5661451753414415,15.84549430848725,windowmlp
16540,2026Q2,8,0.011136949062347412,0.08229216188192368,0.16401734948158264,-0.136238731443882,0.31139302998781204,8.577298497268115,-12.736571762236547,36.53257297021917,windowmlp
16580,2026Q2,1,-0.0025855861604213715,0.014462964609265327,0.03408929705619812,-0.027978467755019665,0.05948217865079641,1.4568059331084848,-2.7590695268803644,6.128684724749278,windowmlp
16580,2026Q2,2,0.0056645190343260765,0.030446508899331093,0.05839594081044197,-0.02637211326509714,0.09043257310986519,3.0914743809535405,-2.602740595385711,9.464769646327964,windowmlp
16580,2026Q2,4,0.019998565316200256,0.059420280158519745,0.10725264251232147,-0.039673104882240295,0.16692431271076202,6.1221157224852885,-3.889643213004812,18.1664824916268,windowmlp
16580,2026Q2,8,0.04279027506709099,0.11306828260421753,0.2013714462518692,-0.10458540543913841,0.3487471267580986,11.970838694294205,-9.930213037518188,41.72907501172263,windowmlp
16620,2026Q2,1,-0.004213365726172924,0.012969228439033031,0.032433636486530304,-0.029606247320771217,0.0578265180811286,1.3053693636682961,-2.917227568323,5.953117026503141,windowmlp
16620,2026Q2,2,0.0017414744943380356,0.02683284878730774,0.0545077845454216,-0.030295157805085182,0.08654441684484482,2.7196091340662587,-2.984085875758735,9.039979876087468,windowmlp
16620,2026Q2,4,0.013629239052534103,0.05313844233751297,0.09997588396072388,-0.04604243114590645,0.15964755415916443,5.4575632929382945,-4.49985604744122,17.309734484322004,windowmlp
16620,2026Q2,8,0.03494224324822426,0.10504765808582306,0.19062262773513794,-0.11243343725800514,0.33799830824136734,11.076354595869287,-10.63431706221919,40.21381313240262,windowmlp
16700,2026Q2,1,-0.010213366709649563,0.007441312540322542,0.02670321613550186,-0.035606248304247856,0.052096097730100155,0.7469067909229299,-3.4979802976603858,5.347697439516197,windowmlp
16700,2026Q2,2,-0.009691478684544563,0.01612543687224388,0.04320549592375755,-0.04172811098396778,0.07524212822318077,1.6256153404615725,-4.086947782158945,7.814516865748944,windowmlp
16700,2026Q2,4,-0.011410590261220932,0.02832133322954178,0.0720953419804573,-0.07108226045966148,0.13176701217889786,2.872619522715536,-6.861472720439754,14.084248589545911,windowmlp
16700,2026Q2,8,-0.01472165435552597,0.0565389059484005,0.1357502043247223,-0.16209733486175537,0.2831258848309517,5.816778302054182,-14.964156900840065,32.72722347418604,windowmlp
16740,2026Q2,1,-0.011340768076479435,0.006411627866327763,0.02553969994187355,-0.03673364967107773,0.050932581536471844,0.6432226352019121,-3.606715500949065,5.225194968208435,windowmlp
16740,2026Q2,2,-0.012213937938213348,0.013805932365357876,0.04072108119726181,-0.044250570237636566,0.07275771349668503,1.390167434464984,-4.32857966686041,7.54699334960256,windowmlp
16740,2026Q2,4,-0.015893790870904922,0.02395888790488243,0.06699410080909729,-0.07556546106934547,0.12666577100753784,2.424820803526262,-7.278096820202052,13.503759190670506,windowmlp
16740,2026Q2,8,-0.021694757044315338,0.049739770591259,0.12715724110603333,-0.16907043755054474,0.2745329216122627,5.099756031279523,-15.55505796575889,31.591589542886922,windowmlp
16820,2026Q2,1,-0.0074730487540364265,0.00995913427323103,0.029290027916431427,-0.03286593034863472,0.05468290951102972,1.000889149340134,-3.233171415761893,5.620564880542234,windowmlp
16820,2026Q2,2,-0.004557635635137558,0.020938271656632423,0.04829622060060501,-0.036594267934560776,0.08033285290002823,2.115901523765684,-3.593279101194402,8.364770293291347,windowmlp
16820,2026Q2,4,0.00029174238443374634,0.039925359189510345,0.08508971333503723,-0.059379927814006805,0.14476138353347778,4.073309013187276,-5.76513233359991,15.576375309917223,windowmlp
16820,2026Q2,8,0.00858163833618164,0.07933209836483002,0.16128754615783691,-0.13879404217004776,0.3086632266640663,8.25637800404846,-12.959272280723699,36.16037414465112,windowmlp
16860,2026Q2,1,-0.011600482277572155,0.006166379898786545,0.025301840156316757,-0.03699336387217045,0.05069472175091505,0.6185431158285182,-3.6317469551706782,5.200169102339669,windowmlp
16860,2026Q2,2,-0.012527614831924438,0.013490273617208004,0.04041162505745888,-0.044564247131347656,0.0724482573568821,1.358167791887177,-4.358584874591232,7.513717421178923,windowmlp
16860,2026Q2,4,-0.017156805843114853,0.02270016074180603,0.06567540019750595,-0.0768284760415554,0.1253470703959465,2.2959770060130946,-7.395132047989506,13.354180360531354,windowmlp
16860,2026Q2,8,-0.025210440158843994,0.04631537199020386,0.1236928254365921,-0.1725861206650734,0.2710685059428215,4.740468097403117,-15.851418362702518,31.13649035966024,windowmlp
16940,2026Q2,1,-0.0022805770859122276,0.014753231778740883,0.03420369699597359,-0.02767345868051052,0.05959657859057188,1.4862597875273886,-2.729405637024518,6.140826534388144,windowmlp
16940,2026Q2,2,0.005263579078018665,0.030165448784828186,0.05795326828956604,-0.026773053221404552,0.08998990058898926,3.0625035508228704,-2.6417832209185588,9.41632332452036,windowmlp
16940,2026Q2,4,0.022253062576055527,0.061738271266222,0.109474316239357,-0.037418607622385025,0.16914598643779755,6.368391164931864,-3.672718240488171,18.429301702359723,windowmlp
16940,2026Q2,8,0.05151495710015297,0.12159891426563263,0.20862680673599243,-0.09586072340607643,0.35600248724222183,12.93010643862429,-9.140944734584588,42.761109907403096,windowmlp
16984,2026Q2,1,-0.000571567565202713,0.016307754442095757,0.0361349880695343,-0.025964449159801006,0.061527869664132595,1.6441451647901006,-2.563027134445972,6.346013439256293,windowmlp
16984,2026Q2,2,0.009473549202084541,0.034030552953481674,0.062275733798742294,-0.022563083097338676,0.09431236609816551,3.4616216826368618,-2.2310440437704027,9.890295233884228,windowmlp
16984,2026Q2,4,0.02871858701109886,0.06784047186374664,0.11702795326709747,-0.03095308318734169,0.17669962346553802,7.019456871526275,-3.0478941153119887,19.327260819888494,windowmlp
16984,2026Q2,8,0.06281526386737823,0.13204477727413177,0.22387480735778809,-0.08456041663885117,0.3712504878640175,14.11594161312415,-8.1083864124618,44.95461216269583,windowmlp
17020,2026Q2,1,-0.011709640733897686,0.0060906489379704,0.02487120032310486,-0.03710252232849598,0.05026408191770315,0.6109234654077866,-3.6422657907914657,5.154875472384179,windowmlp
17020,2026Q2,2,-0.01416052132844925,0.012115854769945145,0.038856394588947296,-0.04619715362787247,0.07089302688837051,1.2189549060717564,-4.51463092370944,7.346638768644764,windowmlp
17020,2026Q2,4,-0.016128871589899063,0.02396230213344097,0.06648588180541992,-0.07580054178833961,0.12615755200386047,2.425170505871521,-7.299891390026126,13.446089079025603,windowmlp
17020,2026Q2,8,-0.01752398908138275,0.05363336578011513,0.12862177193164825,-0.16489966958761215,0.27599745243787766,5.5097696312163436,-15.202122211941893,31.784450673227838,windowmlp
17140,2026Q2,1,-0.006928996182978153,0.010455133393406868,0.029886897653341293,-0.03232187777757645,0.05527977924793959,1.0509979274228032,-3.1805108501183454,5.683625416905502,windowmlp
17140,2026Q2,2,-0.003096219152212143,0.022277716547250748,0.04976772144436836,-0.03513285145163536,0.08180435374379158,2.252771790939212,-3.452285730283733,8.524346523696579,windowmlp
17140,2026Q2,4,0.0022460296750068665,0.041793063282966614,0.0873262882232666,-0.057425640523433685,0.14699795842170715,4.267868791941143,-5.580790259374757,15.835159816196299,windowmlp
17140,2026Q2,8,0.01114584505558014,0.08175891637802124,0.16518867015838623,-0.13622983545064926,0.31256435066461563,8.519415575294097,-12.73579546391651,36.69259009338368,windowmlp
17300,2026Q2,1,-0.011246693320572376,0.00649636797606945,0.025480518117547035,-0.03663957491517067,0.05087339971214533,0.65175151429675,-3.5976468996822053,5.218967733476476,windowmlp
17300,2026Q2,2,-0.012157119810581207,0.013893036171793938,0.04069606214761734,-0.044193752110004425,0.07273269444704056,1.3989992886221936,-4.323143641458238,7.544302659696234,windowmlp
17300,2026Q2,4,-0.015153910964727402,0.024892371147871017,0.06772022694349289,-0.07482558116316795,0.12739189714193344,2.52047729733329,-7.209468361898863,13.586207166763442,windowmlp
17300,2026Q2,8,-0.02180912345647812,0.050178661942481995,0.12628772854804993,-0.16918480396270752,0.2736634090542793,5.145893529151091,-15.564715078569435,31.47721873388758,windowmlp
17410,2026Q2,1,-0.0028111357241868973,0.014252614229917526,0.033925943076610565,-0.02820401731878519,0.05931882467120886,1.4354666999296217,-2.7809997030649236,6.111349597670657,windowmlp
17410,2026Q2,2,0.005309191532433033,0.030132479965686798,0.05808788537979126,-0.026727440766990185,0.09012451767921448,3.0591057577939784,-2.6373423724156297,9.431053623042152,windowmlp
17410,2026Q2,4,0.01922052726149559,0.058585524559020996,0.10641425848007202,-0.04045114293694496,0.16608592867851257,6.0335666557118195,-3.964391645703047,18.067455116844044,windowmlp
17410,2026Q2,8,0.04305734485387802,0.11310143768787384,0.20176133513450623,-0.10431833565235138,0.3491370156407356,11.974551158361368,-9.906154906261177,41.784344376171376,windowmlp
17420,2026Q2,1,-0.009650065563619137,0.007967792451381683,0.027183111757040024,-0.03504294715821743,0.05257599335163832,0.7999619784694101,-3.4436052860524424,5.398265470974506,windowmlp
17420,2026Q2,2,-0.008508939296007156,0.017263861373066902,0.04435541108250618,-0.040545571595430374,0.0763920433819294,1.7413743097977497,-3.9734597312164555,7.938565722187052,windowmlp
17420,2026Q2,4,-0.009217735379934311,0.030632348731160164,0.07453854382038116,-0.06888940557837486,0.13421021401882172,3.110634663532208,-6.657009348939891,14.363320210935315,windowmlp
17420,2026Q2,8,-0.011407800018787384,0.06008737534284592,0.13945139944553375,-0.15878348052501678,0.28682707995176315,6.192932893104763,-14.681893071109275,33.21938305358982,windowmlp
17660,2026Q2,1,-0.008238759823143482,0.009297940880060196,0.028285209089517593,-0.033631641417741776,0.05367809068411589,0.9341301014830217,-3.3072384869242355,5.514488651062299,windowmlp
17660,2026Q2,2,-0.006238402798771858,0.019530126824975014,0.04653208702802658,-0.038275035098195076,0.0785687193274498,1.9722087386750076,-3.755180254849433,8.17376888946233,windowmlp
17660,2026Q2,4,-0.0023474805057048798,0.03776104003190994,0.0819074958562851,-0.06201915070414543,0.14157916605472565,3.8483047350618804,-6.013511245565772,15.209170720581389,windowmlp
17660,2026Q2,8,0.004885934293270111,0.07666647434234619,0.15540172159671783,-0.1424897462129593,0.30277740210294724,7.968191471369668,-13.280355370565067,35.36131194703369,windowmlp
17780,2026Q2,1,-0.01227413397282362,0.005559902638196945,0.02456294745206833,-0.03766701556742191,0.04995582904666662,0.5575387581828073,-3.696643730837057,5.12246617550236,windowmlp
17780,2026Q2,2,-0.014508668333292007,0.01166289858520031,0.03845350071787834,-0.046545300632715225,0.07049013301730156,1.1731175363773882,-4.54786808291523,7.303398177074594,windowmlp
17780,2026Q2,4,-0.019525185227394104,0.020426098257303238,0.06291226297616959,-0.07919685542583466,0.12258393317461014,2.063613866673264,-7.61419599246782,13.041399532761622,windowmlp
17780,2026Q2,8,-0.027123428881168365,0.04434981197118759,0.11999408900737762,-0.17449910938739777,0.267369769513607,4.534796616973669,-16.012239776554583,30.65234695693755,windowmlp
17820,2026Q2,1,-0.014262293465435505,0.0037477025762200356,0.02247457019984722,-0.0396551750600338,0.047867451794445515,0.37547339946644165,-3.887919955946617,4.903159885283337,windowmlp
17820,2026Q2,2,-0.018973808735609055,0.0075733233243227005,0.03406861424446106,-0.05101044103503227,0.06610524654388428,0.7602073469630932,-4.97312513086653,6.833915025255299,windowmlp
17820,2026Q2,4,-0.027240868657827377,0.012960640713572502,0.05419386178255081,-0.08691253885626793,0.11386553198099136,1.3044993847040942,-8.32427272334898,12.060142969818877,windowmlp
17820,2026Q2,8,-0.03951732814311981,0.03221907839179039,0.10481175780296326,-0.1868930086493492,0.25218743830919266,3.274373235950079,-17.046751556139895,28.68372172731617,windowmlp
17860,2026Q2,1,-0.00816469918936491,0.009331943467259407,0.02860085293650627,-0.0335575807839632,0.053993734531104565,0.9375621813926482,-3.300077094539422,5.5477989069852685,windowmlp
17860,2026Q2,2,-0.0054940152913331985,0.02004096657037735,0.047306839376688004,-0.037530647590756416,0.07934347167611122,2.024313503284425,-3.6835101415163884,8.257609244535313,windowmlp
17860,2026Q2,4,-0.0030264221131801605,0.03676988556981087,0.08146093785762787,-0.06269809231162071,0.14113260805606842,3.745426017214659,-6.077300926137141,15.157734629331188,windowmlp
17860,2026Q2,8,-0.0006055757403373718,0.0707387775182724,0.151780366897583,-0.14798125624656677,0.2991560474038124,7.330081894209095,-13.755271971028382,34.87200713181626,windowmlp
17900,2026Q2,1,-0.0072720842435956,0.01014850102365017,0.029541291296482086,-0.03266496583819389,0.05493417289108038,1.0200171705562422,-3.213722763249538,5.6471067950429,windowmlp
17900,2026Q2,2,-0.003935733810067177,0.021509243175387383,0.04890032112598419,-0.035972366109490395,0.08093695342540741,2.174223443640888,-3.533304938430726,8.43025328512157,windowmlp
17900,2026Q2,4,0.0009798258543014526,0.04057789593935013,0.08585891127586365,-0.0586918443441391,0.1455305814743042,4.141242834242664,-5.700268565589395,15.665310619857431,windowmlp
17900,2026Q2,8,0.008991867303848267,0.07982604205608368,0.16224849224090576,-0.13838381320238113,0.30962417274713516,8.309863767391757,-12.923558327898322,36.291279809424125,windowmlp
17980,2026Q2,1,-0.006642731837928295,0.010722308419644833,0.030052319169044495,-0.03203561343252659,0.05544520076364279,1.077999837402821,-3.1527909150435685,5.701109208464739,windowmlp
17980,2026Q2,2,-0.00276336632668972,0.0226408950984478,0.05007265508174896,-0.03479999862611294,0.08210928738117218,2.289914548772365,-3.4201442018887973,8.557444293481598,windowmlp
17980,2026Q2,4,0.0036568716168403625,0.0433209128677845,0.08880704641342163,-0.05601479858160019,0.14847871661186218,4.427296171499662,-5.447485664412732,16.006810733188527,windowmlp
17980,2026Q2,8,0.014302968978881836,0.08514919877052307,0.16779571771621704,-0.13307271152734756,0.31517139822244644,8.88795140643699,-12.45985619809945,37.04941910956294,windowmlp
18020,2026Q2,1,-0.00575499702244997,0.01155491266399622,0.03096095472574234,-0.031147878617048264,0.05635383632034063,1.1621928539456983,-3.066778103121781,5.797196642292457,windowmlp
18020,2026Q2,2,-0.001178855076432228,0.024111878126859665,0.05161143094301224,-0.033215487375855446,0.08364806324243546,2.4404919983361806,-3.2669910294092053,8.724618457117984,windowmlp
18020,2026Q2,4,0.007299929857254028,0.04688723012804985,0.0928959846496582,-0.05237174034118652,0.15256765484809875,4.8003819159159855,-5.102397140779969,16.482126523463858,windowmlp
18020,2026Q2,8,0.022389594465494156,0.0929451510310173,0.17673325538635254,-0.12498608604073524,0.32410893589258194,9.740154227418142,-11.749081830402542,38.279793524226214,windowmlp
18140,2026Q2,1,-0.007001281715929508,0.010397642850875854,0.02981475368142128,-0.0323941633105278,0.05520763527601957,1.0451886177204495,-3.1875092455472043,5.676001255422958,windowmlp
18140,2026Q2,2,-0.0034231096506118774,0.021996809169650078,0.04945075511932373,-0.035459741950035095,0.08148738741874695,2.2240522669149554,-3.4838411028639826,8.489953411418249,windowmlp
18140,2026Q2,4,0.0020373761653900146,0.04159310460090637,0.08705830574035645,-0.05763429403305054,0.146729975938797,4.247021610673185,-5.6004891036744215,15.804122181417423,windowmlp
18140,2026Q2,8,0.012243121862411499,0.0827934592962265,0.1658720225095749,-0.1351325586438179,0.3132477030158043,8.631741661225313,-12.639989923226224,36.7860312191844,windowmlp
18580,2026Q2,1,-0.01057185884565115,0.00711898785084486,0.026205923408269882,-0.03596474044024944,0.051598805002868176,0.714438808373008,-3.532569312516598,5.295321819835652,windowmlp
18580,2026Q2,2,-0.011492252349853516,0.014503318816423416,0.041495341807603836,-0.04352888464927673,0.07353197410702705,1.4609002246831038,-4.259510061316396,7.630294994743725,windowmlp
18580,2026Q2,4,-0.012051742523908615,0.027703754603862762,0.07111921906471252,-0.07172341272234917,0.13079088926315308,2.8091072056740884,-6.9211695585220445,13.972942673137801,windowmlp
18580,2026Q2,8,-0.011096484959125519,0.05962952971458435,0.13738863170146942,-0.15847216546535492,0.2847643122076988,6.144324051549321,-14.655328124741096,32.94486563751779,windowmlp
18700,2026Q2,1,-0.009936020709574223,0.00770986545830965,0.026770222932100296,-0.035328902304172516,0.05216310452669859,0.7739663000122299,-3.4712121366471504,5.354756687756801,windowmlp
18700,2026Q2,2,-0.009979985654354095,0.015929153189063072,0.04292602837085724,-0.04201661795377731,0.07496266067028046,1.6056698479284481,-4.1146153748809144,7.784390416431974,windowmlp
18700,2026Q2,4,-0.009533651173114777,0.03033004328608513,0.07394758611917496,-0.06920532137155533,0.1336192563176155,3.0794684683208784,-6.686493216414357,14.295756291796602,windowmlp
18700,2026Q2,8,-0.0077386274933815,0.06341961026191711,0.1414480209350586,-0.1551143079996109,0.288823701441288,6.547382919649358,-14.368271202727733,33.485637452791565,windowmlp
18880,2026Q2,1,-0.009133723564445972,0.008460141718387604,0.027597226202487946,-0.034526605159044266,0.05299010779708624,0.8496029852176123,-3.3937362905524293,5.441921453893883,windowmlp
18880,2026Q2,2,-0.008605722337961197,0.01720246486365795,0.04426713287830353,-0.040642354637384415,0.07630376517772675,1.7351279363073902,-3.9827530221682506,7.929037520013371,windowmlp
18880,2026Q2,4,-0.006105188280344009,0.03365837410092354,0.07772987335920334,-0.06577685847878456,0.1374015435576439,3.423122619708141,-6.366022273555394,14.728874244323364,windowmlp
18880,2026Q2,8,-0.0005845949053764343,0.0703744888305664,0.14947426319122314,-0.14796027541160583,0.29684994369745255,7.290989880345999,-13.753462465640954,34.5613366531383,windowmlp
19124,2026Q2,1,-0.014947670511901379,0.003112125676125288,0.021928109228610992,-0.04034055210649967,0.047320990823209286,0.3116973366807052,-3.9537704007274965,4.845850062863444,windowmlp
19124,2026Q2,2,-0.02022392302751541,0.0063437484204769135,0.03282215818762779,-0.05226055532693863,0.06485879048705101,0.6363912608783551,-5.091845362865055,6.700834201726247,windowmlp
19124,2026Q2,4,-0.030253369361162186,0.009835310280323029,0.050910379737615585,-0.08992503955960274,0.11058204993605614,0.9883835902185112,-8.60003034768464,11.692798916262426,windowmlp
19124,2026Q2,8,-0.045885615050792694,0.02580825611948967,0.09829837083816528,-0.1932612955570221,0.24567405134439468,2.614417274312908,-17.57334311941253,27.848278587446806,windowmlp
19140,2026Q2,1,-0.010990564711391926,0.00673786411061883,0.025795267894864082,-0.03638344630599022,0.051188149489462376,0.6760614584836899,-3.5729523367038607,5.252090592572944,windowmlp
19140,2026Q2,2,-0.011301830410957336,0.014666547998785973,0.04155664145946503,-0.043338462710380554,0.07359327375888824,1.4774629561923325,-4.241277235681496,7.636892896579095,windowmlp
19140,2026Q2,4,-0.01457924023270607,0.02542712911963463,0.06850617378950119,-0.07425091043114662,0.12817784398794174,2.5753156011402822,-7.156129034350478,13.675514979035697,windowmlp
19140,2026Q2,8,-0.021895192563533783,0.05004872381687164,0.12708868086338043,-0.16927087306976318,0.27446436136960983,5.13223195642909,-15.57198203541189,31.582567900843284,windowmlp
19300,2026Q2,1,-0.009657899849116802,0.007981773465871811,0.026956558227539062,-0.035050781443715096,0.052349439822137356,0.8013712740501111,-3.4443617334521393,5.374389826586645,windowmlp
19300,2026Q2,2,-0.009363343939185143,0.01651628129184246,0.04339279979467392,-0.04139997623860836,0.07542943209409714,1.6653429082490234,-4.055470213033175,7.834712833431312,windowmlp
19300,2026Q2,4,-0.008740298449993134,0.03135914355516434,0.07485167682170868,-0.06841196864843369,0.13452334702014923,3.185602178806457,-6.612433317776933,14.399136748011966,windowmlp
19300,2026Q2,8,-0.009109854698181152,0.06284339725971222,0.13986080884933472,-0.15648553520441055,0.2872364893555641,6.486006616870199,-14.485611290502431,33.2739354881584,windowmlp
19340,2026Q2,1,-0.0038043996319174767,0.0133360018953681,0.03284995257854462,-0.02919728122651577,0.05824283417314291,1.3425322989076172,-2.8775158862498595,5.997236197243505,windowmlp
19340,2026Q2,2,0.0025462806224823,0.027587471529841423,0.05536748468875885,-0.029490351676940918,0.08740411698818207,2.7971529417035734,-2.9059754458838016,9.133761868836675,windowmlp
19340,2026Q2,4,0.015569429844617844,0.05496545881032944,0.10209822654724121,-0.04410224035382271,0.16176989674568176,5.65041211359969,-4.3143876836764905,17.55897031798952,windowmlp
19340,2026Q2,8,0.03898099809885025,0.10884934663772583,0.19530190527439117,-0.10839468240737915,0.3426775857806206,11.499436003835694,-10.27266114858396,40.87144991144305,windowmlp
19430,2026Q2,1,-0.002624345012009144,0.014420997351408005,0.03397461399435997,-0.028017226606607437,0.05936749558895826,1.4525481585166977,-2.762838400633749,6.1165142601226075,windowmlp
19430,2026Q2,2,0.005265645682811737,0.03012063540518284,0.05798622593283653,-0.02677098661661148,0.09002285823225975,3.0578850752095654,-2.641582019753219,9.419929488097445,windowmlp
19430,2026Q2,4,0.020452463999390602,0.05985478311777115,0.10763184726238251,-0.03921920619904995,0.16730351746082306,6.168236114806591,-3.846008946599344,18.21130028010771,windowmlp
19430,2026Q2,8,0.04603298380970955,0.11624900251626968,0.20394523441791534,-0.10134269669651985,0.35132091492414474,12.327553574820339,-9.63766889050326,42.09432546478937,windowmlp
19460,2026Q2,1,-0.012114238925278187,0.0057215820997953415,0.02460944652557373,-0.03750712051987648,0.050002328120172024,0.5737981612792487,-3.6812440699756754,5.127354386431882,windowmlp
19460,2026Q2,2,-0.014289330691099167,0.0118910763412714,0.038582928478717804,-0.046325962990522385,0.07061956077814102,1.1962056253055353,-4.526929541137004,7.317287114418769,windowmlp
19460,2026Q2,4,-0.018834054470062256,0.02132122404873371,0.0636611133813858,-0.07850572466850281,0.12333278357982635,2.1550145412595922,-7.550323252112134,13.126082334025613,windowmlp
19460,2026Q2,8,-0.02734764665365219,0.04470307379961014,0.11952108144760132,-0.1747233271598816,0.2668967619538307,4.571731293781989,-16.031069214041636,30.59056202264687,windowmlp
19500,2026Q2,1,-0.0033612456172704697,0.013745513744652271,0.03331439942121506,-0.028754127211868763,0.05870728101581335,1.3840417654495951,-2.834466129370594,6.046477713075227,windowmlp
19500,2026Q2,2,0.003782471641898155,0.028738679364323616,0.05658579245209694,-0.028254160657525063,0.08862242475152016,2.9155619731577875,-2.785874466109295,9.266801403256997,windowmlp
19500,2026Q2,4,0.017225317656993866,0.05666842311620712,0.10406951606273651,-0.042446352541446686,0.16374118626117706,5.830484279046777,-4.155811788710373,17.79094164983728,windowmlp
19500,2026Q2,8,0.04032260924577713,0.11036980152130127,0.1973857283592224,-0.10705307126045227,0.3447614088654518,11.669094812421132,-10.152201163435603,41.16530715768369,windowmlp
19660,2026Q2,1,-0.013674144633114338,0.0042834198102355,0.02323092520236969,-0.03906702622771263,0.04862380679696798,0.4292606765382567,-3.8313751215375724,4.982533928736421,windowmlp
19660,2026Q2,2,-0.01768689975142479,0.008699473924934864,0.03532612696290016,-0.04972353205084801,0.06736275926232338,0.8737424317877496,-4.850755469438528,6.968344537856241,windowmlp
19660,2026Q2,4,-0.024936724454164505,0.015020303428173065,0.05683726817369461,-0.08460839465260506,0.11650893837213516,1.513367510014496,-8.11279508380187,12.356755328723112,windowmlp
19660,2026Q2,8,-0.03574299067258835,0.03569206967949867,0.10988178849220276,-0.18311867117881775,0.25725746899843216,3.633667786723449,-16.733066397799025,29.337808865491155,windowmlp
19740,2026Q2,1,-0.013697014190256596,0.0042677028104662895,0.02308008074760437,-0.03908989578485489,0.04847296234220266,0.42768224227553997,-3.833574430250819,4.966699089974891,windowmlp
19740,2026Q2,2,-0.01791980117559433,0.008526046760380268,0.0351281575858593,-0.04995643347501755,0.06716478988528252,0.8562497015609294,-4.872913283604962,6.947170177331619,windowmlp
19740,2026Q2,4,-0.02495746687054634,0.01511727087199688,0.056740544736385345,-0.08462913706898689,0.1164122149348259,1.5232114790404427,-8.11470102669941,12.345888322698361,windowmlp
19740,2026Q2,8,-0.03459107130765915,0.03681217133998871,0.1104547381401062,-0.18196675181388855,0.2578304186463356,3.749813065210428,-16.637094339100177,29.41193415054144,windowmlp
19780,2026Q2,1,-0.009413403458893299,0.008175892755389214,0.027339644730091095,-0.03480628505349159,0.05273252632468939,0.8209406639607897,-3.420751342230144,5.41476506615477,windowmlp
19780,2026Q2,2,-0.008851084858179092,0.01693962886929512,0.044054627418518066,-0.04088771715760231,0.07609125971794128,1.7083917965584838,-4.006309165855548,7.9061044470588815,windowmlp
19780,2026Q2,4,-0.007633239030838013,0.03208496794104576,0.07610739022493362,-0.06730490922927856,0.13577906042337418,3.2605239918899853,-6.508990484332633,14.542879508311168,windowmlp
19780,2026Q2,8,-0.004519380629062653,0.0662933960556984,0.14555948972702026,-0.15189506113529205,0.29293517023324966,6.854017665304135,-14.092157327407218,34.03558926550474,windowmlp
19804,2026Q2,1,-0.001753249205648899,0.015220817178487778,0.034973688423633575,-0.027146130800247192,0.06036657001823187,1.5337243768886566,-2.6780986140642393,6.22258553376922,windowmlp
19804,2026Q2,2,0.007068803533911705,0.031804732978343964,0.059897661209106445,-0.024967828765511513,0.09193429350852966,3.2315908370306845,-2.46587105430659,9.62927861616263,windowmlp
19804,2026Q2,4,0.023813318461179733,0.06300327926874161,0.11149144172668457,-0.03585835173726082,0.17116311192512512,6.503033174625483,-3.522305721729746,18.668429559637588,windowmlp
19804,2026Q2,8,0.05432165414094925,0.12370792031288147,0.21400249004364014,-0.09305402636528015,0.36137817054986954,13.168528043950435,-8.885572684695353,43.53061487733112,windowmlp
20020,2026Q2,1,-0.0069770971313118935,0.01042192243039608,0.029612641781568527,-0.03236997872591019,0.05500552337616682,1.0476419821958238,-3.18516784735976,5.654645036286099,windowmlp
20020,2026Q2,2,-0.00373862124979496,0.02175036258995533,0.049005817621946335,-0.03577525354921818,0.08104244992136955,2.198862602952012,-3.514288267035315,8.441692900308473,windowmlp
20020,2026Q2,4,0.0024376101791858673,0.042289722710847855,0.08737268298864365,-0.057234060019254684,0.1470443531870842,4.3196672740392295,-5.5626996467194605,15.840534085926405,windowmlp
20020,2026Q2,8,0.011059150099754333,0.08242732286453247,0.16332504153251648,-0.13631653040647507,0.3107007220387459,8.591974903438393,-12.74336050234387,36.438083096464794,windowmlp
20100,2026Q2,1,-0.006287765689194202,0.011052548885345459,0.03036552667617798,-0.031680647283792496,0.05575840827077627,1.1113853954689112,-3.1184073320760564,5.734220774506027,windowmlp
20100,2026Q2,2,-0.0020236242562532425,0.023348966613411903,0.05078251659870148,-0.03406025655567646,0.0828191488981247,2.3623687718910658,-3.348673587747375,8.634532403268459,windowmlp
20100,2026Q2,4,0.005004893988370895,0.044706471264362335,0.09027918428182602,-0.054666776210069656,0.14995085448026657,4.572086573156664,-5.319940812461155,16.177714518363583,windowmlp
20100,2026Q2,8,0.015776827931404114,0.08673010766506195,0.169443279504776,-0.1315988525748253,0.3168189600110054,9.060229479411674,-12.330739246737554,37.27540260539976,windowmlp
20220,2026Q2,1,-0.0054908012971282005,0.01179716270416975,0.031158223748207092,-0.030883682891726494,0.056551105342805386,1.1867023678240995,-3.041165377017563,5.818069210541488,windowmlp
20220,2026Q2,2,-0.0006269682198762894,0.0246279276907444,0.05213829129934311,-0.03266360051929951,0.08417492359876633,2.493370012220586,-3.2135906190263075,8.781916240980259,windowmlp
20220,2026Q2,4,0.008242908865213394,0.047894127666950226,0.09393298625946045,-0.05142876133322716,0.153604656457901,4.905958305926772,-5.012868488192201,16.602981328665333,windowmlp
20220,2026Q2,8,0.023021318018436432,0.0937003567814827,0.17737269401550293,-0.12435436248779297,0.32474837452173233,9.823061925192288,-11.693314033765335,38.368243241905866,windowmlp
20260,2026Q2,1,-0.0028200075030326843,0.014258891344070435,0.03376958891749382,-0.028212889097630978,0.059162470512092113,1.436103423931634,-2.7818622047091957,6.0947599437960465,windowmlp
20260,2026Q2,2,0.005056622438132763,0.029944267123937607,0.05773510783910751,-0.026980009861290455,0.08977174013853073,3.0397105359033283,-2.6619300654948996,9.39245561372628,windowmlp
20260,2026Q2,4,0.01938176527619362,0.05899058282375336,0.10648266971111298,-0.04028990492224693,0.16615433990955353,6.076525127979515,-3.948905806452241,18.075532533084314,windowmlp
20260,2026Q2,8,0.04179986193776131,0.11255849897861481,0.19928589463233948,-0.1055758185684681,0.3466615751385689,11.913772341164908,-10.019375176117007,41.43379972275165,windowmlp
20500,2026Q2,1,-0.013213210739195347,0.004689071327447891,0.023637015372514725,-0.03860609233379364,0.04902989696711302,0.4700082225973956,-3.7870375252340494,5.025174961267886,windowmlp
20500,2026Q2,2,-0.01617252081632614,0.010121796280145645,0.03679121658205986,-0.04820915311574936,0.06882784888148308,1.017319492929425,-4.706554297781085,7.125177608215649,windowmlp
20500,2026Q2,4,-0.02340257540345192,0.016633260995149612,0.05860248953104019,-0.08307424560189247,0.11827415972948074,1.6772363855332095,-7.971718226813973,12.555265028105467,windowmlp
20500,2026Q2,8,-0.03603077679872513,0.03585340455174446,0.11042492836713791,-0.18340645730495453,0.2578006088733673,3.65038886008604,-16.75702601826715,29.408076467663633,windowmlp
20740,2026Q2,1,-0.008183914236724377,0.009318253956735134,0.028595898300409317,-0.03357679583132267,0.05398877989500761,0.9361804050308065,-3.301935170286141,5.547275957346365,windowmlp
20740,2026Q2,2,-0.005815770477056503,0.01976913772523403,0.04703087359666824,-0.03785240277647972,0.07906750589609146,1.9965841209620194,-3.714495486483993,8.227737970871306,windowmlp
20740,2026Q2,4,-0.0029725804924964905,0.036779336631298065,0.08145149052143097,-0.06264425069093704,0.14112316071987152,3.7464065262483803,-6.0722438396603735,15.156646700635502,windowmlp
20740,2026Q2,8,0.0015089809894561768,0.0726403146982193,0.15356163680553436,-0.14586669951677322,0.30093731731176376,7.5343682029077375,-13.572709649798021,35.1124646758594,windowmlp
20940,2026Q2,1,-0.005031094886362553,0.012212114408612251,0.03181776404380798,-0.030423976480960846,0.05721064563840628,1.228698675055595,-2.9965825324364204,5.887883511330072,windowmlp
20940,2026Q2,2,0.0008415989577770233,0.026094837114214897,0.05389249697327614,-0.031195033341646194,0.08592912927269936,2.643828830283712,-3.071348854737599,8.972909567482358,windowmlp
20940,2026Q2,4,0.010451462119817734,0.04987712949514389,0.09656412154436111,-0.04922020807862282,0.15623579174280167,5.114193410095114,-4.802852519386924,16.91018351519329,windowmlp
20940,2026Q2,8,0.02857351303100586,0.09840933978557587,0.1845068335533142,-0.11880216747522354,0.3318825140595436,10.341436407677573,-11.201654460478206,39.358911176691635,windowmlp
20994,2026Q2,1,-0.003110036253929138,0.013966817408800125,0.03363357111811638,-0.02850291784852743,0.05902645271271467,1.4064809082190877,-2.8100541713403926,6.080330149399704,windowmlp
20994,2026Q2,2,0.004571964964270592,0.02944624051451683,0.05738446116447449,-0.027464667335152626,0.0894210934638977,2.988406794604015,-2.709094258417466,9.354104237219673,windowmlp
20994,2026Q2,4,0.018124673515558243,0.057443708181381226,0.10515286028385162,-0.04154699668288231,0.16482453048229218,5.9125648867718095,-4.069574983557889,17.91861893250932,windowmlp
20994,2026Q2,8,0.04119936004281044,0.1110999658703804,0.19941642880439758,-0.10617632046341896,0.346792109310627,11.750661379222826,-10.073392491459277,41.45226287170922,windowmlp
21060,2026Q2,1,-0.015156724490225315,0.0029335240833461285,0.021593280136585236,-0.04054960608482361,0.04698616173118353,0.29378310756453807,-3.973847148493126,4.810750498589744,windowmlp
21060,2026Q2,2,-0.01975756511092186,0.0068209851160645485,0.033116664737463,-0.05179419741034508,0.06515329703688622,0.6844301017366439,-5.047573871222822,6.732262924026644,windowmlp
21060,2026Q2,4,-0.03188098594546318,0.008704077452421188,0.04929453134536743,-0.09155265614390373,0.10896620154380798,0.8742068079025556,-8.748673454287982,11.512466021254042,windowmlp
21060,2026Q2,8,-0.0558636412024498,0.0175480917096138,0.08819462358951569,-0.2032393217086792,0.2355703040957451,1.77029640493227,-18.391708830363108,26.563035712729445,windowmlp
21140,2026Q2,1,-0.005016283132135868,0.012238075025379658,0.03158155828714371,-0.03040916472673416,0.056974439881742,1.231326668619781,-2.9951457310169904,5.862875137360923,windowmlp
21140,2026Q2,2,0.0006286501884460449,0.025800107046961784,0.05334934964776039,-0.03140798211097717,0.08538598194718361,2.6135810653913127,-3.0919874941474745,8.913737294182788,windowmlp
21140,2026Q2,4,0.010152077302336693,0.04987945035099983,0.09607087075710297,-0.04951959289610386,0.15574254095554352,5.114437365269531,-4.831348834115278,16.85253169470773,windowmlp
21140,2026Q2,8,0.02493361383676529,0.09603822231292725,0.180228590965271,-0.12244206666946411,0.3276042714715004,10.0801138355465,-11.524283961221338,38.76397349917304,windowmlp
21300,2026Q2,1,0.006053585093468428,0.02240491285920143,0.04256940260529518,-0.019339296501129866,0.06796228419989347,2.265778793601614,-1.9153492010448803,7.03249395560368,windowmlp
21300,2026Q2,2,0.022963542491197586,0.04665328562259674,0.07562481611967087,-0.009073089808225632,0.10766144841909409,4.775867310037851,-0.9032053531280892,11.367064659835968,windowmlp
21300,2026Q2,4,0.056600287556648254,0.09556221961975098,0.14844810962677002,-0.0030713826417922974,0.20811977982521057,10.027727873814186,-0.3066670771346258,23.136065287970077,windowmlp
21300,2026Q2,8,0.11195950210094452,0.1808696985244751,0.27970200777053833,-0.03541617840528488,0.42707768827676773,19.82590342002353,-3.4796364252720813,53.27717354934498,windowmlp
21340,2026Q2,1,-0.009867225773632526,0.007756192237138748,0.027065295726060867,-0.03526010736823082,0.05245817732065916,0.7786349414014682,-3.4645712164413367,5.385848597132381,windowmlp
21340,2026Q2,2,-0.00930953212082386,0.01648191176354885,0.04364582523703575,-0.04134616442024708,0.07568245753645897,1.6618487784155977,-4.05030712450718,7.862001211529335,windowmlp
21340,2026Q2,4,-0.009688206017017365,0.02990417368710041,0.07394860684871674,-0.06935987621545792,0.1336202770471573,3.035579402593469,-6.700914156447524,14.295872956911083,windowmlp
21340,2026Q2,8,-0.009356707334518433,0.0613698810338974,0.14123761653900146,-0.15673238784074783,0.28861329704523087,6.329213305412074,-14.506718137552543,33.457554442359026,windowmlp
21420,2026Q2,1,-0.0024303514510393143,0.014621607027947903,0.03402700647711754,-0.027823233045637608,0.05941988807171583,1.472902562963907,-2.7439731875907203,6.122074113412257,windowmlp
21420,2026Q2,2,0.004961557686328888,0.029866937547922134,0.057618606835603714,-0.02707507461309433,0.08965523913502693,3.0317428268485935,-2.67118304513122,9.379712025206377,windowmlp
21420,2026Q2,4,0.021249597892165184,0.06084191054105759,0.1083889752626419,-0.03842207230627537,0.16806064546108246,6.273089435437318,-3.7693307840843016,18.300835255938352,windowmlp
21420,2026Q2,8,0.04800770804286003,0.11842451244592667,0.20459426939487457,-0.09936797246336937,0.351969949901104,12.572189290225232,-9.459051903895022,42.18657958688099,windowmlp
21500,2026Q2,1,-0.0007649995386600494,0.016137076541781425,0.03592687100172043,-0.026157881133258343,0.06131975259631872,1.6267982359249311,-2.581872737665203,6.323883321673085,windowmlp
21500,2026Q2,2,0.009534730575978756,0.034057725220918655,0.06222493574023247,-0.022501901723444462,0.09426156803965569,3.4644330076855523,-2.2250622217346194,9.88471316201769,windowmlp
21500,2026Q2,4,0.02763918787240982,0.06692460924386978,0.11588901281356812,-0.03203248232603073,0.17556068301200867,6.9214866218710425,-3.152487675643356,19.191431540745228,windowmlp
21500,2026Q2,8,0.057095348834991455,0.12709921598434448,0.21818500757217407,-0.09028033167123795,0.3655606880784035,13.552967488714751,-8.63249826776632,44.132191365068586,windowmlp
21660,2026Q2,1,-0.007998243905603886,0.00949990376830101,0.028666142374277115,-0.03339112550020218,0.05405902396887541,0.9545171085605153,-3.283979541708326,5.554690288398612,windowmlp
21660,2026Q2,2,-0.006214434280991554,0.019475074484944344,0.046685025095939636,-0.03825106658041477,0.07872165739536285,1.966595084489664,-3.752873381530053,8.190314041834723,windowmlp
21660,2026Q2,4,-0.0014560595154762268,0.03828761726617813,0.08294551074504852,-0.06112772971391678,0.14261718094348907,3.903003288395257,-5.929692363287087,15.328821644088064,windowmlp
21660,2026Q2,8,0.008902251720428467,0.07955100387334824,0.1600644290447235,-0.13847342878580093,0.3074401095509529,8.280078515517397,-12.931361384377936,35.99393586840836,windowmlp
21780,2026Q2,1,-0.004632104188203812,0.012580875307321548,0.03203471004962921,-0.030024985782802105,0.057427591644227505,1.2660347445723419,-2.957871348989749,5.91085795673969,windowmlp
21780,2026Q2,2,0.0011836141347885132,0.026310764253139496,0.05395492911338806,-0.030853018164634705,0.08599156141281128,2.665994811603656,-3.0381921152278113,8.97971319182107,windowmlp
21780,2026Q2,4,0.012008633464574814,0.051540765911340714,0.09814423322677612,-0.04766303673386574,0.15781590342521667,5.289210752357243,-4.654498773103333,17.095060686782215,windowmlp
21780,2026Q2,8,0.030596327036619186,0.10106124728918076,0.18623222410678864,-0.11677935346961021,0.33360790461301804,10.63444002838072,-11.021850129395904,39.599567278758755,windowmlp
21794,2026Q2,1,-0.012770622037351131,0.005098098423331976,0.024017754942178726,-0.038163503631949425,0.04941063653677702,0.5111115839053326,-3.7444453303549063,5.0651698145149915,windowmlp
21794,2026Q2,2,-0.015357021242380142,0.01094628032296896,0.03767353296279907,-0.04739365354180336,0.06971016526222229,1.1006410048086224,-4.62881083784038,7.219737616996902,windowmlp
21794,2026Q2,4,-0.02125217765569687,0.018792442977428436,0.06097286939620972,-0.08092384785413742,0.12064453959465027,1.8970132260573314,-7.773607885285017,12.822380219212226,windowmlp
21794,2026Q2,8,-0.029458150267601013,0.042062435299158096,0.11722972989082336,-0.1768338307738304,0.26460541039705276,4.295959421226492,-16.208099069139436,30.291675692654565,windowmlp
21820,2026Q2,1,-0.004353966563940048,0.012849248014390469,0.03210525959730148,-0.02974684815853834,0.057498141191899776,1.2932154315650202,-2.930876527909587,5.918330183440124,windowmlp
21820,2026Q2,2,0.001233922317624092,0.02645270898938179,0.05398166552186012,-0.030802709981799126,0.08601829782128334,2.680568743480216,-3.033314020165656,8.982626956899775,windowmlp
21820,2026Q2,4,0.013449063524603844,0.05317923426628113,0.09961426258087158,-0.04622260667383671,0.15928593277931213,5.461865198089111,-4.517061286267254,17.267320445641477,windowmlp
21820,2026Q2,8,0.03437625989317894,0.10508565604686737,0.18878883123397827,-0.11299942061305046,0.33616451174020767,11.080575351053712,-10.684882240399817,39.95692514460156,windowmlp
22020,2026Q2,1,-0.006099280901253223,0.01123618334531784,0.030479922890663147,-0.03149216249585152,0.05587280448526144,1.1299546350470369,-3.100144904585833,5.746317060975659,windowmlp
22020,2026Q2,2,-0.0023987703025341034,0.022976107895374298,0.050368234515190125,-0.03443540260195732,0.08240486681461334,2.3242091848049373,-3.3849251504783684,8.589536384009012,windowmlp
22020,2026Q2,4,0.006131410598754883,0.04581094905734062,0.09144467860460281,-0.05354025959968567,0.15111634880304337,4.687647926268745,-5.213222054173194,16.313197922300525,windowmlp
22020,2026Q2,8,0.020971965044736862,0.09161855280399323,0.17389744520187378,-0.12640371546149254,0.3212731257081032,9.594669654511012,-11.874100292546386,37.88821376279812,windowmlp
22140,2026Q2,1,-0.003056807443499565,0.014027861878275871,0.03365369886159897,-0.02844968903809786,0.05904658045619726,1.412671401993304,-2.804880728451331,6.082465328561604,windowmlp
22140,2026Q2,2,0.004738040268421173,0.02960146963596344,0.05745476484298706,-0.027298592031002045,0.08949139714241028,3.0043948353825733,-2.6929352998905087,9.361792503261523,windowmlp
22140,2026Q2,4,0.01814618892967701,0.05756951868534088,0.10514146089553833,-0.04152548126876354,0.16481313109397888,5.925890638178033,-4.067510978533195,17.91727474004423,windowmlp
22140,2026Q2,8,0.03956228867173195,0.1099032461643219,0.19746389985084534,-0.10781339183449745,0.34483958035707474,11.617007149861202,-10.22048833006519,41.17634269163608,windowmlp
22180,2026Q2,1,-0.009415780194103718,0.008162596262991428,0.027553781867027283,-0.03480866178870201,0.052946663461625576,0.8196001080020832,-3.42098088525824,5.437340699191262,windowmlp
22180,2026Q2,2,-0.007966814562678337,0.017719991505146027,0.04497174918651581,-0.040003446862101555,0.07700838148593903,1.7877922017944137,-3.9213872550674655,8.005112878801345,windowmlp
22180,2026Q2,4,-0.008056525141000748,0.03150903061032295,0.07588335126638412,-0.0677281953394413,0.13555502146482468,3.201069524000255,-6.548555555822366,14.51722031531364,windowmlp
22180,2026Q2,8,-0.00782855600118637,0.0629456415772438,0.14381945133209229,-0.15520423650741577,0.2911951318383217,6.496894762559435,-14.375971590071867,33.80256498828524,windowmlp
22220,2026Q2,1,-0.008373267017304897,0.009142129682004452,0.02842099219560623,-0.03376614861190319,0.053813873790204525,0.918404658879024,-3.320243484318608,5.528816708800788,windowmlp
22220,2026Q2,2,-0.0058162882924079895,0.01975376345217228,0.04697577655315399,-0.03785292059183121,0.07901240885257721,1.9950160096807057,-3.714545344583453,8.221775106752482,windowmlp
22220,2026Q2,4,-0.003986205905675888,0.03581424430012703,0.08036158978939056,-0.06365787610411644,0.14003325998783112,3.646329964252226,-6.167403164205076,15.031205758601862,windowmlp
22220,2026Q2,8,-0.0025847777724266052,0.06898106634616852,0.14975059032440186,-0.149960458278656,0.29712627083063126,7.141592313810441,-13.925798902709197,34.59852473933434,windowmlp
22380,2026Q2,1,-0.008733008988201618,0.008817917667329311,0.02802911400794983,-0.03412589058279991,0.05342199560254812,0.8856910029534815,-3.3550169953526665,5.4874703692568305,windowmlp
22380,2026Q2,2,-0.007279369980096817,0.018462570384144783,0.04560006409883499,-0.039316002279520035,0.07763669639825821,1.8634057374560697,-3.855315825612904,8.072995425404738,windowmlp
22380,2026Q2,4,-0.004883319139480591,0.03488696739077568,0.07921362668275833,-0.06455498933792114,0.13888529688119888,3.5502656617254935,-6.251543881070298,14.899229944455715,windowmlp
22380,2026Q2,8,0.0009386017918586731,0.0719151645898819,0.15190128982067108,-0.14643707871437073,0.2992769703269005,7.456417910402746,-13.621991922190912,34.888317235274215,windowmlp
22420,2026Q2,1,-0.003568454645574093,0.013557408936321735,0.03308732062578201,-0.028961336240172386,0.058480202220380306,1.3649727332500694,-2.8545976194432443,6.022399540580881,windowmlp
22420,2026Q2,2,0.0035172831267118454,0.02853233553469181,0.056317444890737534,-0.028519349172711372,0.08835407719016075,2.8943281727787262,-2.8116511177277093,9.237483857384788,windowmlp
22420,2026Q2,4,0.01644928939640522,0.05594559758901596,0.10318255424499512,-0.04322238080203533,0.16285422444343567,5.754014943778141,-4.230160735202504,17.686511901564007,windowmlp
22420,2026Q2,8,0.03871747851371765,0.10899792611598969,0.1957245022058487,-0.10865820199251175,0.3431001827120781,11.516003762647875,-10.2963029445182,40.930994334664696,windowmlp
22500,2026Q2,1,-0.0069089727476239204,0.010482327081263065,0.029791954904794693,-0.032301854342222214,0.055184836499392986,1.0537459140817829,-3.1785721719268967,5.6735919993397,windowmlp
22500,2026Q2,2,-0.0034496430307626724,0.0219794400036335,0.04935020953416824,-0.03548627533018589,0.08138684183359146,2.222276735800044,-3.4864019688243264,8.479045773935589,windowmlp
22500,2026Q2,4,0.002375226467847824,0.04203034192323685,0.08732561767101288,-0.05729644373059273,0.14699728786945343,4.292612265504769,-5.568590812245944,15.835082142694867,windowmlp
22500,2026Q2,8,0.011701740324497223,0.08253635466098785,0.16471409797668457,-0.13567394018173218,0.31208977848291397,8.603815527033266,-12.68727221979773,36.62773498311343,windowmlp
22520,2026Q2,1,-0.007069957442581654,0.010355343110859394,0.029623955488204956,-0.03246283903717995,0.05501683708280325,1.0409145229091754,-3.194157685402943,5.655840388706745,windowmlp
22520,2026Q2,2,-0.0037504173815250397,0.021716300398111343,0.04902052506804466,-0.03578704968094826,0.08105715736746788,2.195381544974362,-3.515426418488088,8.443287812390142,windowmlp
22520,2026Q2,4,0.0015484094619750977,0.04136218875646591,0.0864919126033783,-0.058123260736465454,0.14616358280181885,4.222952100770105,-5.646636038244712,15.738550092923509,windowmlp
22520,2026Q2,8,0.009963221848011017,0.08119736611843109,0.16268125176429749,-0.13741245865821838,0.3100569322705269,8.458493576290316,-12.838935137684127,36.35027392292842,windowmlp
22540,2026Q2,1,-0.002889677882194519,0.014198096469044685,0.033792056143283844,-0.028282559476792812,0.05918493773788214,1.4299368161518444,-2.7886351932897235,6.097143625500112,windowmlp
22540,2026Q2,2,0.0054015908390283585,0.030190125107765198,0.05800861865282059,-0.02663504146039486,0.0900452509522438,3.065046785821912,-2.628345714726499,9.422379725372787,windowmlp
22540,2026Q2,4,0.018583759665489197,0.05817053094506264,0.10571780800819397,-0.041087910532951355,0.16538947820663452,5.989572531956067,-4.025524543376036,17.985255609279925,windowmlp
22540,2026Q2,8,0.037154968827962875,0.10822953283786774,0.19547536969184875,-0.11022071167826653,0.34285105019807816,11.430348527621481,-10.436356394085367,40.895888214965105,windowmlp
22660,2026Q2,1,-0.013374046422541142,0.00455294968560338,0.02337907999753952,-0.038766928017139435,0.048771961592137814,0.4563330108892538,-3.802510758443034,4.998088746779028,windowmlp
22660,2026Q2,2,-0.017118200659751892,0.00925649143755436,0.03587040677666664,-0.04915483295917511,0.06790703907608986,0.9299465247645688,-4.796628791063018,7.026581095553941,windowmlp
22660,2026Q2,4,-0.023713503032922745,0.016364380717277527,0.058125242590904236,-0.0833851732313633,0.11779691278934479,1.6499010570906414,-8.000327914308336,12.501561188290534,windowmlp
22660,2026Q2,8,-0.033997200429439545,0.03762208670377731,0.11139421910047531,-0.18137288093566895,0.2587698996067047,3.8338756700045273,-16.587572833869945,29.533571327679752,windowmlp
22744,2026Q2,1,-0.012685255147516727,0.0051738908514380455,0.024370798841118813,-0.03807813674211502,0.049763680435717106,0.5187298538038565,-3.736227942282022,5.102268980140812,windowmlp
22744,2026Q2,2,-0.015174530446529388,0.010986360721290112,0.0378662571310997,-0.047211162745952606,0.06990288943052292,1.1046932399776832,-4.611404885464198,7.240403443092647,windowmlp
22744,2026Q2,4,-0.021502558141946793,0.01819784566760063,0.06078213453292847,-0.08117422834038734,0.12045380473136902,1.8364435451827976,-7.796696683574877,12.800863110042716,windowmlp
22744,2026Q2,8,-0.030357837677001953,0.040635306388139725,0.11741771548986435,-0.17773351818323135,0.26479339599609375,4.147221801357248,-16.28345168543386,30.316170953665722,windowmlp
22900,2026Q2,1,-0.007537686266005039,0.009910529479384422,0.029210910201072693,-0.03293056786060333,0.054603791795670986,0.9959801412463332,-3.2394259806607373,5.612208753317183,windowmlp
22900,2026Q2,2,-0.004603743553161621,0.020919887349009514,0.04824551194906235,-0.03664037585258484,0.08028214424848557,2.114024210875498,-3.5977241119027004,8.35927540123549,windowmlp
22900,2026Q2,4,-0.00026138871908187866,0.039437443017959595,0.08445052802562714,-0.05993305891752243,0.1441221982240677,4.0225423486383916,-5.817242156831259,15.502524193492984,windowmlp
22900,2026Q2,8,0.007429562509059906,0.07831691950559616,0.15998490154743195,-0.1399461179971695,0.30736058205366135,8.14653418271778,-13.059492057628008,35.983121041085695,windowmlp
23060,2026Q2,1,-0.006894583813846111,0.01049729809165001,0.029929909855127335,-0.032287465408444405,0.05532279144972563,1.055258802086212,-3.1771790047905313,5.688171200088776,windowmlp
23060,2026Q2,2,-0.002816520631313324,0.022534523159265518,0.050009585916996,-0.03485315293073654,0.08204621821641922,2.2790343508871436,-3.4252777005294166,8.550597882043288,windowmlp
23060,2026Q2,4,0.002186175435781479,0.04181191325187683,0.08734935522079468,-0.05748549476265907,0.14702102541923523,4.269834256550631,-5.586441480215598,15.837831816358827,windowmlp
23060,2026Q2,8,0.009913288056850433,0.08083546161651611,0.1641429364681244,-0.13746239244937897,0.3115186169743538,8.419249061005862,-12.843287311433127,36.549720761370466,windowmlp
23104,2026Q2,1,-0.014551191590726376,0.003478746395558119,0.02229587733745575,-0.03994407318532467,0.04768875893205404,0.3484804256350671,-3.9156825452160593,4.8844161141084586,windowmlp
23104,2026Q2,2,-0.01947002112865448,0.007049874402582645,0.033562108874320984,-0.0515066534280777,0.0655987411737442,0.7074783267513762,-5.020266946705043,6.779816775265557,windowmlp
23104,2026Q2,4,-0.02858341857790947,0.011514021083712578,0.052748117595911026,-0.08825508877635002,0.11241978779435158,1.158056256591511,-8.44726938062701,11.898249725873168,windowmlp
23104,2026Q2,8,-0.042721860110759735,0.028981070965528488,0.10173462331295013,-0.19009754061698914,0.24911030381917953,2.940510864592083,-17.312152422699956,28.288353221888585,windowmlp
23224,2026Q2,1,-0.008604873903095722,0.008921017870306969,0.028197310864925385,-0.033997755497694016,0.05359019245952368,0.8960928743817487,-3.3426325888087582,5.505214522436819,windowmlp
23224,2026Q2,2,-0.0073433611541986465,0.01833782158792019,0.045606423169374466,-0.039379993453621864,0.07764305546879768,1.850699192790528,-3.861468039991056,8.073682671391191,windowmlp
23224,2026Q2,4,-0.004332132637500763,0.03523159399628639,0.0798257514834404,-0.06400380283594131,0.13949742168188095,3.585957988189614,-6.1998567541613365,14.969584143262171,windowmlp
23224,2026Q2,8,0.003354988992214203,0.07358173280954361,0.15451568365097046,-0.1440206915140152,0.30189136415719986,7.635650671818794,-13.413016828391077,35.24142980616831,windowmlp
23420,2026Q2,1,-0.00813757348805666,0.009353676810860634,0.02863253280520439,-0.03353045508265495,0.054025414399802685,0.9397559159523006,-3.2974540057377544,5.551142700361211,windowmlp
23420,2026Q2,2,-0.006052589043974876,0.01961681991815567,0.04689168184995651,-0.038089221343398094,0.07892831414937973,1.9810494080759744,-3.7372949818994305,8.212674611352465,windowmlp
23420,2026Q2,4,-0.00215824693441391,0.037468377500772476,0.08223827928304672,-0.06182991713285446,0.14190994948148727,3.817916674284083,-5.995724163742244,15.247286308521568,windowmlp
23420,2026Q2,8,0.007124990224838257,0.07752775400876999,0.15872757136821747,-0.14025069028139114,0.30610325187444687,8.061222336349827,-13.085967694646117,35.812252800544876,windowmlp
23460,2026Q2,1,-0.004764999262988567,0.012472191825509071,0.03180835768580437,-0.03015788085758686,0.05720123928040266,1.2550293973875304,-2.9707669130366376,5.886887496673965,windowmlp
23460,2026Q2,2,0.0011671166867017746,0.026318378746509552,0.053799424320459366,-0.030869515612721443,0.08583605661988258,2.6667765641168018,-3.0397917244250228,8.962767641679026,windowmlp
23460,2026Q2,4,0.011324310675263405,0.05112679675221443,0.09732167422771454,-0.04834735952317715,0.1569933444261551,5.245633286802742,-4.71972355250434,16.998782693462044,windowmlp
23460,2026Q2,8,0.026021629571914673,0.09748196601867676,0.18109384179115295,-0.12135405093431473,0.32846952229738235,10.239156087524304,-11.427968603181327,38.88409110027871,windowmlp
23540,2026Q2,1,-0.012136968784034252,0.005682038143277168,0.024794291704893112,-0.037529850378632545,0.050187173299491405,0.5698211540117182,-3.683433356812338,5.146788467197538,windowmlp
23540,2026Q2,2,-0.014218121767044067,0.011916986666619778,0.038781289011240005,-0.046254754066467285,0.07081792131066322,1.1988276858863944,-4.5201307644494815,7.33857674008056,windowmlp
23540,2026Q2,4,-0.019205771386623383,0.020606812089681625,0.06326194107532501,-0.07887744158506393,0.12293361127376556,2.0820598401525725,-7.58468197463511,13.080934546337474,windowmlp
23540,2026Q2,8,-0.026345163583755493,0.04482286050915718,0.1213805228471756,-0.1737208440899849,0.268756203353405,4.58425834765761,-15.946849575203537,30.83361341995101,windowmlp
23580,2026Q2,1,-0.014719492755830288,0.003315006848424673,0.022183965891599655,-0.04011237435042858,0.04757684748619795,0.33205075602469325,-3.9318522870605443,4.872679004224079,windowmlp
23580,2026Q2,2,-0.01885402575135231,0.007581625133752823,0.034078456461429596,-0.05089065805077553,0.06611508876085281,0.76104384247484,-4.961741846461831,6.834966513001062,windowmlp
23580,2026Q2,4,-0.030078541487455368,0.010160725563764572,0.051305148750543594,-0.08975021168589592,0.11097681894898415,1.0212521013567066,-8.58404968844182,11.73690047663376,windowmlp
23580,2026Q2,8,-0.05118335038423538,0.021382663398981094,0.09424116462469101,-0.19855903089046478,0.2416168451309204,2.161291071788529,-18.008863078640058,27.330622585843976,windowmlp
23900,2026Q2,1,-0.008190792985260487,0.009319334290921688,0.0284397155046463,-0.03358367457985878,0.053832597099244595,0.936289449896055,-3.302600329670302,5.530792575945975,windowmlp
23900,2026Q2,2,-0.006156574934720993,0.019490810111165047,0.046624571084976196,-0.03819320723414421,0.07866120338439941,1.9681996053409367,-3.7473044245969422,8.183773701100417,windowmlp
23900,2026Q2,4,-0.002985931932926178,0.036938656121492386,0.08133804798126221,-0.06265760213136673,0.14100971817970276,3.762936667597505,-6.073497902129654,15.143583779075964,windowmlp
23900,2026Q2,8,0.0016148462891578674,0.0730382651090622,0.15262757241725922,-0.14576083421707153,0.3000032529234886,7.577170064858252,-13.563559514470324,34.98631985705665,windowmlp
24020,2026Q2,1,-0.007539714686572552,0.009927969425916672,0.029089167714118958,-0.032932596281170845,0.05448204930871725,0.9977415210991047,-3.2396222516001494,5.599352042990713,windowmlp
24020,2026Q2,2,-0.0044847168028354645,0.02104274556040764,0.04822057858109474,-0.03652134910225868,0.08025721088051796,2.126570527941962,-3.5862489793693664,8.35657367323095,windowmlp
24020,2026Q2,4,-0.0003461204469203949,0.039654575288295746,0.08437462896108627,-0.06001779064536095,0.14404629915952682,4.045131451747563,-5.825222086554516,15.493757992632018,windowmlp
24020,2026Q2,8,0.004245534539222717,0.07602812349796295,0.15625256299972534,-0.14313014596700668,0.30362824350595474,7.899291878573678,-13.335872831075445,35.47653196563385,windowmlp
24140,2026Q2,1,-0.011211116798222065,0.0065413424745202065,0.02556474879384041,-0.03660399839282036,0.0509576303884387,0.6562783781352444,-3.5942171782040844,5.227830771552178,windowmlp
24140,2026Q2,2,-0.012174077332019806,0.013881094753742218,0.04071629047393799,-0.044210709631443024,0.0727529227733612,1.3977884480112612,-4.324766070044895,7.546478122947264,windowmlp
24140,2026Q2,4,-0.015386033803224564,0.02462959475815296,0.06751343607902527,-0.07505770400166512,0.12718510627746582,2.4935408757197353,-7.231004663857899,13.562721005237366,windowmlp
24140,2026Q2,8,-0.021635092794895172,0.0502171590924263,0.1264711320400238,-0.16901077330112457,0.2738468125462532,5.149941424296012,-15.550019471367582,31.501334326292717,windowmlp
24220,2026Q2,1,-0.0023455116897821426,0.014700394123792648,0.034077238291502,-0.027738393284380436,0.05947011988610029,1.480897633213818,-2.7357216594712463,6.127404951628934,windowmlp
24220,2026Q2,2,0.005287420004606247,0.030177203938364983,0.0579349659383297,-0.02674921229481697,0.08997159823775291,3.063715073496809,-2.639462083150701,9.41432076686568,windowmlp
24220,2026Q2,4,0.02165311947464943,0.06128431484103203,0.10880027711391449,-0.03801855072379112,0.16847194731235504,6.320115508676616,-3.730491796500923,18.34950261628783,windowmlp
24220,2026Q2,8,0.04804312437772751,0.11866118013858795,0.20481662452220917,-0.09933255612850189,0.35219230502843857,12.598834643445134,-9.455845218573844,42.21819901713124,windowmlp
24260,2026Q2,1,-0.01291568297892809,0.004995522554963827,0.023740949109196663,-0.03830856457352638,0.049133830703794956,0.5008020981152272,-3.758407239059003,5.036091187419545,windowmlp
24260,2026Q2,2,-0.01564188301563263,0.010661951266229153,0.037145212292671204,-0.04767851531505585,0.06918184459209442,1.0718992411688388,-4.6559745747634995,7.163106174466249,windowmlp
24260,2026Q2,4,-0.022602882236242294,0.017836349084973335,0.059513673186302185,-0.08227455243468285,0.11918534338474274,1.7996366720345547,-7.89809440437963,12.657870284930173,windowmlp
24260,2026Q2,8,-0.03733031451702118,0.03554119914770126,0.1083371564745903,-0.18470599502325058,0.2557128369808197,3.6180336995435214,-16.86513314288226,29.138183758186067,windowmlp
24300,2026Q2,1,-0.006422865204513073,0.010933702811598778,0.030280187726020813,-0.031815746799111366,0.055673069320619106,1.0993694183435654,-3.1314951041930716,5.72519791211572,windowmlp
24300,2026Q2,2,-0.002406727522611618,0.022976035252213478,0.050425149500370026,-0.034443359822034836,0.08246178179979324,2.3242017516512226,-3.385693934833056,8.595716931744235,windowmlp
24300,2026Q2,4,0.004604209214448929,0.04422985762357712,0.08984598517417908,-0.05506746098399162,0.14951765537261963,4.52225796569079,-5.357870071225945,16.127397335572002,windowmlp
24300,2026Q2,8,0.017481736838817596,0.08811646699905396,0.17119905352592468,-0.1298939436674118,0.3185747340321541,9.211531001423046,-12.18114365598133,37.516638907280495,windowmlp
24340,2026Q2,1,-0.00643617007881403,0.010917386040091515,0.030336182564496994,-0.03182905167341232,0.05572906415909529,1.0977198164913826,-3.13278391890065,5.731118143245317,windowmlp
24340,2026Q2,2,-0.002056870609521866,0.023266619071364403,0.050772540271282196,-0.034093502908945084,0.08280917257070541,2.3539398294806446,-3.351886838474427,8.633448635010188,windowmlp
24340,2026Q2,4,0.004259806126356125,0.04386025294661522,0.08958657085895538,-0.05541186407208443,0.14925824105739594,4.483633188688874,-5.390459500764877,16.097276133417914,windowmlp
24340,2026Q2,8,0.014547087252140045,0.0853176862001419,0.16897612810134888,-0.13282859325408936,0.3163518086075783,8.906299203129064,-12.438483440719583,37.211289184919764,windowmlp
24420,2026Q2,1,-0.012691146694123745,0.005198522936552763,0.02391248568892479,-0.03808402828872204,0.04930536728352308,0.5212058702078304,-3.7367950831109997,5.054110264671108,windowmlp
24420,2026Q2,2,-0.015847425907850266,0.010542355477809906,0.03711230307817459,-0.04788405820727348,0.06914893537759781,1.059812190486653,-4.675569847601557,7.1595795788480965,windowmlp
24420,2026Q2,4,-0.020795494318008423,0.01950833573937416,0.06135333329439163,-0.08046716451644897,0.12102500349283218,1.9699866777561192,-7.731480009893909,12.865313228504727,windowmlp
24420,2026Q2,8,-0.028091296553611755,0.043749984353780746,0.1171329915523529,-0.17546697705984116,0.2645086720585823,4.472112560676322,-16.093489488728196,30.27907210206655,windowmlp
24500,2026Q2,1,-0.0118944076821208,0.0059270174242556095,0.024890918284654617,-0.03728728927671909,0.05028379987925291,0.5944616945738668,-3.660067870610373,5.156948932617644,windowmlp
24500,2026Q2,2,-0.01289370283484459,0.013155353255569935,0.0398765467107296,-0.04493033513426781,0.07191317901015282,1.3242265617971594,-4.393591641081363,7.456204547329404,windowmlp
24500,2026Q2,4,-0.018992170691490173,0.021264631301164627,0.06363280117511749,-0.07866384088993073,0.12330447137355804,2.149233471893597,-7.564939890077504,13.122879530387689,windowmlp
24500,2026Q2,8,-0.03342239558696747,0.039417997002601624,0.11460264027118683,-0.18079807609319687,0.26197832077741623,4.0205195443500985,-16.539613184413625,29.949837000959413,windowmlp
24540,2026Q2,1,-0.014331419952213764,0.003683557268232107,0.02239907719194889,-0.03972430154681206,0.047791958786547184,0.36903499030986886,-3.8945636167479036,4.895240729129768,windowmlp
24540,2026Q2,2,-0.019116289913654327,0.007418779656291008,0.03388756513595581,-0.051152922213077545,0.06592419743537903,0.7446366981316288,-4.986663707424766,6.814574591018863,windowmlp
24540,2026Q2,4,-0.027696821838617325,0.012524325400590897,0.05369538813829422,-0.08736849203705788,0.11336705833673477,1.2603083216684352,-8.36606303486528,12.004297861790402,windowmlp
24540,2026Q2,8,-0.041292451322078705,0.03057457134127617,0.10292074829339981,-0.1886681318283081,0.2502964287996292,3.104677372292075,-17.193873172094786,28.44060952199563,windowmlp
24580,2026Q2,1,-0.005002816207706928,0.012243245728313923,0.03179553896188736,-0.03039569780230522,0.05718842055648565,1.2318501070908816,-2.993839365178963,5.88553017059632,windowmlp
24580,2026Q2,2,0.0012337062507867813,0.026273326948285103,0.053939782083034515,-0.030802926048636436,0.08597641438245773,2.6621513454026635,-3.0333349714485536,8.978062485299109,windowmlp
24580,2026Q2,4,0.009736653417348862,0.04932164400815964,0.09584595263004303,-0.04993501678109169,0.15551762282848358,5.055820215411977,-4.870875954088339,16.82625239759268,windowmlp
24580,2026Q2,8,0.02090045064687729,0.09194289892911911,0.17738494277000427,-0.1264752298593521,0.3247606232762337,9.630222026273238,-11.880402337853624,38.36993809092799,windowmlp
24660,2026Q2,1,-0.008163872174918652,0.00932678859680891,0.028694715350866318,-0.033556753769516945,0.05408759694546461,0.9370418626770904,-3.2999971222731572,5.557706343181734,windowmlp
24660,2026Q2,2,-0.005722861737012863,0.019845901057124138,0.04716969281435013,-0.03775949403643608,0.07920632511377335,2.0044140191212367,-3.7055493059924283,8.242763103652372,windowmlp
24660,2026Q2,4,-0.00278468057513237,0.036819424480199814,0.0816941186785698,-0.06245635077357292,0.14136578887701035,3.7505655798804938,-6.054593163811317,15.184590335425984,windowmlp
24660,2026Q2,8,0.0028620585799217224,0.07360230386257172,0.15533345937728882,-0.14451362192630768,0.3027091398835182,7.637864873270628,-13.455687667963733,35.352072198821816,windowmlp
24780,2026Q2,1,-0.01212939154356718,0.005687674041837454,0.024681808426976204,-0.037522273138165474,0.0500746900215745,0.5703879569191717,-3.682703540260923,5.134961876927613,windowmlp
24780,2026Q2,2,-0.013915251940488815,0.012238959781825542,0.03899577260017395,-0.04595188423991203,0.07103240489959717,1.2314162337281775,-4.491208413381953,7.3616015723869,windowmlp
24780,2026Q2,4,-0.01901010051369667,0.02099522203207016,0.06348354369401932,-0.07868177071213722,0.12315521389245987,2.1217172282973484,-7.566597219413074,13.105996354335915,windowmlp
24780,2026Q2,8,-0.028445079922676086,0.04343104735016823,0.11898385733366013,-0.1758207604289055,0.2663595378398895,4.43879785106438,-16.123168966340952,30.520424465155614,windowmlp
24860,2026Q2,1,-0.008503143675625324,0.009012955240905285,0.02832556515932083,-0.03389602527022362,0.053718446753919125,0.9053694222884268,-3.332799112662932,5.518746887053805,windowmlp
24860,2026Q2,2,-0.006329532712697983,0.019267752766609192,0.046515122056007385,-0.0383661650121212,0.0785517543554306,1.945457386011662,-3.763950637360469,8.171933740066596,windowmlp
24860,2026Q2,4,-0.004295714199542999,0.035396870225667953,0.07999737560749054,-0.06396738439798355,0.1396690458059311,3.603079699609757,-6.19644063725967,14.98931739073539,windowmlp
24860,2026Q2,8,-0.0019343197345733643,0.0692029520869255,0.15012916922569275,-0.14931000024080276,0.29750484973192215,7.165368143048068,-13.869793033994583,34.64949054762667,windowmlp
25060,2026Q2,1,-0.005814540199935436,0.011496181599795818,0.030861951410770416,-0.03120742179453373,0.05625483300536871,1.1562516651704158,-3.0725496433277932,5.786722887586904,windowmlp
25060,2026Q2,2,-0.0015346761792898178,0.023799870163202286,0.05125962942838669,-0.033571308478713036,0.0832962617278099,2.408534734751333,-3.301404552451903,8.686375698992222,windowmlp
25060,2026Q2,4,0.007031746208667755,0.046618975698947906,0.09251656383275986,-0.0526399239897728,0.1521882340312004,4.77227251969905,-5.1278437138269295,16.437939163196535,windowmlp
25060,2026Q2,8,0.02232058346271515,0.09284702688455582,0.17614047229290009,-0.12505509704351425,0.3235161527991295,9.729386596742962,-11.755171904618111,38.19784789085156,windowmlp
25180,2026Q2,1,-0.008463484235107899,0.00905533879995346,0.028266113251447678,-0.03385636582970619,0.05365899484604597,0.9096462416043893,-3.3289652695358107,5.512473782710847,windowmlp
25180,2026Q2,2,-0.0062831249088048935,0.01935761049389839,0.046555936336517334,-0.03831975720822811,0.07859256863594055,1.9546183847069187,-3.7594844300215646,8.176348789811483,windowmlp
25180,2026Q2,4,-0.00416160374879837,0.03568828105926514,0.08011042326688766,-0.06383327394723892,0.13978209346532822,3.6332751588565637,-6.183859756037114,15.002317398718468,windowmlp
25180,2026Q2,8,-0.0014543905854225159,0.06990983337163925,0.1501752734184265,-0.14883007109165192,0.2975509539246559,7.241148116724938,-13.828446716191255,34.65569859679785,windowmlp
25220,2026Q2,1,-0.011222069151699543,0.00657251151278615,0.025219567120075226,-0.036614950746297836,0.05061244871467352,0.659415786422457,-3.5952730426327184,5.191514321046942,windowmlp
25220,2026Q2,2,-0.012964975088834763,0.013255944475531578,0.039868488907814026,-0.04500160738825798,0.07190512120723724,1.3344194020051825,-4.400405482479208,7.45533868989956,windowmlp
25220,2026Q2,4,-0.014697905629873276,0.025796502828598022,0.06816636770963669,-0.07436957582831383,0.12783803790807724,2.613211224304557,-7.167145735509617,13.636893910122726,windowmlp
25220,2026Q2,8,-0.018528394401073456,0.05387255549430847,0.1274791657924652,-0.16590407490730286,0.2748548462986946,5.53500950129735,-15.287250892484217,31.633958943599684,windowmlp
25260,2026Q2,1,-0.007871284149587154,0.0096046794205904,0.028849557042121887,-0.03326416574418545,0.05424243863672018,0.9650952380976463,-3.2716997198429354,5.57405234244539,windowmlp
25260,2026Q2,2,-0.005495116114616394,0.02016838639974594,0.047444239258766174,-0.03753174841403961,0.07948087155818939,2.0373142521614707,-3.6836161688926228,8.272484849209327,windowmlp
25260,2026Q2,4,-0.0010258182883262634,0.038696203380823135,0.08355118334293365,-0.060697488486766815,0.1432228535413742,3.9454652869095774,-5.889210730881944,15.39869430894749,windowmlp
25260,2026Q2,8,0.00896742194890976,0.07951724529266357,0.160516619682312,-0.13840825855731964,0.3078923001885414,8.276423195449834,-12.925686916404622,36.05544495884618,windowmlp
25420,2026Q2,1,-0.004348044283688068,0.012837890535593033,0.032405540347099304,-0.02974092587828636,0.0577984219416976,1.2920650025514346,-2.9303016556542882,5.950140194772957,windowmlp
25420,2026Q2,2,0.0019716639071702957,0.027020521461963654,0.05477762222290039,-0.030064968392252922,0.08681425452232361,2.7388886069105833,-2.961751268954693,9.069406941096458,windowmlp
25420,2026Q2,4,0.012985117733478546,0.05240923911333084,0.09935308992862701,-0.046686552464962006,0.15902476012706757,5.380691328819043,-4.561349919250912,17.236697427660562,windowmlp
25420,2026Q2,8,0.031939808279275894,0.10216180980205536,0.1885451078414917,-0.1154358722269535,0.3359207883477211,10.756267172606027,-10.90222931787258,39.922818524462734,windowmlp
25500,2026Q2,1,-0.007893103174865246,0.009590210393071175,0.028758883476257324,-0.03328598476946354,0.05415176507085562,0.9636343819247717,-3.2738102140473013,5.564480000642469,windowmlp
25500,2026Q2,2,-0.00551682710647583,0.020081698894500732,0.04725885018706322,-0.03755345940589905,0.07929548248648643,2.0284692753270495,-3.6857072704178817,8.252414174251555,windowmlp
25500,2026Q2,4,-0.0017084740102291107,0.038159213960170746,0.08277274668216705,-0.06138014420866966,0.1424444168806076,3.8896626557779257,-5.953434075958198,15.308898689328343,windowmlp
25500,2026Q2,8,0.0037848278880119324,0.0751429945230484,0.15523944795131683,-0.14359085261821747,0.30261512845754623,7.8038293435196415,-13.375790375038498,35.33934815561823,windowmlp
25540,2026Q2,1,-0.0024677198380231857,0.014562021940946579,0.03437461331486702,-0.02786060143262148,0.05976749490946531,1.4668564713666399,-2.747607420534026,6.1589692841455435,windowmlp
25540,2026Q2,2,0.006362576968967915,0.03106212615966797,0.05913517624139786,-0.025674055330455303,0.09117180854082108,3.1549588110265203,-2.5347279300173886,9.545719799416208,windowmlp
25540,2026Q2,4,0.02034430392086506,0.059617720544338226,0.10781644284725189,-0.03932736627757549,0.16748811304569244,6.143070582557164,-3.85640840740884,18.23312357840139,windowmlp
25540,2026Q2,8,0.0431809201836586,0.11317561566829681,0.20313134789466858,-0.1041947603225708,0.350507028400898,11.98285751249555,-9.895020841708835,41.97872385794001,windowmlp
25620,2026Q2,1,-0.00795078556984663,0.00953060481697321,0.02876429632306099,-0.03334366716444492,0.05415717791765928,0.9576165656819846,-3.2793894514181465,5.5650514065470835,windowmlp
25620,2026Q2,2,-0.005702132359147072,0.019899733364582062,0.047149352729320526,-0.03773876465857029,0.07918598502874374,2.0099052999016154,-3.703553161248274,8.240561459037888,windowmlp
25620,2026Q2,4,-0.001834426075220108,0.037891123443841934,0.08265413343906403,-0.06150609627366066,0.14232580363750458,3.8618145555479044,-5.965278689199227,15.295222338010394,windowmlp
25620,2026Q2,8,0.005613885819911957,0.07642792910337448,0.15721341967582703,-0.14176179468631744,0.3045891001820564,7.942439244991406,-13.21720469033889,35.606768054916074,windowmlp
25740,2026Q2,1,-0.01810261234641075,0.0002303384244441986,0.01868232525885105,-0.043495493941009045,0.044075206853449345,0.023036495437600557,-4.25631316517443,4.506094767858615,windowmlp
25740,2026Q2,2,-0.025489743798971176,0.0014383215457201004,0.02742140367627144,-0.057526376098394394,0.059458035975694656,0.14393564262586978,-5.590301153704569,6.126122525324296,windowmlp
25740,2026Q2,4,-0.043882694095373154,-0.003020022064447403,0.03602530434727669,-0.1035543642938137,0.09569697454571724,-0.3015466385050569,-9.837299490595274,10.042555651173647,windowmlp
25740,2026Q2,8,-0.0802769586443901,-0.006014637649059296,0.06126778945326805,-0.2276526391506195,0.20864346995949745,-0.5996585925692188,-20.359914972987436,23.200567318600672,windowmlp
25860,2026Q2,1,-0.009796095080673695,0.007831529714167118,0.027008451521396637,-0.03518897667527199,0.05240133311599493,0.7862276354999365,-3.457704340276946,5.379858192647524,windowmlp
25860,2026Q2,2,-0.008832881227135658,0.016955623403191566,0.04400009661912918,-0.040869513526558876,0.0760367289185524,1.7100185878884622,-4.00456171622019,7.900220401356761,windowmlp
25860,2026Q2,4,-0.009739190340042114,0.030143309384584427,0.07392703741788864,-0.06941086053848267,0.1335987076163292,3.060221834064647,-6.705670825919263,14.293407686572746,windowmlp
25860,2026Q2,8,-0.012773759663105011,0.05891414359211922,0.13773714005947113,-0.1601494401693344,0.28511282056570053,6.068417029796658,-14.798354603119023,32.99120610889765,windowmlp
25940,2026Q2,1,-0.012497366406023502,0.00534845283254981,0.024470295757055283,-0.037890248000621796,0.049863177351653576,0.536278134012691,-3.718139364031825,5.112726852016625,windowmlp
25940,2026Q2,2,-0.01406383141875267,0.012031405232846737,0.038845255970954895,-0.04610046371817589,0.07088188827037811,1.2104073731070253,-4.505398005638295,7.345443082101899,windowmlp
25940,2026Q2,4,-0.021212220191955566,0.018742239102721214,0.06123240292072296,-0.08088389039039612,0.12090407311916351,1.8918977295822481,-7.769922678940844,12.851665209248452,windowmlp
25940,2026Q2,8,-0.03512369841337204,0.03686898574233055,0.1131557896733284,-0.18249937891960144,0.2605314701795578,3.755707716281753,-16.68148385968581,29.761954953005333,windowmlp
25980,2026Q2,1,-0.013822541572153568,0.004149917513132095,0.022918935865163803,-0.03921542316675186,0.048311817459762096,0.41585403447019775,-3.845645192257552,4.949785606387125,windowmlp
25980,2026Q2,2,-0.01690031960606575,0.009473768062889576,0.03589211776852608,-0.04893695190548897,0.0679287500679493,0.9518786255208633,-4.775883520310886,7.028904774009437,windowmlp
25980,2026Q2,4,-0.026316169649362564,0.014197567477822304,0.05552936717867851,-0.08598783984780312,0.11520103737711906,1.4298831606197826,-8.239461062650012,12.20989987376402,windowmlp
25980,2026Q2,8,-0.04674214869737625,0.026676557958126068,0.09873504936695099,-0.19411782920360565,0.2461107298731804,2.703556255673001,-17.643914096883286,27.904119376997727,windowmlp
26140,2026Q2,1,-0.011153443716466427,0.006595094222575426,0.02569735422730446,-0.03654632531106472,0.05109023582190275,0.661688974463992,-3.5886569992749084,5.24178547887868,windowmlp
26140,2026Q2,2,-0.012282531708478928,0.013765612617135048,0.04064532369375229,-0.044319164007902145,0.0726819559931755,1.3860794908547414,-4.335141905220807,7.538846166485458,windowmlp
26140,2026Q2,4,-0.014714650809764862,0.025134582072496414,0.06825684010982513,-0.07438632100820541,0.12792851030826569,2.5453118844152467,-7.168700225338986,13.64717537775224,windowmlp
26140,2026Q2,8,-0.017939411103725433,0.05336006358265877,0.13045944273471832,-0.16531509160995483,0.2778351232409477,5.4809375194422305,-15.237341801819849,32.026849767181645,windowmlp
26300,2026Q2,1,-0.011357548646628857,0.006391284521669149,0.025432750582695007,-0.03675043024122715,0.0508256321772933,0.6411752362618373,-3.6083330216500453,5.213941802807298,windowmlp
26300,2026Q2,2,-0.012400384992361069,0.013645146042108536,0.04050397500395775,-0.044437017291784286,0.07254060730338097,1.37386659274088,-4.34641565856192,7.523646765710823,windowmlp
26300,2026Q2,4,-0.015851445496082306,0.024087321013212204,0.06695970892906189,-0.07552311569452286,0.12663137912750244,2.437976386420293,-7.274170393325219,13.49985565012628,windowmlp
26300,2026Q2,8,-0.02248605340719223,0.04919140040874481,0.12571705877780914,-0.16986173391342163,0.27309273928403854,5.042138258260653,-15.621852510628443,31.40221006430657,windowmlp
26380,2026Q2,1,-0.010881110094487667,0.006863736547529697,0.025708481669425964,-0.03627399168908596,0.05110136326402426,0.6887345972607539,-3.5623973735084746,5.242956557270895,windowmlp
26380,2026Q2,2,-0.012866631150245667,0.013265891000628471,0.04009199142456055,-0.044903263449668884,0.07212862372398376,1.3354273323636479,-4.3910033795144905,7.479357912612983,windowmlp
26380,2026Q2,4,-0.013036582618951797,0.027013901621103287,0.07003790885210037,-0.07270825281739235,0.12970957905054092,2.738208494068961,-7.01279219851032,13.849769172647397,windowmlp
26380,2026Q2,8,-0.0115274116396904,0.05941430479288101,0.13521471619606018,-0.1589030921459198,0.2825903967022896,6.121481605936019,-14.692097497875245,32.65616864787122,windowmlp
26420,2026Q2,1,-0.01156757865101099,0.0062071941792964935,0.02525552362203598,-0.03696046024560928,0.050648405216634274,0.6226498730783403,-3.628576037993081,5.1952967079381684,windowmlp
26420,2026Q2,2,-0.013481669127941132,0.012623580172657967,0.03952360153198242,-0.04551830142736435,0.07156023383140564,1.2703593892902987,-4.449788464062621,7.418285090146393,windowmlp
26420,2026Q2,4,-0.016349639743566513,0.023434827104210854,0.0663532018661499,-0.07602130994200706,0.12602487206459045,2.371158032432863,-7.320354362979231,13.431038057322574,windowmlp
26420,2026Q2,8,-0.018955625593662262,0.05187772959470749,0.12870800495147705,-0.16633130609989166,0.27608368545770645,5.32469537080924,-15.323435091253312,31.795815334373344,windowmlp
26580,2026Q2,1,-0.001256522722542286,0.015694929286837578,0.035352446138858795,-0.02664940431714058,0.06074532773345709,1.5818741583168539,-2.6297442398046544,6.262825777741665,windowmlp
26580,2026Q2,2,0.00791069958359003,0.03261316567659378,0.06068480387330055,-0.024125932715833187,0.09272143617272377,3.3150803738443146,-2.3837228811793176,9.71560647031744,windowmlp
26580,2026Q2,4,0.02576998993754387,0.06509727239608765,0.11360304057598114,-0.03390168026089668,0.1732747107744217,6.72628345483508,-3.3333457632366836,18.919274427604194,windowmlp
26580,2026Q2,8,0.05769720673561096,0.1273394227027893,0.2171819806098938,-0.08967847377061844,0.3645576611161232,13.580246950628737,-8.577491463509478,43.987695369800825,windowmlp
26620,2026Q2,1,-0.010318170301616192,0.007359181065112352,0.02637549117207527,-0.035711051896214485,0.051768372766673565,0.7386326386341402,-3.5080935259966473,5.313178025971488,windowmlp
26620,2026Q2,2,-0.010661732405424118,0.015291482210159302,0.04220175743103027,-0.042698364704847336,0.07423838973045349,1.5408995142501603,-4.179962646648083,7.706353578004843,windowmlp
26620,2026Q2,4,-0.01129234954714775,0.028651420027017593,0.07196718454360962,-0.0709640197455883,0.13163885474205017,2.9065820212195614,-6.850459303362177,14.069628781500555,windowmlp
26620,2026Q2,8,-0.012158386409282684,0.05937895551323891,0.13667869567871094,-0.15953406691551208,0.28405437618494034,6.117730354309114,-14.745907653790269,32.850516783148876,windowmlp
26820,2026Q2,1,-0.009281591512262821,0.008329464122653008,0.02724294364452362,-0.034674473106861115,0.052635825239121914,0.8364250626170744,-3.4080202044208585,5.4045718367941475,windowmlp
26820,2026Q2,2,-0.008495697751641273,0.01740286499261856,0.044318750500679016,-0.04053233005106449,0.07635538280010223,1.7555177120542664,-3.9721881831045747,7.9346087040998325,windowmlp
26820,2026Q2,4,-0.0067612603306770325,0.0333801694214344,0.07694889605045319,-0.06643293052911758,0.13662056624889374,3.3943538250201577,-6.427432762247864,14.639308575809839,windowmlp
26820,2026Q2,8,-0.00337962806224823,0.06852903962135315,0.146063432097435,-0.15075530856847763,0.2934391126036644,7.093172395118419,-13.994187823320258,34.10315250063771,windowmlp
26900,2026Q2,1,-0.007823015563189983,0.009647202678024769,0.02891133725643158,-0.03321589715778828,0.05430421885102987,0.9693886941195773,-3.267030668840465,5.580574931506055,windowmlp
26900,2026Q2,2,-0.005198324099183083,0.020376723259687424,0.0476558655500412,-0.0372349563986063,0.07969249784946442,2.0585746003898286,-3.6550259927580098,8.295400578324962,windowmlp
26900,2026Q2,4,-0.0012780353426933289,0.0384325347840786,0.08328215777873993,-0.06094970554113388,0.14295382797718048,3.918061744824941,-5.912944083831562,15.367653285705419,windowmlp
26900,2026Q2,8,0.006119146943092346,0.07704783231019974,0.15837427973747253,-0.14125653356313705,0.30574996024370193,8.009373853577717,-13.173345638504163,35.76427994298135,windowmlp
26980,2026Q2,1,-0.005644247867166996,0.011648236773908138,0.030953772366046906,-0.03103712946176529,0.0563466539606452,1.1716341660946927,-3.0560422361947226,5.796436771500235,windowmlp
26980,2026Q2,2,-0.001421431079506874,0.023880377411842346,0.051337312906980515,-0.03345806337893009,0.08337394520640373,2.4167796960052224,-3.2904532902848893,8.69481916268684,windowmlp
26980,2026Q2,4,0.008042234927415848,0.04764804244041443,0.09360776841640472,-0.051629435271024704,0.15327943861484528,4.880145675595848,-5.031928017473419,16.565066124268448,windowmlp
26980,2026Q2,8,0.024162963032722473,0.09463049471378326,0.1777135133743286,-0.12321271747350693,0.325089193880558,9.92526004273504,-11.592441576691048,38.41540985504026,windowmlp
27060,2026Q2,1,-0.018506959080696106,-0.00013801734894514084,0.018245892599225044,-0.0438998406752944,0.04363877419382334,-0.013800782498896158,-4.295018986460963,4.460494846343277,windowmlp
27060,2026Q2,2,-0.02631397545337677,0.0006893686950206757,0.026591824367642403,-0.05835060775279999,0.05862845666706562,0.06896063642303218,-5.668084555801922,6.038118997971953,windowmlp
27060,2026Q2,4,-0.04585031792521477,-0.004888460040092468,0.03386640548706055,-0.10552198812365532,0.0935380756855011,-0.48765309654948963,-10.014531348686685,9.805241164364409,windowmlp
27060,2026Q2,8,-0.08506592363119125,-0.010497726500034332,0.05576402693986893,-0.23244160413742065,0.20313970744609833,-1.0442817676438176,-20.740396767561762,22.524363194946684,windowmlp
27100,2026Q2,1,-0.004263695329427719,0.012921921908855438,0.03231021761894226,-0.029656576924026012,0.057703099213540554,1.30057707150959,-2.9221135827857347,5.940041219699532,windowmlp
27100,2026Q2,2,0.0020176582038402557,0.02712911367416382,0.054731499403715134,-0.030018974095582962,0.08676813170313835,2.750045855887606,-2.9572879603116387,9.064376468572144,windowmlp
27100,2026Q2,4,0.013628480955958366,0.05330228805541992,0.09996744990348816,-0.046043189242482185,0.1596391201019287,5.474843478708302,-4.499928445745893,17.30874509147935,windowmlp
27100,2026Q2,8,0.03189229592680931,0.10272224247455597,0.18756985664367676,-0.11548338457942009,0.33494553714990616,10.818356000092422,-10.906462461993094,39.78642514780757,windowmlp
27140,2026Q2,1,-0.006176109425723553,0.011160122230648994,0.03047078847885132,-0.031568991020321846,0.05586367007344961,1.1222628704968818,-3.1075892914999126,5.745351134979626,windowmlp
27140,2026Q2,2,-0.0023805927485227585,0.02300337702035904,0.050433121621608734,-0.034417225047945976,0.08246975392103195,2.3269995144989064,-3.383168908774936,8.596582673416497,windowmlp
27140,2026Q2,4,0.005711093544960022,0.04529425501823425,0.0909619927406311,-0.05396057665348053,0.15063366293907166,4.633570414584254,-5.253054181770411,16.257068733342894,windowmlp
27140,2026Q2,8,0.020778559148311615,0.09117615967988968,0.17406600713729858,-0.12659712135791779,0.321441687643528,9.546196449114408,-11.891142713072156,37.911458426009915,windowmlp
27180,2026Q2,1,-0.009248611517250538,0.00834072008728981,0.02751501277089119,-0.03464149311184883,0.05290789436548948,0.8375600802395411,-3.404834548877811,5.4332530680307745,windowmlp
27180,2026Q2,2,-0.0080255176872015,0.01774679869413376,0.04480883106589317,-0.04006214998662472,0.07684546336531639,1.7905208829505748,-3.9270272042925103,7.987518322068454,windowmlp
27180,2026Q2,4,-0.0071640945971012115,0.0326898917555809,0.07671491801738739,-0.06683576479554176,0.13638658821582794,3.323007638971731,-6.465119407482833,14.612488633638264,windowmlp
27180,2026Q2,8,-0.006215766072273254,0.06528550386428833,0.14433711767196655,-0.15359144657850266,0.29171279817819595,6.746374590698068,-14.237766601529522,33.87184800356378,windowmlp
27260,2026Q2,1,-0.01323771383613348,0.004679096397012472,0.023624654859304428,-0.03863059543073177,0.04901753645390272,0.46900604625286224,-3.7893950118972897,5.023876804228311,windowmlp
27260,2026Q2,2,-0.016564317047595978,0.00976087898015976,0.036422111093997955,-0.048600949347019196,0.06845874339342117,0.9808671732583152,-4.743882597650817,7.08564441365922,windowmlp
27260,2026Q2,4,-0.023358147591352463,0.01662561669945717,0.05856894701719284,-0.08302981778979301,0.11824061721563339,1.6764591376438487,-7.967629520778052,12.551489704886931,windowmlp
27260,2026Q2,8,-0.033799074590206146,0.03779684379696846,0.11235465109348297,-0.18117475509643555,0.25973033159971237,3.8520229619292135,-16.57104503949767,29.658039275683336,windowmlp
27340,2026Q2,1,-0.013507270254194736,0.004437117371708155,0.02325556054711342,-0.03890015184879303,0.04864844214171171,0.4446975952827392,-3.81532570290829,4.985120241509056,windowmlp
27340,2026Q2,2,-0.016573958098888397,0.009739098139107227,0.03621654957532883,-0.048610590398311615,0.06825318187475204,0.9786677489938223,-4.744800962337603,7.06363398829164,windowmlp
27340,2026Q2,4,-0.025046084076166153,0.015309032052755356,0.056841664016246796,-0.0847177542746067,0.11651333421468735,1.542681556690928,-8.122843284354575,12.35724923241477,windowmlp
27340,2026Q2,8,-0.04332513362169266,0.029599212110042572,0.10236622393131256,-0.19070081412792206,0.24974190443754196,3.0041623005537588,-17.362020767181352,28.369405818852968,windowmlp
27500,2026Q2,1,-0.004416515119373798,0.012784010730683804,0.03229924291372299,-0.02980939671397209,0.057692124508321285,1.28660755287473,-2.9369478714811215,5.938878565356154,windowmlp
27500,2026Q2,2,0.002398839220404625,0.027394622564315796,0.05508452281355858,-0.029637793079018593,0.0871211551129818,2.7773305285271555,-2.9202900696873924,9.102885543548078,windowmlp
27500,2026Q2,4,0.012301350012421608,0.05194839835166931,0.09864522516727448,-0.047370320186018944,0.15831689536571503,5.332138799114294,-4.626585481989675,17.153739065928654,windowmlp
27500,2026Q2,8,0.026023216545581818,0.09714231640100479,0.18288704752922058,-0.12135246396064758,0.33026272803545,10.201719758284034,-11.427828041588317,39.13336227982469,windowmlp
27620,2026Q2,1,-0.004816295579075813,0.012408113107085228,0.03192324563860893,-0.030209177173674107,0.057316127233207226,1.2485413127460765,-2.9757440275918645,5.899053323247383,windowmlp
27620,2026Q2,2,0.0015030782669782639,0.026538902893662453,0.0542055182158947,-0.030533554032444954,0.08624215051531792,2.689419564031903,-3.0072113470577255,9.00702574231207,windowmlp
27620,2026Q2,4,0.010765423998236656,0.05037320405244827,0.0969342291355133,-0.048906246200203896,0.15660589933395386,5.166350822970567,-4.772959551763201,16.95346086973999,windowmlp
27620,2026Q2,8,0.02299322932958603,0.0940440371632576,0.17944833636283875,-0.12438245117664337,0.32682401686906815,9.860812443727141,-11.69579441795532,38.65574449877715,windowmlp
27740,2026Q2,1,-0.008769351057708263,0.00877139437943697,0.028122678399086,-0.03416223265230656,0.05351555999368429,0.8809975780843526,-3.358529210221528,5.497340701943054,windowmlp
27740,2026Q2,2,-0.006504358723759651,0.019074682146310806,0.04632954299449921,-0.03854099102318287,0.07836617529392242,1.9257766132681597,-3.7807737313908185,8.151861156704786,windowmlp
27740,2026Q2,4,-0.005625784397125244,0.03409609943628311,0.07860971987247467,-0.0652974545955658,0.13828139007091522,3.468403450301172,-6.3211230194536565,14.829862464850807,windowmlp
27740,2026Q2,8,-0.005705848336219788,0.06567016988992691,0.14665624499320984,-0.1530815288424492,0.29403192549943924,6.7874441928971185,-14.194023765960061,34.182674147204104,windowmlp
27780,2026Q2,1,-0.007373965345323086,0.010048339143395424,0.02921874076128006,-0.03276684693992138,0.05461162235587835,1.009899322412866,-3.22358295351447,5.613035759314422,windowmlp
27780,2026Q2,2,-0.004729287698864937,0.02082924172282219,0.048075735569000244,-0.036765919998288155,0.08011236786842346,2.104768440712257,-3.6098260935905513,8.340880117298255,windowmlp
27780,2026Q2,4,0.0010579340159893036,0.04085501283407211,0.08581460267305374,-0.05861373618245125,0.1454862728714943,4.170106131138285,-5.692902699256008,15.66018576508872,windowmlp
27780,2026Q2,8,0.010109305381774902,0.08093703538179398,0.16167870163917542,-0.1372663751244545,0.3090543821454048,8.430262171673686,-12.826201411251182,36.21364443914352,windowmlp
27860,2026Q2,1,-0.008489099331200123,0.009040973149240017,0.02808322012424469,-0.033881980925798416,0.05347610171884298,0.9081966192852731,-3.3314414756655086,5.493178041004865,windowmlp
27860,2026Q2,2,-0.007173588499426842,0.01856880448758602,0.045617058873176575,-0.03921022079885006,0.07765369117259979,1.874227679857543,-3.845144960627289,8.074832117181451,windowmlp
27860,2026Q2,4,-0.0035996735095977783,0.03634580224752426,0.08051976561546326,-0.06327134370803833,0.1401914358139038,3.701438640093002,-6.131126815179511,15.049402353689656,windowmlp
27860,2026Q2,8,0.0016324222087860107,0.07302361726760864,0.15162158012390137,-0.1457432582974434,0.29899726063013077,7.57559430306789,-13.56204030118866,34.850592941133954,windowmlp
27900,2026Q2,1,-0.011161346919834614,0.006591313518583775,0.025650933384895325,-0.03655422851443291,0.05104381497949362,0.6613084031340977,-3.589418954714696,5.236900179930815,windowmlp
27900,2026Q2,2,-0.011629696935415268,0.014350888319313526,0.0412316620349884,-0.043666329234838486,0.07326829433441162,1.4454356678896163,-4.272668169001459,7.601918804311092,windowmlp
27900,2026Q2,4,-0.015550214797258377,0.024500273168087006,0.06744392216205597,-0.07522188499569893,0.12711559236049652,2.4802871050600306,-7.2462343194834915,13.554827090050248,windowmlp
27900,2026Q2,8,-0.023918606340885162,0.04808334633708,0.12497030943632126,-0.17129428684711456,0.27234598994255066,4.925810349975546,-15.742642133932183,31.304122178561133,windowmlp
27980,2026Q2,1,-0.012017614208161831,0.005801628343760967,0.024813389405608177,-0.037410495802760124,0.05020627100020647,0.5818490382803576,-3.6719368477843184,5.148796548269652,windowmlp
27980,2026Q2,2,-0.014446239918470383,0.011739984154701233,0.03854210674762726,-0.0464828722178936,0.07057873904705048,1.1809168243632762,-4.5419089716213,7.312906326399093,windowmlp
27980,2026Q2,4,-0.018263448029756546,0.021624550223350525,0.06426668167114258,-0.0779351182281971,0.12393835186958313,2.1860055309898874,-7.497555817868418,13.194608648819028,windowmlp
27980,2026Q2,8,-0.022985614836215973,0.04813947528600693,0.12397714704275131,-0.17036129534244537,0.2713528275489807,4.9316998907111165,-15.663994051545993,31.17378059818443,windowmlp
28020,2026Q2,1,-0.007538574747741222,0.009904717095196247,0.029178738594055176,-0.032931456342339516,0.05457162018865347,0.9953931155143092,-3.239511950625351,5.608811093495314,windowmlp
28020,2026Q2,2,-0.004564594477415085,0.020971843972802162,0.048279810696840286,-0.0366012267768383,0.0803164429962635,2.11932984864569,-3.593949978025368,8.362992052429764,windowmlp
28020,2026Q2,4,-0.00010838359594345093,0.03961646556854248,0.08459089696407318,-0.059780053794384,0.14426256716251373,4.041166396500295,-5.802830609877807,15.518738298153556,windowmlp
28020,2026Q2,8,0.0073538050055503845,0.07833997160196304,0.15985363721847534,-0.14002187550067902,0.30722931772470474,8.149027215780213,-13.06607820398542,35.96527247941819,windowmlp
28100,2026Q2,1,-0.005253937095403671,0.012009003199636936,0.03139791265130043,-0.030646818690001965,0.056790794245898724,1.208140079595954,-3.0181965799189414,5.843435667385677,windowmlp
28100,2026Q2,2,-0.00012096576392650604,0.02511749044060707,0.0526442751288414,-0.032157598063349724,0.08468090742826462,2.5435592326704226,-3.1646040655639918,8.836972059042235,windowmlp
28100,2026Q2,4,0.009362079203128815,0.04899179935455322,0.09517529606819153,-0.05030959099531174,0.15484696626663208,5.021173829060466,-4.906502198224527,16.74792837202228,windowmlp
28100,2026Q2,8,0.02475191280245781,0.09541004151105881,0.17927519977092743,-0.12262376770377159,0.32665088027715683,10.010985336238809,-11.540358629900481,38.63174019379745,windowmlp
28140,2026Q2,1,-0.006366272456943989,0.010982216335833073,0.0304107703268528,-0.03175915405154228,0.05580365192145109,1.1042742240256587,-3.126012894222907,5.739004684875093,windowmlp
28140,2026Q2,2,-0.0022291727364063263,0.023121358826756477,0.05062701553106308,-0.034265805035829544,0.0826636478304863,2.339072950953769,-3.368538079368222,8.6176409308524,windowmlp
28140,2026Q2,4,0.004769153892993927,0.04430030658841133,0.09009610116481781,-0.054902516305446625,0.14976777136325836,4.52962170994764,-5.34225806800499,16.156446287249103,windowmlp
28140,2026Q2,8,0.017444267868995667,0.0879163146018982,0.17162814736366272,-0.12993141263723373,0.3190038278698921,9.189674239110701,-12.184434076414764,37.57565911131942,windowmlp
28420,2026Q2,1,-0.010748454369604588,0.0069738589227199554,0.02591010183095932,-0.03614133596420288,0.05130298342555761,0.6998232904149138,-3.549603524856204,5.26417779841537,windowmlp
28420,2026Q2,2,-0.011711716651916504,0.014346703886985779,0.041195884346961975,-0.04374834895133972,0.07323251664638519,1.4450111772172258,-4.280519375638381,7.598069125295792,windowmlp
28420,2026Q2,4,-0.012940023094415665,0.02708613872528076,0.07010626047849655,-0.07261169329285622,0.1297779306769371,2.7456302727996373,-7.003812964428757,13.857551255491174,windowmlp
28420,2026Q2,8,-0.013939253985881805,0.05753079801797867,0.13398976624011993,-0.1613149344921112,0.28136544674634933,5.921789196407379,-14.89759879161695,32.493770964754695,windowmlp
28450,2026Q2,1,0.0029374700970947742,0.019543692469596863,0.03939341381192207,-0.02245541149750352,0.06478629540652037,1.9735920668028983,-2.2205165371218194,6.693099196536401,windowmlp
28450,2026Q2,2,0.016302339732646942,0.04043753445148468,0.06889849901199341,-0.015734292566776276,0.10093513131141663,4.126626440263714,-1.5611155257549636,10.620488137598816,windowmlp
28450,2026Q2,4,0.04352777078747749,0.0826651006937027,0.1335950493812561,-0.01614389941096306,0.19326671957969666,8.61779873754218,-1.6014285097690095,21.320633625370135,windowmlp
28450,2026Q2,8,0.08842865377664566,0.1579931676387787,0.2524375319480896,-0.05894702672958374,0.399813212454319,17.115819290451274,-5.724329125957461,49.154606939036526,windowmlp
28660,2026Q2,1,-0.016028888523578644,0.002132367342710495,0.02078564465045929,-0.04142177011817694,0.04617852624505758,0.21346424547901144,-4.057561193775239,4.726135790679309,windowmlp
28660,2026Q2,2,-0.02235884591937065,0.004386710003018379,0.03064381703734398,-0.05439547821879387,0.0626804493367672,0.4396345699860804,-5.294250817925317,6.468656356902058,windowmlp
28660,2026Q2,4,-0.034783486276865005,0.005569007247686386,0.045858126133680344,-0.09445515647530556,0.1055297963321209,0.5584542994722552,-9.013146457666565,11.129921667008503,windowmlp
28660,2026Q2,8,-0.05610521882772446,0.01637330651283264,0.08664264529943466,-0.20348089933395386,0.23401832580566406,1.6508083673749008,-18.411421186418643,26.366764972335986,windowmlp
28700,2026Q2,1,-0.010925768874585629,0.00679367408156395,0.0259878970682621,-0.03631865046918392,0.051380778662860394,0.6816803433420171,-3.56670406303089,5.272367168649539,windowmlp
28700,2026Q2,2,-0.010858230292797089,0.015026994049549103,0.04202337935566902,-0.042894862592220306,0.07406001165509224,1.5140466997932034,-4.198789231803335,7.687142839387651,windowmlp
28700,2026Q2,4,-0.014675918966531754,0.025216780602931976,0.06852537393569946,-0.0743475891649723,0.12819704413414001,2.5537413047934443,-7.165104628357389,13.677697586495574,windowmlp
28700,2026Q2,8,-0.02262413501739502,0.04911325126886368,0.12725992500782013,-0.16999981552362442,0.27463560551404953,5.0339296262574384,-15.63350277673744,31.60510257451703,windowmlp
28740,2026Q2,1,-0.00863680336624384,0.008909914642572403,0.028204642236232758,-0.03402968496084213,0.05359752383083105,0.8949726083043119,-3.345718757389393,5.505988023174746,windowmlp
28740,2026Q2,2,-0.006235238164663315,0.019368333742022514,0.046595700085163116,-0.03827187046408653,0.07863233238458633,1.9557116752390469,-3.754875674728153,8.18065037247715,windowmlp
28740,2026Q2,4,-0.005273763090372086,0.03455481305718422,0.07899202406406403,-0.06494543328881264,0.13866369426250458,3.5158767037782868,-6.288140253786267,14.873770795225338,windowmlp
28740,2026Q2,8,-0.004590898752212524,0.06684475392103195,0.14776144921779633,-0.15196657925844193,0.2951371297240257,6.912948712941813,-14.098301075381736,34.33105538622032,windowmlp
28880,2026Q2,1,-0.00910989847034216,0.00844526942819357,0.02756725624203682,-0.03450278006494045,0.05296013783663511,0.848103131809208,-3.3914346098097625,5.438761411031434,windowmlp
28880,2026Q2,2,-0.0076383501291275024,0.018095355480909348,0.04520731419324875,-0.03967498242855072,0.07724394649267197,1.8260068439107435,-3.8898236644811846,8.030558100828111,windowmlp
28880,2026Q2,4,-0.006347909569740295,0.033497270196676254,0.07761365175247192,-0.06601957976818085,0.13728532195091248,3.4064620929386447,-6.388746475425111,14.715541045038139,windowmlp
28880,2026Q2,8,-0.005096346139907837,0.06637221574783325,0.1456519067287445,-0.15247202664613724,0.2930275872349739,6.862440198006259,-14.141708893593474,34.04797700519906,windowmlp
28940,2026Q2,1,-0.010813058353960514,0.0068980054929852486,0.02612803503870964,-0.03620593994855881,0.051520916633307934,0.692185153137781,-3.555834403489244,5.287120858280692,windowmlp
28940,2026Q2,2,-0.010498475283384323,0.015341732650995255,0.04235124960541725,-0.04253510758280754,0.07438788190484047,1.5460021174165783,-4.164318066106176,7.722456038562431,windowmlp
28940,2026Q2,4,-0.014255478978157043,0.02562706731259823,0.0690247043967247,-0.0739271491765976,0.12869637459516525,2.5958263747594357,-7.126064919674324,13.73447449768066,windowmlp
28940,2026Q2,8,-0.02303597331047058,0.04885582625865936,0.12728522717952728,-0.17041165381669998,0.2746609076857567,5.006894745728108,-15.668240977195047,31.608432511547058,windowmlp
29020,2026Q2,1,-0.00821633916348219,0.009293215349316597,0.028517086058855057,-0.03360922075808048,0.05390996765345335,0.9336531352751143,-3.305070547123412,5.53895786772618,windowmlp
29020,2026Q2,2,-0.0053351521492004395,0.020206540822982788,0.04742104560136795,-0.03737178444862366,0.07945767790079117,2.041207501307274,-3.668207785840305,8.269973643412222,windowmlp
29020,2026Q2,4,-0.0034527480602264404,0.036492638289928436,0.08100512623786926,-0.06312441825866699,0.14067679643630981,3.716666866933438,-6.11733407557743,15.10525635679385,windowmlp
29020,2026Q2,8,-0.0036361441016197205,0.06813212484121323,0.14862197637557983,-0.15101182460784912,0.29599765688180923,7.050673966827836,-14.01624686425288,34.4467006583262,windowmlp
29100,2026Q2,1,-0.0038308119401335716,0.01332412101328373,0.03283792734146118,-0.029223693534731865,0.058230808936059475,1.3413282673837346,-2.8800810813584654,5.995961563011942,windowmlp
29100,2026Q2,2,0.002802012488245964,0.02780683897435665,0.05554730072617531,-0.029234619811177254,0.08758393302559853,2.8197057640348966,-2.8811422346436966,9.153387633905052,windowmlp
29100,2026Q2,4,0.01511342078447342,0.05463232472538948,0.10169831663370132,-0.04455824941396713,0.16136998683214188,5.615222222038296,-4.358011242693194,17.511966719562743,windowmlp
29100,2026Q2,8,0.035600919276475906,0.10601446777582169,0.19220104813575745,-0.1117747612297535,0.33957672864198685,11.183796221255559,-10.57543463902828,40.43530423254953,windowmlp
29180,2026Q2,1,-0.006548679433763027,0.010835527442395687,0.029994308948516846,-0.03194156102836132,0.05538719054311514,1.0894444376270185,-3.143681773830831,5.69497764165805,windowmlp
29180,2026Q2,2,-0.0038384683430194855,0.021657830104231834,0.04899958521127701,-0.0358751006424427,0.08103621751070023,2.1894063256704177,-3.523921603951208,8.441017049250732,windowmlp
29180,2026Q2,4,0.00465136393904686,0.04437834769487381,0.08975356817245483,-0.05502030625939369,0.14942523837089539,4.53777963560662,-5.353407142430521,16.11666568559329,windowmlp
29180,2026Q2,8,0.020487647503614426,0.09084709733724594,0.17238694429397583,-0.12688803300261497,0.31976262480020523,9.510154851374676,-11.91677087771138,37.680090715318414,windowmlp
29200,2026Q2,1,-0.008117820136249065,0.009370616637170315,0.028669487684965134,-0.03351070173084736,0.05406236927956343,0.9414658323680714,-3.2955437874594984,5.555043402222837,windowmlp
29200,2026Q2,2,-0.005375491455197334,0.02014332264661789,0.04744138568639755,-0.03741212375462055,0.07947801798582077,2.034756846156438,-3.6720936651062908,8.27217588627911,windowmlp
29200,2026Q2,4,-0.003033354878425598,0.03672822564840317,0.0814465582370758,-0.06270502507686615,0.14111822843551636,3.7411040809467666,-6.077952067903936,15.156078716709299,windowmlp
29200,2026Q2,8,-0.0008768662810325623,0.0704255923628807,0.15171441435813904,-0.14825254678726196,0.29909009486436844,7.296472969015788,-13.778666176470667,34.86311227376846,windowmlp
29340,2026Q2,1,-0.0038087917491793633,0.013380283489823341,0.032515253871679306,-0.029201673343777657,0.0579081354662776,1.3470200071846516,-2.877942458652072,5.961764995770746,windowmlp
29340,2026Q2,2,0.00134190171957016,0.026543423533439636,0.05408070236444473,-0.030694730579853058,0.08611733466386795,2.68988378695596,-3.0228430500904957,8.993420786654749,windowmlp
29340,2026Q2,4,0.016329625621438026,0.056127071380615234,0.10277974605560303,-0.043342044577002525,0.16245141625404358,5.77320826733676,-4.241620230040044,17.639116357086635,windowmlp
29340,2026Q2,8,0.04275494068861008,0.11311982572078705,0.1965993493795395,-0.10462073981761932,0.3439750298857689,11.976610169024028,-9.93339554123419,41.05434136377668,windowmlp
29404,2026Q2,1,-0.0022368067875504494,0.014776074327528477,0.0345088392496109,-0.027629688382148743,0.059901720844209194,1.4885780188449216,-2.725147980908671,6.1732195273838775,windowmlp
29404,2026Q2,2,0.006458853371441364,0.031184349209070206,0.05923202633857727,-0.025577778927981853,0.09126865863800049,3.1675674951735733,-2.5253438725320043,9.556329826807165,windowmlp
29404,2026Q2,4,0.02156843990087509,0.060850903391838074,0.10904406011104584,-0.03810323029756546,0.1687157303094864,6.2740451377698125,-3.738643512276274,18.37835772979477,windowmlp
29404,2026Q2,8,0.046901993453502655,0.11674946546554565,0.20631110668182373,-0.10047368705272675,0.35368678718805313,12.38378342287152,-9.559109023636413,42.43090047801552,windowmlp
29414,2026Q2,1,-0.005606506951153278,0.011676900088787079,0.031113870441913605,-0.03099938854575157,0.0565067520365119,1.1745341220625871,-3.052383413383497,5.813375933388354,windowmlp
29414,2026Q2,2,-0.0007346998900175095,0.02452116273343563,0.05212506651878357,-0.03277133218944073,0.08416169881820679,2.4824278960744683,-3.2240170189190676,8.780477633521766,windowmlp
29414,2026Q2,4,0.00796901062130928,0.04748356342315674,0.09362480044364929,-0.05170265957713127,0.15329647064208984,4.862896510906989,-5.0388817340529695,16.567051480557705,windowmlp
29414,2026Q2,8,0.023832812905311584,0.09418322145938873,0.17863181233406067,-0.12354286760091782,0.32600749284029007,9.87610440775546,-11.621624525726348,38.54257496077695,windowmlp
29420,2026Q2,1,-0.01090977992862463,0.0068247877061367035,0.025800231844186783,-0.03630266152322292,0.051193113438785076,0.6848129640788958,-3.565162183946835,5.252613059913491,windowmlp
29420,2026Q2,2,-0.011951733380556107,0.014130959287285805,0.04098770394921303,-0.043988365679979324,0.07302433624863625,1.4231273246356313,-4.30349089536014,7.575671647907023,windowmlp
29420,2026Q2,4,-0.013647850602865219,0.026315320283174515,0.06930144876241684,-0.07331952080130577,0.1289731189608574,2.6664625620251403,-7.069614932824441,13.76595422840099,windowmlp
29420,2026Q2,8,-0.014485202729701996,0.056820355355739594,0.13362941145896912,-0.1618608832359314,0.2810050919651985,5.846564563059964,-14.944047660148318,32.4460348024086,windowmlp
29460,2026Q2,1,-0.013771084137260914,0.004190109204500914,0.023196596652269363,-0.03916396573185921,0.04858947824686766,0.41988999858966203,-3.840697208501209,4.978930092418388,windowmlp
29460,2026Q2,2,-0.01776617392897606,0.008615302853286266,0.03527810052037239,-0.04980280622839928,0.06731473281979561,0.8652521381096401,-4.858298048573484,6.963207352166356,windowmlp
29460,2026Q2,4,-0.025657106190919876,0.014231139793992043,0.056030791252851486,-0.08532877638936043,0.11570246145129204,1.4332884538877932,-8.178965111363734,12.266178727528176,windowmlp
29460,2026Q2,8,-0.03733963519334793,0.034003738313913345,0.10854969173669815,-0.18471531569957733,0.25592537224292755,3.4588474337376995,-16.865908012456543,29.165633092791676,windowmlp
29484,2026Q2,1,-0.004483642056584358,0.012708487920463085,0.032345470041036606,-0.02987652365118265,0.0577383516356349,1.2789583924812886,-2.9434631982074078,5.943775928577688,windowmlp
29484,2026Q2,2,0.0022139009088277817,0.02720538154244423,0.05501161888241768,-0.029822731390595436,0.0870482511818409,2.7578826816959445,-2.9382421672637937,9.094931804226093,windowmlp
29484,2026Q2,4,0.01204153336584568,0.051474109292030334,0.09843459725379944,-0.04763013683259487,0.15810626745224,5.282192763418947,-4.65136186392463,17.129065816842104,windowmlp
29484,2026Q2,8,0.027614157646894455,0.09799309074878693,0.1849331557750702,-0.11976152285933495,0.3323088362812996,10.295516448787323,-11.28680278109121,39.41833564341128,windowmlp
29540,2026Q2,1,-0.00227456446737051,0.014748452231287956,0.034448254853487015,-0.027667446061968803,0.05984113644808531,1.4857747302920998,-2.728820784287045,6.1667872818431,windowmlp
29540,2026Q2,2,0.006231469102203846,0.030992062762379646,0.05897894874215126,-0.025805163197219372,0.09101558104157448,3.14773167734681,-2.547505556280105,9.528607082332098,windowmlp
29540,2026Q2,4,0.021468445658683777,0.06078866124153137,0.10888312757015228,-0.038203224539756775,0.16855479776859283,6.267430618531744,-3.748268612435257,18.35930833277355,windowmlp
29540,2026Q2,8,0.04708714038133621,0.1171312928199768,0.20617830753326416,-0.10028854012489319,0.35355398803949356,12.426702818955127,-9.542362620296874,42.41198703157605,windowmlp
29620,2026Q2,1,-0.0052287401631474495,0.012031007558107376,0.03150114789605141,-0.030621621757745743,0.0568940294906497,1.210367124292655,-3.015752905201652,5.854363004405538,windowmlp
29620,2026Q2,2,0.000186113640666008,0.02536696568131447,0.05300998315215111,-0.03185051865875721,0.08504661545157433,2.569144503106058,-3.134863343689087,8.876781891900908,windowmlp
29620,2026Q2,4,0.009273461997509003,0.04882538318634033,0.09519520401954651,-0.05039820820093155,0.15486687421798706,5.003698061896045,-4.914928744898317,16.750252607236394,windowmlp
29620,2026Q2,8,0.025005437433719635,0.09545430541038513,0.1804041564464569,-0.12237024307250977,0.3277798369526863,10.015854959191994,-11.517929088840152,38.788337801654336,windowmlp
29700,2026Q2,1,-0.007359697483479977,0.010077232494950294,0.029251355677843094,-0.03275257907807827,0.05464423727244139,1.0128178791077636,-3.2222021511158605,5.616480375836308,windowmlp
29700,2026Q2,2,-0.0048981476575136185,0.020661257207393646,0.04792651906609535,-0.036934779956936836,0.07996315136551857,2.0876178612190266,-3.626101160228312,8.324715076120981,windowmlp
29700,2026Q2,4,0.001003701239824295,0.04075803980231285,0.08570939302444458,-0.05866796895861626,0.14538106322288513,4.160004929908023,-5.698017096269458,15.64801783768921,windowmlp
29700,2026Q2,8,0.01138346642255783,0.08231569826602936,0.1629771888256073,-0.13599221408367157,0.3103528693318367,8.579854044344737,-12.71505716051201,36.39063099358388,windowmlp
29740,2026Q2,1,-0.014818924479186535,0.003214388620108366,0.02212228626012802,-0.04021180607378483,0.047515167854726315,0.3219560306994662,-3.941404033666107,4.866210695515161,windowmlp
29740,2026Q2,2,-0.01953384280204773,0.006971759721636772,0.03351382911205292,-0.05157047510147095,0.06555046141147614,0.6996119014586633,-5.026328518775058,6.774661595543052,windowmlp
29740,2026Q2,4,-0.029918301850557327,0.010142136365175247,0.05140332505106926,-0.08958997204899788,0.11107499524950981,1.0193742146939133,-8.56940005606267,11.74787093066525,windowmlp
29740,2026Q2,8,-0.04720040410757065,0.024582453072071075,0.09761180728673935,-0.19457608461380005,0.24498748779296875,2.488709271276246,-17.681645572824035,27.760532744251698,windowmlp
29820,2026Q2,1,-0.011159866116940975,0.006577589549124241,0.02564265951514244,-0.03655274771153927,0.051035541109740734,0.6599269398914309,-3.5892761895416014,5.236029467127623,windowmlp
29820,2026Q2,2,-0.012221027165651321,0.013847442343831062,0.04078303277492523,-0.04425765946507454,0.07281966507434845,1.3943762254853942,-4.329257900914385,7.5536562619003655,windowmlp
29820,2026Q2,4,-0.0146808922290802,0.025165792554616928,0.06825657188892365,-0.07435256242752075,0.1279282420873642,2.5485124229832845,-7.165566319517669,13.647144895208507,windowmlp
29820,2026Q2,8,-0.01626691222190857,0.05472162738442421,0.13210071623325348,-0.16364259272813797,0.2794763967394829,5.624654363368653,-15.095457733364448,32.24371985968399,windowmlp
29940,2026Q2,1,-0.00727416668087244,0.010158596560359001,0.029462862759828568,-0.032667048275470734,0.05485574435442686,1.0210370269958968,-3.213924314391292,5.6388213719663405,windowmlp
29940,2026Q2,2,-0.004096630960702896,0.02138735167682171,0.048728734254837036,-0.036133263260126114,0.08076536655426025,2.1617700334283896,-3.548824906204595,8.411649673336097,windowmlp
29940,2026Q2,4,0.0009582042694091797,0.04066271334886551,0.08579868078231812,-0.05871346592903137,0.14547035098075867,4.150076199289865,-5.7023074531958535,15.65834425090873,windowmlp
29940,2026Q2,8,0.009464919567108154,0.08040330559015274,0.16218438744544983,-0.13791076093912125,0.30956006795167923,8.37240515181823,-12.882356875636924,36.28254316484292,windowmlp
30020,2026Q2,1,-0.004157893359661102,0.013033930212259293,0.03229949623346329,-0.029550774954259396,0.05769237782806158,1.3119242127563657,-2.9118420078151686,5.938905401768757,windowmlp
30020,2026Q2,2,0.0017764270305633545,0.026918109506368637,0.05440806597471237,-0.030260205268859863,0.08644469827413559,2.7283674551677572,-2.9806948642439934,9.02910710726157,windowmlp
30020,2026Q2,4,0.014114677906036377,0.05390474572777748,0.10034754127264023,-0.045556992292404175,0.16001921147108078,5.538406752571223,-4.453485312884087,17.353341607853267,windowmlp
30020,2026Q2,8,0.033219125121831894,0.104313924908638,0.18792366981506348,-0.1141565553843975,0.3352993503212929,10.994884081766166,-10.788172097098958,39.83589217673309,windowmlp
30140,2026Q2,1,-0.00481274351477623,0.012419585138559341,0.031873490661382675,-0.030205625109374523,0.05726637225598097,1.249702845861278,-2.9753993905839438,5.893784449338435,windowmlp
30140,2026Q2,2,0.0013960432261228561,0.026475902646780014,0.05407978966832161,-0.03064058907330036,0.08611642196774483,2.6829503090316287,-3.017592418574766,8.99332130882755,windowmlp
30140,2026Q2,4,0.010736141353845596,0.05041676014661789,0.09684213995933533,-0.048935528844594955,0.15651381015777588,5.170931558209224,-4.775748010498138,16.942691217769124,windowmlp
30140,2026Q2,8,0.023815765976905823,0.09497381001710892,0.1797211468219757,-0.12355991452932358,0.3270968273282051,9.963005545663428,-11.62313109272447,38.69357639632987,windowmlp
30300,2026Q2,1,-0.012820214964449406,0.005077572073787451,0.023830782622098923,-0.0382130965590477,0.049223664216697216,0.5090484788699223,-3.749218806694121,5.0455273723089,windowmlp
30300,2026Q2,2,-0.015450820326805115,0.01085466518998146,0.037413038313388824,-0.04748745262622833,0.06944967061281204,1.0913790804105483,-4.637756148526783,7.191811086550293,windowmlp
30300,2026Q2,4,-0.02177724614739418,0.01855703815817833,0.06032536178827286,-0.08144891634583473,0.11999703198671341,1.873029001188553,-7.822020346846026,12.74935051587056,windowmlp
30300,2026Q2,8,-0.03372550010681152,0.03883489593863487,0.11229130625724792,-0.18110118061304092,0.2596669867634773,3.959882749137411,-16.564906571421755,29.649826368544254,windowmlp
30340,2026Q2,1,-0.012785098515450954,0.005105146672576666,0.024022012948989868,-0.03817798011004925,0.04941489454358816,0.5118200137682161,-3.7458387616980504,5.065617183676108,windowmlp
30340,2026Q2,2,-0.014437809586524963,0.011724223382771015,0.038373567163944244,-0.04647444188594818,0.07041019946336746,1.1793221475762117,-4.541104224834913,7.294821377900673,windowmlp
30340,2026Q2,4,-0.02231697365641594,0.01804737001657486,0.060036882758140564,-0.08198864385485649,0.11970855295658112,1.821120792921671,-7.871757914616695,12.71682938364358,windowmlp
30340,2026Q2,8,-0.03973427414894104,0.03330955654382706,0.10781784355640411,-0.18710995465517044,0.2551935240626335,3.3870531099335244,-17.06474598007991,29.071138041489508,windowmlp
30460,2026Q2,1,-0.0062060365453362465,0.011128051206469536,0.03055959939956665,-0.03159891813993454,0.055952480994164944,1.1190198279634078,-3.1104889588751794,5.754742894014497,windowmlp
30460,2026Q2,2,-0.0015891678631305695,0.02367824874818325,0.05121099576354027,-0.03362580016255379,0.08324762806296349,2.396080421217839,-3.3066736781798056,8.681090010755344,windowmlp
30460,2026Q2,4,0.005153141915798187,0.04474842920899391,0.09057578444480896,-0.054518528282642365,0.1502474546432495,4.576474295024369,-5.305903649453459,16.21217795810299,windowmlp
30460,2026Q2,8,0.015196256339550018,0.08605016767978668,0.169818714261055,-0.13217942416667938,0.3171943947672844,8.986100273146969,-12.381622756820276,37.32695023850108,windowmlp
30500,2026Q2,1,-0.007763170637190342,0.009699328802525997,0.028937119990587234,-0.033156052231788635,0.05433000158518553,0.9746519742214632,-3.2612415182251997,5.583297122494124,windowmlp
30500,2026Q2,2,-0.005382096394896507,0.020184023305773735,0.04747346043586731,-0.037418728694319725,0.07951009273529053,2.0389098125305427,-3.672729903017824,8.27564874489044,windowmlp
30500,2026Q2,4,-0.0010215938091278076,0.03868058696389198,0.083519846200943,-0.06069326400756836,0.14319151639938354,3.943842043860224,-5.888813160970563,15.39507810033951,windowmlp
30500,2026Q2,8,0.0073177143931388855,0.07803962379693985,0.15921759605407715,-0.14005796611309052,0.30659327656030655,8.116549770349435,-13.069215645845933,35.878820465626916,windowmlp
30620,2026Q2,1,0.0002848459407687187,0.01711408421397209,0.036843448877334595,-0.025108035653829575,0.06223633047193289,1.726136916926424,-2.4795450524141227,6.421382116568419,windowmlp
30620,2026Q2,2,0.011371558532118797,0.03583546727895737,0.06403519958257675,-0.02066507376730442,0.09607183188199997,3.648529671460987,-2.0453014383392643,10.083813642910112,windowmlp
30620,2026Q2,4,0.032209087163209915,0.0715501680970192,0.12088513374328613,-0.027462583035230637,0.18055680394172668,7.4172038516621575,-2.708891474778885,19.78841640901763,windowmlp
30620,2026Q2,8,0.06606438755989075,0.13612596690654755,0.22748619318008423,-0.08131129294633865,0.37486187368631363,14.582622068891338,-7.809333626952741,45.47904558968181,windowmlp
30700,2026Q2,1,-0.006092892028391361,0.011239564046263695,0.030584562569856644,-0.031485773622989655,0.05597744416445494,1.1302965257582454,-3.099525821753679,5.757382900621666,windowmlp
30700,2026Q2,2,-0.0019186008721590042,0.023421822115778923,0.05088147521018982,-0.03395523317158222,0.08291810750961304,2.3698267053638533,-3.3385224053239293,8.645283257690807,windowmlp
30700,2026Q2,4,0.005923539400100708,0.04554072394967079,0.09129393100738525,-0.053748130798339844,0.1509656012058258,4.659362517222143,-5.232923447574289,16.29566530872193,windowmlp
30700,2026Q2,8,0.019390784204006195,0.09011607617139816,0.17319613695144653,-0.1279848963022232,0.32057181745767593,9.430129863846615,-12.013333171547236,37.791545521929095,windowmlp
30780,2026Q2,1,-0.0074074408039450645,0.01002709660679102,0.02932007983326912,-0.03280032239854336,0.05471296142786741,1.0077536387190777,-3.226822534235363,5.6237390286687505,windowmlp
30780,2026Q2,2,-0.004845865070819855,0.0206796582788229,0.0480157732963562,-0.03688249737024307,0.08005240559577942,2.08949640005085,-3.6210623517873852,8.334383946670698,windowmlp
30780,2026Q2,4,0.0005433708429336548,0.04014454782009125,0.08525118231773376,-0.0591282993555069,0.14492285251617432,4.096123199483692,-5.74141717553286,15.595038816410423,windowmlp
30780,2026Q2,8,0.011045768857002258,0.0815296396613121,0.16325795650482178,-0.13632991164922714,0.3106336370110512,8.494537452087991,-12.744528096806773,36.42893045088782,windowmlp
30860,2026Q2,1,-0.013817516155540943,0.0041552032344043255,0.022815406322479248,-0.039210397750139236,0.04820828791707754,0.41638480608869877,-3.845161975351341,4.938920765504173,windowmlp
30860,2026Q2,2,-0.017458487302064896,0.008997405879199505,0.03540484979748726,-0.04949511960148811,0.06744148209691048,0.9038004203997474,-4.82901971517663,6.976765720614697,windowmlp
30860,2026Q2,4,-0.02557111158967018,0.014861203730106354,0.056039102375507355,-0.08524278178811073,0.1157107725739479,1.497218048615201,-8.171068658560865,12.267111789387087,windowmlp
30860,2026Q2,8,-0.041165418922901154,0.03179891034960747,0.10386073589324951,-0.18854109942913055,0.2512364163994789,3.2309897595532933,-17.183353442978166,28.56139886361122,windowmlp
30980,2026Q2,1,-0.008990283124148846,0.008571171201765537,0.027776826173067093,-0.03438316471874714,0.053169707767665386,0.8608008861729965,-3.3798780516583027,5.460860520561828,windowmlp
30980,2026Q2,2,-0.007845880463719368,0.017892979085445404,0.04502779245376587,-0.039882512763142586,0.07706442475318909,1.805401748743951,-3.9097673720000503,8.011166007823745,windowmlp
30980,2026Q2,4,-0.005857232958078384,0.03386664763092995,0.07810231298208237,-0.06552890315651894,0.13777398318052292,3.444665161833216,-6.342802351800603,14.771611781062276,windowmlp
30980,2026Q2,8,-0.0020672157406806946,0.06893345713615417,0.14849141240119934,-0.1494428962469101,0.29586709290742874,7.136491508664311,-13.881238633951455,34.42914790864921,windowmlp
31020,2026Q2,1,-0.007218650542199612,0.010211641900241375,0.029396943747997284,-0.032611532136797905,0.05478982534259558,1.026395864369678,-3.2085509760398145,5.631857994762468,windowmlp
31020,2026Q2,2,-0.004515174776315689,0.021075595170259476,0.04834296181797981,-0.03655180707573891,0.08037959411740303,2.129925401042132,-3.5891855021205954,8.36983551295174,windowmlp
31020,2026Q2,4,0.001802392303943634,0.041556842625141144,0.08658726513385773,-0.05786927789449692,0.14625893533229828,4.243241476239934,-5.622668859219138,15.749586582719143,windowmlp
31020,2026Q2,8,0.014269717037677765,0.08494795858860016,0.16613098978996277,-0.13310596346855164,0.31350667029619217,8.866040979989798,-12.462767029418476,36.821458912793005,windowmlp
31084,2026Q2,1,-0.007079341448843479,0.010326411575078964,0.02970152720808983,-0.03247222304344177,0.05509440880268812,1.0379912963623061,-3.195066107771072,5.664036611855017,windowmlp
31084,2026Q2,2,-0.0041367411613464355,0.021378522738814354,0.04882782697677612,-0.03617337346076965,0.08086445927619934,2.1608680574757955,-3.552693504604265,8.422393011076611,windowmlp
31084,2026Q2,4,0.002120859920978546,0.04160713776946068,0.08704768121242523,-0.057550810277462006,0.14671935141086578,4.248484536963448,-5.592607949009465,15.802891823822751,windowmlp
31084,2026Q2,8,0.01644366979598999,0.08637082576751709,0.1693042665719986,-0.1309320107102394,0.316679947078228,9.021053151311786,-12.27225821679756,37.256320875419746,windowmlp
31140,2026Q2,1,-0.007082772441208363,0.010321897454559803,0.029641199856996536,-0.032475654035806656,0.05503408145159483,1.0375351997220061,-3.1953982441903617,5.657662372692829,windowmlp
31140,2026Q2,2,-0.003725193440914154,0.021740976721048355,0.0491330549120903,-0.03576182574033737,0.08116968721151352,2.197903382326727,-3.5129926666399247,8.455491605288046,windowmlp
31140,2026Q2,4,0.001816771924495697,0.04146038368344307,0.08675403147935867,-0.057854898273944855,0.14642570167779922,4.233186768428987,-5.6213117392512,15.768891327912948,windowmlp
31140,2026Q2,8,0.011556707322597504,0.08224482089281082,0.16456954181194305,-0.1358189731836319,0.31194522231817245,8.572158462230185,-12.699934528563217,36.60798602919786,windowmlp
31180,2026Q2,1,-0.009378406219184399,0.008232580497860909,0.027296558022499084,-0.03477128781378269,0.05268943961709738,0.8266561374780101,-3.4173712759678065,5.410223188844454,windowmlp
31180,2026Q2,2,-0.009258463978767395,0.01659413054585457,0.04363223537802696,-0.04129509627819061,0.07566886767745018,1.6732577874330579,-4.045407026842762,7.860535392100609,windowmlp
31180,2026Q2,4,-0.007080234587192535,0.03273577615618706,0.0766444131731987,-0.06675190478563309,0.13631608337163925,3.327748662014729,-6.457275242568262,14.604408182843876,windowmlp
31180,2026Q2,8,-0.0020427405834198,0.06887786090373993,0.14730221033096313,-0.1494184210896492,0.29467789083719254,7.130535288955575,-13.879130837929699,34.26937950494311,windowmlp
31340,2026Q2,1,-0.007051101885735989,0.01035103015601635,0.029715407639741898,-0.03244398348033428,0.05510828923434019,1.0404787389473036,-3.1923323401312875,5.665503284472306,windowmlp
31340,2026Q2,2,-0.0035366658121347427,0.02188439667224884,0.04928315430879593,-0.03557329811155796,0.08131978660821915,2.2125616517616464,-3.4948004851288017,8.471771930950368,windowmlp
31340,2026Q2,4,0.0018018633127212524,0.04144984483718872,0.08681589365005493,-0.0578698068857193,0.14648756384849548,4.232088276687462,-5.622718783985691,15.776053264353763,windowmlp
31340,2026Q2,8,0.010281801223754883,0.08115139603614807,0.16361209750175476,-0.13709387928247452,0.31098777800798416,8.45350784501444,-12.811162996470305,36.477254084513035,windowmlp
31420,2026Q2,1,-0.009441046975553036,0.0081621203571558,0.02737715095281601,-0.03483392857015133,0.0527700325474143,0.8195521273774542,-3.423421095398549,5.418718849957105,windowmlp
31420,2026Q2,2,-0.008253676816821098,0.01749304309487343,0.044614069163799286,-0.040290309116244316,0.0766507014632225,1.7646942452904435,-3.948944629720108,7.966488515566694,windowmlp
31420,2026Q2,4,-0.008119381964206696,0.031715311110019684,0.07573547959327698,-0.06779105216264725,0.13540714979171753,3.222360088029519,-6.5544294321356,14.500287714302896,windowmlp
31420,2026Q2,8,-0.008314907550811768,0.06303098797798157,0.14251065254211426,-0.15569058805704117,0.28988633304834366,6.5059842770903265,-14.417604843954779,33.62755890199105,windowmlp
31540,2026Q2,1,-0.007039089687168598,0.010362877510488033,0.02976473793387413,-0.03243197128176689,0.055157619528472424,1.0416758084059508,-3.1911694602201557,5.670715923398406,windowmlp
31540,2026Q2,2,-0.0034979190677404404,0.021889550611376762,0.049340080469846725,-0.03553455136716366,0.08137671276926994,2.213088450440037,-3.49106115038742,8.477946988268247,windowmlp
31540,2026Q2,4,0.0016084834933280945,0.041191913187503815,0.0866105854511261,-0.05806318670511246,0.14628225564956665,4.20520698912461,-5.640967681040987,15.752285931276644,windowmlp
31540,2026Q2,8,0.009998254477977753,0.08069836348295212,0.16367322206497192,-0.13737742602825165,0.3110489025712013,8.404386003189202,-12.83588160286494,36.485596452017234,windowmlp
31700,2026Q2,1,-0.006204812787473202,0.011134465225040913,0.030598018318414688,-0.031597694382071495,0.05599089991301298,1.1196684093145004,-3.110370389501649,5.758805954948243,windowmlp
31700,2026Q2,2,-0.0014795977622270584,0.02378123626112938,0.051309581845998764,-0.033516230061650276,0.08334621414542198,2.4066264819228245,-3.296078400205793,8.69180498182165,windowmlp
31700,2026Q2,4,0.00500725582242012,0.04461359232664108,0.09048137068748474,-0.05466441437602043,0.1501530408859253,4.562374479871889,-5.319717193609508,16.201206447674043,windowmlp
31700,2026Q2,8,0.014702677726745605,0.08559609949588776,0.1697181761264801,-0.1326730027794838,0.3170938566327095,8.936624386088866,-12.42485864288404,37.31314433711865,windowmlp
31740,2026Q2,1,-0.004547426477074623,0.01266462355852127,0.032032813876867294,-0.029940308071672916,0.05742569547146559,1.2745159530263672,-2.949653695731347,5.910657131646047,windowmlp
31740,2026Q2,2,0.0010827668011188507,0.02623693272471428,0.053830791264772415,-0.030953865498304367,0.08586742356419563,2.658415104103562,-3.0479699619776035,8.966185524347825,windowmlp
31740,2026Q2,4,0.012409225106239319,0.052039578557014465,0.09856054931879044,-0.04726244509220123,0.158232219517231,5.34174344302949,-4.616296510998952,17.143819393654415,windowmlp
31740,2026Q2,8,0.03123464435338974,0.10184460878372192,0.18635442852973938,-0.11614103615283966,0.3337301090359688,10.721140743236157,-10.965035704632786,39.61662800574914,windowmlp
31860,2026Q2,1,-0.00889770220965147,0.008665592409670353,0.02776772901415825,-0.034290583804249763,0.05316061060875654,0.8703247344424625,-3.370932458320264,5.459901130718858,windowmlp
31860,2026Q2,2,-0.007726093754172325,0.018025090917944908,0.0451173298060894,-0.03976272605359554,0.07715396210551262,1.818852335398602,-3.8982563497939604,8.020837474621768,windowmlp
31860,2026Q2,4,-0.0056992992758750916,0.03415369987487793,0.07822719216346741,-0.06537096947431564,0.13789886236190796,3.4743634473681784,-6.3280095576017,14.78594526094572,windowmlp
31860,2026Q2,8,-0.0018675178289413452,0.06937558948993683,0.14845001697540283,-0.14924319833517075,0.29582569748163223,7.183870490949729,-13.864039179854704,34.423583272008116,windowmlp
31900,2026Q2,1,-0.009082061238586903,0.008486303500831127,0.027781706303358078,-0.034474942833185196,0.05317458789795637,0.8522414251034061,-3.388745257353565,5.46137518455756,windowmlp
31900,2026Q2,2,-0.006585627794265747,0.018988046795129776,0.046201951801776886,-0.038622260093688965,0.0782385841012001,1.9169466203171615,-3.788593060735368,8.138062812036996,windowmlp
31900,2026Q2,4,-0.00707341730594635,0.032823335379362106,0.07707010209560394,-0.0667450875043869,0.1367417722940445,3.336796355518734,-6.4566375333313335,14.653204395132779,windowmlp
31900,2026Q2,8,-0.011852949857711792,0.060037802904844284,0.14039863646030426,-0.1592286303639412,0.28777431696653366,6.187668781001232,-14.719863960671297,33.34563316925452,windowmlp
31924,2026Q2,1,-0.013639274053275585,0.004298613406717777,0.02326991781592369,-0.03903215564787388,0.048662799410521984,0.43078656979185226,-3.828021607356613,4.9866275519218295,windowmlp
31924,2026Q2,2,-0.016974080353975296,0.009350349195301533,0.03601955994963646,-0.049010712653398514,0.06805619224905968,0.939420027808846,-4.78290706332738,7.042545640268094,windowmlp
31924,2026Q2,4,-0.02523576095700264,0.014763347804546356,0.05657048523426056,-0.08490743115544319,0.11624215543270111,1.48728643034306,-8.140268604218114,12.326784461307039,windowmlp
31924,2026Q2,8,-0.03930893540382385,0.03251471370458603,0.10698287189006805,-0.18668461591005325,0.25435855239629745,3.3049093011326525,-17.02946290011056,28.963412278521684,windowmlp
32580,2026Q2,1,-0.008465929888188839,0.009047610685229301,0.028372377157211304,-0.03385881148278713,0.0537652587518096,0.9088664032947946,-3.329201693060635,5.52368654602724,windowmlp
32580,2026Q2,2,-0.0067295655608177185,0.01893194392323494,0.04617118462920189,-0.038766197860240936,0.0782078169286251,1.911228947307464,-3.802440519157002,8.134735760778788,windowmlp
32580,2026Q2,4,-0.003733426332473755,0.03587068244814873,0.08056210726499557,-0.0634050965309143,0.14023377746343613,3.652179736238259,-6.143681202337092,15.054273838295629,windowmlp
32580,2026Q2,8,0.00224362313747406,0.07283301651477814,0.15363246202468872,-0.14513205736875534,0.3010081425309181,7.555092267721286,-13.509193191490743,35.12203438466492,windowmlp
32780,2026Q2,1,-0.008430705405771732,0.009109079837799072,0.028175711631774902,-0.033823587000370026,0.053568593226373196,0.9150693764431894,-3.3257964542518947,5.502935715320079,windowmlp
32780,2026Q2,2,-0.007225777953863144,0.018552858382463455,0.04569137841463089,-0.03926241025328636,0.07772801071405411,1.872603195665823,-3.8501630991051083,8.082864487624498,windowmlp
32780,2026Q2,4,-0.003131348639726639,0.03671836853027344,0.08104144036769867,-0.06280301883816719,0.14071311056613922,3.7400814976688013,-6.087155391708377,15.109436379913731,windowmlp
32780,2026Q2,8,0.006710179150104523,0.07738291472196579,0.15701302886009216,-0.14066550135612488,0.30438870936632156,8.045571959397503,-13.122013121258213,35.57959642660968,windowmlp
32820,2026Q2,1,-0.01065198052674532,0.007054840214550495,0.026155434548854828,-0.03604486212134361,0.05154831614345312,0.7079784223941843,-3.540298135606834,5.290005713338419,windowmlp
32820,2026Q2,2,-0.011587750166654587,0.014416946098208427,0.041404858231544495,-0.043624382466077805,0.07344149053096771,1.4521371493889212,-4.268652632530268,7.620556661346534,windowmlp
32820,2026Q2,4,-0.012394819408655167,0.02735321968793869,0.07075516879558563,-0.07206648960709572,0.13042683899402618,2.7730753395060592,-6.953097276561571,13.931458344333159,windowmlp
32820,2026Q2,8,-0.011154375970363617,0.05959539860486984,0.1375366449356079,-0.15853005647659302,0.2849123254418373,6.140701289804329,-14.660268671091735,32.964544693387346,windowmlp
32900,2026Q2,1,-0.014201340265572071,0.0037889410741627216,0.02261996641755104,-0.039594221860170364,0.048012848012149334,0.3796128185708403,-3.882061438576523,4.918413516839126,windowmlp
32900,2026Q2,2,-0.018360354006290436,0.008182848803699017,0.03476307913661003,-0.050396986305713654,0.06679971143603325,0.8216419817338894,-4.91481256083347,6.908133196505473,windowmlp
32900,2026Q2,4,-0.02706681564450264,0.013053705915808678,0.054447732865810394,-0.08673848584294319,0.11411940306425095,1.313927747146204,-8.308314898054247,12.088595411178083,windowmlp
32900,2026Q2,8,-0.03985123336315155,0.03169606626033783,0.10495909303426743,-0.18722691386938095,0.2523347735404968,3.220373608340621,-17.074445454987895,28.702682770002454,windowmlp
33124,2026Q2,1,-0.011894618161022663,0.005885369144380093,0.025210116058588028,-0.037287499755620956,0.05060299765318632,0.590272195522612,-3.6600881481313574,5.190520154275147,windowmlp
33124,2026Q2,2,-0.012891214340925217,0.013074815273284912,0.04008558765053749,-0.044927846640348434,0.07212221994996071,1.3160664416374868,-4.393353724819482,7.4786696412965314,windowmlp
33124,2026Q2,4,-0.018554944545030594,0.021082377061247826,0.0642368495464325,-0.07822661474347115,0.12390851974487305,2.130618037411547,-7.524516028407236,13.191231863505903,windowmlp
33124,2026Q2,8,-0.028454899787902832,0.04273733124136925,0.1211383193731308,-0.17583058029413223,0.2685139998793602,4.366372098971483,-16.12399262147325,30.80192890146398,windowmlp
33140,2026Q2,1,-0.005272546783089638,0.01200981717556715,0.031342316418886185,-0.03066542837768793,0.05673519801348448,1.208222460619468,-3.0200013641985213,5.837551334711666,windowmlp
33140,2026Q2,2,0.00043605081737041473,0.02563527412712574,0.0530824288725853,-0.0316005814820528,0.08511906117200851,2.5966683631328147,-3.110650119145686,8.88466983452403,windowmlp
33140,2026Q2,4,0.008862163871526718,0.04871431738138199,0.09470382332801819,-0.050809506326913834,0.15437549352645874,4.992036389265708,-4.954029015029315,16.692897880030966,windowmlp
33140,2026Q2,8,0.020175624638795853,0.09174113720655441,0.17503584921360016,-0.12720005586743355,0.32241152971982956,9.608105075084183,-11.944250571835191,38.04527564148965,windowmlp
33220,2026Q2,1,-0.004470212385058403,0.012727443128824234,0.03218686580657959,-0.029863093979656696,0.05757974740117788,1.280878174435096,-2.9421597520463028,5.926974129554519,windowmlp
33220,2026Q2,2,0.0020349472761154175,0.027098339051008224,0.054753974080085754,-0.0300016850233078,0.08679060637950897,2.746883810602796,-2.9556101673457125,9.066827682681854,windowmlp
33220,2026Q2,4,0.012493044137954712,0.052139826118946075,0.09878873825073242,-0.04717862606048584,0.15846040844917297,5.352304225316784,-4.608301206256405,17.170553366767848,windowmlp
33220,2026Q2,8,0.02782929316163063,0.09882432222366333,0.18401695787906647,-0.11954638734459877,0.33139263838529587,10.387235668267248,-11.267715368627085,39.29065935493505,windowmlp
33260,2026Q2,1,-0.0022481316700577736,0.01475881040096283,0.034357525408267975,-0.027641013264656067,0.05975040700286627,1.4868259426106478,-2.7262496009408332,6.157155265092706,windowmlp
33260,2026Q2,2,0.005342285148799419,0.03016820177435875,0.05815393477678299,-0.0266943471506238,0.09019056707620621,3.0627872812067025,-2.6341202366599203,9.43828171684913,windowmlp
33260,2026Q2,4,0.022124124690890312,0.06135153770446777,0.10945765674114227,-0.03754754550755024,0.16912932693958282,6.327262891513019,-3.685137675796879,18.427328746053707,windowmlp
33260,2026Q2,8,0.05236383527517319,0.1216125562787056,0.21021687984466553,-0.09501184523105621,0.35759256035089493,12.931647043121108,-9.0637837200497,42.98829107870104,windowmlp
33340,2026Q2,1,-0.0006953878328204155,0.01620066724717617,0.036045465618371964,-0.02608826942741871,0.06143834721297026,1.6332609611942273,-2.575091059607415,6.336493509591956,windowmlp
33340,2026Q2,2,0.009456196799874306,0.03399059921503067,0.06221383064985275,-0.022580435499548912,0.09425046294927597,3.4574880866412805,-2.232740555298518,9.883492889122314,windowmlp
33340,2026Q2,4,0.028025001287460327,0.06719078123569489,0.11633099615573883,-0.031646668910980225,0.17600266635417938,6.949949914831732,-3.115115397274759,19.244123811710967,windowmlp
33340,2026Q2,8,0.05966033414006233,0.12923909723758698,0.22093093395233154,-0.08771534636616707,0.36830661445856094,13.796217525368526,-8.397841151087771,44.52851163568599,windowmlp
33460,2026Q2,1,-0.005953916348516941,0.011370949447154999,0.030680209398269653,-0.031346797943115234,0.05607309099286795,1.1435844432095887,-3.0860580766517653,5.767498742643773,windowmlp
33460,2026Q2,2,-0.002177121117711067,0.02320621721446514,0.05068795010447502,-0.034213753417134285,0.08272458240389824,2.3477576481634843,-3.3635081244508536,8.624259702121485,windowmlp
33460,2026Q2,4,0.006936673074960709,0.046497195959091187,0.09235312789678574,-0.05273499712347984,0.1520247980952263,4.759514156478262,-5.136863078270181,16.41891057464646,windowmlp
33460,2026Q2,8,0.024892032146453857,0.09500174224376678,0.1782965362071991,-0.12248364835977554,0.3256722167134285,9.966077100155779,-11.527962854557906,38.496132728759555,windowmlp
33500,2026Q2,1,-0.008444118313491344,0.009116359055042267,0.028010215610265732,-0.03383699990808964,0.053403097204864025,0.9158039618298863,-3.327093127726821,5.485476843928394,windowmlp
33500,2026Q2,2,-0.007331687957048416,0.01844746805727482,0.04537856951355934,-0.039368320256471634,0.07741520181298256,1.8618673746229941,-3.860345789403641,8.049060492930327,windowmlp
33500,2026Q2,4,-0.0038995668292045593,0.03630375862121582,0.080238476395607,-0.06357123702764511,0.13991014659404755,3.6970787472126565,-6.159273242492946,15.01704474819281,windowmlp
33500,2026Q2,8,0.0005378052592277527,0.07235807925462723,0.14973172545433044,-0.14683787524700165,0.29710740596055984,7.504022475317984,-13.656604991461641,34.59598557960386,windowmlp
33540,2026Q2,1,-0.016095194965600967,0.0020638033747673035,0.020707540214061737,-0.04148807656019926,0.04610042180866003,0.20659344827627102,-4.063922584628498,4.717956534289547,windowmlp
33540,2026Q2,2,-0.021718736737966537,0.004977434873580933,0.0312095545232296,-0.053755369037389755,0.06324618682265282,0.49898428806818274,-5.233609391845917,6.528906708209203,windowmlp
33540,2026Q2,4,-0.035531532019376755,0.005024414509534836,0.04521380737423897,-0.0952032022178173,0.10488547757267952,0.5037058046704734,-9.081183335562404,11.058341636397806,windowmlp
33540,2026Q2,8,-0.06136871129274368,0.01192714273929596,0.082060806453228,-0.20874439179897308,0.2294364869594574,1.1998554737542522,-18.839733857134743,25.789097220582,windowmlp
33660,2026Q2,1,-0.007529175840318203,0.009928866289556026,0.029115263372659683,-0.032922057434916496,0.05450814496725798,0.9978321023417447,-3.2386025034820687,5.6021077635797445,windowmlp
33660,2026Q2,2,-0.005134034901857376,0.020463500171899796,0.047680217772722244,-0.037170667201280594,0.07971685007214546,2.067431312631962,-3.6488318526067043,8.298037844146688,windowmlp
33660,2026Q2,4,0.0002054348587989807,0.03999383747577667,0.0848393663764,-0.05946623533964157,0.14451103657484055,4.080436019054368,-5.773265160889562,15.547444737359584,windowmlp
33660,2026Q2,8,0.010146476328372955,0.08111690729856491,0.16167113184928894,-0.13722920417785645,0.30904681235551834,8.449767484942928,-12.822961018415235,36.212613334378084,windowmlp
33700,2026Q2,1,-0.010735643096268177,0.006976021453738213,0.026011116802692413,-0.03612852469086647,0.05140399839729071,0.700041057141787,-3.548367864548385,5.27481159343739,windowmlp
33700,2026Q2,2,-0.011615008115768433,0.014453139156103134,0.04141228273510933,-0.04365164041519165,0.07344891503453255,1.4558090789110745,-4.271262037161739,7.621355693519316,windowmlp
33700,2026Q2,4,-0.012724168598651886,0.02713584527373314,0.07039989531040192,-0.07239583879709244,0.13007156550884247,2.750737530380065,-6.983737152719083,13.890988707375262,windowmlp
33700,2026Q2,8,-0.011594787240028381,0.05920674651861191,0.13673517107963562,-0.15897046774625778,0.284110851585865,6.099457500072791,-14.697844975397844,32.858019781212676,windowmlp
33740,2026Q2,1,-0.008205519057810307,0.009312568232417107,0.028350498527288437,-0.0335984006524086,0.05374338012188673,0.9356065113668155,-3.3040242921085095,5.521377857596765,windowmlp
33740,2026Q2,2,-0.006891749799251556,0.018840987235307693,0.04596279561519623,-0.038928382098674774,0.07799942791461945,1.901959861008895,-3.818040981971804,8.112204017579238,windowmlp
33740,2026Q2,4,-0.0022942200303077698,0.0375964492559433,0.08196251094341278,-0.06196589022874832,0.14163418114185333,3.831213668557254,-6.008505347186722,15.215509137499161,windowmlp
33740,2026Q2,8,0.005989350378513336,0.0769563764333725,0.15603090822696686,-0.14138633012771606,0.30340658873319626,7.9994962132773795,-13.184614708595067,35.44650627351882,windowmlp
33780,2026Q2,1,-0.005904846824705601,0.011403015814721584,0.03073951229453087,-0.031297728419303894,0.05613239388912916,1.1468278025664524,-3.0813024389934163,5.773771247636539,windowmlp
33780,2026Q2,2,-0.0012464113533496857,0.024066368117928505,0.051547370851039886,-0.0332830436527729,0.0835840031504631,2.4358300367141927,-3.2735257306177545,8.717653771141553,windowmlp
33780,2026Q2,4,0.006705056875944138,0.04637429118156433,0.09221077710390091,-0.052966613322496414,0.15188244730234146,4.746639502891448,-5.1588323731502905,16.402339429905144,windowmlp
33780,2026Q2,8,0.019533991813659668,0.09030328691005707,0.173649400472641,-0.12784168869256973,0.3210250809788704,9.450618277055622,-12.000731909032547,37.8540155596683,windowmlp
33860,2026Q2,1,-0.0063813673332333565,0.01097109355032444,0.03028782457113266,-0.03177424892783165,0.05568070616573095,1.103149669123571,-3.127475184037354,5.726005322159611,windowmlp
33860,2026Q2,2,-0.002692427486181259,0.022694377228617668,0.05010927468538284,-0.03472905978560448,0.08214590698480606,2.2953853775918187,-3.413292695885939,8.561419696851535,windowmlp
33860,2026Q2,4,0.004808094352483749,0.04440169408917427,0.08996117115020752,-0.0548635758459568,0.14963284134864807,4.540220244318904,-5.338571980271389,16.140774353585385,windowmlp
33860,2026Q2,8,0.01789071410894394,0.08855009078979492,0.17112720012664795,-0.12948496639728546,0.31850288063287735,9.258897988472548,-12.14522039445014,37.506758224302494,windowmlp
33874,2026Q2,1,-0.003672338090837002,0.013455619104206562,0.033088695257902145,-0.029065219685435295,0.05848157685250044,1.3546553348052326,-2.864688894366718,6.022545282476921,windowmlp
33874,2026Q2,2,0.0032806266099214554,0.028238890692591667,0.05609706789255142,-0.028756005689501762,0.08813370019197464,2.8641387925706363,-2.834648652481231,9.213413081023013,windowmlp
33874,2026Q2,4,0.015805626288056374,0.0551348552107811,0.1025228351354599,-0.04386604391038418,0.16219450533390045,5.6683104290302655,-4.2917844130581635,17.608897465406372,windowmlp
33874,2026Q2,8,0.03778872638940811,0.10771220922470093,0.1952584832906723,-0.10958695411682129,0.3426341637969017,11.372717885236083,-10.379576767361097,40.86533312644096,windowmlp
34060,2026Q2,1,-0.0077091241255402565,0.009774310514330864,0.028824642300605774,-0.03310200572013855,0.05421752389520407,0.9822235103352117,-3.2560129844971697,5.57142202498746,windowmlp
34060,2026Q2,2,-0.0056403763592243195,0.019992118701338768,0.04709900543093681,-0.03767700865864754,0.07913563773036003,2.019329954698512,-3.697606094253092,8.235111976377407,windowmlp
34060,2026Q2,4,-0.0006052739918231964,0.039361048489809036,0.08388148248195648,-0.06027694419026375,0.14355315268039703,4.014595899135132,-5.849624651948981,15.43681669387096,windowmlp
34060,2026Q2,8,0.007700003683567047,0.0790037140250206,0.15829147398471832,-0.13967567682266235,0.3056671544909477,8.22083414117083,-13.03597658491512,35.75303834502446,windowmlp
34100,2026Q2,1,-0.01121350284665823,0.006526533514261246,0.0256467517465353,-0.03660638444125652,0.051039633341133595,0.6547877743460884,-3.5944472067970024,5.236460118192232,windowmlp
34100,2026Q2,2,-0.011212117969989777,0.014701402746140957,0.0416206531226635,-0.043248750269412994,0.07365728542208672,1.4809999891667314,-4.2326861015583255,7.643783133640336,windowmlp
34100,2026Q2,4,-0.015869613736867905,0.024167772382497787,0.06720060110092163,-0.07554128393530846,0.12687227129936218,2.4462179934072514,-7.275855043220947,13.527200170267806,windowmlp
34100,2026Q2,8,-0.02740488201379776,0.04488690197467804,0.1222488135099411,-0.17478056252002716,0.2696244940161705,4.590956291303394,-16.03587506850249,30.94726435874351,windowmlp
34580,2026Q2,1,-0.010485935024917126,0.00721327867358923,0.026166200637817383,-0.03587881661951542,0.051559082232415676,0.7239357033984595,-3.5242801061804996,5.291139281008839,windowmlp
34580,2026Q2,2,-0.010717630386352539,0.015308789908885956,0.04217571020126343,-0.04275426268577576,0.07421234250068665,1.5426569687560843,-4.185318643572522,7.7035481624026625,windowmlp
34580,2026Q2,4,-0.012052681297063828,0.02805209904909134,0.07117873430252075,-0.07172435149550438,0.1308504045009613,2.8449264254390094,-6.921256938388365,13.979726001778392,windowmlp
34580,2026Q2,8,-0.013583384454250336,0.058123938739299774,0.13501015305519104,-0.16095906496047974,0.28238583356142044,5.9846343590250095,-14.86730805050196,32.62903486073794,windowmlp
34620,2026Q2,1,-0.001436040736734867,0.015540873631834984,0.03515353053808212,-0.02682892233133316,0.060546412132680416,1.566226101523771,-2.6472223858921784,6.24169054604522,windowmlp
34620,2026Q2,2,0.007861577905714512,0.03254999965429306,0.06046950817108154,-0.024175054393708706,0.09250614047050476,3.3085545772798763,-2.3885178387302086,9.691987714377582,windowmlp
34620,2026Q2,4,0.025025522336363792,0.06454440951347351,0.11284922063350677,-0.03464614786207676,0.17252089083194733,6.667294761945475,-3.405284174199763,18.829664486119935,windowmlp
34620,2026Q2,8,0.05213390290737152,0.12270417809486389,0.21132487058639526,-0.09524177759885788,0.35870055109262466,13.054993004090388,-9.084690495913527,43.14680858313873,windowmlp
34740,2026Q2,1,-0.00818850751966238,0.009313950315117836,0.02860221266746521,-0.033581389114260674,0.0539950942620635,0.93574601281885,-3.3023793308373794,5.547942423692653,windowmlp
34740,2026Q2,2,-0.0051961131393909454,0.02034277468919754,0.04761292412877083,-0.03723274543881416,0.07964955642819405,2.055109916486786,-3.6548129776588167,8.29075031975215,windowmlp
34740,2026Q2,4,-0.003240026533603668,0.03664391487836838,0.08129603415727615,-0.06291169673204422,0.1409677043557167,3.73235795727882,-6.097361087291608,15.138746258436031,windowmlp
34740,2026Q2,8,-0.0023038461804389954,0.06935157626867294,0.1503485143184662,-0.1496795266866684,0.2977241948246956,7.181296691854433,-13.901614543449659,34.679028492005905,windowmlp
34820,2026Q2,1,-0.01223620306700468,0.005591399036347866,0.024622254073619843,-0.037629084661602974,0.050015135668218136,0.5607060083388404,-3.692990788021089,5.128700818696363,windowmlp
34820,2026Q2,2,-0.014295782893896103,0.01187366247177124,0.03862451761960983,-0.04633241519331932,0.07066114991903305,1.194443423130287,-4.5275455507619355,7.321750441005026,windowmlp
34820,2026Q2,4,-0.01951088383793831,0.020444979891180992,0.06292521208524704,-0.07918255403637886,0.12259688228368759,2.0655410126563023,-7.61287473765665,13.042863327651855,windowmlp
34820,2026Q2,8,-0.02843027561903,0.04319249838590622,0.11889128386974335,-0.1758059561252594,0.26626696437597275,4.41388705534862,-16.121927219073882,30.50834229660373,windowmlp
34900,2026Q2,1,-0.011087999679148197,0.006674397736787796,0.025658659636974335,-0.03648088127374649,0.05105154123157263,0.6696721166876696,-3.5823472452800265,5.237713269890687,windowmlp
34900,2026Q2,2,-0.012842249125242233,0.01327302772551775,0.04019096866250038,-0.04487888142466545,0.0722276009619236,1.3361505380107053,-4.388672210149136,7.489996449072511,windowmlp
34900,2026Q2,4,-0.014178507030010223,0.025710053741931915,0.06880591809749603,-0.07385017722845078,0.12847758829593658,2.6043407893403536,-7.118915956827854,13.709593674801424,windowmlp
34900,2026Q2,8,-0.01259402185678482,0.05808582901954651,0.13497498631477356,-0.15996970236301422,0.28235066682100296,5.980595391273891,-14.78303926994956,32.62437081190734,windowmlp
34940,2026Q2,1,-0.01911173015832901,-0.0007027527317404747,0.01799505017697811,-0.0445046117529273,0.043387931771576405,-0.07025058588731037,-4.352881092535654,4.434295008939615,windowmlp
34940,2026Q2,2,-0.028411276638507843,-0.0013554096221923828,0.0247204452753067,-0.06044790893793106,0.05675707757472992,-0.13544914694416654,-5.8657196712334825,5.839867039231361,windowmlp
34940,2026Q2,4,-0.04782991483807564,-0.0075583867728710175,0.03158067166805267,-0.10750158503651619,0.09125234186649323,-0.7529893999227655,-10.192490103215167,9.554542235790109,windowmlp
34940,2026Q2,8,-0.0800386592745781,-0.0076376572251319885,0.060782112181186676,-0.2274143397808075,0.20815779268741608,-0.7608564435224174,-20.340934529489687,23.14074613121795,windowmlp
34980,2026Q2,1,-0.011277633719146252,0.006471654400229454,0.025502171367406845,-0.036670515313744545,0.05089505296200514,0.6492640803390959,-3.600629580767678,5.221246090741638,windowmlp
34980,2026Q2,2,-0.012364514172077179,0.013687814585864544,0.04054257646203041,-0.0444011464715004,0.07257920876145363,1.3781921602854963,-4.342984424488283,7.527797415363313,windowmlp
34980,2026Q2,4,-0.015344277024269104,0.024583028629422188,0.06749625504016876,-0.07501594722270966,0.12716792523860931,2.488768259423235,-7.227130848547258,13.560769896476188,windowmlp
34980,2026Q2,8,-0.02006760984659195,0.05150254815816879,0.1282079517841339,-0.16744329035282135,0.2755836322903633,5.285186912180606,-15.41754176575697,31.729926894707262,windowmlp
35004,2026Q2,1,-0.0010717613622546196,0.01585330069065094,0.035593703389167786,-0.026464642956852913,0.06098658498376608,1.5979630963095293,-2.6117523168439516,6.288465547664712,windowmlp
35004,2026Q2,2,0.00865769200026989,0.03325687348842621,0.061391863971948624,-0.023378940299153328,0.09342849627137184,3.3816065075598756,-2.3107770208167455,9.793209429596562,windowmlp
35004,2026Q2,4,0.026431191712617874,0.06571488082408905,0.11446565389633179,-0.03324047848582268,0.17413732409477234,6.792218866023014,-3.269408464466539,19.021900034516005,windowmlp
35004,2026Q2,8,0.05629952996969223,0.12609043717384338,0.2167956531047821,-0.09107615053653717,0.3641713336110115,13.438475419538554,-8.70518132421032,43.93207970630382,windowmlp
35084,2026Q2,1,-0.0019875848665833473,0.015001725405454636,0.03480485826730728,-0.02738046646118164,0.060197739861905575,1.5114816098848793,-2.7009019342290053,6.204653471827171,windowmlp
35084,2026Q2,2,0.007102604024112225,0.03177788853645325,0.05990512669086456,-0.024934028275310993,0.09194175899028778,3.2288196797844337,-2.462574297221254,9.630097054597297,windowmlp
35084,2026Q2,4,0.0225339625030756,0.0617595873773098,0.11021901667118073,-0.03713770769536495,0.16989068686962128,6.370658549539976,-3.645656113375051,18.517528901817393,windowmlp
35084,2026Q2,8,0.048743221908807755,0.11842624843120575,0.208855539560318,-0.09863245859742165,0.3562312200665474,12.572384714058305,-9.39243328467848,42.793767794099026,windowmlp
35300,2026Q2,1,-0.0025021694600582123,0.014539320953190327,0.03430028632283211,-0.027895051054656506,0.0596931679174304,1.4645530996447276,-2.7509576709926264,6.151079100511581,windowmlp
35300,2026Q2,2,0.006190301850438118,0.030923113226890564,0.058929890394210815,-0.0258463304489851,0.09096652269363403,3.140619934339406,-2.5515173250767575,9.523233921616669,windowmlp
35300,2026Q2,4,0.02020793780684471,0.0595359280705452,0.10758364200592041,-0.03946373239159584,0.16725531220436096,6.134389233277582,-3.869518241493397,18.205602011405354,windowmlp
35300,2026Q2,8,0.04297615960240364,0.11314019560813904,0.2025410532951355,-0.10439952090382576,0.3499167338013649,11.97889114319075,-9.913468900833145,41.89493931521249,windowmlp
35380,2026Q2,1,-0.005999579094350338,0.011359515599906445,0.03054147958755493,-0.03139246068894863,0.055934361182153225,1.1424279895262623,-3.090483332314087,5.752826655314913,windowmlp
35380,2026Q2,2,-0.002825174480676651,0.022632256150245667,0.050064567476511,-0.03486180678009987,0.08210119977593422,2.2890308753159783,-3.4261134400123128,8.556566327276837,windowmlp
35380,2026Q2,4,0.007085774093866348,0.04675581306219101,0.09245774149894714,-0.052585896104574203,0.1521294116973877,4.786610262158697,-5.122717833389567,16.431090213308195,windowmlp
35380,2026Q2,8,0.027730539441108704,0.0977267473936081,0.1802605539560318,-0.1196451410651207,0.3276362344622612,10.266143882642709,-11.276477579207278,38.768408881659575,windowmlp
35614,2026Q2,1,-0.0001577148213982582,0.016685783863067627,0.03655670955777168,-0.02555059641599655,0.061949591152369976,1.682576905838662,-2.5226942305117572,6.390871296408318,windowmlp
35614,2026Q2,2,0.010266084223985672,0.03476927429437637,0.06308639794588089,-0.021770548075437546,0.09512303024530411,3.5380792274704476,-2.153528009091654,9.9794154747602,windowmlp
35614,2026Q2,4,0.030489414930343628,0.06955713778734207,0.11902104318141937,-0.029182255268096924,0.17869271337985992,7.203331306632199,-2.876056516877845,19.56532794571768,windowmlp
35614,2026Q2,8,0.06667324155569077,0.13571107387542725,0.22823166847229004,-0.08070243895053864,0.37560734897851944,14.535092398053862,-7.753185880200575,45.58753705753258,windowmlp
35660,2026Q2,1,-0.0024864831939339638,0.014565577730536461,0.034182049334049225,-0.027879364788532257,0.05957493092864752,1.4672172668000583,-2.7494321846697645,6.138528858528702,windowmlp
35660,2026Q2,2,0.005650698207318783,0.03050314635038376,0.05840577185153961,-0.026385934092104435,0.09044240415096283,3.0973133846392997,-2.604086696756791,9.46584580426697,windowmlp
35660,2026Q2,4,0.020640961825847626,0.06007107347249985,0.10788862407207489,-0.039030708372592926,0.16756029427051544,6.191201763791443,-3.827882419928841,18.241658098088266,windowmlp
35660,2026Q2,8,0.046605996787548065,0.11681227385997772,0.20493441820144653,-0.10076968371868134,0.35231009870767593,12.390842289544235,-9.585875264276956,42.23495240875044,windowmlp
35840,2026Q2,1,-0.018710196018218994,-0.0003205258399248123,0.018299968913197517,-0.04410307761281729,0.04369285050779581,-0.03204744770056722,-4.314467797282518,4.466143837597225,windowmlp
35840,2026Q2,2,-0.028183527290821075,-0.0011271070688962936,0.024927420541644096,-0.06022015959024429,0.056964052841067314,-0.11264721222972174,-5.844278208746778,5.861775541081715,windowmlp
35840,2026Q2,4,-0.04569261148571968,-0.005390368402004242,0.033825501799583435,-0.10536428168416023,0.09349717199802399,-0.537586643493182,-10.000338941731822,9.800749816953447,windowmlp
35840,2026Q2,8,-0.07472246140241623,-0.0024347975850105286,0.06572580337524414,-0.22209814190864563,0.21310148388147354,-0.24318358695840647,-19.916323517084443,23.751023221299896,windowmlp
35980,2026Q2,1,0.0008627083152532578,0.017635470256209373,0.037624794989824295,-0.024530173279345036,0.06301767658442259,1.7791893340386888,-2.423175365365293,6.5045665434532385,windowmlp
35980,2026Q2,2,0.012886024080216885,0.03717050701379776,0.06559418886899948,-0.019150608219206333,0.0976308211684227,3.786996986147506,-1.8968400306256905,10.255566975003827,windowmlp
35980,2026Q2,4,0.03430868312716484,0.07339884340763092,0.12347537279129028,-0.02536298707127571,0.18314704298973083,7.615967052060535,-2.5044048614765613,20.099099240393215,windowmlp
35980,2026Q2,8,0.06985285878181458,0.13938432931900024,0.23337334394454956,-0.07752282172441483,0.38074902445077896,14.95658269652802,-7.459409520288618,46.3380286646482,windowmlp
36084,2026Q2,1,-0.013472788967192173,0.004469549749046564,0.023291831836104393,-0.038865670561790466,0.048684713430702686,0.4479553084441923,-3.8120090743681168,4.9889282562054715,windowmlp
36084,2026Q2,2,-0.017669711261987686,0.008770489133894444,0.03543131425976753,-0.049706343561410904,0.06746794655919075,0.8809062560523051,-4.849119983598249,6.979596840657831,windowmlp
36084,2026Q2,4,-0.023935314267873764,0.01606818474829197,0.05782926827669144,-0.08360698446631432,0.11750093847513199,1.6197972246867476,-8.020732212153836,12.468268542996919,windowmlp
36084,2026Q2,8,-0.031585827469825745,0.039495185017585754,0.11352749168872833,-0.17896150797605515,0.26090317219495773,4.0285489916559225,-16.38619165752543,29.810196698405168,windowmlp
36100,2026Q2,1,-0.01347269769757986,0.004456797149032354,0.02341390959918499,-0.038865579292178154,0.04880679119378328,0.4466743440157295,-3.812000295327078,5.0017458520710045,windowmlp
36100,2026Q2,2,-0.016946598887443542,0.009391368366777897,0.03600882738828659,-0.04898323118686676,0.06804545968770981,0.9435605641077816,-4.78029032201881,7.041396805744937,windowmlp
36100,2026Q2,4,-0.024495121091604233,0.015510588884353638,0.05733611434698105,-0.08416679129004478,0.1170077845454216,1.563150240589728,-8.072208424191519,12.412818048335694,windowmlp
36100,2026Q2,8,-0.0374525785446167,0.03429023176431656,0.10851801931858063,-0.1848282590508461,0.25589369982481003,3.488491962192586,-16.875296925192686,29.161542169639,windowmlp
36220,2026Q2,1,-0.0025141509249806404,0.01453375443816185,0.03412343189120293,-0.027907032519578934,0.05951631348580122,1.4639882972570462,-2.752122850001737,6.13230747172222,windowmlp
36220,2026Q2,2,0.004593836143612862,0.02948034554719925,0.057441242039203644,-0.027442796155810356,0.08947787433862686,2.991919277479993,-2.706966368299979,9.360313635199336,windowmlp
36220,2026Q2,4,0.02077130787074566,0.06005014106631279,0.10796697437763214,-0.03890036232769489,0.1676386445760727,6.1889789496871295,-3.815345947750781,18.25092273106852,windowmlp
36220,2026Q2,8,0.05129263550043106,0.12042335420846939,0.2086905539035797,-0.09608304500579834,0.3560662344098091,12.79742831707338,-9.161142419826385,42.77021081387673,windowmlp
36260,2026Q2,1,-0.010697462595999241,0.007020814344286919,0.025934573262929916,-0.036090344190597534,0.05132745485752821,0.7045518040830423,-3.544685222679589,5.266753795100332,windowmlp
36260,2026Q2,2,-0.011311549693346024,0.014741770923137665,0.041557226330041885,-0.04334818199276924,0.0735938586294651,1.485096674823394,-4.242207937226339,7.6369558502491275,windowmlp
36260,2026Q2,4,-0.012836050242185593,0.027264732867479324,0.07021627575159073,-0.07250772044062614,0.12988794595003128,2.7639816791809046,-6.994143382937867,13.870078014141129,windowmlp
36260,2026Q2,8,-0.014772184193134308,0.0570511557161808,0.13354803621768951,-0.1621478646993637,0.2809237167239189,5.870996807689544,-14.96845363962509,32.435257412882315,windowmlp
36420,2026Q2,1,-0.008645893074572086,0.00888582319021225,0.028154779225587845,-0.03403877466917038,0.05354766082018614,0.892541931157731,-3.3465973126216575,5.500727308129472,windowmlp
36420,2026Q2,2,-0.007329082116484642,0.0183413028717041,0.04557544365525246,-0.03936571441590786,0.07761207595467567,1.8510537645952008,-3.860095264466501,8.070334653072898,windowmlp
36420,2026Q2,4,-0.004605915397405624,0.03498615324497223,0.07949609309434891,-0.06427758559584618,0.13916776329278946,3.560536892649413,-6.225534101090801,14.931689701812424,windowmlp
36420,2026Q2,8,0.0017986148595809937,0.07232214510440826,0.1529742181301117,-0.1455770656466484,0.3003498986363411,7.500159479032376,-13.54767375376278,35.033120397263495,windowmlp
36500,2026Q2,1,-0.009841757826507092,0.00780058279633522,0.026823941618204117,-0.035234639421105385,0.05221682321280241,0.7831086606562954,-3.462112625937852,5.360416358874542,windowmlp
36500,2026Q2,2,-0.009561119601130486,0.016380049288272858,0.043361835181713104,-0.0415977519005537,0.07539846748113632,1.6514937782598382,-4.0744438296001935,7.831373824980492,windowmlp
36500,2026Q2,4,-0.00928356871008873,0.030671212822198868,0.07422325760126114,-0.06895523890852928,0.1338949277997017,3.1146420424958965,-6.6631542265899295,14.32726871566845,windowmlp
36500,2026Q2,8,-0.00687389075756073,0.06438297033309937,0.14251509308815002,-0.15424957126379013,0.2898907735943794,6.650075871245575,-14.294190275451568,33.62815228263547,windowmlp
36540,2026Q2,1,-0.005140205845236778,0.012108796276152134,0.03158062696456909,-0.03053308743983507,0.056973508559167385,1.2182404552282922,-3.00716609092877,5.8627765449214,windowmlp
36540,2026Q2,2,-4.275701940059662e-05,0.025152910500764847,0.05276787281036377,-0.032079389318823814,0.08480450510978699,2.5471913960325887,-3.157030394662508,8.850424887804742,windowmlp
36540,2026Q2,4,0.009951656684279442,0.049391839653253555,0.0958428606390953,-0.04972001351416111,0.15551453083753586,5.063194935316462,-4.850420682741941,16.825891172436247,windowmlp
36540,2026Q2,8,0.027764633297920227,0.09797700494527817,0.18293771147727966,-0.11961104720830917,0.33031339198350906,10.293742271051398,-11.273452600571755,39.14041150383378,windowmlp
36740,2026Q2,1,-0.012676536105573177,0.005185118410736322,0.024285364896059036,-0.03806941770017147,0.04967824649065733,0.5198584401394868,-3.735388610756729,5.093290062224742,windowmlp
36740,2026Q2,2,-0.015349920839071274,0.010854771360754967,0.03766439110040665,-0.04738655313849449,0.06970102339982986,1.0913898133610322,-4.628133661529176,7.218757433390222,windowmlp
36740,2026Q2,4,-0.021184027194976807,0.018613608554005623,0.06107831746339798,-0.08085569739341736,0.12074998766183853,1.8787921617738679,-7.767322399994924,12.834277748416634,windowmlp
36740,2026Q2,8,-0.02931559830904007,0.04181268438696861,0.11791405081748962,-0.17669127881526947,0.265289731323719,4.269914662709828,-16.196153518139578,30.38086752734026,windowmlp
36780,2026Q2,1,-0.004458542913198471,0.012746380642056465,0.0322486087679863,-0.029851424507796764,0.05764149036258459,1.2827962005669713,-2.941027131702212,5.933514576541321,windowmlp
36780,2026Q2,2,0.0022009722888469696,0.027196349576115608,0.054874666035175323,-0.029835660010576248,0.08691129833459854,2.756954580150861,-2.939497033733629,9.079991965745847,windowmlp
36780,2026Q2,4,0.012011058628559113,0.05164933204650879,0.09834383428096771,-0.04766061156988144,0.15801550447940826,5.300642215567186,-4.654267544347301,17.118435317058744,windowmlp
36780,2026Q2,8,0.025446247309446335,0.09653203934431076,0.18212953209877014,-0.12192943319678307,0.32950521260499954,10.134486694592116,-11.478916720270815,39.02800652035203,windowmlp
36980,2026Q2,1,-0.003025655634701252,0.014068279415369034,0.03353139013051987,-0.028418537229299545,0.05892427172511816,1.41677033523524,-2.801852877518385,6.069491310271546,windowmlp
36980,2026Q2,2,0.004233280196785927,0.02918865904211998,0.056965917348861694,-0.02780335210263729,0.08900254964828491,2.961882305397201,-2.7420396268447833,9.308344330110385,windowmlp
36980,2026Q2,4,0.018772630020976067,0.058312252163887024,0.10570107400417328,-0.040899040177464485,0.16537274420261383,6.004594567803445,-4.007396098169814,17.983281260057616,windowmlp
36980,2026Q2,8,0.04326954483985901,0.11363046616315842,0.20014849305152893,-0.10410613566637039,0.34752417355775833,12.033804556416827,-9.887034965041419,41.555852928695636,windowmlp
37100,2026Q2,1,-0.010488583706319332,0.00719413161277771,0.02632473036646843,-0.035881465300917625,0.05171761196106672,0.7220071545394502,-3.5245356392871297,5.3078323798896765,windowmlp
37100,2026Q2,2,-0.01097944751381874,0.014978548511862755,0.042008548974990845,-0.04301607981324196,0.07404518127441406,1.5091289163414068,-4.210401284538568,7.685545809907501,windowmlp
37100,2026Q2,4,-0.012098707258701324,0.027652155607938766,0.07112250477075577,-0.07177037745714188,0.13079417496919632,2.803802495830454,-6.925540878458792,13.973317155339515,windowmlp
37100,2026Q2,8,-0.011566944420337677,0.05919570475816727,0.13744807243347168,-0.15894262492656708,0.2848237529397011,6.098285981747598,-14.695469889811886,32.95276821251234,windowmlp
37140,2026Q2,1,-0.006605609320104122,0.010782046243548393,0.029986493289470673,-0.031998490914702415,0.055379374884068966,1.0840381975150803,-3.1491956360655937,5.694151568978056,windowmlp
37140,2026Q2,2,-0.0029692836105823517,0.022465653717517853,0.04976099729537964,-0.03500591591000557,0.08179762959480286,2.2719906934380862,-3.4400296160279953,8.523616792275067,windowmlp
37140,2026Q2,4,0.0038929544389247894,0.04373179376125336,0.08902066200971603,-0.05577871575951576,0.14869233220815659,4.470212168330945,-5.425160804838969,16.031594244215498,windowmlp
37140,2026Q2,8,0.014788195490837097,0.08599139750003815,0.16737505793571472,-0.1325874850153923,0.3147507384419441,8.979695328655524,-12.41736909236495,36.99178005506831,windowmlp
37340,2026Q2,1,-0.01315430086106062,0.00476250983774662,0.023729905486106873,-0.03854718245565891,0.049122787080705166,0.4773868612657495,-3.7813694643889284,5.034931214822813,windowmlp
37340,2026Q2,2,-0.01662256196141243,0.009687288664281368,0.03637294843792915,-0.04865919426083565,0.06840958073735237,0.9734362327713519,-4.7494306204257875,7.080379928362102,windowmlp
37340,2026Q2,4,-0.02297324314713478,0.016966145485639572,0.05901069939136505,-0.08264491334557533,0.1186823695898056,1.7110887947202391,-7.9321990341302495,12.601220576237203,windowmlp
37340,2026Q2,8,-0.03216666728258133,0.039248306304216385,0.11398100852966309,-0.17954234778881073,0.2613566890358925,4.002869727289471,-16.43474378443768,29.86908116027123,windowmlp
37460,2026Q2,1,-0.009200950153172016,0.00839038286358118,0.02749621495604515,-0.03459383174777031,0.052889096550643444,0.8425680777820688,-3.400230581814212,5.431271171888685,windowmlp
37460,2026Q2,2,-0.008531937375664711,0.017277445644140244,0.044318243861198425,-0.04056856967508793,0.07635487616062164,1.742756401593093,-3.975668131844212,7.934554020179596,windowmlp
37460,2026Q2,4,-0.006512504070997238,0.03333056718111038,0.07731898128986359,-0.06618417426943779,0.13699065148830414,3.3892253606263134,-6.404153105052979,14.681742743415182,windowmlp
37460,2026Q2,8,-0.0026638656854629517,0.06860654056072235,0.14723065495491028,-0.15003954619169235,0.2946063354611397,7.1014725382093635,-13.932606062454678,34.25977215273321,windowmlp
37620,2026Q2,1,-0.0023696506395936012,0.014665216207504272,0.034140583127737045,-0.027762532234191895,0.05953346472233534,1.4773278094818654,-2.7380694886673718,6.134127787641863,windowmlp
37620,2026Q2,2,0.0053294962272048,0.03018779680132866,0.05799471586942673,-0.026707136072218418,0.09003134816884995,3.0648068190894495,-2.63536543329983,9.420858460303961,windowmlp
37620,2026Q2,4,0.02204291895031929,0.061552129685878754,0.10930117964744568,-0.03762875124812126,0.16897284984588623,6.3485934271501065,-3.6929586779604784,18.40879903161301,windowmlp
37620,2026Q2,8,0.04920626059174538,0.11953631043434143,0.2062690109014511,-0.09816941991448402,0.3536446914076805,12.697416424568186,-9.35046876147344,42.42490486430661,windowmlp
37860,2026Q2,1,-0.007828769274055958,0.009647407568991184,0.02893773466348648,-0.03322165086865425,0.054330616258084774,0.9694093818373162,-3.2675872407760265,5.58336202170544,windowmlp
37860,2026Q2,2,-0.005668150261044502,0.019939089193940163,0.047194287180900574,-0.03770478256046772,0.07923091948032379,2.0139200633291,-3.7002807503434876,8.245425298581921,windowmlp
37860,2026Q2,4,-0.0007683075964450836,0.03886355832219124,0.08374263346195221,-0.060439977794885635,0.14341430366039276,3.9628625298748332,-5.864973075830038,15.420789517705202,windowmlp
37860,2026Q2,8,0.00918271392583847,0.07989003509283066,0.161054790019989,-0.13819296658039093,0.3084304705262184,8.316795066258953,-12.90693849728145,36.12868566982386,windowmlp
37900,2026Q2,1,-0.0006021065637469292,0.016284722834825516,0.036058150231838226,-0.025994988158345222,0.06145103182643652,1.6418041637159542,-2.566002716582594,6.337842355464263,windowmlp
37900,2026Q2,2,0.009475396014750004,0.03403240442276001,0.062209516763687134,-0.022561236284673214,0.09424614906311035,3.4618132388282152,-2.23086348265753,9.883018865264948,windowmlp
37900,2026Q2,4,0.028562847524881363,0.06779293715953827,0.11680485308170319,-0.03110882267355919,0.17647652328014374,7.014369854205227,-3.0629922107548446,19.300641855335353,windowmlp
37900,2026Q2,8,0.06072809547185898,0.13037936389446259,0.2214331328868866,-0.08664758503437042,0.368808813393116,13.926049565397003,-8.299979670905378,44.60111192861129,windowmlp
37964,2026Q2,1,-0.0027729682624340057,0.014282828196883202,0.033924542367458344,-0.0281658498570323,0.05931742396205664,1.4385315140694965,-2.7772890297763975,6.111200966636199,windowmlp
37964,2026Q2,2,0.004791226238012314,0.029690824449062347,0.05764441192150116,-0.027245406061410904,0.08968104422092438,3.0135991850518185,-2.6877597916753815,9.382534614489057,windowmlp
37964,2026Q2,4,0.01987059786915779,0.05913597345352173,0.1070118248462677,-0.03980107232928276,0.16668349504470825,6.091948781971723,-3.9019414230951233,18.138029341255525,windowmlp
37964,2026Q2,8,0.04808884859085083,0.1175423115491867,0.20606887340545654,-0.09928683191537857,0.35344455391168594,12.472921797259207,-9.451705063691607,42.396403152705545,windowmlp
38060,2026Q2,1,-0.012724320404231548,0.005154357757419348,0.024056147783994675,-0.03811720199882984,0.04944902937859297,0.5167664311788833,-3.7399884377969594,5.069203642394604,windowmlp
38060,2026Q2,2,-0.01554582267999649,0.010754747316241264,0.03744040057063103,-0.04758245497941971,0.06947703287005424,1.0812787493695852,-4.646815355768464,7.1947441365867615,windowmlp
38060,2026Q2,4,-0.02113635092973709,0.01891915500164032,0.06099959462881088,-0.08080802112817764,0.12067126482725143,1.909925620924935,-7.762924985568576,12.82539546385757,windowmlp
38060,2026Q2,8,-0.028881415724754333,0.042747192084789276,0.11763616651296616,-0.17625709623098373,0.26501184701919556,4.367401244499169,-16.159759447236855,30.344641764162873,windowmlp
38240,2026Q2,1,-0.015564066357910633,0.002562200650572777,0.02113587222993374,-0.040956947952508926,0.04652875382453203,0.2565485891876218,-4.012954655339107,4.762820195295148,windowmlp
38240,2026Q2,2,-0.020401492714881897,0.006226937286555767,0.03243417665362358,-0.052438125014305115,0.0644708089530468,0.6246364964584972,-5.108696678026847,6.659444278175353,windowmlp
38240,2026Q2,4,-0.03355703875422478,0.0071981847286224365,0.047450482845306396,-0.09322870895266533,0.10712215304374695,0.7224153933298894,-8.901487398554742,11.307021108958825,windowmlp
38240,2026Q2,8,-0.0609184131026268,0.013194017112255096,0.08263964205980301,-0.2082940936088562,0.2300153225660324,1.3281442229071239,-18.8031793065749,25.861929505898694,windowmlp
38300,2026Q2,1,-0.005160721950232983,0.012089258059859276,0.03155037760734558,-0.030553603544831276,0.056943259201943874,1.2162628506729778,-3.0091559856806227,5.859574312409999,windowmlp
38300,2026Q2,2,-9.036250412464142e-05,0.025131836533546448,0.052777692675590515,-0.03212699480354786,0.08481432497501373,2.545030342653831,-3.1616405414376825,8.851493789555253,windowmlp
38300,2026Q2,4,0.009869666770100594,0.0493142232298851,0.09574924409389496,-0.04980200342833996,0.1554209142923355,5.0550406223563105,-4.858221668778862,16.814954848033192,windowmlp
38300,2026Q2,8,0.0291299931704998,0.09906831383705139,0.1842430979013443,-0.1182456873357296,0.3316187784075737,10.414172514043996,-11.15222619311652,39.32216210962724,windowmlp
38340,2026Q2,1,-0.006515464745461941,0.010854036547243595,0.030270829796791077,-0.031908346340060234,0.05566371139138937,1.0913155300692035,-3.1404646679836667,5.7242085478250715,windowmlp
38340,2026Q2,2,-0.002381950616836548,0.02298726886510849,0.050439998507499695,-0.034418582916259766,0.08247663080692291,2.325351228579864,-3.3833001016193798,8.59732948229155,windowmlp
38340,2026Q2,4,0.0041421689093112946,0.04374634847044945,0.08942916989326477,-0.05552950128912926,0.14910084009170532,4.471732712954224,-5.401588449213001,16.079003748123743,windowmlp
38340,2026Q2,8,0.015283837914466858,0.08601570874452591,0.16939806938171387,-0.13209184259176254,0.31677374988794327,8.982344792878628,-12.37394866530005,37.26919650784484,windowmlp
38540,2026Q2,1,-0.011696170084178448,0.00610645767301321,0.02499384805560112,-0.03708905167877674,0.05038672965019941,0.6125140094114689,-3.640967780763693,5.1677732703484525,windowmlp
38540,2026Q2,2,-0.013062532991170883,0.013103706762194633,0.039815276861190796,-0.0450991652905941,0.07185190916061401,1.3189936559330429,-4.409731523462623,7.449620923535649,windowmlp
38540,2026Q2,4,-0.0170913003385067,0.023120447993278503,0.06558792293071747,-0.07676297053694725,0.12525959312915802,2.338979737142477,-7.389065720698396,13.34426488035023,windowmlp
38540,2026Q2,8,-0.024271465837955475,0.047883469611406326,0.12330777943134308,-0.17164714634418488,0.2706834599375725,4.904840218354578,-15.772367898035766,31.086006497833264,windowmlp
38860,2026Q2,1,-0.006503810174763203,0.01086319051682949,0.03030354157090187,-0.031896691769361496,0.055696423165500164,1.0922409211324702,-3.139335805103105,5.727667030819372,windowmlp
38860,2026Q2,2,-0.002131521701812744,0.023178208619356155,0.05065522342920303,-0.03416815400123596,0.08269185572862625,2.3448910714037874,-3.3591014563968846,8.620704849417127,windowmlp
38860,2026Q2,4,0.003710225224494934,0.04334162920713425,0.08902069926261902,-0.05596144497394562,0.14869236946105957,4.4294595452130325,-5.442440812080774,16.03159856672931,windowmlp
38860,2026Q2,8,0.01263737678527832,0.08361306041479111,0.16714076697826385,-0.13473830372095108,0.31451644748449326,8.720812854641235,-12.605541018812904,36.959687879356395,windowmlp
38900,2026Q2,1,-0.010004830546677113,0.007654130924493074,0.02667340263724327,-0.035397712141275406,0.052066284231841564,0.7683498664957655,-3.4778540382990553,5.344556702940451,windowmlp
38900,2026Q2,2,-0.010511130094528198,0.015449178405106068,0.04245319962501526,-0.042547762393951416,0.07448983192443848,1.5569133903654997,-4.165530840888165,7.733438904908918,windowmlp
38900,2026Q2,4,-0.009650185704231262,0.030188295990228653,0.07377110421657562,-0.06932185590267181,0.13344277441501617,3.0648582679098313,-6.69736682858626,14.27558693908242,windowmlp
38900,2026Q2,8,-0.005409739911556244,0.06533607840538025,0.14340639114379883,-0.15278542041778564,0.29078207165002823,6.751773376125625,-14.168612131396818,33.74730788863667,windowmlp
38940,2026Q2,1,-0.016122251749038696,0.002035144716501236,0.020852480083703995,-0.04151513334363699,0.04624536167830229,0.20372170290900993,-4.066518271183373,4.733135441246672,windowmlp
38940,2026Q2,2,-0.02236485481262207,0.004320504143834114,0.030681833624839783,-0.05440148711204529,0.062718465924263,0.4329850978026517,-5.294819892952695,6.472704008830488,windowmlp
38940,2026Q2,4,-0.03536335751414299,0.004799161106348038,0.045329462736845016,-0.09503502771258354,0.10500113293528557,0.48106955244722194,-9.065891822768158,11.071186871966066,windowmlp
38940,2026Q2,8,-0.056656934320926666,0.015406638383865356,0.08680179715156555,-0.20403261482715607,0.23417747765779495,1.5525932490028316,-18.456422454328592,26.38687807750564,windowmlp
39150,2026Q2,1,-0.008786599151790142,0.008773930370807648,0.027824167162179947,-0.034179480746388435,0.05321704875677824,0.881253411748073,-3.3601960770267447,5.465853260191245,windowmlp
39150,2026Q2,2,-0.007677482441067696,0.018109435215592384,0.04516041651368141,-0.03971411474049091,0.07719704881310463,1.8274405371639268,-3.893584604294553,8.02549183712975,windowmlp
39150,2026Q2,4,-0.004739437252283096,0.03513401746749878,0.07922908663749695,-0.06441110745072365,0.1389007568359375,3.575850923092183,-6.238054205845367,14.901006295081288,windowmlp
39150,2026Q2,8,0.0017771869897842407,0.07301901280879974,0.15187928080558777,-0.14559849351644516,0.29925496131181717,7.575098976815431,-13.5495262231059,34.885348508935095,windowmlp
39300,2026Q2,1,-0.004588427022099495,0.012610383331775665,0.03220289573073387,-0.029981308616697788,0.057595777325332165,1.2690229492897664,-2.953632731252809,5.928672144525193,windowmlp
39300,2026Q2,2,0.0018454864621162415,0.026885809376835823,0.05466695874929428,-0.030191145837306976,0.0867035910487175,2.725049369179855,-2.973994534823854,9.05733760948959,windowmlp
39300,2026Q2,4,0.011858528479933739,0.05131050944328308,0.0981927365064621,-0.04781314171850681,0.15786440670490265,5.264970021464466,-4.66880953401545,17.10074031899982,windowmlp
39300,2026Q2,8,0.02864968776702881,0.09898427128791809,0.1855970025062561,-0.11872599273920059,0.3329726830124855,10.404893415450477,-11.1948900123107,39.51091877690076,windowmlp
39340,2026Q2,1,-0.010427174158394337,0.007267965003848076,0.026147831231355667,-0.03582005575299263,0.05154071282595396,0.7294440764262999,-3.5186109427202794,5.289205163038924,windowmlp
39340,2026Q2,2,-0.010774876922369003,0.01524712610989809,0.042063720524311066,-0.04281150922179222,0.07410035282373428,1.5363956558182235,-4.190803545182387,7.691487152204246,windowmlp
39340,2026Q2,4,-0.011658556759357452,0.028488362208008766,0.0714801698923111,-0.071330226957798,0.13115184009075165,2.8898036663516757,-6.884565091705319,14.014088726523788,windowmlp
39340,2026Q2,8,-0.013055220246315002,0.05890757963061333,0.13530652225017548,-0.1604309007525444,0.2826822027564049,6.067720803075294,-14.822332133399762,32.668347846322355,windowmlp
39380,2026Q2,1,-0.015318567864596844,0.0027832454070448875,0.021456101909279823,-0.04071144945919514,0.04684898350387812,0.2787122230425432,-3.9893870875465254,4.79637373174604,windowmlp
39380,2026Q2,2,-0.02099086344242096,0.005697300657629967,0.03207865357398987,-0.05302749574184418,0.06411528587341309,0.571356114064181,-5.164606357120338,6.6215311239735675,windowmlp
39380,2026Q2,4,-0.03132962808012962,0.00897018238902092,0.04965512827038765,-0.09100129827857018,0.1093267984688282,0.9010535041705126,-8.698347445129295,11.552684324465169,windowmlp
39380,2026Q2,8,-0.0473596528172493,0.024653945118188858,0.09595412760972977,-0.1947353333234787,0.24332980811595917,2.4960366607279294,-17.694753620801862,27.548922145349366,windowmlp
39460,2026Q2,1,-0.02151765674352646,-0.0028664683923125267,0.015543358400464058,-0.04691053833812475,0.04093623999506235,-0.2862363994435957,-4.582724434738605,4.178567916778131,windowmlp
39460,2026Q2,2,-0.034146931022405624,-0.006698714569211006,0.019078541547060013,-0.06618356332182884,0.05111517384648323,-0.6676328195305503,-6.404095922876651,5.24441003383731,windowmlp
39460,2026Q2,4,-0.0567278228700161,-0.016203269362449646,0.021736830472946167,-0.11639949306845665,0.08140850067138672,-1.6072702547709539,-10.988044433376022,8.481395329436413,windowmlp
39460,2026Q2,8,-0.09351234883069992,-0.020935185253620148,0.044047802686691284,-0.24088802933692932,0.19142348319292068,-2.0717565544831396,-21.40703774772784,21.097216987098875,windowmlp
39540,2026Q2,1,-0.0019434047862887383,0.01505998708307743,0.03473878651857376,-0.02733628638088703,0.060131668113172054,1.5173960113912477,-2.6966031573044114,6.197636576460486,windowmlp
39540,2026Q2,2,0.007057947106659412,0.03176642954349518,0.05975344404578209,-0.024978685192763805,0.09179007634520531,3.227636788244026,-2.46692992073434,9.613469332595725,windowmlp
39540,2026Q2,4,0.022769145667552948,0.06218571588397026,0.11038732528686523,-0.036902524530887604,0.1700589954853058,6.415995778476979,-3.622992528926372,18.537478101805238,windowmlp
39540,2026Q2,8,0.04821421578526497,0.11849331855773926,0.20760300755500793,-0.09916146472096443,0.35497868806123734,12.579935211348836,-9.44035256639596,42.6150259930594,windowmlp
39580,2026Q2,1,-0.014513497240841389,0.003498065285384655,0.022333208471536636,-0.03990637883543968,0.04772609006613493,0.350419065598806,-3.912060641073223,4.888331641394483,windowmlp
39580,2026Q2,2,-0.018939167261123657,0.007537814788520336,0.03403801470994949,-0.050975799560546875,0.06607464700937271,0.7566295630543562,-4.969833202787033,6.830646007200958,windowmlp
39580,2026Q2,4,-0.02873380109667778,0.011404348537325859,0.05264345929026604,-0.08840547129511833,0.11231512948870659,1.1469626033200342,-8.461036275681543,11.886539257461791,windowmlp
39580,2026Q2,8,-0.045488469302654266,0.026576634496450424,0.09944448620080948,-0.19286414980888367,0.24682016670703888,2.6932942735204524,-17.540601221876795,27.99489146521028,windowmlp
39660,2026Q2,1,-0.010940604843199253,0.006785815116018057,0.02581341564655304,-0.036333486437797546,0.05120629724115133,0.6808890925942945,-3.56813473376999,5.25400069870976,windowmlp
39660,2026Q2,2,-0.011420637369155884,0.014561659656465054,0.04142860323190689,-0.0434572696685791,0.07346523553133011,1.466819711505818,-4.252653362459213,7.62311214184328,windowmlp
39660,2026Q2,4,-0.014131959527730942,0.025889664888381958,0.06894945353269577,-0.0738036297261715,0.12862112373113632,2.6227713277358067,-7.114592473733761,13.725916202218436,windowmlp
39660,2026Q2,8,-0.0200023353099823,0.051923718303442,0.12877605855464935,-0.1673780158162117,0.27615173906087875,5.329539228927738,-15.41202050479351,31.804784819689313,windowmlp
39740,2026Q2,1,-0.0026433635503053665,0.01440795324742794,0.03414459154009819,-0.02803624514490366,0.059537473134696484,1.4512248095604363,-2.7646876917299723,6.134553217844285,windowmlp
39740,2026Q2,2,0.005762501619756222,0.030529847368597984,0.05850394442677498,-0.026274130679666996,0.0905405767261982,3.10006622463348,-2.5931968925447357,9.476592875775115,windowmlp
39740,2026Q2,4,0.019806066527962685,0.059134334325790405,0.10707524418830872,-0.03986560367047787,0.16674691438674927,6.091774883858925,-3.9081425596153574,18.145521814927747,windowmlp
39740,2026Q2,8,0.04249788075685501,0.11268363893032074,0.20168447494506836,-0.10487779974937439,0.34906015545129776,11.927778101552722,-9.956545080892754,41.77344722338727,windowmlp
39820,2026Q2,1,-0.011139451526105404,0.00661840382963419,0.025559786707162857,-0.0365323331207037,0.05095266830176115,0.6640353862267245,-3.587307983972865,5.227308623230464,windowmlp
39820,2026Q2,2,-0.01278386265039444,0.01335447933524847,0.04022436961531639,-0.04482049494981766,0.07226100191473961,1.3444048667555553,-4.383089638792226,7.493586777331962,windowmlp
39820,2026Q2,4,-0.014117445796728134,0.02582920342683792,0.06880956143140793,-0.07378911599516869,0.12848123162984848,2.6165667925631464,-7.11324435013172,13.710007957574843,windowmlp
39820,2026Q2,8,-0.013514578342437744,0.05741886794567108,0.13395215570926666,-0.16089025884866714,0.28132783621549606,5.909934026371078,-14.861450199455106,32.48878789740246,windowmlp
39900,2026Q2,1,-0.008344515226781368,0.009176436811685562,0.028254572302103043,-0.03373739682137966,0.053647453896701336,0.9218669390649747,-3.317463728250114,5.511256075622462,windowmlp
39900,2026Q2,2,-0.00676414929330349,0.01898372545838356,0.04610886424779892,-0.03880078159272671,0.07814549654722214,1.9165062038222658,-3.805767332292731,8.127996972787365,windowmlp
39900,2026Q2,4,-0.0029249414801597595,0.03693624958395958,0.08126380294561386,-0.06259661167860031,0.1409354731440544,3.762686958496375,-6.067769107540832,15.1350352569402,windowmlp
39900,2026Q2,8,0.005572058260440826,0.07652023434638977,0.156133770942688,-0.14180362224578857,0.3035094514489174,7.952403357940452,-13.220834526956649,35.46043938557564,windowmlp
40060,2026Q2,1,-0.005977359600365162,0.01133367232978344,0.030823606997728348,-0.031370241194963455,0.05621648859232664,1.1398141722137822,-3.088330027968811,5.7826666355579315,windowmlp
40060,2026Q2,2,-0.0013888273388147354,0.023887434974312782,0.05146349221467972,-0.03342545963823795,0.08350012451410294,2.4175025113766013,-3.287300145899641,8.708535065032619,windowmlp
40060,2026Q2,4,0.006308179348707199,0.04577721282839775,0.09185558557510376,-0.05336349084973335,0.1515272557735443,4.684116219384382,-5.196465232926162,16.361001646857254,windowmlp
40060,2026Q2,8,0.020012691617012024,0.09036432951688766,0.17484530806541443,-0.12736298888921738,0.32222098857164383,9.457299632036055,-11.958596592422987,38.01897484193917,windowmlp
40140,2026Q2,1,-0.011385961435735226,0.006368046626448631,0.025446131825447083,-0.03677884303033352,0.050839013420045376,0.6388365743497104,-3.6110717388480262,5.215349705523176,windowmlp
40140,2026Q2,2,-0.012672986835241318,0.013418066315352917,0.04033805429935455,-0.044709619134664536,0.07237468659877777,1.3508492562989804,-4.3724874481611,7.505807846441903,windowmlp
40140,2026Q2,4,-0.01557672768831253,0.024247191846370697,0.06726078689098358,-0.07524839788675308,0.12693245708942413,2.4543545402119227,-7.2486934573682715,13.534033100124155,windowmlp
40140,2026Q2,8,-0.018265508115291595,0.05276503413915634,0.13000710308551788,-0.165641188621521,0.2773827835917473,5.4181919254791655,-15.264978145041308,31.967142293319895,windowmlp
40220,2026Q2,1,-0.006615242920815945,0.01075307372957468,0.03022879734635353,-0.03200812451541424,0.055621678940951824,1.081109581230777,-3.150128653549289,5.719764793660809,windowmlp
40220,2026Q2,2,-0.0023758243769407272,0.02293010614812374,0.05046270787715912,-0.034412456676363945,0.08249934017658234,2.3195022006619714,-3.3827082027248045,8.599795687193668,windowmlp
40220,2026Q2,4,0.003221087157726288,0.04277375712990761,0.08845153450965881,-0.056450583040714264,0.14812320470809937,4.370173806048561,-5.488681203890444,15.96557626116244,windowmlp
40220,2026Q2,8,0.012053266167640686,0.08277663588523865,0.1666996031999588,-0.13532241433858871,0.3140752837061882,8.629914120161786,-12.656574144280308,36.89927955193879,windowmlp
40340,2026Q2,1,-0.005522598512470722,0.011763475835323334,0.031120289117097855,-0.030915480107069016,0.05651317071169615,1.183293762065385,-3.04424834894621,5.814055117258343,windowmlp
40340,2026Q2,2,-0.001033056527376175,0.024256711825728416,0.05179014429450035,-0.03306968882679939,0.08382677659392357,2.455329908194992,-3.2528864688682213,8.744050734423702,windowmlp
40340,2026Q2,4,0.008462335914373398,0.04801595211029053,0.09409299492835999,-0.051209334284067154,0.15376466512680054,4.918739194396959,-4.992023455318007,16.621640309256968,windowmlp
40340,2026Q2,8,0.025852669030427933,0.09616159647703171,0.1800360083580017,-0.12152301147580147,0.3274116888642311,10.093695715384786,-11.442932517375592,38.73725254443967,windowmlp
40380,2026Q2,1,-0.004714716225862503,0.012498030439019203,0.03213636204600334,-0.030107597820460796,0.057529243640601635,1.2576457207590153,-2.965887865841388,5.921624554102478,windowmlp
40380,2026Q2,2,0.00203600712120533,0.027019783854484558,0.05479692667722702,-0.030000625178217888,0.08683355897665024,2.7388128259659084,-2.955507315271144,9.071512486804334,windowmlp
40380,2026Q2,4,0.01102406159043312,0.050517018884420395,0.09737338125705719,-0.04864760860800743,0.15704505145549774,5.18147639165778,-4.748327074004621,17.004832509359492,windowmlp
40380,2026Q2,8,0.023905664682388306,0.09463658928871155,0.18135517835617065,-0.1234700158238411,0.32873085886240005,9.925929992510408,-11.615185769483316,38.92039133466514,windowmlp
40420,2026Q2,1,-0.008430643938481808,0.009069874882698059,0.02847573533654213,-0.0338235255330801,0.05386861693114042,0.9111130832329284,-3.3257905119504105,5.534593845814539,windowmlp
40420,2026Q2,2,-0.005163557827472687,0.020299281924962997,0.04767267033457756,-0.037200190126895905,0.07970930263400078,2.050671354175626,-3.6516763789872897,8.297220474489396,windowmlp
40420,2026Q2,4,-0.004508759826421738,0.035242997109889984,0.08000996708869934,-0.06418043002486229,0.1396816372871399,3.5871391973710143,-6.216422946720157,14.990765285680062,windowmlp
40420,2026Q2,8,-0.006452083587646484,0.06492047756910324,0.1469845473766327,-0.15382776409387589,0.2943602278828621,6.707416467858995,-14.258031324890263,34.2267338710011,windowmlp
40484,2026Q2,1,-0.005575808696448803,0.011714024469256401,0.03117319568991661,-0.030968690291047096,0.056566077284514904,1.1782902336823664,-3.0494072450751752,5.819653524365598,windowmlp
40484,2026Q2,2,-0.00036770105361938477,0.02484070137143135,0.052399892359972,-0.0324043333530426,0.08443652465939522,2.5151802240413357,-3.1884938276875108,8.810377428222193,windowmlp
40484,2026Q2,4,0.007732033729553223,0.04732901230454445,0.09350854158401489,-0.05193963646888733,0.15318021178245544,4.846691085265897,-5.061382658492441,16.55350031581837,windowmlp
40484,2026Q2,8,0.020296141505241394,0.09110989421606064,0.17561879754066467,-0.127079539000988,0.3229944780468941,9.538937560105488,-11.933637729341184,38.125772364419404,windowmlp
40580,2026Q2,1,-0.012793445028364658,0.005083280615508556,0.024066772311925888,-0.03818632662296295,0.04945965390652418,0.5096222406041795,-3.7466421449450893,5.0703199590135695,windowmlp
40580,2026Q2,2,-0.015263382345438004,0.0109826335683465,0.037681661546230316,-0.04730001464486122,0.06971829384565353,1.1043164080249301,-4.6198799667552475,7.220609165121816,windowmlp
40580,2026Q2,4,-0.02179945632815361,0.01826353184878826,0.06041096895933151,-0.08147112652659416,0.12008263915777206,1.84313301196537,-7.824067613700992,12.75900308196547,windowmlp
40580,2026Q2,8,-0.03336333483457565,0.03857651725411415,0.11337903141975403,-0.18073901534080505,0.26075471192598343,3.9330252012481193,-16.53468380560841,29.790926472154577,windowmlp
40660,2026Q2,1,-0.015163346193730831,0.002904864028096199,0.021719729527831078,-0.040556227788329124,0.04711261112242937,0.2909087233896601,-3.9744830031008593,4.824004592154685,windowmlp
40660,2026Q2,2,-0.019653551280498505,0.006858261302113533,0.03331466764211655,-0.05169018357992172,0.06535129994153976,0.6881833032374329,-5.037696992016061,6.7533983144711485,windowmlp
40660,2026Q2,4,-0.03183818981051445,0.008483964949846268,0.0493881031870842,-0.091509860008955,0.10905977338552475,0.8520055772706758,-8.744768166637872,11.522900936273528,windowmlp
40660,2026Q2,8,-0.055147238075733185,0.01755586266517639,0.08980051428079605,-0.20252291858196259,0.23717619478702545,1.7710872604560723,-18.3332234483493,26.76644539678561,windowmlp
40900,2026Q2,1,-0.010959583334624767,0.006774522364139557,0.02573031559586525,-0.03635246492922306,0.05112319719046354,0.6797521347145619,-3.5699648477316437,5.245254449328529,windowmlp
40900,2026Q2,2,-0.012355495244264603,0.013755463995039463,0.040653079748153687,-0.04439212754368782,0.0726897120475769,1.3850505670693236,-4.342121696879609,7.53968024686118,windowmlp
40900,2026Q2,4,-0.01361372321844101,0.026297882199287415,0.06933580338954926,-0.07328539341688156,0.1290074735879898,2.6646722712482473,-7.066443407730949,13.769862682475242,windowmlp
40900,2026Q2,8,-0.012758448719978333,0.05814894288778305,0.13504937291145325,-0.16013412922620773,0.28242505341768265,5.987284447690944,-14.797050075585306,32.63423665442748,windowmlp
40980,2026Q2,1,-0.005777490325272083,0.011534917168319225,0.030886854976415634,-0.031170371919870377,0.05627973657101393,1.1601700859789954,-3.0689584269139925,5.789357386988803,windowmlp
40980,2026Q2,2,-0.0006010625511407852,0.0246705561876297,0.05214878171682358,-0.032637694850564,0.0841854140162468,2.4977392436511314,-3.2110832698896474,8.783057414681616,windowmlp
40980,2026Q2,4,0.007005032151937485,0.04679105430841446,0.09266793727874756,-0.05266663804650307,0.1523396074771881,4.790303137962271,-5.1303781001400655,16.455566109383525,windowmlp
40980,2026Q2,8,0.01797562837600708,0.0892212837934494,0.17254993319511414,-0.12940005213022232,0.31992561370134354,9.332256412465867,-12.137759953487482,37.702532870874194,windowmlp
41060,2026Q2,1,-0.008213003166019917,0.009291073307394981,0.028520286083221436,-0.03360588476061821,0.05391316767781973,0.9334369313903412,-3.304747972546085,5.539295595503324,windowmlp
41060,2026Q2,2,-0.006328687071800232,0.019310154020786285,0.04654652997851372,-0.03836531937122345,0.07858316227793694,1.9497800929059173,-3.7638692561868803,8.175331249132922,windowmlp
41060,2026Q2,4,-0.002815011888742447,0.03688667342066765,0.08152212202548981,-0.062486682087183,0.14119379222393036,3.7575429300957586,-6.057442608194375,15.164780675048362,windowmlp
41060,2026Q2,8,0.004539087414741516,0.07527842372655869,0.15592333674430847,-0.14283659309148788,0.3032990172505379,7.818430118926356,-13.310428592908764,35.431936875657975,windowmlp
41100,2026Q2,1,-0.014036803506314754,0.003957112319767475,0.02261032536625862,-0.03942968510091305,0.048003206960856915,0.39649520261784144,-3.8662452033187633,4.9174019979089545,windowmlp
41100,2026Q2,2,-0.01814344897866249,0.008361991494894028,0.034773629158735275,-0.05018008127808571,0.06681026145815849,0.8397050598951017,-4.8941858686892274,6.909261085625684,windowmlp
41100,2026Q2,4,-0.026476267725229263,0.013947097584605217,0.05503982678055763,-0.08614793792366982,0.11471149697899818,1.4044812099602622,-8.254150572461871,12.154982038053053,windowmlp
41100,2026Q2,8,-0.04086117446422577,0.03172655776143074,0.10368748754262924,-0.18823685497045517,0.25106316804885864,3.2235210004594173,-17.158153103839734,28.539127742577854,windowmlp
41140,2026Q2,1,-0.008558210916817188,0.008972596377134323,0.028174445033073425,-0.03395109251141548,0.05356732662767172,0.9012970784082919,-3.338122162165358,5.5028020855233395,windowmlp
41140,2026Q2,2,-0.0062826164066791534,0.019299929961562157,0.04651682823896408,-0.03831924870610237,0.0785534605383873,1.9487377576448361,-3.759435491502372,8.172118301333775,windowmlp
41140,2026Q2,4,-0.004606820642948151,0.03529413044452667,0.07971382141113281,-0.0642784908413887,0.13938549160957336,3.592436088646367,-6.2256189899696395,14.956716309558061,windowmlp
41140,2026Q2,8,-0.004644766449928284,0.06696272641420364,0.14713717997074127,-0.15202044695615768,0.2945128604769707,6.925562244064043,-14.102928277503201,34.24722280919068,windowmlp
41180,2026Q2,1,-0.004495126195251942,0.012701820582151413,0.032247260212898254,-0.029888007789850235,0.05764014180749655,1.2782831336529243,-2.944577802534487,5.933371719457581,windowmlp
41180,2026Q2,2,0.0014231428503990173,0.026521384716033936,0.054260075092315674,-0.0306134894490242,0.08629670739173889,2.687620648296307,-3.0149641961561446,9.012972987374601,windowmlp
41180,2026Q2,4,0.012445235624909401,0.051834866404533386,0.09866735339164734,-0.04722643457353115,0.1583390235900879,5.320180915114214,-4.612861632518128,17.156331498835687,windowmlp
41180,2026Q2,8,0.03245196491479874,0.10244499146938324,0.18864849209785461,-0.11492371559143066,0.336024172604084,10.787635758305548,-10.856585616042757,39.9372850887987,windowmlp
41304,2026Q2,1,-0.015133903361856937,0.002941102720797062,0.021877940744161606,-0.04052678495645523,0.0472708223387599,0.2945432006655313,-3.9716556983265927,4.840590237404818,windowmlp
41304,2026Q2,2,-0.020491424947977066,0.006042241118848324,0.0325644388794899,-0.052528057247400284,0.06460107117891312,0.6060532279027031,-5.117230081116153,6.673338879747903,windowmlp
41304,2026Q2,4,-0.031210172921419144,0.008747950196266174,0.049901824444532394,-0.0908818431198597,0.10957349464297295,0.8786325332220679,-8.68744034029083,11.580207339675287,windowmlp
41304,2026Q2,8,-0.04807116836309433,0.023535743355751038,0.09653222560882568,-0.19544684886932373,0.24390790611505508,2.381489467263398,-17.75329425435015,27.622679239388546,windowmlp
41420,2026Q2,1,-0.009783024899661541,0.007855326868593693,0.026910699903964996,-0.035175906494259834,0.05230358149856329,0.7886260894611308,-3.4564425067511673,5.369557644520295,windowmlp
41420,2026Q2,2,-0.009723857045173645,0.016205912455916405,0.04320550709962845,-0.04176048934459686,0.07524213939905167,1.633794050261006,-4.090053239277614,7.8145180706700845,windowmlp
41420,2026Q2,4,-0.00887453556060791,0.030986057594418526,0.07465244829654694,-0.06854620575904846,0.1343241184949875,3.1471122597531265,-6.624968553529964,14.37634744693268,windowmlp
41420,2026Q2,8,-0.005343444645404816,0.06562916189432144,0.1438717246055603,-0.15271912515163422,0.2912474051117897,6.783065143643574,-14.162921728072607,33.809559469166196,windowmlp
41500,2026Q2,1,-0.00956787820905447,0.008036719635128975,0.027122285217046738,-0.03496075980365276,0.05251516681164503,0.806910075424061,-3.4356692452879645,5.391854654140493,windowmlp
41500,2026Q2,2,-0.009115451946854591,0.016788257285952568,0.0438348725438118,-0.04115208424627781,0.07587150484323502,1.6929972014345207,-4.031683384230689,7.882394159917094,windowmlp
41500,2026Q2,4,-0.007523596286773682,0.032308027148246765,0.07619443535804749,-0.06719526648521423,0.13586610555648804,3.2835597715826337,-6.49873931153091,14.552850342455216,windowmlp
41500,2026Q2,8,-0.0036227554082870483,0.06730582565069199,0.14578863978385925,-0.15099843591451645,0.29316432029008865,6.962254617033703,-14.015095646443921,34.06630704775972,windowmlp
41540,2026Q2,1,-0.00959367211908102,0.00801564659923315,0.02722124010324478,-0.034986553713679314,0.052614121697843075,0.8047857901721356,-3.4381599848241295,5.402284209143193,windowmlp
41540,2026Q2,2,-0.008461393415927887,0.017309747636318207,0.04443664848804474,-0.040498025715351105,0.07647328078746796,1.7460429483952433,-3.9688939563073733,7.947334727404676,windowmlp
41540,2026Q2,4,-0.00870531052350998,0.0311320498585701,0.07506510615348816,-0.06837698072195053,0.1347367763519287,3.16217203949154,-6.609165823298313,14.423555485068906,windowmlp
41540,2026Q2,8,-0.010009333491325378,0.06142912060022354,0.14078375697135925,-0.15738501399755478,0.28815943747758865,6.33551238847172,-14.56249508679952,33.396997197683184,windowmlp
41620,2026Q2,1,-0.01079066377133131,0.006926448084414005,0.025861699134111404,-0.036183545365929604,0.0512545807287097,0.6950491405495862,-3.553674552469299,5.259082851634012,windowmlp
41620,2026Q2,2,-0.011487849056720734,0.01456337422132492,0.04141326993703842,-0.04352448135614395,0.07344990223646164,1.466993683098483,-4.259088486946361,7.621461937581708,windowmlp
41620,2026Q2,4,-0.013124413788318634,0.026928406208753586,0.06989625096321106,-0.07279608398675919,0.1295679211616516,2.7294252240396943,-7.020959015051909,13.833642596951169,windowmlp
41620,2026Q2,8,-0.015199840068817139,0.056499626487493515,0.13311246037483215,-0.16257552057504654,0.28048814088106155,5.812621957677577,-15.004810105462285,32.37758437541345,windowmlp
41660,2026Q2,1,-0.007647247053682804,0.00982055626809597,0.029001746326684952,-0.0330401286482811,0.054394627921283245,0.9868936173637932,-3.250026564651687,5.590120804632681,windowmlp
41660,2026Q2,2,-0.005430759862065315,0.0201700571924448,0.04740726202726364,-0.03746739216148853,0.07944389432668686,2.0374847355035586,-3.6774174079076016,8.268481306492115,windowmlp
41660,2026Q2,4,-0.00036053359508514404,0.039393581449985504,0.08417157828807831,-0.060032203793525696,0.14384324848651886,4.017979856886078,-5.826579431800127,15.470309288061568,windowmlp
41660,2026Q2,8,0.009531475603580475,0.0803515836596489,0.16100823879241943,-0.13784420490264893,0.30838391929864883,8.36680006676458,-12.876558477646704,36.12234885989278,windowmlp
41700,2026Q2,1,-0.015819475054740906,0.002324921078979969,0.020981237292289734,-0.0412123566493392,0.04637411888688803,0.2327625803675959,-4.037467450979316,4.7466214556046715,windowmlp
41700,2026Q2,2,-0.02234722673892975,0.004375346004962921,0.030702266842126846,-0.054383859038352966,0.06273889914155006,0.43849318065951604,-5.293150408343861,6.474879610953854,windowmlp
41700,2026Q2,4,-0.033674780279397964,0.006590709090232849,0.04707800969481468,-0.09334645047783852,0.10674967989325523,0.6612475606038393,-8.912212844941847,11.265569952335209,windowmlp
41700,2026Q2,8,-0.05165993422269821,0.02026212587952614,0.09104909002780914,-0.1990356147289276,0.23842477053403854,2.0468796252371746,-18.047929419461205,26.92482175790982,windowmlp
41740,2026Q2,1,-0.008620484732091427,0.008905760943889618,0.028227142989635468,-0.03401336632668972,0.05362002458423376,0.8945535218598755,-3.3441414786650525,5.508362014101964,windowmlp
41740,2026Q2,2,-0.0070093851536512375,0.018674982711672783,0.045948900282382965,-0.039046017453074455,0.07798553258180618,1.885045078708747,-3.8293547153471885,8.110701772960361,windowmlp
41740,2026Q2,4,-0.004405062645673752,0.03517981246113777,0.07981177419424057,-0.0640767328441143,0.13948344439268112,3.5805942871366847,-6.206697349929502,14.967977191365843,windowmlp
41740,2026Q2,8,0.002614811062812805,0.07303673774003983,0.1542048454284668,-0.1447608694434166,0.3015805259346962,7.577005754946642,-13.477082889241066,35.199398133382175,windowmlp
41780,2026Q2,1,-0.00305901188403368,0.014031359925866127,0.033639345318078995,-0.028451893478631973,0.05903222691267729,1.4130261489645912,-2.805094989075807,6.080942680206514,windowmlp
41780,2026Q2,2,0.005193945951759815,0.03002776950597763,0.057888031005859375,-0.026842686347663403,0.08992466330528259,3.048314956417597,-2.648562341891436,9.409185533621066,windowmlp
41780,2026Q2,4,0.01796131394803524,0.0575370118021965,0.10505649447441101,-0.04171035625040531,0.16472816467285156,5.922447373594308,-4.085244856354208,17.907256156848096,windowmlp
41780,2026Q2,8,0.03695445880293846,0.10770659893751144,0.19520089030265808,-0.11042122170329094,0.3425765708088875,11.372093054056421,-10.45431300220594,40.85722050461591,windowmlp
41884,2026Q2,1,-0.005471355281770229,0.01182604394853115,0.031105060130357742,-0.030864236876368523,0.056497941724956036,1.189624807902967,-3.0392798956978995,5.812443688686275,windowmlp
41884,2026Q2,2,-0.0017573609948158264,0.023603780195116997,0.05111968517303467,-0.033793993294239044,0.08315631747245789,2.388455417184243,-3.3229354639482622,8.6711667293069,windowmlp
41884,2026Q2,4,0.009132612496614456,0.048680417239665985,0.09478823840618134,-0.050539057701826096,0.1544599086046219,4.988477204681829,-4.928320486594906,16.70274893590957,windowmlp
41884,2026Q2,8,0.030383706092834473,0.10018050670623779,0.18361589312553406,-0.11699197441339493,0.33099157363176346,10.537042684369279,-11.040766736492913,39.234805982129764,windowmlp
41940,2026Q2,1,-0.009705713950097561,0.007912696339190006,0.027068905532360077,-0.035098595544695854,0.05246178712695837,0.7944084454457823,-3.448978344120046,5.386229020319133,windowmlp
41940,2026Q2,2,-0.009686047211289406,0.01617441698908806,0.04328794777393341,-0.041722679510712624,0.07532458007335663,1.6305930968798732,-4.086426831566248,7.8234067386285355,windowmlp
41940,2026Q2,4,-0.008742909878492355,0.030949043110013008,0.07487381994724274,-0.06841458007693291,0.1345454901456833,3.143294393233531,-6.612677192411609,14.401669930504134,windowmlp
41940,2026Q2,8,-0.005028106272220612,0.06548124551773071,0.14456093311309814,-0.15240378677845,0.29193661361932755,6.7672713476756075,-14.1358497352567,33.901813943574744,windowmlp
42020,2026Q2,1,-0.010143320076167583,0.00751432403922081,0.026640303432941437,-0.03553620167076588,0.05203318502753973,0.754262742128331,-3.4912204193054297,5.341069939640919,windowmlp
42020,2026Q2,2,-0.010225510224699974,0.01568935438990593,0.04271571710705757,-0.04226214252412319,0.07475234940648079,1.5813078514168577,-4.138154702883501,7.7617245285949155,windowmlp
42020,2026Q2,4,-0.010755885392427444,0.02904510870575905,0.07265379279851913,-0.070427555590868,0.1323254629969597,2.9471031533613967,-6.800474507422893,14.147976824384912,windowmlp
42020,2026Q2,8,-0.01006387174129486,0.060892604291439056,0.13927799463272095,-0.15743955224752426,0.28665367513895035,6.278476953461021,-14.567154571738017,33.19628417419469,windowmlp
42034,2026Q2,1,-0.009040229953825474,0.008558817207813263,0.027582604438066483,-0.03443311154842377,0.052975486032664776,0.8595548601455505,-3.3847037999161778,5.440379718229726,windowmlp
42034,2026Q2,2,-0.008858833461999893,0.016970520839095116,0.044066108763217926,-0.04089546576142311,0.07610274106264114,1.711533817657629,-4.007052980053349,7.907343361351438,windowmlp
42034,2026Q2,4,-0.005360033363103867,0.034486137330532074,0.07859837263822556,-0.06503170356154442,0.1382700428366661,3.508767919828859,-6.2962244527667295,14.82855947089532,windowmlp
42034,2026Q2,8,0.0027865618467330933,0.07344041764736176,0.15211287140846252,-0.1445891186594963,0.2994885519146919,7.620441197077565,-13.4622212341863,34.91686013907933,windowmlp
42100,2026Q2,1,-0.009993311949074268,0.007669228129088879,0.026606090366840363,-0.03538619354367256,0.051998971961438656,0.7698711983743722,-3.4767422321367536,5.337465960303844,windowmlp
42100,2026Q2,2,-0.01052156277000904,0.015473678708076477,0.04242389649152756,-0.04255819506943226,0.07446052879095078,1.5594015959930818,-4.16653064558945,7.730282023821089,windowmlp
42100,2026Q2,4,-0.009407486766576767,0.030567262321710587,0.07404817640781403,-0.06907915696501732,0.13371984660625458,3.1039237809418863,-6.674719630520897,14.307253913177043,windowmlp
42100,2026Q2,8,-0.005971573293209076,0.06507110595703125,0.14236265420913696,-0.15334725379943848,0.28973833471536636,6.723490844579838,-14.216821526203205,33.607783709417596,windowmlp
42140,2026Q2,1,-0.009418626315891743,0.008169456385076046,0.027371767908334732,-0.034811507910490036,0.052764649502933025,0.8202917451396896,-3.4212557605176497,5.418151377831748,windowmlp
42140,2026Q2,2,-0.008628487586975098,0.017174705862998962,0.044313110411167145,-0.040665119886398315,0.07634974271059036,1.7323039100202164,-3.9849388538247377,7.933999944962045,windowmlp
42140,2026Q2,4,-0.00748375803232193,0.03223163262009621,0.07631886005401611,-0.06715542823076248,0.13599053025245667,3.2756697741483265,-6.495014310317759,14.567104432793453,windowmlp
42140,2026Q2,8,-0.0043946802616119385,0.0664949119091034,0.1460350900888443,-0.15177036076784134,0.2934107705950737,6.875552613607594,-14.081443919890003,34.09935180179746,windowmlp
42200,2026Q2,1,-0.006820843555033207,0.010560240596532822,0.029935453087091446,-0.0322137251496315,0.05532833468168974,1.061619673389269,-3.170039001661751,5.688757055761373,windowmlp
42200,2026Q2,2,-0.0032996386289596558,0.02214171551167965,0.049572449177503586,-0.035336270928382874,0.0816090814769268,2.2388662536908077,-3.4719234183898107,8.503156797491162,windowmlp
42200,2026Q2,4,0.003097105771303177,0.04266536980867386,0.08817556500434875,-0.056574564427137375,0.1478472352027893,4.3588620155314395,-5.5003981218725855,15.933577713963354,windowmlp
42200,2026Q2,8,0.0148344486951828,0.08539243042469025,0.1680944561958313,-0.1325412318110466,0.3154701367020607,8.914439624232372,-12.413318021353659,37.09036716073448,windowmlp
42220,2026Q2,1,-0.009054486639797688,0.008530845865607262,0.0276590958237648,-0.03444736823439598,0.053051977418363094,0.8567337224774985,-3.3860812040355848,5.4484453074530315,windowmlp
42220,2026Q2,2,-0.008779279887676239,0.017034374177455902,0.04419225826859474,-0.04081591218709946,0.07622889056801796,1.7180286459977046,-3.9994160942413037,7.920956677981539,windowmlp
42220,2026Q2,4,-0.005864232778549194,0.0338362380862236,0.0780540257692337,-0.06553590297698975,0.13772569596767426,3.441519504492585,-6.343457933075458,14.766069913616974,windowmlp
42220,2026Q2,8,0.0025243163108825684,0.07278276234865189,0.15233585238456726,-0.14485136419534683,0.29971153289079666,7.5496873120586505,-13.484912404890903,34.94694738656339,windowmlp
42340,2026Q2,1,-0.014611718244850636,0.0034028892405331135,0.022387929260730743,-0.04000459983944893,0.04778081085532904,0.34086856410961985,-3.921498031467674,4.894071370719,windowmlp
42340,2026Q2,2,-0.018549881875514984,0.0078232167288661,0.034408342093229294,-0.0505865141749382,0.06644497439265251,0.7853898045534935,-4.932832146142885,6.870215647199274,windowmlp
42340,2026Q2,4,-0.029815834015607834,0.010262647643685341,0.05171438679099083,-0.08948750421404839,0.11138605698943138,1.0315489222148644,-8.560030880426906,11.782636824718896,windowmlp
42340,2026Q2,8,-0.05089121311903,0.02125146985054016,0.09501183032989502,-0.1982668936252594,0.24238751083612442,2.1478890486482216,-17.9849069130548,27.42878975206868,windowmlp
42540,2026Q2,1,-0.0028487248346209526,0.014229223132133484,0.033834222704172134,-0.028241606429219246,0.05922710429877043,1.433094040758931,-2.7846540101218675,6.10161747148954,windowmlp
42540,2026Q2,2,0.005383864976465702,0.03021397441625595,0.05806005746126175,-0.026652767322957516,0.09009668976068497,3.067504845228708,-2.6300716959905546,9.42800842696827,windowmlp
42540,2026Q2,4,0.018942367285490036,0.05847878381609917,0.10609537363052368,-0.040729302912950516,0.16576704382896423,6.022249158062132,-3.9911011932827756,18.02981119653948,windowmlp
42540,2026Q2,8,0.039779722690582275,0.1104307621717453,0.19808368384838104,-0.10759595781564713,0.34545936435461044,11.675902440572017,-10.200965087600755,41.2638686504595,windowmlp
42644,2026Q2,1,-0.010240891017019749,0.007433261256664991,0.026476595550775528,-0.03563377261161804,0.05186947714537382,0.7460956522640894,-3.500636412358493,5.323826187683567,windowmlp
42644,2026Q2,2,-0.010667495429515839,0.015328746289014816,0.04232196509838104,-0.042704127728939056,0.07435859739780426,1.5446834128380216,-4.180514858240613,7.719301485730612,windowmlp
42644,2026Q2,4,-0.010757509618997574,0.029104625806212425,0.07257239520549774,-0.07042917981743813,0.1322440654039383,2.9532304487787986,-6.800625884445588,14.138685831960496,windowmlp
42644,2026Q2,8,-0.008145712316036224,0.06270551681518555,0.14066986739635468,-0.15552139282226562,0.2880455479025841,6.471325291099106,-14.403123485459822,33.381805535467855,windowmlp
42680,2026Q2,1,-0.013650315813720226,0.004309904761612415,0.023295734077692032,-0.03904319740831852,0.048688615672290325,0.4319205758475775,-3.829083509440867,4.989337949166894,windowmlp
42680,2026Q2,2,-0.017485253512859344,0.008875494822859764,0.035522058606147766,-0.04952188581228256,0.06755869090557098,0.891499881302904,-4.831567047605079,6.989305074726171,windowmlp
42680,2026Q2,4,-0.025082621723413467,0.014866217970848083,0.056709401309490204,-0.08475429192185402,0.11638107150793076,1.4977269813770677,-8.126200198169498,12.342389541220712,windowmlp
42680,2026Q2,8,-0.03654415160417557,0.03494267538189888,0.1093432754278183,-0.18391983211040497,0.2567189559340477,3.5560343996866806,-16.79974989622053,29.26817751607662,windowmlp
42700,2026Q2,1,-0.012240489013493061,0.005601877346634865,0.02472723089158535,-0.037633370608091354,0.05012011248618364,0.5617597201396318,-3.6934035538244814,5.13973747447154,windowmlp
42700,2026Q2,2,-0.014216780662536621,0.011934597976505756,0.0387578085064888,-0.04625341296195984,0.07079444080591202,1.2006099454947794,-4.5200027158806115,7.336056405708891,windowmlp
42700,2026Q2,4,-0.01988048478960991,0.019991246983408928,0.06258860975503922,-0.07955215498805046,0.12226027995347977,2.0192410226581803,-7.647014797587859,13.004819239665943,windowmlp
42700,2026Q2,8,-0.02791494131088257,0.04350686073303223,0.11996351927518845,-0.17529062181711197,0.26733919978141785,4.446716009779128,-16.078690830828325,30.648353010728435,windowmlp
43100,2026Q2,1,-0.005698711611330509,0.011608563363552094,0.03108706697821617,-0.031091593205928802,0.056479948572814465,1.1676204219560171,-3.061322023328772,5.810539806416992,windowmlp
43100,2026Q2,2,-9.204261004924774e-05,0.02503283880650997,0.05260573700070381,-0.032128674909472466,0.08464236930012703,2.5348791202132848,-3.1618032400024587,8.832777766687517,windowmlp
43100,2026Q2,4,0.006652653217315674,0.0463564470410347,0.09244359284639359,-0.05301901698112488,0.15211526304483414,4.744770405812426,-5.163802267101081,16.429442881920142,windowmlp
43100,2026Q2,8,0.0145927295088768,0.08589104562997818,0.1703111231327057,-0.1327829509973526,0.3176868036389351,8.968759561152284,-12.43448684429438,37.3945878984405,windowmlp
43300,2026Q2,1,-0.02183683216571808,-0.003200450912117958,0.01502940896898508,-0.04722971376031637,0.040422290563583374,-0.31953349283710963,-4.613174424248889,4.125039157740917,windowmlp
43300,2026Q2,2,-0.03374578058719635,-0.006246462464332581,0.019347388297319412,-0.06578241288661957,0.05138402059674263,-0.6226993875368847,-6.366542353410532,5.272708455256736,windowmlp
43300,2026Q2,4,-0.05841970071196556,-0.017457768321037292,0.019984446465969086,-0.11809137091040611,0.07965611666440964,-1.730626440487859,-11.138514464319416,8.291460734984458,windowmlp
43300,2026Q2,8,-0.10338962823152542,-0.02928389608860016,0.03397544473409653,-0.2507653087377548,0.18135112524032593,-2.8859277725142185,-22.179501196019856,19.883604699535162,windowmlp
43340,2026Q2,1,-0.0042726704850792885,0.012929956428706646,0.032300710678100586,-0.029665552079677582,0.05769359227269888,1.301390976276684,-2.922984868016698,5.939034058782422,windowmlp
43340,2026Q2,2,0.000764843076467514,0.025942301377654076,0.05360165238380432,-0.031271789222955704,0.08563828468322754,2.6281731723036827,-3.0787884132618126,8.941219994929384,windowmlp
43340,2026Q2,4,0.014050059020519257,0.053537044674158096,0.1003672182559967,-0.045621611177921295,0.16003888845443726,5.499607302947385,-4.459659222700485,17.355650790321707,windowmlp
43340,2026Q2,8,0.03917616605758667,0.10885955393314362,0.19399547576904297,-0.10819951444864273,0.34137115627527237,11.500574117326433,-10.255147538025266,40.687531457223834,windowmlp
43420,2026Q2,1,-0.009093320928514004,0.008472975343465805,0.027696017175912857,-0.0344862025231123,0.05308889877051115,0.850897259516703,-3.3898330640012353,5.452338678509516,windowmlp
43420,2026Q2,2,-0.007850095629692078,0.017908815294504166,0.04502732306718826,-0.039886727929115295,0.07706395536661148,1.8070139731350965,-3.910172407425283,8.011115308844108,windowmlp
43420,2026Q2,4,-0.00636691227555275,0.033368803560733795,0.07753561437129974,-0.0660385824739933,0.1372072845697403,3.393178665875718,-6.390525325635032,14.706589293925386,windowmlp
43420,2026Q2,8,-0.0032949671149253845,0.06771537661552429,0.14747734367847443,-0.15067064762115479,0.2948530241847038,7.00607008333356,-13.986906181555113,34.292896610098644,windowmlp
43580,2026Q2,1,-0.008228099904954433,0.009279103949666023,0.02844470739364624,-0.03362098149955273,0.053837588988244534,0.9322288302070048,-3.30620774450322,5.531319375263455,windowmlp
43580,2026Q2,2,-0.006111815571784973,0.019525140523910522,0.046704262495040894,-0.03814844787120819,0.07874089479446411,1.9717002758096847,-3.7429961188443217,8.192395362104365,windowmlp
43580,2026Q2,4,-0.002906758338212967,0.036942943930625916,0.08145540952682495,-0.06257842853665352,0.1411270797252655,3.763381584218939,-6.066061108924792,15.157098001039394,windowmlp
43580,2026Q2,8,0.001944705843925476,0.0732731968164444,0.15321436524391174,-0.14543097466230392,0.30059004575014114,7.602446322077805,-13.53504292572001,35.065552105428985,windowmlp
43620,2026Q2,1,-0.010836482979357243,0.006881665904074907,0.02588041126728058,-0.036229364573955536,0.05127329286187887,0.6905398976673416,-3.5580935454801677,5.261052492037632,windowmlp
43620,2026Q2,2,-0.011621031910181046,0.014384697191417217,0.041253335773944855,-0.04365766420960426,0.07328996807336807,1.4488654816283475,-4.2718386856618,7.6042509654837165,windowmlp
43620,2026Q2,4,-0.013567548245191574,0.026402104645967484,0.0694814994931221,-0.07323921844363213,0.12915316969156265,2.6753727921875248,-7.062152104166675,13.786439715747335,windowmlp
43620,2026Q2,8,-0.016841180622577667,0.054746113717556,0.13150887191295624,-0.16421686112880707,0.27888455241918564,5.627240755507823,-15.144201731652895,32.1654753217667,windowmlp
43640,2026Q2,1,-0.006161960773169994,0.01119083072990179,0.030303433537483215,-0.03155484236776829,0.05569631513208151,1.1253682311109126,-3.1062183847475056,5.7276556086986785,windowmlp
43640,2026Q2,2,-0.00289875827729702,0.022554198279976845,0.049830202013254166,-0.03493539057672024,0.08186683431267738,2.2810467230310216,-3.4332194517929127,8.531127398439597,windowmlp
43640,2026Q2,4,0.006360139697790146,0.04612644016742706,0.0915815681219101,-0.053311530500650406,0.15125323832035065,4.720681159096984,-5.191539080184171,16.329121069651677,windowmlp
43640,2026Q2,8,0.022484809160232544,0.09331730753183365,0.17457278072834015,-0.12489087134599686,0.32194846123456955,9.781002339688282,-11.740678646121683,37.98136602320814,windowmlp
43780,2026Q2,1,-0.003803734667599201,0.013349221087992191,0.032919809222221375,-0.029196616262197495,0.05831269081681967,1.3438719742177696,-2.8774513032419513,6.004641067039929,windowmlp
43780,2026Q2,2,0.0031972546130418777,0.02817297726869583,0.05596477538347244,-0.02883937768638134,0.08800140768289566,2.8573588884325263,-2.842749184167137,9.198965920228108,windowmlp
43780,2026Q2,4,0.015170734375715256,0.054655469954013824,0.1018218845129013,-0.044500935822725296,0.16149355471134186,5.617666738792182,-4.352529499756319,17.526488321254185,windowmlp
43780,2026Q2,8,0.035498376935720444,0.10592077672481537,0.19271180033683777,-0.11187730357050896,0.34008748084306717,11.1733797825039,-10.584603973150909,40.507050193939854,windowmlp
43900,2026Q2,1,-0.008127490989863873,0.00935570988804102,0.028634216636419296,-0.033520372584462166,0.05402709823101759,0.9399611344752534,-3.296478997577279,5.551320430819695,windowmlp
43900,2026Q2,2,-0.005752742290496826,0.019841475412249565,0.04706987738609314,-0.037789374589920044,0.07910650968551636,2.0039625848081055,-3.7084265944889006,8.231959345097305,windowmlp
43900,2026Q2,4,-0.002446439117193222,0.03726460412144661,0.08199124038219452,-0.062118109315633774,0.14166291058063507,3.796763501868705,-6.022811557810992,15.218819261964423,windowmlp
43900,2026Q2,8,0.0022659003734588623,0.07335837185382843,0.15424513816833496,-0.14510978013277054,0.30162081867456436,7.61161175479339,-13.507266393915174,35.2048457973114,windowmlp
44060,2026Q2,1,-0.012838694266974926,0.005056129768490791,0.023866645991802216,-0.03823157586157322,0.04925952758640051,0.5068933562728528,-3.750997437564141,5.049294726447329,windowmlp
44060,2026Q2,2,-0.015774715691804886,0.010572442784905434,0.03719290345907211,-0.047811347991228104,0.06922953575849533,1.0628528538334958,-4.668638535705227,7.168217029865209,windowmlp
44060,2026Q2,4,-0.021519210189580917,0.018659371882677078,0.06058839336037636,-0.08119088038802147,0.12026006355881691,1.8834545811073244,-7.7982320445902475,12.779011055448585,windowmlp
44060,2026Q2,8,-0.0297880619764328,0.04203345999121666,0.1162288635969162,-0.1771637424826622,0.2636045441031456,4.292937457466595,-16.235738438835256,30.161336383068395,windowmlp
44100,2026Q2,1,-0.00169356819242239,0.015275701880455017,0.034970466047525406,-0.027086449787020683,0.0603633476421237,1.5392971780200826,-2.672290171055236,6.222243245198933,windowmlp
44100,2026Q2,2,0.006971932947635651,0.03168836981058121,0.0597393624484539,-0.025064699351787567,0.09177599474787712,3.2195791809784158,-2.475318784948499,9.611925810726474,windowmlp
44100,2026Q2,4,0.024187589064240456,0.06342753767967224,0.11186403036117554,-0.035484081134200096,0.1715357005596161,6.548227568612419,-3.4861901988426203,18.712652305699095,windowmlp
44100,2026Q2,8,0.053829386830329895,0.12344015389680862,0.21290874481201172,-0.0935462936758995,0.3602844253182411,13.13822936944864,-8.930414300852064,43.373714771728864,windowmlp
44140,2026Q2,1,-0.003952575847506523,0.013201477006077766,0.03281020745635033,-0.029345457442104816,0.05820308905094862,1.3289001229237485,-2.891906062227201,5.993023407858056,windowmlp
44140,2026Q2,2,0.0027146637439727783,0.02774173580110073,0.055566295981407166,-0.02932196855545044,0.08760292828083038,2.813012092808398,-2.8896250744266494,9.155461050055047,windowmlp
44140,2026Q2,4,0.014669395983219147,0.05403834208846092,0.10125313699245453,-0.045002274215221405,0.16092480719089508,5.552507241491722,-4.400469230845272,17.459664427197996,windowmlp
44140,2026Q2,8,0.03694389760494232,0.10682060569524765,0.1940162032842636,-0.11043178290128708,0.341391883790493,11.273461831983855,-10.455258706942129,40.690447590395465,windowmlp
44180,2026Q2,1,-0.008542547933757305,0.008990616537630558,0.02823396399617195,-0.0339354295283556,0.053626845590770245,0.9031153523586744,-3.336608136953212,5.509081689783368,windowmlp
44180,2026Q2,2,-0.006581088528037071,0.01906956173479557,0.046260278671979904,-0.03861772082746029,0.07829691097140312,1.9252547126840769,-3.7881563305538157,8.144370350738361,windowmlp
44180,2026Q2,4,-0.0043201930820941925,0.03543619066476822,0.07990202307701111,-0.06399186328053474,0.13957369327545166,3.6071534982869524,-6.198736815468131,14.97835339107494,windowmlp
44180,2026Q2,8,-0.0004574581980705261,0.07075726985931396,0.15117469429969788,-0.14783313870429993,0.2985503748059273,7.3320666970392745,-13.742496667779347,34.79034358605715,windowmlp
44220,2026Q2,1,-0.0062048593536019325,0.011131076142191887,0.03060753643512726,-0.031597740948200226,0.05600041802972555,1.119325706961316,-3.1103749012765136,5.759812584397306,windowmlp
44220,2026Q2,2,-0.001241922378540039,0.02400374412536621,0.05155390501022339,-0.03327855467796326,0.0835905373096466,2.429415296916271,-3.2730915269367666,8.718364151918223,windowmlp
44220,2026Q2,4,0.005022868514060974,0.044657107442617416,0.09053047001361847,-0.05464880168437958,0.15020214021205902,4.566924622723434,-5.3182389680100695,16.20691198867452,windowmlp
44220,2026Q2,8,0.014000773429870605,0.08497747033834457,0.16913536190986633,-0.1333749070763588,0.31651104241609573,8.86925385475541,-12.486306443141737,37.23313960068455,windowmlp
44300,2026Q2,1,-0.0068139573559165,0.0105834836140275,0.029791519045829773,-0.03220683895051479,0.055184400640428066,1.0639686776822588,-3.1693722089740195,5.673545940567304,windowmlp
44300,2026Q2,2,-0.0037024077028036118,0.02178065851330757,0.04907618463039398,-0.03573904000222683,0.0811128169298172,2.2019588587618433,-3.5107941139120302,8.449323886310545,windowmlp
44300,2026Q2,4,0.003027603030204773,0.04279478266835213,0.08802627772092819,-0.05664406716823578,0.14769794791936874,4.372368268220184,-5.506965874994762,15.916271596912935,windowmlp
44300,2026Q2,8,0.014888279139995575,0.08573117107152939,0.16701598465442657,-0.13248740136623383,0.314391665160656,8.951339621372423,-12.408603064400092,36.942598797460626,windowmlp
44420,2026Q2,1,-0.0037322165444493294,0.013419797644019127,0.03279077634215355,-0.029125098139047623,0.05818365793675184,1.3510247280815513,-2.8705050324544623,5.990963865325827,windowmlp
44420,2026Q2,2,0.00299246609210968,0.02803119458258152,0.05563615635037422,-0.029044166207313538,0.08767278864979744,2.8427765295901297,-2.8626438366917917,9.16308695721002,windowmlp
44420,2026Q2,4,0.015696976333856583,0.05543237924575806,0.10229942202568054,-0.04397469386458397,0.1619710922241211,5.6997539684907395,-4.302182541409916,17.582625030798326,windowmlp
44420,2026Q2,8,0.034908685833215714,0.10599938780069351,0.1908256709575653,-0.11246699467301369,0.3382013514637947,11.182119585015737,-10.637315893212273,40.24228548731137,windowmlp
44700,2026Q2,1,-0.014225435443222523,0.0037780809216201305,0.02255251631140709,-0.039618317037820816,0.04794539790600538,0.3785226865829827,-3.8843773894798206,4.911336997369631,windowmlp
44700,2026Q2,2,-0.018908675760030746,0.0076454682275652885,0.03419255092740059,-0.050945308059453964,0.0662291832268238,0.7674769446018859,-4.966935546175543,6.847156486843442,windowmlp
44700,2026Q2,4,-0.026971641927957535,0.013163717463612556,0.05451331287622452,-0.08664331212639809,0.11418498307466507,1.3250740622521961,-8.299587844320321,12.095946423469561,windowmlp
44700,2026Q2,8,-0.03787054121494293,0.033525776118040085,0.10654722154140472,-0.18524622172117233,0.2539229020476341,3.4094098314293886,-16.910032688428057,28.907241559282838,windowmlp
44940,2026Q2,1,-0.0064983731135725975,0.010894539766013622,0.030130963772535324,-0.03189125470817089,0.05552384536713362,1.0954101366596802,-3.138809166313228,5.709422357174843,windowmlp
44940,2026Q2,2,-0.003105025738477707,0.022341948002576828,0.049633558839559555,-0.035141658037900925,0.08167019113898277,2.259339846218089,-3.4531359823142704,8.509787591335783,windowmlp
44940,2026Q2,4,0.0041895657777786255,0.044015463441610336,0.08941406011581421,-0.055482104420661926,0.14908573031425476,4.499851403701016,-5.397104674485909,16.07724983346108,windowmlp
44940,2026Q2,8,0.01694490760564804,0.08786343038082123,0.16937965154647827,-0.13043077290058136,0.31675533205270767,9.183899980923837,-12.228274733488353,37.26666832968248,windowmlp
45060,2026Q2,1,-0.0027577271685004234,0.014300547540187836,0.03406672179698944,-0.028150608763098717,0.059459603391587734,1.4403289541583986,-2.775807238013983,6.126288869225771,windowmlp
45060,2026Q2,2,0.006100073456764221,0.03077613189816475,0.05877747759222984,-0.025936558842658997,0.09081410989165306,3.1254613030210265,-2.5603095484744043,9.506542450681899,windowmlp
45060,2026Q2,4,0.018786342814564705,0.058196038007736206,0.10608850419521332,-0.04088532738387585,0.16576017439365387,5.992276049104617,-4.006079762381177,18.029000401171636,windowmlp
45060,2026Q2,8,0.03654475510120392,0.1071532666683197,0.1963571310043335,-0.11083092540502548,0.3437328115105629,11.310484327702298,-10.49099268722885,41.02017954787258,windowmlp
45104,2026Q2,1,-0.00861417781561613,0.008923392742872238,0.028067249804735184,-0.034007059410214424,0.05346013139933348,0.8963324900291836,-3.3435318763161526,5.491493294698491,windowmlp
45104,2026Q2,2,-0.007179345935583115,0.018592972308397293,0.045745715498924255,-0.03921597823500633,0.07778234779834747,1.8766897876891786,-3.8456985644726216,8.088737554904068,windowmlp
45104,2026Q2,4,-0.004107262939214706,0.0356726199388504,0.07999110221862793,-0.06377893313765526,0.13966277241706848,3.6316521583643624,-6.178761572505776,14.988596020295075,windowmlp
45104,2026Q2,8,0.003543868660926819,0.07431833446025848,0.15428438782691956,-0.14383181184530258,0.30166006833314896,7.714964477533348,-13.396660763079327,35.21015264549323,windowmlp
45220,2026Q2,1,-0.0074599264189600945,0.009974326938390732,0.029373355209827423,-0.03285280801355839,0.054766236804425716,1.0024236336862336,-3.231901600681486,5.629366323035767,windowmlp
45220,2026Q2,2,-0.00492863729596138,0.020580094307661057,0.04797422140836716,-0.0369652695953846,0.08001085370779037,2.0793324703643368,-3.629039520764743,8.329882542005173,windowmlp
45220,2026Q2,4,0.00047168880701065063,0.03994328901171684,0.08523635566234589,-0.0591999813914299,0.14490802586078644,4.0751750458430935,-5.74817358049361,15.593324941310893,windowmlp
45220,2026Q2,8,0.011425741016864777,0.08165501803159714,0.16402660310268402,-0.13594993948936462,0.3114022836089134,8.508141173166939,-12.711367146968,36.53383639676304,windowmlp
45294,2026Q2,1,-0.01440995093435049,0.003598378971219063,0.022534344345331192,-0.039802832528948784,0.047927225939929485,0.3604860909320662,-3.902110574716866,4.909430569434559,windowmlp
45294,2026Q2,2,-0.018904291093349457,0.007548087276518345,0.03411561995744705,-0.050940923392772675,0.06615225225687027,0.7576645896384182,-4.966518856950697,6.838936947630736,windowmlp
45294,2026Q2,4,-0.028205301612615585,0.011785564944148064,0.05323085933923721,-0.08787697181105614,0.11290252953767776,1.1855288355378413,-8.412645194377255,11.952280722480445,windowmlp
45294,2026Q2,8,-0.04314727336168289,0.028550006449222565,0.10210319608449936,-0.1905229538679123,0.24947887659072876,2.896146425722601,-17.347321447534657,28.33564553058634,windowmlp
45460,2026Q2,1,-0.006772342137992382,0.010639768093824387,0.029765602201223373,-0.032165223732590675,0.05515848379582167,1.0696571706709124,-3.1653424974486866,5.670807251187404,windowmlp
45460,2026Q2,2,-0.002867935225367546,0.022566959261894226,0.04974471777677536,-0.034904567524790764,0.08178135007619858,2.282351937946636,-3.4302429230287923,8.521850094417038,windowmlp
45460,2026Q2,4,0.00276096910238266,0.04287517070770264,0.08781906962394714,-0.05691070109605789,0.1474907398223877,4.380758895516146,-5.532157565206441,15.892255295138224,windowmlp
45460,2026Q2,8,0.007929801940917969,0.08014025539159775,0.16041135787963867,-0.13944587856531143,0.3077870383858681,8.343901518232766,-13.015990107541231,36.04112427117021,windowmlp
45500,2026Q2,1,-0.005319838412106037,0.011958164162933826,0.03124614804983139,-0.03071272000670433,0.056639029644429684,1.2029948860372564,-3.024587597869932,5.82737359941099,windowmlp
45500,2026Q2,2,-0.0005949512124061584,0.02473069541156292,0.05216437205672264,-0.032631583511829376,0.08420100435614586,2.5039035635010087,-3.210491758226286,8.784753392742385,windowmlp
45500,2026Q2,4,0.009642943739891052,0.049316391348838806,0.09532934427261353,-0.0500287264585495,0.15500101447105408,5.055268394427981,-4.8797900559442,16.765914566092842,windowmlp
45500,2026Q2,8,0.02786799892783165,0.09855417907238007,0.18162767589092255,-0.11950768157839775,0.32900335639715195,10.357419340082142,-11.264280851096276,38.95825195705947,windowmlp
45780,2026Q2,1,-0.0051497844979166985,0.012097623199224472,0.03162818029522896,-0.030542666092514992,0.05702106188982725,1.217109542359096,-3.0080951471476713,5.867810792235684,windowmlp
45780,2026Q2,2,0.0004757959395647049,0.025628916919231415,0.053330354392528534,-0.03156083635985851,0.08536698669195175,2.5960161368559165,-3.1067991635674974,8.911668469593614,windowmlp
45780,2026Q2,4,0.009615659713745117,0.04908478632569313,0.09561000764369965,-0.050056010484695435,0.1552816778421402,5.030939883971275,-4.8823852828350445,16.79869108067131,windowmlp
45780,2026Q2,8,0.025600075721740723,0.0958528220653534,0.1815090924501419,-0.12177560478448868,0.3288847729563713,10.059706846977257,-11.465298615176422,38.94177478639664,windowmlp
45820,2026Q2,1,-0.006851310841739178,0.010548777878284454,0.029887180775403976,-0.03224419243633747,0.05528006237000227,1.0604612391566404,-3.172989102904189,5.68365533827575,windowmlp
45820,2026Q2,2,-0.0030307769775390625,0.022373134270310402,0.04977668076753616,-0.03506740927696228,0.08181331306695938,2.2625289830971784,-3.4459672311562994,8.525318832744277,windowmlp
45820,2026Q2,4,0.0024643614888191223,0.04219834879040718,0.08759816735982895,-0.05720730870962143,0.1472698375582695,4.310135612540611,-5.560173291465276,15.866657260985706,windowmlp
45820,2026Q2,8,0.011051282286643982,0.08208570629358292,0.16458609700202942,-0.13632439821958542,0.3119617775082588,8.55488442106167,-12.744047018575378,36.61024761909435,windowmlp
45900,2026Q2,1,-0.010334222577512264,0.007344250567257404,0.026478972285985947,-0.03572710417211056,0.05187185388058424,0.7371285719238729,-3.509642428269366,5.324076514827247,windowmlp
45900,2026Q2,2,-0.00960797443985939,0.016220588237047195,0.04320424050092697,-0.04164460673928261,0.07524087280035019,1.6352856165228857,-4.0789383007698525,7.814381513027979,windowmlp
45900,2026Q2,4,-0.01220429316163063,0.027796050533652306,0.07126802951097488,-0.07187596336007118,0.13093969970941544,2.8185965057196283,-6.93536771046821,13.989904299601118,windowmlp
45900,2026Q2,8,-0.018905222415924072,0.05309417098760605,0.13136082887649536,-0.16628090292215347,0.27873650938272476,5.452894647597795,-15.319167015740575,32.14591059173153,windowmlp
45940,2026Q2,1,-0.006832693703472614,0.010549924336373806,0.030115749686956406,-0.03222557529807091,0.0555086312815547,1.0605771008063591,-3.1711864442742654,5.7078140972107505,windowmlp
45940,2026Q2,2,-0.0021737217903137207,0.0230681374669075,0.05063074827194214,-0.03421035408973694,0.08266738057136536,2.333626471261452,-3.3631796248181023,8.618046373117583,windowmlp
45940,2026Q2,4,0.0018827654421329498,0.04145805537700653,0.08717654645442963,-0.0577889047563076,0.14684821665287018,4.23294408191186,-5.615083152101952,15.817815753069663,windowmlp
45940,2026Q2,8,0.005941256880760193,0.07690870016813278,0.16119176149368286,-0.1414344236254692,0.30856744199991226,7.99434732339106,-13.188789863732808,36.14733269353807,windowmlp
46060,2026Q2,1,-0.012847096659243107,0.005031762644648552,0.024006400257349014,-0.0382399782538414,0.04939928185194731,0.5044443221935202,-3.751806156041493,5.063976839398099,windowmlp
46060,2026Q2,2,-0.015743114054203033,0.01053158100694418,0.037266746163368225,-0.04777974635362625,0.06930337846279144,1.058723330350464,-4.6656258609656724,7.176130913012968,windowmlp
46060,2026Q2,4,-0.021745916455984116,0.01818256266415119,0.060381993651390076,-0.08141758665442467,0.12005366384983063,1.8348871903577368,-7.819132393949591,12.755735902461996,windowmlp
46060,2026Q2,8,-0.03024034947156906,0.04110743850469589,0.11640611290931702,-0.17761602997779846,0.2637817934155464,4.196404659109532,-16.27361540059493,30.18440943522438,windowmlp
46140,2026Q2,1,-0.007104924879968166,0.010306061245501041,0.029670797288417816,-0.03249780647456646,0.05506367888301611,1.0359351608611123,-3.197542678450116,5.660789614387962,windowmlp
46140,2026Q2,2,-0.003972725942730904,0.021484527736902237,0.04889052361249924,-0.03600935824215412,0.08092715591192245,2.1716981941130475,-3.5368733812095154,8.429190943456977,windowmlp
46140,2026Q2,4,0.0016781874001026154,0.04123636707663536,0.08658880740404129,-0.057993482798337936,0.14626047760248184,4.209839418807038,-5.634390258615529,15.749765099992953,windowmlp
46140,2026Q2,8,0.012675352394580841,0.08314111828804016,0.16573920845985413,-0.13470032811164856,0.3131148889660835,8.669515028755193,-12.602222097964798,36.76786531880305,windowmlp
46220,2026Q2,1,-0.009097828529775143,0.008484718389809132,0.027553502470254898,-0.034490710124373436,0.05294638406485319,0.8520815632306444,-3.3902685431300705,5.4373112403427015,windowmlp
46220,2026Q2,2,-0.008210461586713791,0.017593391239643097,0.04465480521321297,-0.04024709388613701,0.07669143751263618,1.774906655950681,-3.9447936715685694,7.970886733360283,windowmlp
46220,2026Q2,4,-0.006489690393209457,0.03342766687273979,0.077360138297081,-0.06616136059165001,0.13703180849552155,3.3992649099373162,-6.402017815202832,14.686462797859967,windowmlp
46220,2026Q2,8,-0.0029497817158699036,0.06831704080104828,0.14688578248023987,-0.1503254622220993,0.29426146298646927,7.070471175308879,-13.957210592494373,34.21347763617331,windowmlp
46300,2026Q2,1,-0.013776551000773907,0.004215065855532885,0.022786974906921387,-0.0391694325953722,0.04817985650151968,0.4223961740137838,-3.84122289684814,4.935937245852728,windowmlp
46300,2026Q2,2,-0.017335809767246246,0.009151769801974297,0.03547370061278343,-0.049372442066669464,0.06751033291220665,0.9193775290963879,-4.817343657748685,6.984131411716299,windowmlp
46300,2026Q2,4,-0.025558587163686752,0.015087565407156944,0.05606256425380707,-0.0852302573621273,0.11573423445224762,1.5201957296437474,-8.169918546704913,12.269745817600452,windowmlp
46300,2026Q2,8,-0.042037419974803925,0.031425848603248596,0.10252982378005981,-0.18941310048103333,0.24990550428628922,3.1924854089319554,-17.255538168738525,28.39040875222021,windowmlp
46340,2026Q2,1,-0.011764992959797382,0.0060285949148237705,0.025015641003847122,-0.037157874554395676,0.050408522598445415,0.6046803465415973,-3.647599258251588,5.170065211162478,windowmlp
46340,2026Q2,2,-0.013770774006843567,0.012360917404294014,0.03914941847324371,-0.045807406306266785,0.07118605077266693,1.2437629294426822,-4.477408503661351,7.378098506705122,windowmlp
46340,2026Q2,4,-0.017116546630859375,0.022814776748418808,0.06550265848636627,-0.07678821682929993,0.12517432868480682,2.3077024343381325,-7.391403773906546,13.334601056580953,windowmlp
46340,2026Q2,8,-0.022468872368335724,0.04896516352891922,0.12481699883937836,-0.16984455287456512,0.27219267934560776,5.018376540640679,-15.620402793943999,31.283993408225207,windowmlp
46520,2026Q2,1,-0.002419990487396717,0.014645589515566826,0.03413243219256401,-0.02781287208199501,0.059525313787162304,1.4753361647750651,-2.742965516212681,6.133262698772279,windowmlp
46520,2026Q2,2,0.0047504715621471405,0.029652152210474014,0.05749636888504028,-0.027286160737276077,0.0895330011844635,3.0096154955958854,-2.691725639668807,9.366342490524104,windowmlp
46520,2026Q2,4,0.021681854501366615,0.061106037348508835,0.10890088975429535,-0.037989815697073936,0.1685725599527359,6.301162714557451,-3.7277254498653156,18.361410671274214,windowmlp
46520,2026Q2,8,0.052073217928409576,0.12192243337631226,0.20917251706123352,-0.09530246257781982,0.3565481975674629,12.966647396758702,-9.090207522156103,42.8390373801018,windowmlp
46540,2026Q2,1,-0.008053881116211414,0.009427124634385109,0.028710801154375076,-0.03344676271080971,0.05410368274897337,0.9471699936020261,-3.28936040161828,5.559404337361573,windowmlp
46540,2026Q2,2,-0.005072485655546188,0.02042609639465809,0.0477227084338665,-0.037109117954969406,0.07975934073328972,2.063613676564957,-3.6429013283182488,8.30263959714037,windowmlp
46540,2026Q2,4,-0.0026982277631759644,0.03712767735123634,0.08186690509319305,-0.062369897961616516,0.1415385752916336,3.7825519192793644,-6.0464709681316675,15.204494387335243,windowmlp
46540,2026Q2,8,-0.0016914233565330505,0.06981823593378067,0.15105175971984863,-0.14906710386276245,0.29842744022607803,7.231325552192169,-13.848869777693961,34.773774210296146,windowmlp
46660,2026Q2,1,-0.0018515316769480705,0.015146094374358654,0.034852057695388794,-0.027244413271546364,0.06024493928998709,1.5261377757391337,-2.687663181021649,6.2096663890331305,windowmlp
46660,2026Q2,2,0.00690739881247282,0.03164375573396683,0.05962879955768585,-0.025129233486950397,0.09166543185710907,3.214974237488155,-2.481612252833798,9.599807469277977,windowmlp
46660,2026Q2,4,0.02338274009525776,0.06268728524446487,0.11098596453666687,-0.03628893010318279,0.17065763473510742,6.469384169297254,-3.5638379875907455,18.608460533084358,windowmlp
46660,2026Q2,8,0.051592275500297546,0.12154717743396759,0.21089914441108704,-0.09578340500593185,0.35827482491731644,12.924263943854953,-9.133919386201972,43.08588021013489,windowmlp
46700,2026Q2,1,-0.012543688528239727,0.005328081082552671,0.024211164563894272,-0.03793657012283802,0.049604046158492565,0.5342300549504353,-3.722599240851132,5.085492394492186,windowmlp
46700,2026Q2,2,-0.01578066125512123,0.010544348508119583,0.037284910678863525,-0.04781729355454445,0.06932154297828674,1.060013605956156,-4.669205332665882,7.178077733185129,windowmlp
46700,2026Q2,4,-0.020016729831695557,0.019949255511164665,0.062218695878982544,-0.07968840003013611,0.1218903660774231,2.014957174473575,-7.659596576821503,12.963024919593957,windowmlp
46700,2026Q2,8,-0.023853063583374023,0.04707196727395058,0.12216208130121231,-0.17122874408960342,0.2695377618074417,4.819744227774492,-15.737119493374474,30.935907505788272,windowmlp
47020,2026Q2,1,-0.011220059357583523,0.006539307534694672,0.025569375604391098,-0.036612940952181816,0.05096225719898939,0.6560735488740921,-3.595079288785019,5.228317641916136,windowmlp
47020,2026Q2,2,-0.012948203831911087,0.013141326606273651,0.04003702104091644,-0.044984836131334305,0.07207365334033966,1.3228053323735223,-4.398802143672786,7.473449893459239,windowmlp
47020,2026Q2,4,-0.014854952692985535,0.02498597279191017,0.06806230545043945,-0.07452662289142609,0.12773397564888,2.530073831674695,-7.181723717887567,13.625069213477282,windowmlp
47020,2026Q2,8,-0.016295485198497772,0.054635874927043915,0.13136443495750427,-0.16367116570472717,0.2787401154637337,5.615597178040543,-15.097883674204605,32.14638712144933,windowmlp
47220,2026Q2,1,-0.005151895806193352,0.012110601179301739,0.03167317807674408,-0.030544777400791645,0.05706605967134237,1.218423144514147,-3.0082999267429744,5.872574716037393,windowmlp
47220,2026Q2,2,0.0014121178537607193,0.026473795995116234,0.05413130298256874,-0.0306245144456625,0.08616793528199196,2.682733992051367,-3.0160334499555796,8.99893606065496,windowmlp
47220,2026Q2,4,0.008875060826539993,0.048550788313150406,0.09496161341667175,-0.05079660937190056,0.1546332836151123,4.974868543142441,-4.952803203512723,16.72298403030976,windowmlp
47220,2026Q2,8,0.018180854618549347,0.08941690623760223,0.17485424876213074,-0.12919482588768005,0.32222992926836014,9.35364634779754,-12.119726465692215,38.02020883325068,windowmlp
47260,2026Q2,1,-0.004373795352876186,0.01280984003096819,0.03238125145435333,-0.02976667694747448,0.057774133048951626,1.2892237488631109,-2.9328012719883945,5.947566814433758,windowmlp
47260,2026Q2,2,0.001701580360531807,0.02678525820374489,0.05454447492957115,-0.03033505193889141,0.08658110722899437,2.7147207642453264,-2.9879561644167163,9.043980668231644,windowmlp
47260,2026Q2,4,0.013065442442893982,0.05243406817317009,0.09940893948078156,-0.04660622775554657,0.1590806096792221,5.383307864792863,-4.553683529520036,17.243245227552116,windowmlp
47260,2026Q2,8,0.03351912647485733,0.1034887284040451,0.1898796111345291,-0.11385655403137207,0.3372552916407585,10.903329271944084,-10.761404413052256,40.10967063620352,windowmlp
47300,2026Q2,1,-0.010766937397420406,0.006934897042810917,0.026049531996250153,-0.0361598189920187,0.051442413590848446,0.6958999124246024,-3.5513862037424015,5.278855823380946,windowmlp
47300,2026Q2,2,-0.011038485914468765,0.014994865283370018,0.041989363729953766,-0.04307511821389198,0.07402599602937698,1.5107852311166736,-4.216056382310029,7.68347985614215,windowmlp
47300,2026Q2,4,-0.013030622154474258,0.026829741895198822,0.07015235722064972,-0.07270229235291481,0.12982402741909027,2.719289995818963,-7.0122379499095615,13.862799838643936,windowmlp
47300,2026Q2,8,-0.014370888471603394,0.056641265749931335,0.13457268476486206,-0.1617465689778328,0.28194836527109146,5.8276102408479025,-14.934323996293596,32.57102655293216,windowmlp
47380,2026Q2,1,-0.013017534278333187,0.0048887524753808975,0.02368849702179432,-0.03841041587293148,0.04908137861639261,0.49007219230370325,-3.7682090711653737,5.0305819696704335,windowmlp
47380,2026Q2,2,-0.01622658222913742,0.010114670731127262,0.03668462485074997,-0.04826321452856064,0.06872125715017319,1.0165996916321696,-4.711705856835858,7.113759558613175,windowmlp
47380,2026Q2,4,-0.022182602435350418,0.017987148836255074,0.059796541929244995,-0.08185427263379097,0.11946821212768555,1.8149891894740922,-7.8593776984793084,12.6897421826496,windowmlp
47380,2026Q2,8,-0.03279963135719299,0.03933429345488548,0.1128258928656578,-0.1801753118634224,0.2602015733718872,4.0118130222174475,-16.487620853100026,29.719153958653123,windowmlp
47460,2026Q2,1,-0.013469996862113476,0.004492605105042458,0.02308698184788227,-0.03886287845671177,0.048479863442480564,0.45027119850962194,-3.8117405070152155,4.96742347819068,windowmlp
47460,2026Q2,2,-0.016998164355754852,0.009461917914450169,0.03583810478448868,-0.04903479665517807,0.0678747370839119,0.9506823378620188,-4.785200244348509,7.023123979604717,windowmlp
47460,2026Q2,4,-0.024090271443128586,0.016477711498737335,0.05768899619579315,-0.08376194164156914,0.1173606663942337,1.6614217726262703,-8.03498395543879,12.452493491358908,windowmlp
47460,2026Q2,8,-0.03747575730085373,0.035466235131025314,0.10706429928541183,-0.18485143780708313,0.25443997979164124,3.610266366676229,-16.87722363009313,28.973913860830613,windowmlp
47580,2026Q2,1,-0.00962012354284525,0.007994625717401505,0.027209095656871796,-0.03501300513744354,0.05260197725147009,0.8026668069535114,-3.440714149193036,5.401004164527756,windowmlp
47580,2026Q2,2,-0.008763711899518967,0.01699019782245159,0.04408350586891174,-0.040800344198942184,0.07612013816833496,1.7135352135063675,-3.997921546654448,7.909220653138727,windowmlp
47580,2026Q2,4,-0.009086336940526962,0.03068065457046032,0.07462826371192932,-0.06875800713896751,0.13429993391036987,3.1156156295842896,-6.644743419794397,14.373581335928343,windowmlp
47580,2026Q2,8,-0.010477110743522644,0.060818858444690704,0.1400565207004547,-0.15785279124975204,0.2874322012066841,6.270639646174936,-14.602451462012112,33.300021329349704,windowmlp
47664,2026Q2,1,-0.00436158012598753,0.012826506048440933,0.03239094093441963,-0.029754461720585823,0.057783822529017925,1.2909118509028428,-2.9316155668906663,5.948593396243984,windowmlp
47664,2026Q2,2,0.0017009284347295761,0.026777634397149086,0.05454539880156517,-0.03033570386469364,0.08658203110098839,2.713937690064694,-2.988019409050602,9.044081410958027,windowmlp
47664,2026Q2,4,0.012921787798404694,0.05229998752474785,0.09922666847705841,-0.04674988240003586,0.15889833867549896,5.369178949769693,-4.56739385138113,17.221877131016083,windowmlp
47664,2026Q2,8,0.03376590460538864,0.10365395247936249,0.19021841883659363,-0.11360977590084076,0.33759409934282303,10.92165468583075,-10.73937956174803,40.15714891429778,windowmlp
47764,2026Q2,1,-0.00817305501550436,0.00933108851313591,0.028544407337903976,-0.033565936610102654,0.05393728893250227,0.9374758844445275,-3.300885098907136,5.541841366434852,windowmlp
47764,2026Q2,2,-0.006741244345903397,0.018939882516860962,0.046225208789110184,-0.038777876645326614,0.0782618410885334,1.912037982351289,-3.8035639832195822,8.140577806839566,windowmlp
47764,2026Q2,4,-0.0023397691547870636,0.037281304597854614,0.08198349177837372,-0.062011439353227615,0.14165516197681427,3.7984969717436368,-6.012786479974997,15.21792648044018,windowmlp
47764,2026Q2,8,0.008543692529201508,0.0786551758646965,0.15959522128105164,-0.1388319879770279,0.30697090178728104,8.18312162323811,-12.962575048713642,35.93014142548097,windowmlp
47930,2026Q2,1,-0.003361789509654045,0.013746241107583046,0.03329264372587204,-0.02875467110425234,0.05868552532047033,1.3841155084701517,-2.83451897695004,6.044170623310152,windowmlp
47930,2026Q2,2,0.004237951710820198,0.029140150174498558,0.056921206414699554,-0.02779868058860302,0.08895783871412277,2.9568878622167727,-2.741585283856718,9.303457161179418,windowmlp
47930,2026Q2,4,0.017031284049153328,0.056545354425907135,0.10392540693283081,-0.042640386149287224,0.16359707713127136,5.817460661368967,-4.174406978235357,17.773968122774832,windowmlp
47930,2026Q2,8,0.03745457902550697,0.10809650272130966,0.19508811831474304,-0.10992110148072243,0.34246379882097244,11.415525921317137,-10.409518192833211,40.8413366514911,windowmlp
47940,2026Q2,1,-0.0074412627145648,0.009991554543375969,0.02926989644765854,-0.032834144309163094,0.05466277804225683,1.0041636785315111,-3.2300955326441616,5.618438604841147,windowmlp
47940,2026Q2,2,-0.004770597442984581,0.02072671242058277,0.04806967079639435,-0.0368072297424078,0.08010630309581757,2.0943002467062044,-3.613807864766727,8.340223056488894,windowmlp
47940,2026Q2,4,0.00045931339263916016,0.04010128229856491,0.08521278947591782,-0.05921235680580139,0.14488445967435837,4.091619523852241,-5.7493399786834765,15.590600879563477,windowmlp
47940,2026Q2,8,0.009536735713481903,0.08021430671215057,0.16176536679267883,-0.1378389447927475,0.30914104729890823,8.351924824278555,-12.876100197564,36.22544992710293,windowmlp
48060,2026Q2,1,-0.0037002284079790115,0.013467749580740929,0.032655276358127594,-0.029093110002577305,0.05804815795272589,1.3558848225305509,-2.8673979912201775,5.976603064381303,windowmlp
48060,2026Q2,2,0.002710290253162384,0.027825994417071342,0.05525032430887222,-0.029326342046260834,0.08728695660829544,2.821675339882579,-2.8900497848302398,9.120976464823682,windowmlp
48060,2026Q2,4,0.01622132398188114,0.05619640275835991,0.10271260887384415,-0.04345034621655941,0.1623842790722847,5.780541923817717,-4.251990458003963,17.63121866346724,windowmlp
48060,2026Q2,8,0.03614960238337517,0.1076849177479744,0.19061172008514404,-0.11122607812285423,0.33798740059137344,11.369678400774141,-10.52635542743705,40.21228373754573,windowmlp
48140,2026Q2,1,-0.004150358960032463,0.013036182150244713,0.03254053369164467,-0.029543240554630756,0.05793341528624296,1.3121523611837604,-2.9111105040779295,5.964443723971802,windowmlp
48140,2026Q2,2,0.002720877528190613,0.027691779658198357,0.05540408566594124,-0.029315754771232605,0.08744071796536446,2.8078760795728464,-2.8890216496367693,9.13775634426508,windowmlp
48140,2026Q2,4,0.013388492166996002,0.05301745608448982,0.09984289109706879,-0.04628317803144455,0.15951456129550934,5.444805149298082,-4.522844642338897,17.294134164186925,windowmlp
48140,2026Q2,8,0.028408046811819077,0.09943190962076187,0.18528515100479126,-0.11896763369441032,0.33266083151102066,10.454325940998,-11.216346371443676,39.46741887051755,windowmlp
48260,2026Q2,1,-0.0015991032123565674,0.015385255217552185,0.034899625927209854,-0.02699198480695486,0.06029250752180815,1.550421756228637,-2.6630956766143687,6.214718715229717,windowmlp
48260,2026Q2,2,0.007054565474390984,0.03182560205459595,0.059700485318899155,-0.024982066825032234,0.09173711761832237,3.233745207451255,-2.4672597411536934,9.607664496520375,windowmlp
48260,2026Q2,4,0.02460087463259697,0.06413762271404266,0.11229968070983887,-0.03507079556584358,0.17197135090827942,6.623912738720739,-3.4462941904503164,18.764380781012836,windowmlp
48260,2026Q2,8,0.053680792450904846,0.12400214374065399,0.21189260482788086,-0.09369488805532455,0.35926828533411026,13.201829775022,-8.943945724051904,43.22810100199212,windowmlp
48300,2026Q2,1,-0.011168687604367733,0.006581202615052462,0.02548401802778244,-0.036561569198966026,0.050876899622380733,0.660290631500815,-3.5901266717782376,5.219335991063057,windowmlp
48300,2026Q2,2,-0.012428093701601028,0.01368542667478323,0.040468424558639526,-0.044464726001024246,0.07250505685806274,1.3779500784660614,-4.349066059198437,7.519824320131274,windowmlp
48300,2026Q2,4,-0.014682304114103317,0.025419579818844795,0.06821247935295105,-0.07435397431254387,0.1278841495513916,2.574541232152172,-7.1656973909716815,13.642134014856055,windowmlp
48300,2026Q2,8,-0.017933927476406097,0.05372466892004013,0.12958434224128723,-0.1653096079826355,0.27696002274751663,5.5194034442684226,-15.236876993717285,31.911363544199546,windowmlp
48424,2026Q2,1,-0.01084544975310564,0.00685704592615366,0.02616550773382187,-0.036238331347703934,0.05155838932842016,0.6880609293143714,-3.558958314358107,5.291066324383009,windowmlp
48424,2026Q2,2,-0.011263325810432434,0.014644648879766464,0.04169695824384689,-0.04329995810985565,0.07373359054327011,1.4752407134859258,-4.237590013327619,7.6519972189413865,windowmlp
48424,2026Q2,4,-0.013849388808012009,0.025748834013938904,0.06930544972419739,-0.07352105900645256,0.12897711992263794,2.608319890740085,-7.088342068654418,13.766409402546365,windowmlp
48424,2026Q2,8,-0.01750969886779785,0.053416237235069275,0.1323482096195221,-0.16488537937402725,0.2797238901257515,5.48686293538696,-15.200910423498426,32.27645335621969,windowmlp
48540,2026Q2,1,-0.0030700284987688065,0.01402225997298956,0.033564310520887375,-0.0284629100933671,0.05895719211548567,1.4121032994045102,-2.806165742000488,6.072983216808714,windowmlp
48540,2026Q2,2,0.0038323812186717987,0.028803488239645958,0.056623391807079315,-0.02820425108075142,0.08866002410650253,2.922232031119565,-2.781022429166924,9.270909841747565,windowmlp
48540,2026Q2,4,0.018562590703368187,0.05794583261013031,0.10548186302185059,-0.041109079495072365,0.16515353322029114,5.965759526959413,-4.027556201907434,17.957420863619955,windowmlp
48540,2026Q2,8,0.04513094201683998,0.11485663056373596,0.20192080736160278,-0.10224473848938942,0.3492964878678322,12.171260673902239,-9.719142737733065,41.806956844318876,windowmlp
48620,2026Q2,1,-0.005287814885377884,0.011974412947893143,0.03149989992380142,-0.030680696479976177,0.056892781518399715,1.2046393250984222,-3.0214820534339215,5.854230901180402,windowmlp
48620,2026Q2,2,-0.00013425573706626892,0.025062045082449913,0.05271077901124954,-0.03217088803648949,0.08474741131067276,2.5378738259182354,-3.165890996823284,8.844210380919293,windowmlp
48620,2026Q2,4,0.009206727147102356,0.048632435500621796,0.09507030248641968,-0.050464943051338196,0.15474197268486023,4.983439795818745,-4.921274021176547,16.735671232329818,windowmlp
48620,2026Q2,8,0.026112239807844162,0.09629376232624054,0.18148739635944366,-0.12126344069838524,0.32886307686567307,10.108247303761896,-11.419942706911023,38.93876032575021,windowmlp
48660,2026Q2,1,-0.012669061310589314,0.005208376795053482,0.02407437190413475,-0.03806194290518761,0.049467253498733044,0.522196396827046,-3.734669049833117,5.071118453632617,windowmlp
48660,2026Q2,2,-0.015118878334760666,0.011153117753565311,0.037783339619636536,-0.047155510634183884,0.06981997191905975,1.1215545644046143,-4.6060961609879385,7.231511704356364,windowmlp
48660,2026Q2,4,-0.02117229998111725,0.019024671986699104,0.06104010343551636,-0.0808439701795578,0.12071177363395691,1.9206794163680652,-7.766240761317578,12.829965978566316,windowmlp
48660,2026Q2,8,-0.03211100399494171,0.04004630446434021,0.11431154608726501,-0.1794866845011711,0.2616872265934944,4.0858969493586805,-16.430092138082507,29.912014864375912,windowmlp
48680,2026Q2,1,-0.011099961586296558,0.00664614699780941,0.02566087432205677,-0.03649284318089485,0.051053755916655064,0.6668281642297158,-3.5835005773917072,5.237946338542465,windowmlp
48680,2026Q2,2,-0.012751903384923935,0.013336725533008575,0.04019725322723389,-0.04478853568434715,0.0722338855266571,1.3426056342050963,-4.380033743738698,7.490671979036101,windowmlp
48680,2026Q2,4,-0.014279082417488098,0.02558301016688347,0.06863167136907578,-0.07395075261592865,0.12830334156751633,2.5913063950565363,-7.128257038095553,13.689781876234264,windowmlp
48680,2026Q2,8,-0.015645138919353485,0.05542325600981712,0.1320192813873291,-0.16302081942558289,0.2793949618935585,5.698789649095248,-15.042649940180707,32.232951051216844,windowmlp
48700,2026Q2,1,-0.006813636980950832,0.010582005605101585,0.029770605266094208,-0.032206518575549126,0.0551634868606925,1.0638193043448485,-3.1693411868599974,5.671335930413557,windowmlp
48700,2026Q2,2,-0.003479626029729843,0.02200848050415516,0.04931358993053436,-0.03551625832915306,0.08135022222995758,2.2252453649859394,-3.4892956925529406,8.475073387010834,windowmlp
48700,2026Q2,4,0.003143899142742157,0.042956870049238205,0.08813884109258652,-0.056527771055698395,0.14781051129102707,4.389287083155824,-5.4959760634403665,15.929320257660805,windowmlp
48700,2026Q2,8,0.014342404901981354,0.08530984073877335,0.1666039675474167,-0.13303327560424805,0.3139796480536461,8.905444786317517,-12.456403903648594,36.88618772603893,windowmlp
48864,2026Q2,1,-0.004147469997406006,0.01301699597388506,0.03262796625494957,-0.0295403515920043,0.05802084784954786,1.3102085870080327,-2.910830017499577,5.9737088719376885,windowmlp
48864,2026Q2,2,0.0023410581052303314,0.027361959218978882,0.055171556770801544,-0.029695574194192886,0.08720818907022476,2.7739735319129766,-2.9258992815331397,9.112381612657794,windowmlp
48864,2026Q2,4,0.01378987729549408,0.05315457284450531,0.10027003288269043,-0.04588179290294647,0.15994170308113098,5.459264390620122,-4.484513839874616,17.344246091783976,windowmlp
48864,2026Q2,8,0.03389640897512436,0.10388518869876862,0.19082048535346985,-0.11347927153110504,0.33819616585969925,10.947306755640085,-10.727729900586203,40.241558248226994,windowmlp
48900,2026Q2,1,-0.00997286569327116,0.007665309123694897,0.026867974549531937,-0.03536574728786945,0.05226085614413023,0.7694762814794531,-3.4747686727416016,5.365055788995843,windowmlp
48900,2026Q2,2,-0.00927809439599514,0.016547493636608124,0.04358501359820366,-0.04131472669541836,0.07562164589762688,1.6685161715048302,-4.04729063704965,7.855442145903724,windowmlp
48900,2026Q2,4,-0.010283797979354858,0.02955402433872223,0.07332712411880493,-0.06995546817779541,0.13299879431724548,2.9995078771849704,-6.756465797371813,14.224862114060022,windowmlp
48900,2026Q2,8,-0.012759827077388763,0.05874417722225189,0.13755257427692413,-0.16013550758361816,0.28492825478315353,6.050390497992009,-14.79716751562179,32.96666274787228,windowmlp
49020,2026Q2,1,-0.006806832738220692,0.010603375732898712,0.02974793314933777,-0.032199714332818985,0.05514081474393606,1.0659790741562425,-3.1686823253121887,5.66894016470616,windowmlp
49020,2026Q2,2,-0.0035068225115537643,0.02198011428117752,0.04919188469648361,-0.03554345481097698,0.08122851699590683,2.2223456620089843,-3.4919204084767674,8.461872206158283,windowmlp
49020,2026Q2,4,0.0029346048831939697,0.04288654029369354,0.08788073807954788,-0.05673706531524658,0.14755240827798843,4.3819456682767655,-5.515753143467639,15.899402411911922,windowmlp
49020,2026Q2,8,0.012558884918689728,0.08409150689840317,0.16460266709327698,-0.13481679558753967,0.3119783475995064,8.772842390928815,-12.612400503817423,36.61251128211727,windowmlp
49180,2026Q2,1,-0.008470459841191769,0.009043121710419655,0.028369039297103882,-0.03386334143579006,0.053761920891702175,0.9084134269521593,-3.329639606241863,5.52333432331138,windowmlp
49180,2026Q2,2,-0.006199389696121216,0.019403021782636642,0.046676360070705414,-0.038236021995544434,0.07871299237012863,1.9592483804468097,-3.751425372572792,8.189376574095064,windowmlp
49180,2026Q2,4,-0.004127983003854752,0.0355517603456974,0.08021390438079834,-0.0637996532022953,0.1398855745792389,3.6191280358921496,-6.180705534491027,15.01421858238845,windowmlp
49180,2026Q2,8,-0.0010118111968040466,0.070036381483078,0.15121786296367645,-0.14838749170303345,0.29859354346990585,7.2547201402265005,-13.79030052208563,34.79616243070194,windowmlp
49340,2026Q2,1,-0.006446589715778828,0.010905656032264233,0.030366934835910797,-0.03183947131037712,0.05575981643050909,1.0965339464017454,-3.1337932348676434,5.734369665282935,windowmlp
49340,2026Q2,2,-0.0022099558264017105,0.023134198039770126,0.05068468302488327,-0.03424658812582493,0.08272131532430649,2.3403869125460997,-3.3666811034182675,8.62390481859916,windowmlp
49340,2026Q2,4,0.004297219216823578,0.04382486641407013,0.08964008092880249,-0.055374450981616974,0.14931175112724304,4.479935940619395,-5.386919799251921,16.1034886729881,windowmlp
49340,2026Q2,8,0.01680915802717209,0.08720123022794724,0.1711922287940979,-0.1305665224790573,0.3185679093003273,9.111622319445534,-12.240188899505577,37.51570039630079,windowmlp
49420,2026Q2,1,-0.011849735863506794,0.005957339890301228,0.02486136555671692,-0.03724261745810509,0.05025424715131521,0.5975120129693368,-3.655764094508962,5.153841303834761,windowmlp
49420,2026Q2,2,-0.01366325095295906,0.01253017783164978,0.039290741086006165,-0.04569988325238228,0.07132737338542938,1.2609009423760087,-4.4671370707106695,7.393274532472116,windowmlp
49420,2026Q2,4,-0.0175606831908226,0.02254667691886425,0.06504906713962555,-0.07723235338926315,0.1247207373380661,2.280277433236688,-7.432525504749432,13.283205119512731,windowmlp
49420,2026Q2,8,-0.02336844801902771,0.04824953153729439,0.1236429363489151,-0.1707441285252571,0.2710186168551445,4.943248915751863,-15.696274493722406,31.129948242986494,windowmlp
49620,2026Q2,1,-0.003631865605711937,0.013495029881596565,0.03310803323984146,-0.02902474720031023,0.058500914834439754,1.358649879277607,-2.86075750737691,6.0245955643668525,windowmlp
49620,2026Q2,2,0.0034187287092208862,0.02838166430592537,0.05622221902012825,-0.02861790359020233,0.08825885131955147,2.8788261258053893,-2.8212289868603024,9.227082118146491,windowmlp
49620,2026Q2,4,0.016011804342269897,0.05539803206920624,0.10274886339902878,-0.043659865856170654,0.16242053359746933,5.696123542727483,-4.272049445007453,17.635483404754382,windowmlp
49620,2026Q2,8,0.037630196660757065,0.10772661864757538,0.19498109817504883,-0.10974548384547234,0.34235677868127823,11.374322713387075,-10.393783142641599,40.826264598488926,windowmlp
49660,2026Q2,1,-0.0019402271136641502,0.015060423873364925,0.03482185676693916,-0.027333108708262444,0.060214738361537457,1.5174403532135283,-2.6962939584727286,6.206458806934068,windowmlp
49660,2026Q2,2,0.007358580827713013,0.03202660754323006,0.06007601320743561,-0.024678051471710205,0.09211264550685883,3.254497842477111,-2.4376037829585417,9.648832960805587,windowmlp
49660,2026Q2,4,0.022583872079849243,0.06192972511053085,0.11023245751857758,-0.03708779811859131,0.16990412771701813,6.388757751901797,-3.640846988841684,18.519121888542745,windowmlp
49660,2026Q2,8,0.04719739034771919,0.11739963293075562,0.20720794796943665,-0.10017829015851021,0.35458362847566605,12.45687546092804,-9.532389119037699,42.55869568764052,windowmlp
49700,2026Q2,1,-0.012312817387282848,0.005536037031561136,0.02441895566880703,-0.03770569898188114,0.04981183726340532,0.5551389201554624,-3.7003690014278723,5.107330493869977,windowmlp
49700,2026Q2,2,-0.014927584677934647,0.01138341799378395,0.03811546415090561,-0.046964216977357864,0.07015209645032883,1.1448455645705957,-4.587846166785248,7.267131834750584,windowmlp
49700,2026Q2,4,-0.019184492528438568,0.02086150087416172,0.06316500157117844,-0.07885616272687912,0.12283667176961899,2.1080623070182547,-7.582715461266243,13.069973067922835,windowmlp
49700,2026Q2,8,-0.023860029876232147,0.047373246401548386,0.12247538566589355,-0.17123571038246155,0.26985106617212296,4.851328986545833,-15.73770649123255,30.976936724084304,windowmlp
49740,2026Q2,1,-0.010750769637525082,0.006947317160665989,0.02617178112268448,-0.036143651232123375,0.05156466271728277,0.6971505751357077,-3.549826833106573,5.291726858257717,windowmlp
49740,2026Q2,2,-0.010940451174974442,0.015090028755366802,0.04213715344667435,-0.04297708347439766,0.07417378574609756,1.5204458095441797,-4.206665768054041,7.699395543184062,windowmlp
49740,2026Q2,4,-0.01299496740102768,0.026712611317634583,0.07019809633493423,-0.07266663759946823,0.1298697665333748,2.7072591306596117,-7.008922435073539,13.868007941364603,windowmlp
49740,2026Q2,8,-0.013606324791908264,0.057082273066043854,0.13581223785877228,-0.16098200529813766,0.2831879183650017,5.874291283794975,-14.869261000800249,32.73545726830582,windowmlp
