cbsa_code,origin,horizon,q10,q50,q90,lo,hi,q50_pct,lo_pct,hi_pct,model
10180,2026Q2,1,-0.0017797769978642464,0.016198577359318733,0.035156019032001495,-0.027413216419517994,0.06078945845365524,1.633048559298178,-2.704088423457851,6.267515336249563,seqgru
10180,2026Q2,2,0.006617166101932526,0.03259997069835663,0.06106727942824364,-0.027275266125798225,0.09495971165597439,3.313717142601136,-2.69066549805117,9.961455258428087,seqgru
10180,2026Q2,4,0.02398562990128994,0.06525952368974686,0.11426693201065063,-0.02810497209429741,0.16635753400623798,6.743601337279492,-2.77137014848321,18.099527221964927,seqgru
10180,2026Q2,8,0.05663207173347473,0.1323479413986206,0.2303033471107483,-0.049482494592666626,0.33641791343688965,14.150542717295234,-4.827818173126264,39.99239496076159,seqgru
10420,2026Q2,1,-0.004511618055403233,0.01347692497074604,0.03215610608458519,-0.03014505747705698,0.05778954550623894,1.3568148065695729,-2.9695226622805104,5.949199739365629,seqgru
10420,2026Q2,2,0.001157280057668686,0.02707848511636257,0.054669205099344254,-0.032735152170062065,0.088561637327075,2.7448439009367664,-3.2205155986390843,9.260159557694703,seqgru
10420,2026Q2,4,0.014340564608573914,0.054706551134586334,0.10112788528203964,-0.037750037387013435,0.153218487277627,5.623061951694264,-3.704638678825134,16.557961544134248,seqgru
10420,2026Q2,8,0.04596718028187752,0.1159294992685318,0.20521460473537445,-0.06014738604426384,0.3113291710615158,12.291670289361111,-5.8374259136677935,36.523854425086256,seqgru
10500,2026Q2,1,-0.006392172537744045,0.01171308383345604,0.030263859778642654,-0.03202561195939779,0.0558972992002964,1.1781950618051207,-3.1518222954404984,5.748907318601759,seqgru
10500,2026Q2,2,-0.0025674067437648773,0.023474108427762985,0.050680577754974365,-0.03645983897149563,0.08457300998270512,2.375179385995474,-3.5803183745424683,8.82522946128419,seqgru
10500,2026Q2,4,0.007277540862560272,0.04754204303026199,0.09287962317466736,-0.04481306113302708,0.1449702251702547,4.869029031206806,-4.382378837556544,15.600514989907088,seqgru
10500,2026Q2,8,0.03379944711923599,0.10244366526603699,0.18902945518493652,-0.07231511920690536,0.2951440215110779,10.787488831469695,-6.976228615062352,34.331981170438695,seqgru
10540,2026Q2,1,-0.00907191727310419,0.009190106764435768,0.02751699462532997,-0.03470535669475794,0.05315043404698372,0.9232465456470607,-3.4110032652549527,5.458827916981268,seqgru
10540,2026Q2,2,-0.00839221477508545,0.01794617809355259,0.04456724599003792,-0.0422846470028162,0.07845967821776867,1.8108178392009844,-4.140311999463952,8.161974144731943,seqgru
10540,2026Q2,4,-0.004306841641664505,0.03631414473056793,0.08013596385717392,-0.056397443637251854,0.13222656585276127,3.6981557620050065,-5.483658795346457,14.136688473662984,seqgru
10540,2026Q2,8,0.014793582260608673,0.08379987627267838,0.16809004545211792,-0.09132098406553268,0.2742046117782593,8.741125523870164,-8.727530620805501,31.548393821145957,seqgru
10580,2026Q2,1,-0.00257046427577734,0.015421289019286633,0.03434912860393524,-0.028203903697431087,0.05998256802558899,1.5540810699213425,-2.780988656909833,6.181803679918274,seqgru
10580,2026Q2,2,0.005128776654601097,0.031090743839740753,0.05933571234345436,-0.028763655573129654,0.09322814457118511,3.157910908876582,-2.835391953268618,9.771214376865057,seqgru
10580,2026Q2,4,0.021672312170267105,0.06253881007432938,0.11078988015651703,-0.030418289825320244,0.16288048215210438,6.453577282862599,-2.996030905836866,17.689602120278614,seqgru
10580,2026Q2,8,0.05581507831811905,0.1288120001554489,0.22309815883636475,-0.05029948800802231,0.3292127251625061,13.747625870320789,-4.905541464971808,38.987348520556985,seqgru
10740,2026Q2,1,-0.007570515386760235,0.010625101625919342,0.029111504554748535,-0.03320395480841398,0.05474494397640228,1.0681748466581098,-3.2658754430266668,5.627117199049625,seqgru
10740,2026Q2,2,-0.005568418651819229,0.020802145823836327,0.04787283018231392,-0.03946085087954998,0.08176526241004467,2.102001857702307,-3.8692412399531473,8.520104245165673,seqgru
10740,2026Q2,4,-2.1554529666900635e-05,0.04110286012291908,0.08622322976589203,-0.05211215652525425,0.13831383176147938,4.195927609281291,-5.077760061351744,14.833587800144166,seqgru
10740,2026Q2,8,0.018262051045894623,0.08937333524227142,0.1763840615749359,-0.08785251528024673,0.28249862790107727,9.348881804381804,-8.41040525802228,32.643995508866716,seqgru
10780,2026Q2,1,-0.006844247691333294,0.01129304151982069,0.02982073277235031,-0.03247768711298704,0.05545417219400406,1.1357048631273292,-3.195595055217082,5.702057502858904,seqgru
10780,2026Q2,2,-0.003741314634680748,0.02242010273039341,0.04958196356892586,-0.0376337468624115,0.08347439579665661,2.2673322094068915,-3.6934397895906357,8.705738169830335,seqgru
10780,2026Q2,4,0.004729513078927994,0.045249342918395996,0.09049226343631744,-0.047361088916659355,0.1425828654319048,4.628871206749796,-4.62570506024681,15.324864144475136,seqgru
10780,2026Q2,8,0.0288936085999012,0.09827990084886551,0.18511821329593658,-0.07722095772624016,0.29123277962207794,10.32715485378839,-7.43147063099271,33.80760245314205,seqgru
10900,2026Q2,1,-0.0026205340400338173,0.015306096524000168,0.034150756895542145,-0.028253973461687565,0.05978419631719589,1.542383475666842,-2.785856268027942,6.160742303181732,seqgru
10900,2026Q2,2,0.005386273376643658,0.031106432899832726,0.05917481705546379,-0.028506158851087093,0.09306724928319454,3.1595293722358475,-2.8103691636931494,9.753554126478448,seqgru
10900,2026Q2,4,0.023720702156424522,0.06378868222236633,0.1115315705537796,-0.028369899839162827,0.16362217254936695,6.586713828665647,-2.7971252983486017,17.77692374683182,seqgru
10900,2026Q2,8,0.061457302421331406,0.13224896788597107,0.22558969259262085,-0.04465726390480995,0.3317042589187622,14.139245396188649,-4.36748071669788,39.33407194828655,seqgru
11020,2026Q2,1,-0.003279878757894039,0.014628082513809204,0.033395424485206604,-0.028913318179547787,0.05902886390686035,1.4735596514372284,-2.849932773624808,6.08058592997911,seqgru
11020,2026Q2,2,0.004076968878507614,0.029759924858808517,0.057567235082387924,-0.029815463349223137,0.09145966731011868,3.0207177129086826,-2.9375367158285814,9.577258034560487,seqgru
11020,2026Q2,4,0.02107737585902214,0.06083003431558609,0.10777351260185242,-0.03101322613656521,0.15986411459743977,6.271827319760215,-3.053724925550505,17.335141882855275,seqgru
11020,2026Q2,8,0.05782761424779892,0.126570463180542,0.2166411578655243,-0.04828695207834244,0.32275572419166565,13.492941909520152,-4.71396774061581,38.09279824026728,seqgru
11100,2026Q2,1,-0.005877370946109295,0.01223989948630333,0.030806172639131546,-0.03151081036776304,0.056439612060785294,1.2315113613880158,-3.101951863823871,5.806271864382806,seqgru
11100,2026Q2,2,-0.0017162095755338669,0.024423500522971153,0.05183382332324982,-0.03560864180326462,0.08572625555098057,2.4724197243504165,-3.498211274873242,8.95080407013995,seqgru
11100,2026Q2,4,0.009095955640077591,0.04986748844385147,0.09586355835199356,-0.04299464635550976,0.1479541603475809,5.113180003650042,-4.208348160220609,15.945974591303758,seqgru
11100,2026Q2,8,0.03549499437212944,0.10706203430891037,0.19765663146972656,-0.07061957195401192,0.3037711977958679,11.300329672813692,-6.8183686233182055,35.495900301421244,seqgru
11180,2026Q2,1,-0.005334002897143364,0.012672237120568752,0.031259533017873764,-0.03096744231879711,0.05689297243952751,1.2752870157726637,-3.049286253350292,5.854251110991471,seqgru
11180,2026Q2,2,-0.0001507233828306198,0.02564381994307041,0.05296636000275612,-0.03404315561056137,0.08685879223048687,2.5975451391235582,-3.3470207445865485,9.074264750689398,seqgru
11180,2026Q2,4,0.013120876625180244,0.05286816135048866,0.09863065183162689,-0.038969725370407104,0.15072125382721424,5.429063970228332,-3.8220173766400856,16.267252239230757,seqgru
11180,2026Q2,8,0.04404544085264206,0.1121995598077774,0.20036187767982483,-0.0620691254734993,0.3064764440059662,11.873609312988709,-6.018208081301035,35.86294632327751,seqgru
11200,2026Q2,1,-0.006244120188057423,0.011846688576042652,0.030399635434150696,-0.03187755960971117,0.05603307485580444,1.191713851578835,-3.137482633684363,5.7632664205983675,seqgru
11200,2026Q2,2,-0.0021672192960977554,0.023831840604543686,0.051055558025836945,-0.036059651523828506,0.0849479902535677,2.4118088331408494,-3.541724706412186,8.866044427229491,seqgru
11200,2026Q2,4,0.008714281022548676,0.04884937033057213,0.09427718073129654,-0.04337632097303867,0.1463677827268839,5.006216830955235,-4.24490242593758,15.762186309354288,seqgru
11200,2026Q2,8,0.036279261112213135,0.1047186553478241,0.19188089668750763,-0.06983530521392822,0.297995463013649,11.039816182028982,-6.745260704735479,34.7155675838775,seqgru
11244,2026Q2,1,-0.004233630374073982,0.013775934465229511,0.032559797167778015,-0.02986706979572773,0.05819323658943176,1.3871259879670195,-2.9425456354002733,5.99197912081828,seqgru
11244,2026Q2,2,0.0020091235637664795,0.02790357545018196,0.055679671466350555,-0.03188330866396427,0.0895721036940813,2.8296526611220285,-3.138039499951062,9.370619072595222,seqgru
11244,2026Q2,4,0.015917107462882996,0.0562121644616127,0.10309867560863495,-0.03617349453270435,0.1551892776042223,5.782209218469103,-3.552705181665561,16.78789935241376,seqgru
11244,2026Q2,8,0.046760525554418564,0.11610428988933563,0.20538131892681122,-0.059354040771722794,0.3114958852529526,12.31129953557617,-5.762692840020501,36.546616786440175,seqgru
11260,2026Q2,1,-0.001865200698375702,0.016002247110009193,0.034934140741825104,-0.02749864012002945,0.06056758016347885,1.6130968761599807,-2.712399445285174,6.243939497225615,seqgru
11260,2026Q2,2,0.007042688317596912,0.03271176293492317,0.06099701300263405,-0.02684974391013384,0.0948894452303648,3.325267459714354,-2.649249403319809,9.95372893146611,seqgru
11260,2026Q2,4,0.02604268118739128,0.06613583862781525,0.11429046094417572,-0.026047920808196068,0.16638106293976307,6.837183347342557,-2.5711600197482976,18.102306010581117,seqgru
11260,2026Q2,8,0.06462346762418747,0.1343754231929779,0.2263699471950531,-0.04149109870195389,0.33248451352119446,14.382215641427365,-4.064212516615728,39.44283042333252,seqgru
11460,2026Q2,1,-0.005851159803569317,0.012220349162817001,0.030773736536502838,-0.031484599225223064,0.056407175958156586,1.2295322719398705,-3.099412021986403,5.802839976948682,seqgru
11460,2026Q2,2,-0.0010461583733558655,0.024867499247193336,0.05215860903263092,-0.034938590601086617,0.08605104126036167,2.5179274499144366,-3.433528467349223,8.986195481328686,seqgru
11460,2026Q2,4,0.011198721826076508,0.05128569155931473,0.09697843343019485,-0.04089188016951084,0.1490690354257822,5.262357600070056,-4.006708787901814,16.07531195289731,seqgru
11460,2026Q2,8,0.03962641581892967,0.10823071002960205,0.19640693068504333,-0.06648815050721169,0.3025214970111847,11.430479702583929,-6.432599694700681,35.32667672993202,seqgru
11500,2026Q2,1,-0.003665570169687271,0.014359753578901291,0.03318368270993233,-0.02929900959134102,0.058817122131586075,1.4463350119972462,-2.887395495219758,6.058126616263548,seqgru
11500,2026Q2,2,0.0029713306576013565,0.028984390199184418,0.056966278702020645,-0.030921101570129395,0.0908587109297514,2.9408525487673476,-3.0447933805906713,9.511426665073476,seqgru
11500,2026Q2,4,0.017911046743392944,0.058659400790929794,0.10607054829597473,-0.034179555252194405,0.15816115029156208,6.041400305428901,-3.360203277252949,17.135494368948258,seqgru
11500,2026Q2,8,0.05036274343729019,0.12176229059696198,0.21369609236717224,-0.055751822888851166,0.3198106586933136,12.948558052348291,-5.422617381720551,37.68670418491307,seqgru
11540,2026Q2,1,-0.0022705858573317528,0.01564888097345829,0.03450850397348404,-0.0279040252789855,0.06014194339513779,1.577196592039809,-2.7518304017982165,6.198727792726655,seqgru
11540,2026Q2,2,0.005702395923435688,0.0315643846988678,0.05981355533003807,-0.028190036304295063,0.09370598755776882,3.2067822832514414,-2.7796404733113733,9.823680316026051,seqgru
11540,2026Q2,4,0.0222017839550972,0.06301534920930862,0.11127471923828125,-0.02988881804049015,0.1633653212338686,6.504318667663989,-2.944656441720561,17.74667647372432,seqgru
11540,2026Q2,8,0.0545438677072525,0.1277974247932434,0.2225528061389923,-0.051570698618888855,0.32866737246513367,13.632278855617507,-5.026349747042502,38.911572059467424,seqgru
11694,2026Q2,1,-0.005706307478249073,0.012403134256601334,0.03102961555123329,-0.03133974689990282,0.05666305497288704,1.2480372126520756,-3.085374729850221,5.829916167364391,seqgru
11694,2026Q2,2,-0.0012489557266235352,0.024866146966814995,0.052402298897504807,-0.035141387954354286,0.08629473112523556,2.517788817026445,-3.4531099065913007,9.012757548900542,seqgru
11694,2026Q2,4,0.01015043817460537,0.050775930285453796,0.09701038897037506,-0.04194016382098198,0.1491009909659624,5.208712600803489,-4.107284260708244,16.079021261458504,seqgru
11694,2026Q2,8,0.037044815719127655,0.10772363841533661,0.19780512154102325,-0.0690697506070137,0.3039196878671646,11.373990792534538,-6.673841775394251,35.516021591186316,seqgru
11700,2026Q2,1,-0.011030887253582478,0.007453950121998787,0.02572062984108925,-0.036664326675236225,0.051354069262742996,0.7481799962312241,-3.6000329980657053,5.269555444423424,seqgru
11700,2026Q2,2,-0.01300196722149849,0.013845672830939293,0.04039254039525986,-0.04689439944922924,0.07428497262299061,1.394196806988246,-4.58118449350311,7.711370968360498,seqgru
11700,2026Q2,4,-0.01590403914451599,0.02597537264227867,0.06965908408164978,-0.06799464114010334,0.12174968607723713,2.6315672718998817,-6.573451983838674,12.947134398992688,seqgru
11700,2026Q2,8,-0.012673258781433105,0.05988471955060959,0.1450834572315216,-0.11878782510757446,0.25119802355766296,6.171414460650548,-11.200380872826743,28.556463120910202,seqgru
12020,2026Q2,1,-0.00807721447199583,0.010164689272642136,0.02862432971596718,-0.03371065389364958,0.054257769137620926,1.021652520984051,-3.3148781195966204,5.5756708579562275,seqgru
12020,2026Q2,2,-0.006754182279109955,0.01975378580391407,0.046698395162820816,-0.040646614506840706,0.08059082739055157,1.9950182894469926,-3.9831620422347447,8.392729245891651,seqgru
12020,2026Q2,4,-0.003392845392227173,0.03818235546350479,0.08322800695896149,-0.05548344738781452,0.13531860895454884,3.892066846570841,-5.397231722981555,14.490150211770715,seqgru
12020,2026Q2,8,0.008937187492847443,0.08091085404157639,0.16736319661140442,-0.09717737883329391,0.2734777629375458,8.427423359251996,-9.260496081575731,31.452812764297544,seqgru
12054,2026Q2,1,-0.009652010165154934,0.008679498918354511,0.026978716254234314,-0.03528544958680868,0.05261215567588806,0.8717274982431134,-3.4670176073794634,5.402076986142035,seqgru
12054,2026Q2,2,-0.00979149155318737,0.016701608896255493,0.043366722762584686,-0.04368392378091812,0.07725915499031544,1.6841860487251559,-4.274352433135464,8.032201095810109,seqgru
12054,2026Q2,4,-0.008433908224105835,0.032648440450429916,0.07654792070388794,-0.060524510219693184,0.1286385226994753,3.318724854217092,-5.872930201592963,13.727894933047647,seqgru
12054,2026Q2,8,0.003861546516418457,0.07443327456712723,0.15946164727210999,-0.1022530198097229,0.26557621359825134,7.727345958612508,-9.719890379336304,30.41822468565134,seqgru
12100,2026Q2,1,-0.0007959417998790741,0.01707059144973755,0.03611660376191139,-0.02642938122153282,0.06175004318356514,1.7217126622492307,-2.6083181776843545,6.36964333221075,seqgru
12100,2026Q2,2,0.008885078132152557,0.03464657813310623,0.06326976418495178,-0.025007354095578194,0.09716219641268253,3.525376281921222,-2.469726046760512,10.203910591536559,seqgru
12100,2026Q2,4,0.028723224997520447,0.06946263462305069,0.11878648400306702,-0.023367376998066902,0.17087708599865437,7.193200731294391,-2.309647404387505,18.63449216584858,seqgru
12100,2026Q2,8,0.06536583602428436,0.13859321177005768,0.23484167456626892,-0.040748730301856995,0.3409562408924103,14.865674490870106,-3.9929663773804913,40.62917014458578,seqgru
12220,2026Q2,1,-0.005601690150797367,0.0125595573335886,0.03118525817990303,-0.031235129572451115,0.05681869760155678,1.263875980913931,-3.075235250390107,5.846389095620252,seqgru
12220,2026Q2,2,-0.00150224007666111,0.02479233220219612,0.05241840332746506,-0.03539467230439186,0.08631083555519581,2.5102217698590223,-3.4775606262737235,9.014513151355708,seqgru
12220,2026Q2,4,0.007246285676956177,0.048724737018346786,0.09539354592561722,-0.04484431631863117,0.14748414792120457,4.993130373868526,-4.385367337349688,15.891491347361363,seqgru
12220,2026Q2,8,0.02711155265569687,0.10140451043844223,0.1937284916639328,-0.07900301367044449,0.29984305799007416,10.67242327343283,-7.596286030252686,34.96469746448039,seqgru
12260,2026Q2,1,-0.0052712829783558846,0.012837331742048264,0.03145197778940201,-0.030904722400009632,0.057085417211055756,1.2920084012151944,-3.0432053217619437,5.874624168443132,seqgru
12260,2026Q2,2,-0.0007874108850955963,0.025413718074560165,0.05300944298505783,-0.03467984311282635,0.08690187521278858,2.573939968183603,-3.4085389025358404,9.078964096537412,seqgru
12260,2026Q2,4,0.009411778301000595,0.050663355737924576,0.09729805588722229,-0.042678823694586754,0.14938865788280964,5.196869444217844,-4.17809020802038,16.112418158976393,seqgru
12260,2026Q2,8,0.032558564096689224,0.10652012377977371,0.1991519331932068,-0.07355600222945213,0.30526649951934814,11.240031191934087,-7.091588644713531,35.698659109684705,seqgru
12420,2026Q2,1,-0.013494961895048618,0.00505414791405201,0.02298799343407154,-0.039128401316702366,0.04862143285572529,0.5066941664374935,-3.837277298322339,4.982284706665174,seqgru
12420,2026Q2,2,-0.018341798335313797,0.008597085252404213,0.03441813588142395,-0.05223423056304455,0.0683105681091547,0.8634146319408398,-5.089346895216973,7.069778143380967,seqgru
12420,2026Q2,4,-0.027884583920240402,0.014163969084620476,0.05609455704689026,-0.07997518591582775,0.10818515904247761,1.4264753367719596,-7.686074704244261,11.425404049839095,seqgru
12420,2026Q2,8,-0.03319794684648514,0.039773862808942795,0.12200936675071716,-0.1393125131726265,0.22812393307685852,4.0575434777990305,-13.004388677307155,25.624100559828356,seqgru
12540,2026Q2,1,-0.008473533205688,0.009789050556719303,0.02821195498108864,-0.03410697262734175,0.053845394402742386,0.9837120035604219,-3.3531886525747345,5.532143094168407,seqgru
12540,2026Q2,2,-0.007310478016734123,0.019115356728434563,0.0460677444934845,-0.041202910244464874,0.07996017672121525,1.9299224859548048,-4.03656094576249,8.324392849103624,seqgru
12540,2026Q2,4,-0.004445455968379974,0.036650702357292175,0.0812060683965683,-0.05653605796396732,0.13329667039215565,3.7330620408616566,-5.496759206372848,14.258892035741821,seqgru
12540,2026Q2,8,0.009582050144672394,0.07958852499723434,0.16413439810276031,-0.09653251618146896,0.2702489644289017,8.284141381978948,-9.2019626934841,31.029062588592616,seqgru
12580,2026Q2,1,-0.00781377125531435,0.010437969118356705,0.028896968811750412,-0.0334472106769681,0.05453040823340416,1.0492634751856356,-3.289403724702278,5.604458837581694,seqgru
12580,2026Q2,2,-0.005495121702551842,0.020781133323907852,0.047764360904693604,-0.03938755393028259,0.08165679313242435,2.099856461935734,-3.862194890370463,8.508333786229038,seqgru
12580,2026Q2,4,0.0012222081422805786,0.04183929041028023,0.08662274479866028,-0.05086839385330677,0.13871334679424763,4.272688907395694,-4.959625872360074,14.879474710381935,seqgru
12580,2026Q2,8,0.021908223628997803,0.09127379953861237,0.1772225797176361,-0.08420634269714355,0.28333714604377747,9.556893046457947,-8.07584422579881,32.75526655049505,seqgru
12620,2026Q2,1,-0.009836102835834026,0.008582528680562973,0.026902329176664352,-0.035469542257487774,0.0525357685983181,0.8619464170857016,-3.4847869862603464,5.394025937013236,seqgru
12620,2026Q2,2,-0.010058743879199028,0.01654919423162937,0.04319434612989426,-0.04395117610692978,0.07708677835762501,1.668689068624274,-4.299931916866173,8.013580473689274,seqgru
12620,2026Q2,4,-0.009147286415100098,0.03217995539307594,0.07597420364618301,-0.06123788841068745,0.12806480564177036,3.2703329118140667,-5.940054455033417,13.662666013048907,seqgru
12620,2026Q2,8,0.0031321868300437927,0.0747031569480896,0.15991535782814026,-0.10298237949609756,0.2660299241542816,7.756423594828932,-9.785713044657884,30.477410236429225,seqgru
12700,2026Q2,1,-0.004487554542720318,0.013573684729635715,0.03228381276130676,-0.030120993964374065,0.05791725218296051,1.3666225420214895,-2.967187740065358,5.962731023564927,seqgru
12700,2026Q2,2,0.0009069293737411499,0.027090582996606827,0.054781172424554825,-0.0329855028539896,0.08867360465228558,2.7460869032728263,-3.2447413761526045,9.272393810417956,seqgru
12700,2026Q2,4,0.012696422636508942,0.053985901176929474,0.1009155809879303,-0.03939417935907841,0.15300618298351765,5.546972116932314,-3.86283184244276,16.53321841501503,seqgru
12700,2026Q2,8,0.03925880044698715,0.11208844184875488,0.20324751734733582,-0.0668557658791542,0.3093620836734772,11.86117883649076,-6.466990187741361,36.25556403471282,seqgru
12940,2026Q2,1,-0.006726847030222416,0.011537199839949608,0.030146654695272446,-0.032360286451876163,0.05578009411692619,1.1604010016929234,-3.184229486928558,5.736513735412818,seqgru
12940,2026Q2,2,-0.003606323152780533,0.022798024117946625,0.05018119513988495,-0.037498755380511284,0.0840736273676157,2.3059885255610757,-3.68043834678885,8.77089760093046,seqgru
12940,2026Q2,4,0.003317851573228836,0.044727835804224014,0.09068244695663452,-0.04877275042235851,0.14277304895222187,4.574320731534476,-4.7602462953625135,15.346799118887432,seqgru
12940,2026Q2,8,0.021426081657409668,0.09438614547252655,0.18385347723960876,-0.08468848466873169,0.2899680435657501,9.89840317021049,-8.120154036832172,33.63847812507031,seqgru
12980,2026Q2,1,-0.0022480906918644905,0.015652017667889595,0.03453641012310982,-0.027881530113518238,0.060169849544763565,1.5775152091664024,-2.749642763526172,6.201691431666201,seqgru
12980,2026Q2,2,0.006128319539129734,0.0318501777946949,0.06001020222902298,-0.027764112688601017,0.09390263445675373,3.2362822843180705,-2.738223206592816,9.845278925775514,seqgru
12980,2026Q2,4,0.024494465440511703,0.06464190036058426,0.11254030466079712,-0.027596136555075645,0.16463090665638447,6.677694353795105,-2.7218841771421753,17.89578928861866,seqgru
12980,2026Q2,8,0.06283102929592133,0.1329086720943451,0.22506889700889587,-0.04328353703022003,0.33118346333503723,14.214568379429892,-4.236017478255805,39.26152627132726,seqgru
13020,2026Q2,1,-0.004003381356596947,0.014011343941092491,0.032787930220365524,-0.029636820778250694,0.05842136964201927,1.4109962876922344,-2.9201956789649874,6.016162152934479,seqgru
13020,2026Q2,2,0.002569718286395073,0.02840474620461464,0.056151267141103745,-0.03132271394133568,0.0900436993688345,2.881200791853078,-3.0837239729948562,9.422209947555515,seqgru
13020,2026Q2,4,0.016844330355525017,0.05698873847723007,0.10368242859840393,-0.03524627164006233,0.15577303059399128,5.8643888386116005,-3.463235569250256,16.85609454046546,seqgru
13020,2026Q2,8,0.04981360584497452,0.11949503421783447,0.2087806761264801,-0.05630096048116684,0.31489524245262146,12.692764797609524,-5.474539120504995,37.0115773470757,seqgru
13140,2026Q2,1,-0.005604966543614864,0.01244132500141859,0.03105543926358223,-0.031238405965268612,0.05668887868523598,1.251904024442263,-3.075552813472937,5.832649123964795,seqgru
13140,2026Q2,2,-0.001248672604560852,0.024817200377583504,0.052156418561935425,-0.0351411048322916,0.08604885078966618,2.512771043730755,-3.453082572032762,8.985956750522739,seqgru
13140,2026Q2,4,0.008563365787267685,0.04918639361858368,0.09513063728809357,-0.043527236208319664,0.14722123928368092,5.041612335632917,-4.259352238641457,15.861026478184748,seqgru
13140,2026Q2,8,0.033383626490831375,0.10322605073451996,0.19044621288776398,-0.07273093983530998,0.29656077921390533,10.874201269673712,-7.0149017770297135,34.52243191892435,seqgru
13220,2026Q2,1,-0.004606981761753559,0.013386115431785583,0.03209066763520241,-0.030240421183407307,0.057724107056856155,1.3476110588468648,-2.9787754070333516,5.942266814863739,seqgru
13220,2026Q2,2,0.0008988771587610245,0.02685537561774254,0.054389555007219315,-0.03299355506896973,0.08828198723495007,2.721923107346691,-3.245520467158791,9.22960921591085,seqgru
13220,2026Q2,4,0.013739785179495811,0.054153528064489365,0.10060489177703857,-0.03835081681609154,0.15269549377262592,5.5646661103127215,-3.7624735762746497,16.497018425107335,seqgru
13220,2026Q2,8,0.0442393459379673,0.11394691467285156,0.20255261659622192,-0.06187522038817406,0.3086671829223633,12.06926309700922,-5.999982766986555,36.16091283132663,seqgru
13380,2026Q2,1,-0.007412116043269634,0.010816575959324837,0.02928181365132332,-0.03304555546492338,0.054915253072977066,1.087528660885595,-3.2505516075929997,5.645107989907783,seqgru
13380,2026Q2,2,-0.005293112248182297,0.02109818533062935,0.04820703715085983,-0.03918554447591305,0.08209946937859058,2.132232558494951,-3.8427721830967876,8.556378481445371,seqgru
13380,2026Q2,4,0.0007182769477367401,0.04202555865049362,0.08734527230262756,-0.05137232504785061,0.1394358742982149,4.2921134066882916,-5.007507616058671,14.962508283909525,seqgru
13380,2026Q2,8,0.01931130886077881,0.09226958453655243,0.18171969056129456,-0.08680325746536255,0.2878342568874359,9.666042492645776,-8.314253724924859,33.353626135505834,seqgru
13460,2026Q2,1,-0.011016095988452435,0.007577401120215654,0.02588246762752533,-0.03664953541010618,0.05151590704917908,0.7606182273605322,-3.598607110049934,5.2865934149122,seqgru
13460,2026Q2,2,-0.013737872242927551,0.013518881052732468,0.0403868705034256,-0.0476303044706583,0.07427930273115635,1.3610674306125725,-4.651377847984339,7.7107602582691115,seqgru
13460,2026Q2,4,-0.019862107932567596,0.023523299023509026,0.06812220066785812,-0.07195270992815495,0.12021280266344547,2.3802154059204828,-6.942509827536414,12.773681144356175,seqgru
13460,2026Q2,8,-0.024930506944656372,0.05351771414279938,0.14326132833957672,-0.13104507327079773,0.24937589466571808,5.497567959190963,-12.28217637921858,28.32242995925627,seqgru
13740,2026Q2,1,-0.005358709953725338,0.012780518271028996,0.03142702952027321,-0.030992149375379086,0.057060468941926956,1.2862538141019897,-3.051681590529509,5.871982812774235,seqgru
13740,2026Q2,2,-0.0008908696472644806,0.025388343259692192,0.0530349463224411,-0.03478330187499523,0.08692737855017185,2.571337206469071,-3.4185316186111425,9.08174600963405,seqgru
13740,2026Q2,4,0.009565655142068863,0.05099061131477356,0.09776642918586731,-0.042524946853518486,0.14985703118145466,5.2313013401182,-4.163344300738747,16.16681485326832,seqgru
13740,2026Q2,8,0.03278011083602905,0.10700209438800812,0.200070321559906,-0.0733344554901123,0.30618488788604736,11.293658539792295,-7.071002808842319,35.823340423758495,seqgru
13780,2026Q2,1,-0.006136511452496052,0.012047515250742435,0.030676081776618958,-0.0317699508741498,0.056309521198272705,1.2120378877148008,-3.1270588198306193,5.792508330491142,seqgru
13780,2026Q2,2,-0.00196261890232563,0.024176526814699173,0.05160403996706009,-0.03585505113005638,0.08549647219479084,2.4471148558027345,-3.5219872862314205,8.92577186482335,seqgru
13780,2026Q2,4,0.0077315084636211395,0.048312317579984665,0.09408767521381378,-0.04435909353196621,0.14617827720940113,4.949838093910386,-4.33896168121276,15.740250814847068,seqgru
13780,2026Q2,8,0.03294968232512474,0.1030847355723381,0.19114723801612854,-0.07316488400101662,0.2972618043422699,10.858534170964873,-7.05524336426997,34.61676858635205,seqgru
13820,2026Q2,1,-0.006267824210226536,0.011857280507683754,0.030408859252929688,-0.03190126363188028,0.056042298674583435,1.1927856729709196,-3.1397786377309944,5.764241966300432,seqgru
13820,2026Q2,2,-0.0025141146034002304,0.0236037727445364,0.05086605250835419,-0.03640654683113098,0.08475848473608494,2.3884546543308183,-3.575179826414465,8.845415665837809,seqgru
13820,2026Q2,4,0.006446432322263718,0.047097593545913696,0.09267139434814453,-0.04564416967332363,0.14476199634373188,4.82243040146535,-4.4618144447292725,15.57644613632685,seqgru
13820,2026Q2,8,0.03026469796895981,0.10079718381166458,0.18881845474243164,-0.07584986835718155,0.294933021068573,10.60522937031747,-7.304463855542187,34.30364005306848,seqgru
13900,2026Q2,1,-0.004251427017152309,0.013732576742768288,0.032358504831790924,-0.029884866438806057,0.05799194425344467,1.3827301683943416,-2.944272916903745,5.97064589492462,seqgru
13900,2026Q2,2,0.0021045133471488953,0.027913182973861694,0.05555086210370064,-0.031787918880581856,0.08944329433143139,2.8306406041907817,-3.128799417823258,9.356532020151453,seqgru
13900,2026Q2,4,0.01749960146844387,0.057586900889873505,0.10413683950901031,-0.03459100052714348,0.15622744150459766,5.92773187967679,-3.3999570861673267,16.90920729138834,seqgru
13900,2026Q2,8,0.050970204174518585,0.12117443978786469,0.2126586139202118,-0.05514436215162277,0.31877318024635315,12.882180663023357,-5.365147881684917,37.54393127160465,seqgru
13980,2026Q2,1,-0.00467284582555294,0.013363337144255638,0.03205735608935356,-0.030306285247206688,0.05769079551100731,1.3453025601136037,-2.9851654087217794,5.938737772964653,seqgru
13980,2026Q2,2,0.0009187627583742142,0.02689090371131897,0.054538220167160034,-0.03297366946935654,0.08843065239489079,2.7255726862741136,-3.2435964271877338,9.245849060354839,seqgru
13980,2026Q2,4,0.014097625389695168,0.05454849824309349,0.10114170610904694,-0.03799297660589218,0.15323230810463428,5.606369240544851,-3.7280297572659493,16.559572482689312,seqgru
13980,2026Q2,8,0.04392044618725777,0.11444948613643646,0.20479047298431396,-0.06219412013888359,0.3109050393104553,12.12560006607748,-6.029954569794638,36.46596260139552,seqgru
14010,2026Q2,1,-0.0006289239972829819,0.017135240137577057,0.03612842038273811,-0.02626236341893673,0.06176185980439186,1.7282890500727621,-2.59205067455176,6.370900269379853,seqgru
14010,2026Q2,2,0.009783942252397537,0.035223446786403656,0.06366220116615295,-0.024108489975333214,0.0975546333938837,3.5851140550868354,-2.3820201709390365,10.247167168710792,seqgru
14010,2026Q2,4,0.03228124603629112,0.07193835079669952,0.12061925232410431,-0.019809355959296227,0.17270985431969166,7.458909446016815,-1.9614439843607,18.852121075639626,seqgru
14010,2026Q2,8,0.07560517638921738,0.14486196637153625,0.23820289969444275,-0.03050938993692398,0.3443174660205841,15.588000894415742,-3.00486757573043,41.10265173836909,seqgru
14020,2026Q2,1,-0.010808269493281841,0.007613020949065685,0.025824803858995438,-0.03644170891493559,0.051458243280649185,0.764207367258507,-3.5785702644144712,5.280522368201623,seqgru
14020,2026Q2,2,-0.012422781437635422,0.014293380081653595,0.04078257456421852,-0.04631521366536617,0.07467500679194927,1.4396018874125227,-4.525903264543096,7.753390277373984,seqgru
14020,2026Q2,4,-0.014540575444698334,0.027168579399585724,0.07070572674274445,-0.06663117744028568,0.1227963287383318,2.754101041004331,-6.445981396007394,13.065411574474584,seqgru
14020,2026Q2,8,-0.00869452953338623,0.06338734924793243,0.14853495359420776,-0.11480909585952759,0.2546495199203491,6.543945648484195,-10.846367436193816,29.0009419029718,seqgru
14260,2026Q2,1,-0.006831257604062557,0.011492118239402771,0.03003498911857605,-0.032464697025716305,0.0556684285402298,1.1558406316989789,-3.194337549381121,5.7247072658290765,seqgru
14260,2026Q2,2,-0.005006013438105583,0.021813223138451576,0.04938478022813797,-0.038898445665836334,0.08327721245586872,2.205287081431928,-3.815161594116312,8.684305322384889,seqgru
14260,2026Q2,4,-0.002636205404996872,0.04046449810266495,0.08716680854558945,-0.05472680740058422,0.1392574105411768,4.129434112149988,-5.325624398534245,14.941993473392179,seqgru
14260,2026Q2,8,0.005091913044452667,0.0854475274682045,0.18040326237678528,-0.10102265328168869,0.28651782870292664,8.920440653169637,-9.608744393182311,33.178191162661406,seqgru
14454,2026Q2,1,-0.004626023583114147,0.01341528445482254,0.03209623321890831,-0.030259463004767895,0.05772967264056206,1.350567312763884,-2.980622850270831,5.942856447058498,seqgru
14454,2026Q2,2,0.001578405499458313,0.02736424095928669,0.05495023727416992,-0.03231402672827244,0.08884266950190067,2.7742080356985,-3.17975071255151,9.290869492994847,seqgru
14454,2026Q2,4,0.01614060439169407,0.05589171126484871,0.10212475061416626,-0.03594999760389328,0.1542153526097536,5.748316402184983,-3.531147098488574,16.67421206861288,seqgru
14454,2026Q2,8,0.04868137463927269,0.11656081676483154,0.2047407031059265,-0.05743319168686867,0.31085526943206787,12.362584367797425,-5.581503231567031,36.45917087604591,seqgru
14500,2026Q2,1,-0.010555830784142017,0.007830807007849216,0.02606748789548874,-0.036189270205795765,0.05170092731714249,0.7861547966827809,-3.5542266906577136,5.306075370861563,seqgru
14500,2026Q2,2,-0.01138623058795929,0.015150582417845726,0.041554972529411316,-0.04527866281569004,0.07544740475714207,1.5265934304830475,-4.426888200240842,7.8366509278059215,seqgru
14500,2026Q2,4,-0.010149829089641571,0.030799584463238716,0.07426092028617859,-0.06224043108522892,0.12635152228176594,3.1278798879739167,-6.034306310759218,13.46809638276396,seqgru
14500,2026Q2,8,4.803389310836792e-05,0.06997296214103699,0.1546250432729721,-0.10606653243303299,0.26073960959911346,7.247918332129788,-10.063519084360573,29.788966341959554,seqgru
14540,2026Q2,1,-0.00712187122553587,0.011085918173193932,0.029494747519493103,-0.03275531064718962,0.05512818694114685,1.114759466687798,-3.2224665059980784,5.667605806593845,seqgru
14540,2026Q2,2,-0.004719391465187073,0.02163238264620304,0.048755303025245667,-0.038611823692917824,0.08264773525297642,2.1868058981292293,-3.7875889546941766,8.615912557973605,seqgru
14540,2026Q2,4,0.0018131397664546967,0.0430908165872097,0.08856360614299774,-0.05027746222913265,0.1406542081385851,4.403270603263065,-4.903446912387488,15.102656354358501,seqgru
14540,2026Q2,8,0.019184410572052002,0.09308388084173203,0.18394330143928528,-0.08693015575408936,0.29005786776542664,9.755379514318086,-8.325887751043194,33.65048263355348,seqgru
14580,2026Q2,1,-0.007785608060657978,0.010523848235607147,0.02897414192557335,-0.033419047482311726,0.0546075813472271,1.0579418693727805,-3.2866800069999202,5.612608976985545,seqgru
14580,2026Q2,2,-0.006563715636730194,0.02008257433772087,0.04729558527469635,-0.040456147864460945,0.0811880175024271,2.0285585954978425,-3.9648722957590032,8.457479644220944,seqgru
14580,2026Q2,4,-0.004877146333456039,0.03743729740381241,0.08319170773029327,-0.05696774832904339,0.13528230972588062,3.8146900535097394,-5.537546540508931,14.485994383055068,seqgru
14580,2026Q2,8,0.0013425275683403015,0.07790211588144302,0.16894254088401794,-0.10477203875780106,0.2750571072101593,8.101683911069891,-9.947021492212604,31.660586040835014,seqgru
14740,2026Q2,1,-0.00851310882717371,0.00980613473802805,0.028207752853631973,-0.03414654824882746,0.05384119227528572,0.985437242342635,-3.357013434513856,5.531699635584086,seqgru
14740,2026Q2,2,-0.0078050196170806885,0.018810590729117393,0.04579555243253708,-0.04169745184481144,0.07968798466026783,1.8988624445307467,-4.084007125465316,8.294911821795958,seqgru
14740,2026Q2,4,-0.005359522998332977,0.03642566129565239,0.08141016960144043,-0.057450124993920326,0.13350077159702778,3.7097204689573893,-5.583102035427611,14.282214793294168,seqgru
14740,2026Q2,8,0.0064866021275520325,0.08040443062782288,0.16913659870624542,-0.09962796419858932,0.2752511650323868,8.372527074925017,-9.482588742274679,31.686138286661713,seqgru
14860,2026Q2,1,-0.0002482244744896889,0.01742091402411461,0.036297507584095,-0.025881663896143436,0.06193094700574875,1.7573543171727657,-2.5549604550608174,6.388887747895566,seqgru
14860,2026Q2,2,0.010349255986511707,0.03580991178750992,0.06421013921499252,-0.023543176241219044,0.09810257144272327,3.645880916192712,-2.3268197849470984,10.307592339492588,seqgru
14860,2026Q2,4,0.03219212591648102,0.07271421700716019,0.12155592441558838,-0.01989847607910633,0.17364652641117573,7.542315534667909,-1.970180802899879,18.963498694475312,seqgru
14860,2026Q2,8,0.06840881705284119,0.1410762369632721,0.23442822694778442,-0.03770574927330017,0.3405427932739258,15.151243244951118,-3.7003738444728485,40.57103936694391,seqgru
15180,2026Q2,1,-0.008750195614993572,0.009513811208307743,0.027853459119796753,-0.03438363503664732,0.0534868985414505,0.955921137213811,-3.3799234938204914,5.494317038283247,seqgru
15180,2026Q2,2,-0.007587039843201637,0.018707476556301117,0.045459140092134476,-0.04147947207093239,0.07935157231986523,1.8883557693217146,-4.063097100128643,8.25848620441343,seqgru
15180,2026Q2,4,-0.0027579404413700104,0.037879932671785355,0.08216850459575653,-0.05484854243695736,0.13425910659134388,3.8606522681592814,-5.337148885610532,14.368911864556644,seqgru
15180,2026Q2,8,0.013513907790184021,0.08340493589639664,0.16971909999847412,-0.09260065853595734,0.2758336663246155,8.698187742328379,-8.844254969209642,31.762867977784826,seqgru
15260,2026Q2,1,-0.010012210346758366,0.00837556179612875,0.026612654328346252,-0.03564564976841211,0.05224609375,0.8410734943542053,-3.5017825436239547,5.363500359995688,seqgru
15260,2026Q2,2,-0.01073579490184784,0.015921596437692642,0.04254235699772835,-0.04462822712957859,0.0764347892254591,1.6049020420446425,-4.364703816414728,7.94317974584271,seqgru
15260,2026Q2,4,-0.01110900565981865,0.03045903705060482,0.0742790699005127,-0.063199607655406,0.12636967189610004,3.0927659346299707,-6.124392791218924,13.470155803641326,seqgru
15260,2026Q2,8,-0.002319738268852234,0.0701594278216362,0.1560823619365692,-0.10843430459499359,0.26219692826271057,7.267918252805883,-10.276216271606742,29.978248113368377,seqgru
15380,2026Q2,1,-0.001232251524925232,0.01656799577176571,0.03550359979271889,-0.02686569094657898,0.061137039214372635,1.670600614532347,-2.6508018469090677,6.304458300029481,seqgru
15380,2026Q2,2,0.008161835372447968,0.03375468775629997,0.06205606088042259,-0.025730596855282784,0.09594849310815334,3.4330841584064853,-2.540238609325385,10.070236877603023,seqgru
15380,2026Q2,4,0.028458688408136368,0.06853343546390533,0.11684828996658325,-0.02363191358745098,0.1689388919621706,7.093643160877394,-2.3354866592140144,18.404778187654646,seqgru
15380,2026Q2,8,0.06932373344898224,0.1395794153213501,0.23252546787261963,-0.03679083287715912,0.338640034198761,14.97901130437267,-3.612227420405323,40.303820852931295,seqgru
15500,2026Q2,1,-0.005803235806524754,0.012431150302290916,0.031063705682754517,-0.0314366752281785,0.056697145104408264,1.2508738220237126,-3.0947680472165007,5.833523984620559,seqgru
15500,2026Q2,2,-0.0027230046689510345,0.023886194452643394,0.051551591604948044,-0.036615436896681786,0.0854440238326788,2.4173754603242115,-3.5953199098163524,8.92005903631281,seqgru
15500,2026Q2,4,0.0034562237560749054,0.045887675136327744,0.09302915632724762,-0.048634378239512444,0.14511975832283497,4.6956805071627805,-4.747066850935456,15.617802391841074,seqgru
15500,2026Q2,8,0.015649646520614624,0.09484916180372238,0.19058766961097717,-0.09046491980552673,0.29670223593711853,9.949299707705395,-8.649362067969102,34.54146236730298,seqgru
15540,2026Q2,1,-0.009200415574014187,0.009126565419137478,0.027486804872751236,-0.034833854995667934,0.053120244294404984,0.9168339505242873,-3.423413989826385,5.455644189117437,seqgru
15540,2026Q2,2,-0.008798385038971901,0.01766343042254448,0.04437713697552681,-0.04269081726670265,0.07826956920325756,1.7820351368863063,-4.179239448113991,8.141413532860465,seqgru
15540,2026Q2,4,-0.0056900642812252045,0.03520366922020912,0.07940341532230377,-0.05778066627681255,0.13149401731789112,3.583065413895481,-5.614305560696787,14.053108426704753,seqgru
15540,2026Q2,8,0.007543891668319702,0.07804148644208908,0.16379356384277344,-0.09857067465782166,0.2699081301689148,8.11675115330397,-9.386835019309581,30.984411004835465,seqgru
15764,2026Q2,1,-0.005652350373566151,0.01235947571694851,0.03094584122300148,-0.0312857897952199,0.05657928064465523,1.2436169676960818,-3.0801453561895564,5.821050708584763,seqgru
15764,2026Q2,2,-0.0011488739401102066,0.02477923408150673,0.052051790058612823,-0.03504130616784096,0.08594422228634357,2.508879087395699,-3.4434468378079175,8.974554309505333,seqgru
15764,2026Q2,4,0.010837988927960396,0.050790391862392426,0.09647909551858902,-0.04125261306762695,0.14856969751417637,5.210234095696964,-4.041330481073169,16.0173656176428,seqgru
15764,2026Q2,8,0.039092134684324265,0.10751409083604813,0.19488368928432465,-0.06702243164181709,0.300998255610466,11.350655087423922,-6.482577639172559,35.12069845046377,seqgru
15804,2026Q2,1,-0.00234814640134573,0.015537140890955925,0.03437481075525284,-0.027981585822999477,0.060008250176906586,1.5658469818272458,-2.7593727302392956,6.184530692085177,seqgru
15804,2026Q2,2,0.005799943581223488,0.03153599426150322,0.05963823199272156,-0.028092488646507263,0.09353066422045231,3.2038522391562463,-2.7701563923828387,9.804427349673128,seqgru
15804,2026Q2,4,0.023606471717357635,0.06391634047031403,0.11174826323986053,-0.028484130278229713,0.16383886523544788,6.600321370346518,-2.8082281912480966,17.802447910146736,seqgru
15804,2026Q2,8,0.060525596141815186,0.13169649243354797,0.2246898114681244,-0.04558897018432617,0.33080437779426575,14.076203681052712,-4.456540640152551,39.20874424541554,seqgru
15940,2026Q2,1,-0.0010726554319262505,0.016785472631454468,0.03577454388141632,-0.026706094853579998,0.06140798330307007,1.6927140219667125,-2.6352640553748197,6.333264766902791,seqgru
15940,2026Q2,2,0.00838794931769371,0.034125007688999176,0.06260202080011368,-0.02550448291003704,0.09649445302784443,3.471394584290266,-2.5181991065490683,10.130347222715596,seqgru
15940,2026Q2,4,0.028461039066314697,0.06901293992996216,0.11787202954292297,-0.02362956292927265,0.16996263153851032,7.145007354755339,-2.335257083057174,18.526055912924598,seqgru
15940,2026Q2,8,0.06794989854097366,0.14025792479515076,0.23544320464134216,-0.038164667785167694,0.3415577709674835,15.05705212555517,-3.744557386503422,40.71378826748175,seqgru
15980,2026Q2,1,-0.014430082403123379,0.004249661695212126,0.022133512422442436,-0.040063521824777126,0.047766951844096184,0.42587043122908064,-3.927159000771596,4.892617652679165,seqgru
15980,2026Q2,2,-0.02073746547102928,0.006541376933455467,0.03239472582936287,-0.05462989769876003,0.06628715805709362,0.6562818466434805,-5.31644908844322,6.853351112170025,seqgru
15980,2026Q2,4,-0.03331518545746803,0.00972181186079979,0.05184250697493553,-0.08540578745305538,0.10393310897052288,0.9769222187268944,-8.186036074655378,10.95262350811932,seqgru
15980,2026Q2,8,-0.04691203683614731,0.029922399669885635,0.11543332040309906,-0.15302660316228867,0.22154788672924042,3.037457344403527,-14.189310684920164,24.800700976362776,seqgru
16020,2026Q2,1,-0.005198214203119278,0.012788064777851105,0.03129122406244278,-0.030831653624773026,0.05692466348409653,1.2870181743914966,-3.0361205486892473,5.857605795937704,seqgru
16020,2026Q2,2,5.9859827160835266e-05,0.025837674736976624,0.05306463688611984,-0.033832572400569916,0.0869570691138506,2.6174360930078633,-3.326665106757154,9.084984756240022,seqgru
16020,2026Q2,4,0.014664478600025177,0.054295867681503296,0.0998440682888031,-0.03742612339556217,0.15193467028439045,5.579693213907788,-3.673442211768041,16.408418465918963,seqgru
16020,2026Q2,8,0.04966456815600395,0.11800958216190338,0.2069505751132965,-0.056449998170137405,0.31306514143943787,12.52548936902571,-5.488625926984736,36.76106162501369,seqgru
16180,2026Q2,1,-0.007519281469285488,0.010801906697452068,0.029318619519472122,-0.033152720890939236,0.05495205894112587,1.0860457923319133,-3.260919247910554,5.648996421381125,seqgru
16180,2026Q2,2,-0.006184263154864311,0.020529065281152725,0.047854628413915634,-0.04007669538259506,0.08174706064164639,2.074123594304833,-3.92842461356091,8.518129005338126,seqgru
16180,2026Q2,4,-0.003987584263086319,0.038431063294410706,0.08440804481506348,-0.05607818625867367,0.13649864681065083,3.917908830583272,-5.453478938706047,14.625332667692481,seqgru
16180,2026Q2,8,0.004454798996448517,0.0816439539194107,0.17345301806926727,-0.10165976732969284,0.27956758439540863,8.506940633561321,-9.666315590289521,32.25577940434135,seqgru
16220,2026Q2,1,-0.007601936347782612,0.010557129047811031,0.0289827398955822,-0.03323537576943636,0.05461617931723595,1.0613052157249836,-3.2689148744327268,5.6135170349338015,seqgru
16220,2026Q2,2,-0.005501179024577141,0.020754331722855568,0.04768291115760803,-0.03939361125230789,0.08157534338533878,2.097120058985502,-3.862777226251124,8.49949616980117,seqgru
16220,2026Q2,4,0.0017593204975128174,0.04252035170793533,0.08733674883842468,-0.05033128149807453,0.13942735083401203,4.343729188860124,-4.908564801631787,14.96152840926146,seqgru
16220,2026Q2,8,0.023982182145118713,0.09487785398960114,0.18276217579841614,-0.08213238418102264,0.2888767421245575,9.952454438707692,-7.884999506485002,33.492717809980554,seqgru
16300,2026Q2,1,-0.0029637152329087257,0.014947251416742802,0.03372115269303322,-0.028597154654562473,0.059354592114686966,1.5059520251921699,-2.8192126098762316,6.1151449972452365,seqgru
16300,2026Q2,2,0.004492431879043579,0.03025204874575138,0.058177269995212555,-0.029400000348687172,0.0920697022229433,3.071429146075544,-2.897202475481042,9.644124380942397,seqgru
16300,2026Q2,4,0.020963262766599655,0.061307113617658615,0.10877156257629395,-0.031127339228987694,0.1608621645718813,6.3225395048729816,-3.0647871336146992,17.45230667664659,seqgru
16300,2026Q2,8,0.05590353533625603,0.12728095054626465,0.22004926204681396,-0.05021103098988533,0.3261638283729553,13.573605862812176,-4.89712932067733,38.5642357811641,seqgru
16540,2026Q2,1,-0.006203646771609783,0.01193371880799532,0.03049071878194809,-0.03183708619326353,0.05612415820360184,1.200520973144381,-3.1335621973446304,5.772900131706615,seqgru
16540,2026Q2,2,-0.003002176061272621,0.023305635899305344,0.050675034523010254,-0.03689460828900337,0.084567466750741,2.3579334334484114,-3.622229582203318,8.824626219465692,seqgru
16540,2026Q2,4,0.003828898072242737,0.04532385617494583,0.09130499511957169,-0.04826170392334461,0.14339559711515903,4.636667735141287,-4.711561913732987,15.418630413679924,seqgru
16540,2026Q2,8,0.022885840386152267,0.09683796763420105,0.187240868806839,-0.08322872593998909,0.29335543513298035,10.168185104150119,-7.985933688863778,34.09193155750232,seqgru
16580,2026Q2,1,-0.0005977395921945572,0.01720857247710228,0.03619735687971115,-0.026231179013848305,0.0618307963013649,1.7357492970400568,-2.5890130182376514,6.378233359380148,seqgru
16580,2026Q2,2,0.010057555511593819,0.03549424558877945,0.06397576630115509,-0.023834876716136932,0.09786819852888584,3.6131685783111323,-2.355306942941815,10.281742257055493,seqgru
16580,2026Q2,4,0.03373648598790169,0.07337434589862823,0.12228959798812866,-0.01835411600768566,0.174380199983716,7.6133307612302525,-1.8186705012063986,19.050811095048292,seqgru
16580,2026Q2,8,0.07714304327964783,0.14709842205047607,0.2424464225769043,-0.02897152304649353,0.34856098890304565,15.846797621268728,-2.855587215801869,41.702696320813956,seqgru
16620,2026Q2,1,-0.005527992732822895,0.012581233866512775,0.031247776001691818,-0.031161432154476643,0.056881215423345566,1.2660710544463827,-3.068091882269619,5.853006588164167,seqgru
16620,2026Q2,2,-0.000950811430811882,0.025158565491437912,0.05253813415765762,-0.03484324365854263,0.08643056638538837,2.547771301083168,-3.4243207105775664,9.027566330936775,seqgru
16620,2026Q2,4,0.010900326073169708,0.05140739679336548,0.09743982553482056,-0.04119027592241764,0.1495304275304079,5.27516935955179,-4.0353485051095594,16.128880542486158,seqgru
16620,2026Q2,8,0.03980010375380516,0.10991817712783813,0.1986086517572403,-0.0663144625723362,0.30472321808338165,11.618673711764416,-6.4163467547410535,35.62495656972855,seqgru
16700,2026Q2,1,-0.0056548332795500755,0.012511943466961384,0.031111203134059906,-0.03128827270120382,0.056744642555713654,1.2590545310136703,-3.080385998777868,5.838550926655017,seqgru
16700,2026Q2,2,-0.002204781398177147,0.024280434474349022,0.0519232414662838,-0.0360972136259079,0.08581567369401455,2.4577604488150273,-3.5453478139489736,8.96054668429871,seqgru
16700,2026Q2,4,0.005221180617809296,0.04734070226550102,0.09428835660219193,-0.04686942137777805,0.14637895859777927,4.8479167461550565,-4.5788010857452655,15.763480059832435,seqgru
16700,2026Q2,8,0.022203147411346436,0.09934863448143005,0.19380852580070496,-0.08391141891479492,0.2999230921268463,10.445128224591338,-8.048729607912385,34.97549967980389,seqgru
16740,2026Q2,1,-0.007953702472150326,0.010372801683843136,0.028798885643482208,-0.03358714189380407,0.054432325065135956,1.042678568488542,-3.302935609331392,5.594101325632739,seqgru
16740,2026Q2,2,-0.006647476926445961,0.01998528093099594,0.04714791849255562,-0.04053990915417671,0.08104035072028637,2.0186323723347277,-3.9729159850339313,8.441465259628211,seqgru
16740,2026Q2,4,-0.0031480789184570312,0.0389055460691452,0.0843428522348404,-0.05523868091404438,0.13643345423042774,3.967227787882388,-5.374073302894711,14.617860190074627,seqgru
16740,2026Q2,8,0.00941980630159378,0.08503873646259308,0.1760774552822113,-0.09669476002454758,0.28219202160835266,8.87592405631552,-9.216692921024027,32.60333225927423,seqgru
16820,2026Q2,1,-0.006257100962102413,0.011939618736505508,0.030550941824913025,-0.03189054038375616,0.05618438124656677,1.2011180507446761,-3.138739975975069,5.779270289428995,seqgru
16820,2026Q2,2,-0.0031844545155763626,0.023266423493623734,0.0508146658539772,-0.037076886743307114,0.08470709808170795,2.3539198113303073,-3.6397955722249242,8.839822607787973,seqgru
16820,2026Q2,4,0.003405105322599411,0.04528718814253807,0.09190575033426285,-0.04868549667298794,0.1439963523298502,4.632830984761216,-4.751935907211657,15.487989589630757,seqgru
16820,2026Q2,8,0.018548250198364258,0.09409588575363159,0.18684527277946472,-0.0875663161277771,0.2929598391056061,9.866508719660372,-8.384188642224421,34.038895813131774,seqgru
16860,2026Q2,1,-0.007691358216106892,0.010525738820433617,0.028936628252267838,-0.03332479763776064,0.054570067673921585,1.0581329281648788,-3.2775643620572503,5.608647134387534,seqgru
16860,2026Q2,2,-0.005868658423423767,0.020498011261224747,0.04749641567468643,-0.03976109065115452,0.08138884790241718,2.070953831653788,-3.898099184639292,8.479263390585846,seqgru
16860,2026Q2,4,-0.0005193836987018585,0.040681142359972,0.08563612401485443,-0.05260998569428921,0.13772672601044178,4.151995599887148,-5.125003360661418,14.766188127638124,seqgru
16860,2026Q2,8,0.01754896342754364,0.08998037129640579,0.17845065891742706,-0.08856560289859772,0.2845652252435684,9.415280669329885,-8.475693383159177,32.9184006823225,seqgru
16940,2026Q2,1,-0.002092953771352768,0.015832768753170967,0.03469013050198555,-0.027726393193006516,0.0603235699236393,1.5958771146978412,-2.73455447224058,6.2180180507452,seqgru
16940,2026Q2,2,0.005647724494338036,0.031635262072086334,0.05990958958864212,-0.028244707733392715,0.09380202181637287,3.2140975681190564,-2.7849555040125984,9.834227658187356,seqgru
16940,2026Q2,4,0.022668205201625824,0.06390806287527084,0.11256511509418488,-0.029422396793961525,0.16465571708977222,6.599438979706762,-2.8993772086185476,17.898714370531632,seqgru
16940,2026Q2,8,0.055646881461143494,0.1315523087978363,0.22953373193740845,-0.050467684864997864,0.3356482982635498,14.0597569449614,-4.9215347089687995,39.88469613808754,seqgru
16984,2026Q2,1,-0.001352418214082718,0.01649998500943184,0.03547176346182823,-0.026985857635736465,0.06110520288348198,1.663686154609123,-2.6624992749085807,6.301074009991869,seqgru
16984,2026Q2,2,0.008168622851371765,0.03377008065581322,0.06215319037437439,-0.025723809376358986,0.09604562260210514,3.4346763057311325,-2.5395771010040424,10.08092846323585,seqgru
16984,2026Q2,4,0.02959377132356167,0.06948573887348175,0.11802376806735992,-0.02249683067202568,0.17011437006294727,7.195677378459031,-2.224566398740513,18.544042246331504,seqgru
16984,2026Q2,8,0.0712026059627533,0.14141035079956055,0.23565033078193665,-0.03491196036338806,0.341764897108078,15.189723296585944,-3.4309568450172856,40.74293678998031,seqgru
17020,2026Q2,1,-0.011386568658053875,0.007100171409547329,0.025383170694112778,-0.03702000807970762,0.051016610115766525,0.7125437388766365,-3.6343145766985274,5.23403726334517,seqgru
17020,2026Q2,2,-0.014117151498794556,0.012904411181807518,0.039414774626493454,-0.04800958372652531,0.0733072068542242,1.2988032402852845,-4.687534745228117,7.606105947574071,seqgru
17020,2026Q2,4,-0.018406294286251068,0.023879515007138252,0.06759893894195557,-0.07049689628183842,0.11968954093754292,2.4166913713307148,-6.806936802866059,12.714686429508415,seqgru
17020,2026Q2,8,-0.01640751212835312,0.0570199117064476,0.1420195996761322,-0.12252207845449448,0.24813416600227356,5.867689024909306,-11.53136277799528,28.16318720841833,seqgru
17140,2026Q2,1,-0.0041893357411026955,0.013836846686899662,0.032565366476774216,-0.029822775162756443,0.05819880589842796,1.393301891151788,-2.9382464158665966,5.9925694245449135,seqgru
17140,2026Q2,2,0.0022074468433856964,0.028024982661008835,0.05584760382771492,-0.031684985384345055,0.08974003605544567,2.842137680312251,-3.1188276132551263,9.388987481201895,seqgru
17140,2026Q2,4,0.016545511782169342,0.056636035442352295,0.1034097746014595,-0.03554509021341801,0.15550037659704685,5.827056731343516,-3.4920782378966564,16.82423760237981,seqgru
17140,2026Q2,8,0.0492062084376812,0.11911505460739136,0.20986130833625793,-0.05690835788846016,0.3159758746623993,12.649951979256112,-5.531936207180954,37.15971649822254,seqgru
17300,2026Q2,1,-0.007961313240230083,0.010288254357874393,0.028710361570119858,-0.03359475266188383,0.054343800991773605,1.0341360413358647,-3.303671545461939,5.584754119392854,seqgru
17300,2026Q2,2,-0.006341436877846718,0.020045867189764977,0.04710810258984566,-0.04023386910557747,0.08100053481757641,2.024813486838295,-3.9435233541434633,8.43714765075303,seqgru
17300,2026Q2,4,-0.001936640590429306,0.03931093588471413,0.0844222903251648,-0.054027242586016655,0.13651289232075214,4.009383587369086,-5.259370364728877,14.626965575657636,seqgru
17300,2026Q2,8,0.011911839246749878,0.08432431519031525,0.1729453206062317,-0.09420272707939148,0.27905988693237305,8.798168558528797,-8.99017580207837,32.18865052268933,seqgru
17410,2026Q2,1,-0.0027510803192853928,0.015186648815870285,0.034035392105579376,-0.02838451974093914,0.059668831527233124,1.5302551950447274,-2.798546384441014,6.1484957978649835,seqgru
17410,2026Q2,2,0.004928011447191238,0.030768148601055145,0.05883508175611496,-0.028964420780539513,0.09272751398384571,3.124638025110116,-2.854897267896239,9.716273303077138,seqgru
17410,2026Q2,4,0.021821361035108566,0.062297508120536804,0.11005620658397675,-0.030269240960478783,0.1621468085795641,6.4278929256434525,-2.9815714968057794,17.603288036493026,seqgru
17410,2026Q2,8,0.05695691704750061,0.12817886471748352,0.2207460105419159,-0.04915764927864075,0.32686057686805725,13.675631011051227,-4.796896913792992,38.66081384532294,seqgru
17420,2026Q2,1,-0.00614223163574934,0.012057995423674583,0.03063436970114708,-0.03177567105740309,0.05626780912280083,1.2130986129329724,-3.127612949221592,5.7880955974320525,seqgru
17420,2026Q2,2,-0.0030133314430713654,0.02344527468085289,0.050932493060827255,-0.036905763670802116,0.084824925288558,2.3722275685393646,-3.6233047070325153,8.852647655634849,seqgru
17420,2026Q2,4,0.003866441547870636,0.04576504975557327,0.09219595789909363,-0.04822416044771671,0.14428655989468098,4.682842946598709,-4.707984387424102,15.52150994155137,seqgru
17420,2026Q2,8,0.021496497094631195,0.09753821790218353,0.19037280976772308,-0.08461806923151016,0.29648737609386444,10.245357422107148,-8.113684049516012,34.512557915101794,seqgru
17660,2026Q2,1,-0.0051987431943416595,0.013005184940993786,0.03163496032357216,-0.030832182615995407,0.057268399745225906,1.3090120158685936,-3.036171841716795,5.8939991480651654,seqgru
17660,2026Q2,2,-0.0011341013014316559,0.025371797382831573,0.053166136145591736,-0.03502653352916241,0.08705856837332249,2.5696400877944114,-3.4420204322001435,9.096057363333475,seqgru
17660,2026Q2,4,0.00707462802529335,0.04944212734699249,0.09675685316324234,-0.045015973970294,0.1488474551588297,5.068478453933456,-4.401778912030685,16.04959480359982,seqgru
17660,2026Q2,8,0.024641111493110657,0.10352173447608948,0.20013108849525452,-0.0814734548330307,0.3062456548213959,10.906989815629743,-7.824282227267821,35.831594242681966,seqgru
17780,2026Q2,1,-0.009018744342029095,0.009349553845822811,0.02774476259946823,-0.03465218376368284,0.05337820202112198,0.9393397457256647,-3.4058672086405783,5.482850796288341,seqgru
17780,2026Q2,2,-0.00844009593129158,0.01812608167529106,0.0450589694082737,-0.04233252815902233,0.07895140163600445,1.8291356176575624,-4.144901762276532,8.215172998870802,seqgru
17780,2026Q2,4,-0.006353721022605896,0.03516092896461487,0.07985465228557587,-0.058444323018193245,0.13194525428116322,3.5786383418122236,-5.676924482068346,14.104585018199934,seqgru
17780,2026Q2,8,0.003467962145805359,0.07583759725093842,0.16320553421974182,-0.102646604180336,0.2693201005458832,7.878736189696767,-9.755416227792269,30.907410932389823,seqgru
17820,2026Q2,1,-0.01094194408506155,0.00739227095618844,0.025540392845869064,-0.0365753835067153,0.05117383226752281,0.7419661241673481,-3.5914584982393083,5.250583685819699,seqgru
17820,2026Q2,2,-0.012962039560079575,0.013689052313566208,0.03999374434351921,-0.046854471787810326,0.07388617657124996,1.378317638959925,-4.5773745672843535,7.668424662868456,seqgru
17820,2026Q2,4,-0.014554694294929504,0.02681192010641098,0.07017342746257782,-0.06664529629051685,0.12226402945816517,2.7174593706407846,-6.447302261860011,13.005242952559492,seqgru
17820,2026Q2,8,-0.00808946043252945,0.06304916739463806,0.14773248136043549,-0.1142040267586708,0.25384704768657684,6.507920511354648,-10.792407004651706,28.89746375368798,seqgru
17860,2026Q2,1,-0.0050816889852285385,0.012968869879841805,0.031621843576431274,-0.030715128406882286,0.05725528299808502,1.3053330397035046,-3.024821153189172,5.892610172364043,seqgru
17860,2026Q2,2,-8.009374141693115e-08,0.02602163702249527,0.053590767085552216,-0.03389251232147217,0.08748319931328297,2.63631556758801,-3.3324595251437827,9.142392761743313,seqgru
17860,2026Q2,4,0.011472022160887718,0.05213646963238716,0.09855912625789642,-0.04061857983469963,0.15064972825348377,5.351950612317147,-3.980470203930353,16.258936454707438,seqgru
17860,2026Q2,8,0.03840799629688263,0.10920178890228271,0.19894328713417053,-0.06770657002925873,0.3050578534603119,11.5387400433532,-6.546534617497624,35.67034907273647,seqgru
17900,2026Q2,1,-0.004816632717847824,0.0133065115660429,0.03200140595436096,-0.03045007213950157,0.05763484537601471,1.3395437183227887,-2.9991138674673623,5.9328106520984525,seqgru
17900,2026Q2,2,-0.00022893212735652924,0.026160791516304016,0.053949467837810516,-0.03412136435508728,0.08784190006554127,2.650598865896736,-3.3545795571623294,9.181549242439925,seqgru
17900,2026Q2,4,0.008259665220975876,0.05037909373641014,0.09765873104333878,-0.04383093677461147,0.14974933303892612,5.166970221364364,-4.288424312757588,16.154304576764012,seqgru
17900,2026Q2,8,0.027272194623947144,0.10347559303045273,0.19666674733161926,-0.07884237170219421,0.3027813136577606,10.901872524848933,-7.581440923425287,35.36184142126053,seqgru
17980,2026Q2,1,-0.00629009772092104,0.011835966259241104,0.030408170074224472,-0.03192353714257479,0.05604160949587822,1.1906288477821159,-3.141936030880932,5.764169075862213,seqgru
17980,2026Q2,2,-0.002451647073030472,0.02364283800125122,0.050935521721839905,-0.03634407930076122,0.08482795394957066,2.392454563724744,-3.569156217893865,8.852977333904155,seqgru
17980,2026Q2,4,0.006296634674072266,0.04679243266582489,0.09226299822330475,-0.04579396732151508,0.1443536002188921,4.79044757655267,-4.476124768384748,15.529254800637226,seqgru
17980,2026Q2,8,0.030641276389360428,0.10009098052978516,0.18670973181724548,-0.07547328993678093,0.29282429814338684,10.527147168541816,-7.269550143500048,34.02072928340074,seqgru
18020,2026Q2,1,-0.0027087796479463577,0.015266649425029755,0.0341280996799469,-0.028342219069600105,0.05976153910160065,1.5383780022188764,-2.7944346107331652,6.158337023604199,seqgru
18020,2026Q2,2,0.005143176764249802,0.031049834564328194,0.059247247874736786,-0.02874925546348095,0.09313968010246754,3.153690879807969,-2.833992762184545,9.761503954224748,seqgru
18020,2026Q2,4,0.022131023928523064,0.06291672587394714,0.11096620559692383,-0.029959578067064285,0.16305680759251118,6.493815374470002,-2.9515238374384967,17.71035562083505,seqgru
18020,2026Q2,8,0.056878093630075455,0.1290367841720581,0.22287282347679138,-0.0492364726960659,0.32898738980293274,13.773197392470738,-4.804400851980817,38.95603328474942,seqgru
18140,2026Q2,1,-0.00481125432997942,0.013292036019265652,0.03196054324507713,-0.030444693751633167,0.05759398266673088,1.3380767836346896,-2.998592157675184,5.928482038893179,seqgru
18140,2026Q2,2,0.00027512572705745697,0.026460561901330948,0.054201528429985046,-0.033617306500673294,0.0880939606577158,2.681375088111526,-3.3058523942720797,9.209073077087805,seqgru
18140,2026Q2,4,0.011252129450440407,0.052574820816516876,0.09959302842617035,-0.04083847254514694,0.1516836304217577,5.398141887878949,-4.001581877356475,16.379198980319277,seqgru
18140,2026Q2,8,0.034561142325401306,0.10851367563009262,0.20146505534648895,-0.07155342400074005,0.3075796216726303,11.462015156699866,-6.905345862239576,36.012909994466135,seqgru
18580,2026Q2,1,-0.010409624315798283,0.007909050211310387,0.026103869080543518,-0.03604306373745203,0.051737308502197266,0.7940409368130341,-3.5401246638768313,5.309906600368919,seqgru
18580,2026Q2,2,-0.011180374771356583,0.015239366330206394,0.04158969968557358,-0.045072806999087334,0.07548213191330433,1.5356077588142059,-4.4072118940944875,7.8403958530476325,seqgru
18580,2026Q2,4,-0.010005638003349304,0.030671343207359314,0.07381743937730789,-0.06209623999893665,0.12590804137289524,3.114655487115914,-6.020756318441389,13.417786604789894,seqgru
18580,2026Q2,8,0.0027157962322235107,0.07173018902540207,0.15519565343856812,-0.10339877009391785,0.2613102197647095,7.436542937091661,-9.823269605893026,29.86304637893753,seqgru
18700,2026Q2,1,-0.008534909226000309,0.00975123979151249,0.02817676216363907,-0.03416834864765406,0.053810201585292816,0.9798938043211303,-3.3591202671998,5.528429186073258,seqgru
18700,2026Q2,2,-0.007482493296265602,0.01896733231842518,0.045876964926719666,-0.04137492552399635,0.07976939715445042,1.9148354859662042,-4.053066703894215,8.303728739573412,seqgru
18700,2026Q2,4,-0.0038007088005542755,0.03733816370368004,0.08200845122337341,-0.055891310796141624,0.13409905321896076,3.8043990292587315,-5.435808862851543,14.350608199337689,seqgru
18700,2026Q2,8,0.011007286608219147,0.08202612400054932,0.16842594742774963,-0.09510727971792221,0.274540513753891,8.548416664811654,-9.072461757089323,31.59258860866434,seqgru
18880,2026Q2,1,-0.006225145421922207,0.01201645191758871,0.03057239204645157,-0.031858584843575954,0.056205831468105316,1.2088939532935328,-3.135644672632676,5.7815393025462125,seqgru
18880,2026Q2,2,-0.0032200589776039124,0.02330634742975235,0.05086975544691086,-0.03711249120533466,0.08476218767464161,2.3580062642604593,-3.643226364388319,8.845818714470411,seqgru
18880,2026Q2,4,0.0028086863458156586,0.04503771290183067,0.09174787253141403,-0.04928191564977169,0.14383847452700138,4.606730939858261,-4.808726722894974,15.469758038795378,seqgru
18880,2026Q2,8,0.016096368432044983,0.09395001083612442,0.18872815370559692,-0.09001819789409637,0.2948427200317383,9.850483120658971,-8.60854462003634,34.29151284267908,seqgru
19124,2026Q2,1,-0.010816547088325024,0.007550796493887901,0.025681745260953903,-0.03644998650997877,0.05131518468260765,0.7579375644232167,-3.579368398659988,5.265462161542245,seqgru
19124,2026Q2,2,-0.012395709753036499,0.014188838191330433,0.040474653244018555,-0.04628814198076725,0.0743670854717493,1.4289977539753362,-4.523318584923253,7.720215819007392,seqgru
19124,2026Q2,4,-0.012635182589292526,0.02857864834368229,0.07186563313007355,-0.06472578458487988,0.1239562351256609,2.899093608495096,-6.267554304494105,13.196632955092657,seqgru
19124,2026Q2,8,-0.0036820247769355774,0.06793738901615143,0.1537158489227295,-0.10979659110307693,0.25983041524887085,7.029829395167786,-10.398362553627937,29.671016574793676,seqgru
19140,2026Q2,1,-0.006605089642107487,0.011553343385457993,0.03009810298681259,-0.032238529063761234,0.05573154240846634,1.162034102412135,-3.172440733913229,5.731380171647049,seqgru
19140,2026Q2,2,-0.0033391378819942474,0.022871289402246475,0.050190068781375885,-0.037231570109725,0.08408250100910664,2.3134842774818143,-3.6546997402913672,8.771862799162843,seqgru
19140,2026Q2,4,0.005331683903932571,0.0461132787168026,0.09179750084877014,-0.04675891809165478,0.1438881028443575,4.7193028920925695,-4.568256147084959,15.475488750793986,seqgru
19140,2026Q2,8,0.028552792966365814,0.09968781471252441,0.188930481672287,-0.07756177335977554,0.29504504799842834,10.482595382406213,-7.4630140574232895,34.31868652032104,seqgru
19300,2026Q2,1,-0.005273159593343735,0.012907582335174084,0.03148043528199196,-0.030906599014997482,0.057113874703645706,1.2991244748355557,-3.0433872721652877,5.877637137646441,seqgru
19300,2026Q2,2,-0.0016088653355836868,0.024928845465183258,0.052664075046777725,-0.03550129756331444,0.08655650727450848,2.5242167299494467,-3.48785180770409,9.041298224264382,seqgru
19300,2026Q2,4,0.005877956748008728,0.04846998304128647,0.09569255262613297,-0.04621264524757862,0.14778315462172031,4.966386363057973,-4.516110135276952,15.926148860963174,seqgru
19300,2026Q2,8,0.022749725729227066,0.1030423566699028,0.2007656991481781,-0.08336484059691429,0.30688026547431946,10.853836207509083,-7.99845729958919,35.91782177695399,seqgru
19340,2026Q2,1,-0.0042580170556902885,0.013772241771221161,0.03251136094331741,-0.029891456477344036,0.05814480036497116,1.386751597025615,-2.9449125157780642,5.986845393856743,seqgru
19340,2026Q2,2,0.002019723877310753,0.027906274423003197,0.05565863102674484,-0.03187270835042,0.0895510632544756,2.829930195934316,-3.1370127273572024,9.368317890899004,seqgru
19340,2026Q2,4,0.016458073630928993,0.05669247359037399,0.1033996194601059,-0.035632528364658356,0.15549022145569324,5.833029582982774,-3.5005163432440423,16.82305124175727,seqgru
19340,2026Q2,8,0.049064382910728455,0.11899048835039139,0.20921525359153748,-0.0570501834154129,0.31532981991767883,12.635920470331241,-5.5453332400654975,37.07113243075406,seqgru
19430,2026Q2,1,-0.002196543850004673,0.015715524554252625,0.03457827493548393,-0.02782998327165842,0.06021171435713768,1.5839662857235481,-2.744629685537836,6.206137638620968,seqgru
19430,2026Q2,2,0.005953124724328518,0.031781941652297974,0.05996881052851677,-0.027939307503402233,0.09386124275624752,3.229238078997021,-2.755261473013837,9.84073233698437,seqgru
19430,2026Q2,4,0.023780494928359985,0.06441285461187363,0.11254836618900299,-0.028310107067227364,0.16463896818459034,6.653263079467675,-2.7913130952679555,17.896739712680308,seqgru
19430,2026Q2,8,0.0601041205227375,0.13273277878761292,0.2272484004497528,-0.046010445803403854,0.33336296677589417,14.194480568028233,-4.49680139377604,39.56537824995037,seqgru
19460,2026Q2,1,-0.005911341868340969,0.012200761586427689,0.03079916536808014,-0.03154478128999472,0.05643260478973389,1.2275494501630346,-3.1052435239708243,5.805530453754559,seqgru
19460,2026Q2,2,-0.0018528047949075699,0.02428773045539856,0.05167969688773155,-0.03574523702263832,0.0855721291154623,2.458507981420621,-3.5113920576376523,8.934013165056175,seqgru
19460,2026Q2,4,0.007792077958583832,0.04854123294353485,0.0944468080997467,-0.04429852403700352,0.14653741009533405,4.973865474265526,-4.333167364956559,15.781824409916556,seqgru
19460,2026Q2,8,0.03277406841516495,0.1035924106836319,0.19224950671195984,-0.07334049791097641,0.2983640730381012,10.914828578063585,-7.071564323257373,34.765234245791056,seqgru
19500,2026Q2,1,-0.0021224655210971832,0.01571214199066162,0.03453148901462555,-0.02775590494275093,0.0601649284362793,1.5836226720789215,-2.7374249033718434,6.2011688029073975,seqgru
19500,2026Q2,2,0.006980868987739086,0.03240102902054787,0.06039611995220184,-0.026911563239991665,0.0942885521799326,3.293165782700913,-2.6552673754674294,9.88767834653823,seqgru
19500,2026Q2,4,0.028447892516851425,0.06768212467432022,0.11498306691646576,-0.023642709478735924,0.1670736689120531,7.002511982939863,-2.3365410289910016,18.1841327066234,seqgru
19500,2026Q2,8,0.0733441635966301,0.14074380695819855,0.2319709062576294,-0.03277040272951126,0.33808547258377075,15.112969878535122,-3.223927069478949,40.22603530988147,seqgru
19660,2026Q2,1,-0.009944803081452847,0.00844419002532959,0.02666730061173439,-0.035578242503106594,0.05230074003338814,0.847994276136621,-3.495277643442052,5.369258241017105,seqgru
19660,2026Q2,2,-0.011087443679571152,0.01568468287587166,0.04230597987771034,-0.0449798759073019,0.0761984121054411,1.5808333140200137,-4.39832793913757,7.917667463267519,seqgru
19660,2026Q2,4,-0.012080203741788864,0.030018098652362823,0.07406729459762573,-0.06417080573737621,0.12615789659321308,3.0473183960672,-6.215520342269665,13.44612817134674,seqgru
19660,2026Q2,8,-0.004285283386707306,0.07095649838447571,0.15941692888736725,-0.11039984971284866,0.2655314952135086,7.353452436643826,-10.45239921218859,30.41239272370131,seqgru
19740,2026Q2,1,-0.010625253431499004,0.0077024707570672035,0.025866810232400894,-0.03625869285315275,0.05150024965405464,0.7732211093936625,-3.5609219791622237,5.284944914023448,seqgru
19740,2026Q2,2,-0.01148451492190361,0.014896385371685028,0.041149627417325974,-0.04537694714963436,0.07504205964505672,1.5007889501765348,-4.4362810782831215,7.7929487262839325,seqgru
19740,2026Q2,4,-0.009944785386323929,0.0305461585521698,0.07351645827293396,-0.06203538738191128,0.1256070602685213,3.1017479224551447,-6.015037261509271,13.383655130843962,seqgru
19740,2026Q2,8,0.0032698214054107666,0.07164681702852249,0.1547965109348297,-0.10284474492073059,0.26091107726097107,7.427586111348572,-9.773295585064467,29.8112228606352,seqgru
19780,2026Q2,1,-0.006980401463806629,0.011205124668776989,0.029659945517778397,-0.03261384088546038,0.055293384939432144,1.1268137212739893,-3.2087744429103227,5.685063325490569,seqgru
19780,2026Q2,2,-0.004352778196334839,0.0219425018876791,0.04911477118730545,-0.03824521042406559,0.0830072034150362,2.218500907225285,-3.752309741658033,8.654963538802907,seqgru
19780,2026Q2,4,0.0021741315722465515,0.043389201164245605,0.08897092938423157,-0.0499164704233408,0.14106153137981892,4.434427577152245,-4.869111638960499,15.149549891184755,seqgru
19780,2026Q2,8,0.01936989277601242,0.0926046296954155,0.1828826665878296,-0.08674467355012894,0.28899723291397095,9.702791725257075,-8.308882257597695,33.508803421995005,seqgru
19804,2026Q2,1,-0.002187800593674183,0.015767335891723633,0.034700483083724976,-0.02782124001532793,0.06033392250537872,1.5892296232315362,-2.7437793531883248,6.21911768715131,seqgru
19804,2026Q2,2,0.006302998401224613,0.0321015790104866,0.06035245582461357,-0.027589433826506138,0.09424488805234432,3.262239273870815,-2.721232146150876,9.882880301682517,seqgru
19804,2026Q2,4,0.024994246661663055,0.06526091694831848,0.1134846955537796,-0.027096355333924294,0.16557529754936695,6.743750058820641,-2.673254250475099,18.007181589001853,seqgru
19804,2026Q2,8,0.061198607087135315,0.1323351263999939,0.22575071454048157,-0.04491595923900604,0.3318652808666229,14.149079887620175,-4.392217203489079,39.35650959838362,seqgru
20020,2026Q2,1,-0.006089535541832447,0.01207384467124939,0.030679691582918167,-0.031722974963486195,0.056313131004571915,1.2147027771030716,-3.1225080183118314,5.792890221643399,seqgru
20020,2026Q2,2,-0.0023943427950143814,0.023864857852458954,0.051392607390880585,-0.03628677502274513,0.08528503961861134,2.415190245044685,-3.5636301596805753,8.90274384278844,seqgru
20020,2026Q2,4,0.0064237527549266815,0.04753986373543739,0.09369759261608124,-0.04566684924066067,0.1457881946116686,4.868800490923619,-4.463981184871368,15.695111361776949,seqgru
20020,2026Q2,8,0.029677074402570724,0.10232941806316376,0.19311881065368652,-0.07643749192357063,0.2992333769798279,10.774832393752432,-7.358917936262255,34.882437130212594,seqgru
20100,2026Q2,1,-0.0052689723670482635,0.01289206650108099,0.031552862375974655,-0.03090241178870201,0.0571863017976284,1.2975527466198011,-3.0429812920369836,5.885305824929099,seqgru
20100,2026Q2,2,-0.0008717365562915802,0.025441888719797134,0.05315018072724342,-0.03476416878402233,0.08704261295497417,2.5768295829579513,-3.4166836989121485,9.094316703984617,seqgru
20100,2026Q2,4,0.007928077131509781,0.04959120601415634,0.096416175365448,-0.04416252486407757,0.14850677736103535,5.084143090264859,-4.320155870085529,16.01006601687951,seqgru
20100,2026Q2,8,0.028526637703180313,0.10361991077661514,0.19628944993019104,-0.07758792862296104,0.3024040162563324,10.917878788103042,-7.465434354993105,35.31077938363254,seqgru
20220,2026Q2,1,-0.005401027388870716,0.012683050706982613,0.031309179961681366,-0.031034466810524464,0.056942619383335114,1.2763821707616696,-3.055784107901638,5.859506581506113,seqgru
20220,2026Q2,2,-0.0007312167435884476,0.02536189928650856,0.05285296216607094,-0.0346236489713192,0.08674539439380169,2.5686248486414875,-3.4031108757923256,9.061896666298885,seqgru
20220,2026Q2,4,0.010265585035085678,0.051106296479701996,0.0973733589053154,-0.04182501696050167,0.14946396090090275,5.243475744754789,-4.09624187981239,16.121162103720454,seqgru
20220,2026Q2,8,0.03735547885298729,0.10879416763782501,0.19899341464042664,-0.06875908747315407,0.305107980966568,11.493283746206773,-6.644844274615103,35.677150059465234,seqgru
20260,2026Q2,1,-0.0012084199115633965,0.016668200492858887,0.035666387528181076,-0.026841859333217144,0.061299826949834824,1.680788999163907,-2.6484818308128433,6.321764770668059,seqgru
20260,2026Q2,2,0.00796821154654026,0.03378193825483322,0.06228287145495415,-0.02592422068119049,0.0961753036826849,3.435902799919166,-2.5591073144235144,10.095204802655733,seqgru
20260,2026Q2,4,0.02718425542116165,0.068006731569767,0.11696211993694305,-0.024906346574425697,0.1690527219325304,7.037251374177589,-2.4598742580071664,18.418256967176205,seqgru
20260,2026Q2,8,0.0649360716342926,0.1380709707736969,0.23373985290527344,-0.041178494691848755,0.3398544192314148,14.805702587832581,-4.034217916763982,40.47430721008762,seqgru
20500,2026Q2,1,-0.008534622378647327,0.009806673973798752,0.028237011283636093,-0.034168061800301075,0.05387045070528984,0.9854916973173866,-3.3590925460152854,5.534787372602046,seqgru
20500,2026Q2,2,-0.00814514234662056,0.018600687384605408,0.04567926377058029,-0.04203757457435131,0.07957169599831104,1.8774757771466977,-4.116624787449775,8.282319083613988,seqgru
20500,2026Q2,4,-0.00658060610294342,0.035639386624097824,0.08106514811515808,-0.05867120809853077,0.13315575011074543,3.62820819227736,-5.698322553091595,14.242791774975828,seqgru
20500,2026Q2,8,0.00016579031944274902,0.07598768919706345,0.16644294559955597,-0.10594877600669861,0.2725575119256973,7.894929134341866,-10.052927862190863,31.331898824461724,seqgru
20740,2026Q2,1,-0.005697821266949177,0.012440863065421581,0.031041786074638367,-0.031331260688602924,0.056675225496292114,1.251857252553834,-3.084552288372433,5.8312041806739545,seqgru
20740,2026Q2,2,-0.0015515685081481934,0.024657517671585083,0.05215458944439888,-0.035444000735878944,0.08604702167212963,2.4964028339458766,-3.4823218093795183,8.98575740258034,seqgru
20740,2026Q2,4,0.008312519639730453,0.0493805967271328,0.09566614031791687,-0.043778082355856895,0.14775674231350422,5.062013724217929,-4.283365399364769,15.923087024224426,seqgru
20740,2026Q2,8,0.031629838049411774,0.10455885529518127,0.19592034816741943,-0.07448472827672958,0.3020349144935608,11.022073431241663,-7.177835050509385,35.260845152413324,seqgru
20940,2026Q2,1,-0.0021744240075349808,0.0157548189163208,0.0347919762134552,-0.02780786342918873,0.06042541563510895,1.5879580413013406,-2.74247838827405,6.228836451258979,seqgru
20940,2026Q2,2,0.00594536866992712,0.03189024701714516,0.060278721153736115,-0.02794706355780363,0.09417115338146687,3.240418964754088,-2.7560157055711576,9.874778422366791,seqgru
20940,2026Q2,4,0.021182777360081673,0.06219106167554855,0.11069764196872711,-0.030907824635505676,0.16278824396431446,6.416564657731549,-3.043506104105431,17.678747145286632,seqgru
20940,2026Q2,8,0.05212513357400894,0.12295510619878769,0.21328967809677124,-0.053989432752132416,0.3194042444229126,13.083365238670662,-5.25578816953961,37.63075771298019,seqgru
20994,2026Q2,1,-0.0018978780135512352,0.015960726886987686,0.03483842313289642,-0.027531317435204983,0.06047186255455017,1.6088779653014473,-2.71557849092956,6.233770568054342,seqgru
20994,2026Q2,2,0.00678862351924181,0.032468292862176895,0.06068668141961098,-0.02710380870848894,0.09457911364734173,3.300113911521785,-2.673979660462944,9.919612110744813,seqgru
20994,2026Q2,4,0.026594802737236023,0.06672804057598114,0.1149006187915802,-0.025495799258351326,0.16699122078716755,6.900471273224307,-2.5173526048690498,18.174389048169214,seqgru
20994,2026Q2,8,0.06676851958036423,0.13788685202598572,0.23228776454925537,-0.03934604674577713,0.33840233087539673,14.784566651462793,-3.8582043979393466,40.27047413190405,seqgru
21060,2026Q2,1,-0.007812351919710636,0.01049005426466465,0.02896161377429962,-0.033445791341364384,0.05459505319595337,1.054526777926812,-3.2892664598123122,5.611285854532033,seqgru
21060,2026Q2,2,-0.005802333354949951,0.020624663680791855,0.04770239070057869,-0.0396947655826807,0.08159482292830944,2.0838821836103305,-3.8917250081057397,8.501609710984436,seqgru
21060,2026Q2,4,-0.0003135167062282562,0.040897488594055176,0.08599594235420227,-0.052404118701815605,0.13808654434978962,4.174530929536391,-5.105469719845379,14.807490537100065,seqgru
21060,2026Q2,8,0.01728379726409912,0.08943387120962143,0.17756778001785278,-0.08883076906204224,0.28368234634399414,9.355501545084666,-8.499959315012484,32.80110161904819,seqgru
21140,2026Q2,1,-0.0038481121882796288,0.014222759753465652,0.033032890409231186,-0.029481551609933376,0.058666329830884933,1.4324384423813896,-2.9051210082021495,6.0421350730741175,seqgru
21140,2026Q2,2,0.0028576403856277466,0.028793886303901672,0.056695856153964996,-0.031034791842103004,0.09058828838169575,2.921243783205507,-3.0558156178280393,9.481816309867796,seqgru
21140,2026Q2,4,0.017645133659243584,0.05807298794388771,0.10528621077537537,-0.034445468336343765,0.15737681277096272,5.979234495167818,-3.385897647265068,17.043656626322502,seqgru
21140,2026Q2,8,0.04826878756284714,0.11941233277320862,0.21097546815872192,-0.05784577876329422,0.3170900344848633,12.68344532853396,-5.620451047873876,37.31261950698277,seqgru
21300,2026Q2,1,0.004782442469149828,0.022337129339575768,0.041833583265542984,-0.02085099695250392,0.06746702268719673,2.258847094107863,-2.063511794984896,6.97949800525004,seqgru
21300,2026Q2,2,0.02093237265944481,0.046132829040288925,0.0759422779083252,-0.012960059568285942,0.10983471013605595,4.72135020835216,-1.287643962589402,11.609357625641238,seqgru
21300,2026Q2,4,0.054553743451833725,0.09457387030124664,0.14722979068756104,0.002463141456246376,0.19932039268314838,9.919035765686868,0.24661774813712345,22.057296590728235,seqgru
21300,2026Q2,8,0.11091937124729156,0.18450506031513214,0.2879505157470703,0.0048048049211502075,0.39406508207321167,20.262306692117882,0.48163665059519634,48.29970620574391,seqgru
21340,2026Q2,1,-0.006540433503687382,0.01160171814262867,0.030191637575626373,-0.03217387292534113,0.05582507699728012,1.166927909614146,-3.1661800354443326,5.741270175337609,seqgru
21340,2026Q2,2,-0.0028252508491277695,0.023267347365617752,0.05056922882795334,-0.03671768307685852,0.08446166105568409,2.3540143732939667,-3.605176416203082,8.813112563365166,seqgru
21340,2026Q2,4,0.006597403436899185,0.04693133383989334,0.09244123101234436,-0.045493198558688164,0.1445318330079317,4.805004103688182,-4.447389849544525,15.549847737049749,seqgru
21340,2026Q2,8,0.031198643147945404,0.0998474732041359,0.18659406900405884,-0.07491592317819595,0.2927086353302002,10.500236275155995,-7.217850866850684,34.00522896524898,seqgru
21420,2026Q2,1,-0.0026371125131845474,0.015241984277963638,0.03409754857420921,-0.028270551934838295,0.05973098799586296,1.535873574078761,-2.787467916740305,6.155093818566848,seqgru
21420,2026Q2,2,0.005565461702644825,0.031201045960187912,0.059244342148303986,-0.028326970525085926,0.09313677437603474,3.169290072752151,-2.792952356041223,9.76118501778478,seqgru
21420,2026Q2,4,0.024946628138422966,0.064658984541893,0.11224536597728729,-0.027143973857164383,0.16433596797287464,6.679516870435109,-2.677888696035846,17.861022387038638,seqgru
21420,2026Q2,8,0.06506972759962082,0.1335202008485794,0.2250109314918518,-0.04104483872652054,0.33112549781799316,14.284435232763947,-4.0213906603206,39.25345413890753,seqgru
21500,2026Q2,1,0.0008165379986166954,0.01857955940067768,0.037728872150182724,-0.024816901423037052,0.06336231157183647,1.8753233342143405,-2.45114937650035,6.541278069078182,seqgru
21500,2026Q2,2,0.012638392858207226,0.03813224658370018,0.06696417927742004,-0.021254039369523525,0.1008566115051508,3.8868610619096744,-2.1029764004162455,10.611802579299855,seqgru
21500,2026Q2,4,0.03762923181056976,0.07772351801395416,0.1275562196969986,-0.014461370185017586,0.17964682169258595,8.082378904819198,-1.4357306808150283,19.679460657851067,seqgru
21500,2026Q2,8,0.08386901021003723,0.1555105745792389,0.2521853744983673,-0.022245556116104126,0.35829994082450867,16.825428979949276,-2.1999948331069774,43.08947398695307,seqgru
21660,2026Q2,1,-0.0068106455728411674,0.01142668817192316,0.030035350471735,-0.032444084994494915,0.05566878989338875,1.149222214744583,-3.1923421674799224,5.724745469792936,seqgru
21660,2026Q2,2,-0.004051340743899345,0.022417236119508743,0.04980950802564621,-0.037943772971630096,0.08370194025337696,2.26703904917942,-3.723292709913417,8.73047637237827,seqgru
21660,2026Q2,4,0.0026279203593730927,0.04419201239943504,0.0902082622051239,-0.049462681636214256,0.14229886420071125,4.518302372260874,-4.825932512152054,15.292116391492062,seqgru
21660,2026Q2,8,0.02077152207493782,0.09404999762773514,0.1839609295129776,-0.08534304425120354,0.29007549583911896,9.861467267148715,-8.180275191857767,33.65283865487636,seqgru
21780,2026Q2,1,-0.004405025392770767,0.013620210811495781,0.032310981303453445,-0.030038464814424515,0.05794442072510719,1.3713388435144358,-2.9591793740950667,5.965609915596204,seqgru
21780,2026Q2,2,0.0012410935014486313,0.027266468852758408,0.05498499795794487,-0.03265133872628212,0.08887743018567562,2.764160076095168,-3.2124038368315566,9.294668584377908,seqgru
21780,2026Q2,4,0.014255300164222717,0.054996151477098465,0.10184980928897858,-0.03783530183136463,0.15394041128456593,5.653654856256662,-3.712848899276866,16.64213791558864,seqgru
21780,2026Q2,8,0.04381973296403885,0.11555726826190948,0.20704324543476105,-0.06229483336210251,0.3131578117609024,12.249879626266825,-6.039418119395645,36.773735903813986,seqgru
21794,2026Q2,1,-0.010409730486571789,0.007912169210612774,0.026146378368139267,-0.036043169908225536,0.051779817789793015,0.7943553138466619,-3.5401349050958597,5.314383344626217,seqgru
21794,2026Q2,2,-0.011492058634757996,0.015021353028714657,0.041360966861248016,-0.04538449086248875,0.07525339908897877,1.5134740585559303,-4.437001980818822,7.815732035547618,seqgru
21794,2026Q2,4,-0.011277642101049423,0.02968318574130535,0.07306251674890518,-0.06336824409663677,0.12515311874449253,3.0128122972780558,-6.140222304783061,13.332197261949252,seqgru
21794,2026Q2,8,0.0006923526525497437,0.07025904208421707,0.15343445539474487,-0.10542221367359161,0.25954902172088623,7.278604199608751,-10.005552650123374,29.63453312330664,seqgru
21820,2026Q2,1,-0.004867173731327057,0.013241324573755264,0.03208843991160393,-0.030500613152980804,0.057721879333257675,1.332937913576604,-3.004016266673737,5.942030805038745,seqgru
21820,2026Q2,2,0.0005849581211805344,0.026707250624895096,0.05450432375073433,-0.03330747410655022,0.08839675597846508,2.706708550077064,-3.2758887734112174,9.242146080321522,seqgru
21820,2026Q2,4,0.012145932763814926,0.05274035781621933,0.09957964718341827,-0.03994466923177242,0.15167024917900562,5.4155906242271845,-3.915739815915087,16.37764169242566,seqgru
21820,2026Q2,8,0.0380321629345417,0.10686914622783661,0.1938539743423462,-0.06808240339159966,0.29996854066848755,11.278863236176662,-6.581650948257057,34.981634258824414,seqgru
22020,2026Q2,1,-0.004961224272847176,0.013034461997449398,0.03157585486769676,-0.030594663694500923,0.05720929428935051,1.3119780889515598,-3.013138362493384,5.887740419935361,seqgru
22020,2026Q2,2,0.0003928970545530319,0.026259953156113625,0.05373796448111534,-0.03349953517317772,0.08763039670884609,2.6607783723076484,-3.294463925543123,9.158459420159492,seqgru
22020,2026Q2,4,0.013184484094381332,0.053452566266059875,0.09958259761333466,-0.03890611790120602,0.151673199608922,5.490695240511179,-3.815899544004686,16.377985057007848,seqgru
22020,2026Q2,8,0.04163689166307449,0.11239805817604065,0.20323044061660767,-0.06447767466306686,0.309345006942749,11.89581824603463,-6.244295469466699,36.25323725500253,seqgru
22140,2026Q2,1,-0.003331436775624752,0.014637005515396595,0.03345905616879463,-0.0289648761972785,0.05909249559044838,1.4744651042107648,-2.8549415093920505,6.087336231022067,seqgru
22140,2026Q2,2,0.003841973841190338,0.029689449816942215,0.05760839954018593,-0.030050458386540413,0.09150083176791668,3.0134575793468787,-2.9603432331959945,9.581768815815783,seqgru
22140,2026Q2,4,0.02046508714556694,0.0607447475194931,0.10807999968528748,-0.03162551485002041,0.16017060168087482,6.262764122584197,-3.113065866841913,17.371109099737538,seqgru
22140,2026Q2,8,0.056337229907512665,0.1265667974948883,0.2180500030517578,-0.04977733641862869,0.32416456937789917,13.492525880833718,-4.855874776663526,38.28748672508673,seqgru
22180,2026Q2,1,-0.00650764349848032,0.01170932874083519,0.030330799520015717,-0.03214108292013407,0.055964238941669464,1.1778151290247951,-3.163004801925795,5.7559863600400885,seqgru
22180,2026Q2,2,-0.003340134397149086,0.02306075021624565,0.05055105686187744,-0.03723256662487984,0.08444348908960819,2.332870509903806,-3.6547957497953365,8.811135233141098,seqgru
22180,2026Q2,4,0.0028887800872325897,0.04437527433037758,0.09052667021751404,-0.04920182190835476,0.1426172722131014,4.5374583533998925,-4.801102192333451,15.32883217010539,seqgru
22180,2026Q2,8,0.019368112087249756,0.09190833568572998,0.18064850568771362,-0.0867464542388916,0.286763072013855,9.626432915708904,-8.309045530795323,33.21085622848632,seqgru
22220,2026Q2,1,-0.0049065230414271355,0.013254058547317982,0.03187641128897667,-0.030539962463080883,0.05750985071063042,1.3342282927448323,-3.0078329166243534,5.919570443372746,seqgru
22220,2026Q2,2,-0.001034492626786232,0.02554626390337944,0.053472232073545456,-0.03492692485451698,0.08736466430127621,2.5875366171415726,-3.4324019407943163,9.129456333631826,seqgru
22220,2026Q2,4,0.005707118660211563,0.04864485561847687,0.09655299782752991,-0.046383483335375786,0.14864359982311726,4.984743710611217,-4.532421027136413,16.025939885664364,seqgru
22220,2026Q2,8,0.017032794654369354,0.09848947823047638,0.1973840892314911,-0.089081771671772,0.30349865555763245,10.35027935312458,-8.522923181898967,35.458976977292636,seqgru
22380,2026Q2,1,-0.004249717108905315,0.013759114779531956,0.032481394708156586,-0.029883156530559063,0.05811483412981033,1.3854207027153453,-2.9441069603737047,5.9836694147100244,seqgru
22380,2026Q2,2,0.0020285621285438538,0.027885647490620613,0.055682092905044556,-0.0318638700991869,0.0895745251327753,2.8278091517926374,-3.1361566241572714,9.37088390716485,seqgru
22380,2026Q2,4,0.017386291176080704,0.05755291506648064,0.10449221730232239,-0.034704310819506645,0.15658281929790974,5.92413189966321,-3.410902245160896,16.95076161079725,seqgru
22380,2026Q2,8,0.04933180660009384,0.11943775415420532,0.21133503317832947,-0.056782759726047516,0.3174495995044708,12.686309933740647,-5.520070446818648,37.36200119914068,seqgru
22420,2026Q2,1,-0.0032689692452549934,0.014588704332709312,0.033290982246398926,-0.02890240866690874,0.05892442166805267,1.4695638859019367,-2.848872907957223,6.069507214643521,seqgru
22420,2026Q2,2,0.004126705229282379,0.02975788712501526,0.057438693940639496,-0.029765726998448372,0.09133112616837025,3.0205077843246997,-2.9327090630536956,9.563173753927213,seqgru
22420,2026Q2,4,0.023509468883275986,0.06319683790206909,0.110113725066185,-0.028581133112311363,0.16220432706177235,6.523649751365834,-2.8176556113123308,17.610052593665237,seqgru
22420,2026Q2,8,0.06393548846244812,0.1336210072040558,0.2264869511127472,-0.04217907786369324,0.33260151743888855,14.295956410861654,-4.130191640535752,39.45914673530402,seqgru
22500,2026Q2,1,-0.005688847042620182,0.0125136598944664,0.031207002699375153,-0.03132228646427393,0.0568404421210289,1.2592283349891709,-3.0836825435010873,5.848690699512549,seqgru
22500,2026Q2,2,-0.0015907473862171173,0.024740800261497498,0.052340034395456314,-0.03548317961394787,0.08623246662318707,2.5049393552974752,-3.486103189649248,9.00597013514448,seqgru
22500,2026Q2,4,0.0078401118516922,0.04922151565551758,0.09585973620414734,-0.04425049014389515,0.1479503381997347,5.045301675809166,-4.328572004178099,15.94553142949362,seqgru
22500,2026Q2,8,0.030649464577436447,0.10418098419904709,0.1957446038722992,-0.07546510174870491,0.30185917019844055,10.980129323891097,-7.268790846027617,35.23707591923939,seqgru
22520,2026Q2,1,-0.0037369681522250175,0.014255275949835777,0.033005617558956146,-0.029370407573878765,0.058639056980609894,1.435736693091072,-2.8943288917421817,6.039243041238573,seqgru
22520,2026Q2,2,0.0027962885797023773,0.02871859446167946,0.05658207833766937,-0.031096143648028374,0.09047451056540012,2.913494944873074,-3.0617631361664843,9.469360416499594,seqgru
22520,2026Q2,4,0.017008187249302864,0.05763721466064453,0.1047271192073822,-0.035082414746284485,0.15681772120296955,5.933061637375858,-3.447416058862751,16.978236794357947,seqgru
22520,2026Q2,8,0.04891068488359451,0.12034288048744202,0.21183443069458008,-0.057203881442546844,0.31794899702072144,12.788351453523772,-5.559849620402013,37.43061657311437,seqgru
22540,2026Q2,1,0.00028399936854839325,0.01804487407207489,0.03711731731891632,-0.025349440053105354,0.06275075674057007,1.8208666533723994,-2.5030840779313723,6.476142154867337,seqgru
22540,2026Q2,2,0.011604330502450466,0.03707435727119446,0.06577341258525848,-0.022288101725280285,0.09966584481298923,3.7770183728299545,-2.2041557053901872,10.480168117548772,seqgru
22540,2026Q2,4,0.03635212406516075,0.0762946605682373,0.12578999996185303,-0.015738477930426598,0.17788060195744038,7.928054872747503,-1.5615275274216356,19.468266994655647,seqgru
22540,2026Q2,8,0.08242642879486084,0.1536528766155243,0.2504669725894928,-0.023688137531280518,0.35658153891563416,16.608604078368195,-2.3409775889639217,42.84379990557359,seqgru
22660,2026Q2,1,-0.009882367216050625,0.0084389578551054,0.026654798537492752,-0.03551580663770437,0.0522882379591465,0.8474666236441664,-3.489252099483253,5.367940914962466,seqgru
22660,2026Q2,2,-0.01043366827070713,0.01607312634587288,0.04258007928729057,-0.04432610049843788,0.07647251151502132,1.6202993900716445,-4.335805481302135,7.947251686526324,seqgru
22660,2026Q2,4,-0.009261887520551682,0.0319184884428978,0.07559798657894135,-0.06135248951613903,0.1276885885745287,3.2433346625524884,-5.950833211131112,13.619912221043995,seqgru
22660,2026Q2,8,0.0027165934443473816,0.0743599385023117,0.1605285406112671,-0.10339797288179398,0.26664310693740845,7.7194459486682465,-9.823197715881605,30.55744127229225,seqgru
22744,2026Q2,1,-0.00846834946423769,0.009788524359464645,0.028193358331918716,-0.03410178888589144,0.053826797753572464,0.9836588662223811,-3.352687659194198,5.530180568175402,seqgru
22744,2026Q2,2,-0.006538223475217819,0.019645757973194122,0.046516794711351395,-0.04043065570294857,0.08040922693908215,1.9840005839970587,-3.962424121568209,8.373046864543344,seqgru
22744,2026Q2,4,0.0004500150680541992,0.04056436941027641,0.08488830924034119,-0.05164058692753315,0.13697891123592854,4.139834174220858,-5.032987062886363,14.680396358715964,seqgru
22744,2026Q2,8,0.020744379609823227,0.08785683661699295,0.17243114113807678,-0.08537018671631813,0.27854570746421814,9.18318005044705,-8.182767371713096,32.12069930372537,seqgru
22900,2026Q2,1,-0.0053656259551644325,0.01272059977054596,0.03134073317050934,-0.03099906537681818,0.056974172592163086,1.2801850754705635,-3.052352082920584,5.86284684132139,seqgru
22900,2026Q2,2,-0.0006665736436843872,0.025423897430300713,0.0529392845928669,-0.03455900587141514,0.08683171682059765,2.57498411012258,-3.39686635160773,9.071311560242501,seqgru
22900,2026Q2,4,0.010717716068029404,0.05143294483423233,0.09769406914710999,-0.041372885927557945,0.14978467114269733,5.277858968237825,-4.052871010671222,16.15840932215915,seqgru
22900,2026Q2,8,0.03819115832448006,0.10957589000463486,0.1999906599521637,-0.0679234080016613,0.30610522627830505,11.58047461494629,-6.566796680573428,35.81252094904552,seqgru
23060,2026Q2,1,-0.0036637913435697556,0.014303999952971935,0.03305080533027649,-0.029297230765223503,0.05868424475193024,1.4406791686514486,-2.8872227486288815,6.044034826568345,seqgru
23060,2026Q2,2,0.002775494009256363,0.028711091727018356,0.05654929205775261,-0.031116938218474388,0.09044172428548336,2.9127228151240026,-3.0637789042032737,9.465771382242538,seqgru
23060,2026Q2,4,0.017749153077602386,0.05841207504272461,0.10569922626018524,-0.03434144891798496,0.1577898282557726,6.015176779767861,-3.3758473818307655,17.092007453040694,seqgru
23060,2026Q2,8,0.05000850930809975,0.12210129201412201,0.21494770050048828,-0.05610605701804161,0.32106226682662964,12.986854264462554,-5.456113985323075,37.859141873416455,seqgru
23104,2026Q2,1,-0.010952132754027843,0.0074272844940423965,0.025556841865181923,-0.03658557217568159,0.05119028128683567,0.7454935185646328,-3.592440767950167,5.252314968942362,seqgru
23104,2026Q2,2,-0.012674383819103241,0.0139393899589777,0.040240008383989334,-0.04656681604683399,0.07413244061172009,1.4036996251942213,-4.549921752969077,7.694942789253445,seqgru
23104,2026Q2,4,-0.013473697006702423,0.02785072848200798,0.07102803885936737,-0.06556429900228977,0.12311864085495472,2.8242185693294175,-6.34611736885462,13.101859800132832,seqgru
23104,2026Q2,8,-0.005329988896846771,0.06650085002183914,0.15216368436813354,-0.11144455522298813,0.2582782506942749,6.876187254571997,-10.54590123460829,29.46990194098822,seqgru
23224,2026Q2,1,-0.007847572676837444,0.010379371233284473,0.028849314898252487,-0.03348101209849119,0.054482754319906235,1.0433423755415339,-3.2926726250856686,5.599426491741677,seqgru
23224,2026Q2,2,-0.005657896399497986,0.02059127390384674,0.0475519597530365,-0.03955032862722874,0.08144439198076725,2.080473682459405,-3.8778424189168437,8.485288938631165,seqgru
23224,2026Q2,4,0.0011235997080802917,0.04169810190796852,0.08648613095283508,-0.05096700228750706,0.13857673294842243,4.257967841863897,-4.968997192785396,14.86378165550406,seqgru
23224,2026Q2,8,0.022004328668117523,0.09124945104122162,0.17721021175384521,-0.08411023765802383,0.2833247780799866,9.554225533208571,-8.067009426684525,32.75362464831881,seqgru
23420,2026Q2,1,-0.005578125827014446,0.012616023421287537,0.031373150646686554,-0.031211565248668194,0.0570065900683403,1.269594117254691,-3.0729512569406814,5.866278703262773,seqgru
23420,2026Q2,2,-0.0013823341578245163,0.02500367909669876,0.05276816338300705,-0.03527476638555527,0.0866605956107378,2.5318892764843115,-3.4659863205922514,9.052648742294856,seqgru
23420,2026Q2,4,0.006307847797870636,0.04789474606513977,0.09468431770801544,-0.04578275419771671,0.1467749197036028,4.906023179601515,-4.475053641340754,15.80932697160884,seqgru
23420,2026Q2,8,0.025961413979530334,0.09848035126924515,0.18746733665466309,-0.08015315234661102,0.29358190298080444,10.349272194999237,-7.702502022241808,34.12230250754475,seqgru
23460,2026Q2,1,-0.0057012224569916725,0.012441331520676613,0.03109264001250267,-0.03133466187864542,0.05672607943415642,1.2519046845295367,-3.084881915667592,5.836586251004028,seqgru
23460,2026Q2,2,-0.0015128590166568756,0.024702589958906174,0.052251990884542465,-0.03540529124438763,0.08614442311227322,2.5010226853766415,-3.478585586823668,8.99637328929941,seqgru
23460,2026Q2,4,0.007693298161029816,0.04872669652104378,0.094840869307518,-0.04439730383455753,0.14693147130310535,4.993336108392232,-4.342616848600156,15.82745852620846,seqgru
23460,2026Q2,8,0.033511728048324585,0.10507179796695709,0.19406533241271973,-0.07260283827781677,0.3001798987388611,11.07903599823028,-7.002989478147958,35.01016673175521,seqgru
23540,2026Q2,1,-0.008994481526315212,0.009367858991026878,0.027729365974664688,-0.03462792094796896,0.053362805396318436,0.9411874719079005,-3.403523534565678,5.481226728914024,seqgru
23540,2026Q2,2,-0.00875844806432724,0.017866812646389008,0.04478014260530472,-0.04265088029205799,0.07867257483303547,1.80273789875538,-4.175412580413152,8.185003914320955,seqgru
23540,2026Q2,4,-0.00690862163901329,0.034797728061676025,0.07963167130947113,-0.05899922363460064,0.13172227330505848,3.5410253177969198,-5.729249895769883,14.079144702913116,seqgru
23540,2026Q2,8,0.0014758184552192688,0.07566412538290024,0.16505947709083557,-0.10463874787092209,0.27117404341697693,7.8600238868843375,-9.935017450844319,31.150330903957602,seqgru
23580,2026Q2,1,-0.008539377711713314,0.009760195389389992,0.02809280902147293,-0.03417281713336706,0.05372624844312668,0.9807981436931845,-3.3595521046253407,5.519570114733874,seqgru
23580,2026Q2,2,-0.007699381560087204,0.01880832016468048,0.045681849122047424,-0.041591813787817955,0.07957428134977818,1.8986310768601689,-4.073874211142181,8.282599031828376,seqgru
23580,2026Q2,4,-0.0054030641913414,0.03622987121343613,0.08094842731952667,-0.05749366618692875,0.13303902931511402,3.6894171219220118,-5.587212970306988,14.229458043601696,seqgru
23580,2026Q2,8,0.005499072372913361,0.0792318657040596,0.16766107082366943,-0.100615493953228,0.2737756371498108,8.245527723021095,-9.57193325676048,31.491974999770168,seqgru
23900,2026Q2,1,-0.004260658286511898,0.013783933594822884,0.0324757844209671,-0.029894097708165646,0.05810922384262085,1.387936999970596,-2.9451688603279846,5.983074817555134,seqgru
23900,2026Q2,2,0.001635488122701645,0.02763613499701023,0.05540836974978447,-0.032256944105029106,0.08930080197751522,2.802155529301431,-3.1742238009953017,9.340950660626458,seqgru
23900,2026Q2,4,0.015147365629673004,0.05589333176612854,0.10284164547920227,-0.036943236365914345,0.15493224747478962,5.748487767605903,-3.6269161338857825,16.757885200962885,seqgru
23900,2026Q2,8,0.04478383809328079,0.11734351515769958,0.21015721559524536,-0.061330728232860565,0.3162717819213867,12.450564808583863,-5.9487865583017,37.20030905949561,seqgru
24020,2026Q2,1,-0.005855916999280453,0.012242740020155907,0.030866961926221848,-0.0314893564209342,0.056500401347875595,1.2317989133313834,-3.099872995951458,5.812703947718023,seqgru
24020,2026Q2,2,-0.0016080047935247421,0.024477839469909668,0.05188789218664169,-0.03550043702125549,0.08578032441437244,2.477988119017449,-3.48776875490564,8.9566950755402,seqgru
24020,2026Q2,4,0.00866418331861496,0.04921121522784233,0.09511034190654755,-0.04342641867697239,0.1472009439021349,5.044219669849204,-4.249699416305885,15.858675058307625,seqgru
24020,2026Q2,8,0.034636229276657104,0.10442368686199188,0.1925683319568634,-0.07147833704948425,0.29868289828300476,11.00706776569551,-6.898355406039414,34.808207654743754,seqgru
24140,2026Q2,1,-0.007825584150850773,0.010592558421194553,0.02916085720062256,-0.03345902357250452,0.054794296622276306,1.0648858178709641,-3.2905461501256505,5.632330305398692,seqgru
24140,2026Q2,2,-0.006274590268731117,0.02049989439547062,0.04789295792579651,-0.04016702249646187,0.08178539015352726,2.071146045143446,-3.93710208977861,8.522288531968925,seqgru
24140,2026Q2,4,-0.004351433366537094,0.03802448511123657,0.08399160206317902,-0.05644203536212444,0.13608220405876637,3.8756666639652604,-5.487873348061633,14.577607716765328,seqgru
24140,2026Q2,8,0.0026863664388656616,0.07846476137638092,0.1683337390422821,-0.1034281998872757,0.27444830536842346,8.16252395059971,-9.825923449382978,31.580455227937556,seqgru
24220,2026Q2,1,-0.003119378350675106,0.014718953520059586,0.03341878205537796,-0.028752817772328854,0.05905222147703171,1.482781074884243,-2.8343388968953276,6.083063743646511,seqgru
24220,2026Q2,2,0.004467025399208069,0.0300121046602726,0.05769789591431618,-0.029425406828522682,0.09159032814204693,3.046700733106955,-2.899669484409184,9.591576425661774,seqgru
24220,2026Q2,4,0.022956483066082,0.06245390325784683,0.1093369722366333,-0.029134118929505348,0.16142757423222065,6.444539032222307,-2.871381213323898,17.518734123060998,seqgru
24220,2026Q2,8,0.06230919808149338,0.1309555321931839,0.2220742106437683,-0.04380536824464798,0.32818877696990967,13.991709057197577,-4.2859770771807915,38.84510551340876,seqgru
24260,2026Q2,1,-0.0064714523032307625,0.011602770537137985,0.030086345970630646,-0.03210489172488451,0.05571978539228439,1.167034377189613,-3.1595000919057648,5.730137093406884,seqgru
24260,2026Q2,2,-0.002071468159556389,0.023715024814009666,0.05077958106994629,-0.03596390038728714,0.08467201329767704,2.3998462154569022,-3.532488274731649,8.836004053104784,seqgru
24260,2026Q2,4,0.010438831523060799,0.04983539879322052,0.09485802054405212,-0.04165177047252655,0.14694862253963947,5.109807012546375,-4.079625451207058,15.82944512738309,seqgru
24260,2026Q2,8,0.039536360651254654,0.10575903207063675,0.19197453558444977,-0.0665782056748867,0.2980891019105911,11.15539953678062,-6.441025543222789,34.72818279165484,seqgru
24300,2026Q2,1,-0.003534018062055111,0.01447783038020134,0.03323076665401459,-0.02916745748370886,0.058864206075668335,1.458314177955966,-2.87461928706938,6.06312036872847,seqgru
24300,2026Q2,2,0.0026828795671463013,0.028794672340154648,0.05674298107624054,-0.03120955266058445,0.09063541330397129,2.9213246830661177,-3.072756182521097,9.486975753520221,seqgru
24300,2026Q2,4,0.01577914133667946,0.05717557668685913,0.10479675233364105,-0.03631146065890789,0.1568873543292284,5.884170199385141,-3.566010723436319,16.986382638297194,seqgru
24300,2026Q2,8,0.04384179785847664,0.11887305974960327,0.2134213149547577,-0.06227276846766472,0.31953588128089905,12.622694568356717,-6.037344866202165,37.648876185991085,seqgru
24340,2026Q2,1,-0.0034860884770751,0.014489072374999523,0.033251646906137466,-0.029119527898728848,0.058885086327791214,1.4594547782074807,-2.869963996318603,6.065335016543827,seqgru
24340,2026Q2,2,0.0032454803586006165,0.029154622927308083,0.05703791603446007,-0.030646951869130135,0.09093034826219082,2.958377942587598,-3.0182094958701056,9.519272052559359,seqgru
24340,2026Q2,4,0.019075632095336914,0.059503741562366486,0.10689055919647217,-0.033014969900250435,0.15898116119205952,6.130973192865974,-3.2475924258282385,17.23158614393292,seqgru
24340,2026Q2,8,0.05120650678873062,0.12301796674728394,0.21604058146476746,-0.054908059537410736,0.3221551477909088,13.09047394446159,-5.342782776371435,38.00988786402946,seqgru
24420,2026Q2,1,-0.01108464878052473,0.007345457095652819,0.025577856227755547,-0.03671808820217848,0.051211295649409294,0.7372501142032917,-3.605215468178913,5.254526802490878,seqgru
24420,2026Q2,2,-0.013124257326126099,0.013645836152136326,0.04004911333322525,-0.04701668955385685,0.073941545560956,1.3739365518869118,-4.592852556975946,7.674386319809212,seqgru
24420,2026Q2,4,-0.016426533460617065,0.02525513432919979,0.06840884685516357,-0.06851713545620441,0.12049944885075092,2.5576746983448695,-6.62225407363255,12.806011923610527,seqgru
24420,2026Q2,8,-0.009668834507465363,0.06126129627227783,0.14382101595401764,-0.11578340083360672,0.249935582280159,6.317668199954718,-10.9331879621548,28.394270536224674,seqgru
24500,2026Q2,1,-0.00669527892023325,0.011557215824723244,0.03013903647661209,-0.032328718341887,0.05577247589826584,1.1624258470036342,-3.1811731477951466,5.735708214599122,seqgru
24500,2026Q2,2,-0.0036058444529771805,0.022812210023403168,0.05017956346273422,-0.03749827668070793,0.08407199569046497,2.3074398389359985,-3.6803922386225874,8.770720122086995,seqgru
24500,2026Q2,4,0.0030042417347431183,0.04447168856859207,0.0902472734451294,-0.04908636026084423,0.14233787544071674,4.547537738702245,-4.790109736160053,15.296614167646695,seqgru
24500,2026Q2,8,0.022403378039598465,0.09510459750890732,0.183824360370636,-0.08371118828654289,0.28993892669677734,9.977388271869202,-8.030316303881001,33.63458704766129,seqgru
24540,2026Q2,1,-0.011261346749961376,0.007220897823572159,0.025330785661935806,-0.036894786171615124,0.050964225083589554,0.7247031370950507,-3.6222467261313063,5.228524719305683,seqgru
24540,2026Q2,2,-0.013420049101114273,0.013359246775507927,0.039630573242902756,-0.047312481328845024,0.0735230054706335,1.3448880213031034,-4.6210690331581645,7.6293297020916695,seqgru
24540,2026Q2,4,-0.015188891440629959,0.026436522603034973,0.06968145072460175,-0.06727949343621731,0.1217720527201891,2.67890672957527,-6.506614305985603,12.949660675472296,seqgru
24540,2026Q2,8,-0.009573601186275482,0.06414775550365448,0.15107005834579468,-0.11568816751241684,0.25718462467193604,6.624993141869839,-10.92470542993319,29.328387683057855,seqgru
24580,2026Q2,1,-0.002609262242913246,0.015373189933598042,0.03429005667567253,-0.028242701664566994,0.05992349609732628,1.549196528945851,-2.7847604837468287,6.175531501285159,seqgru
24580,2026Q2,2,0.004713740199804306,0.030795026570558548,0.059077903628349304,-0.029178692027926445,0.09297033585608006,3.1274098432362507,-2.8757104403243305,9.74291804880776,seqgru
24580,2026Q2,4,0.019903676584362984,0.0612715408205986,0.10976244509220123,-0.032186925411224365,0.16185304708778858,6.31875738202301,-3.167443949263815,17.568745793000605,seqgru
24580,2026Q2,8,0.04962245747447014,0.12438365817070007,0.2197507619857788,-0.05649210885167122,0.32586532831192017,13.245026146084271,-5.492605781561865,38.522880520907044,seqgru
24660,2026Q2,1,-0.005240928381681442,0.01289420761168003,0.03158353641629219,-0.03087436780333519,0.05721697583794594,1.2977696361158308,-3.0402621926961193,5.888553804883068,seqgru
24660,2026Q2,2,-0.0007991176098585129,0.02548748254776001,0.05317450314760208,-0.034691549837589264,0.08706693537533283,2.581506559898772,-3.4096696655665837,9.096970174083507,seqgru
24660,2026Q2,4,0.008769568055868149,0.05020017921924591,0.09701058268547058,-0.0433210339397192,0.14910118468105793,5.148156006783844,-4.239608264319594,16.07904374771938,seqgru
24660,2026Q2,8,0.031359247863292694,0.10510478913784027,0.19676145911216736,-0.07475531846284866,0.3028760254383087,11.082700686139258,-7.20294841953022,35.374662389418575,seqgru
24780,2026Q2,1,-0.007051567547023296,0.011237535625696182,0.029805950820446014,-0.032685006968677044,0.05543939024209976,1.1300913911928223,-3.2156624502237996,5.700495031676911,seqgru
24780,2026Q2,2,-0.005121564492583275,0.021556904539465904,0.04896187037229538,-0.039013996720314026,0.08285430260002613,2.179093322555481,-3.8262752115113985,8.638351376361907,seqgru
24780,2026Q2,4,-0.0013075731694698334,0.040928278118371964,0.08711551129817963,-0.05339817516505718,0.13920611329376698,4.177738463168601,-5.199753371596083,14.936097416742221,seqgru
24780,2026Q2,8,0.010115474462509155,0.08622489124536514,0.17727252840995789,-0.0959990918636322,0.28338709473609924,9.005144376863594,-9.153515892170738,32.76189766806452,seqgru
24860,2026Q2,1,-0.005630551837384701,0.012575313448905945,0.031227033585309982,-0.03126399125903845,0.05686047300696373,1.2654715187910837,-3.07803262220423,5.850810963797604,seqgru
24860,2026Q2,2,-0.002015385776758194,0.024483878165483475,0.05221976712346077,-0.035907818004488945,0.08611219935119152,2.4786069542592104,-3.5270779951022124,8.992861072796487,seqgru
24860,2026Q2,4,0.005130734294652939,0.047345612198114395,0.09435747563838959,-0.04695986770093441,0.14644807763397694,4.848431543624754,-4.58743119205165,15.771481796534047,seqgru
24860,2026Q2,8,0.021926220506429672,0.09951766580343246,0.19419139623641968,-0.08418834581971169,0.30030596256256104,10.463798488509113,-8.074189863147673,35.02718770245357,seqgru
25060,2026Q2,1,-0.004779567942023277,0.013308552093803883,0.03197603300213814,-0.030413007363677025,0.057609472423791885,1.3397505046860214,-2.9955184847374694,5.930122858053721,seqgru
25060,2026Q2,2,0.00010611489415168762,0.02633376233279705,0.05410121753811836,-0.03378631733357906,0.08799364976584911,2.6683559594812722,-3.3221933717560326,9.198118766995012,seqgru
25060,2026Q2,4,0.010367196053266525,0.05197547376155853,0.09912276268005371,-0.041723405942320824,0.15121336467564106,5.334990748555479,-4.086496506192139,16.32448269608382,seqgru
25060,2026Q2,8,0.03268280625343323,0.10801412165164948,0.20211727917194366,-0.07343176007270813,0.308231845498085,11.406347769173152,-7.080044786204997,36.10164979089292,seqgru
25180,2026Q2,1,-0.007354629226028919,0.01090945303440094,0.029393598437309265,-0.03298806864768267,0.05502703785896301,1.0969178108859223,-3.244989629866468,5.656918165781577,seqgru
25180,2026Q2,2,-0.0055195484310388565,0.02104196883738041,0.048298776149749756,-0.03941198065876961,0.0821912083774805,2.1264912039137496,-3.864543193752412,8.566337791751955,seqgru
25180,2026Q2,4,-0.000988014042377472,0.04089277610182762,0.08651569485664368,-0.05307861603796482,0.13860629685223103,4.1740400090258145,-5.169454246612249,14.86717752749338,seqgru
25180,2026Q2,8,0.015008442103862762,0.09014610946178436,0.1809166818857193,-0.0911061242222786,0.28703124821186066,9.433416460067212,-8.707917725404911,33.24658500003168,seqgru
25220,2026Q2,1,-0.008543203584849834,0.009775978513062,0.02816203609108925,-0.03417664300650358,0.053795475512742996,0.9823919486963595,-3.3599218380115703,5.5268751782112435,seqgru
25220,2026Q2,2,-0.007906660437583923,0.018699824810028076,0.04567413032054901,-0.041799092665314674,0.07956656254827976,1.8875761484579368,-4.093755610250083,8.28176322316645,seqgru
25220,2026Q2,4,-0.005897216498851776,0.036057330667972565,0.08107095956802368,-0.057987818494439125,0.13316156156361103,3.6715280366736325,-5.633855741610527,14.243455693504625,seqgru
25220,2026Q2,8,0.005112938582897186,0.07984352856874466,0.169363334774971,-0.10100162774324417,0.27547790110111237,8.311757745755322,-9.606843848382585,31.715999669160787,seqgru
25260,2026Q2,1,-0.005050871521234512,0.013098562136292458,0.03190430998802185,-0.03068431094288826,0.0575377494096756,1.3184724089547073,-3.0218325780568267,5.922525502812492,seqgru
25260,2026Q2,2,-0.0002618487924337387,0.026070360094308853,0.053936608135700226,-0.03415428102016449,0.08782904036343098,2.6413164459901717,-3.357760749740879,9.180145209268463,seqgru
25260,2026Q2,4,0.008907031267881393,0.05042540282011032,0.09757381677627563,-0.043183570727705956,0.14966441877186298,5.17184052015951,-4.226443828495874,16.1444418378742,seqgru
25260,2026Q2,8,0.02957877889275551,0.1021120697259903,0.19183951616287231,-0.07653578743338585,0.29795408248901367,10.750758284459572,-7.3680236911188075,34.7099930983527,seqgru
25420,2026Q2,1,-0.0038911988958716393,0.014070218428969383,0.032771434634923935,-0.029524638317525387,0.05840487405657768,1.416966983922885,-2.9093044167366466,6.014413368697147,seqgru
25420,2026Q2,2,0.002660224214196205,0.028497807681560516,0.05622775852680206,-0.031232208013534546,0.09012019075453281,2.8907755138607216,-3.0749520785657625,9.430580124139688,seqgru
25420,2026Q2,4,0.017720241099596024,0.058072835206985474,0.10490185022354126,-0.034370360895991325,0.1569924522191286,5.979218308229073,-3.3786409368223524,16.998678306372604,seqgru
25420,2026Q2,8,0.05170298367738724,0.12216558307409286,0.21322154998779297,-0.05441158264875412,0.3193361163139343,12.994118542597555,-5.295775987748829,37.62138150911512,seqgru
25500,2026Q2,1,-0.006052522920072079,0.012089974246919155,0.030672956258058548,-0.031685962341725826,0.056306395679712296,1.2163353404766486,-3.118922261985313,5.792177674559529,seqgru
25500,2026Q2,2,-0.0023362208157777786,0.023883838206529617,0.05130399763584137,-0.03622865304350853,0.08519642986357212,2.4171341400656132,-3.5580249241029427,8.893094424856018,seqgru
25500,2026Q2,4,0.00675983726978302,0.047749727964401245,0.09386225044727325,-0.04533076472580433,0.1459528524428606,4.890811010410578,-4.4318676122016125,15.714163036353956,seqgru
25500,2026Q2,8,0.028437785804271698,0.10091584920883179,0.19151484966278076,-0.07767678052186966,0.2976294159889221,10.618355162562754,-7.4736558616117055,34.666264375375924,seqgru
25540,2026Q2,1,-0.0020410288125276566,0.01569095440208912,0.03437858447432518,-0.027674468234181404,0.06001202389597893,1.581470382877015,-2.7295038368605584,6.184931403429927,seqgru
25540,2026Q2,2,0.0065890224650502205,0.03213007003068924,0.060026898980140686,-0.02730340976268053,0.09391933120787144,3.265181362327474,-2.6934040980893914,9.847113000370689,seqgru
25540,2026Q2,4,0.02518327161669731,0.06553716957569122,0.11289899051189423,-0.026907330378890038,0.16498959250748158,6.773242373707178,-2.6548553278631815,17.93808442502045,seqgru
25540,2026Q2,8,0.060100555419921875,0.13128073513507843,0.22140252590179443,-0.04601401090621948,0.3275170922279358,14.028785524695952,-4.497141871891374,38.751876688232436,seqgru
25620,2026Q2,1,-0.004556659609079361,0.013391504995524883,0.032057516276836395,-0.03019009903073311,0.05769095569849014,1.3481572797284347,-2.973892967310332,5.938754743025743,seqgru
25620,2026Q2,2,0.001017604023218155,0.026901420205831528,0.0544758066534996,-0.032874828204512596,0.08836823888123035,2.726653004876134,-3.2340324292258082,9.239030855838415,seqgru
25620,2026Q2,4,0.013852084055542946,0.05413064733147621,0.10044264793395996,-0.0382385179400444,0.1525332499295473,5.5622507410046484,-3.7516656033734663,16.478119034327186,seqgru
25620,2026Q2,8,0.04513317719101906,0.11453405022621155,0.2030041515827179,-0.0609813891351223,0.30911871790885925,12.135082266308705,-5.915925052686621,36.222408129857776,seqgru
25740,2026Q2,1,-0.011426675133407116,0.007022985722869635,0.02520313858985901,-0.037060114555060863,0.050836578011512756,0.7047704720274162,-3.638179387183371,5.215093463474774,seqgru
25740,2026Q2,2,-0.013648413121700287,0.013074593618512154,0.03930221498012543,-0.04754084534943104,0.07319464720785618,1.316043984450288,-4.642847662490624,7.5939945239831275,seqgru
25740,2026Q2,4,-0.016285844147205353,0.02507808990776539,0.06783568859100342,-0.0683764461427927,0.11992629058659077,2.539519041390559,-6.609115898491491,12.741374751063873,seqgru
25740,2026Q2,8,-0.007120199501514435,0.06336526572704315,0.14575131237506866,-0.11323476582765579,0.25186587870121,6.541592809014429,-10.705899652685735,28.642348892476566,seqgru
25860,2026Q2,1,-0.006357529200613499,0.011864100582897663,0.03043394535779953,-0.031990968622267246,0.05606738477945328,1.1934758177337246,-3.1484670932524383,5.766895212445555,seqgru
25860,2026Q2,2,-0.003589283674955368,0.022925090044736862,0.05041526257991791,-0.03748171590268612,0.08430769480764866,2.318988956747692,-3.6787970977709583,8.796360306360885,seqgru
25860,2026Q2,4,0.0015374831855297089,0.04365234449505806,0.09005460143089294,-0.05055311881005764,0.1421452034264803,4.461912416343861,-4.929657290371814,15.274401876672506,seqgru
25860,2026Q2,8,0.01575012505054474,0.09233773499727249,0.18478751182556152,-0.09036444127559662,0.2909020781517029,9.673516538643945,-8.640182829011023,33.763359398288294,seqgru
25940,2026Q2,1,-0.006833481602370739,0.011444097384810448,0.029930420219898224,-0.03246692102402449,0.05556385964155197,1.1509831584157748,-3.1945528447712257,5.713652327638696,seqgru
25940,2026Q2,2,-0.004697738215327263,0.021935921162366867,0.04942205920815468,-0.038590170443058014,0.08331449143588543,2.2178282375623137,-3.785505620762797,8.688357037952565,seqgru
25940,2026Q2,4,-0.0006923750042915344,0.041847966611385345,0.08830513060092926,-0.05278297699987888,0.1403957325965166,4.273593602139081,-5.141414490665541,15.0729089775141,seqgru
25940,2026Q2,8,0.008856400847434998,0.08787074685096741,0.18307998776435852,-0.09725816547870636,0.2891945540904999,9.184698824590853,-9.267826325606787,33.53515013545998,seqgru
25980,2026Q2,1,-0.007507341913878918,0.010802525095641613,0.029320023953914642,-0.033140781335532665,0.05495346337556839,1.086108303778932,-3.259764219400685,5.649144798574723,seqgru
25980,2026Q2,2,-0.005932580679655075,0.020751016214489937,0.04808443784713745,-0.039825012907385826,0.0819768700748682,2.0967815556909963,-3.904242038632888,8.543070360828754,seqgru
25980,2026Q2,4,-0.003324955701828003,0.038984574377536774,0.08486311137676239,-0.05541555769741535,0.13695371337234974,3.9754444666934674,-5.39080895231484,14.677506694140185,seqgru
25980,2026Q2,8,0.007392853498458862,0.08325989544391632,0.1735004186630249,-0.0987217128276825,0.27961498498916626,8.682423251266535,-9.400520032407877,32.26204855539257,seqgru
26140,2026Q2,1,-0.005202287808060646,0.013018746860325336,0.03165719285607338,-0.030835727229714394,0.05729063227772713,1.310385969833816,-3.0365155404231903,5.896353466014026,seqgru
26140,2026Q2,2,-0.001775091513991356,0.02489630877971649,0.05275554209947586,-0.03566752374172211,0.08664797432720661,2.5208809860242987,-3.5038933199714406,9.051272366581076,seqgru
26140,2026Q2,4,0.0038139820098876953,0.04692238196730614,0.09455589950084686,-0.048276619985699654,0.1466465014964342,4.804065906844257,-4.712983231416934,15.794455900344339,seqgru
26140,2026Q2,8,0.015624545514583588,0.09751573204994202,0.19574187695980072,-0.09049002081155777,0.3018564432859421,10.242878489160411,-8.651655032104799,35.23670714006961,seqgru
26300,2026Q2,1,-0.009810875169932842,0.008463585749268532,0.026713889092206955,-0.03544431459158659,0.0523473285138607,0.8499503149627108,-3.4823521019989534,5.374167349000136,seqgru
26300,2026Q2,2,-0.010306986048817635,0.0161636583507061,0.04265162721276283,-0.044199418276548386,0.07654405944049358,1.6294996959619557,-4.3236857609249,7.954975364748207,seqgru
26300,2026Q2,4,-0.008827701210975647,0.03217143565416336,0.0757322907447815,-0.060918303206562996,0.12782289274036884,3.2694530792882093,-5.90998948423247,13.635172873339329,seqgru
26300,2026Q2,8,0.005665868520736694,0.07556872814893723,0.15983235836029053,-0.10044869780540466,0.2659469246864319,7.849734829731925,-9.556848945605068,30.466581130224423,seqgru
26380,2026Q2,1,-0.010991967283189297,0.0073257978074252605,0.025506142526865005,-0.036625406704843044,0.05113958194851875,0.7352697110347695,-3.5962810411915402,5.246978881486308,seqgru
26380,2026Q2,2,-0.012605991214513779,0.013855984434485435,0.04006937891244888,-0.04649842344224453,0.07396181114017963,1.3952423491381927,-4.54339345026823,7.676568425726282,seqgru
26380,2026Q2,4,-0.01336916908621788,0.027291875332593918,0.06999414414167404,-0.06545977108180523,0.12208474613726139,2.7667709848228306,-6.3363274116048585,12.98498481335093,seqgru
26380,2026Q2,8,-0.0013791024684906006,0.06649576127529144,0.1475786566734314,-0.10749366879463196,0.25369322299957275,6.875643390126851,-10.191779162429826,28.87763766658036,seqgru
26420,2026Q2,1,-0.00986704882234335,0.008419109508395195,0.026580430567264557,-0.0355004882439971,0.052213869988918304,0.8454649880264231,-3.4877736985265972,5.360105206435972,seqgru
26420,2026Q2,2,-0.01017458550632,0.016198884695768356,0.042586132884025574,-0.04406701773405075,0.07647856511175632,1.633079794843284,-4.311017326380173,7.947905157634616,seqgru
26420,2026Q2,4,-0.008434418588876724,0.032418638467788696,0.07591251283884048,-0.06052502058446407,0.12800311483442783,3.2949847342694127,-5.872978240721116,13.65565428769957,seqgru
26420,2026Q2,8,0.003369666635990143,0.07419905811548233,0.15982326865196228,-0.10274489969015121,0.26593783497810364,7.702117396484431,-9.764286429204594,30.465395232445115,seqgru
26580,2026Q2,1,-0.0030844584107398987,0.014883147552609444,0.033731795847415924,-0.028717897832393646,0.05936523526906967,1.4994453099898442,-2.8309458186031367,6.1162744031259875,seqgru
26580,2026Q2,2,0.0040909163653850555,0.030018523335456848,0.058065373450517654,-0.029801515862345695,0.0919578056782484,3.0473621585304977,-2.9361829289546892,9.63185626867058,seqgru
26580,2026Q2,4,0.019606899470090866,0.06026765704154968,0.10785616934299469,-0.03248370252549648,0.15994677133858204,6.21207926125511,-3.1961773718941155,17.344840824140697,seqgru
26580,2026Q2,8,0.05362241715192795,0.12492392957210541,0.21670809388160706,-0.05249214917421341,0.3228226602077484,13.306225725765097,-5.11382296249856,38.10204193139568,seqgru
26620,2026Q2,1,-0.00702862162142992,0.011188666336238384,0.029584567993879318,-0.03266206104308367,0.055218007415533066,1.1251493562415726,-3.21344161853635,5.677097347335613,seqgru
26620,2026Q2,2,-0.005124056711792946,0.021425874903798103,0.048663631081581116,-0.0390164889395237,0.08255606330931187,2.1657057102906885,-3.826514897217115,8.605955982532798,seqgru
26620,2026Q2,4,-0.0008607059717178345,0.04136618971824646,0.08714036643505096,-0.05295130796730518,0.1392309684306383,4.223369093652307,-5.157380784284493,14.938954204677767,seqgru
26620,2026Q2,8,0.013587519526481628,0.0913185402750969,0.18462422490119934,-0.09252704679965973,0.2907387912273407,9.56179481219328,-8.837544589566104,33.74151937388352,seqgru
26820,2026Q2,1,-0.005887684412300587,0.012326642870903015,0.030930962413549423,-0.031521123833954334,0.05656440183520317,1.2402929061765988,-3.1029512134139403,5.819476229048459,seqgru
26820,2026Q2,2,-0.0023496411740779877,0.024091174826025963,0.05173630267381668,-0.03624207340180874,0.08562873490154743,2.4383711639669903,-3.5593192012787878,8.940179635030088,seqgru
26820,2026Q2,4,0.004983134567737579,0.046917784959077835,0.09368746727705002,-0.04710746742784977,0.14577806927263737,4.80358412279831,-4.601513021889314,15.693939915480804,seqgru
26820,2026Q2,8,0.02171402797102928,0.09825612604618073,0.19228683412075043,-0.08440053835511208,0.2984014004468918,10.324531878631449,-8.093693764505028,34.77026477666827,seqgru
26900,2026Q2,1,-0.005496102385222912,0.012608621269464493,0.031223159283399582,-0.03112954180687666,0.05685659870505333,1.2688445071183496,-3.065000640736093,5.8504008665928975,seqgru
26900,2026Q2,2,-0.0012198835611343384,0.024985674768686295,0.05253473296761513,-0.03511231578886509,0.08642716519534588,2.5300432753361024,-3.4503030386243694,9.027195508094433,seqgru
26900,2026Q2,4,0.008751701563596725,0.0498734675347805,0.09636837989091873,-0.043338900431990623,0.14845898188650608,5.113808486789995,-4.241319151334633,16.004521393229076,seqgru
26900,2026Q2,8,0.03195448964834213,0.10478280484676361,0.19606152176856995,-0.07416007667779922,0.3021760880947113,11.046939559077495,-7.147695294047018,35.27994176095493,seqgru
26980,2026Q2,1,-0.004444088786840439,0.013613507151603699,0.032305050641298294,-0.030077528208494186,0.05793849006295204,1.370659286813769,-2.9629700438733253,5.964981471227282,seqgru
26980,2026Q2,2,0.0012106988579034805,0.027268478646874428,0.055042341351509094,-0.03268173336982727,0.08893477357923985,2.764366611106972,-3.215345616609122,9.300936091271339,seqgru
26980,2026Q2,4,0.014099961146712303,0.05501320958137512,0.10217452049255371,-0.037990640848875046,0.15426512248814106,5.6554571226899775,-3.727804889073283,16.68001907446428,seqgru
26980,2026Q2,8,0.04007108882069588,0.11313048005104065,0.20648087561130524,-0.06604347750544548,0.3125954419374466,11.977803211164971,-6.390983545836281,36.69684010606507,seqgru
27060,2026Q2,1,-0.014553281478583813,0.003992787096649408,0.02194325439631939,-0.04018672090023756,0.04757669381797314,0.40007688907148786,-3.9389943568921226,4.872662888626889,seqgru
27060,2026Q2,2,-0.019849076867103577,0.006927138194441795,0.032477229833602905,-0.05374150909483433,0.06636966206133366,0.6951186312367241,-5.2322959260136415,6.862167305183853,seqgru
27060,2026Q2,4,-0.02731410786509514,0.013442464172840118,0.054418228566646576,-0.07940470986068249,0.10650883056223392,1.3533220300404158,-7.633396795992553,11.238774941156283,seqgru
27060,2026Q2,8,-0.026587292551994324,0.04019749164581299,0.11780105531215668,-0.13270185887813568,0.22391562163829803,4.101634592384507,-12.427385683342063,25.096546055887494,seqgru
27100,2026Q2,1,-0.002584288828074932,0.015395613387227058,0.03433398902416229,-0.02821772824972868,0.05996742844581604,1.5514736381755156,-2.782332656926345,6.180196144199757,seqgru
27100,2026Q2,2,0.005181171931326389,0.031068244948983192,0.059227075427770615,-0.02871126029640436,0.09311950765550137,3.1555899964173406,-2.8303008533684726,9.759289818439655,seqgru
27100,2026Q2,4,0.02221236750483513,0.0627991110086441,0.11091721057891846,-0.02987823449075222,0.1630078125745058,6.4812908552683846,-2.943629246229007,17.704588541122245,seqgru
27100,2026Q2,8,0.05776194483041763,0.1298089474439621,0.22328177094459534,-0.048352621495723724,0.3293963372707367,13.861082803400816,-4.720224913384163,39.01287062364809,seqgru
27140,2026Q2,1,-0.007433162070810795,0.01079095620661974,0.029295891523361206,-0.03306660149246454,0.054929330945014954,1.0849388565749463,-3.2525877777217382,5.646595258688247,seqgru
27140,2026Q2,2,-0.00490294024348259,0.02140185423195362,0.04849798232316971,-0.03879537247121334,0.08239041455090046,2.163251650874254,-3.8052470045920828,8.587967030733124,seqgru
27140,2026Q2,4,0.001817852258682251,0.04265623539686203,0.0878065824508667,-0.0502727497369051,0.13989718444645405,4.3579087630632785,-4.90299876956426,15.015553889945398,seqgru
27140,2026Q2,8,0.021752245724201202,0.09186991304159164,0.17847150564193726,-0.08436232060194016,0.2845860719680786,9.622220859208518,-8.090181244858496,32.92117162448631,seqgru
27180,2026Q2,1,-0.005228239111602306,0.012828091159462929,0.031444888561964035,-0.030861678533256054,0.05707832798361778,1.2910724083708969,-3.0390318365901337,5.873873601812973,seqgru
27180,2026Q2,2,-0.00047537684440612793,0.02560715191066265,0.05313001945614815,-0.03436780907213688,0.0870224516838789,2.593783157986085,-3.3783943758188495,9.092117246062603,seqgru
27180,2026Q2,4,0.010709092020988464,0.05147900804877281,0.09773959964513779,-0.041381509974598885,0.14983020164072514,5.282708516533874,-4.053698459657085,16.16369819278727,seqgru
27180,2026Q2,8,0.037929315119981766,0.10941068083047867,0.1995779573917389,-0.06818525120615959,0.30569252371788025,11.562042019542051,-6.591258327239391,35.756482338346544,seqgru
27260,2026Q2,1,-0.009726530872285366,0.008621438406407833,0.02684815600514412,-0.035359970293939114,0.05248159542679787,0.8658710041207884,-3.4742110454553887,5.388316563017792,seqgru
27260,2026Q2,2,-0.010430451482534409,0.01622796431183815,0.04285164177417755,-0.04432288371026516,0.0767440740019083,1.6360352887558216,-4.3354977493577085,7.9765700913562165,seqgru
27260,2026Q2,4,-0.009814567863941193,0.03190354257822037,0.07601311802864075,-0.06190516985952854,0.1281037200242281,3.2417916131749047,-6.0027979756527845,13.667089211567763,seqgru
27260,2026Q2,8,-0.00014395266771316528,0.07380162179470062,0.16205501556396484,-0.10625851899385452,0.2681695818901062,7.659321168157063,-10.080784022652868,30.756886121338333,seqgru
27340,2026Q2,1,-0.006430189125239849,0.011854639276862144,0.030506093055009842,-0.0320636285468936,0.05613953247666359,1.1925183998194422,-3.155504062677461,5.774526325656515,seqgru
27340,2026Q2,2,-0.0032830163836479187,0.023228580132126808,0.05083921551704407,-0.03717544861137867,0.08473164774477482,2.3500464682328692,-3.649292545953653,8.842494621559617,seqgru
27340,2026Q2,4,0.0030295252799987793,0.04482320323586464,0.09131269156932831,-0.04906107671558857,0.14340329356491566,4.584294191482274,-4.787702462158705,15.41951873078833,seqgru
27340,2026Q2,8,0.01904023438692093,0.09343788027763367,0.1843496561050415,-0.08707433193922043,0.29046422243118286,9.794239734595545,-8.339104022063859,33.70480316670579,seqgru
27500,2026Q2,1,-0.003784690983593464,0.014282806776463985,0.03300883248448372,-0.02941813040524721,0.058642271906137466,1.4385293412136457,-2.898962938733596,6.039583950055949,seqgru
27500,2026Q2,2,0.0031501874327659607,0.029048703610897064,0.0569455549120903,-0.03074224479496479,0.09083798713982105,2.9474732390966762,-3.027450734120629,9.509157196788376,seqgru
27500,2026Q2,4,0.01888333074748516,0.05922777205705643,0.10630308091640472,-0.03320727124810219,0.15839368291199207,6.101688321747423,-3.266196255384568,17.162735359485936,seqgru
27500,2026Q2,8,0.05290701240301132,0.12381462752819061,0.21607115864753723,-0.053207553923130035,0.3221857249736786,13.180604586754319,-5.181680708386748,38.014107882112526,seqgru
27620,2026Q2,1,-0.0038212714716792107,0.014198774471879005,0.03298851475119591,-0.029454710893332958,0.058621954172849655,1.4300055859598038,-2.902514877096718,6.037429487958268,seqgru
27620,2026Q2,2,0.0025590211153030396,0.028564047068357468,0.05649223551154137,-0.03133341111242771,0.09038466773927212,2.897591161467483,-3.0847606974360953,9.459525821575854,seqgru
27620,2026Q2,4,0.01667020097374916,0.05739772319793701,0.10466457903385162,-0.03542040102183819,0.15675518102943897,5.9076946112095685,-3.480043992896542,16.970921183891697,seqgru
27620,2026Q2,8,0.04841730743646622,0.12002627551555634,0.2117043435573578,-0.05769725888967514,0.31781890988349915,12.752647752965585,-5.606432768220493,37.41273978043327,seqgru
27740,2026Q2,1,-0.0046776700764894485,0.013453396037220955,0.032146014273166656,-0.030311109498143196,0.057779453694820404,1.3544300168675694,-2.9856334314994903,5.948130525417072,seqgru
27740,2026Q2,2,0.0004232935607433319,0.02665453404188156,0.05442248284816742,-0.03346913866698742,0.08831491507589817,2.7012943460601457,-3.2915243704413233,9.233205970326308,seqgru
27740,2026Q2,4,0.010643238201737404,0.052082762122154236,0.0990346223115921,-0.041447363793849945,0.15112522430717945,5.346292573292533,-4.0600166820147106,16.314230265151043,seqgru
27740,2026Q2,8,0.03554421663284302,0.1095862165093422,0.20159012079238892,-0.07057034969329834,0.3077046871185303,11.581626857191951,-6.813781899881343,36.029921573460946,seqgru
27780,2026Q2,1,-0.0069508021697402,0.011290352791547775,0.02983391284942627,-0.03258424159139395,0.05546735227108002,1.1354329370638183,-3.205909448561306,5.703450673304888,seqgru
27780,2026Q2,2,-0.0031121354550123215,0.022972548380494118,0.050137538462877274,-0.03700456768274307,0.08402997069060802,2.3238449609079614,-3.6328266407747,8.76614912863809,seqgru
27780,2026Q2,4,0.007211949676275253,0.047365833073854446,0.09244061261415482,-0.044878652319312096,0.14453121460974216,4.850551692166083,-4.388650305079588,15.549776281255202,seqgru
27780,2026Q2,8,0.0347694531083107,0.10311462730169296,0.18998268246650696,-0.07134511321783066,0.2960972487926483,10.861847973792393,-6.885951221965236,34.46009112893098,seqgru
27860,2026Q2,1,-0.008031313307583332,0.010209132917225361,0.02857261151075363,-0.03366475272923708,0.05420605093240738,1.0261423911762657,-3.3104400580656335,5.57021081493827,seqgru
27860,2026Q2,2,-0.006219806149601936,0.0200806874781847,0.047031376510858536,-0.04011223837733269,0.08092380873858929,2.028366082120714,-3.931839224376199,8.42882801276792,seqgru
27860,2026Q2,4,-0.001304619014263153,0.039730679243803024,0.0844661146402359,-0.0533952210098505,0.13655671663582325,4.053049999114888,-5.1994733165402485,14.631989133988865,seqgru
27860,2026Q2,8,0.014683268964290619,0.08628310263156891,0.1741637885570526,-0.09143129736185074,0.28027835488319397,9.011489902110226,-8.737598632437827,32.34981632455592,seqgru
27900,2026Q2,1,-0.0075500039383769035,0.01064800564199686,0.029061514884233475,-0.03318344336003065,0.05469495430588722,1.0704897402697977,-3.263891265674801,5.6218370662405315,seqgru
27900,2026Q2,2,-0.005287867039442062,0.0209958478808403,0.04801246523857117,-0.03918029926717281,0.08190489746630192,2.1217811410684684,-3.8422678170422553,8.53525851403596,seqgru
27900,2026Q2,4,0.0018803291022777557,0.04277551919221878,0.08768710494041443,-0.05021027289330959,0.13977770693600178,4.370357712960282,-4.897057223489398,15.001812938787019,seqgru
27900,2026Q2,8,0.024334996938705444,0.09549848735332489,0.18386462330818176,-0.08177956938743591,0.2899791896343231,10.020715780797751,-7.852494237766983,33.639967677012784,seqgru
27980,2026Q2,1,-0.009325743652880192,0.008946629241108894,0.0273066908121109,-0.03495918307453394,0.05294013023376465,0.8986769947201045,-3.4355169893757975,5.436651855269625,seqgru
27980,2026Q2,2,-0.00873410701751709,0.01757127232849598,0.04424256458878517,-0.04262653924524784,0.07813499681651592,1.7726555307296499,-4.173080081257585,8.126861663897579,seqgru
27980,2026Q2,4,-0.0058669522404670715,0.034624576568603516,0.07855763286352158,-0.05795755423605442,0.13064823485910892,3.5230985867338083,-5.630999777021318,13.956685090559052,seqgru
27980,2026Q2,8,0.007214821875095367,0.07493756711483002,0.15787464380264282,-0.09889974445104599,0.2639892101287842,7.781685756789258,-9.416648169200615,30.2114146581147,seqgru
28020,2026Q2,1,-0.005481497384607792,0.012628019787371159,0.03126413747668266,-0.03111493680626154,0.05689757689833641,1.270808991665895,-3.0635848946723554,5.854738513652569,seqgru
28020,2026Q2,2,-0.000552009791135788,0.025476079434156418,0.052963946014642715,-0.03444444201886654,0.08685637824237347,2.58033681799521,-3.3857984904724026,9.074001447028612,seqgru
28020,2026Q2,4,0.011415809392929077,0.05178701505064964,0.09787516295909882,-0.04067479260265827,0.14996576495468616,5.3151413224427735,-3.9858675757762474,16.179446796118558,seqgru
28020,2026Q2,8,0.03971468284726143,0.1095803827047348,0.1986253559589386,-0.06639988347887993,0.30473992228507996,11.580975913681835,-6.424340413821272,35.627222095280246,seqgru
28100,2026Q2,1,-0.00391257181763649,0.014042967930436134,0.03276364877820015,-0.029546011239290237,0.0583970881998539,1.4142033586680869,-2.911379506402001,6.013587958877276,seqgru
28100,2026Q2,2,0.0027750246226787567,0.02853703312575817,0.056216176599264145,-0.031117407605051994,0.0901086088269949,2.894811529390817,-3.063824404753668,9.429312714429795,seqgru
28100,2026Q2,4,0.019094374030828476,0.0589776486158371,0.10566075146198273,-0.03299622796475887,0.15775135345757008,6.075153121021404,-3.245779081454092,17.08750244834796,seqgru
28100,2026Q2,8,0.05486530810594559,0.12384974956512451,0.21408376097679138,-0.05124925822019577,0.32019832730293274,13.184579789937011,-4.995816471988701,37.74009134568206,seqgru
28140,2026Q2,1,-0.004494554363191128,0.01354847103357315,0.0322360098361969,-0.030127993784844875,0.05786944925785065,1.3640667470304901,-2.967866949953779,5.957665816136215,seqgru
28140,2026Q2,2,0.0010326337069272995,0.027098920196294785,0.05480215325951576,-0.03285979852080345,0.08869458548724651,2.7469435214873883,-3.2325780564100515,9.274686460529047,seqgru
28140,2026Q2,4,0.014193575829267502,0.05506329983472824,0.10204286128282547,-0.03789702616631985,0.15413346327841282,5.660749563854162,-3.7187919762251775,16.66465808659181,seqgru
28140,2026Q2,8,0.04258720576763153,0.11525824666023254,0.20797139406204224,-0.06352736055850983,0.3140859603881836,12.216319505323536,-6.155155752411934,36.90074118981468,seqgru
28420,2026Q2,1,-0.007430124096572399,0.01076860073953867,0.029181186109781265,-0.03306356351822615,0.05481462553143501,1.0826790808112108,-3.2522938611293184,5.634477717272879,seqgru
28420,2026Q2,2,-0.0053450241684913635,0.02098037302494049,0.04806096479296684,-0.039237456396222115,0.0819533970206976,2.1202008334486377,-3.8477637598820724,8.54052255336084,seqgru
28420,2026Q2,4,0.00013437122106552124,0.04136701673269272,0.08657249808311462,-0.05195623077452183,0.13866310007870197,4.223455287919831,-5.062958085853531,14.873702539111665,seqgru
28420,2026Q2,8,0.017095088958740234,0.08990085124969482,0.17914214730262756,-0.08901947736740112,0.2852567136287689,9.406580307031343,-8.517224503536946,33.01034399777751,seqgru
28450,2026Q2,1,0.00032638851553201675,0.018057191744446754,0.03712039440870285,-0.02530705090612173,0.0627538338303566,1.822120857172882,-2.4989511792374963,6.476469792020945,seqgru
28450,2026Q2,2,0.01131991483271122,0.03682398423552513,0.06554124504327774,-0.02257251739501953,0.09943367727100849,3.751038658152961,-2.231966420853848,10.454521185787048,seqgru
28450,2026Q2,4,0.034360621124506,0.0746733769774437,0.1244024932384491,-0.017729980871081352,0.17649309523403645,7.753214659478602,-1.7573729567218699,19.302618916453373,seqgru
28450,2026Q2,8,0.0763063132762909,0.14911818504333496,0.24690145254135132,-0.029808253049850464,0.3530160188674927,16.081017150290087,-2.936836863887382,42.3353943769204,seqgru
28660,2026Q2,1,-0.010267476551234722,0.008124982006847858,0.02637428045272827,-0.03590091597288847,0.05200771987438202,0.8158079250598416,-3.526412133648049,5.338387447316295,seqgru
28660,2026Q2,2,-0.01127571240067482,0.015380395576357841,0.04193549603223801,-0.04516814462840557,0.07582792825996876,1.549928258814881,-4.4163250494722135,7.877693116213469,seqgru
28660,2026Q2,4,-0.011997606605291367,0.029520850628614426,0.0732836052775383,-0.06408820860087872,0.12537420727312565,2.9960910580440148,-6.207773692880902,13.357256480739487,seqgru
28660,2026Q2,8,-0.004193753004074097,0.06777694076299667,0.1531233787536621,-0.11030831933021545,0.25923794507980347,7.012658023601004,-10.44420251090672,29.59421311980508,seqgru
28700,2026Q2,1,-0.006594684906303883,0.011566000990569592,0.030089925974607468,-0.03222812432795763,0.055723365396261215,1.1633145795959532,-3.1714332634993347,5.730515608395681,seqgru
28700,2026Q2,2,-0.003650341182947159,0.022676076740026474,0.049968939274549484,-0.03754277341067791,0.08386137150228024,2.2935133391884355,-3.6846780508469457,8.747812789966813,seqgru
28700,2026Q2,4,0.003664173185825348,0.04495908319950104,0.09068027138710022,-0.048426428809762,0.14277087338268757,4.598506067106656,-4.72725699815264,15.346548174178354,seqgru
28700,2026Q2,8,0.025100480765104294,0.09781531989574432,0.18753492832183838,-0.08101408556103706,0.29364949464797974,10.275910863443883,-7.781929807943822,34.13136836396136,seqgru
28740,2026Q2,1,-0.005484537221491337,0.012604178860783577,0.031217653304338455,-0.031117976643145084,0.0568510927259922,1.2683946305236615,-3.06387956511448,5.849818058106582,seqgru
28740,2026Q2,2,-0.0008883308619260788,0.025199662894010544,0.05265263468027115,-0.03478076308965683,0.0865450669080019,2.551985834725845,-3.4182864186840023,9.040050758984087,seqgru
28740,2026Q2,4,0.010085752233862877,0.0507449135184288,0.09683386981487274,-0.04200484976172447,0.1489244718104601,5.205449417282715,-4.113486970619961,16.05853289900132,seqgru
28740,2026Q2,8,0.03696449100971222,0.10767338424921036,0.19688189029693604,-0.06915007531642914,0.3029964566230774,11.368393926133225,-6.68133787086963,35.390966702151935,seqgru
28880,2026Q2,1,-0.00883845891803503,0.009412521496415138,0.02779276669025421,-0.03447189833968878,0.05342620611190796,0.9456958589144415,-3.3884511245690807,5.487914526173232,seqgru
28880,2026Q2,2,-0.008049463853240013,0.01831887662410736,0.045062366873025894,-0.041941896080970764,0.07895479910075665,1.8487696532575981,-4.107450371679056,8.215540656731267,seqgru
28880,2026Q2,4,-0.0038486793637275696,0.036878183484077454,0.0811154693365097,-0.05593928135931492,0.13320607133209705,3.7566620388748806,-5.440345051553786,14.248540756435224,seqgru
28880,2026Q2,8,0.013637475669384003,0.08351767063140869,0.16903573274612427,-0.09247709065675735,0.2751502990722656,8.710442494474947,-8.832990351161152,31.672856307749807,seqgru
28940,2026Q2,1,-0.004731321707367897,0.013405769132077694,0.032108522951602936,-0.030364761129021645,0.05774196237325668,1.349602933993732,-2.9908382708592196,5.944158464445848,seqgru
28940,2026Q2,2,-0.00014193542301654816,0.02628602460026741,0.05416441336274147,-0.0340343676507473,0.08805684559047222,2.6634549219483716,-3.3461713583567643,9.20501985021529,seqgru
28940,2026Q2,4,0.009096924215555191,0.05133684724569321,0.09886905550956726,-0.04299367778003216,0.1509596575051546,5.267742505956008,-4.208255378730752,16.29497408415219,seqgru
28940,2026Q2,8,0.028306100517511368,0.10594397038221359,0.2015971541404724,-0.07780846580862999,0.30771172046661377,11.175958329689228,-7.485839417557316,36.03087832261372,seqgru
29020,2026Q2,1,-0.0018317019566893578,0.016125209629535675,0.03512414172291756,-0.027465141378343105,0.060757581144571304,1.6255922467841577,-2.7091403784978985,6.264127867809588,seqgru
29020,2026Q2,2,0.006782367825508118,0.032690130174160004,0.0611531138420105,-0.027110064402222633,0.09504554606974125,3.3230322730993356,-2.674588500334152,9.970894140561803,seqgru
29020,2026Q2,4,0.024483706802129745,0.06530483067035675,0.11399254202842712,-0.027606895193457603,0.16608314402401447,6.74843767711466,-2.7229307515829304,18.067126340231844,seqgru
29020,2026Q2,8,0.05965469777584076,0.13220418989658356,0.22637373208999634,-0.0464598685503006,0.3324882984161377,14.13413458469639,-4.539713060169303,39.44335820079505,seqgru
29100,2026Q2,1,-0.0025291796773672104,0.01537051796913147,0.03421710804104805,-0.028162619099020958,0.0598505474627018,1.5489251934636128,-2.7769749262166465,6.167786423731458,seqgru
29100,2026Q2,2,0.005226755514740944,0.031015979126095772,0.059144627302885056,-0.028665676712989807,0.0930370595306158,3.150198625514178,-2.8258714093278625,9.750240743850092,seqgru
29100,2026Q2,4,0.021999584510922432,0.06248215585947037,0.11029256880283356,-0.030091017484664917,0.1623831707984209,6.447546409861515,-2.9642789943407744,17.631088295934273,seqgru
29100,2026Q2,8,0.05794217437505722,0.1293732225894928,0.22231608629226685,-0.04817239195108414,0.3284306526184082,13.811481506710233,-4.703051135342329,38.878692825158325,seqgru
29180,2026Q2,1,-0.005781265906989574,0.012361163273453712,0.030971869826316833,-0.03141470532864332,0.05660530924797058,1.243787822164677,-3.0926390256189484,5.823805118582626,seqgru
29180,2026Q2,2,-0.001546485349535942,0.024626076221466064,0.052130911499261856,-0.03543891757726669,0.08602334372699261,2.493180249070437,-3.4818311934654567,8.983176874346753,seqgru
29180,2026Q2,4,0.008261781185865402,0.049216415733098984,0.09545008838176727,-0.04382882080972195,0.14754069037735462,5.0447659542862455,-4.288221790209645,15.898044322187932,seqgru
29180,2026Q2,8,0.03210751339793205,0.10421432554721832,0.19475525617599487,-0.0740070529282093,0.30086982250213623,10.98382961270894,-7.133485599040168,35.10334559352663,seqgru
29200,2026Q2,1,-0.005999301560223103,0.012242197059094906,0.03086506947875023,-0.03163274098187685,0.056498508900403976,1.23174394842136,-3.1137659820735686,5.812503702923455,seqgru
29200,2026Q2,2,-0.0026108864694833755,0.023828795179724693,0.051534295082092285,-0.03650331869721413,0.08542672730982304,2.4114969461513702,-3.584510584714673,8.918175114314941,seqgru
29200,2026Q2,4,0.004151064902544022,0.046103693544864655,0.09330251812934875,-0.04793953709304333,0.1453931201249361,4.71829914437969,-4.68085819407591,15.649412202918512,seqgru
29200,2026Q2,8,0.012712173163890839,0.09022480249404907,0.18613983690738678,-0.09340239316225052,0.29225440323352814,9.442028446286766,-8.917308397741674,33.94437331147302,seqgru
29340,2026Q2,1,-0.005624133162200451,0.012464430183172226,0.031049203127622604,-0.0312575725838542,0.05668264254927635,1.2542434951144932,-3.077410509580847,5.831989139233773,seqgru
29340,2026Q2,2,-0.0009789466857910156,0.025046812370419502,0.052423931658267975,-0.03487137891352177,0.08631636388599873,2.5363119079101937,-3.42703785371522,9.015115821312602,seqgru
29340,2026Q2,4,0.01106652244925499,0.05144485831260681,0.09737665206193924,-0.04102407954633236,0.1494672540575266,5.279113201205088,-4.019398202394275,16.121544509524256,seqgru
29340,2026Q2,8,0.04020198807120323,0.11054546386003494,0.20031540095806122,-0.06591257825493813,0.3064299672842026,11.688712589782035,-6.378729393729543,35.85663200565878,seqgru
29404,2026Q2,1,-0.0016487445682287216,0.016211306676268578,0.03512350097298622,-0.02728218398988247,0.06075694039463997,1.6343422868199786,-2.6913386684729312,6.264059779098763,seqgru
29404,2026Q2,2,0.0076709771528840065,0.03324262052774429,0.061495739966630936,-0.026221455074846745,0.09538817219436169,3.3801330240878613,-2.588065795136807,10.008579497467451,seqgru
29404,2026Q2,4,0.028290707617998123,0.06810611486434937,0.11624361574649811,-0.023799894377589226,0.16833421774208546,7.047889617485281,-2.3518910434841778,18.33320351261092,seqgru
29404,2026Q2,8,0.06944775581359863,0.13890375196933746,0.23173660039901733,-0.036666810512542725,0.3378511667251587,14.9013504394383,-3.6002724396027252,40.193183377128875,seqgru
29414,2026Q2,1,-0.004860864952206612,0.01321297138929367,0.03188106417655945,-0.03049430437386036,0.057514503598213196,1.3300648428264505,-3.0034043385065323,5.920063276373377,seqgru
29414,2026Q2,2,0.0007404908537864685,0.02668125554919243,0.054287079721689224,-0.03315194137394428,0.08817951194941998,2.704038716114532,-3.2608438381236393,9.21841645401864,seqgru
29414,2026Q2,4,0.013550082221627235,0.05388840287923813,0.100084088742733,-0.038540519773960114,0.15217469073832035,5.536681968468549,-3.7807283881445386,16.436362220762636,seqgru
29414,2026Q2,8,0.044672347605228424,0.11514632403850555,0.2049730122089386,-0.06144221872091293,0.31108757853507996,12.203760663466312,-5.959271789477594,36.49087526609651,seqgru
29420,2026Q2,1,-0.00874244887381792,0.00967321265488863,0.02806125581264496,-0.03437588829547167,0.053694695234298706,0.9720149397375977,-3.379175000196233,5.516240686229956,seqgru
29420,2026Q2,2,-0.008832598105072975,0.018049651756882668,0.045077867805957794,-0.042725030332803726,0.07897030003368855,1.821353122542213,-4.182517714048528,8.217218111570212,seqgru
29420,2026Q2,4,-0.008291378617286682,0.0342295840382576,0.07942351698875427,-0.06038198061287403,0.13151411898434162,3.4822158108008816,-5.8595133512170605,14.055401107291265,seqgru
29420,2026Q2,8,-0.001084253191947937,0.07673122733831406,0.16830629110336304,-0.1071988195180893,0.2744208574295044,7.975182961594207,-10.16529536931653,31.576843665204724,seqgru
29460,2026Q2,1,-0.011090037412941456,0.007398121524602175,0.025471005588769913,-0.0367234768345952,0.05110444501042366,0.7425555236564518,-3.6057349028401187,5.243280889873092,seqgru
29460,2026Q2,2,-0.013316482305526733,0.013536695390939713,0.03989721089601517,-0.047208914533257484,0.07378964312374592,1.3628731270324268,-4.611190431372625,7.658031560297496,seqgru
29460,2026Q2,4,-0.015650149434804916,0.026485625654459,0.06994117051362991,-0.06774075143039227,0.12203177250921726,2.683948700999661,-6.549728933291776,12.978999747317577,seqgru
29460,2026Q2,8,-0.010565392673015594,0.06601135432720184,0.1557500958442688,-0.11667995899915695,0.26186466217041016,6.823884623052434,-11.013005753773864,29.935067922837533,seqgru
29484,2026Q2,1,-0.0030601946637034416,0.014904841780662537,0.03374939039349556,-0.02869363408535719,0.05938282981514931,1.5016472859886498,-2.828588104649332,6.118141487230977,seqgru
29484,2026Q2,2,0.00435672327876091,0.03021494671702385,0.058204539120197296,-0.02953570894896984,0.09209697134792805,3.0676050578915426,-2.9103792660944983,9.647114321040329,seqgru
29484,2026Q2,4,0.021276643499732018,0.061709657311439514,0.10936878621578217,-0.03081395849585533,0.16145938821136951,6.365347588141357,-3.0344047451613565,17.52247292109068,seqgru
29484,2026Q2,8,0.056344978511333466,0.1274888813495636,0.2201206088066101,-0.04976958781480789,0.32623517513275146,13.597223769272837,-4.855137539675026,38.574122243090024,seqgru
29540,2026Q2,1,-0.0010032374411821365,0.01682424359023571,0.03579927235841751,-0.026636676862835884,0.06143271178007126,1.6966568224229928,-2.628504956437394,6.335894259106589,seqgru
29540,2026Q2,2,0.00870507676154375,0.03434700146317482,0.06281135231256485,-0.025187355466187,0.0967037845402956,3.494367139481014,-2.4872800498282444,10.153403387973281,seqgru
29540,2026Q2,4,0.02952853962779045,0.06977766752243042,0.11857225000858307,-0.022562062367796898,0.17066285200417042,7.2269754359067795,-2.2309442480578645,18.609079346950374,seqgru
29540,2026Q2,8,0.06952088326215744,0.14076697826385498,0.23545053601264954,-0.03659368306398392,0.3415651023387909,15.115637227248069,-3.593222715723454,40.71481989629324,seqgru
29620,2026Q2,1,-0.004463294520974159,0.013524853624403477,0.03218112513422966,-0.030096733942627907,0.05781456455588341,1.361672818660331,-2.964833693375346,5.951850520813573,seqgru
29620,2026Q2,2,0.001322779804468155,0.027234582230448723,0.05481075495481491,-0.032569652423262596,0.08870318718254566,2.7608833263783827,-3.2044972929990645,9.27562641212849,seqgru
29620,2026Q2,4,0.014565445482730865,0.055017948150634766,0.10144318640232086,-0.03752515651285648,0.1535337883979082,5.655957779577414,-3.6829812587154565,16.594718194388804,seqgru
29620,2026Q2,8,0.046247389167547226,0.11649461090564728,0.2060891091823578,-0.05986717715859413,0.31220367550849915,12.355145552608482,-5.81103702668363,36.64329736197796,seqgru
29700,2026Q2,1,-0.0069577498361468315,0.01114808488637209,0.029639072716236115,-0.03259118925780058,0.05527251213788986,1.1210456343308195,-3.206581939276465,5.682857405159747,seqgru
29700,2026Q2,2,-0.003907032310962677,0.022169211879372597,0.049244288355112076,-0.03779946453869343,0.08313672058284283,2.2416774897990432,-3.7093981666303066,8.669037133314973,seqgru
29700,2026Q2,4,0.004512514919042587,0.04491393268108368,0.09005606174468994,-0.04757808707654476,0.1421466637402773,4.593783496946102,-4.6463988614095175,15.274570213594929,seqgru
29700,2026Q2,8,0.027210690081119537,0.09636496752500534,0.18319815397262573,-0.07890387624502182,0.2893127202987671,10.116087862537748,-7.587124909852793,33.55093041015111,seqgru
29740,2026Q2,1,-0.011226127855479717,0.0071687642484903336,0.025334665551781654,-0.036859567277133465,0.0509681049734354,0.7194521350994076,-3.6188523484356083,5.228932995182256,seqgru
29740,2026Q2,2,-0.013156786561012268,0.013465950265526772,0.039706550538539886,-0.04704921878874302,0.07359898276627064,1.355702451509,-4.5959560280078975,7.637507398149346,seqgru
29740,2026Q2,4,-0.014413762837648392,0.02666928805410862,0.0695437416434288,-0.06650436483323574,0.12163434363901615,2.7028096133907775,-6.43411681473488,12.934107552409602,seqgru
29740,2026Q2,8,-0.004488058388233185,0.06546822190284729,0.14855727553367615,-0.11060262471437454,0.2546718418598175,6.765880860906015,-10.470555386203662,29.00382148632714,seqgru
29820,2026Q2,1,-0.008609599433839321,0.0096704987809062,0.028025254607200623,-0.03424303885549307,0.05365869402885437,0.9717409147851352,-3.366338125037782,5.512442042749588,seqgru
29820,2026Q2,2,-0.007683195173740387,0.01874859258532524,0.04561959579586983,-0.04157562740147114,0.07951202802360058,1.8925451000384896,-4.072321501243071,8.275858289690486,seqgru
29820,2026Q2,4,-0.004359472543001175,0.03686787188053131,0.08140599727630615,-0.056450074538588524,0.1334965992718935,3.755592146826836,-5.488633144671717,14.281737971731712,seqgru
29820,2026Q2,8,0.010528624057769775,0.08237188309431076,0.16964325308799744,-0.09558594226837158,0.2757578194141388,8.585954756181158,-9.115974949552108,31.752874550323252,seqgru
29940,2026Q2,1,-0.005486113019287586,0.012598494999110699,0.03129243478178978,-0.031119552440941334,0.05692587420344353,1.2678190366125497,-3.0640323167190897,5.85773395986664,seqgru
29940,2026Q2,2,-0.0008142311125993729,0.025270625948905945,0.05283565819263458,-0.034706663340330124,0.08672809042036533,2.559263495145725,-3.4111294727574015,9.060009478464037,seqgru
29940,2026Q2,4,0.010305309668183327,0.05096275359392166,0.0973203182220459,-0.04178529232740402,0.14941092021763325,5.228369876732719,-4.0924320625370765,16.115003121280182,seqgru
29940,2026Q2,8,0.036745183169841766,0.10726296156644821,0.19674918055534363,-0.06936938315629959,0.302863746881485,11.322695189663644,-6.7018011411209555,35.37300019413865,seqgru
30020,2026Q2,1,-0.0033320561051368713,0.014682264067232609,0.03356030955910683,-0.02896549552679062,0.059193748980760574,1.4790577954782114,-2.855001674175106,6.09807847731989,seqgru
30020,2026Q2,2,0.0035813171416521072,0.029605373740196228,0.05773633345961571,-0.030311115086078644,0.09162876568734646,3.0047969760614635,-2.985633973609503,9.595788937803885,seqgru
30020,2026Q2,4,0.016507301479578018,0.05754777044057846,0.10522264242172241,-0.03558330051600933,0.15731324441730976,5.923586961032323,-3.495765764338443,17.03621659024317,seqgru
30020,2026Q2,8,0.045347195118665695,0.11693621426820755,0.20726338028907776,-0.06076737120747566,0.3133779466152191,12.404772919685048,-5.895787219089998,36.803847884468176,seqgru
30140,2026Q2,1,-0.003049076534807682,0.014948036521673203,0.03375628590583801,-0.02868251595646143,0.05938972532749176,1.506031718046863,-2.8275077343610677,6.118873228708233,seqgru
30140,2026Q2,2,0.004090556874871254,0.03005894273519516,0.05812123045325279,-0.029801875352859497,0.09201366268098354,3.0515273552303768,-2.9362178224698887,9.63798014659516,seqgru
30140,2026Q2,4,0.01959971897304058,0.060509782284498215,0.10830630362033844,-0.03249088302254677,0.1603969056159258,6.237799000323685,-3.196872468961387,17.3976736493058,seqgru
30140,2026Q2,8,0.052044905722141266,0.12533582746982574,0.2195454239845276,-0.05406966060400009,0.32565999031066895,13.352905935020232,-5.263388989228868,38.49443942961168,seqgru
30300,2026Q2,1,-0.008357099257409573,0.009943571873009205,0.028365693986415863,-0.03399053867906332,0.05399913340806961,0.9993173453109794,-3.34193502760175,5.548368748103738,seqgru
30300,2026Q2,2,-0.007270839065313339,0.019245589151978493,0.046214573085308075,-0.04116327129304409,0.08010700531303883,1.9431979312197312,-4.032756980271546,8.340299134885987,seqgru
30300,2026Q2,4,-0.004120137542486191,0.037270814180374146,0.08206877112388611,-0.05621073953807354,0.13415937311947346,3.797408087887977,-5.4660105595565,14.357506024683818,seqgru
30300,2026Q2,8,0.009460121393203735,0.08135540038347244,0.1680823266506195,-0.09665444493293762,0.27419689297676086,8.47563508904765,-9.213032909906138,31.547378429125427,seqgru
30340,2026Q2,1,-0.008465037681162357,0.009808073751628399,0.028202511370182037,-0.034098477102816105,0.053835950791835785,0.985633054668722,-3.3523675837309086,5.531146494376649,seqgru
30340,2026Q2,2,-0.007420158013701439,0.01903454028069973,0.04593164473772049,-0.04131259024143219,0.07982407696545124,1.9216852045599975,-4.047085638282266,8.30965092890219,seqgru
30340,2026Q2,4,-0.003945626318454742,0.03728928789496422,0.0818731039762497,-0.05603622831404209,0.13396370597183704,3.799325629292194,-5.449511877785962,14.335132206651103,seqgru
30340,2026Q2,8,0.011819027364253998,0.08326175808906555,0.16973087191581726,-0.09429553896188736,0.2758454382419586,8.682625688243562,-8.998622203218542,31.764419088505313,seqgru
30460,2026Q2,1,-0.0033622924238443375,0.0145670585334301,0.033306460827589035,-0.028995731845498085,0.05893990024924278,1.467367519860252,-2.857938936899085,6.071149032829215,seqgru
30460,2026Q2,2,0.0037188343703746796,0.029507484287023544,0.057397205382585526,-0.03017359785735607,0.09128963761031628,2.994714386308961,-2.9722919094864575,9.558628230126608,seqgru
30460,2026Q2,4,0.018963679671287537,0.059345901012420654,0.10660824179649353,-0.03312692232429981,0.15869884379208088,6.114222743675768,-3.2584234860957406,17.198494298759037,seqgru
30460,2026Q2,8,0.05107981711626053,0.12200737744569778,0.21374782919883728,-0.05503474920988083,0.31986239552497864,12.976243651060093,-5.354774108613403,37.69382784302615,seqgru
30500,2026Q2,1,-0.007407470606267452,0.010772659443318844,0.029213886708021164,-0.0330409100279212,0.05484732612967491,1.0830893462954627,-3.2501021630815696,5.637932084368624,seqgru
30500,2026Q2,2,-0.004952527582645416,0.021301142871379852,0.04826262593269348,-0.03884495981037617,0.08215505816042423,2.1529631688920636,-3.8100169281696683,8.562413166014249,seqgru
30500,2026Q2,4,0.0014573447406291962,0.04220253601670265,0.08699403703212738,-0.05063325725495815,0.13908463902771473,4.310572383597755,-4.937275774521909,14.922136486629656,seqgru
30500,2026Q2,8,0.021740049123764038,0.09132634103298187,0.17668607831001282,-0.08437451720237732,0.2828006446361542,9.56264948056158,-8.091302225358021,32.684062265428814,seqgru
30620,2026Q2,1,0.0009764907881617546,0.018650148063898087,0.037758566439151764,-0.024656948633491993,0.06339200586080551,1.882514830919746,-2.4355449177711264,6.544441783548205,seqgru
30620,2026Q2,2,0.01297259796410799,0.03835102170705795,0.06717336177825928,-0.02091983426362276,0.10106579400599003,3.9095914090803374,-2.070253247458953,10.63494305299244,seqgru
30620,2026Q2,4,0.038915399461984634,0.07884564995765686,0.1287265121936798,-0.013175202533602715,0.18081711418926716,8.203729667789904,-1.3088789472200046,19.819602620214628,seqgru
30620,2026Q2,8,0.08748703449964523,0.1584581434726715,0.2556740641593933,-0.018627531826496124,0.36178863048553467,17.17028797851836,-1.845511160305613,43.589540536763536,seqgru
30700,2026Q2,1,-0.003660343587398529,0.014359239488840103,0.033114243298769,-0.029293783009052277,0.058747682720422745,1.4462828594580923,-2.886887926874626,6.050762258093534,seqgru
30700,2026Q2,2,0.0028117112815380096,0.028820326551795006,0.056792501360177994,-0.03108072094619274,0.09068493358790874,2.9239650823803753,-3.0602680751139477,9.492397713894384,seqgru
30700,2026Q2,4,0.01651160977780819,0.05751081183552742,0.10511721670627594,-0.03557899221777916,0.1572078187018633,5.919672245357899,-3.4953499944212596,17.023878613757425,seqgru
30700,2026Q2,8,0.04362085461616516,0.11718637496232986,0.21116355061531067,-0.062493711709976196,0.317278116941452,12.432895693160905,-6.058102986615966,37.33844803065023,seqgru
30780,2026Q2,1,-0.005780390463769436,0.01233335305005312,0.03091418370604515,-0.03141382988542318,0.0565476231276989,1.2409722489584496,-3.092554188689667,5.817700729903907,seqgru
30780,2026Q2,2,-0.0016218218952417374,0.024528153240680695,0.051957130432128906,-0.03551425412297249,0.08584956265985966,2.483144302733198,-3.4891022650090475,8.964239307112987,seqgru
30780,2026Q2,4,0.008385434746742249,0.049256693571805954,0.095319464802742,-0.0437051672488451,0.14741006679832935,5.048997015634793,-4.276385956259721,15.882906293549803,seqgru
30780,2026Q2,8,0.03309271112084389,0.10495644062757492,0.19514450430870056,-0.07302185520529747,0.3012590706348419,11.066222955229854,-7.041948636918194,35.155944554880826,seqgru
30860,2026Q2,1,-0.009459995664656162,0.008805029094219208,0.027091633528470993,-0.03509343508630991,0.05272507295012474,0.8843907387285244,-3.4484800953050843,5.413979373354105,seqgru
30860,2026Q2,2,-0.009261135011911392,0.01705787144601345,0.043569162487983704,-0.04315356723964214,0.07746159471571445,1.7204187699145335,-4.223570244637898,8.05407331876291,seqgru
30860,2026Q2,4,-0.00759592279791832,0.033063337206840515,0.07682833075523376,-0.05968652479350567,0.1289189327508211,3.3616003518729842,-5.794020030723268,13.759789849523862,seqgru
30860,2026Q2,8,0.003589741885662079,0.07290350645780563,0.15653228759765625,-0.10252482444047928,0.2626468539237976,7.562674087265431,-9.744425596652494,30.03674182050089,seqgru
30980,2026Q2,1,-0.005635499022901058,0.012385410256683826,0.030891157686710358,-0.031268938444554806,0.056524597108364105,1.246242708351808,-3.0785121119713987,5.815264197532866,seqgru
30980,2026Q2,2,-0.0007663723081350327,0.02507125772535801,0.05227626860141754,-0.034658804535865784,0.08616870082914829,2.5388184750857024,-3.40650673427092,8.99901950451245,seqgru
30980,2026Q2,4,0.013033691793680191,0.05277540162205696,0.09823586046695709,-0.03905691020190716,0.15032646246254444,5.419284852446804,-3.83040227232595,16.22135999158043,seqgru
30980,2026Q2,8,0.046126075088977814,0.11460006237030029,0.20343828201293945,-0.059988491237163544,0.3095528483390808,12.142484787842145,-5.822462780871717,36.28155926122905,seqgru
31020,2026Q2,1,-0.006124620325863361,0.011980912648141384,0.030500732362270355,-0.03175805974751711,0.0561341717839241,1.2052971270555268,-3.1259068845708726,5.773959302441045,seqgru
31020,2026Q2,2,-0.0024985261261463165,0.02368953637778759,0.05097467452287674,-0.03639095835387707,0.08486710675060749,2.397236236769773,-3.573676698582773,8.857239316301712,seqgru
31020,2026Q2,4,0.007096666842699051,0.04802979156374931,0.093775175511837,-0.0449939351528883,0.14586577750742435,4.920191222452619,-4.399672017075162,15.70408767174074,seqgru
31020,2026Q2,8,0.032568857073783875,0.10489040613174438,0.19521835446357727,-0.07354570925235748,0.30133292078971863,11.058888995343041,-7.0906323356419225,35.16592621088759,seqgru
31084,2026Q2,1,-0.006896958686411381,0.011317460797727108,0.029948756098747253,-0.03253039810806513,0.055582195520401,1.1381745541645616,-3.2006975772489787,5.7155906981312565,seqgru
31084,2026Q2,2,-0.0037388261407613754,0.0225665345788002,0.04993179067969322,-0.037631258368492126,0.08382422290742397,2.282308500370167,-3.6932001310029605,8.743773036564018,seqgru
31084,2026Q2,4,0.0037752650678157806,0.04467320069670677,0.09034063667058945,-0.04831533692777157,0.1424312386661768,4.568607458351837,-4.716672381908593,15.307379133948174,seqgru
31084,2026Q2,8,0.024283945560455322,0.09377225488424301,0.18014299869537354,-0.08183062076568604,0.2862575650215149,9.830958278847056,-7.857198374861096,33.143534226512195,seqgru
31140,2026Q2,1,-0.005179733037948608,0.012920121662318707,0.03157350793480873,-0.030813172459602356,0.05720694735646248,1.3003947056607013,-3.0343285266582365,5.8874919088065525,seqgru
31140,2026Q2,2,-0.00011497363448143005,0.025966841727495193,0.05355432629585266,-0.03400740586221218,0.08744675852358341,2.630691734479962,-3.3435653631368356,9.13841559922728,seqgru
31140,2026Q2,4,0.011953257024288177,0.052659764885902405,0.09921635687351227,-0.04013734497129917,0.15130695886909962,5.407095215217228,-3.934251138404299,16.335370501730996,seqgru
31140,2026Q2,8,0.038125451654195786,0.10976195335388184,0.2009280025959015,-0.06798911467194557,0.30704256892204285,11.601237583317525,-6.572935663569268,35.93988349833375,seqgru
31180,2026Q2,1,-0.007065099664032459,0.011055156588554382,0.02943543717265129,-0.03269853908568621,0.05506887659430504,1.1116490642968602,-3.216972138342733,5.6613388100942075,seqgru
31180,2026Q2,2,-0.0042880866676568985,0.021831383928656578,0.048845887184143066,-0.03818051889538765,0.08273831941187382,2.2071432270629465,-3.7460831300411668,8.62575188469239,seqgru
31180,2026Q2,4,0.004349254071712494,0.045000143349170685,0.09015969932079315,-0.047741347923874855,0.1422503013163805,4.602800985595401,-4.661965100414123,15.286517609727102,seqgru
31180,2026Q2,8,0.026110179722309113,0.09815651178359985,0.18879687786102295,-0.08000438660383224,0.2949114441871643,10.31354252910084,-7.688770295018543,34.30074223061739,seqgru
31340,2026Q2,1,-0.005165661685168743,0.012908192351460457,0.03150026872754097,-0.03079910110682249,0.05713370814919472,1.2991862689701206,-3.032964078887612,5.879737076821923,seqgru
31340,2026Q2,2,-0.00031401030719280243,0.02575960010290146,0.053281012922525406,-0.03420644253492355,0.08717344515025616,2.6094245869869415,-3.3628016238589242,9.108590686659657,seqgru
31340,2026Q2,4,0.010972760617733002,0.05186960846185684,0.0981777012348175,-0.04111784137785435,0.15026830323040485,5.323840018438908,-4.028397097526371,16.21460084308044,seqgru
31340,2026Q2,8,0.0383867584168911,0.11095702648162842,0.20250092446804047,-0.06772780790925026,0.3086154907941818,11.734688949564509,-6.54851934990438,36.15387456588029,seqgru
31420,2026Q2,1,-0.006655835546553135,0.011498085223138332,0.029996301978826523,-0.03228927496820688,0.05562974140048027,1.1564442287556043,-3.177354211312977,5.720617158421892,seqgru
31420,2026Q2,2,-0.0032712258398532867,0.02290692925453186,0.0500735342502594,-0.03716365806758404,0.08396596647799015,2.317130779928278,-3.6481565120205617,8.759187859681283,seqgru
31420,2026Q2,4,0.005571205168962479,0.046280328184366226,0.09156781435012817,-0.04651939682662487,0.14365841634571552,4.736797657089231,-4.545395477374326,15.448968635876614,seqgru
31420,2026Q2,8,0.029943980276584625,0.1003795638680458,0.18822555243968964,-0.07617058604955673,0.294340118765831,10.55904806445227,-7.334188187173607,34.22403471703988,seqgru
31540,2026Q2,1,-0.004612858407199383,0.013519451953470707,0.03223532810807228,-0.03024629782885313,0.05786876752972603,1.3611252977373312,-2.97934556469569,5.957593581840026,seqgru
31540,2026Q2,2,0.0005338527262210846,0.026767631992697716,0.05463961511850357,-0.033358579501509666,0.08853204734623432,2.7129103088552764,-3.2808317710095514,9.256926599498572,seqgru
31540,2026Q2,4,0.011274948716163635,0.05274326726794243,0.10016104578971863,-0.040815653279423714,0.15225164778530598,5.415897326245123,-3.999391238950034,16.445323164160342,seqgru
31540,2026Q2,8,0.031757988035678864,0.10708697885274887,0.20167386531829834,-0.0743565782904625,0.3077884316444397,11.303106043393951,-7.1659391291310275,36.04131381176474,seqgru
31700,2026Q2,1,-0.004232860170304775,0.013841376639902592,0.03259214013814926,-0.029866299591958523,0.05822557955980301,1.3937611990844756,-2.942470881354309,5.995407271696562,seqgru
31700,2026Q2,2,0.0019068643450737,0.027935737743973732,0.05573384091258049,-0.03198556788265705,0.08962627314031124,2.8329599518061688,-3.1479440219298715,9.37654377893178,seqgru
31700,2026Q2,4,0.01620328612625599,0.05676756054162979,0.10380086302757263,-0.03588731586933136,0.15589146502315998,5.840976560869748,-3.5251000739404903,16.869935144903113,seqgru
31700,2026Q2,8,0.04701148346066475,0.11844293773174286,0.2100435197353363,-0.05910308286547661,0.31615808606147766,12.574263484096605,-5.73904027495038,37.18471083912065,seqgru
31740,2026Q2,1,-0.004846823401749134,0.013171185739338398,0.03180436044931412,-0.03048026282340288,0.057437799870967865,1.3258307886689469,-3.0020423463521295,5.911939124310384,seqgru
31740,2026Q2,2,0.0006019137799739838,0.026515671983361244,0.05404859408736229,-0.03329051844775677,0.08794102631509304,2.687034023046375,-3.2742487384802565,9.19237253636398,seqgru
31740,2026Q2,4,0.012771880254149437,0.05319296196103096,0.09953943639993668,-0.03931872174143791,0.15163003839552402,5.463312956319455,-3.8555772870646043,16.372962150358127,seqgru
31740,2026Q2,8,0.0415799655020237,0.11198361217975616,0.20151486992835999,-0.06453460082411766,0.30762943625450134,11.849453080753802,-6.249632469893318,36.01968558946689,seqgru
31860,2026Q2,1,-0.0069132400676608086,0.011270904913544655,0.02978556975722313,-0.032546679489314556,0.05541900917887688,1.1334660866278767,-3.2022735907665245,5.698340765158183,seqgru
31860,2026Q2,2,-0.003960207104682922,0.02226056531071663,0.04940085858106613,-0.03785263933241367,0.08329329080879688,2.251018044503472,-3.714518263388744,8.686052801051858,seqgru
31860,2026Q2,4,0.0042121075093746185,0.04480307921767235,0.0901261419057846,-0.04787849448621273,0.14221674390137196,4.582189556420269,-4.675039487586529,15.282648957122124,seqgru
31860,2026Q2,8,0.0259866900742054,0.09669190645217896,0.1846812665462494,-0.08012787625193596,0.29079583287239075,10.152094983912185,-7.700169072460838,33.74914842774493,seqgru
31900,2026Q2,1,-0.007358347065746784,0.010770099237561226,0.029237713664770126,-0.03299178648740053,0.054871153086423874,1.0828305531194182,-3.2453493488182272,5.640449144794268,seqgru
31900,2026Q2,2,-0.004638034850358963,0.021423451602458954,0.0484544038772583,-0.038530467078089714,0.08234683610498905,2.165458132299203,-3.779761120208336,8.58323503899241,seqgru
31900,2026Q2,4,0.003317892551422119,0.04351700842380524,0.08815934509038925,-0.04877270944416523,0.1402499470859766,4.447775908133189,-4.760242392609393,15.056134237516217,seqgru
31900,2026Q2,8,0.029644742608070374,0.09768102318048477,0.18318818509578705,-0.07646982371807098,0.2893027514219284,10.261102165244695,-7.361913140269416,33.5495990640102,seqgru
31924,2026Q2,1,-0.009812953881919384,0.008519886061549187,0.026777490973472595,-0.03544639330357313,0.05241093039512634,0.8556283584952418,-3.4825527341820317,5.3808695574145915,seqgru
31924,2026Q2,2,-0.01014089584350586,0.016369052231311798,0.04298824444413185,-0.04403332807123661,0.0768806766718626,1.6503759171391685,-4.307793542515082,7.99132098660611,seqgru
31924,2026Q2,4,-0.009596522897481918,0.03157874569296837,0.07528434693813324,-0.06168712489306927,0.1273749489337206,3.2082644458856002,-5.9823001242446665,13.584282100387535,seqgru
31924,2026Q2,8,0.001579977571964264,0.07253037393093109,0.15736541152000427,-0.1045345887541771,0.26347997784614563,7.5225464418163135,-9.925635873232409,30.14512368238773,seqgru
32580,2026Q2,1,-0.004881040193140507,0.013174908235669136,0.03181396424770355,-0.030514479614794254,0.0574474036693573,1.3262079744043032,-3.0053612484531422,5.912956286105064,seqgru
32580,2026Q2,2,0.0003588292747735977,0.026361748576164246,0.05402353033423424,-0.03353360295295715,0.08791596256196499,2.671229301284117,-3.2977584123313197,9.189635799991859,seqgru
32580,2026Q2,4,0.013192487880587578,0.05386338382959366,0.1006835401058197,-0.03889811411499977,0.15277414210140705,5.534041574013293,-3.815129703947384,16.506181081223524,seqgru
32580,2026Q2,8,0.039425961673259735,0.11212968826293945,0.20562171936035156,-0.06668860465288162,0.3117362856864929,11.86579280415836,-6.451353788260739,36.5794465983065,seqgru
32780,2026Q2,1,-0.007588946260511875,0.010666321031749249,0.029168400913476944,-0.03322238568216562,0.05480184033513069,1.0723409026341724,-3.267658321033795,5.633127168372298,seqgru
32780,2026Q2,2,-0.005763707682490349,0.0207173153758049,0.04788939654827118,-0.0396561399102211,0.08178182877600193,2.093340866502902,-3.888012689660303,8.521902043817775,seqgru
32780,2026Q2,4,-0.0011890679597854614,0.04031626880168915,0.08564949035644531,-0.05327966995537281,0.13774009235203266,4.1140002228261086,-5.188518382802054,14.76772214196378,seqgru
32780,2026Q2,8,0.015363141894340515,0.08813540637493134,0.17649370431900024,-0.09075142443180084,0.2826082706451416,9.213599419246021,-8.675530699453727,32.65853975783908,seqgru
32820,2026Q2,1,-0.009278538636863232,0.008950465358793736,0.02724679559469223,-0.03491197805851698,0.05288023501634598,0.8990640546616913,-3.4309585538189413,5.4303368932027585,seqgru
32820,2026Q2,2,-0.008378677070140839,0.01778137870132923,0.0442994087934494,-0.04227110929787159,0.07819184102118015,1.7940408607552305,-4.139014270507602,8.133008224048211,seqgru
32820,2026Q2,4,-0.0028992407023906708,0.03704351559281349,0.08059179782867432,-0.05498984269797802,0.13268239982426167,3.7738177647622884,-5.350523826218412,14.188727713389415,seqgru
32820,2026Q2,8,0.017494581639766693,0.08411579579114914,0.1673198938369751,-0.08861998468637466,0.27343446016311646,8.775484394916866,-8.48067050324448,31.447120616042113,seqgru
32900,2026Q2,1,-0.009972785599529743,0.008473623543977737,0.026925768703222275,-0.03560622502118349,0.05255920812487602,0.8509626311411278,-3.4979780507976233,5.396496352035807,seqgru
32900,2026Q2,2,-0.010877314954996109,0.01600426249206066,0.04290979728102684,-0.04476974718272686,0.07680222950875759,1.613301665577982,-4.378237170970367,7.982849706113049,seqgru
32900,2026Q2,4,-0.013996008783578873,0.028122717514634132,0.07246816158294678,-0.06608661077916622,0.12455876357853413,2.8521894327802277,-6.3950211220881625,13.26485769882817,seqgru
32900,2026Q2,8,-0.00985407829284668,0.0616164430975914,0.14420437812805176,-0.11596864461898804,0.2503189444541931,6.355433287969281,-10.949685507487484,28.44350147894863,seqgru
33124,2026Q2,1,-0.007316860370337963,0.010821503587067127,0.029360860586166382,-0.03295029979199171,0.05499430000782013,1.0880267838234925,-3.241335234831688,5.653459241941627,seqgru
33124,2026Q2,2,-0.003729982301592827,0.022138424217700958,0.04921688511967659,-0.03762241452932358,0.08310931734740734,2.238529756079677,-3.692348405387824,8.666059290907313,seqgru
33124,2026Q2,4,0.006402626633644104,0.04575786739587784,0.09057985246181488,-0.045687975361943245,0.14267045445740223,4.682091079466821,-4.465999469072379,15.33496577933089,seqgru
33124,2026Q2,8,0.03093910589814186,0.09564785659313202,0.17931030690670013,-0.0751754604279995,0.2854248732328415,10.037150718883513,-7.241928166054401,33.03271284527731,seqgru
33140,2026Q2,1,-0.002627362497150898,0.01528956275433302,0.03412604331970215,-0.028260801918804646,0.059759482741355896,1.5407046111660216,-2.7865200883731567,6.158118724044748,seqgru
33140,2026Q2,2,0.005138306878507137,0.030945859849452972,0.05902530625462532,-0.028754125349223614,0.09291773848235607,3.1429660617750432,-2.8344659483856782,9.737146011331932,seqgru
33140,2026Q2,4,0.022661233320832253,0.06308671832084656,0.11091971397399902,-0.029429368674755096,0.16301031596958637,6.511920057511267,-2.900054180225742,17.70488320257897,seqgru
33140,2026Q2,8,0.0586303286254406,0.1302146017551422,0.22382816672325134,-0.04748423770070076,0.3299427330493927,13.90728041201168,-4.637449565521834,39.08884742414702,seqgru
33220,2026Q2,1,-0.003875225782394409,0.014101975597441196,0.03284839168190956,-0.029508665204048157,0.05848183110356331,1.420187750770241,-2.907753563652571,6.0225722388251635,seqgru
33220,2026Q2,2,0.0025777090340852737,0.02846194989979267,0.05623989179730415,-0.03131472319364548,0.0901323240250349,2.887086145033102,-3.082949536391888,9.431907883024548,seqgru
33220,2026Q2,4,0.017688194289803505,0.058013055473566055,0.10495229065418243,-0.034402407705783844,0.15704289264976978,5.972883088171366,-3.381737293523701,17.00457991892952,seqgru
33220,2026Q2,8,0.05113903805613518,0.12151743471622467,0.21246454119682312,-0.05497552827000618,0.3185791075229645,12.920905319293684,-5.3491689634121204,37.517240336352216,seqgru
33260,2026Q2,1,-0.006237479858100414,0.011871750466525555,0.03032960370182991,-0.03187091927975416,0.05596304312348366,1.194249939008607,-3.1368394324730486,5.755859895183968,seqgru
33260,2026Q2,2,-0.0025208741426467896,0.023579254746437073,0.050747260451316833,-0.03641330637037754,0.08463969267904758,2.3859443251684542,-3.5758316115678923,8.83248646297028,seqgru
33260,2026Q2,4,0.00803804025053978,0.048761073499917984,0.09450804442167282,-0.04405256174504757,0.14659864641726017,4.996945524129615,-4.3096340375005315,15.788914680078147,seqgru
33260,2026Q2,8,0.03242979198694229,0.10530654340982437,0.19733446836471558,-0.07368477433919907,0.30344903469085693,11.105114356497081,-7.103551886574511,35.452255552205344,seqgru
33340,2026Q2,1,-0.0009564999490976334,0.01689789816737175,0.03592072054743767,-0.02658993937075138,0.061554159969091415,1.7041475225361813,-2.62395395060806,6.348809345133222,seqgru
33340,2026Q2,2,0.00869697518646717,0.03441823273897171,0.06294074654579163,-0.02519545704126358,0.09683317877352238,3.501739437856144,-2.4880700532497024,10.167657525323692,seqgru
33340,2026Q2,4,0.029452012851834297,0.06992995738983154,0.11896295845508575,-0.022638589143753052,0.1710535604506731,7.2433062612558,-2.238425912405362,18.65542997028351,seqgru
33340,2026Q2,8,0.06921809911727905,0.14138886332511902,0.23692995309829712,-0.036896467208862305,0.3430445194244385,15.187248186942703,-3.62240874058819,40.923149870516085,seqgru
33460,2026Q2,1,-0.006568017415702343,0.011519466526806355,0.029985107481479645,-0.03220145683735609,0.05561854690313339,1.158607108530152,-3.168851054175559,5.719433675877861,seqgru
33460,2026Q2,2,-0.0030307862907648087,0.023020781576633453,0.05017523467540741,-0.03692321851849556,0.08406766690313816,2.328780486018811,-3.6249869328885076,8.770249277791287,seqgru
33460,2026Q2,4,0.005770839750766754,0.04638153314590454,0.09167009592056274,-0.046319762244820595,0.1437606979161501,4.747398077066278,-4.5263375350702795,15.460777541600157,seqgru
33460,2026Q2,8,0.030824318528175354,0.10088316351175308,0.18884076178073883,-0.075290247797966,0.2949553281068802,10.61473958360375,-7.252575010090078,34.306636002927185,seqgru
33500,2026Q2,1,-0.005707799457013607,0.01230638287961483,0.030850086361169815,-0.031341238878667355,0.05648352578282356,1.2382417995020711,-3.0855193243052303,5.810918313616065,seqgru
33500,2026Q2,2,-0.0006412938237190247,0.02508275955915451,0.05229054018855095,-0.034533726051449776,0.0861829724162817,2.539997866316046,-3.3944242109126943,9.00057510461718,seqgru
33500,2026Q2,4,0.0143315140157938,0.053583137691020966,0.09902222454547882,-0.03775908797979355,0.15111282654106617,5.504470210197998,-3.7055102049831534,16.312788237467537,seqgru
33500,2026Q2,8,0.04872105270624161,0.11541111767292023,0.20352324843406677,-0.05739351361989975,0.30963781476020813,12.233475439015473,-5.577756813804324,36.293139109527296,seqgru
33540,2026Q2,1,-0.01014964934438467,0.008229777216911316,0.026470202952623367,-0.03578308876603842,0.052103642374277115,0.8263734924298216,-3.515044250545152,5.348492253406523,seqgru
33540,2026Q2,2,-0.01120002195239067,0.015485886484384537,0.042076434940099716,-0.04509245418012142,0.07596886716783047,1.560641418017461,-4.4090900044581165,7.8928983519434,seqgru
33540,2026Q2,4,-0.012511175125837326,0.029262669384479523,0.07311108708381653,-0.06460177712142467,0.12520168907940388,2.9695028315519956,-6.255930060928372,13.33770197840838,seqgru
33540,2026Q2,8,-0.004975840449333191,0.06778082996606827,0.1536494791507721,-0.11109040677547455,0.25976404547691345,7.013074218368609,-10.514215594027764,29.662410624584766,seqgru
33660,2026Q2,1,-0.006554744206368923,0.011578109115362167,0.030119314789772034,-0.03218818362802267,0.05575275421142578,1.1645394850489543,-3.1675657855358086,5.733622948636463,seqgru
33660,2026Q2,2,-0.002805681899189949,0.023245159536600113,0.05055098980665207,-0.0366981141269207,0.08444342203438282,2.3517433851180325,-3.6032900522690814,8.811127936786134,seqgru
33660,2026Q2,4,0.006396405398845673,0.04670974984765053,0.0920465737581253,-0.045694196596741676,0.14413717575371265,4.78178356521668,-4.466593806672159,15.504254148928354,seqgru
33660,2026Q2,8,0.031339630484580994,0.10026966780424118,0.18737365305423737,-0.07477493584156036,0.2934882193803787,10.546898727846376,-7.204768836578435,34.109738035900136,seqgru
33700,2026Q2,1,-0.008296032436192036,0.009978160262107849,0.028492052108049393,-0.03392947185784578,0.05412549152970314,1.0028108094143118,-3.3360322465986414,5.561706484368156,seqgru
33700,2026Q2,2,-0.007225297391414642,0.019349008798599243,0.046385109424591064,-0.04111772961914539,0.08027754165232182,1.9537414059169755,-4.028386371863335,8.358776668397972,seqgru
33700,2026Q2,4,-0.004317212849855423,0.03720942512154579,0.0822153091430664,-0.05640781484544277,0.13430591113865376,3.791036258278968,-5.484639038915374,14.374264974976757,seqgru
33700,2026Q2,8,0.00927819311618805,0.08047144114971161,0.16586294770240784,-0.09683637320995331,0.2719775140285492,8.379789417846673,-9.229548124066532,31.255748684910188,seqgru
33740,2026Q2,1,-0.01007400918751955,0.008229187689721584,0.026491500437259674,-0.0357074486091733,0.05212493985891342,0.8263140525587298,-3.507745837334053,5.350735935194062,seqgru
33740,2026Q2,2,-0.010271646082401276,0.01607467792928219,0.042511679232120514,-0.04416407831013203,0.07640411145985126,1.620457062564551,-4.320304503446437,7.939868341069012,seqgru
33740,2026Q2,4,-0.007855065166950226,0.03251182287931442,0.0757456049323082,-0.059945667162537575,0.12783620692789555,3.304610665121821,-5.8184296286323605,13.636685843412554,seqgru
33740,2026Q2,8,0.00824292004108429,0.07564403861761093,0.1580047905445099,-0.09787164628505707,0.26411935687065125,7.857857349659847,-9.323471702244024,30.228362352306014,seqgru
33780,2026Q2,1,-0.005985419265925884,0.012055677361786366,0.030553676187992096,-0.03161885868757963,0.056187115609645844,1.2128639949784192,-3.112420969523666,5.77955952875564,seqgru
33780,2026Q2,2,-0.0017128922045230865,0.024210063740611076,0.05133848637342453,-0.03560532443225384,0.08523091860115528,2.450550674716623,-3.4978911421058356,8.896850074977692,seqgru
33780,2026Q2,4,0.010026637464761734,0.050061676651239395,0.0953347384929657,-0.042063964530825615,0.14742534048855305,5.133593725635688,-4.119155112160522,15.884676266679731,seqgru
33780,2026Q2,8,0.04028666391968727,0.10920554399490356,0.19705340266227722,-0.06582790240645409,0.3031679689884186,11.539158882439281,-6.370801597563103,35.41418991857432,seqgru
33860,2026Q2,1,-0.00548247154802084,0.012663792818784714,0.03134547919034958,-0.031115910969674587,0.056978918612003326,1.2744318202966065,-3.0636793265353512,5.863349269685103,seqgru
33860,2026Q2,2,-0.0007888823747634888,0.025390595197677612,0.05300677567720413,-0.03468131460249424,0.08689920790493488,2.571568191019602,-3.4086810357682795,9.078673149747818,seqgru
33860,2026Q2,4,0.009635858237743378,0.05050716549158096,0.0969516783952713,-0.04245474375784397,0.14904228039085865,5.180440002357445,-4.156616034659766,16.072206395417087,seqgru
33860,2026Q2,8,0.03391849622130394,0.10519568622112274,0.19478988647460938,-0.07219607010483742,0.30090445280075073,11.092798238546852,-6.965153559383364,35.10802434374114,seqgru
33874,2026Q2,1,-0.004064032807946205,0.013933386653661728,0.03266565501689911,-0.029697472229599953,0.058299094438552856,1.403090869652468,-2.9260835314385614,6.003199797639969,seqgru
33874,2026Q2,2,0.002283463254570961,0.028199268504977226,0.05602829158306122,-0.03160896897315979,0.08992072381079197,2.860063171107652,-3.1114627742981016,9.408754517586427,seqgru
33874,2026Q2,4,0.017115071415901184,0.05758216232061386,0.10456128418445587,-0.034975530579686165,0.15665188618004322,5.9272299349720114,-3.437095564856407,16.958839314212515,seqgru
33874,2026Q2,8,0.04997364059090614,0.12064709514379501,0.21222031116485596,-0.056140925735235214,0.3183348774909973,12.822668542717919,-5.459410551873045,37.48365859735034,seqgru
34060,2026Q2,1,-0.006533223204314709,0.011552121490240097,0.03004986047744751,-0.032166662625968456,0.05568329989910126,1.1619104930819413,-3.165481832095862,5.726279547583357,seqgru
34060,2026Q2,2,-0.0027251485735177994,0.023258714005351067,0.05035438388586044,-0.03661758080124855,0.0842468161135912,2.3531307180276073,-3.595526592028697,8.789737127634512,seqgru
34060,2026Q2,4,0.00856262817978859,0.04857584089040756,0.09363599121570587,-0.04352797381579876,0.14572659321129322,4.977498467089725,-4.259422857633255,15.687984600411964,seqgru
34060,2026Q2,8,0.038924988359212875,0.10709578543901443,0.19424383342266083,-0.06718957796692848,0.3003583997488022,11.304086248115075,-6.4982074263869265,35.03426833388532,seqgru
34100,2026Q2,1,-0.0057381028309464455,0.012425217777490616,0.031014960259199142,-0.03137154225260019,0.05664839968085289,1.2502731504854703,-3.088456115555094,5.828365210401909,seqgru
34100,2026Q2,2,-0.0019761845469474792,0.024370381608605385,0.05187985673546791,-0.03586861677467823,0.08577228896319866,2.4669766452287245,-3.5232960637884947,8.955819562854428,seqgru
34100,2026Q2,4,0.006319008767604828,0.04790361598134041,0.09425152838230133,-0.04577159322798252,0.14634213037788868,4.906953691362825,-4.4739874843559235,15.759216775438567,seqgru
34100,2026Q2,8,0.027981869876384735,0.10284999758005142,0.19484367966651917,-0.07813269644975662,0.3009582459926605,10.832514515246071,-7.515830480882679,35.11529243110827,seqgru
34580,2026Q2,1,-0.008494908921420574,0.00979109201580286,0.028201371431350708,-0.03412834834307432,0.053834810853004456,0.9839181578870093,-3.35525452526072,5.531026195393407,seqgru
34580,2026Q2,2,-0.007454050704836845,0.019026879221200943,0.04593062028288841,-0.041346482932567596,0.07982305251061916,1.9209043794564007,-4.050337685661642,8.309539970613788,seqgru
34580,2026Q2,4,-0.0037782788276672363,0.037441931664943695,0.08205920457839966,-0.055868880823254585,0.134149806573987,3.8151711590075132,-5.433687766820283,14.356412023633624,seqgru
34580,2026Q2,8,0.012463361024856567,0.08368976414203644,0.1700032353401184,-0.09365120530128479,0.27611780166625977,8.729152466051882,-8.939968057952063,31.800311784596236,seqgru
34620,2026Q2,1,0.0012416401877999306,0.018959082663059235,0.038126152008771896,-0.024391799233853817,0.06375959143042564,1.9139947271647584,-2.409672331181223,6.583613181850367,seqgru
34620,2026Q2,2,0.013006171211600304,0.038578495383262634,0.06760472059249878,-0.020886261016130447,0.10149715282022953,3.9332307943980904,-2.06696537264236,10.682676705266903,seqgru
34620,2026Q2,4,0.03754744678735733,0.07813574373722076,0.12862178683280945,-0.014543155208230019,0.1807123888283968,8.126942426119466,-1.443791432240349,19.807055126122776,seqgru
34620,2026Q2,8,0.08231894671916962,0.15629789233207703,0.2558172941207886,-0.02379561960697174,0.36193186044692993,16.91744393191763,-2.351473619324962,43.61010833403862,seqgru
34740,2026Q2,1,-0.005178163759410381,0.012888409197330475,0.031529590487480164,-0.03081160318106413,0.05716302990913391,1.2971822713776726,-3.0341763603916605,5.882841702571229,seqgru
34740,2026Q2,2,-0.0002003200352191925,0.025822263211011887,0.05336597189307213,-0.034092752262949944,0.08725840412080288,2.6158546139136263,-3.3518142899281234,9.117860833987713,seqgru
34740,2026Q2,4,0.011664682999253273,0.05224917083978653,0.0984807163476944,-0.040425918996334076,0.15057131834328175,5.363824573445353,-3.9619692186699362,16.249820959317105,seqgru
34740,2026Q2,8,0.04096800088882446,0.11208644509315491,0.20243194699287415,-0.0651465654373169,0.3085465133190155,11.860955477278479,-6.306986826088023,36.14448333927389,seqgru
34820,2026Q2,1,-0.007816736586391926,0.010574384592473507,0.028915908187627792,-0.03345017600804567,0.05454934760928154,1.0630490986365704,-3.289690503213738,5.60645893906222,seqgru
34820,2026Q2,2,-0.007645389065146446,0.01940077729523182,0.0467236191034317,-0.0415378212928772,0.08061605133116245,1.9590195344548533,-4.068694780456905,8.395463372139368,seqgru
34820,2026Q2,4,-0.00810396671295166,0.03580712899565697,0.08211040496826172,-0.06019456870853901,0.13420100696384907,3.6455924916810156,-5.8418686499773,14.362267266406548,seqgru
34820,2026Q2,8,-0.006098784506320953,0.07920127362012863,0.17818713188171387,-0.11221335083246231,0.2843016982078552,8.242216317403495,-10.61464672398741,32.88337770515233,seqgru
34900,2026Q2,1,-0.009037039242684841,0.009291691705584526,0.02772684395313263,-0.03467047866433859,0.05336028337478638,0.9334993484643173,-3.407634372538837,5.480960703324467,seqgru
34900,2026Q2,2,-0.008701091632246971,0.01788986846804619,0.0447726771235466,-0.04259352385997772,0.07866510935127735,1.8050850715824796,-4.169916266350226,8.184196264162491,seqgru
34900,2026Q2,4,-0.007472086697816849,0.03397614508867264,0.07841674238443375,-0.0595626886934042,0.1305073443800211,3.455992709843003,-5.782353207185576,13.940630809575595,seqgru
34900,2026Q2,8,0.00462215393781662,0.075376495718956,0.1597290337085724,-0.10149241238832474,0.26584360003471375,7.829004605707279,-9.65119653674269,30.453101412573847,seqgru
34940,2026Q2,1,-0.011614647693932056,0.0068346974439918995,0.024994749575853348,-0.037248087115585804,0.050628188997507095,0.6858107291251692,-3.6562910630384304,5.1931700782650525,seqgru
34940,2026Q2,2,-0.013859737664461136,0.012802273966372013,0.038994915783405304,-0.04775216989219189,0.07288734801113605,1.288457390952491,-4.662996840024469,7.560936055574552,seqgru
34940,2026Q2,4,-0.016212813556194305,0.02494373545050621,0.06779704242944717,-0.06830341555178165,0.11988764442503452,2.5257433253972783,-6.602295257975843,12.737017813871155,seqgru
34940,2026Q2,8,-0.010501109063625336,0.05931440740823746,0.14192140102386475,-0.1166156753897667,0.2480359673500061,6.110880876970448,-11.007285164726843,28.150602374081156,seqgru
34980,2026Q2,1,-0.007590434513986111,0.010678619146347046,0.029117736965417862,-0.03322387393563986,0.05475117638707161,1.0735839095085797,-3.2678022831702513,5.627775512673261,seqgru
34980,2026Q2,2,-0.006017858162522316,0.020549729466438293,0.04775064066052437,-0.03991029039025307,0.08164307288825512,2.0762328947010467,-3.9124364935798406,8.506845035608123,seqgru
34980,2026Q2,4,-0.002226833254098892,0.03974958136677742,0.08540186285972595,-0.05431743524968624,0.1374924648553133,4.055016841250514,-5.2868594116476935,14.739306016677766,seqgru
34980,2026Q2,8,0.009915381669998169,0.08550043404102325,0.1767493635416031,-0.09619918465614319,0.28286392986774445,8.926203412837097,-9.17169180037093,32.69245947274442,seqgru
35004,2026Q2,1,-0.0020278077572584152,0.015864957123994827,0.03477825969457626,-0.027661247178912163,0.06041169911623001,1.5991473730964323,-2.7282178097534193,6.227379371411357,seqgru
35004,2026Q2,2,0.006657060235738754,0.03236309438943863,0.060582663863897324,-0.027235371991991997,0.09447509609162807,3.2892474688811957,-2.6867833490029858,9.908179135993421,seqgru
35004,2026Q2,4,0.02571440488100052,0.06596675515174866,0.11413724720478058,-0.02637619711458683,0.16622784920036793,6.8191204721189225,-2.603138350321643,18.084212500768572,seqgru
35004,2026Q2,8,0.06413280963897705,0.134892076253891,0.2282697558403015,-0.04198175668716431,0.33438432216644287,14.441326831926403,-4.111272630657403,39.70799692113631,seqgru
35084,2026Q2,1,-0.001959322951734066,0.015883876010775566,0.03476754203438759,-0.027592762373387814,0.060400981456041336,1.6010695340451297,-2.721555942551379,6.226240868557564,seqgru
35084,2026Q2,2,0.0067712897434830666,0.032401010394096375,0.06056695431470871,-0.027121142484247684,0.09445938654243946,3.2931638587157863,-2.675666673253807,9.90645254160909,seqgru
35084,2026Q2,4,0.02625792659819126,0.06626772880554199,0.11428600549697876,-0.025832675397396088,0.1663766074925661,6.851275051700334,-2.5501866519333727,18.101779813165052,seqgru
35084,2026Q2,8,0.0654640942811966,0.13547685742378235,0.22824761271476746,-0.04065047204494476,0.3343621790409088,14.508269536423924,-3.983532430131409,39.70490338367281,seqgru
35300,2026Q2,1,-0.0021266574040055275,0.015686918050050735,0.03439013287425041,-0.027760096825659275,0.06002357229590416,1.581060365129483,-2.737832615843472,6.186157676564541,seqgru
35300,2026Q2,2,0.0067883627489209175,0.03237155079841614,0.06036927178502083,-0.027104069478809834,0.09426170401275158,3.2901209286939403,-2.6740050401971915,9.884728103383345,seqgru
35300,2026Q2,4,0.02622593380510807,0.06653905659914017,0.11408556997776031,-0.02586466819047928,0.16617617197334766,6.8802707058888135,-2.553304293776515,18.07811039378302,seqgru
35300,2026Q2,8,0.0606706365942955,0.13175910711288452,0.22270303964614868,-0.045443929731845856,0.32881760597229004,14.083346749594284,-4.442681968565765,38.93244279982555,seqgru
35380,2026Q2,1,-0.007433568127453327,0.010823535732924938,0.029395852237939835,-0.033067007549107075,0.05502929165959358,1.088232209647133,-3.252627062643143,5.657156295678711,seqgru
35380,2026Q2,2,-0.004790382459759712,0.021548369899392128,0.04880094155669212,-0.03868281468749046,0.08269337378442287,2.1782212644922527,-3.7944189270083806,8.620869741832916,seqgru
35380,2026Q2,4,0.002532072365283966,0.043384850025177,0.08863744139671326,-0.04955852963030338,0.1407280433923006,4.433973169422911,-4.835054318449661,15.111155301950884,seqgru
35380,2026Q2,8,0.02390659600496292,0.09343906491994858,0.1799871325492859,-0.08220797032117844,0.28610169887542725,9.79436980157491,-7.891961860690699,33.12278327418332,seqgru
35614,2026Q2,1,-0.0023753875866532326,0.015519686043262482,0.03441648185253143,-0.02800882700830698,0.06004992127418518,1.5640741809093583,-2.7620216441062273,6.188955610188085,seqgru
35614,2026Q2,2,0.006172729656100273,0.03181138262152672,0.059937722980976105,-0.027719702571630478,0.09383015520870686,3.232277292557284,-2.73390370379456,9.83731771107239,seqgru
35614,2026Q2,4,0.025351911783218384,0.06515981256961823,0.11300510168075562,-0.026738690212368965,0.16509570367634296,6.732958343844819,-2.6384376421539457,17.950599637002206,seqgru
35614,2026Q2,8,0.06318774819374084,0.1320435106754303,0.22358375787734985,-0.04292681813240051,0.3296983242034912,14.115797074112235,-4.201850562329856,39.0548570334156,seqgru
35660,2026Q2,1,-0.002539590932428837,0.015414967201650143,0.03427340090274811,-0.028173030354082584,0.059906840324401855,1.553439065569906,-2.7779871346593654,6.173763080469596,seqgru
35660,2026Q2,2,0.005576947703957558,0.031378887593746185,0.059539999812841415,-0.028315484523773193,0.09343243204057217,3.1876394994293733,-2.791835829352174,9.793641551179011,seqgru
35660,2026Q2,4,0.023661432787775993,0.06404172629117966,0.11196865141391754,-0.028429169207811356,0.1640592534095049,6.6136883771451105,-2.8028862806364074,17.828413037639535,seqgru
35660,2026Q2,8,0.06043459475040436,0.1316596120595932,0.22529563307762146,-0.045679971575737,0.3314101994037628,14.071996585581736,-4.465234832296716,39.29310546225426,seqgru
35840,2026Q2,1,-0.01275529246777296,0.005879014264792204,0.023894576355814934,-0.03838873188942671,0.04952801577746868,0.5896329584862414,-3.766122359974211,5.077503008187256,seqgru
35840,2026Q2,2,-0.01782830059528351,0.009533981792628765,0.03581070154905319,-0.05172073282301426,0.06970313377678394,0.9579574976710248,-5.040597974183658,7.218983705623705,seqgru
35840,2026Q2,4,-0.028935257345438004,0.014837704598903656,0.0582885779440403,-0.08102585934102535,0.11037917993962765,1.4948329801951932,-7.783015556821504,11.670142096817337,seqgru
35840,2026Q2,8,-0.04396357387304306,0.03708511218428612,0.12709863483905792,-0.15007814019918442,0.23321320116519928,3.7781344916453463,-13.935927684003369,26.265064922222802,seqgru
35980,2026Q2,1,0.0003612590953707695,0.017989061772823334,0.036893099546432495,-0.025272180326282978,0.06252653896808624,1.8151839552763782,-2.4955512018509762,6.452270987720654,seqgru
35980,2026Q2,2,0.01155905518680811,0.036968402564525604,0.06546001136302948,-0.022333377040922642,0.09935244359076023,3.7660232917898773,-2.208583342877035,10.445548922960967,seqgru
35980,2026Q2,4,0.034902047365903854,0.07537287473678589,0.12441693246364594,-0.017188554629683495,0.17650753445923328,7.8286141595110825,-1.7041674182791566,19.304341566271322,seqgru
35980,2026Q2,8,0.07533460855484009,0.1482527256011963,0.24246013164520264,-0.03077995777130127,0.348574697971344,15.98059719890992,-3.031107788616738,41.70463894607164,seqgru
36084,2026Q2,1,-0.013462760485708714,0.005144003313034773,0.02324581891298294,-0.03909619990736246,0.04887925833463669,0.5157256412995803,-3.8341806732678063,5.0093553040918115,seqgru
36084,2026Q2,2,-0.017332162708044052,0.009500578977167606,0.035398028790950775,-0.0512245949357748,0.06929046101868153,0.9545852739685889,-4.9934733278944705,7.174746480273653,seqgru
36084,2026Q2,4,-0.022608298808336258,0.018246890977025032,0.06001553684473038,-0.0746989008039236,0.11210613884031773,1.8414382675500107,-7.197712879437834,11.863158460345469,seqgru
36084,2026Q2,8,-0.019425779581069946,0.04783237725496292,0.12626126408576965,-0.1255403459072113,0.232375830411911,4.899480519786481,-11.797982219510184,26.159378505227714,seqgru
36100,2026Q2,1,-0.009515960700809956,0.008920141495764256,0.027084805071353912,-0.0351494001224637,0.05271824449300766,0.8960044516532317,-3.45388345340627,5.413259560974026,seqgru
36100,2026Q2,2,-0.011154964566230774,0.01592984050512314,0.04273276776075363,-0.045047396793961525,0.07662519998848438,1.6057396831611337,-4.404782830878807,7.963735245993608,seqgru
36100,2026Q2,4,-0.013767853379249573,0.02976447343826294,0.07470861822366714,-0.06585845537483692,0.1267992202192545,3.021186311894386,-6.373662203801378,13.518907188583086,seqgru
36100,2026Q2,8,-0.012739524245262146,0.07097284495830536,0.16727504134178162,-0.1188540905714035,0.273389607667923,7.355207312123024,-11.206265025815831,31.44122501691362,seqgru
36220,2026Q2,1,-0.00609601940959692,0.012032228522002697,0.030533581972122192,-0.03172945883125067,0.05616702139377594,1.2104906985721975,-3.123136157122808,5.7774339928074125,seqgru
36220,2026Q2,2,-0.0020017866045236588,0.02405504696071148,0.05135626718401909,-0.03589421883225441,0.08524869941174984,2.4346703511421985,-3.525766034299127,8.8987863664576,seqgru
36220,2026Q2,4,0.008256711065769196,0.04880981892347336,0.09449741989374161,-0.04383389092981815,0.14658802188932896,5.002063769455711,-4.2887070591896,15.787684484055141,seqgru
36220,2026Q2,8,0.03339098021388054,0.10476569086313248,0.19484052062034607,-0.07272358611226082,0.3009550869464874,11.045039119833678,-7.014217987855487,35.11486559633499,seqgru
36260,2026Q2,1,-0.0068115247413516045,0.011424120515584946,0.029987242072820663,-0.03244496416300535,0.05562068149447441,1.1489624986364966,-3.192427277686838,5.719659343906414,seqgru
36260,2026Q2,2,-0.003823503851890564,0.02253912389278412,0.049855053424835205,-0.037715936079621315,0.08374748565256596,2.2795049105512,-3.701354825116754,8.735428658104727,seqgru
36260,2026Q2,4,0.003942415118217468,0.0451437383890152,0.0910351350903511,-0.04814818687736988,0.14312573708593845,4.617822507452973,-4.700744437753535,15.387487740974182,seqgru
36260,2026Q2,8,0.02323901280760765,0.09607811272144318,0.1863788515329361,-0.0828755535185337,0.29249341785907745,10.084505063840243,-7.953431119088927,33.97639180199583,seqgru
36420,2026Q2,1,-0.007036701776087284,0.011182539165019989,0.029663678258657455,-0.03267014119774103,0.0552971176803112,1.1245297470352078,-3.2142236657372925,5.6854578211830376,seqgru
36420,2026Q2,2,-0.004205888137221336,0.022064438089728355,0.049244195222854614,-0.03809832036495209,0.08313662745058537,2.2309658029506574,-3.738170874342339,8.669027012722697,seqgru
36420,2026Q2,4,0.002708103507757187,0.04374010115861893,0.08907473087310791,-0.04938249848783016,0.14116533286869526,4.471080047501186,-4.818300849815083,15.161503206282113,seqgru
36420,2026Q2,8,0.022368624806404114,0.09471899271011353,0.1838911473751068,-0.08374594151973724,0.29000571370124817,9.934988638469179,-8.033512492206041,33.64351239946932,seqgru
36500,2026Q2,1,-0.008619382046163082,0.009716409258544445,0.028120141476392746,-0.03425282146781683,0.053753580898046494,0.9763766820528375,-3.3672834500654503,5.522454263042453,seqgru
36500,2026Q2,2,-0.007891330868005753,0.018712051212787628,0.04567856341600418,-0.041783763095736504,0.07957099564373493,1.8888218746154761,-4.092285397534889,8.282243247622878,seqgru
36500,2026Q2,4,-0.005484364926815033,0.03619097173213959,0.08103042840957642,-0.05757496692240238,0.13312103040516376,3.685383735828851,-5.594888487313798,14.238825367737196,seqgru
36500,2026Q2,8,0.006775118410587311,0.07997123152017593,0.16784709692001343,-0.09933944791555405,0.2739616632461548,8.325590360108205,-9.456469227457143,31.516438213907506,seqgru
36540,2026Q2,1,-0.003656938672065735,0.014356311410665512,0.033127542585134506,-0.029290378093719482,0.058760982006788254,1.4459858172462425,-2.8865572643873683,6.052172666928768,seqgru
36540,2026Q2,2,0.0027845818549394608,0.028775149956345558,0.056727953255176544,-0.03110785037279129,0.0906203854829073,2.9193154330762416,-3.062897958781907,9.48533041520272,seqgru
36540,2026Q2,4,0.017389360815286636,0.05827649310231209,0.1059192568063736,-0.03470124118030071,0.15800985880196095,6.000804010752847,-3.410605751024498,17.11777410601629,seqgru
36540,2026Q2,8,0.046676356345415115,0.12046578526496887,0.2153928279876709,-0.05943820998072624,0.32150739431381226,12.802214532668653,-5.770624385822121,37.92052042645082,seqgru
36740,2026Q2,1,-0.010556413792073727,0.007866603322327137,0.026077955961227417,-0.036189853213727474,0.051711395382881165,0.7897626341481612,-3.55428291929214,5.307177727550982,seqgru
36740,2026Q2,2,-0.011950191110372543,0.014773759990930557,0.04130484163761139,-0.045842623338103294,0.07519727386534214,1.4883431403863279,-4.480772466572436,7.809681023284365,seqgru
36740,2026Q2,4,-0.013208966702222824,0.028540298342704773,0.07234695553779602,-0.06529956869781017,0.12443755753338337,2.895147503821671,-6.321321065968388,13.251130145319955,seqgru
36740,2026Q2,8,-0.008111931383609772,0.06500284373760223,0.15169402956962585,-0.11422649770975113,0.2578085958957672,6.7162059108752725,-10.794411561587658,29.409110056996756,seqgru
36780,2026Q2,1,-0.0013822773471474648,0.016468370333313942,0.03537273406982422,-0.027015716768801212,0.061006173491477966,1.6604721409036571,-2.665405644903862,6.2905476004838645,seqgru
36780,2026Q2,2,0.007567050866782665,0.033322811126708984,0.06159871071577072,-0.026325381360948086,0.09549114294350147,3.3884234712796335,-2.598188929641665,10.019907746539246,seqgru
36780,2026Q2,4,0.026332274079322815,0.06702785938978195,0.115615114569664,-0.025758327916264534,0.16770571656525135,6.932526850908705,-2.5429412344382674,18.258854321669094,seqgru
36780,2026Q2,8,0.0625869482755661,0.1357921063899994,0.23098519444465637,-0.043527618050575256,0.33709976077079773,14.544373840641867,-4.259388796459362,40.087880951767765,seqgru
36980,2026Q2,1,-0.0014860201627016068,0.01635792665183544,0.03526504337787628,-0.027119459584355354,0.06089848279953003,1.6492450040941575,-2.6755028860059205,6.279101714183999,seqgru
36980,2026Q2,2,0.007673942483961582,0.03333283215761185,0.06165085360407829,-0.02621848974376917,0.09554328583180904,3.3894595350574486,-2.5877769360726943,10.025644651868593,seqgru
36980,2026Q2,4,0.027719935402274132,0.06794902682304382,0.11634364724159241,-0.024370666593313217,0.16843424923717976,7.031074994902009,-2.407609968074842,18.345041151936094,seqgru
36980,2026Q2,8,0.06757508218288422,0.1390112191438675,0.2336297631263733,-0.03853948414325714,0.33974432945251465,14.913699226452447,-3.780628740461045,40.45884327589189,seqgru
37100,2026Q2,1,-0.009198606945574284,0.009128381498157978,0.027526110410690308,-0.03483204636722803,0.053159549832344055,0.9170172236356633,-3.423239318508342,5.4597892614026255,seqgru
37100,2026Q2,2,-0.008609768003225327,0.017877083271741867,0.04468508064746857,-0.04250220023095608,0.07857751287519932,1.8037834819056187,-4.161164315710353,8.17472012484668,seqgru
37100,2026Q2,4,-0.005423247814178467,0.03557208552956581,0.07975222170352936,-0.057513849809765816,0.1318428236991167,3.6212341351251176,-5.589118543160643,14.092897817715922,seqgru
37100,2026Q2,8,0.010296598076820374,0.07945045083761215,0.16364571452140808,-0.09581796824932098,0.26976028084754944,8.269191172299784,-9.13705995838755,30.96504648011016,seqgru
37140,2026Q2,1,-0.0027634482830762863,0.01516818255186081,0.03400334715843201,-0.028396887704730034,0.059636786580085754,1.528380327858292,-2.799748561065507,6.145094329427603,seqgru
37140,2026Q2,2,0.004972345195710659,0.030778706073760986,0.05881711095571518,-0.028920087032020092,0.09270954318344593,3.125726766408543,-2.8505903658719633,9.714301631545297,seqgru
37140,2026Q2,4,0.02246200665831566,0.06281065940856934,0.11047481000423431,-0.02962859533727169,0.16256541199982166,6.482520550900239,-2.919397151480174,17.65252748027941,seqgru
37140,2026Q2,8,0.05878857150673866,0.12971952557563782,0.22244852781295776,-0.047325994819402695,0.3285630941390991,13.85090158786555,-4.6223579267324455,38.89708734850008,seqgru
37340,2026Q2,1,-0.009080535732209682,0.009219907224178314,0.027498837560415268,-0.03471397515386343,0.053132276982069016,0.926254149606609,-3.411835709986155,5.45691311158063,seqgru
37340,2026Q2,2,-0.009326722472906113,0.017317505553364754,0.044111669063568115,-0.043219154700636864,0.07800410129129887,1.7468322888180676,-4.229851771491743,8.112709267812868,seqgru
37340,2026Q2,4,-0.009298920631408691,0.032653260976076126,0.07701976597309113,-0.06138952262699604,0.12911036796867847,3.3192229059804124,-5.954316079859678,13.781569564312823,seqgru
37340,2026Q2,8,0.000509314239025116,0.0749693438410759,0.16290953755378723,-0.10560525208711624,0.2690241038799286,7.7851107603292835,-10.022023583539575,30.86866850930199,seqgru
37460,2026Q2,1,-0.006696832366287708,0.011463137343525887,0.0298721045255661,-0.032330271787941456,0.05550554394721985,1.1529090872938852,-3.1813235505029014,5.707487742350592,seqgru
37460,2026Q2,2,-0.004182480275630951,0.02217877469956875,0.049404919147491455,-0.0380749125033617,0.0832973513752222,2.242655213252309,-3.735917564397251,8.686494128884782,seqgru
37460,2026Q2,4,0.0017112977802753448,0.043461430817842484,0.08926500380039215,-0.050379304215312004,0.1413556057959795,4.44197111210991,-4.913131241088731,15.183417407381118,seqgru
37460,2026Q2,8,0.017973974347114563,0.09414753317832947,0.18708199262619019,-0.0881405919790268,0.29319655895233154,9.87218318843086,-8.436786286055975,34.0706292358212,seqgru
37620,2026Q2,1,-0.003590271808207035,0.014311395585536957,0.0329967625439167,-0.029223711229860783,0.05863020196557045,1.4414293894158936,-2.880082799907946,6.038304066304012,seqgru
37620,2026Q2,2,0.0034743957221508026,0.029155652970075607,0.05680106207728386,-0.03041803650557995,0.09069349430501461,2.9584839941747543,-2.9960063328134945,9.493335051348595,seqgru
37620,2026Q2,4,0.020522257313132286,0.06039466708898544,0.10705360770225525,-0.03156834468245506,0.1591442096978426,6.225570119199442,-3.1075266662456302,17.25070213725901,seqgru
37620,2026Q2,8,0.05824396386742592,0.12727192044258118,0.21783116459846497,-0.04787060245871544,0.3239457309246063,13.572580286006076,-4.674287177408365,38.25722741645296,seqgru
37860,2026Q2,1,-0.006025888957083225,0.012159591540694237,0.03074030950665474,-0.03165932837873697,0.05637374892830849,1.2233819931104728,-3.116341900584041,5.799303361368358,seqgru
37860,2026Q2,2,-0.0024993065744638443,0.0238666795194149,0.05139578878879547,-0.036391738802194595,0.08528822101652622,2.4153768115824814,-3.5737519543151963,8.903090306301742,seqgru
37860,2026Q2,4,0.0046462975442409515,0.04629296064376831,0.09259936213493347,-0.0474443044513464,0.14468996413052082,4.738120748790475,-4.633641352979623,15.568121208951657,seqgru
37860,2026Q2,8,0.02373693138360977,0.09807906299829483,0.18929488956928253,-0.08237763494253159,0.2954094558954239,10.304999210068377,-7.907588010465306,34.36764222978492,seqgru
37900,2026Q2,1,-0.0013435948640108109,0.01655421406030655,0.035526666790246964,-0.02697703428566456,0.06116010621190071,1.6691994293061896,-2.6616404282756134,6.306910452988124,seqgru
37900,2026Q2,2,0.008216162212193012,0.03391743823885918,0.06236882880330086,-0.02567627001553774,0.09626126103103161,3.44991931269345,-2.53494378466248,10.10466870126625,seqgru
37900,2026Q2,4,0.029568877071142197,0.06978431344032288,0.11843115091323853,-0.022521724924445152,0.17052175290882587,7.227688059949422,-2.2270004147683764,18.592344893790735,seqgru
37900,2026Q2,8,0.07143309712409973,0.14238953590393066,0.23729583621025085,-0.034681469202041626,0.3434104025363922,15.302570597996246,-3.4086959687413265,40.974720705010405,seqgru
37964,2026Q2,1,-0.005185142159461975,0.012752990238368511,0.03132757917046547,-0.030818581581115723,0.05696101859211922,1.283465641175563,-3.0348530243393235,5.861454330587956,seqgru
37964,2026Q2,2,4.401057958602905e-05,0.025804640725255013,0.05309206619858742,-0.03384842164814472,0.08698449842631817,2.6140462834109535,-3.3281972942337146,9.08797692340877,seqgru
37964,2026Q2,4,0.014463784173130989,0.054149236530065536,0.09993790090084076,-0.03762681782245636,0.1520285028964281,5.564213076886282,-3.6927724752750746,16.419341884365224,seqgru
37964,2026Q2,8,0.047807976603507996,0.11572834849357605,0.20432321727275848,-0.05830658972263336,0.31043778359889984,12.269085004461244,-5.663932159312745,36.40221299578064,seqgru
38060,2026Q2,1,-0.009595307521522045,0.008768335916101933,0.02704945206642151,-0.03522874694317579,0.052682891488075256,0.8806890377238918,-3.461543776891174,5.409532951362639,seqgru
38060,2026Q2,2,-0.009933268651366234,0.01669120602309704,0.04337280988693237,-0.043825700879096985,0.07726524211466312,1.6831282465375796,-4.287923175635811,8.03285870325321,seqgru
38060,2026Q2,4,-0.009426884353160858,0.032212093472480774,0.07640475779771805,-0.06151748634874821,0.1284953597933054,3.2736518753056165,-5.966349745636079,13.711614482502554,seqgru
38060,2026Q2,8,-0.0004566982388496399,0.07265713810920715,0.15974876284599304,-0.106571264564991,0.2658633291721344,7.5361773129970056,-10.108901462178322,30.45567516512746,seqgru
38240,2026Q2,1,-0.00790404248982668,0.010478733107447624,0.028940986841917038,-0.03353748191148043,0.054574426263570786,1.0533827302176446,-3.298133515588042,5.609107440146954,seqgru
38240,2026Q2,2,-0.0073636677116155624,0.0195687934756279,0.04690153896808624,-0.041256099939346313,0.080793971195817,1.9761517386774008,-4.041665076060797,8.41475079406857,seqgru
38240,2026Q2,4,-0.0073615871369838715,0.03580959886312485,0.08180925250053406,-0.05945218913257122,0.1338998544961214,3.6458484828742144,-5.771941623365128,14.327831972801409,seqgru
38240,2026Q2,8,-0.0020151883363723755,0.07810665667057037,0.17144788801670074,-0.10812975466251373,0.2775624543428421,8.123797376278773,-10.248886737937834,31.990855059076996,seqgru
38300,2026Q2,1,-0.006407688371837139,0.011734234169125557,0.030275974422693253,-0.03204112779349089,0.055909413844347,1.1803350372236343,-3.1533249640403715,5.750188436732784,seqgru
38300,2026Q2,2,-0.002808285877108574,0.023337537422776222,0.05055437237024307,-0.036700718104839325,0.08444680459797382,2.36119885955004,-3.603541066846394,8.811495997968288,seqgru
38300,2026Q2,4,0.007153626531362534,0.047630444169044495,0.09312886744737625,-0.044936975464224815,0.1452194694429636,4.878299982571477,-4.394226497071041,15.62933134719735,seqgru
38300,2026Q2,8,0.03244532272219658,0.10262998938560486,0.1910092532634735,-0.07366924360394478,0.29712381958961487,10.808133135991561,-7.10210912522925,34.59819480631414,seqgru
38340,2026Q2,1,-0.004013040103018284,0.013985155150294304,0.03271820396184921,-0.02964647952467203,0.05835164338350296,1.4083404911020336,-2.921133343649218,6.008770300311417,seqgru
38340,2026Q2,2,0.0027154330164194107,0.028515130281448364,0.05623438581824303,-0.03117699921131134,0.09012681804597378,2.8925578650345285,-3.069600815047524,9.431305354889874,seqgru
38340,2026Q2,4,0.019084224477410316,0.059019796550273895,0.10578018426895142,-0.03300637751817703,0.15787078626453876,6.079624063840372,-3.2467610886042553,17.10148737253907,seqgru
38340,2026Q2,8,0.054337091743946075,0.12350188195705414,0.21417459845542908,-0.05177747458219528,0.32028916478157043,13.145213388439991,-5.045985984841328,37.75260387658199,seqgru
38540,2026Q2,1,-0.006775629706680775,0.01148381270468235,0.030087463557720184,-0.03240906912833452,0.05572090297937393,1.155000481841384,-3.188952304140802,5.730255256109107,seqgru
38540,2026Q2,2,-0.00424184650182724,0.02230769582092762,0.04978187382221222,-0.03813427872955799,0.08367430604994297,2.2558373007196098,-3.7416322300589555,8.727471733790315,seqgru
38540,2026Q2,4,0.0018188916146755219,0.04361182451248169,0.08996108174324036,-0.05027171038091183,0.1420516837388277,4.457679707228079,-4.902899929874726,15.263621954689999,seqgru
38540,2026Q2,8,0.017074212431907654,0.09180548787117004,0.18327179551124573,-0.0890403538942337,0.2893863618373871,9.615158656441913,-8.519134326219014,33.560765668287985,seqgru
38860,2026Q2,1,-0.0034727873280644417,0.014619249850511551,0.033464137464761734,-0.02910622674971819,0.05909757688641548,1.4726633736094952,-2.8686720466441162,6.087875293545375,seqgru
38860,2026Q2,2,0.00279826857149601,0.029080215841531754,0.057298481464385986,-0.03109416365623474,0.09119091369211674,2.9507173947316723,-3.0615711990629846,9.54781270695937,seqgru
38860,2026Q2,4,0.015872938558459282,0.05769134685397148,0.10595856606960297,-0.03621766343712807,0.15804916806519032,5.938796181558437,-3.556965058934569,17.122378009914918,seqgru
38860,2026Q2,8,0.041268352419137955,0.11756429076194763,0.21390831470489502,-0.0648462139070034,0.3200228810310364,12.475393890704467,-6.278841759706266,37.71592747995685,seqgru
38900,2026Q2,1,-0.008782765828073025,0.009505310095846653,0.027875438332557678,-0.03441620524972677,0.053508877754211426,0.955062903222581,-3.383070379052411,5.496635745804079,seqgru
38900,2026Q2,2,-0.00768372043967247,0.01864904724061489,0.045396361500024796,-0.04157615266740322,0.07928879372775555,1.8824026763369917,-4.072371888771298,8.251690102392661,seqgru
38900,2026Q2,4,-0.0037805065512657166,0.03694314509630203,0.0810411125421524,-0.055871108546853065,0.13313171453773975,3.76340245785185,-5.4338984341910095,14.240045917013,seqgru
38900,2026Q2,8,0.013425685465335846,0.08310232311487198,0.16790767014026642,-0.09268888086080551,0.2740222364664078,8.665299257877844,-8.852296586229237,31.524404829365672,seqgru
38940,2026Q2,1,-0.011116349138319492,0.007290861569344997,0.025339636951684952,-0.03674978855997324,0.0509730763733387,0.7317504611441095,-3.6082711689044644,5.229456131589938,seqgru
38940,2026Q2,2,-0.013579949736595154,0.01320382859557867,0.03946559503674507,-0.047472381964325905,0.07335802726447582,1.3291384071815848,-4.636318965561815,7.611574672984145,seqgru
38940,2026Q2,4,-0.016891758888959885,0.02519695647060871,0.06833665817975998,-0.06898236088454723,0.12042726017534733,2.5517082860070595,-6.665685671953526,12.797868900952757,seqgru
38940,2026Q2,8,-0.011156648397445679,0.06410707533359528,0.1516786515712738,-0.11727121472358704,0.25779321789741516,6.6206557072406635,-11.065604272401863,29.407120019217015,seqgru
39150,2026Q2,1,-0.00665732566267252,0.011641256511211395,0.030228063464164734,-0.03229076508432627,0.05586150288581848,1.17092796397551,-3.1774984881906887,5.745121965210931,seqgru
39150,2026Q2,2,-0.004237283021211624,0.02243673801422119,0.049984294921159744,-0.038129715248942375,0.0838767271488905,2.2690334696549463,-3.741192955861239,8.74948269577085,seqgru
39150,2026Q2,4,0.0005456022918224335,0.04296964034438133,0.08939721435308456,-0.051544999703764915,0.1414878163486719,4.390620173673598,-5.023908995903447,15.19864687738368,seqgru
39150,2026Q2,8,0.014416016638278961,0.0916399359703064,0.18456372618675232,-0.0916985496878624,0.2906782925128937,9.597013160614987,-8.761985462617016,33.733428428641574,seqgru
39300,2026Q2,1,-0.00403729360550642,0.013870950788259506,0.03256332129240036,-0.029670733027160168,0.05819676071405411,1.3967598775621148,-2.9234878176309764,5.992352650419863,seqgru
39300,2026Q2,2,0.0022345948964357376,0.027977576479315758,0.05560654401779175,-0.03165783733129501,0.0894989762455225,2.8372624428067983,-3.1161974423457695,9.36262137070447,seqgru
39300,2026Q2,4,0.016680313274264336,0.0566822849214077,0.10317584872245789,-0.03541028872132301,0.15526645071804523,5.831951290771831,-3.4790679491606746,16.796912586048805,seqgru
39300,2026Q2,8,0.05088982731103897,0.11992373317480087,0.20905551314353943,-0.055224739015102386,0.3151700794696808,12.741086425311554,-5.3727540285908315,37.049238375381634,seqgru
39340,2026Q2,1,-0.006923784501850605,0.011300863698124886,0.02977631613612175,-0.03255722392350435,0.0554097555577755,1.1364959677377717,-3.2032942626411542,5.697362677287132,seqgru
39340,2026Q2,2,-0.004167206585407257,0.022156842052936554,0.04953021556138992,-0.03805963881313801,0.08342264778912067,2.2404127858160594,-3.7344472453938904,8.700113010018985,seqgru
39340,2026Q2,4,0.002316530793905258,0.04362514242529869,0.08946610987186432,-0.04977407120168209,0.14155671186745167,4.459070874763205,-4.855564109946286,15.206583821329822,seqgru
39340,2026Q2,8,0.018771879374980927,0.09282683581113815,0.18455202877521515,-0.08734268695116043,0.2906665951013565,9.727171065009156,-8.36369838274088,33.73186410284226,seqgru
39380,2026Q2,1,-0.012885919772088528,0.005553158465772867,0.02358386293053627,-0.038519359193742275,0.04921730235219002,0.5568605830897466,-3.7786923109868864,5.044859089022435,seqgru
39380,2026Q2,2,-0.016324609518051147,0.010295013897120953,0.03613797202706337,-0.0502170417457819,0.07003040425479412,1.034818987851871,-4.897700959100049,7.254079056195639,seqgru
39380,2026Q2,4,-0.0199323371052742,0.020687106996774673,0.062259573489427567,-0.07202293910086155,0.11435017548501492,2.0902568387475062,-6.949044948604621,12.114465352600856,seqgru
39380,2026Q2,8,-0.011096708476543427,0.055396128445863724,0.13404706120491028,-0.11721127480268478,0.24016162753105164,5.695922337310999,-11.060273391991782,27.14546357885297,seqgru
39460,2026Q2,1,-0.014336164109408855,0.004349467344582081,0.02216159552335739,-0.0399696035310626,0.04779503494501114,0.435894000637127,-3.9181355797471284,4.895563404008674,seqgru
39460,2026Q2,2,-0.02139543741941452,0.006114124320447445,0.03193617984652519,-0.05528786964714527,0.06582861207425594,0.6132853730407506,-5.37872771787411,6.804365169276783,seqgru
39460,2026Q2,4,-0.035405371338129044,0.008487377315759659,0.05064442381262779,-0.08749597333371639,0.10273502580821514,0.8523497218039688,-8.377743903405566,10.819772637167379,seqgru
39460,2026Q2,8,-0.04892701655626297,0.032436903566122055,0.12094888836145401,-0.15504158288240433,0.22706345468759537,3.296871444553351,-14.362043398758207,25.490949530387287,seqgru
39540,2026Q2,1,-0.0012617465108633041,0.01663222163915634,0.035612802952528,-0.02689518593251705,0.06124624237418175,1.677130706743113,-2.6536731177954187,6.316067716658602,seqgru
39540,2026Q2,2,0.007951762527227402,0.03374488651752472,0.062264446169137955,-0.02594066970050335,0.0961568783968687,3.4320703910194927,-2.560710108366926,10.093176285728322,seqgru
39540,2026Q2,4,0.027687102556228638,0.06837745010852814,0.11733309924602509,-0.02440349943935871,0.16942370124161243,7.0769394236933625,-2.4108141513904613,18.462195840030994,seqgru
39540,2026Q2,8,0.06564933806657791,0.1388126015663147,0.23525947332382202,-0.040465228259563446,0.3413740396499634,14.890877612346355,-3.965744328703069,40.687937112676195,seqgru
39580,2026Q2,1,-0.009403190575540066,0.00901854783296585,0.027333874255418777,-0.03503662999719381,0.052967313677072525,0.9059337464343509,-3.4429953218325537,5.439518025473911,seqgru
39580,2026Q2,2,-0.01019866019487381,0.016692643985152245,0.04357276111841202,-0.04409109242260456,0.07746519334614277,1.6832744631227747,-4.313320981106072,8.05446216613872,seqgru
39580,2026Q2,4,-0.011907845735549927,0.030807627364993095,0.07573068141937256,-0.06399844773113728,0.1278212834149599,3.128709338715585,-6.199354443218663,13.634989997515422,seqgru
39580,2026Q2,8,-0.008884318172931671,0.06903903931379318,0.15976302325725555,-0.11499888449907303,0.2658775895833969,7.147803809920594,-10.863286177285424,30.45753552997159,seqgru
39660,2026Q2,1,-0.007073202170431614,0.011107886210083961,0.02961447834968567,-0.03270664159208536,0.055247917771339417,1.1169807838527834,-3.2177563202683834,5.6802582341892505,seqgru
39660,2026Q2,2,-0.004599876701831818,0.021751798689365387,0.04898814111948013,-0.03849230892956257,0.08288057334721088,2.1990093707836778,-3.776089463990484,8.641205424514297,seqgru
39660,2026Q2,4,0.00226602703332901,0.043514762073755264,0.08917379379272461,-0.04982457496225834,0.14126439578831196,4.447541282130096,-4.860369140419563,15.172912006102358,seqgru
39660,2026Q2,8,0.02094896137714386,0.09343350678682327,0.18328586220741272,-0.0851656049489975,0.2894004285335541,9.793759551547065,-8.163981318415047,33.56264444021251,seqgru
39740,2026Q2,1,-0.0018317727372050285,0.016032710671424866,0.03492474928498268,-0.027465212158858776,0.06055818870663643,1.6161924201277156,-2.7091472647948645,6.242941716538364,seqgru
39740,2026Q2,2,0.0071504851803183556,0.032772935926914215,0.06097419559955597,-0.026741947047412395,0.09486662782728672,3.331588368805627,-2.638754732185755,9.951220101535752,seqgru
39740,2026Q2,4,0.027446012943983078,0.06741209328174591,0.11547833681106567,-0.02464458905160427,0.16756893880665302,6.97362184641761,-2.434339054447232,18.242680246792652,seqgru
39740,2026Q2,8,0.06854265928268433,0.13894705474376678,0.23261088132858276,-0.03757190704345703,0.3387254476547241,14.906326094427058,-3.6874840251932994,40.31580519896008,seqgru
39820,2026Q2,1,-0.009296019561588764,0.009094459004700184,0.02754604071378708,-0.03492945898324251,0.053179480135440826,0.9135939248428704,-3.432646655208449,5.461891127912466,seqgru
39820,2026Q2,2,-0.009409699589014053,0.017342178151011467,0.044248066842556,-0.043302131816744804,0.07814049907028675,1.7493426784417565,-4.237798172511697,8.127456606966653,seqgru
39820,2026Q2,4,-0.009356256574392319,0.03247412294149399,0.07696131616830826,-0.06144685856997967,0.1290519181638956,3.30071616113492,-5.959708123250362,13.774919248140648,seqgru
39820,2026Q2,8,0.0016578510403633118,0.07347836345434189,0.15810948610305786,-0.10445671528577805,0.2642240524291992,7.624525019047823,-9.918621196958977,30.241997397193153,seqgru
39900,2026Q2,1,-0.006697642616927624,0.011481101624667645,0.02999349683523178,-0.03233108203858137,0.05562693625688553,1.154726242912929,-3.1814019978656627,5.72032059732579,seqgru
39900,2026Q2,2,-0.003802744671702385,0.022527283057570457,0.04981274902820587,-0.037695176899433136,0.08370518125593662,2.278293842957857,-3.699355723439912,8.73082876870157,seqgru
39900,2026Q2,4,0.003148682415485382,0.04448253661394119,0.0901971310377121,-0.04894191958010197,0.14228773303329945,4.548671881284361,-4.7763565615619115,15.290833062785737,seqgru
39900,2026Q2,8,0.023114796727895737,0.09617462754249573,0.18610996007919312,-0.08299976959824562,0.2922245264053345,10.095130362888316,-7.964864072933187,33.94037153822453,seqgru
40060,2026Q2,1,-0.005121259950101376,0.012990113347768784,0.03163178637623787,-0.030754699371755123,0.05726522579789162,1.3074851391557063,-3.028658478661017,5.893663046622222,seqgru
40060,2026Q2,2,-0.0005052182823419571,0.025717951357364655,0.05338343605399132,-0.03439765051007271,0.08727586828172207,2.6051511221654833,-3.3812776604454475,9.119766502508874,seqgru
40060,2026Q2,4,0.009708397090435028,0.05107088387012482,0.0978919118642807,-0.04238220490515232,0.14998251385986805,5.239748864627347,-4.149663413384308,16.181392690952777,seqgru
40060,2026Q2,8,0.03257542476058006,0.10691997408866882,0.1999107152223587,-0.0735391415655613,0.30602528154850006,11.28451944649611,-7.090022134010865,35.80166388774231,seqgru
40140,2026Q2,1,-0.00900042150169611,0.00933110062032938,0.02774999663233757,-0.03463386092334986,0.05338343605399132,0.9374771065140841,-3.4040973135536445,5.483402898441425,seqgru
40140,2026Q2,2,-0.008513413369655609,0.018031926825642586,0.044894445687532425,-0.04240584559738636,0.07878687791526318,1.8195483620540243,-4.151929354907757,8.197370500475177,seqgru
40140,2026Q2,4,-0.0066197775304317474,0.034730516374111176,0.07915481925010681,-0.058710379526019096,0.13124542124569416,3.5340663846165743,-5.702016412064392,14.024758795877457,seqgru
40140,2026Q2,8,0.006849475204944611,0.0779934823513031,0.16328071057796478,-0.09926509112119675,0.26939527690410614,8.111561231535847,-9.449736450448354,30.917252444728007,seqgru
40220,2026Q2,1,-0.004645136184990406,0.01347406767308712,0.03221196308732033,-0.030278575606644154,0.057845402508974075,1.3565252003936656,-2.982477125280514,5.95511790938934,seqgru
40220,2026Q2,2,0.0011160969734191895,0.0271595548838377,0.054946426302194595,-0.03277633525431156,0.08883885852992535,2.7531737391855327,-3.2245011942286794,9.290452989347697,seqgru
40220,2026Q2,4,0.013695001602172852,0.05432562157511711,0.10112819075584412,-0.0383956003934145,0.15321879275143147,5.582834667602454,-3.766783340476565,16.557997149543645,seqgru
40220,2026Q2,8,0.042505621910095215,0.1136893630027771,0.20444034039974213,-0.06360894441604614,0.3105549067258835,12.040403187753013,-6.16281166451188,36.418189785101674,seqgru
40340,2026Q2,1,-0.004860129207372665,0.013199526816606522,0.03187679126858711,-0.030493568629026413,0.05751023069024086,1.3287025125622742,-3.003332973736106,5.919610690657495,seqgru
40340,2026Q2,2,0.0005125422030687332,0.02652050368487835,0.054165005683898926,-0.03337989002466202,0.08805743791162968,2.6875301773430893,-3.28289288512158,9.20508453467821,seqgru
40340,2026Q2,4,0.013077789917588234,0.053619518876075745,0.10017704963684082,-0.039012812077999115,0.15226765163242817,5.508308657676042,-3.826161279979956,16.447186752222585,seqgru
40340,2026Q2,8,0.04183340445160866,0.11268813908100128,0.20318099856376648,-0.0642811618745327,0.30929556488990784,11.928281794552875,-6.225869464114863,36.24650078178031,seqgru
40380,2026Q2,1,-0.0030770767480134964,0.014901071786880493,0.03374360501766205,-0.028710516169667244,0.059377044439315796,1.5012646261308271,-2.830228546770397,6.117527555675628,seqgru
40380,2026Q2,2,0.004383256658911705,0.030247539281845093,0.058273907750844955,-0.029509175568819046,0.0921663399785757,3.07096435023404,-2.907803116102037,9.654720655032701,seqgru
40380,2026Q2,4,0.02082948200404644,0.06123517453670502,0.10885962843894958,-0.03126111999154091,0.16095023043453693,6.314891034211634,-3.0777543329099766,17.462650670824665,seqgru
40380,2026Q2,8,0.05495117977261543,0.12586691975593567,0.21795928478240967,-0.051163386553525925,0.324073851108551,13.413122777905429,-4.987657954120794,38.2749420926408,seqgru
40420,2026Q2,1,-0.007187972776591778,0.010921378619968891,0.02935902401804924,-0.032821412198245525,0.05499246343970299,1.0981234580189403,-3.228863439643448,5.6532652023451035,seqgru
40420,2026Q2,2,-0.004257325083017349,0.02178751677274704,0.04874720796942711,-0.0381497573107481,0.08263964019715786,2.2026597887144783,-3.7431221614886656,8.615033309657449,seqgru
40420,2026Q2,4,0.005016054958105087,0.045094653964042664,0.08980287611484528,-0.04707454703748226,0.14189347811043262,4.612687527818116,-4.598372414762797,15.24538804333928,seqgru
40420,2026Q2,8,0.03228386491537094,0.10048530995845795,0.18682804703712463,-0.07383070141077042,0.292942613363266,10.57073986971524,-7.117107004153722,34.03658691353526,seqgru
40484,2026Q2,1,-0.0023350026458501816,0.015680644661188126,0.034648384898900986,-0.02796844206750393,0.06028182432055473,1.580423109635598,-2.7580946148106245,6.213584008074768,seqgru
40484,2026Q2,2,0.0054521942511200905,0.03150954470038414,0.05978020280599594,-0.02844023797661066,0.09367263503372669,3.2011225786580555,-2.8039621270619652,9.820017480170652,seqgru
40484,2026Q2,4,0.02271738275885582,0.06385288387537003,0.11251164972782135,-0.02937321923673153,0.1646022517234087,6.593557091553737,-2.894601919766593,17.892411041080436,seqgru
40484,2026Q2,8,0.05674203485250473,0.13144540786743164,0.22763505578041077,-0.04937253147363663,0.3337496221065521,14.047564502525578,-4.817352167740929,39.619352381446404,seqgru
40580,2026Q2,1,-0.009283392690122128,0.009053627960383892,0.027428366243839264,-0.034916832111775875,0.05306180566549301,0.9094736015363258,-3.4314273039516063,5.449481685925872,seqgru
40580,2026Q2,2,-0.009368732571601868,0.017245398834347725,0.044040895998477936,-0.04326116479933262,0.07793332822620869,1.7394959230751628,-4.23387500036222,8.105058070755323,seqgru
40580,2026Q2,4,-0.008424419909715652,0.033088382333517075,0.07736095786094666,-0.060515021905303,0.129451559856534,3.364189088664782,-5.872037090125037,13.820397536353513,seqgru
40580,2026Q2,8,0.0038969293236732483,0.07585614919662476,0.1615643948316574,-0.10221763700246811,0.26767896115779877,7.880737568715945,-9.716695959105204,30.692749816702136,seqgru
40660,2026Q2,1,-0.010742376558482647,0.007571715395897627,0.025697186589241028,-0.036375815980136395,0.051330626010894775,0.7600453318918232,-3.572216564101982,5.267087612650312,seqgru
40660,2026Q2,2,-0.011781468987464905,0.014610819518566132,0.04078187048435211,-0.045673901215195656,0.07467430271208286,1.4718079289797181,-4.4646549000677105,7.753314410408074,seqgru
40660,2026Q2,4,-0.010651860386133194,0.029911115765571594,0.07264164090156555,-0.06274246238172054,0.1247322428971529,3.036294686153762,-6.08146819042743,13.284508513620906,seqgru
40660,2026Q2,8,0.0037717893719673157,0.07214631885290146,0.1548215001821518,-0.10234277695417404,0.26093606650829315,7.481259790534178,-9.727993300523618,29.8144667859199,seqgru
40900,2026Q2,1,-0.00965141598135233,0.008717942051589489,0.027058780193328857,-0.03528485540300608,0.052692219614982605,0.8756053980418121,-3.4669602490278617,5.410516229449325,seqgru
40900,2026Q2,2,-0.009942607954144478,0.01668020524084568,0.04340454190969467,-0.04383504018187523,0.07729697413742542,1.6820096587377709,-4.288817055526694,8.036286858775533,seqgru
40900,2026Q2,4,-0.009597886353731155,0.0318707674741745,0.07594742625951767,-0.061688488349318504,0.12803802825510502,3.2384079081638317,-5.982428313177712,13.659622464640965,seqgru
40900,2026Q2,8,0.0008105859160423279,0.07225558161735535,0.15720099210739136,-0.10530398041009903,0.2633155584335327,7.493004131703773,-9.9949116838713,30.12372705665596,seqgru
40980,2026Q2,1,-0.003072969615459442,0.014828121289610863,0.03360305726528168,-0.02870640903711319,0.059236496686935425,1.4938603284797347,-2.829829456819244,6.102614023745767,seqgru
40980,2026Q2,2,0.004289139062166214,0.030064765363931656,0.05792735889554024,-0.029603293165564537,0.09181979112327099,3.0521273877617716,-2.9169407703217187,9.616726520903018,seqgru
40980,2026Q2,4,0.0216908548027277,0.061890192329883575,0.10920464992523193,-0.03039974719285965,0.16129525192081928,6.384551991611498,-2.994232180214229,17.503184801312656,seqgru
40980,2026Q2,8,0.05844686180353165,0.1289007067680359,0.2209978699684143,-0.04766770452260971,0.32711243629455566,13.757716484447036,-4.6549438247220465,38.695741276592614,seqgru
41060,2026Q2,1,-0.005477269180119038,0.012581377290189266,0.031161412596702576,-0.031110708601772785,0.05679485201835632,1.2660855783996228,-3.063175026820386,5.843865156835126,seqgru
41060,2026Q2,2,-0.0006604548543691635,0.02530394122004509,0.052685610949993134,-0.034552887082099915,0.08657804317772388,2.56268034173317,-3.3962752555773412,9.043646552396002,seqgru
41060,2026Q2,4,0.011124525219202042,0.05144421011209488,0.09740135818719864,-0.04096607677638531,0.149491960182786,5.279044959252133,-4.013830900170923,16.124413458388375,seqgru
41060,2026Q2,8,0.038785964250564575,0.10862598568201065,0.19763916730880737,-0.06732860207557678,0.30375373363494873,11.474534164401028,-6.511205526210928,35.49353399987729,seqgru
41100,2026Q2,1,-0.01007928792387247,0.008378301747143269,0.02658236399292946,-0.03571272734552622,0.052215803414583206,0.8413497943343451,-3.508255193159504,5.36030891256436,seqgru
41100,2026Q2,2,-0.012071304023265839,0.014994105324149132,0.04178338497877121,-0.04596373625099659,0.07567581720650196,1.5107080870887302,-4.4923403779304705,7.861284974629479,seqgru
41100,2026Q2,4,-0.017019115388393402,0.026361186057329178,0.07099714130163193,-0.06910971738398075,0.12308774329721928,2.671171546800055,-6.677571646609248,13.098365282875978,seqgru
41100,2026Q2,8,-0.019095703959465027,0.06134377419948578,0.15313898026943207,-0.12521027028560638,0.2592535465955734,6.326437422482112,-11.768864078334573,29.596235001736936,seqgru
41140,2026Q2,1,-0.006216759793460369,0.011808902025222778,0.030333034694194794,-0.03185019921511412,0.05596647411584854,1.18789023798187,-3.1348324007320127,5.756222743354278,seqgru
41140,2026Q2,2,-0.0021355338394641876,0.023734962567687035,0.05082923546433449,-0.03602796606719494,0.08472166769206524,2.4018878587201753,-3.5386683334924007,8.841408373146686,seqgru
41140,2026Q2,4,0.00905955582857132,0.04883938282728195,0.09391075372695923,-0.04303104616701603,0.14600135572254658,5.005168086256329,-4.211834894832833,15.719775688882255,seqgru
41140,2026Q2,8,0.039635561406612396,0.10709314793348312,0.1931793987751007,-0.06647900491952896,0.29929396510124207,11.303792683359081,-6.431743961923864,34.89060965126642,seqgru
41180,2026Q2,1,-0.004439927637577057,0.013583307154476643,0.03227279707789421,-0.030073367059230804,0.05790623649954796,1.3675979394211168,-2.9625662574674916,5.961563778095469,seqgru
41180,2026Q2,2,0.001532766968011856,0.027435965836048126,0.0550989992916584,-0.032359665259718895,0.08899143151938915,2.7815797674692444,-3.1841693457125397,9.307129032604667,seqgru
41180,2026Q2,4,0.015881042927503586,0.05608033761382103,0.10266382992267609,-0.03620955906808376,0.15475443191826344,5.768265202393441,-3.5561834458204156,16.737125678364805,seqgru
41180,2026Q2,8,0.047809526324272156,0.11778035759925842,0.20818409323692322,-0.0583050400018692,0.3142986595630646,12.499698718976848,-5.663785964636315,36.92986296148495,seqgru
41304,2026Q2,1,-0.009458445943892002,0.00887947715818882,0.02726125717163086,-0.03509188536554575,0.05289469659328461,0.8919016658872847,-3.4483304672939363,5.431861593156162,seqgru
41304,2026Q2,2,-0.009330132976174355,0.01717727817595005,0.043898336589336395,-0.043222565203905106,0.07779076881706715,1.7325655976796916,-4.230178395338302,8.089647776018882,seqgru
41304,2026Q2,4,-0.008342821151018143,0.032830603420734406,0.0770016759634018,-0.06043342314660549,0.12909227795898914,3.3375474143592765,-5.864356051815522,13.779511273234245,seqgru
41304,2026Q2,8,0.0008428469300270081,0.0707918256521225,0.1547715961933136,-0.10527171939611435,0.26088616251945496,7.335775705781278,-9.9920079816205,29.807988687861187,seqgru
41420,2026Q2,1,-0.008590280078351498,0.00965172704309225,0.02801191806793213,-0.034223719500005245,0.053645357489585876,0.9698455175280785,-3.3644712069381577,5.5110348813063315,seqgru
41420,2026Q2,2,-0.007519179955124855,0.01884528435766697,0.04565172642469406,-0.041411612182855606,0.07954415865242481,1.9023977471398945,-4.056586611737412,8.279337316995194,seqgru
41420,2026Q2,4,-0.0028420500457286835,0.03797223046422005,0.08237545192241669,-0.05493265204131603,0.13446605391800404,3.8702388194864046,-5.345110605731973,14.392582654338892,seqgru
41420,2026Q2,8,0.014994040131568909,0.08502388745546341,0.17105993628501892,-0.09112052619457245,0.2771745026111603,8.874307368946099,-8.70923250197676,31.939658909750168,seqgru
41500,2026Q2,1,-0.008157159201800823,0.010109937749803066,0.028610430657863617,-0.03379059862345457,0.054243870079517365,1.01612158308384,-3.3226072765847103,5.574203465770355,seqgru
41500,2026Q2,2,-0.006506666541099548,0.01988329365849495,0.04689602553844452,-0.0403990987688303,0.08078845776617527,2.008228300825232,-3.9593934222938,8.414153058615748,seqgru
41500,2026Q2,4,-0.0019057020545005798,0.038960766047239304,0.0837271586060524,-0.05399630405008793,0.13581776060163975,3.972969014437089,-5.256439183011996,14.547312423943959,seqgru
41500,2026Q2,8,0.015331551432609558,0.08461524546146393,0.16917535662651062,-0.0907830148935318,0.275289922952652,8.829825844016037,-8.678415636037784,31.69124226641864,seqgru
41540,2026Q2,1,-0.008744134567677975,0.009551381692290306,0.027968965470790863,-0.03437757398933172,0.05360240489244461,0.9597141712844426,-3.3793378731904133,5.506503005659713,seqgru
41540,2026Q2,2,-0.007723052054643631,0.01871369779109955,0.045621633529663086,-0.04161548428237438,0.07951406575739384,1.8889896426779185,-4.076144803107362,8.276078927290719,seqgru
41540,2026Q2,4,-0.004412509500980377,0.03663882613182068,0.08103927224874496,-0.056503111496567726,0.1331298742443323,3.7318300909434665,-5.4936456071401185,14.239835682003088,seqgru
41540,2026Q2,8,0.012603238224983215,0.08241582661867142,0.16722431778907776,-0.09351132810115814,0.2733388841152191,8.59072651057231,-8.927229944775538,31.434558020097334,seqgru
41620,2026Q2,1,-0.00775946956127882,0.010462856851518154,0.028911657631397247,-0.03339290898293257,0.054545097053050995,1.0517783935863445,-3.284152032906751,5.606010053824195,seqgru
41620,2026Q2,2,-0.005615707486867905,0.020650966092944145,0.047688502818346024,-0.039508139714598656,0.08158093504607677,2.086567271265616,-3.8737870440635147,8.500102863870218,seqgru
41620,2026Q2,4,0.0006093047559261322,0.04135793820023537,0.08634857833385468,-0.05148129723966122,0.13843918032944202,4.222509096193194,-5.017858592164782,14.847982928114423,seqgru
41620,2026Q2,8,0.018577106297016144,0.08905326575040817,0.17646178603172302,-0.08753746002912521,0.2825763523578644,9.313888163843975,-8.381544929190376,32.65430559203133,seqgru
41660,2026Q2,1,-0.0060692159458994865,0.012095702812075615,0.030717074871063232,-0.031702655367553234,0.05635051429271698,1.2169151665093247,-3.120539486819951,5.796845181666499,seqgru
41660,2026Q2,2,-0.002100946381688118,0.02411321923136711,0.05156959593296051,-0.03599337860941887,0.08546202816069126,2.44062938183387,-3.5353319235577163,8.922020086436477,seqgru
41660,2026Q2,4,0.006989192217588425,0.047895580530166626,0.09385468065738678,-0.045101409777998924,0.14594528265297413,4.906110720045476,-4.409946074375459,15.713287107768181,seqgru
41660,2026Q2,8,0.03043745458126068,0.10150966048240662,0.19015192985534668,-0.07567711174488068,0.29626649618148804,10.6840610954537,-7.2884487054207465,34.4828500741494,seqgru
41700,2026Q2,1,-0.012024200521409512,0.0063613541424274445,0.024356085807085037,-0.03765763994306326,0.049989525228738785,0.6381630527978022,-3.6957408225115396,5.126008460942888,seqgru
41700,2026Q2,2,-0.01486889272928238,0.01172635704278946,0.03763730078935623,-0.04876132495701313,0.07152973301708698,1.1795380300808844,-4.759158130640673,7.415008794943523,seqgru
41700,2026Q2,4,-0.01760750263929367,0.023336976766586304,0.06537599116563797,-0.06969810463488102,0.11746659316122532,2.361141470126382,-6.732465222751582,12.464405851342342,seqgru
41700,2026Q2,8,-0.00847788155078888,0.06086679548025131,0.14249548316001892,-0.11459244787693024,0.24861004948616028,6.275734067711469,-10.827050389133564,28.2241924669993,seqgru
41740,2026Q2,1,-0.006273842416703701,0.01191490888595581,0.03058047965168953,-0.03190728183835745,0.05621391907334328,1.1986174171374486,-3.140361560788496,5.782394825337112,seqgru
41740,2026Q2,2,-0.002565452829003334,0.023712309077382088,0.05118703842163086,-0.036457885056734085,0.08507947064936161,2.399568124821494,-3.5801299785191754,8.880359118869352,seqgru
41740,2026Q2,4,0.006296895444393158,0.04731845483183861,0.09346343576908112,-0.04579370655119419,0.14555403776466846,4.84558417502956,-4.47609985858991,15.66802373078804,seqgru
41740,2026Q2,8,0.028288666158914566,0.0993439257144928,0.18813827633857727,-0.07782590016722679,0.29425284266471863,10.444608165447589,-7.487452328548116,34.21232067779949,seqgru
41780,2026Q2,1,-0.002055549994111061,0.015825098380446434,0.03471599146723747,-0.02768898941576481,0.06034943088889122,1.5950978394417614,-2.7309163091426503,6.220764986738203,seqgru
41780,2026Q2,2,0.006471000611782074,0.032190099358558655,0.06039617210626602,-0.027421431615948677,0.09428860433399677,3.271380487819786,-2.7048877252001335,9.887684077627412,seqgru
41780,2026Q2,4,0.02547377534210682,0.06580294668674469,0.11391665041446686,-0.02661682665348053,0.1660072524100542,6.801624029033193,-2.6265720926917147,18.05816637545563,seqgru
41780,2026Q2,8,0.06356063485145569,0.13485100865364075,0.22892749309539795,-0.04255393147468567,0.3350420594215393,14.436627097768028,-4.166122049641919,39.79991830229079,seqgru
41884,2026Q2,1,-0.00653515849262476,0.011608845554292202,0.03017410635948181,-0.03216859791427851,0.05580754578113556,1.1676489705257254,-3.1656692346255455,5.7394164185241126,seqgru
41884,2026Q2,2,-0.0029875263571739197,0.02317177876830101,0.05044153332710266,-0.03687995858490467,0.08433396555483341,2.34423301111355,-3.6208176660429525,8.799218505580475,seqgru
41884,2026Q2,4,0.005848877131938934,0.04645315185189247,0.09195806086063385,-0.046241724863648415,0.1440486628562212,4.754900218815794,-4.518886729763716,15.494030985168639,seqgru
41884,2026Q2,8,0.03010079637169838,0.09970689564943314,0.18675178289413452,-0.07601376995444298,0.2928663492202759,10.484703513950722,-7.319655556969195,34.02636511788817,seqgru
41940,2026Q2,1,-0.009247084148228168,0.009060798212885857,0.02743493765592575,-0.034880523569881916,0.0530683770775795,0.9101971505359074,-3.4279209762298035,5.450174640201166,seqgru
41940,2026Q2,2,-0.008597726002335548,0.017791297286748886,0.04449041560292244,-0.0424901582300663,0.07838284783065319,1.7950505186518972,-4.1600102174169535,8.153664337614174,seqgru
41940,2026Q2,4,-0.005209159106016159,0.03538571670651436,0.07938507944345474,-0.05729976110160351,0.1314756814390421,3.6019241671201074,-5.568904075745684,14.05101718189876,seqgru
41940,2026Q2,8,0.009805448353290558,0.0780387744307518,0.16125798225402832,-0.0963091179728508,0.2673725485801697,8.116457939846677,-9.181676308717135,30.652710049010846,seqgru
42020,2026Q2,1,-0.008382712490856647,0.009904056787490845,0.028340186923742294,-0.034016151912510395,0.05397362634539604,0.9953264275000429,-3.3444107214790297,5.545676553582135,seqgru
42020,2026Q2,2,-0.007198959589004517,0.019321298226714134,0.046211183071136475,-0.04109139181673527,0.08010361529886723,1.9509162485803477,-4.025858657179537,8.339931860359107,seqgru
42020,2026Q2,4,-0.0032127872109413147,0.03812504559755325,0.08286414295434952,-0.055303389206528664,0.13495474494993687,3.8861129767558067,-5.380196186933195,14.44849894538387,seqgru
42020,2026Q2,8,0.01238115131855011,0.08376444876194,0.17000079154968262,-0.09373341500759125,0.276115357875824,8.737273164718129,-8.947453768731018,31.799989692648435,seqgru
42034,2026Q2,1,-0.007696685381233692,0.0104824248701334,0.02901190146803856,-0.03333012480288744,0.054645340889692307,1.053755796013922,-3.278079617070939,5.6165969360703505,seqgru
42034,2026Q2,2,-0.0054310392588377,0.020835092291235924,0.047849103808403015,-0.03932347148656845,0.08174153603613377,2.10536581339289,-3.8560339474836947,8.51752948714044,seqgru
42034,2026Q2,4,0.0008228681981563568,0.041534002870321274,0.0864335149526596,-0.05126773379743099,0.13852411694824696,4.240860613352249,-4.997571712904547,14.857738141742471,seqgru
42034,2026Q2,8,0.020522285252809525,0.0891273096203804,0.17378190159797668,-0.08559228107333183,0.27989646792411804,9.321982486829139,-8.20315719664012,32.299283305230155,seqgru
42100,2026Q2,1,-0.008045763708651066,0.010195347480475903,0.028749626129865646,-0.03367920313030481,0.054383065551519394,1.02474971127966,-3.3118372508908367,5.5888999396706,seqgru
42100,2026Q2,2,-0.006185293197631836,0.020121844485402107,0.04714593663811684,-0.04007772542536259,0.08103836886584759,2.032565350734017,-3.928523571341336,8.441250344641894,seqgru
42100,2026Q2,4,-0.0016620084643363953,0.03899850696325302,0.08377393335103989,-0.053752610459923744,0.13586453534662724,3.9768931235776295,-5.233347971055668,14.55267047058124,seqgru
42100,2026Q2,8,0.015742607414722443,0.08388932049274445,0.16720235347747803,-0.09037195891141891,0.2733169198036194,8.75085222402383,-8.640869636263716,31.43167118221384,seqgru
42140,2026Q2,1,-0.007689892314374447,0.01054353453218937,0.02905672788619995,-0.033323331736028194,0.0546901673078537,1.0599313455710524,-3.2774225763673615,5.621331455924383,seqgru
42140,2026Q2,2,-0.005801882594823837,0.020628388971090317,0.04771975427865982,-0.03969431482255459,0.08161218650639057,2.0842624764146223,-3.891681686317816,8.503493703512977,seqgru
42140,2026Q2,4,5.945935845375061e-05,0.04121856018900871,0.08645834773778915,-0.0520311426371336,0.1385489497333765,4.207983782428504,-5.070069730117588,14.860590414689012,seqgru
42140,2026Q2,8,0.01779034733772278,0.08932708948850632,0.17710836231708527,-0.08832421898841858,0.2832229286432266,9.34382499984816,-8.453598221550607,32.74010445494429,seqgru
42200,2026Q2,1,-0.004673094488680363,0.01340069156140089,0.03218700364232063,-0.03030653391033411,0.05782044306397438,1.349088325528247,-2.9851895327309586,5.952473361454813,seqgru
42200,2026Q2,2,0.0008964259177446365,0.02696443721652031,0.05476350337266922,-0.032996006309986115,0.08865593560039997,2.733126735441993,-3.245757635416857,9.270463087879133,seqgru
42200,2026Q2,4,0.012842200696468353,0.05358298122882843,0.10050633549690247,-0.039248401299118996,0.15259693749248981,5.5044537027385765,-3.8488161310119784,16.485537478093406,seqgru
42200,2026Q2,8,0.03924595192074776,0.10982367396354675,0.19935914874076843,-0.0668686144053936,0.3054737150669098,11.608125892313659,-6.468191941351787,35.72678089517045,seqgru
42220,2026Q2,1,-0.008284560404717922,0.010031898505985737,0.028505191206932068,-0.03391799982637167,0.054138630628585815,1.0082386689344691,-3.3349233081572893,5.5630934791797815,seqgru
42220,2026Q2,2,-0.007132459431886673,0.019439972937107086,0.04649899899959564,-0.041024891659617424,0.0803914312273264,1.9630159619912213,-4.019476149484458,8.371118306199342,seqgru
42220,2026Q2,4,-0.0040066540241241455,0.03751898184418678,0.08248549699783325,-0.056097256019711494,0.1345760989934206,3.82317044472269,-5.455281901078557,14.405171687392038,seqgru
42220,2026Q2,8,0.009859465062618256,0.08185742795467377,0.16849574446678162,-0.0962551012635231,0.274610310792923,8.530106520602132,-9.176770469227213,31.601773702250213,seqgru
42340,2026Q2,1,-0.007849284447729588,0.010467526502907276,0.028957076370716095,-0.033482723869383335,0.05459051579236984,1.0522502712654536,-3.2928381657320482,5.610806654592282,seqgru
42340,2026Q2,2,-0.006898118183016777,0.019824080169200897,0.04712497442960739,-0.04079055041074753,0.08101740665733814,2.0021882165198512,-3.996981318027637,8.438977200366304,seqgru
42340,2026Q2,4,-0.0052720047533512115,0.03725092113018036,0.08324559032917023,-0.05736260674893856,0.13533619232475758,3.7953432613768268,-5.574838472620147,14.492163352165988,seqgru
42340,2026Q2,8,0.0011948049068450928,0.07847181707620621,0.17068696022033691,-0.10491976141929626,0.27680152654647827,8.163287115593377,-9.960323375354363,31.890457750992173,seqgru
42540,2026Q2,1,-0.0010450417175889015,0.01677636429667473,0.03572549670934677,-0.02667848113924265,0.06135893613100052,1.6917877749010435,-2.6325754162484283,6.328049548865944,seqgru
42540,2026Q2,2,0.008667943067848682,0.034275300800800323,0.06264272332191467,-0.02522448915988207,0.09653515554964542,3.4869467908302143,-2.4909009900723866,10.134829896801833,seqgru
42540,2026Q2,4,0.030452903360128403,0.07055273652076721,0.11917144060134888,-0.021637698635458946,0.17126204259693623,7.310115956010299,-2.140528296600641,18.680170087836288,seqgru
42540,2026Q2,8,0.07319395989179611,0.1445174515247345,0.2397863268852234,-0.032920606434345245,0.34590089321136475,15.54818597080545,-3.238462102537165,41.326254496447554,seqgru
42644,2026Q2,1,-0.009943406097590923,0.00835665874183178,0.026604432612657547,-0.03557684551924467,0.052237872034311295,0.8391673080829998,-3.495142827808151,5.362634094812879,seqgru
42644,2026Q2,2,-0.010239535942673683,0.016198815777897835,0.04270140081644058,-0.044131968170404434,0.07659383304417133,1.6330727905080833,-4.317232165728613,7.960348806633721,seqgru
42644,2026Q2,4,-0.008307073265314102,0.032505571842193604,0.07609356939792633,-0.06039767526090145,0.12818417139351368,3.3039649061841425,-5.860990841425773,13.676234252398123,seqgru
42644,2026Q2,8,0.005587734282016754,0.07463701069355011,0.15840627253055573,-0.1005268320441246,0.2645208388566971,7.749296146735163,-9.563915376291444,30.280657190878113,seqgru
42680,2026Q2,1,-0.008999922312796116,0.009310157038271427,0.027604907751083374,-0.03463336173444986,0.05323834717273712,0.9353631363167025,-3.4040490939391987,5.468099539724447,seqgru
42680,2026Q2,2,-0.008567435666918755,0.017941026017069817,0.04464016109704971,-0.042459867894649506,0.07853259332478046,1.8102933034319424,-4.157107148012851,8.169861074185981,seqgru
42680,2026Q2,4,-0.004479292780160904,0.03661147877573967,0.08066356182098389,-0.05656989477574825,0.13275416381657124,3.728993338438058,-5.499956840645092,14.196922646413924,seqgru
42680,2026Q2,8,0.01427122950553894,0.08587197959423065,0.1729358434677124,-0.09184333682060242,0.27905040979385376,8.966681978692815,-8.77519459685936,32.18739775847399,seqgru
42700,2026Q2,1,-0.007251919247210026,0.01101744081825018,0.02945009618997574,-0.03288535866886377,0.055083535611629486,1.1078356324793814,-3.2350514144325104,5.662887712843023,seqgru
42700,2026Q2,2,-0.005091238766908646,0.021382374688982964,0.04857753962278366,-0.0389836709946394,0.08246997185051441,2.161261576806628,-3.82335862929285,8.596606339816137,seqgru
42700,2026Q2,4,4.3857842683792114e-05,0.04177778586745262,0.08725740015506744,-0.05204674415290356,0.1393480021506548,4.266275860552815,-5.071550769368471,14.952406725247048,seqgru
42700,2026Q2,8,0.01604451984167099,0.09152182936668396,0.18299689888954163,-0.09007004648447037,0.289111465215683,9.584069793987005,-8.613283015329397,33.52405531102134,seqgru
43100,2026Q2,1,-0.0013816719874739647,0.016520293429493904,0.035552654415369034,-0.027015111409127712,0.06118609383702278,1.6657508044174207,-2.66534672244777,6.30967315302271,seqgru
43100,2026Q2,2,0.007536838762462139,0.033416952937841415,0.061956919729709625,-0.026355593465268612,0.09584935195744038,3.398157102879029,-2.601131598866391,10.05932492858026,seqgru
43100,2026Q2,4,0.02629738673567772,0.06722003221511841,0.11633113026618958,-0.02579321525990963,0.16842173226177692,6.953078351370712,-2.546341193029955,18.343559839237745,seqgru
43100,2026Q2,8,0.0618460588157177,0.1353834867477417,0.23141199350357056,-0.04426850751042366,0.3375265598297119,14.497578321015837,-4.3302957358339995,40.147683088363294,seqgru
43300,2026Q2,1,-0.014048879034817219,0.004535396117717028,0.022356387227773666,-0.039682318456470966,0.047989826649427414,0.4545696593047266,-3.89052872883201,4.915998179787628,seqgru
43300,2026Q2,2,-0.019866585731506348,0.007230742834508419,0.03287425637245178,-0.0537590179592371,0.06676668860018253,0.7256947777803502,-5.233955186368111,6.904602845063246,seqgru
43300,2026Q2,4,-0.02964133396744728,0.012801077216863632,0.05453459173440933,-0.08173193596303463,0.10662519372999668,1.2883361741134358,-7.84810483197711,11.251719790523707,seqgru
43300,2026Q2,8,-0.036221906542778015,0.039371129125356674,0.12450847774744034,-0.14233647286891937,0.2306230440735817,4.015644437652988,-13.26706254194664,25.938441754155672,seqgru
43340,2026Q2,1,-0.004883912391960621,0.013195428065955639,0.03190689906477928,-0.03051735181361437,0.05754033848643303,1.3282871923280481,-3.0056398359400327,5.922799744716389,seqgru
43340,2026Q2,2,0.0005771201103925705,0.026579776778817177,0.054248884320259094,-0.03331531211733818,0.08814131654798985,2.6936169653552167,-3.276646895067381,9.214244892426372,seqgru
43340,2026Q2,4,0.013024216517806053,0.05349784344434738,0.10001595318317413,-0.039066385477781296,0.15210655517876148,5.4954716696580475,-3.8313135014780397,16.428429034338834,seqgru
43340,2026Q2,8,0.0416802316904068,0.11202843487262726,0.20178374648094177,-0.06443433463573456,0.30789831280708313,11.85446658679561,-6.240232006615121,36.05626301079656,seqgru
43420,2026Q2,1,-0.00850404892116785,0.00982994120568037,0.02821381390094757,-0.0341374883428216,0.05384725332260132,0.9878413775045614,-3.3561378541731135,5.532339270147313,seqgru
43420,2026Q2,2,-0.007407650351524353,0.019097961485385895,0.0459500327706337,-0.041300082579255104,0.07984246499836445,1.928149405600843,-4.045885484138978,8.311642548639231,seqgru
43420,2026Q2,4,-0.0021629780530929565,0.039110396057367325,0.0838344544172287,-0.054253580048680305,0.13592505641281605,3.988527654834484,-5.28081129191762,14.55960353012886,seqgru
43420,2026Q2,8,0.016377657651901245,0.0894976258277893,0.1789528876543045,-0.08973690867424011,0.28506745398044586,9.362473685580941,-8.582833572900316,32.98517288886191,seqgru
43580,2026Q2,1,-0.0056161778047680855,0.01239287480711937,0.030940070748329163,-0.031249617226421833,0.05657351016998291,1.2469984688576297,-3.0766394526711704,5.8204400726536765,seqgru
43580,2026Q2,2,-0.000807465985417366,0.025036729872226715,0.0522882416844368,-0.03469989821314812,0.08618067391216755,2.5352780909424055,-3.4104760345536334,9.000324566634777,seqgru
43580,2026Q2,4,0.011868355795741081,0.05179398134350777,0.09743563085794449,-0.04022224619984627,0.14952623285353184,5.315874981115054,-3.9424068922822797,16.128393420377975,seqgru
43580,2026Q2,8,0.0413057804107666,0.10977684706449509,0.19800114631652832,-0.06480878591537476,0.3041157126426697,11.602899752232076,-6.275333899334545,35.54258869271607,seqgru
43620,2026Q2,1,-0.008624193258583546,0.009638979099690914,0.02796764299273491,-0.03425763268023729,0.05360108241438866,0.9685583678564536,-3.3677483694731225,5.506363475717002,seqgru
43620,2026Q2,2,-0.008096963167190552,0.018439743667840958,0.04531664401292801,-0.0419893953949213,0.07920907624065876,1.8610805569297728,-4.112005093825422,8.243060893637711,seqgru
43620,2026Q2,4,-0.004917219281196594,0.036679353564977646,0.08149577677249908,-0.05700782127678394,0.13358637876808643,3.7360341609432357,-5.54133185362502,14.29199858918051,seqgru
43620,2026Q2,8,0.008295804262161255,0.08237484097480774,0.17217180132865906,-0.0978187620639801,0.2782863676548004,8.586275940933996,-9.318676217873422,32.08643958939372,seqgru
43640,2026Q2,1,-0.007788592018187046,0.010482336394488811,0.028943538665771484,-0.033422031439840794,0.05457697808742523,1.0537468552181295,-3.28696859500871,5.6093769363304125,seqgru
43640,2026Q2,2,-0.005821112543344498,0.02057860791683197,0.04765396565198898,-0.03971354477107525,0.08154639787971973,2.079180740693487,-3.893529826561526,8.496355642477415,seqgru
43640,2026Q2,4,-0.0005318373441696167,0.040649376809597015,0.08563956618309021,-0.052622439339756966,0.13773016817867756,4.1486872069710135,-5.126184892876107,14.766583172845337,seqgru
43640,2026Q2,8,0.01727583259344101,0.08903021365404129,0.1766742467880249,-0.08883873373270035,0.28278881311416626,9.311368278604215,-8.500688079799545,32.68249242031551,seqgru
43780,2026Q2,1,-0.002479393035173416,0.01544823870062828,0.03430885076522827,-0.028112832456827164,0.05994229018688202,1.5568179569240836,-2.7721343977584745,6.177526992484483,seqgru
43780,2026Q2,2,0.005607069469988346,0.03142039477825165,0.05959983170032501,-0.028285362757742405,0.09349226392805576,3.191922616710219,-2.7889077036748033,9.800210908513263,seqgru
43780,2026Q2,4,0.02435913309454918,0.06479038298130035,0.11278502643108368,-0.02773146890103817,0.16487562842667103,6.693535313449206,-2.7350481619907274,17.92464448548614,seqgru
43780,2026Q2,8,0.062160588800907135,0.1334841549396515,0.22773319482803345,-0.04395397752523422,0.3338477611541748,14.280315820664091,-4.3002000124131134,39.63305516409683,seqgru
43900,2026Q2,1,-0.00531525444239378,0.012810589745640755,0.03134012222290039,-0.030948693864047527,0.05697356164455414,1.2892996869087847,-3.047468560241262,5.862782164687985,seqgru
43900,2026Q2,2,-0.0017965026199817657,0.024671051651239395,0.05235936865210533,-0.03568893484771252,0.08625180087983608,2.4977900275635845,-3.5059593862207583,9.008077704921424,seqgru
43900,2026Q2,4,0.005807004868984222,0.04819722846150398,0.09537874162197113,-0.046283597126603127,0.14746934361755848,4.937760204589625,-4.522884656344073,15.88977566723322,seqgru
43900,2026Q2,8,0.022853225469589233,0.1026710793375969,0.20048247277736664,-0.08326134085655212,0.306597039103508,10.812686330407084,-7.988934671020487,35.879331716520866,seqgru
44060,2026Q2,1,-0.009101676754653454,0.009232652373611927,0.027605097740888596,-0.0347351161763072,0.05323853716254234,0.927540477994726,-3.4138776609506705,5.468119577590036,seqgru
44060,2026Q2,2,-0.008974999189376831,0.017638662829995155,0.044434770941734314,-0.04286743141710758,0.07832720316946507,1.7795142721291901,-4.196161255970676,8.147646331042369,seqgru
44060,2026Q2,4,-0.006935779005289078,0.03459117189049721,0.07908328622579575,-0.05902638100087643,0.1311738882213831,3.519640488707587,-5.731810006296467,14.01660255175834,seqgru
44060,2026Q2,8,0.004906497895717621,0.07766194641590118,0.16488434374332428,-0.10120806843042374,0.27099891006946564,8.075724304897935,-9.625502747610604,31.12736411866286,seqgru
44100,2026Q2,1,-0.0019017020240426064,0.0159907229244709,0.034926705062389374,-0.027535141445696354,0.06056014448404312,1.6119258747258947,-2.71595050686676,6.243149504286594,seqgru
44100,2026Q2,2,0.00660224724560976,0.03242547810077667,0.060660503804683685,-0.02729018498212099,0.09455293603241444,3.2956912364705993,-2.69211723120234,9.916734715127863,seqgru
44100,2026Q2,4,0.024910209700465202,0.06549903750419617,0.11381787061691284,-0.027180392295122147,0.1659084726125002,6.769170966421312,-2.681432950769791,18.04650518963573,seqgru
44100,2026Q2,8,0.061623405665159225,0.13339143991470337,0.22674381732940674,-0.04449116066098213,0.3328583836555481,14.269720809497644,-4.351594525692093,39.49497367987333,seqgru
44140,2026Q2,1,-0.004878420382738113,0.013105237856507301,0.031718358397483826,-0.03051185980439186,0.05735179781913757,1.3191487849867567,-3.0051071405567065,5.902830871902176,seqgru
44140,2026Q2,2,0.0007558204233646393,0.026557767763733864,0.053983017802238464,-0.03313661180436611,0.08787545002996922,2.6913568048625214,-3.2593608571316213,9.185212340981263,seqgru
44140,2026Q2,4,0.015049364417791367,0.0549013577401638,0.10084443539381027,-0.03704123757779598,0.15293503738939762,5.643640026171104,-3.636360350117551,16.524927884877005,seqgru
44140,2026Q2,8,0.04910905659198761,0.11746880412101746,0.206028550863266,-0.05700550973415375,0.31214311718940735,12.4646545058966,-5.541113508134455,36.63502272412615,seqgru
44180,2026Q2,1,-0.005075521767139435,0.013039154931902885,0.031721122562885284,-0.030708961188793182,0.05735456198453903,1.3124535405397264,-3.0242230842677853,5.903123605247762,seqgru
44180,2026Q2,2,-0.0004972778260707855,0.025762280449271202,0.05341074615716934,-0.03438971005380154,0.0873031783849001,2.6096996161542263,-3.3805104606597802,9.122746615284228,seqgru
44180,2026Q2,4,0.010214168578386307,0.05151185393333435,0.09829556941986084,-0.04187643341720104,0.1503861714154482,5.286166677017001,-4.101172784473173,16.228299654468504,seqgru
44180,2026Q2,8,0.035338204354047775,0.1092306599020958,0.20152147114276886,-0.07077636197209358,0.3076360374689102,11.541960324782297,-6.83297742769936,36.02058348753889,seqgru
44220,2026Q2,1,-0.004618649370968342,0.013389507308602333,0.03209540620446205,-0.03025208879262209,0.0577288456261158,1.3479548180422407,-2.979907406163562,5.942768830821965,seqgru
44220,2026Q2,2,0.0013905297964811325,0.027212221175432205,0.05489293485879898,-0.03250190243124962,0.08878536708652973,2.758585510303657,-3.197939176310105,9.284607041623417,seqgru
44220,2026Q2,4,0.015471886843442917,0.05549950152635574,0.1019914448261261,-0.03661871515214443,0.15408204682171345,5.7068490151509055,-3.595635948467446,16.658659757458704,seqgru
44220,2026Q2,8,0.047296036034822464,0.11594312638044357,0.20530098676681519,-0.05881853029131889,0.31141555309295654,12.293200510945113,-5.712214259693205,36.53564814234691,seqgru
44300,2026Q2,1,-0.00524186622351408,0.01278083585202694,0.03144053742289543,-0.030875305645167828,0.05707397684454918,1.2862859806966664,-3.040353125551676,5.8734129308674055,seqgru
44300,2026Q2,2,0.00011289119720458984,0.025966336950659752,0.05341983586549759,-0.03377954103052616,0.08731226809322834,2.6306399288972493,-3.3215382514201863,9.123738513730984,seqgru
44300,2026Q2,4,0.013590352609753609,0.053467683494091034,0.0994722843170166,-0.03850024938583374,0.15156288631260395,5.492289979460274,-3.7768535227108435,16.365147725934538,seqgru
44300,2026Q2,8,0.044396061450242996,0.11201287806034088,0.19966532289981842,-0.06171850487589836,0.3057798892259598,11.852726501390665,-5.985250351763116,35.76834329051264,seqgru
44420,2026Q2,1,-0.0011662337929010391,0.016753407195210457,0.03571336343884468,-0.026799673214554787,0.06134680286049843,1.6894532530080442,-2.644374861487453,6.326759449705399,seqgru
44420,2026Q2,2,0.007633894681930542,0.0335792638361454,0.062211114913225174,-0.02625853754580021,0.09610354714095592,3.4149411127183837,-2.5916780033822584,10.08730503493156,seqgru
44420,2026Q2,4,0.02566962130367756,0.06709691882133484,0.1165371984243393,-0.02642098069190979,0.16862780041992664,6.939911805424992,-2.6075000325397557,18.36794919149083,seqgru
44420,2026Q2,8,0.05852697044610977,0.13575343787670135,0.2359667420387268,-0.047587595880031586,0.34208130836486816,14.539944665634152,-4.647305555753711,40.7874764855533,seqgru
44700,2026Q2,1,-0.011500158347189426,0.006997603923082352,0.02523256465792656,-0.037133597768843174,0.05086600407958031,0.7022144361442217,-3.6452601032878396,5.2181895755297525,seqgru
44700,2026Q2,2,-0.013904735445976257,0.012949217110872269,0.03936462104320526,-0.04779716767370701,0.07325705327093601,1.3033421289614155,-4.667286697145223,7.600709251110072,seqgru
44700,2026Q2,4,-0.01885504648089409,0.022861894220113754,0.06594347208738327,-0.07094564847648144,0.11803407408297062,2.3125230281779485,-6.848748012363615,12.528245368179114,seqgru
44700,2026Q2,8,-0.015288121998310089,0.0550256073474884,0.13603010773658752,-0.12140268832445145,0.24214467406272888,5.6567670224558775,-11.43227641086646,27.39784911284213,seqgru
44940,2026Q2,1,-0.0019667763262987137,0.01597783900797367,0.03493790701031685,-0.02760021574795246,0.060571346431970596,1.6106167235913293,-2.7222809925299685,6.244339641180918,seqgru
44940,2026Q2,2,0.006254470907151699,0.03220221400260925,0.06061108037829399,-0.027637961320579052,0.09450351260602474,3.272631591413333,-2.7259527264414274,9.911302387723907,seqgru
44940,2026Q2,4,0.023171301931142807,0.0642278641462326,0.11293435096740723,-0.028919300064444542,0.16502495296299458,6.633535067471796,-2.850513912406516,17.94225484314156,seqgru
44940,2026Q2,8,0.05636043846607208,0.13007357716560364,0.2252388894557953,-0.049754127860069275,0.33135345578193665,13.891217817183165,-4.8536665930374205,39.28520169120133,seqgru
45060,2026Q2,1,-0.0024467352777719498,0.015515394508838654,0.034454599022865295,-0.028080174699425697,0.06008803844451904,1.5636383161240497,-2.768959101862234,6.193003309839584,seqgru
45060,2026Q2,2,0.0055143460631370544,0.03141487389802933,0.05969541519880295,-0.028378086164593697,0.0935878474265337,3.191352908038181,-2.7979210294566625,9.810706498400123,seqgru
45060,2026Q2,4,0.022224819287657738,0.06294326484203339,0.11123177409172058,-0.02986578270792961,0.16332237608730793,6.4966416479406375,-2.9424207138546543,17.741619934023834,seqgru
45060,2026Q2,8,0.055415160953998566,0.12737606465816498,0.2207658290863037,-0.05069940537214279,0.32688039541244507,13.584408829218276,-4.943563786771488,38.66356192804841,seqgru
45104,2026Q2,1,-0.007548925466835499,0.01071933377534151,0.029207643121480942,-0.033182364888489246,0.05484108254313469,1.0776991667535984,-3.2637869384782414,5.637272526856729,seqgru
45104,2026Q2,2,-0.005180850625038147,0.02118973806500435,0.048325471580028534,-0.0390732828527689,0.08221790380775928,2.1415834716977944,-3.8319768106833463,8.56923605553812,seqgru
45104,2026Q2,4,0.001134764403104782,0.04218283295631409,0.08743584901094437,-0.05095583759248257,0.13952645100653172,4.308517166338022,-4.96793619469833,14.972921681088236,seqgru
45104,2026Q2,8,0.01958511397242546,0.09106842428445816,0.17910528182983398,-0.0865294523537159,0.28521984815597534,9.534395082045833,-8.289146261810599,33.00544059894322,seqgru
45220,2026Q2,1,-0.006098824553191662,0.012113998644053936,0.030827514827251434,-0.03173226397484541,0.05646095424890518,1.2187670311232246,-3.123407910255749,5.808530025838166,seqgru
45220,2026Q2,2,-0.002865256741642952,0.02365032397210598,0.05134521424770355,-0.0367576889693737,0.0852376464754343,2.3932210735243986,-3.6090327000168454,8.897582721758956,seqgru
45220,2026Q2,4,0.0036132261157035828,0.04563652724027634,0.09249304234981537,-0.048477375879883766,0.14458364434540272,4.669389708855287,-4.732110741627993,15.555834684300107,seqgru
45220,2026Q2,8,0.019389241933822632,0.09479846805334091,0.18694528937339783,-0.08672532439231873,0.2930598556995392,9.943726106625949,-8.307108094526471,34.05230259738483,seqgru
45294,2026Q2,1,-0.009885500185191631,0.008470514789223671,0.026729613542556763,-0.03551893960684538,0.05236305296421051,0.850649110718904,-3.4895544642045473,5.375824312890143,seqgru
45294,2026Q2,2,-0.010483087971806526,0.016104724258184433,0.04270860552787781,-0.04437552019953728,0.07660103775560856,1.6235104301116632,-4.340533060382434,7.961126632595539,seqgru
45294,2026Q2,4,-0.010447856038808823,0.03099800832569599,0.07487557828426361,-0.06253845803439617,0.12696618027985096,3.14834495053955,-6.0623064471709505,13.537861894501525,seqgru
45294,2026Q2,8,-0.0010152831673622131,0.07095171511173248,0.15664634108543396,-0.10712984949350357,0.2627609074115753,7.352938937028997,-10.15909925385884,30.051573810248765,seqgru
45460,2026Q2,1,-0.0024142926558852196,0.015508834272623062,0.034368373453617096,-0.028047732077538967,0.060001812875270844,1.5629720368512512,-2.7658046207971743,6.183847152432143,seqgru
45460,2026Q2,2,0.005760292522609234,0.0314856618642807,0.05963364243507385,-0.028132139705121517,0.0935260746628046,3.198657872594013,-2.7740115821790923,9.803923397080293,seqgru
45460,2026Q2,4,0.02347291074693203,0.06363797932863235,0.11143651604652405,-0.02861769124865532,0.1635271180421114,6.570652112761999,-2.8212083517675457,17.765729051440537,seqgru
45460,2026Q2,8,0.06090708076953888,0.1316407024860382,0.22431200742721558,-0.04520748555660248,0.33042657375335693,14.069839553166075,-4.420085325998368,39.15616055310096,seqgru
45500,2026Q2,1,-0.006143965758383274,0.011978981085121632,0.030553989112377167,-0.03177740518003702,0.056187428534030914,1.2051016428349826,-3.127780937674929,5.779592629764441,seqgru
45500,2026Q2,2,-0.0023326072841882706,0.02382465824484825,0.05115697532892227,-0.03622503951191902,0.08504940755665302,2.4110732773342525,-3.5576764273497985,8.877085887740988,seqgru
45500,2026Q2,4,0.007264394313097,0.04794488474726677,0.09366346150636673,-0.04482620768249035,0.14575406350195408,4.911283161214097,-4.383635871079871,15.691162626625355,seqgru
45500,2026Q2,8,0.03249942511320114,0.10308484733104706,0.19156327843666077,-0.07361514121294022,0.2976778447628021,10.858546560372218,-7.097082991251935,34.67278625536467,seqgru
45780,2026Q2,1,-0.005485202185809612,0.012593872845172882,0.031224124133586884,-0.03111864160746336,0.05685756355524063,1.2673509622457724,-3.063944024154286,5.85050299642127,seqgru
45780,2026Q2,2,-0.0006680376827716827,0.025347037240862846,0.052775099873542786,-0.034560469910502434,0.08666753210127354,2.5671004803847985,-3.3970077822678135,9.053405187584286,seqgru
45780,2026Q2,4,0.011750191450119019,0.05205770209431648,0.09803350269794464,-0.04034041054546833,0.150124104693532,5.343652625346773,-3.9537568043232163,16.197844075855294,seqgru
45780,2026Q2,8,0.0420253612101078,0.11151393502950668,0.20035216212272644,-0.06408920511603355,0.3064667284488678,11.796932283248607,-6.2078671582092575,35.86162634547711,seqgru
45820,2026Q2,1,-0.004169365391135216,0.01381605863571167,0.032507192343473434,-0.029802804812788963,0.05814063176512718,1.3911941439100017,-2.936308039324098,5.986403578030441,seqgru
45820,2026Q2,2,0.0018122196197509766,0.02776472270488739,0.05540340021252632,-0.032080212607979774,0.08929583244025707,2.815375472788695,-3.1571101243963895,9.340407288048457,seqgru
45820,2026Q2,4,0.015577143058180809,0.05616834759712219,0.1029667854309082,-0.03651345893740654,0.15505738742649555,5.777574275287356,-3.585488255978686,16.77249719133105,seqgru
45820,2026Q2,8,0.046012211591005325,0.11710765212774277,0.20784160494804382,-0.06010235473513603,0.3139561712741852,12.424045005291283,-5.833185554212095,36.88297411692118,seqgru
45900,2026Q2,1,-0.006553058512508869,0.011710818856954575,0.030333328992128372,-0.03218649793416262,0.05596676841378212,1.1779658958303685,-3.1674025555584184,5.75625386719667,seqgru
45900,2026Q2,2,-0.0035354215651750565,0.022917483001947403,0.05038883537054062,-0.03742785379290581,0.08428126759827137,2.318210614780969,-3.6736088948435386,8.79348516015881,seqgru
45900,2026Q2,4,0.0034047365188598633,0.0450248084962368,0.09120045602321625,-0.048685865476727486,0.1432910580188036,4.605381060884062,-4.751971035047397,15.406565285003705,seqgru
45900,2026Q2,8,0.02256910502910614,0.0968816876411438,0.18811041116714478,-0.08354546129703522,0.29422497749328613,10.17300176325917,-8.01507318201261,34.20858088058074,seqgru
45940,2026Q2,1,-0.004611869342625141,0.013446816243231297,0.03214656189084053,-0.03024530876427889,0.05778000131249428,1.353763127792118,-2.979249604955969,5.948188544501765,seqgru
45940,2026Q2,2,0.0014187917113304138,0.027342675253748894,0.05501119792461395,-0.03247364051640034,0.0889036301523447,2.771991661290052,-3.195203326049878,9.297532138564279,seqgru
45940,2026Q2,4,0.015361892059445381,0.0556519478559494,0.1022639200091362,-0.03672870993614197,0.15435452200472355,5.722964864666014,-3.6062393424980077,16.690450678047597,seqgru
45940,2026Q2,8,0.044939376413822174,0.11501516401767731,0.20516642928123474,-0.06117518991231918,0.3112809956073761,12.18904498095641,-5.934156852807682,36.51727748482323,seqgru
46060,2026Q2,1,-0.00951502937823534,0.008744865655899048,0.02697562798857689,-0.03514846879988909,0.05260906741023064,0.8783213694877334,-3.453793537786576,5.401751477030081,seqgru
46060,2026Q2,2,-0.009208746254444122,0.017074119299650192,0.043536536395549774,-0.04310117848217487,0.07742896862328053,1.7220715218173588,-4.2185525050529415,8.050547994088042,seqgru
46060,2026Q2,4,-0.005462672561407089,0.034971512854099274,0.07846406102180481,-0.05755327455699444,0.13055466301739216,3.5590207370088667,-5.592840594926751,13.946022452528295,seqgru
46060,2026Q2,8,0.011550381779670715,0.08033091574907303,0.16477787494659424,-0.09456418454647064,0.2708924412727356,8.36456037457638,-9.023066038043481,31.11340388916437,seqgru
46140,2026Q2,1,-0.004799860529601574,0.013283314183354378,0.03195483610033989,-0.03043329995125532,0.05758827552199364,1.3371929334118127,-2.9974869367015433,5.927877491439526,seqgru
46140,2026Q2,2,0.0003465414047241211,0.026469096541404724,0.05417121201753616,-0.03354589082300663,0.08806364424526691,2.6822514404298614,-3.2989466696088487,9.205762299970942,seqgru
46140,2026Q2,4,0.011661631986498833,0.05269574373960495,0.099490687251091,-0.040428970009088516,0.15158128924667835,5.410887709899592,-3.962262231479763,16.36728920578139,seqgru
46140,2026Q2,8,0.03741942346096039,0.11025194078683853,0.20203319191932678,-0.06869514286518097,0.30814775824546814,11.655934186465512,-6.63887452491535,36.090205858236544,seqgru
46220,2026Q2,1,-0.009251360781490803,0.00900342594832182,0.027313902974128723,-0.03488480020314455,0.05294734239578247,0.904407870081414,-3.4283339787120615,5.437412284227583,seqgru
46220,2026Q2,2,-0.008587334305047989,0.017694292590022087,0.044297412037849426,-0.04247976653277874,0.07818984426558018,1.7851763995737402,-4.159014272080319,8.132792309074045,seqgru
46220,2026Q2,4,-0.004665851593017578,0.035718776285648346,0.07939885556697845,-0.05675645358860493,0.1314894575625658,3.6364355272311855,-5.517585012115312,14.052588373621887,seqgru
46220,2026Q2,8,0.01343577355146408,0.08131317794322968,0.16465747356414795,-0.09267879277467728,0.2707720398902893,8.471055079717571,-8.851377075708767,31.097618604383005,seqgru
46300,2026Q2,1,-0.007929005660116673,0.010350983589887619,0.028795473277568817,-0.03356244508177042,0.054428912699222565,1.0404740338834761,-3.3005474706183424,5.593741000535513,seqgru
46300,2026Q2,2,-0.00646149180829525,0.02005366049706936,0.04712323844432831,-0.040353924036026,0.08101567067205906,2.0256086006607665,-3.9550547155540627,8.438788952061604,seqgru
46300,2026Q2,4,-0.002455979585647583,0.039132144302129745,0.08430495858192444,-0.05454658158123493,0.1363955605775118,3.990789247379145,-5.308560093952142,14.613516982953122,seqgru
46300,2026Q2,8,0.012481071054935455,0.08565964549779892,0.17419660091400146,-0.0936334952712059,0.2803111672401428,8.94354709298315,-8.938355367767038,32.354159105219324,seqgru
46340,2026Q2,1,-0.007291718386113644,0.010824563913047314,0.02917248010635376,-0.03292515780776739,0.05480591952800751,1.0883361466115238,-3.2389024994268323,5.6335580671510455,seqgru
46340,2026Q2,2,-0.004494199529290199,0.021531546488404274,0.048365335911512375,-0.03838663175702095,0.08225776813924313,2.1765022927414446,-3.765920255877031,8.573564181821558,seqgru
46340,2026Q2,4,0.0045546963810920715,0.044685833156108856,0.08915786445140839,-0.04753590561449528,0.14124846644699574,4.569928425383796,-4.642376622270438,15.171077392088762,seqgru
46340,2026Q2,8,0.031470876187086105,0.10089632123708725,0.1882099211215973,-0.07464369013905525,0.29432448744773865,10.616195031540276,-7.192589062021215,34.22193663485553,seqgru
46520,2026Q2,1,-0.001406090334057808,0.01648426428437233,0.03551598638296127,-0.027039529755711555,0.06114942580461502,1.6620879403131283,-2.6677234447281872,6.305775057950447,seqgru
46520,2026Q2,2,0.0077852290123701096,0.0335664376616478,0.062073931097984314,-0.02610720321536064,0.09596636332571507,3.4136147031444075,-2.576935664710822,10.072203874258378,seqgru
46520,2026Q2,4,0.026911502704024315,0.0674685537815094,0.11624458432197571,-0.025179099291563034,0.16833518631756306,6.979661801076409,-2.4864749644608164,18.33331812730552,seqgru
46520,2026Q2,8,0.06454972922801971,0.1357613056898117,0.22923454642295837,-0.04156483709812164,0.33534911274909973,14.540845848057614,-4.07128640690797,39.842850923362946,seqgru
46540,2026Q2,1,-0.006367403082549572,0.011762281879782677,0.030348986387252808,-0.03200084250420332,0.055982425808906555,1.1831729537832958,-3.1494233891324996,5.757909747613699,seqgru
46540,2026Q2,2,-0.0025146007537841797,0.023580364882946014,0.050836533308029175,-0.03640703298151493,0.08472896553575993,2.386057987606338,-3.5752267033664187,8.842202683630873,seqgru
46540,2026Q2,4,0.007593836635351181,0.04800594598054886,0.09351930767297745,-0.04449676536023617,0.1456099096685648,4.917689369132616,-4.352130604736626,15.674486504035844,seqgru
46540,2026Q2,8,0.03478698059916496,0.10385066270828247,0.19115597009658813,-0.0713275857269764,0.2972705364227295,10.943476256108852,-6.884319152023877,34.61794407593879,seqgru
46660,2026Q2,1,-0.001626802608370781,0.01628144271671772,0.03523410111665726,-0.02726024203002453,0.060867540538311005,1.6414707671404072,-2.68920350230738,6.275813249333173,seqgru
46660,2026Q2,2,0.007057418115437031,0.0329180583357811,0.061358626931905746,-0.02683501411229372,0.0952510591596365,3.3465851859825646,-2.6478154358829387,9.993496921319277,seqgru
46660,2026Q2,4,0.02508581429719925,0.0660577118396759,0.11497966945171356,-0.0270047876983881,0.1670702714473009,6.82883682740143,-2.664341862455455,18.183731180880347,seqgru
46660,2026Q2,8,0.058412618935108185,0.13244719803333282,0.22892019152641296,-0.04770194739103317,0.3350347578525543,14.16187347833322,-4.658208657036544,39.798897547269775,seqgru
46700,2026Q2,1,-0.011002779938280582,0.007419033907353878,0.02568890154361725,-0.03663621935993433,0.051322340965270996,0.7446623125658469,-3.597323415718734,5.266215473639613,seqgru
46700,2026Q2,2,-0.0126979760825634,0.014007112011313438,0.04043007642030716,-0.04659040831029415,0.07432250864803791,1.4105671243852314,-4.552173609799071,7.715414100960127,seqgru
46700,2026Q2,4,-0.014906693249940872,0.02639608457684517,0.06959009170532227,-0.06699729524552822,0.12168069370090961,2.6747546812066814,-6.480226918639986,12.939342176596181,seqgru
46700,2026Q2,8,-0.006706602871417999,0.06254426389932632,0.14393967390060425,-0.11282116919755936,0.2500542402267456,6.454157863626597,-10.668960275220151,28.40950644063267,seqgru
47020,2026Q2,1,-0.007356586866080761,0.010761823505163193,0.02915235608816147,-0.03299002628773451,0.054785795509815216,1.0819940221251656,-3.245179041164581,5.631432316896179,seqgru
47020,2026Q2,2,-0.004346985369920731,0.021610207855701447,0.048510871827602386,-0.03823941759765148,0.08240330405533314,2.184539952239928,-3.7517521938807197,8.589366684835898,seqgru
47020,2026Q2,4,0.005664210766553879,0.04542802274227142,0.08991867303848267,-0.04642639122903347,0.14200927503407001,4.647567945344533,-4.53651725198192,15.258733877426444,seqgru
47020,2026Q2,8,0.033787377178668976,0.10155907273292542,0.18820637464523315,-0.07232718914747238,0.2943209409713745,10.689530379132695,-6.9773513996783,34.22146062077378,seqgru
47220,2026Q2,1,-0.0029524704441428185,0.014925943687558174,0.03369441255927086,-0.028585909865796566,0.059327851980924606,1.5037891868984632,-2.818119826305876,6.11230750201146,seqgru
47220,2026Q2,2,0.0048004575073719025,0.030439376831054688,0.05829855799674988,-0.02909197472035885,0.09219099022448063,3.090739128141462,-2.8672877182416845,9.657423704176749,seqgru
47220,2026Q2,4,0.023007772862911224,0.06286834180355072,0.11004859209060669,-0.029082829132676125,0.16213919408619404,6.48866289486012,-2.8663993784424635,17.602392550445312,seqgru
47220,2026Q2,8,0.06255805492401123,0.1320255994796753,0.2236754596233368,-0.04355651140213013,0.32979002594947815,14.113753142036778,-4.262155023633973,39.06760919128216,seqgru
47260,2026Q2,1,-0.005054032430052757,0.0129439951851964,0.03160203993320465,-0.030687471851706505,0.0572354793548584,1.3028131318193026,-3.0221391167169376,5.890513133656428,seqgru
47260,2026Q2,2,-0.00026817619800567627,0.025813307613134384,0.05334457755088806,-0.03416060842573643,0.08723700977861881,2.614935631698856,-3.3583722424494145,9.115526354107061,seqgru
47260,2026Q2,4,0.011943699792027473,0.05267663300037384,0.09922655671834946,-0.040146902203559875,0.1513171587139368,5.408873249161417,-3.935169256691129,16.336557110510785,seqgru
47260,2026Q2,8,0.039993636310100555,0.11109136044979095,0.2015785574913025,-0.0661209300160408,0.30769312381744385,11.749699721918239,-6.398233518407103,36.02834862761526,seqgru
47300,2026Q2,1,-0.00734859611839056,0.01097876112908125,0.029633112251758575,-0.03298203554004431,0.05526655167341232,1.103924888458252,-3.244405894713487,5.6822274881195955,seqgru
47300,2026Q2,2,-0.005332324653863907,0.021354570984840393,0.04884422570466995,-0.03922475688159466,0.0827366579324007,2.158421154802226,-3.846542665397834,8.625571405385312,seqgru
47300,2026Q2,4,-0.002603873610496521,0.03954910859465599,0.0855526253581047,-0.05469447560608387,0.13764322735369205,4.034158734382309,-5.322563356593624,14.756605705154445,seqgru
47300,2026Q2,8,0.008735857903957367,0.0820932611823082,0.16938287019729614,-0.09737870842218399,0.2754974365234375,8.555704544232023,-9.278762789719597,31.718572821975034,seqgru
47380,2026Q2,1,-0.008817519061267376,0.009429077617824078,0.027758080512285233,-0.034450958482921124,0.05339151993393898,0.947367141945743,-3.386428071392378,5.484255617053546,seqgru
47380,2026Q2,2,-0.008145971223711967,0.018251236528158188,0.0449821874499321,-0.04203840345144272,0.07887461967766285,1.8418808256890573,-4.11670426295,8.206864344947128,seqgru
47380,2026Q2,4,-0.004666335880756378,0.03631940484046936,0.08059802651405334,-0.05675693787634373,0.1326886285096407,3.6987012271354924,-5.517630768779336,14.189438961263235,seqgru
47380,2026Q2,8,0.010869793593883514,0.08165772259235382,0.16780227422714233,-0.09524477273225784,0.2739168405532837,8.508434640424166,-9.084962798985796,31.51054342510109,seqgru
47460,2026Q2,1,-0.010264652781188488,0.008058581501245499,0.026243973523378372,-0.035898092202842236,0.05187741294503212,0.8091139266858116,-3.5261397140357587,5.324662019783943,seqgru
47460,2026Q2,2,-0.010931693017482758,0.015518064610660076,0.04184272140264511,-0.04482412524521351,0.07573515363037586,1.5639095017417448,-4.383436755791603,7.867685267437685,seqgru
47460,2026Q2,4,-0.009291574358940125,0.03146009147167206,0.07459315657615662,-0.06138217635452747,0.12668375857174397,3.1960190761332052,-5.9536251921033845,13.505800865188888,seqgru
47460,2026Q2,8,0.005614817142486572,0.07493067532777786,0.1585630476474762,-0.10049974918365479,0.26467761397361755,7.780942950922531,-9.561466075263258,30.301083557272833,seqgru
47580,2026Q2,1,-0.004162666387856007,0.013938949443399906,0.03263610601425171,-0.029796105809509754,0.05826954543590546,1.4036549552947308,-2.935657807155412,6.000067555086064,seqgru
47580,2026Q2,2,0.0012332592159509659,0.027514880523085594,0.05542060732841492,-0.032659173011779785,0.08931303955614567,2.7896910637158046,-3.213162095522315,9.342288737295078,seqgru
47580,2026Q2,4,0.013131914660334587,0.05485747754573822,0.10242745280265808,-0.03895868733525276,0.15451805479824543,5.639004464412367,-3.820955754827715,16.709534953834225,seqgru
47580,2026Q2,8,0.03780708461999893,0.1146770790219307,0.21094682812690735,-0.06830748170614243,0.3170613944530487,12.151121959124755,-6.602675026688165,37.30868692550644,seqgru
47664,2026Q2,1,-0.004685773514211178,0.013364195823669434,0.03202710300683975,-0.030319212935864925,0.0576605424284935,1.3453895832759688,-2.9864195781918346,5.9355328480690694,seqgru
47664,2026Q2,2,0.001014668494462967,0.026975929737091064,0.054571427404880524,-0.032877763733267784,0.08846385963261127,2.7343074047987193,-3.234316488089206,9.249476873469042,seqgru
47664,2026Q2,4,0.0150395967066288,0.05539733171463013,0.10186824202537537,-0.03705100528895855,0.15395884402096272,5.69604951798961,-3.6373015977193,16.64428796918522,seqgru
47664,2026Q2,8,0.046662840992212296,0.1170644760131836,0.20766186714172363,-0.05945172533392906,0.313776433467865,12.419191076632586,-5.771897920509472,36.85837328234707,seqgru
47764,2026Q2,1,-0.008708822540938854,0.009518149308860302,0.02785884588956833,-0.0343422619625926,0.053492285311222076,0.9563590951010337,-3.375925941545077,5.494885313411912,seqgru
47764,2026Q2,2,-0.007493229582905769,0.018768317997455597,0.04551374167203903,-0.04138566181063652,0.07940617389976978,1.8945549923065075,-4.054096812142549,8.264397450178462,seqgru
47764,2026Q2,4,-0.002968713641166687,0.03752700984477997,0.0815768837928772,-0.055059315636754036,0.13366748578846455,3.8240039405422754,-5.357099175074764,14.30126884857561,seqgru
47764,2026Q2,8,0.015093229711055756,0.08356309682130814,0.16768890619277954,-0.0910213366150856,0.2738034725189209,8.71538090784556,-8.700176960037332,31.495635178370286,seqgru
47930,2026Q2,1,-0.003585907630622387,0.014234823174774647,0.0327848456799984,-0.029219347052276134,0.058418285101652145,1.433662072001285,-2.8796589504173964,6.015835142307102,seqgru
47930,2026Q2,2,0.003279987722635269,0.028991105034947395,0.056475333869457245,-0.030612444505095482,0.090367766097188,2.941543782006284,-3.0148628521788567,9.457675791482046,seqgru
47930,2026Q2,4,0.01861945539712906,0.059161216020584106,0.10557512938976288,-0.03347114659845829,0.15766573138535023,6.094626848904139,-3.291718554238088,17.077477602937407,seqgru
47930,2026Q2,8,0.0484171137213707,0.11948271095752716,0.207555890083313,-0.05769745260477066,0.31367045640945435,12.691376063891058,-5.606451053677608,36.843870203038165,seqgru
47940,2026Q2,1,-0.00517126452177763,0.012797558680176735,0.031354255974292755,-0.030804703943431377,0.0569876953959465,1.2879797880136268,-3.0335073678243396,5.864278413506585,seqgru
47940,2026Q2,2,0.0002841465175151825,0.02597588673233986,0.05323638394474983,-0.03360828571021557,0.08712881617248058,2.631620033782145,-3.304980132693802,9.10372139044744,seqgru
47940,2026Q2,4,0.014324931427836418,0.053845591843128204,0.09947983920574188,-0.03776567056775093,0.15157044120132923,5.532163930477507,-3.706144069845796,16.36602685499795,seqgru
47940,2026Q2,8,0.046822089701890945,0.11460298299789429,0.20273618400096893,-0.05929247662425041,0.3088507503271103,12.142812314755979,-5.756891021954935,36.185909830970054,seqgru
48060,2026Q2,1,-0.003367895260453224,0.014535315334796906,0.033368032425642014,-0.029001334682106972,0.05900147184729576,1.4641466721785568,-2.8584832064703525,6.077680204047753,seqgru
48060,2026Q2,2,0.0042139869183301926,0.029818471521139145,0.057700060307979584,-0.02967844530940056,0.09159249253571033,3.0267494086477997,-2.924236496204824,9.59181362523205,seqgru
48060,2026Q2,4,0.02179388701915741,0.061281718313694,0.10836289823055267,-0.03029671497642994,0.16045350022614002,6.319839445948516,-2.9842369460425733,17.404317912899003,seqgru
48060,2026Q2,8,0.05774065852165222,0.1245969906449318,0.2135431468486786,-0.048373907804489136,0.31965771317481995,13.269187564822449,-4.72225304650995,37.665647230876246,seqgru
48140,2026Q2,1,-0.003094079904258251,0.014818612486124039,0.03358164802193642,-0.028727519325912,0.059215087443590164,1.492895247895154,-2.8318807255305223,6.100342471378761,seqgru
48140,2026Q2,2,0.004112226888537407,0.02994486130774021,0.057828303426504135,-0.029780205339193344,0.09172073565423489,3.0397717604485397,-2.9341144261933794,9.605868922404426,seqgru
48140,2026Q2,4,0.020630918443202972,0.06099950149655342,0.10840162634849548,-0.031459683552384377,0.16049222834408283,6.289838432855532,-3.0969976485607176,17.40886484921671,seqgru
48140,2026Q2,8,0.05480099469423294,0.12579509615898132,0.217984139919281,-0.05131357163190842,0.32409870624542236,13.404977332006807,-5.001926318683713,38.27837897796434,seqgru
48260,2026Q2,1,0.001818014308810234,0.019550800323486328,0.038836028426885605,-0.023815425112843513,0.06446946784853935,1.9743168827718316,-2.35340757863598,6.659301236809778,seqgru
48260,2026Q2,2,0.014663022011518478,0.040125489234924316,0.06936138868331909,-0.019229410216212273,0.10325382091104984,4.094139293559418,-1.904570450953591,10.877280308568093,seqgru
48260,2026Q2,4,0.041148219257593155,0.08134699612855911,0.13202080130577087,-0.010942382737994194,0.18411140330135822,8.474723435989361,-1.0882732637662151,20.214973908648236,seqgru
48260,2026Q2,8,0.09016088396310806,0.16248255968093872,0.2609679102897644,-0.015953682363033295,0.36708247661590576,17.64278009935736,-1.5827096437123545,44.351697060036635,seqgru
48300,2026Q2,1,-0.008080643601715565,0.010170278139412403,0.0285416878759861,-0.03371408302336931,0.05417512729763985,1.0222171191186291,-3.3152096648530582,5.566946250773053,seqgru
48300,2026Q2,2,-0.006798606365919113,0.019624631851911545,0.046573519706726074,-0.040691038593649864,0.08046595193445683,1.9818460803900706,-3.9874274078361305,8.37919449948612,seqgru
48300,2026Q2,4,-0.0028900280594825745,0.03848958760499954,0.08345621824264526,-0.05498063005506992,0.1355468202382326,3.9239907325232304,-5.349651850376381,14.51628113749235,seqgru
48300,2026Q2,8,0.01067071408033371,0.08429122716188431,0.1736544966697693,-0.09544385224580765,0.27976906299591064,8.794568701190709,-9.103060318883639,32.282428798235195,seqgru
48424,2026Q2,1,-0.006505322642624378,0.011648020707070827,0.030234970152378082,-0.032138762064278126,0.05586840957403183,1.1716123062620376,-3.1627800569576148,5.745852316320588,seqgru
48424,2026Q2,2,-0.0027296002954244614,0.02335858903825283,0.050650179386138916,-0.03662203252315521,0.08454261161386967,2.363353750830033,-3.5959557569796075,8.821921402100475,seqgru
48424,2026Q2,4,0.007449537515640259,0.04780666530132294,0.0934407040476799,-0.04464106447994709,0.14553130604326725,4.896783383880976,-4.365931512339227,15.665394427381973,seqgru
48424,2026Q2,8,0.03256688639521599,0.10202525556087494,0.1902695894241333,-0.07354767993092537,0.29638415575027466,10.741143967178711,-7.090815429961128,34.49867419920993,seqgru
48540,2026Q2,1,-0.0024628331884741783,0.015416737645864487,0.034281931817531586,-0.028096272610127926,0.05991537123918533,1.553618860427708,-2.7705243058777973,6.17466884365816,seqgru
48540,2026Q2,2,0.005569566041231155,0.03131179139018059,0.059346575289964676,-0.028322866186499596,0.09323900751769543,3.180716232829117,-2.7925533845859496,9.77240682217193,seqgru
48540,2026Q2,4,0.02358529530465603,0.06377258896827698,0.11145825684070587,-0.02850530669093132,0.16354885883629322,6.584998515399976,-2.810286342526913,17.768289399749413,seqgru
48540,2026Q2,8,0.06165934354066849,0.13164204359054565,0.22322189807891846,-0.04445522278547287,0.3293364644050598,14.069992532844644,-4.3481570634363305,39.00454777387681,seqgru
48620,2026Q2,1,-0.004199523478746414,0.013803156092762947,0.03247508034110069,-0.029832962900400162,0.05810851976275444,1.3898859481124903,-2.9392352505103525,5.98300019703224,seqgru
48620,2026Q2,2,0.0017445124685764313,0.02771461009979248,0.055406808853149414,-0.03214791975915432,0.08929924108088017,2.810223255576516,-3.1636668586099814,9.340779990837689,seqgru
48620,2026Q2,4,0.015280919149518013,0.05600172281265259,0.10290315747261047,-0.036809682846069336,0.15499375946819782,5.75995057808516,-3.6140443097975705,16.765067432122137,seqgru
48620,2026Q2,8,0.04433535411953926,0.11647099256515503,0.20855304598808289,-0.0617792122066021,0.31466761231422424,12.352491941861832,-5.9909575630245016,36.98039293215316,seqgru
48660,2026Q2,1,-0.010000788606703281,0.008277462795376778,0.026509761810302734,-0.03563422802835703,0.05214320123195648,0.8311815710114745,-3.5006803597739666,5.352659801849513,seqgru
48660,2026Q2,2,-0.01018606498837471,0.016145693138241768,0.04250432178378105,-0.04407849721610546,0.0763967540115118,1.6276739168075816,-4.312115780034754,7.939074181985406,seqgru
48660,2026Q2,4,-0.006912741810083389,0.03344880789518356,0.07660017907619476,-0.05900334380567074,0.1286907810717821,3.4014508992243897,-5.729638306587059,13.733838323017311,seqgru
48660,2026Q2,8,0.011514708399772644,0.07928819954395294,0.16222025454044342,-0.09459985792636871,0.2683348208665848,8.251625781010908,-9.026311434883194,30.778494040554616,seqgru
48680,2026Q2,1,-0.00848595704883337,0.010051284916698933,0.028432611376047134,-0.03411939647048712,0.05406605079770088,1.010196875115943,-3.3543893699406357,5.5554320057449535,seqgru
48680,2026Q2,2,-0.009923098608851433,0.01759197562932968,0.04509779438376427,-0.043815530836582184,0.07899022661149502,1.7747625824451552,-4.286949774795568,8.219374531871871,seqgru
48680,2026Q2,4,-0.016594532877206802,0.0289556086063385,0.0759022980928421,-0.06868513487279415,0.12799290008842945,2.9378897896987555,-6.637940162806844,13.654493329989204,seqgru
48680,2026Q2,8,-0.03045085072517395,0.060994476079940796,0.16282323002815247,-0.1365654170513153,0.2689377963542938,6.28930428347787,-12.765074812275511,30.857374045745445,seqgru
48700,2026Q2,1,-0.007065664045512676,0.011000603437423706,0.029396891593933105,-0.032699103467166424,0.05503033101558685,1.1061332556781212,-3.2170267608758407,5.657266111134418,seqgru
48700,2026Q2,2,-0.0036683809012174606,0.02222234196960926,0.0490911565721035,-0.03756081312894821,0.08298358879983425,2.2471097436568055,-3.6864155364480955,8.65239772394466,seqgru
48700,2026Q2,4,0.006262410432100296,0.046053022146224976,0.09047891199588776,-0.04582819156348705,0.1425695139914751,4.712993056133463,-4.479393944661925,15.323324401700367,seqgru
48700,2026Q2,8,0.035362012684345245,0.10210787504911423,0.18705222010612488,-0.07075255364179611,0.29316678643226624,10.750293721789127,-6.83075925004768,34.06663767474183,seqgru
48864,2026Q2,1,-0.003918210975825787,0.014106555841863155,0.03288443759083748,-0.029551650397479534,0.058517877012491226,1.420652281083279,-2.911927002947634,6.026393987687184,seqgru
48864,2026Q2,2,0.0024584829807281494,0.028435785323381424,0.05630693584680557,-0.0314339492470026,0.09019936807453632,2.8843941832231046,-3.094503885018296,9.439244887222188,seqgru
48864,2026Q2,4,0.016347505152225494,0.05700325965881348,0.10412515699863434,-0.035743096843361855,0.1562157589942217,5.8659261257867135,-3.5111855544975423,16.907841506339018,seqgru
48864,2026Q2,8,0.047153256833553314,0.11840362101793289,0.20942050218582153,-0.05896130949258804,0.3155350685119629,12.56983752100458,-5.725675633405681,37.099268975396726,seqgru
48900,2026Q2,1,-0.006290229968726635,0.012035079300403595,0.030586738139390945,-0.03192366939038038,0.05622017756104469,1.2107792276642826,-3.1419488401464912,5.783056865225844,seqgru
48900,2026Q2,2,-0.004355793818831444,0.022582028061151505,0.05034259706735611,-0.038248226046562195,0.08423502929508686,2.283893221788169,-3.752599987920391,8.788454850304861,seqgru
48900,2026Q2,4,-0.0018443875014781952,0.0420692041516304,0.08958010375499725,-0.053934989497065544,0.1416707057505846,4.296665387578558,-5.2506298458321226,15.219717415742572,seqgru
48900,2026Q2,8,0.003368459641933441,0.08876495063304901,0.18945927917957306,-0.10274610668420792,0.2955738455057144,9.282375860304072,-9.764395343108855,34.38973268979806,seqgru
49020,2026Q2,1,-0.003985228016972542,0.014102190732955933,0.0327921099960804,-0.02961866743862629,0.058425549417734146,1.4202095698568895,-2.918433340310367,6.016605277640519,seqgru
49020,2026Q2,2,0.001842280849814415,0.0280047208070755,0.055986855179071426,-0.032050151377916336,0.08987928740680218,2.840053929050801,-3.1541988642460272,9.404221106158994,seqgru
49020,2026Q2,4,0.014023685827851295,0.05542730167508125,0.1028384268283844,-0.03806691616773605,0.15492902882397175,5.6992172718819845,-3.7351478014077677,16.757509398704997,seqgru
49020,2026Q2,8,0.041124485433101654,0.11627975106239319,0.21117395162582397,-0.0649900808930397,0.31728851795196533,12.331007536884254,-6.29232417040998,37.33987649672079,seqgru
49180,2026Q2,1,-0.0055315615609288216,0.012641007080674171,0.03129347786307335,-0.03116500098258257,0.0569269172847271,1.2721242339059913,-3.0684378149703817,5.857844378145249,seqgru
49180,2026Q2,2,-0.0014982186257839203,0.024847645312547684,0.05256251245737076,-0.03539065085351467,0.08645494468510151,2.515892085887894,-3.477172465244749,9.030224270023668,seqgru
49180,2026Q2,4,0.007179182022809982,0.04878554493188858,0.09559883922338486,-0.04491141997277737,0.1476894412189722,4.999514981178144,-4.3917832133244294,15.915285536113455,seqgru
49180,2026Q2,8,0.027678027749061584,0.10274776816368103,0.19592836499214172,-0.07843653857707977,0.3020429313182831,10.82118475109979,-7.543926799054379,35.26192951924729,seqgru
49340,2026Q2,1,-0.0059564365074038506,0.012043374590575695,0.030546072870492935,-0.0315898759290576,0.05617951229214668,1.2116188039287712,-3.1096128595236583,5.778755256237211,seqgru
49340,2026Q2,2,-0.0018294770270586014,0.02407984249293804,0.05124738812446594,-0.03572190925478935,0.0851398203521967,2.437210304801618,-3.5091411675374884,8.886930214466581,seqgru
49340,2026Q2,4,0.008829448372125626,0.048928990960121155,0.09417850524187088,-0.04326115362346172,0.14626910723745823,5.014577824895272,-4.233873930092358,15.75076398252435,seqgru
49340,2026Q2,8,0.03775906190276146,0.10609927028417587,0.1926935315132141,-0.0683555044233799,0.29880809783935547,11.193225285861995,-6.60716011232223,34.8250866391332,seqgru
49420,2026Q2,1,-0.00937692541629076,0.008855404332280159,0.027131810784339905,-0.03501036483794451,0.05276525020599365,0.8894729419361314,-3.440459203422408,5.418214702856949,seqgru
49420,2026Q2,2,-0.008679226040840149,0.017519470304250717,0.04402411729097366,-0.0425716582685709,0.07791654951870441,1.767383637708897,-4.1678208619862716,8.10324422282327,seqgru
49420,2026Q2,4,-0.004360087215900421,0.03583165630698204,0.07931779325008392,-0.05645068921148777,0.13140839524567127,3.648134670571812,-5.4886912382297375,14.043343381275818,seqgru
49420,2026Q2,8,0.014623813331127167,0.08176086843013763,0.16469775140285492,-0.09149075299501419,0.2708123177289963,8.519627411055698,-8.743024534993316,31.102899039461573,seqgru
49620,2026Q2,1,-0.0036659324541687965,0.014267838560044765,0.03297996520996094,-0.029299371875822544,0.058613404631614685,1.4370109987166924,-2.8874306776029646,6.036522920457799,seqgru
49620,2026Q2,2,0.002731410786509514,0.028613530099391937,0.056419286876916885,-0.031161021441221237,0.09031171910464764,2.9026829721423786,-3.0680520710419046,9.45154118985807,seqgru
49620,2026Q2,4,0.017388205975294113,0.057994574308395386,0.1050698459148407,-0.034702396020293236,0.15716044791042805,5.970924603912997,-3.4107172962554166,17.01833523130891,seqgru
49620,2026Q2,8,0.0505230613052845,0.12242954969406128,0.2149387001991272,-0.05559150502085686,0.32105326652526855,13.023949155115332,-5.407453721908373,37.85790110517788,seqgru
49660,2026Q2,1,-0.00024665147066116333,0.01754414103925228,0.03658371791243553,-0.02588009089231491,0.06221715733408928,1.7698943448327897,-2.5548071735199906,6.419341704300208,seqgru
49660,2026Q2,2,0.010181114077568054,0.03579448536038399,0.06440699100494385,-0.023711318150162697,0.0982994232326746,3.6442820428963296,-2.3432413593049373,10.329308723874275,seqgru
49660,2026Q2,4,0.03208966553211212,0.0724039375782013,0.121564581990242,-0.020000936463475227,0.17365518398582935,7.5089525426076165,-1.9802244613070896,18.964528634304713,seqgru
49660,2026Q2,8,0.07461393624544144,0.1461300253868103,0.24115398526191711,-0.03150063008069992,0.34726855158805847,15.734666271531417,-3.100965408856804,41.51967276716655,seqgru
49700,2026Q2,1,-0.010226189158856869,0.008197953924536705,0.026538114994764328,-0.035859628580510616,0.052171554416418076,0.8231649163211063,-3.5224289085437954,5.355646927593449,seqgru
49700,2026Q2,2,-0.011333685368299484,0.015454905107617378,0.04215933382511139,-0.045226117596030235,0.07605176605284214,1.557494978261742,-4.421866158146759,7.901842923659852,seqgru
49700,2026Q2,4,-0.0136440210044384,0.028280626982450485,0.07226943224668503,-0.06573462300002575,0.12436003424227238,2.8684320496750626,-6.362067514163039,13.24235088529202,seqgru
49700,2026Q2,8,-0.007518008351325989,0.06444546580314636,0.14844626188278198,-0.11363257467746735,0.25456082820892334,6.6567412261427705,-10.741414571497,28.989501096018742,seqgru
49740,2026Q2,1,-0.007028202526271343,0.011076333001255989,0.02940281108021736,-0.03266164194792509,0.05503625050187111,1.1137902689778212,-3.2134010557498205,5.6578915497231375,seqgru
49740,2026Q2,2,-0.003996433690190315,0.022032761946320534,0.04890863224864006,-0.037888865917921066,0.08280106447637081,2.2277275715047784,-3.718006294445886,8.632567828331595,seqgru
49740,2026Q2,4,0.005386464297771454,0.04569860175251961,0.09046628326177597,-0.046704137697815895,0.14255688525736332,4.6758872118308314,-4.563028215379195,15.321868023295737,seqgru
49740,2026Q2,8,0.029789552092552185,0.10021091997623444,0.18886679410934448,-0.07632501423358917,0.29498136043548584,10.54040452841516,-7.348497295320522,34.31013236291853,seqgru
