cbsa_code,metric,period,value
10180,hpi_forecast_4q,2026-06,6.958
10180,hpi_forecast_4q_hi,2026-06,18.8434
10180,hpi_forecast_4q_lo,2026-06,-3.0243
10180,hpi_forecast_8q,2026-06,14.578
10180,hpi_forecast_8q_hi,2026-06,41.6732
10180,hpi_forecast_8q_lo,2026-06,-5.1785
10180,hpi_index_error,2026-06,4.19
10180,hpi_surprise_4q,2025-06,4.9107
10180,hpi_trend_5y,2026-06,7.9106
10180,hpi_yoy_latest,2026-06,8.9516
10420,hpi_forecast_4q,2026-06,4.692
10420,hpi_forecast_4q_hi,2026-06,15.8378
10420,hpi_forecast_4q_lo,2026-06,-4.9953
10420,hpi_forecast_8q,2026-06,10.6062
10420,hpi_forecast_8q_hi,2026-06,35.0051
10420,hpi_forecast_8q_lo,2026-06,-7.676
10420,hpi_index_error,2026-06,1.25
10420,hpi_surprise_4q,2025-06,-2.2376
10420,hpi_trend_5y,2026-06,7.8998
10420,hpi_yoy_latest,2026-06,3.2297
10500,hpi_forecast_4q,2026-06,3.3361
10500,hpi_forecast_4q_hi,2026-06,14.1537
10500,hpi_forecast_4q_lo,2026-06,-6.235
10500,hpi_forecast_8q,2026-06,8.0922
10500,hpi_forecast_8q_hi,2026-06,31.4409
10500,hpi_forecast_8q_lo,2026-06,-9.5899
10500,hpi_index_error,2026-06,7.42
10500,hpi_surprise_4q,2025-06,-5.5337
10500,hpi_trend_5y,2026-06,8.1822
10500,hpi_yoy_latest,2026-06,0.5512
10540,hpi_forecast_4q,2026-06,2.4021
10540,hpi_forecast_4q_hi,2026-06,13.0069
10540,hpi_forecast_4q_lo,2026-06,-7.1289
10540,hpi_forecast_8q,2026-06,6.5579
10540,hpi_forecast_8q_hi,2026-06,29.4793
10540,hpi_forecast_8q_lo,2026-06,-10.9543
10540,hpi_index_error,2026-06,4.95
10540,hpi_surprise_4q,2025-06,-5.3147
10540,hpi_trend_5y,2026-06,5.2423
10540,hpi_yoy_latest,2026-06,-0.8086
10580,hpi_forecast_4q,2026-06,5.5825
10580,hpi_forecast_4q_hi,2026-06,17.0503
10580,hpi_forecast_4q_lo,2026-06,-4.2449
10580,hpi_forecast_8q,2026-06,12.1882
10580,hpi_forecast_8q_hi,2026-06,37.7674
10580,hpi_forecast_8q_lo,2026-06,-6.725
10580,hpi_index_error,2026-06,1.77
10580,hpi_surprise_4q,2025-06,1.4057
10580,hpi_trend_5y,2026-06,8.5983
10580,hpi_yoy_latest,2026-06,6.9633
10740,hpi_forecast_4q,2026-06,2.8291
10740,hpi_forecast_4q_hi,2026-06,13.5519
10740,hpi_forecast_4q_lo,2026-06,-6.7547
10740,hpi_forecast_8q,2026-06,7.0071
10740,hpi_forecast_8q_hi,2026-06,30.2122
10740,hpi_forecast_8q_lo,2026-06,-10.7106
10740,hpi_index_error,2026-06,1.09
10740,hpi_surprise_4q,2025-06,-2.5081
10740,hpi_trend_5y,2026-06,7.6623
10740,hpi_yoy_latest,2026-06,2.1774
10780,hpi_forecast_4q,2026-06,3.6005
10780,hpi_forecast_4q_hi,2026-06,14.5
10780,hpi_forecast_4q_lo,2026-06,-6.0103
10780,hpi_forecast_8q,2026-06,8.548
10780,hpi_forecast_8q_hi,2026-06,32.2351
10780,hpi_forecast_8q_lo,2026-06,-9.3339
10780,hpi_index_error,2026-06,5.1
10780,hpi_surprise_4q,2025-06,1.6793
10780,hpi_trend_5y,2026-06,5.0071
10780,hpi_yoy_latest,2026-06,4.8313
10900,hpi_forecast_4q,2026-06,5.5784
10900,hpi_forecast_4q_hi,2026-06,16.9948
10900,hpi_forecast_4q_lo,2026-06,-4.188
10900,hpi_forecast_8q,2026-06,12.3338
10900,hpi_forecast_8q_hi,2026-06,37.7843
10900,hpi_forecast_8q_lo,2026-06,-6.3959
10900,hpi_index_error,2026-06,1.25
10900,hpi_surprise_4q,2025-06,-0.6938
10900,hpi_trend_5y,2026-06,8.9551
10900,hpi_yoy_latest,2026-06,4.9478
11020,hpi_forecast_4q,2026-06,5.6084
11020,hpi_forecast_4q_hi,2026-06,16.9739
11020,hpi_forecast_4q_lo,2026-06,-4.1112
11020,hpi_forecast_8q,2026-06,12.1975
11020,hpi_forecast_8q_hi,2026-06,37.1626
11020,hpi_forecast_8q_lo,2026-06,-6.2807
11020,hpi_index_error,2026-06,6.47
11020,hpi_surprise_4q,2025-06,3.4037
11020,hpi_trend_5y,2026-06,6.6543
11020,hpi_yoy_latest,2026-06,8.0701
11100,hpi_forecast_4q,2026-06,3.685
11100,hpi_forecast_4q_hi,2026-06,14.6497
11100,hpi_forecast_4q_lo,2026-06,-5.9725
11100,hpi_forecast_8q,2026-06,8.8435
11100,hpi_forecast_8q_hi,2026-06,33.0853
11100,hpi_forecast_8q_lo,2026-06,-9.3534
11100,hpi_index_error,2026-06,1.99
11100,hpi_surprise_4q,2025-06,-0.4179
11100,hpi_trend_5y,2026-06,6.0237
11100,hpi_yoy_latest,2026-06,3.1042
11180,hpi_forecast_4q,2026-06,4.1918
11180,hpi_forecast_4q_hi,2026-06,15.2228
11180,hpi_forecast_4q_lo,2026-06,-5.418
11180,hpi_forecast_8q,2026-06,9.7184
11180,hpi_forecast_8q_hi,2026-06,33.7742
11180,hpi_forecast_8q_lo,2026-06,-8.2651
11180,hpi_index_error,2026-06,4.34
11180,hpi_surprise_4q,2025-06,2.0894
11180,hpi_trend_5y,2026-06,6.5658
11180,hpi_yoy_latest,2026-06,5.5783
11200,hpi_forecast_4q,2026-06,4.2426
11200,hpi_forecast_4q_hi,2026-06,15.2985
11200,hpi_forecast_4q_lo,2026-06,-5.3973
11200,hpi_forecast_8q,2026-06,9.6942
11200,hpi_forecast_8q_hi,2026-06,33.7875
11200,hpi_forecast_8q_lo,2026-06,-8.3205
11200,hpi_index_error,2026-06,3.7
11200,hpi_surprise_4q,2025-06,-3.4449
11200,hpi_trend_5y,2026-06,7.8071
11200,hpi_yoy_latest,2026-06,2.3919
11244,hpi_forecast_4q,2026-06,4.3126
11244,hpi_forecast_4q_hi,2026-06,15.4146
11244,hpi_forecast_4q_lo,2026-06,-5.3448
11244,hpi_forecast_8q,2026-06,9.6943
11244,hpi_forecast_8q_hi,2026-06,33.7648
11244,hpi_forecast_8q_lo,2026-06,-8.3436
11244,hpi_index_error,2026-06,0.61
11244,hpi_surprise_4q,2025-06,-1.7438
11244,hpi_trend_5y,2026-06,7.7856
11244,hpi_yoy_latest,2026-06,3.3451
11260,hpi_forecast_4q,2026-06,5.8413
11260,hpi_forecast_4q_hi,2026-06,17.2875
11260,hpi_forecast_4q_lo,2026-06,-3.9184
11260,hpi_forecast_8q,2026-06,12.5365
11260,hpi_forecast_8q_hi,2026-06,37.7287
11260,hpi_forecast_8q_lo,2026-06,-6.0827
11260,hpi_index_error,2026-06,1.93
11260,hpi_surprise_4q,2025-06,-0.4486
11260,hpi_trend_5y,2026-06,6.6658
11260,hpi_yoy_latest,2026-06,4.5273
11460,hpi_forecast_4q,2026-06,3.9304
11460,hpi_forecast_4q_hi,2026-06,14.9091
11460,hpi_forecast_4q_lo,2026-06,-5.6886
11460,hpi_forecast_8q,2026-06,9.1542
11460,hpi_forecast_8q_hi,2026-06,33.1313
11460,hpi_forecast_8q_lo,2026-06,-8.789
11460,hpi_index_error,2026-06,1.89
11460,hpi_surprise_4q,2025-06,-1.2637
11460,hpi_trend_5y,2026-06,7.0109
11460,hpi_yoy_latest,2026-06,3.3501
11500,hpi_forecast_4q,2026-06,5.1696
11500,hpi_forecast_4q_hi,2026-06,16.5188
11500,hpi_forecast_4q_lo,2026-06,-4.6047
11500,hpi_forecast_8q,2026-06,11.3117
11500,hpi_forecast_8q_hi,2026-06,36.3607
11500,hpi_forecast_8q_lo,2026-06,-7.2697
11500,hpi_index_error,2026-06,8.98
11500,hpi_surprise_4q,2025-06,9.182
11500,hpi_trend_5y,2026-06,8.6509
11500,hpi_yoy_latest,2026-06,12.0001
11540,hpi_forecast_4q,2026-06,5.4444
11540,hpi_forecast_4q_hi,2026-06,16.8369
11540,hpi_forecast_4q_lo,2026-06,-4.3408
11540,hpi_forecast_8q,2026-06,11.7388
11540,hpi_forecast_8q_hi,2026-06,37.0543
11540,hpi_forecast_8q_lo,2026-06,-7.068
11540,hpi_index_error,2026-06,2.48
11540,hpi_surprise_4q,2025-06,-0.8323
11540,hpi_trend_5y,2026-06,9.4121
11540,hpi_yoy_latest,2026-06,5.0746
11694,hpi_forecast_4q,2026-06,3.7416
11694,hpi_forecast_4q_hi,2026-06,14.7091
11694,hpi_forecast_4q_lo,2026-06,-5.9066
11694,hpi_forecast_8q,2026-06,8.8975
11694,hpi_forecast_8q_hi,2026-06,33.1078
11694,hpi_forecast_8q_lo,2026-06,-9.2438
11694,hpi_index_error,2026-06,0.36
11694,hpi_surprise_4q,2025-06,-2.834
11694,hpi_trend_5y,2026-06,6.0115
11694,hpi_yoy_latest,2026-06,2.6268
11700,hpi_forecast_4q,2026-06,1.134
11700,hpi_forecast_4q_hi,2026-06,11.5279
11700,hpi_forecast_4q_lo,2026-06,-8.3781
11700,hpi_forecast_8q,2026-06,3.7587
11700,hpi_forecast_8q_hi,2026-06,26.0736
11700,hpi_forecast_8q_lo,2026-06,-13.5355
11700,hpi_index_error,2026-06,1.93
11700,hpi_surprise_4q,2025-06,-2.8847
11700,hpi_trend_5y,2026-06,7.7547
11700,hpi_yoy_latest,2026-06,1.3603
12020,hpi_forecast_4q,2026-06,2.6831
12020,hpi_forecast_4q_hi,2026-06,13.3998
12020,hpi_forecast_4q_lo,2026-06,-6.9215
12020,hpi_forecast_8q,2026-06,6.4297
12020,hpi_forecast_8q_hi,2026-06,29.4669
12020,hpi_forecast_8q_lo,2026-06,-11.2712
12020,hpi_index_error,2026-06,2.22
12020,hpi_surprise_4q,2025-06,-4.7915
12020,hpi_trend_5y,2026-06,9.1388
12020,hpi_yoy_latest,2026-06,1.012
12054,hpi_forecast_4q,2026-06,1.9237
12054,hpi_forecast_4q_hi,2026-06,12.4287
12054,hpi_forecast_4q_lo,2026-06,-7.5861
12054,hpi_forecast_8q,2026-06,5.497
12054,hpi_forecast_8q_hi,2026-06,28.1876
12054,hpi_forecast_8q_lo,2026-06,-11.9532
12054,hpi_index_error,2026-06,0.38
12054,hpi_surprise_4q,2025-06,-2.6469
12054,hpi_trend_5y,2026-06,7.3649
12054,hpi_yoy_latest,2026-06,1.0387
12100,hpi_forecast_4q,2026-06,5.834
12100,hpi_forecast_4q_hi,2026-06,17.3608
12100,hpi_forecast_4q_lo,2026-06,-3.9899
12100,hpi_forecast_8q,2026-06,12.3775
12100,hpi_forecast_8q_hi,2026-06,37.9217
12100,hpi_forecast_8q_lo,2026-06,-6.4934
12100,hpi_index_error,2026-06,1.73
12100,hpi_surprise_4q,2025-06,-0.1689
12100,hpi_trend_5y,2026-06,11.0535
12100,hpi_yoy_latest,2026-06,6.1596
12220,hpi_forecast_4q,2026-06,4.0123
12220,hpi_forecast_4q_hi,2026-06,15.0969
12220,hpi_forecast_4q_lo,2026-06,-5.716
12220,hpi_forecast_8q,2026-06,9.0903
12220,hpi_forecast_8q_hi,2026-06,33.6355
12220,hpi_forecast_8q_lo,2026-06,-9.386
12220,hpi_index_error,2026-06,3.3
12220,hpi_surprise_4q,2025-06,-5.6213
12220,hpi_trend_5y,2026-06,7.7888
12220,hpi_yoy_latest,2026-06,1.2545
12260,hpi_forecast_4q,2026-06,4.0958
12260,hpi_forecast_4q_hi,2026-06,15.1775
12260,hpi_forecast_4q_lo,2026-06,-5.6231
12260,hpi_forecast_8q,2026-06,9.4041
12260,hpi_forecast_8q_hi,2026-06,34.0174
12260,hpi_forecast_8q_lo,2026-06,-9.0844
12260,hpi_index_error,2026-06,1.15
12260,hpi_surprise_4q,2025-06,0.3779
12260,hpi_trend_5y,2026-06,8.3274
12260,hpi_yoy_latest,2026-06,5.01
12420,hpi_forecast_4q,2026-06,-0.2716
12420,hpi_forecast_4q_hi,2026-06,9.7245
12420,hpi_forecast_4q_lo,2026-06,-9.6634
12420,hpi_forecast_8q,2026-06,1.525
12420,hpi_forecast_8q_hi,2026-06,22.9065
12420,hpi_forecast_8q_lo,2026-06,-15.4216
12420,hpi_index_error,2026-06,1.16
12420,hpi_surprise_4q,2025-06,-0.9272
12420,hpi_trend_5y,2026-06,2.8786
12420,hpi_yoy_latest,2026-06,0.3369
12540,hpi_forecast_4q,2026-06,2.361
12540,hpi_forecast_4q_hi,2026-06,12.9368
12540,hpi_forecast_4q_lo,2026-06,-7.1672
12540,hpi_forecast_8q,2026-06,5.9814
12540,hpi_forecast_8q_hi,2026-06,28.5736
12540,hpi_forecast_8q_lo,2026-06,-11.4372
12540,hpi_index_error,2026-06,1.13
12540,hpi_surprise_4q,2025-06,-3.5083
12540,hpi_trend_5y,2026-06,6.309
12540,hpi_yoy_latest,2026-06,0.4684
12580,hpi_forecast_4q,2026-06,3.301
12580,hpi_forecast_4q_hi,2026-06,14.1299
12580,hpi_forecast_4q_lo,2026-06,-6.306
12580,hpi_forecast_8q,2026-06,7.8904
12580,hpi_forecast_8q_hi,2026-06,31.3729
12580,hpi_forecast_8q_lo,2026-06,-9.9117
12580,hpi_index_error,2026-06,0.57
12580,hpi_surprise_4q,2025-06,-1.9155
12580,hpi_trend_5y,2026-06,5.6722
12580,hpi_yoy_latest,2026-06,2.7251
12620,hpi_forecast_4q,2026-06,2.4372
12620,hpi_forecast_4q_hi,2026-06,13.0956
12620,hpi_forecast_4q_lo,2026-06,-7.1588
12620,hpi_forecast_8q,2026-06,6.4556
12620,hpi_forecast_8q_hi,2026-06,29.6974
12620,hpi_forecast_8q_lo,2026-06,-11.3275
12620,hpi_index_error,2026-06,4.62
12620,hpi_surprise_4q,2025-06,-6.8653
12620,hpi_trend_5y,2026-06,9.2483
12620,hpi_yoy_latest,2026-06,-0.5402
12700,hpi_forecast_4q,2026-06,4.1379
12700,hpi_forecast_4q_hi,2026-06,15.2074
12700,hpi_forecast_4q_lo,2026-06,-5.5856
12700,hpi_forecast_8q,2026-06,9.3134
12700,hpi_forecast_8q_hi,2026-06,33.5204
12700,hpi_forecast_8q_lo,2026-06,-8.9688
12700,hpi_index_error,2026-06,1.92
12700,hpi_surprise_4q,2025-06,-0.0119
12700,hpi_trend_5y,2026-06,8.9123
12700,hpi_yoy_latest,2026-06,4.326
12940,hpi_forecast_4q,2026-06,3.1638
12940,hpi_forecast_4q_hi,2026-06,14.0252
12940,hpi_forecast_4q_lo,2026-06,-6.5037
12940,hpi_forecast_8q,2026-06,7.541
12940,hpi_forecast_8q_hi,2026-06,31.2651
12940,hpi_forecast_8q_lo,2026-06,-10.5036
12940,hpi_index_error,2026-06,1.63
12940,hpi_surprise_4q,2025-06,-0.9835
12940,hpi_trend_5y,2026-06,4.4648
12940,hpi_yoy_latest,2026-06,2.8196
12980,hpi_forecast_4q,2026-06,5.5937
12980,hpi_forecast_4q_hi,2026-06,16.9856
12980,hpi_forecast_4q_lo,2026-06,-4.158
12980,hpi_forecast_8q,2026-06,12.1556
12980,hpi_forecast_8q_hi,2026-06,37.2052
12980,hpi_forecast_8q_lo,2026-06,-6.3939
12980,hpi_index_error,2026-06,4.47
12980,hpi_surprise_4q,2025-06,4.5602
12980,hpi_trend_5y,2026-06,8.2528
12980,hpi_yoy_latest,2026-06,8.8812
13020,hpi_forecast_4q,2026-06,4.8315
13020,hpi_forecast_4q_hi,2026-06,16.0466
13020,hpi_forecast_4q_lo,2026-06,-4.8702
13020,hpi_forecast_8q,2026-06,10.7999
13020,hpi_forecast_8q_hi,2026-06,35.3356
13020,hpi_forecast_8q_lo,2026-06,-7.5261
13020,hpi_index_error,2026-06,7.66
13020,hpi_surprise_4q,2025-06,0.7593
13020,hpi_trend_5y,2026-06,8.5898
13020,hpi_yoy_latest,2026-06,5.1374
13140,hpi_forecast_4q,2026-06,3.7012
13140,hpi_forecast_4q_hi,2026-06,14.5974
13140,hpi_forecast_4q_lo,2026-06,-5.9121
13140,hpi_forecast_8q,2026-06,8.4939
13140,hpi_forecast_8q_hi,2026-06,31.9544
13140,hpi_forecast_8q_lo,2026-06,-9.3533
13140,hpi_index_error,2026-06,2.07
13140,hpi_surprise_4q,2025-06,-1.0043
13140,hpi_trend_5y,2026-06,5.9129
13140,hpi_yoy_latest,2026-06,3.3584
13220,hpi_forecast_4q,2026-06,4.1781
13220,hpi_forecast_4q_hi,2026-06,15.212
13220,hpi_forecast_4q_lo,2026-06,-5.4755
13220,hpi_forecast_8q,2026-06,9.5112
13220,hpi_forecast_8q_hi,2026-06,33.3936
13220,hpi_forecast_8q_lo,2026-06,-8.486
13220,hpi_index_error,2026-06,11.33
13220,hpi_surprise_4q,2025-06,5.8601
13220,hpi_trend_5y,2026-06,8.8521
13220,hpi_yoy_latest,2026-06,9.9882
13380,hpi_forecast_4q,2026-06,2.8477
13380,hpi_forecast_4q_hi,2026-06,13.6236
13380,hpi_forecast_4q_lo,2026-06,-6.7804
13380,hpi_forecast_8q,2026-06,7.2655
13380,hpi_forecast_8q_hi,2026-06,30.9539
13380,hpi_forecast_8q_lo,2026-06,-10.743
13380,hpi_index_error,2026-06,1.98
13380,hpi_surprise_4q,2025-06,-4.4761
13380,hpi_trend_5y,2026-06,6.0837
13380,hpi_yoy_latest,2026-06,0.4857
13460,hpi_forecast_4q,2026-06,1.2834
13460,hpi_forecast_4q_hi,2026-06,11.7868
13460,hpi_forecast_4q_lo,2026-06,-8.3473
13460,hpi_forecast_8q,2026-06,3.9033
13460,hpi_forecast_8q_hi,2026-06,26.9045
13460,hpi_forecast_8q_lo,2026-06,-13.9399
13460,hpi_index_error,2026-06,1.41
13460,hpi_surprise_4q,2025-06,-2.6544
13460,hpi_trend_5y,2026-06,5.2639
13460,hpi_yoy_latest,2026-06,0.6511
13740,hpi_forecast_4q,2026-06,3.8177
13740,hpi_forecast_4q_hi,2026-06,14.8572
13740,hpi_forecast_4q_lo,2026-06,-5.9018
13740,hpi_forecast_8q,2026-06,8.8825
13740,hpi_forecast_8q_hi,2026-06,33.414
13740,hpi_forecast_8q_lo,2026-06,-9.5275
13740,hpi_index_error,2026-06,3.0
13740,hpi_surprise_4q,2025-06,0.9978
13740,hpi_trend_5y,2026-06,7.0947
13740,hpi_yoy_latest,2026-06,4.4085
13780,hpi_forecast_4q,2026-06,4.3387
13780,hpi_forecast_4q_hi,2026-06,15.4486
13780,hpi_forecast_4q_lo,2026-06,-5.3509
13780,hpi_forecast_8q,2026-06,9.809
13780,hpi_forecast_8q_hi,2026-06,34.1116
13780,hpi_forecast_8q_lo,2026-06,-8.4034
13780,hpi_index_error,2026-06,4.75
13780,hpi_surprise_4q,2025-06,-4.8895
13780,hpi_trend_5y,2026-06,8.5792
13780,hpi_yoy_latest,2026-06,1.7879
13820,hpi_forecast_4q,2026-06,3.518
13820,hpi_forecast_4q_hi,2026-06,14.395
13820,hpi_forecast_4q_lo,2026-06,-6.0982
13820,hpi_forecast_8q,2026-06,8.3561
13820,hpi_forecast_8q_hi,2026-06,31.987
13820,hpi_forecast_8q_lo,2026-06,-9.569
13820,hpi_index_error,2026-06,0.94
13820,hpi_surprise_4q,2025-06,-0.7095
13820,hpi_trend_5y,2026-06,6.7867
13820,hpi_yoy_latest,2026-06,3.4135
13900,hpi_forecast_4q,2026-06,5.2239
13900,hpi_forecast_4q_hi,2026-06,16.5229
13900,hpi_forecast_4q_lo,2026-06,-4.5038
13900,hpi_forecast_8q,2026-06,11.6473
13900,hpi_forecast_8q_hi,2026-06,36.8596
13900,hpi_forecast_8q_lo,2026-06,-6.9786
13900,hpi_index_error,2026-06,3.33
13900,hpi_surprise_4q,2025-06,1.8768
13900,hpi_trend_5y,2026-06,5.9957
13900,hpi_yoy_latest,2026-06,6.1511
13980,hpi_forecast_4q,2026-06,4.2998
13980,hpi_forecast_4q_hi,2026-06,15.3947
13980,hpi_forecast_4q_lo,2026-06,-5.374
13980,hpi_forecast_8q,2026-06,9.796
13980,hpi_forecast_8q_hi,2026-06,34.1318
13980,hpi_forecast_8q_lo,2026-06,-8.4228
13980,hpi_index_error,2026-06,5.03
13980,hpi_surprise_4q,2025-06,1.5269
13980,hpi_trend_5y,2026-06,7.8044
13980,hpi_yoy_latest,2026-06,5.6536
14010,hpi_forecast_4q,2026-06,5.995
14010,hpi_forecast_4q_hi,2026-06,17.4666
14010,hpi_forecast_4q_lo,2026-06,-3.7459
14010,hpi_forecast_8q,2026-06,12.8521
14010,hpi_forecast_8q_hi,2026-06,38.0642
14010,hpi_forecast_8q_lo,2026-06,-5.7265
14010,hpi_index_error,2026-06,1.15
14010,hpi_surprise_4q,2025-06,4.3962
14010,hpi_trend_5y,2026-06,8.7564
14010,hpi_yoy_latest,2026-06,8.7138
14020,hpi_forecast_4q,2026-06,1.4559
14020,hpi_forecast_4q_hi,2026-06,11.9022
14020,hpi_forecast_4q_lo,2026-06,-8.0597
14020,hpi_forecast_8q,2026-06,4.5135
14020,hpi_forecast_8q_hi,2026-06,27.0327
14020,hpi_forecast_8q_lo,2026-06,-12.8723
14020,hpi_index_error,2026-06,3.64
14020,hpi_surprise_4q,2025-06,-4.4683
14020,hpi_trend_5y,2026-06,6.0016
14020,hpi_yoy_latest,2026-06,0.4009
14260,hpi_forecast_4q,2026-06,3.1407
14260,hpi_forecast_4q_hi,2026-06,14.0551
14260,hpi_forecast_4q_lo,2026-06,-6.6358
14260,hpi_forecast_8q,2026-06,7.4325
14260,hpi_forecast_8q_hi,2026-06,31.8942
14260,hpi_forecast_8q_lo,2026-06,-11.3051
14260,hpi_index_error,2026-06,1.25
14260,hpi_surprise_4q,2025-06,-0.6521
14260,hpi_trend_5y,2026-06,4.6774
14260,hpi_yoy_latest,2026-06,3.6516
14454,hpi_forecast_4q,2026-06,4.407
14454,hpi_forecast_4q_hi,2026-06,15.4753
14454,hpi_forecast_4q_lo,2026-06,-5.2291
14454,hpi_forecast_8q,2026-06,9.9672
14454,hpi_forecast_8q_hi,2026-06,34.0112
14454,hpi_forecast_8q_lo,2026-06,-8.0449
14454,hpi_index_error,2026-06,1.0
14454,hpi_surprise_4q,2025-06,-1.9061
14454,hpi_trend_5y,2026-06,6.9208
14454,hpi_yoy_latest,2026-06,3.2043
14500,hpi_forecast_4q,2026-06,1.4342
14500,hpi_forecast_4q_hi,2026-06,11.8686
14500,hpi_forecast_4q_lo,2026-06,-8.0453
14500,hpi_forecast_8q,2026-06,4.4646
14500,hpi_forecast_8q_hi,2026-06,26.9105
14500,hpi_forecast_8q_lo,2026-06,-12.7608
14500,hpi_index_error,2026-06,1.15
14500,hpi_surprise_4q,2025-06,-5.3438
14500,hpi_trend_5y,2026-06,4.1441
14500,hpi_yoy_latest,2026-06,-2.2589
14540,hpi_forecast_4q,2026-06,3.1503
14540,hpi_forecast_4q_hi,2026-06,13.9532
14540,hpi_forecast_4q_lo,2026-06,-6.4883
14540,hpi_forecast_8q,2026-06,7.7093
14540,hpi_forecast_8q_hi,2026-06,31.6421
14540,hpi_forecast_8q_lo,2026-06,-10.5003
14540,hpi_index_error,2026-06,5.7
14540,hpi_surprise_4q,2025-06,-1.8207
14540,hpi_trend_5y,2026-06,7.735
14540,hpi_yoy_latest,2026-06,2.8287
14580,hpi_forecast_4q,2026-06,1.5986
14580,hpi_forecast_4q_hi,2026-06,12.0838
14580,hpi_forecast_4q_lo,2026-06,-7.973
14580,hpi_forecast_8q,2026-06,4.5026
14580,hpi_forecast_8q_hi,2026-06,27.2186
14580,hpi_forecast_8q_lo,2026-06,-13.1523
14580,hpi_index_error,2026-06,6.37
14580,hpi_surprise_4q,2025-06,0.9232
14580,hpi_trend_5y,2026-06,7.3128
14580,hpi_yoy_latest,2026-06,4.1267
14740,hpi_forecast_4q,2026-06,2.7177
14740,hpi_forecast_4q_hi,2026-06,13.4682
14740,hpi_forecast_4q_lo,2026-06,-6.9256
14740,hpi_forecast_8q,2026-06,6.8085
14740,hpi_forecast_8q_hi,2026-06,30.4298
14740,hpi_forecast_8q_lo,2026-06,-11.2291
14740,hpi_index_error,2026-06,1.47
14740,hpi_surprise_4q,2025-06,-4.3911
14740,hpi_trend_5y,2026-06,4.6886
14740,hpi_yoy_latest,2026-06,0.1262
14860,hpi_forecast_4q,2026-06,5.9677
14860,hpi_forecast_4q_hi,2026-06,17.5032
14860,hpi_forecast_4q_lo,2026-06,-3.8295
14860,hpi_forecast_8q,2026-06,12.8204
14860,hpi_forecast_8q_hi,2026-06,38.5047
14860,hpi_forecast_8q_lo,2026-06,-6.0362
14860,hpi_index_error,2026-06,1.31
14860,hpi_surprise_4q,2025-06,-1.1956
14860,hpi_trend_5y,2026-06,8.9173
14860,hpi_yoy_latest,2026-06,5.1482
15180,hpi_forecast_4q,2026-06,2.646
15180,hpi_forecast_4q_hi,2026-06,13.3426
15180,hpi_forecast_4q_lo,2026-06,-6.9047
15180,hpi_forecast_8q,2026-06,6.7217
15180,hpi_forecast_8q_hi,2026-06,29.9458
15180,hpi_forecast_8q_lo,2026-06,-10.9194
15180,hpi_index_error,2026-06,4.39
15180,hpi_surprise_4q,2025-06,2.3705
15180,hpi_trend_5y,2026-06,8.1126
15180,hpi_yoy_latest,2026-06,4.3653
15260,hpi_forecast_4q,2026-06,1.9768
15260,hpi_forecast_4q_hi,2026-06,12.494
15260,hpi_forecast_4q_lo,2026-06,-7.572
15260,hpi_forecast_8q,2026-06,5.4875
15260,hpi_forecast_8q_hi,2026-06,28.3561
15260,hpi_forecast_8q_lo,2026-06,-12.1383
15260,hpi_index_error,2026-06,4.73
15260,hpi_surprise_4q,2025-06,-11.362
15260,hpi_trend_5y,2026-06,8.2131
15260,hpi_yoy_latest,2026-06,-4.9023
15380,hpi_forecast_4q,2026-06,6.0452
15380,hpi_forecast_4q_hi,2026-06,17.5366
15380,hpi_forecast_4q_lo,2026-06,-3.7325
15380,hpi_forecast_8q,2026-06,13.0106
15380,hpi_forecast_8q_hi,2026-06,38.3405
15380,hpi_forecast_8q_lo,2026-06,-5.6927
15380,hpi_index_error,2026-06,1.62
15380,hpi_surprise_4q,2025-06,-1.4338
15380,hpi_trend_5y,2026-06,8.5585
15380,hpi_yoy_latest,2026-06,4.3613
15500,hpi_forecast_4q,2026-06,3.4871
15500,hpi_forecast_4q_hi,2026-06,14.4802
15500,hpi_forecast_4q_lo,2026-06,-6.2816
15500,hpi_forecast_8q,2026-06,8.0495
15500,hpi_forecast_8q_hi,2026-06,32.6914
15500,hpi_forecast_8q_lo,2026-06,-10.701
15500,hpi_index_error,2026-06,4.07
15500,hpi_surprise_4q,2025-06,1.4244
15500,hpi_trend_5y,2026-06,9.5611
15500,hpi_yoy_latest,2026-06,5.4011
15540,hpi_forecast_4q,2026-06,2.4233
15540,hpi_forecast_4q_hi,2026-06,13.0699
15540,hpi_forecast_4q_lo,2026-06,-7.1314
15540,hpi_forecast_8q,2026-06,6.2033
15540,hpi_forecast_8q_hi,2026-06,29.203
15540,hpi_forecast_8q_lo,2026-06,-11.3824
15540,hpi_index_error,2026-06,2.39
15540,hpi_surprise_4q,2025-06,-3.6333
15540,hpi_trend_5y,2026-06,8.2855
15540,hpi_yoy_latest,2026-06,0.8423
15764,hpi_forecast_4q,2026-06,3.8384
15764,hpi_forecast_4q_hi,2026-06,14.7485
15764,hpi_forecast_4q_lo,2026-06,-5.7438
15764,hpi_forecast_8q,2026-06,8.9507
15764,hpi_forecast_8q_hi,2026-06,32.636
15764,hpi_forecast_8q_lo,2026-06,-8.9217
15764,hpi_index_error,2026-06,0.84
15764,hpi_surprise_4q,2025-06,-2.4369
15764,hpi_trend_5y,2026-06,6.9084
15764,hpi_yoy_latest,2026-06,2.8464
15804,hpi_forecast_4q,2026-06,5.5599
15804,hpi_forecast_4q_hi,2026-06,16.9447
15804,hpi_forecast_4q_lo,2026-06,-4.1998
15804,hpi_forecast_8q,2026-06,12.1785
15804,hpi_forecast_8q_hi,2026-06,37.4267
15804,hpi_forecast_8q_lo,2026-06,-6.5227
15804,hpi_index_error,2026-06,0.8
15804,hpi_surprise_4q,2025-06,-1.3747
15804,hpi_trend_5y,2026-06,10.31
15804,hpi_yoy_latest,2026-06,4.6534
15940,hpi_forecast_4q,2026-06,6.1717
15940,hpi_forecast_4q_hi,2026-06,17.7517
15940,hpi_forecast_4q_lo,2026-06,-3.6686
15940,hpi_forecast_8q,2026-06,13.2212
15940,hpi_forecast_8q_hi,2026-06,39.0273
15940,hpi_forecast_8q_lo,2026-06,-5.7628
15940,hpi_index_error,2026-06,1.62
15940,hpi_surprise_4q,2025-06,1.3887
15940,hpi_trend_5y,2026-06,8.3101
15940,hpi_yoy_latest,2026-06,6.8387
15980,hpi_forecast_4q,2026-06,-0.7993
15980,hpi_forecast_4q_hi,2026-06,9.1752
15980,hpi_forecast_4q_lo,2026-06,-10.2247
15980,hpi_forecast_8q,2026-06,0.4571
15980,hpi_forecast_8q_hi,2026-06,22.0209
15980,hpi_forecast_8q_lo,2026-06,-16.6074
15980,hpi_index_error,2026-06,1.1
15980,hpi_surprise_4q,2025-06,0.1867
15980,hpi_trend_5y,2026-06,5.0325
15980,hpi_yoy_latest,2026-06,-0.8971
16020,hpi_forecast_4q,2026-06,4.8275
16020,hpi_forecast_4q_hi,2026-06,15.9688
16020,hpi_forecast_4q_lo,2026-06,-4.8306
16020,hpi_forecast_8q,2026-06,11.1323
16020,hpi_forecast_8q_hi,2026-06,35.7888
16020,hpi_forecast_8q_lo,2026-06,-7.1958
16020,hpi_index_error,2026-06,4.44
16020,hpi_surprise_4q,2025-06,-0.198
16020,hpi_trend_5y,2026-06,6.8031
16020,hpi_yoy_latest,2026-06,4.7053
16180,hpi_forecast_4q,2026-06,2.6717
16180,hpi_forecast_4q_hi,2026-06,13.4462
16180,hpi_forecast_4q_lo,2026-06,-7.0067
16180,hpi_forecast_8q,2026-06,6.4775
16180,hpi_forecast_8q_hi,2026-06,30.1198
16180,hpi_forecast_8q_lo,2026-06,-11.6851
16180,hpi_index_error,2026-06,3.47
16180,hpi_surprise_4q,2025-06,-1.197
16180,hpi_trend_5y,2026-06,5.0154
16180,hpi_yoy_latest,2026-06,2.2402
16220,hpi_forecast_4q,2026-06,3.0205
16220,hpi_forecast_4q_hi,2026-06,13.7975
16220,hpi_forecast_4q_lo,2026-06,-6.5702
16220,hpi_forecast_8q,2026-06,7.7269
16220,hpi_forecast_8q_hi,2026-06,31.3871
16220,hpi_forecast_8q_lo,2026-06,-10.1639
16220,hpi_index_error,2026-06,2.68
16220,hpi_surprise_4q,2025-06,-4.9774
16220,hpi_trend_5y,2026-06,6.8849
16220,hpi_yoy_latest,2026-06,0.9819
16300,hpi_forecast_4q,2026-06,5.2142
16300,hpi_forecast_4q_hi,2026-06,16.5348
16300,hpi_forecast_4q_lo,2026-06,-4.531
16300,hpi_forecast_8q,2026-06,11.6008
16300,hpi_forecast_8q_hi,2026-06,36.7119
16300,hpi_forecast_8q_lo,2026-06,-7.0389
16300,hpi_index_error,2026-06,1.84
16300,hpi_surprise_4q,2025-06,0.6098
16300,hpi_trend_5y,2026-06,6.202
16300,hpi_yoy_latest,2026-06,4.8526
16540,hpi_forecast_4q,2026-06,3.8256
16540,hpi_forecast_4q_hi,2026-06,14.8404
16540,hpi_forecast_4q_lo,2026-06,-5.8799
16540,hpi_forecast_8q,2026-06,8.877
16540,hpi_forecast_8q_hi,2026-06,33.1435
16540,hpi_forecast_8q_lo,2026-06,-9.5099
16540,hpi_index_error,2026-06,3.97
16540,hpi_surprise_4q,2025-06,-1.5388
16540,hpi_trend_5y,2026-06,7.5585
16540,hpi_yoy_latest,2026-06,3.3577
16580,hpi_forecast_4q,2026-06,6.6674
16580,hpi_forecast_4q_hi,2026-06,18.3766
16580,hpi_forecast_4q_lo,2026-06,-3.1583
16580,hpi_forecast_8q,2026-06,14.1218
16580,hpi_forecast_8q_hi,2026-06,40.3041
16580,hpi_forecast_8q_lo,2026-06,-4.8992
16580,hpi_index_error,2026-06,2.99
16580,hpi_surprise_4q,2025-06,-0.1843
16580,hpi_trend_5y,2026-06,8.0786
16580,hpi_yoy_latest,2026-06,5.3864
16620,hpi_forecast_4q,2026-06,4.3362
16620,hpi_forecast_4q_hi,2026-06,15.4444
16620,hpi_forecast_4q_lo,2026-06,-5.3597
16620,hpi_forecast_8q,2026-06,9.8813
16620,hpi_forecast_8q_hi,2026-06,34.1371
16620,hpi_forecast_8q_lo,2026-06,-8.3111
16620,hpi_index_error,2026-06,5.02
16620,hpi_surprise_4q,2025-06,6.4998
16620,hpi_trend_5y,2026-06,6.9823
16620,hpi_yoy_latest,2026-06,10.5361
16700,hpi_forecast_4q,2026-06,3.359
16700,hpi_forecast_4q_hi,2026-06,14.278
16700,hpi_forecast_4q_lo,2026-06,-6.3628
16700,hpi_forecast_8q,2026-06,7.9787
16700,hpi_forecast_8q_hi,2026-06,32.3426
16700,hpi_forecast_8q_lo,2026-06,-10.5413
16700,hpi_index_error,2026-06,0.98
16700,hpi_surprise_4q,2025-06,-0.6736
16700,hpi_trend_5y,2026-06,10.0797
16700,hpi_yoy_latest,2026-06,4.7309
16740,hpi_forecast_4q,2026-06,2.7447
16740,hpi_forecast_4q_hi,2026-06,13.5252
16740,hpi_forecast_4q_lo,2026-06,-6.9344
16740,hpi_forecast_8q,2026-06,6.9689
16740,hpi_forecast_8q_hi,2026-06,30.9291
16740,hpi_forecast_8q_lo,2026-06,-11.3074
16740,hpi_index_error,2026-06,0.57
16740,hpi_surprise_4q,2025-06,-3.3905
16740,hpi_trend_5y,2026-06,8.4382
16740,hpi_yoy_latest,2026-06,1.4513
16820,hpi_forecast_4q,2026-06,3.3103
16820,hpi_forecast_4q_hi,2026-06,14.265
16820,hpi_forecast_4q_lo,2026-06,-6.3899
16820,hpi_forecast_8q,2026-06,7.702
16820,hpi_forecast_8q_hi,2026-06,31.8776
16820,hpi_forecast_8q_lo,2026-06,-10.6137
16820,hpi_index_error,2026-06,2.11
16820,hpi_surprise_4q,2025-06,-2.5025
16820,hpi_trend_5y,2026-06,8.0008
16820,hpi_yoy_latest,2026-06,3.0499
16860,hpi_forecast_4q,2026-06,2.7879
16860,hpi_forecast_4q_hi,2026-06,13.5116
16860,hpi_forecast_4q_lo,2026-06,-6.8153
16860,hpi_forecast_8q,2026-06,7.1533
16860,hpi_forecast_8q_hi,2026-06,30.6466
16860,hpi_forecast_8q_lo,2026-06,-10.7661
16860,hpi_index_error,2026-06,1.25
16860,hpi_surprise_4q,2025-06,-2.4478
16860,hpi_trend_5y,2026-06,8.6645
16860,hpi_yoy_latest,2026-06,1.9167
16940,hpi_forecast_4q,2026-06,5.6765
16940,hpi_forecast_4q_hi,2026-06,17.1823
16940,hpi_forecast_4q_lo,2026-06,-4.188
16940,hpi_forecast_8q,2026-06,12.4452
16940,hpi_forecast_8q_hi,2026-06,38.5993
16940,hpi_forecast_8q_lo,2026-06,-6.8504
16940,hpi_index_error,2026-06,2.79
16940,hpi_surprise_4q,2025-06,-0.1903
16940,hpi_trend_5y,2026-06,6.6014
16940,hpi_yoy_latest,2026-06,5.1567
16984,hpi_forecast_4q,2026-06,6.1269
16984,hpi_forecast_4q_hi,2026-06,17.6904
16984,hpi_forecast_4q_lo,2026-06,-3.669
16984,hpi_forecast_8q,2026-06,13.2292
16984,hpi_forecast_8q_hi,2026-06,39.0063
16984,hpi_forecast_8q_lo,2026-06,-5.6236
16984,hpi_index_error,2026-06,0.4
16984,hpi_surprise_4q,2025-06,-0.1196
16984,hpi_trend_5y,2026-06,7.7865
16984,hpi_yoy_latest,2026-06,6.2027
17020,hpi_forecast_4q,2026-06,0.9532
17020,hpi_forecast_4q_hi,2026-06,11.2984
17020,hpi_forecast_4q_lo,2026-06,-8.5665
17020,hpi_forecast_8q,2026-06,3.5261
17020,hpi_forecast_8q_hi,2026-06,25.8227
17020,hpi_forecast_8q_lo,2026-06,-13.804
17020,hpi_index_error,2026-06,2.85
17020,hpi_surprise_4q,2025-06,-5.6764
17020,hpi_trend_5y,2026-06,2.4941
17020,hpi_yoy_latest,2026-06,-2.0926
17140,hpi_forecast_4q,2026-06,4.409
17140,hpi_forecast_4q_hi,2026-06,15.5252
17140,hpi_forecast_4q_lo,2026-06,-5.2496
17140,hpi_forecast_8q,2026-06,10.162
17140,hpi_forecast_8q_hi,2026-06,34.5985
17140,hpi_forecast_8q_lo,2026-06,-8.0656
17140,hpi_index_error,2026-06,0.54
17140,hpi_surprise_4q,2025-06,-1.7899
17140,hpi_trend_5y,2026-06,8.4332
17140,hpi_yoy_latest,2026-06,3.768
17300,hpi_forecast_4q,2026-06,2.6056
17300,hpi_forecast_4q_hi,2026-06,13.3166
17300,hpi_forecast_4q_lo,2026-06,-6.9742
17300,hpi_forecast_8q,2026-06,6.5565
17300,hpi_forecast_8q_hi,2026-06,29.8952
17300,hpi_forecast_8q_lo,2026-06,-11.2382
17300,hpi_index_error,2026-06,3.61
17300,hpi_surprise_4q,2025-06,-2.7427
17300,hpi_trend_5y,2026-06,8.3531
17300,hpi_yoy_latest,2026-06,2.1333
17410,hpi_forecast_4q,2026-06,5.6266
17410,hpi_forecast_4q_hi,2026-06,17.0541
17410,hpi_forecast_4q_lo,2026-06,-4.1576
17410,hpi_forecast_8q,2026-06,12.1848
17410,hpi_forecast_8q_hi,2026-06,37.4655
17410,hpi_forecast_8q_lo,2026-06,-6.53
17410,hpi_index_error,2026-06,0.68
17410,hpi_surprise_4q,2025-06,-2.2235
17410,hpi_trend_5y,2026-06,8.1655
17410,hpi_yoy_latest,2026-06,4.3502
17420,hpi_forecast_4q,2026-06,3.5408
17420,hpi_forecast_4q_hi,2026-06,14.5092
17420,hpi_forecast_4q_lo,2026-06,-6.1882
17420,hpi_forecast_8q,2026-06,8.3689
17420,hpi_forecast_8q_hi,2026-06,32.7726
17420,hpi_forecast_8q_lo,2026-06,-10.1364
17420,hpi_index_error,2026-06,2.99
17420,hpi_surprise_4q,2025-06,1.5482
17420,hpi_trend_5y,2026-06,9.1679
17420,hpi_yoy_latest,2026-06,5.3209
17660,hpi_forecast_4q,2026-06,4.0043
17660,hpi_forecast_4q_hi,2026-06,15.1272
17660,hpi_forecast_4q_lo,2026-06,-5.8094
17660,hpi_forecast_8q,2026-06,9.1987
17660,hpi_forecast_8q_hi,2026-06,34.3708
17660,hpi_forecast_8q_lo,2026-06,-9.7699
17660,hpi_index_error,2026-06,3.24
17660,hpi_surprise_4q,2025-06,-1.6885
17660,hpi_trend_5y,2026-06,5.92
17660,hpi_yoy_latest,2026-06,3.4508
17780,hpi_forecast_4q,2026-06,2.3114
17780,hpi_forecast_4q_hi,2026-06,12.9819
17780,hpi_forecast_4q_lo,2026-06,-7.278
17780,hpi_forecast_8q,2026-06,5.8905
17780,hpi_forecast_8q_hi,2026-06,29.0374
17780,hpi_forecast_8q_lo,2026-06,-11.8219
17780,hpi_index_error,2026-06,3.24
17780,hpi_surprise_4q,2025-06,-8.3395
17780,hpi_trend_5y,2026-06,7.3205
17780,hpi_yoy_latest,2026-06,-2.229
17820,hpi_forecast_4q,2026-06,1.1932
17820,hpi_forecast_4q_hi,2026-06,11.525
17820,hpi_forecast_4q_lo,2026-06,-8.2646
17820,hpi_forecast_8q,2026-06,4.0372
17820,hpi_forecast_8q_hi,2026-06,26.2314
17820,hpi_forecast_8q_lo,2026-06,-13.1637
17820,hpi_index_error,2026-06,0.61
17820,hpi_surprise_4q,2025-06,-2.8943
17820,hpi_trend_5y,2026-06,4.1938
17820,hpi_yoy_latest,2026-06,0.1175
17860,hpi_forecast_4q,2026-06,4.2884
17860,hpi_forecast_4q_hi,2026-06,15.3786
17860,hpi_forecast_4q_lo,2026-06,-5.3914
17860,hpi_forecast_8q,2026-06,9.7048
17860,hpi_forecast_8q_hi,2026-06,33.9782
17860,hpi_forecast_8q_lo,2026-06,-8.5127
17860,hpi_index_error,2026-06,1.84
17860,hpi_surprise_4q,2025-06,-1.78
17860,hpi_trend_5y,2026-06,7.8553
17860,hpi_yoy_latest,2026-06,3.2642
17900,hpi_forecast_4q,2026-06,3.8308
17900,hpi_forecast_4q_hi,2026-06,14.8633
17900,hpi_forecast_4q_lo,2026-06,-5.9199
17900,hpi_forecast_8q,2026-06,8.6404
17900,hpi_forecast_8q_hi,2026-06,32.9511
17900,hpi_forecast_8q_lo,2026-06,-9.8468
17900,hpi_index_error,2026-06,0.94
17900,hpi_surprise_4q,2025-06,-1.7199
17900,hpi_trend_5y,2026-06,8.6804
17900,hpi_yoy_latest,2026-06,3.5699
17980,hpi_forecast_4q,2026-06,3.7577
17980,hpi_forecast_4q_hi,2026-06,14.6695
17980,hpi_forecast_4q_lo,2026-06,-5.8558
17980,hpi_forecast_8q,2026-06,8.7253
17980,hpi_forecast_8q_hi,2026-06,32.3271
17980,hpi_forecast_8q_lo,2026-06,-9.1648
17980,hpi_index_error,2026-06,2.85
17980,hpi_surprise_4q,2025-06,-3.8546
17980,hpi_trend_5y,2026-06,7.334
17980,hpi_yoy_latest,2026-06,1.4323
18020,hpi_forecast_4q,2026-06,4.8445
18020,hpi_forecast_4q_hi,2026-06,16.1037
18020,hpi_forecast_4q_lo,2026-06,-4.9144
18020,hpi_forecast_8q,2026-06,10.8276
18020,hpi_forecast_8q_hi,2026-06,35.8212
18020,hpi_forecast_8q_lo,2026-06,-7.7538
18020,hpi_index_error,2026-06,3.05
18020,hpi_surprise_4q,2025-06,-1.8541
18020,hpi_trend_5y,2026-06,7.3978
18020,hpi_yoy_latest,2026-06,3.6227
18140,hpi_forecast_4q,2026-06,4.017
18140,hpi_forecast_4q_hi,2026-06,15.0915
18140,hpi_forecast_4q_lo,2026-06,-5.7027
18140,hpi_forecast_8q,2026-06,9.1265
18140,hpi_forecast_8q_hi,2026-06,33.6107
18140,hpi_forecast_8q_lo,2026-06,-9.3035
18140,hpi_index_error,2026-06,0.59
18140,hpi_surprise_4q,2025-06,-2.0966
18140,hpi_trend_5y,2026-06,7.8802
18140,hpi_yoy_latest,2026-06,3.3433
18580,hpi_forecast_4q,2026-06,1.6371
18580,hpi_forecast_4q_hi,2026-06,12.0614
18580,hpi_forecast_4q_lo,2026-06,-7.8211
18580,hpi_forecast_8q,2026-06,5.0308
18580,hpi_forecast_8q_hi,2026-06,27.4464
18580,hpi_forecast_8q_lo,2026-06,-12.1983
18580,hpi_index_error,2026-06,2.36
18580,hpi_surprise_4q,2025-06,-0.6057
18580,hpi_trend_5y,2026-06,5.0881
18580,hpi_yoy_latest,2026-06,1.397
18700,hpi_forecast_4q,2026-06,2.7498
18700,hpi_forecast_4q_hi,2026-06,13.4884
18700,hpi_forecast_4q_lo,2026-06,-6.8454
18700,hpi_forecast_8q,2026-06,6.8329
18700,hpi_forecast_8q_hi,2026-06,30.1065
18700,hpi_forecast_8q_lo,2026-06,-10.9185
18700,hpi_index_error,2026-06,3.0
18700,hpi_surprise_4q,2025-06,2.1623
18700,hpi_trend_5y,2026-06,6.357
18700,hpi_yoy_latest,2026-06,5.077
18880,hpi_forecast_4q,2026-06,3.0724
18880,hpi_forecast_4q_hi,2026-06,13.9532
18880,hpi_forecast_4q_lo,2026-06,-6.6387
18880,hpi_forecast_8q,2026-06,7.3721
18880,hpi_forecast_8q_hi,2026-06,31.6362
18880,hpi_forecast_8q_lo,2026-06,-11.0921
18880,hpi_index_error,2026-06,1.75
18880,hpi_surprise_4q,2025-06,3.0749
18880,hpi_trend_5y,2026-06,7.196
18880,hpi_yoy_latest,2026-06,5.9435
19124,hpi_forecast_4q,2026-06,1.3956
19124,hpi_forecast_4q_hi,2026-06,11.7939
19124,hpi_forecast_4q_lo,2026-06,-8.0978
19124,hpi_forecast_8q,2026-06,4.7027
19124,hpi_forecast_8q_hi,2026-06,27.3946
19124,hpi_forecast_8q_lo,2026-06,-12.7724
19124,hpi_index_error,2026-06,0.62
19124,hpi_surprise_4q,2025-06,-2.475
19124,hpi_trend_5y,2026-06,6.2525
19124,hpi_yoy_latest,2026-06,0.5257
19140,hpi_forecast_4q,2026-06,3.2947
19140,hpi_forecast_4q_hi,2026-06,14.1515
19140,hpi_forecast_4q_lo,2026-06,-6.3226
19140,hpi_forecast_8q,2026-06,8.0663
19140,hpi_forecast_8q_hi,2026-06,31.8885
19140,hpi_forecast_8q_lo,2026-06,-9.9085
19140,hpi_index_error,2026-06,4.27
19140,hpi_surprise_4q,2025-06,-0.1448
19140,hpi_trend_5y,2026-06,8.9219
19140,hpi_yoy_latest,2026-06,4.1645
19300,hpi_forecast_4q,2026-06,3.6329
19300,hpi_forecast_4q_hi,2026-06,14.6633
19300,hpi_forecast_4q_lo,2026-06,-6.1636
19300,hpi_forecast_8q,2026-06,8.7142
19300,hpi_forecast_8q_hi,2026-06,33.8279
19300,hpi_forecast_8q_lo,2026-06,-10.285
19300,hpi_index_error,2026-06,6.35
19300,hpi_surprise_4q,2025-06,1.5491
19300,hpi_trend_5y,2026-06,8.8798
19300,hpi_yoy_latest,2026-06,6.8221
19340,hpi_forecast_4q,2026-06,4.6763
19340,hpi_forecast_4q_hi,2026-06,15.8637
19340,hpi_forecast_4q_lo,2026-06,-5.0196
19340,hpi_forecast_8q,2026-06,10.5863
19340,hpi_forecast_8q_hi,2026-06,35.2
19340,hpi_forecast_8q_lo,2026-06,-7.7403
19340,hpi_index_error,2026-06,2.14
19340,hpi_surprise_4q,2025-06,-0.3944
19340,hpi_trend_5y,2026-06,6.3436
19340,hpi_yoy_latest,2026-06,4.1281
19430,hpi_forecast_4q,2026-06,5.5024
19430,hpi_forecast_4q_hi,2026-06,16.9059
19430,hpi_forecast_4q_lo,2026-06,-4.292
19430,hpi_forecast_8q,2026-06,12.1029
19430,hpi_forecast_8q_hi,2026-06,37.5591
19430,hpi_forecast_8q_lo,2026-06,-6.7488
19430,hpi_index_error,2026-06,0.9
19430,hpi_surprise_4q,2025-06,-0.5874
19430,hpi_trend_5y,2026-06,8.3999
19430,hpi_yoy_latest,2026-06,5.2601
19460,hpi_forecast_4q,2026-06,3.3349
19460,hpi_forecast_4q_hi,2026-06,14.1725
19460,hpi_forecast_4q_lo,2026-06,-6.2739
19460,hpi_forecast_8q,2026-06,8.0489
19460,hpi_forecast_8q_hi,2026-06,31.6073
19460,hpi_forecast_8q_lo,2026-06,-9.8265
19460,hpi_index_error,2026-06,5.06
19460,hpi_surprise_4q,2025-06,-2.8659
19460,hpi_trend_5y,2026-06,8.2606
19460,hpi_yoy_latest,2026-06,1.9582
19500,hpi_forecast_4q,2026-06,5.6797
19500,hpi_forecast_4q_hi,2026-06,17.0817
19500,hpi_forecast_4q_lo,2026-06,-4.0217
19500,hpi_forecast_8q,2026-06,12.6131
19500,hpi_forecast_8q_hi,2026-06,37.6914
19500,hpi_forecast_8q_lo,2026-06,-5.7836
19500,hpi_index_error,2026-06,4.92
19500,hpi_surprise_4q,2025-06,-1.958
19500,hpi_trend_5y,2026-06,7.6525
19500,hpi_yoy_latest,2026-06,3.5069
19660,hpi_forecast_4q,2026-06,1.6093
19660,hpi_forecast_4q_hi,2026-06,12.09
19660,hpi_forecast_4q_lo,2026-06,-7.9661
19660,hpi_forecast_8q,2026-06,5.0619
19660,hpi_forecast_8q_hi,2026-06,28.137
19660,hpi_forecast_8q_lo,2026-06,-12.7519
19660,hpi_index_error,2026-06,1.08
19660,hpi_surprise_4q,2025-06,-3.2165
19660,hpi_trend_5y,2026-06,6.753
19660,hpi_yoy_latest,2026-06,-0.1654
19740,hpi_forecast_4q,2026-06,1.3839
19740,hpi_forecast_4q_hi,2026-06,11.7492
19740,hpi_forecast_4q_lo,2026-06,-8.0526
19740,hpi_forecast_8q,2026-06,4.6188
19740,hpi_forecast_8q_hi,2026-06,26.8641
19740,hpi_forecast_8q_lo,2026-06,-12.4951
19740,hpi_index_error,2026-06,0.34
19740,hpi_surprise_4q,2025-06,-3.3876
19740,hpi_trend_5y,2026-06,3.9609
19740,hpi_yoy_latest,2026-06,-0.4588
19780,hpi_forecast_4q,2026-06,2.9189
19780,hpi_forecast_4q_hi,2026-06,13.689
19780,hpi_forecast_4q_lo,2026-06,-6.6923
19780,hpi_forecast_8q,2026-06,7.1943
19780,hpi_forecast_8q_hi,2026-06,30.8061
19780,hpi_forecast_8q_lo,2026-06,-10.7911
19780,hpi_index_error,2026-06,1.16
19780,hpi_surprise_4q,2025-06,-2.0923
19780,hpi_trend_5y,2026-06,6.214
19780,hpi_yoy_latest,2026-06,2.3315
19804,hpi_forecast_4q,2026-06,5.5672
19804,hpi_forecast_4q_hi,2026-06,16.9749
19804,hpi_forecast_4q_lo,2026-06,-4.2078
19804,hpi_forecast_8q,2026-06,11.9881
19804,hpi_forecast_8q_hi,2026-06,37.2236
19804,hpi_forecast_8q_lo,2026-06,-6.6959
19804,hpi_index_error,2026-06,1.15
19804,hpi_surprise_4q,2025-06,-0.4263
19804,hpi_trend_5y,2026-06,7.5431
19804,hpi_yoy_latest,2026-06,5.2275
20020,hpi_forecast_4q,2026-06,3.6285
20020,hpi_forecast_4q_hi,2026-06,14.5953
20020,hpi_forecast_4q_lo,2026-06,-6.044
20020,hpi_forecast_8q,2026-06,8.6833
20020,hpi_forecast_8q_hi,2026-06,32.9375
20020,hpi_forecast_8q_lo,2026-06,-9.55
20020,hpi_index_error,2026-06,5.64
20020,hpi_surprise_4q,2025-06,-7.4692
20020,hpi_trend_5y,2026-06,7.3396
20020,hpi_yoy_latest,2026-06,-0.9911
20100,hpi_forecast_4q,2026-06,3.6349
20100,hpi_forecast_4q_hi,2026-06,14.619
20100,hpi_forecast_4q_lo,2026-06,-6.0777
20100,hpi_forecast_8q,2026-06,8.4958
20100,hpi_forecast_8q_hi,2026-06,32.7698
20100,hpi_forecast_8q_lo,2026-06,-9.8934
20100,hpi_index_error,2026-06,3.0
20100,hpi_surprise_4q,2025-06,0.0405
20100,hpi_trend_5y,2026-06,6.846
20100,hpi_yoy_latest,2026-06,3.6898
20220,hpi_forecast_4q,2026-06,4.8454
20220,hpi_forecast_4q_hi,2026-06,16.1137
20220,hpi_forecast_4q_lo,2026-06,-4.9094
20220,hpi_forecast_8q,2026-06,10.842
20220,hpi_forecast_8q_hi,2026-06,35.7738
20220,hpi_forecast_8q_lo,2026-06,-7.7168
20220,hpi_index_error,2026-06,3.35
20220,hpi_surprise_4q,2025-06,0.7208
20220,hpi_trend_5y,2026-06,7.1392
20220,hpi_yoy_latest,2026-06,5.2234
20260,hpi_forecast_4q,2026-06,5.835
20260,hpi_forecast_4q_hi,2026-06,17.3672
20260,hpi_forecast_4q_lo,2026-06,-4.0005
20260,hpi_forecast_8q,2026-06,12.5564
20260,hpi_forecast_8q_hi,2026-06,38.238
20260,hpi_forecast_8q_lo,2026-06,-6.3881
20260,hpi_index_error,2026-06,4.85
20260,hpi_surprise_4q,2025-06,-1.8434
20260,hpi_trend_5y,2026-06,8.2657
20260,hpi_yoy_latest,2026-06,4.0027
20500,hpi_forecast_4q,2026-06,1.873
20500,hpi_forecast_4q_hi,2026-06,12.4436
20500,hpi_forecast_4q_lo,2026-06,-7.7288
20500,hpi_forecast_8q,2026-06,5.0872
20500,hpi_forecast_8q_hi,2026-06,28.243
20500,hpi_forecast_8q_lo,2026-06,-12.7583
20500,hpi_index_error,2026-06,1.35
20500,hpi_surprise_4q,2025-06,-2.0109
20500,hpi_trend_5y,2026-06,8.0915
20500,hpi_yoy_latest,2026-06,1.7686
20740,hpi_forecast_4q,2026-06,3.8473
20740,hpi_forecast_4q_hi,2026-06,14.8626
20740,hpi_forecast_4q_lo,2026-06,-5.8434
20740,hpi_forecast_8q,2026-06,8.9391
20740,hpi_forecast_8q_hi,2026-06,33.259
20740,hpi_forecast_8q_lo,2026-06,-9.3671
20740,hpi_index_error,2026-06,2.86
20740,hpi_surprise_4q,2025-06,-3.3787
20740,hpi_trend_5y,2026-06,7.9734
20740,hpi_yoy_latest,2026-06,2.3063
20940,hpi_forecast_4q,2026-06,5.2719
20940,hpi_forecast_4q_hi,2026-06,16.6246
20940,hpi_forecast_4q_lo,2026-06,-4.4965
20940,hpi_forecast_8q,2026-06,10.9703
20940,hpi_forecast_8q_hi,2026-06,35.3664
20940,hpi_forecast_8q_lo,2026-06,-7.3525
20940,hpi_index_error,2026-06,3.6
20940,hpi_surprise_4q,2025-06,-1.2487
20940,hpi_trend_5y,2026-06,8.0024
20940,hpi_yoy_latest,2026-06,3.789
20994,hpi_forecast_4q,2026-06,5.8292
20994,hpi_forecast_4q_hi,2026-06,17.3024
20994,hpi_forecast_4q_lo,2026-06,-3.9508
20994,hpi_forecast_8q,2026-06,12.8327
20994,hpi_forecast_8q_hi,2026-06,38.5282
20994,hpi_forecast_8q_lo,2026-06,-6.0336
20994,hpi_index_error,2026-06,0.8
20994,hpi_surprise_4q,2025-06,-0.1534
20994,hpi_trend_5y,2026-06,8.8727
20994,hpi_yoy_latest,2026-06,6.0041
21060,hpi_forecast_4q,2026-06,2.5749
21060,hpi_forecast_4q_hi,2026-06,13.2687
21060,hpi_forecast_4q_lo,2026-06,-7.0314
21060,hpi_forecast_8q,2026-06,6.6689
21060,hpi_forecast_8q_hi,2026-06,30.0238
21060,hpi_forecast_8q_lo,2026-06,-11.1609
21060,hpi_index_error,2026-06,9.72
21060,hpi_surprise_4q,2025-06,-4.1252
21060,hpi_trend_5y,2026-06,7.8142
21060,hpi_yoy_latest,2026-06,1.0472
21140,hpi_forecast_4q,2026-06,5.3334
21140,hpi_forecast_4q_hi,2026-06,16.7105
21140,hpi_forecast_4q_lo,2026-06,-4.4392
21140,hpi_forecast_8q,2026-06,11.589
21140,hpi_forecast_8q_hi,2026-06,36.7396
21140,hpi_forecast_8q_lo,2026-06,-7.0721
21140,hpi_index_error,2026-06,2.95
21140,hpi_surprise_4q,2025-06,0.0631
21140,hpi_trend_5y,2026-06,8.0443
21140,hpi_yoy_latest,2026-06,5.2754
21300,hpi_forecast_4q,2026-06,8.6373
21300,hpi_forecast_4q_hi,2026-06,20.912
21300,hpi_forecast_4q_lo,2026-06,-1.3873
21300,hpi_forecast_8q,2026-06,17.6967
21300,hpi_forecast_8q_hi,2026-06,45.6283
21300,hpi_forecast_8q_lo,2026-06,-2.2342
21300,hpi_index_error,2026-06,7.19
21300,hpi_surprise_4q,2025-06,-2.7094
21300,hpi_trend_5y,2026-06,7.1485
21300,hpi_yoy_latest,2026-06,2.9829
21340,hpi_forecast_4q,2026-06,3.4064
21340,hpi_forecast_4q_hi,2026-06,14.266
21340,hpi_forecast_4q_lo,2026-06,-6.1758
21340,hpi_forecast_8q,2026-06,8.0782
21340,hpi_forecast_8q_hi,2026-06,31.5261
21340,hpi_forecast_8q_lo,2026-06,-9.6256
21340,hpi_index_error,2026-06,1.46
21340,hpi_surprise_4q,2025-06,-1.8064
21340,hpi_trend_5y,2026-06,8.1548
21340,hpi_yoy_latest,2026-06,2.2478
21420,hpi_forecast_4q,2026-06,4.8788
21420,hpi_forecast_4q_hi,2026-06,16.1014
21420,hpi_forecast_4q_lo,2026-06,-4.7878
21420,hpi_forecast_8q,2026-06,10.9622
21420,hpi_forecast_8q_hi,2026-06,35.5562
21420,hpi_forecast_8q_lo,2026-06,-7.2162
21420,hpi_index_error,2026-06,7.31
21420,hpi_surprise_4q,2025-06,5.1624
21420,hpi_trend_5y,2026-06,5.5879
21420,hpi_yoy_latest,2026-06,8.3223
21500,hpi_forecast_4q,2026-06,6.932
21500,hpi_forecast_4q_hi,2026-06,18.6947
21500,hpi_forecast_4q_lo,2026-06,-2.9478
21500,hpi_forecast_8q,2026-06,14.5965
21500,hpi_forecast_8q_hi,2026-06,40.8236
21500,hpi_forecast_8q_lo,2026-06,-4.564
21500,hpi_index_error,2026-06,2.63
21500,hpi_surprise_4q,2025-06,1.5826
21500,hpi_trend_5y,2026-06,9.6678
21500,hpi_yoy_latest,2026-06,8.0038
21660,hpi_forecast_4q,2026-06,3.2093
21660,hpi_forecast_4q_hi,2026-06,14.102
21660,hpi_forecast_4q_lo,2026-06,-6.4669
21660,hpi_forecast_8q,2026-06,7.6272
21660,hpi_forecast_8q_hi,2026-06,31.4837
21660,hpi_forecast_8q_lo,2026-06,-10.447
21660,hpi_index_error,2026-06,1.32
21660,hpi_surprise_4q,2025-06,0.8561
21660,hpi_trend_5y,2026-06,5.1619
21660,hpi_yoy_latest,2026-06,3.9543
21780,hpi_forecast_4q,2026-06,4.7864
21780,hpi_forecast_4q_hi,2026-06,16.0004
21780,hpi_forecast_4q_lo,2026-06,-4.9457
21780,hpi_forecast_8q,2026-06,10.711
21780,hpi_forecast_8q_hi,2026-06,35.5015
21780,hpi_forecast_8q_lo,2026-06,-7.7934
21780,hpi_index_error,2026-06,2.0
21780,hpi_surprise_4q,2025-06,-3.2991
21780,hpi_trend_5y,2026-06,6.733
21780,hpi_yoy_latest,2026-06,2.3602
21794,hpi_forecast_4q,2026-06,1.6578
21794,hpi_forecast_4q_hi,2026-06,12.0824
21794,hpi_forecast_4q_lo,2026-06,-7.8259
21794,hpi_forecast_8q,2026-06,5.1117
21794,hpi_forecast_8q_hi,2026-06,27.5117
21794,hpi_forecast_8q_lo,2026-06,-12.188
21794,hpi_index_error,2026-06,0.85
21794,hpi_surprise_4q,2025-06,-4.7584
21794,hpi_trend_5y,2026-06,5.6506
21794,hpi_yoy_latest,2026-06,-0.4784
21820,hpi_forecast_4q,2026-06,4.4069
21820,hpi_forecast_4q_hi,2026-06,15.5081
21820,hpi_forecast_4q_lo,2026-06,-5.2746
21820,hpi_forecast_8q,2026-06,9.4469
21820,hpi_forecast_8q_hi,2026-06,33.216
21820,hpi_forecast_8q_lo,2026-06,-8.5009
21820,hpi_index_error,2026-06,5.9
21820,hpi_surprise_4q,2025-06,-1.0172
21820,hpi_trend_5y,2026-06,5.789
21820,hpi_yoy_latest,2026-06,2.819
22020,hpi_forecast_4q,2026-06,4.3259
22020,hpi_forecast_4q_hi,2026-06,15.3947
22020,hpi_forecast_4q_lo,2026-06,-5.3298
22020,hpi_forecast_8q,2026-06,9.9302
22020,hpi_forecast_8q_hi,2026-06,34.4478
22020,hpi_forecast_8q_lo,2026-06,-8.4077
22020,hpi_index_error,2026-06,3.05
22020,hpi_surprise_4q,2025-06,-0.9486
22020,hpi_trend_5y,2026-06,6.2857
22020,hpi_yoy_latest,2026-06,4.2388
22140,hpi_forecast_4q,2026-06,5.4516
22140,hpi_forecast_4q_hi,2026-06,16.8502
22140,hpi_forecast_4q_lo,2026-06,-4.3186
22140,hpi_forecast_8q,2026-06,11.9875
22140,hpi_forecast_8q_hi,2026-06,37.2017
22140,hpi_forecast_8q_lo,2026-06,-6.6341
22140,hpi_index_error,2026-06,3.29
22140,hpi_surprise_4q,2025-06,2.7349
22140,hpi_trend_5y,2026-06,8.7327
22140,hpi_yoy_latest,2026-06,7.8152
22180,hpi_forecast_4q,2026-06,3.1027
22180,hpi_forecast_4q_hi,2026-06,13.9059
22180,hpi_forecast_4q_lo,2026-06,-6.5286
22180,hpi_forecast_8q,2026-06,7.2356
22180,hpi_forecast_8q_hi,2026-06,30.6021
22180,hpi_forecast_8q_lo,2026-06,-10.6341
22180,hpi_index_error,2026-06,1.21
22180,hpi_surprise_4q,2025-06,-1.8648
22180,hpi_trend_5y,2026-06,9.4487
22180,hpi_yoy_latest,2026-06,2.6293
22220,hpi_forecast_4q,2026-06,3.8018
22220,hpi_forecast_4q_hi,2026-06,14.8885
22220,hpi_forecast_4q_lo,2026-06,-6.0101
22220,hpi_forecast_8q,2026-06,8.5346
22220,hpi_forecast_8q_hi,2026-06,33.6318
22220,hpi_forecast_8q_lo,2026-06,-10.503
22220,hpi_index_error,2026-06,1.1
22220,hpi_surprise_4q,2025-06,-1.694
22220,hpi_trend_5y,2026-06,9.5951
22220,hpi_yoy_latest,2026-06,3.6633
22380,hpi_forecast_4q,2026-06,4.421
22380,hpi_forecast_4q_hi,2026-06,15.5782
22380,hpi_forecast_4q_lo,2026-06,-5.2469
22380,hpi_forecast_8q,2026-06,10.0659
22380,hpi_forecast_8q_hi,2026-06,34.6601
22380,hpi_forecast_8q_lo,2026-06,-8.149
22380,hpi_index_error,2026-06,2.81
22380,hpi_surprise_4q,2025-06,-1.1168
22380,hpi_trend_5y,2026-06,7.9632
22380,hpi_yoy_latest,2026-06,2.8902
22420,hpi_forecast_4q,2026-06,5.1753
22420,hpi_forecast_4q_hi,2026-06,16.4843
22420,hpi_forecast_4q_lo,2026-06,-4.5308
22420,hpi_forecast_8q,2026-06,11.8506
22420,hpi_forecast_8q_hi,2026-06,37.1933
22420,hpi_forecast_8q_lo,2026-06,-6.715
22420,hpi_index_error,2026-06,3.04
22420,hpi_surprise_4q,2025-06,-1.4808
22420,hpi_trend_5y,2026-06,7.0634
22420,hpi_yoy_latest,2026-06,3.8373
22500,hpi_forecast_4q,2026-06,3.8182
22500,hpi_forecast_4q_hi,2026-06,14.8703
22500,hpi_forecast_4q_lo,2026-06,-5.9039
22500,hpi_forecast_8q,2026-06,8.861
22500,hpi_forecast_8q_hi,2026-06,33.197
22500,hpi_forecast_8q_lo,2026-06,-9.4591
22500,hpi_index_error,2026-06,2.84
22500,hpi_surprise_4q,2025-06,3.4252
22500,hpi_trend_5y,2026-06,7.7894
22500,hpi_yoy_latest,2026-06,7.0294
22520,hpi_forecast_4q,2026-06,4.6766
22520,hpi_forecast_4q_hi,2026-06,15.8635
22520,hpi_forecast_4q_lo,2026-06,-5.0361
22520,hpi_forecast_8q,2026-06,10.5267
22520,hpi_forecast_8q_hi,2026-06,35.1161
22520,hpi_forecast_8q_lo,2026-06,-7.8632
22520,hpi_index_error,2026-06,5.39
22520,hpi_surprise_4q,2025-06,2.5874
22520,hpi_trend_5y,2026-06,9.0536
22520,hpi_yoy_latest,2026-06,6.6582
22540,hpi_forecast_4q,2026-06,7.0626
22540,hpi_forecast_4q_hi,2026-06,18.8828
22540,hpi_forecast_4q_lo,2026-06,-2.8167
22540,hpi_forecast_8q,2026-06,14.9273
22540,hpi_forecast_8q_hi,2026-06,41.4982
22540,hpi_forecast_8q_lo,2026-06,-4.3247
22540,hpi_index_error,2026-06,5.41
22540,hpi_surprise_4q,2025-06,-1.0188
22540,hpi_trend_5y,2026-06,10.2124
22540,hpi_yoy_latest,2026-06,5.8108
22660,hpi_forecast_4q,2026-06,1.788
22660,hpi_forecast_4q_hi,2026-06,12.2789
22660,hpi_forecast_4q_lo,2026-06,-7.7283
22660,hpi_forecast_8q,2026-06,5.3831
22660,hpi_forecast_8q_hi,2026-06,28.2284
22660,hpi_forecast_8q_lo,2026-06,-12.1651
22660,hpi_index_error,2026-06,1.31
22660,hpi_surprise_4q,2025-06,-2.8178
22660,hpi_trend_5y,2026-06,5.2788
22660,hpi_yoy_latest,2026-06,0.2231
22744,hpi_forecast_4q,2026-06,2.3666
22744,hpi_forecast_4q_hi,2026-06,12.9583
22744,hpi_forecast_4q_lo,2026-06,-7.1132
22744,hpi_forecast_8q,2026-06,6.1786
22744,hpi_forecast_8q_hi,2026-06,28.8539
22744,hpi_forecast_8q_lo,2026-06,-11.0674
22744,hpi_index_error,2026-06,0.55
22744,hpi_surprise_4q,2025-06,-2.5938
22744,hpi_trend_5y,2026-06,8.4213
22744,hpi_yoy_latest,2026-06,0.7748
22900,hpi_forecast_4q,2026-06,4.1979
22900,hpi_forecast_4q_hi,2026-06,15.2746
22900,hpi_forecast_4q_lo,2026-06,-5.4912
22900,hpi_forecast_8q,2026-06,9.7095
22900,hpi_forecast_8q_hi,2026-06,34.1792
22900,hpi_forecast_8q_lo,2026-06,-8.603
22900,hpi_index_error,2026-06,2.29
22900,hpi_surprise_4q,2025-06,-2.107
22900,hpi_trend_5y,2026-06,8.1179
22900,hpi_yoy_latest,2026-06,3.2151
23060,hpi_forecast_4q,2026-06,4.7905
23060,hpi_forecast_4q_hi,2026-06,16.0304
23060,hpi_forecast_4q_lo,2026-06,-4.9505
23060,hpi_forecast_8q,2026-06,10.8495
23060,hpi_forecast_8q_hi,2026-06,35.8481
23060,hpi_forecast_8q_lo,2026-06,-7.7489
23060,hpi_index_error,2026-06,1.65
23060,hpi_surprise_4q,2025-06,-0.938
23060,hpi_trend_5y,2026-06,9.051
23060,hpi_yoy_latest,2026-06,4.3361
23104,hpi_forecast_4q,2026-06,1.2972
23104,hpi_forecast_4q_hi,2026-06,11.6894
23104,hpi_forecast_4q_lo,2026-06,-8.1921
23104,hpi_forecast_8q,2026-06,4.5153
23104,hpi_forecast_8q_hi,2026-06,27.1774
23104,hpi_forecast_8q_lo,2026-06,-12.9334
23104,hpi_index_error,2026-06,0.84
23104,hpi_surprise_4q,2025-06,-2.3287
23104,hpi_trend_5y,2026-06,6.098
23104,hpi_yoy_latest,2026-06,0.6688
23224,hpi_forecast_4q,2026-06,2.7703
23224,hpi_forecast_4q_hi,2026-06,13.4908
23224,hpi_forecast_4q_lo,2026-06,-6.7958
23224,hpi_forecast_8q,2026-06,7.0521
23224,hpi_forecast_8q_hi,2026-06,30.2655
23224,hpi_forecast_8q_lo,2026-06,-10.5892
23224,hpi_index_error,2026-06,0.66
23224,hpi_surprise_4q,2025-06,-2.71
23224,hpi_trend_5y,2026-06,5.2896
23224,hpi_yoy_latest,2026-06,1.319
23420,hpi_forecast_4q,2026-06,3.4563
23420,hpi_forecast_4q_hi,2026-06,14.3643
23420,hpi_forecast_4q_lo,2026-06,-6.2196
23420,hpi_forecast_8q,2026-06,7.8369
23420,hpi_forecast_8q_hi,2026-06,31.3735
23420,hpi_forecast_8q_lo,2026-06,-10.1311
23420,hpi_index_error,2026-06,0.94
23420,hpi_surprise_4q,2025-06,-1.784
23420,hpi_trend_5y,2026-06,6.2613
23420,hpi_yoy_latest,2026-06,2.0454
23460,hpi_forecast_4q,2026-06,4.1394
23460,hpi_forecast_4q_hi,2026-06,15.213
23460,hpi_forecast_4q_lo,2026-06,-5.5649
23460,hpi_forecast_8q,2026-06,9.5722
23460,hpi_forecast_8q_hi,2026-06,33.8691
23460,hpi_forecast_8q_lo,2026-06,-8.7321
23460,hpi_index_error,2026-06,7.54
23460,hpi_surprise_4q,2025-06,-4.5375
23460,hpi_trend_5y,2026-06,7.8627
23460,hpi_yoy_latest,2026-06,0.9156
23540,hpi_forecast_4q,2026-06,2.0055
23540,hpi_forecast_4q_hi,2026-06,12.6137
23540,hpi_forecast_4q_lo,2026-06,-7.5737
23540,hpi_forecast_8q,2026-06,5.4045
23540,hpi_forecast_8q_hi,2026-06,28.5803
23540,hpi_forecast_8q_lo,2026-06,-12.3603
23540,hpi_index_error,2026-06,1.75
23540,hpi_surprise_4q,2025-06,-1.9365
23540,hpi_trend_5y,2026-06,7.3682
23540,hpi_yoy_latest,2026-06,1.2156
23580,hpi_forecast_4q,2026-06,2.1295
23580,hpi_forecast_4q_hi,2026-06,12.7077
23580,hpi_forecast_4q_lo,2026-06,-7.4407
23580,hpi_forecast_8q,2026-06,5.7349
23580,hpi_forecast_8q_hi,2026-06,28.7679
23580,hpi_forecast_8q_lo,2026-06,-12.0238
23580,hpi_index_error,2026-06,2.13
23580,hpi_surprise_4q,2025-06,-2.3305
23580,hpi_trend_5y,2026-06,9.8344
23580,hpi_yoy_latest,2026-06,2.7428
23900,hpi_forecast_4q,2026-06,4.3723
23900,hpi_forecast_4q_hi,2026-06,15.5135
23900,hpi_forecast_4q_lo,2026-06,-5.3406
23900,hpi_forecast_8q,2026-06,10.045
23900,hpi_forecast_8q_hi,2026-06,34.7751
23900,hpi_forecast_8q_lo,2026-06,-8.4145
23900,hpi_index_error,2026-06,6.26
23900,hpi_surprise_4q,2025-06,0.0773
23900,hpi_trend_5y,2026-06,7.1021
23900,hpi_yoy_latest,2026-06,4.4294
24020,hpi_forecast_4q,2026-06,4.3824
24020,hpi_forecast_4q_hi,2026-06,15.5016
24020,hpi_forecast_4q_lo,2026-06,-5.2941
24020,hpi_forecast_8q,2026-06,9.8357
24020,hpi_forecast_8q_hi,2026-06,34.0359
24020,hpi_forecast_8q_lo,2026-06,-8.2931
24020,hpi_index_error,2026-06,7.91
24020,hpi_surprise_4q,2025-06,2.7074
24020,hpi_trend_5y,2026-06,8.651
24020,hpi_yoy_latest,2026-06,8.0611
24140,hpi_forecast_4q,2026-06,2.6284
24140,hpi_forecast_4q_hi,2026-06,13.3743
24140,hpi_forecast_4q_lo,2026-06,-7.0482
24140,hpi_forecast_8q,2026-06,6.1533
24140,hpi_forecast_8q_hi,2026-06,29.5437
24140,hpi_forecast_8q_lo,2026-06,-11.8831
24140,hpi_index_error,2026-06,6.37
24140,hpi_surprise_4q,2025-06,-3.1422
24140,hpi_trend_5y,2026-06,8.6005
24140,hpi_yoy_latest,2026-06,0.7996
24220,hpi_forecast_4q,2026-06,5.6995
24220,hpi_forecast_4q_hi,2026-06,17.0907
24220,hpi_forecast_4q_lo,2026-06,-4.0198
24220,hpi_forecast_8q,2026-06,12.6563
24220,hpi_forecast_8q_hi,2026-06,37.9681
24220,hpi_forecast_8q_lo,2026-06,-5.9761
24220,hpi_index_error,2026-06,5.95
24220,hpi_surprise_4q,2025-06,2.942
24220,hpi_trend_5y,2026-06,6.1925
24220,hpi_yoy_latest,2026-06,7.1734
24260,hpi_forecast_4q,2026-06,3.7066
24260,hpi_forecast_4q_hi,2026-06,14.6038
24260,hpi_forecast_4q_lo,2026-06,-5.8393
24260,hpi_forecast_8q,2026-06,8.7275
24260,hpi_forecast_8q_hi,2026-06,32.2942
24260,hpi_forecast_8q_lo,2026-06,-8.9073
24260,hpi_index_error,2026-06,8.32
24260,hpi_surprise_4q,2025-06,-6.438
24260,hpi_trend_5y,2026-06,7.6844
24260,hpi_yoy_latest,2026-06,-0.384
24300,hpi_forecast_4q,2026-06,4.4371
24300,hpi_forecast_4q_hi,2026-06,15.5973
24300,hpi_forecast_4q_lo,2026-06,-5.3202
24300,hpi_forecast_8q,2026-06,10.0723
24300,hpi_forecast_8q_hi,2026-06,34.8951
24300,hpi_forecast_8q_lo,2026-06,-8.5927
24300,hpi_index_error,2026-06,1.44
24300,hpi_surprise_4q,2025-06,4.4714
24300,hpi_trend_5y,2026-06,7.7372
24300,hpi_yoy_latest,2026-06,8.7816
24340,hpi_forecast_4q,2026-06,4.9462
24340,hpi_forecast_4q_hi,2026-06,16.1869
24340,hpi_forecast_4q_lo,2026-06,-4.7808
24340,hpi_forecast_8q,2026-06,10.9915
24340,hpi_forecast_8q_hi,2026-06,35.9637
24340,hpi_forecast_8q_lo,2026-06,-7.5929
24340,hpi_index_error,2026-06,1.24
24340,hpi_surprise_4q,2025-06,-0.8038
24340,hpi_trend_5y,2026-06,8.4111
24340,hpi_yoy_latest,2026-06,4.4872
24420,hpi_forecast_4q,2026-06,1.1116
24420,hpi_forecast_4q_hi,2026-06,11.4353
24420,hpi_forecast_4q_lo,2026-06,-8.3668
24420,hpi_forecast_8q,2026-06,3.9184
24420,hpi_forecast_8q_hi,2026-06,25.8551
24420,hpi_forecast_8q_lo,2026-06,-13.1835
24420,hpi_index_error,2026-06,4.23
24420,hpi_surprise_4q,2025-06,-9.3925
24420,hpi_trend_5y,2026-06,2.8806
24420,hpi_yoy_latest,2026-06,-5.1987
24500,hpi_forecast_4q,2026-06,3.5982
24500,hpi_forecast_4q_hi,2026-06,14.5358
24500,hpi_forecast_4q_lo,2026-06,-6.0959
24500,hpi_forecast_8q,2026-06,8.3447
24500,hpi_forecast_8q_hi,2026-06,32.242
24500,hpi_forecast_8q_lo,2026-06,-9.8195
24500,hpi_index_error,2026-06,7.01
24500,hpi_surprise_4q,2025-06,2.5586
24500,hpi_trend_5y,2026-06,9.0834
24500,hpi_yoy_latest,2026-06,5.9984
24540,hpi_forecast_4q,2026-06,1.3298
24540,hpi_forecast_4q_hi,2026-06,11.7191
24540,hpi_forecast_4q_lo,2026-06,-8.2034
24540,hpi_forecast_8q,2026-06,4.5651
24540,hpi_forecast_8q_hi,2026-06,27.4389
24540,hpi_forecast_8q_lo,2026-06,-13.1119
24540,hpi_index_error,2026-06,2.38
24540,hpi_surprise_4q,2025-06,-3.3057
24540,hpi_trend_5y,2026-06,4.6034
24540,hpi_yoy_latest,2026-06,0.458
24580,hpi_forecast_4q,2026-06,5.5022
24580,hpi_forecast_4q_hi,2026-06,16.9662
24580,hpi_forecast_4q_lo,2026-06,-4.346
24580,hpi_forecast_8q,2026-06,11.8141
24580,hpi_forecast_8q_hi,2026-06,37.4484
24580,hpi_forecast_8q_lo,2026-06,-7.2047
24580,hpi_index_error,2026-06,2.56
24580,hpi_surprise_4q,2025-06,-1.122
24580,hpi_trend_5y,2026-06,9.8133
24580,hpi_yoy_latest,2026-06,4.9794
24660,hpi_forecast_4q,2026-06,3.941
24660,hpi_forecast_4q_hi,2026-06,14.9897
24660,hpi_forecast_4q_lo,2026-06,-5.7815
24660,hpi_forecast_8q,2026-06,9.0418
24660,hpi_forecast_8q_hi,2026-06,33.4112
24660,hpi_forecast_8q_lo,2026-06,-9.3562
24660,hpi_index_error,2026-06,1.2
24660,hpi_surprise_4q,2025-06,0.2918
24660,hpi_trend_5y,2026-06,9.171
24660,hpi_yoy_latest,2026-06,4.9075
24780,hpi_forecast_4q,2026-06,2.6639
24780,hpi_forecast_4q_hi,2026-06,13.3878
24780,hpi_forecast_4q_lo,2026-06,-6.9975
24780,hpi_forecast_8q,2026-06,6.4945
24780,hpi_forecast_8q_hi,2026-06,29.956
24780,hpi_forecast_8q_lo,2026-06,-11.5898
24780,hpi_index_error,2026-06,3.99
24780,hpi_surprise_4q,2025-06,-0.3441
24780,hpi_trend_5y,2026-06,7.689
24780,hpi_yoy_latest,2026-06,2.9538
24860,hpi_forecast_4q,2026-06,3.6939
24860,hpi_forecast_4q_hi,2026-06,14.7475
24860,hpi_forecast_4q_lo,2026-06,-6.0725
24860,hpi_forecast_8q,2026-06,8.6228
24860,hpi_forecast_8q_hi,2026-06,33.4131
24860,hpi_forecast_8q_lo,2026-06,-10.1041
24860,hpi_index_error,2026-06,0.98
24860,hpi_surprise_4q,2025-06,-1.9232
24860,hpi_trend_5y,2026-06,9.2913
24860,hpi_yoy_latest,2026-06,3.284
25060,hpi_forecast_4q,2026-06,4.2115
25060,hpi_forecast_4q_hi,2026-06,15.3648
25060,hpi_forecast_4q_lo,2026-06,-5.5442
25060,hpi_forecast_8q,2026-06,9.5509
25060,hpi_forecast_8q_hi,2026-06,34.4108
25060,hpi_forecast_8q_lo,2026-06,-9.0907
25060,hpi_index_error,2026-06,3.03
25060,hpi_surprise_4q,2025-06,-0.4474
25060,hpi_trend_5y,2026-06,7.3338
25060,hpi_yoy_latest,2026-06,3.5449
25180,hpi_forecast_4q,2026-06,3.1184
25180,hpi_forecast_4q_hi,2026-06,13.9692
25180,hpi_forecast_4q_lo,2026-06,-6.5681
25180,hpi_forecast_8q,2026-06,7.6977
25180,hpi_forecast_8q_hi,2026-06,31.8016
25180,hpi_forecast_8q_lo,2026-06,-10.646
25180,hpi_index_error,2026-06,2.42
25180,hpi_surprise_4q,2025-06,-4.7252
25180,hpi_trend_5y,2026-06,7.0619
25180,hpi_yoy_latest,2026-06,0.9227
25220,hpi_forecast_4q,2026-06,2.5032
25220,hpi_forecast_4q_hi,2026-06,13.2417
25220,hpi_forecast_4q_lo,2026-06,-7.1391
25220,hpi_forecast_8q,2026-06,6.4942
25220,hpi_forecast_8q_hi,2026-06,30.1122
25220,hpi_forecast_8q_lo,2026-06,-11.5433
25220,hpi_index_error,2026-06,9.53
25220,hpi_surprise_4q,2025-06,-3.0411
25220,hpi_trend_5y,2026-06,4.5716
25220,hpi_yoy_latest,2026-06,0.6142
25260,hpi_forecast_4q,2026-06,3.6284
25260,hpi_forecast_4q_hi,2026-06,14.5866
25260,hpi_forecast_4q_lo,2026-06,-6.0575
25260,hpi_forecast_8q,2026-06,8.0694
25260,hpi_forecast_8q_hi,2026-06,31.7557
25260,hpi_forecast_8q_lo,2026-06,-9.9562
25260,hpi_index_error,2026-06,2.71
25260,hpi_surprise_4q,2025-06,-4.3639
25260,hpi_trend_5y,2026-06,6.5193
25260,hpi_yoy_latest,2026-06,0.6687
25420,hpi_forecast_4q,2026-06,5.0565
25420,hpi_forecast_4q_hi,2026-06,16.331
25420,hpi_forecast_4q_lo,2026-06,-4.6743
25420,hpi_forecast_8q,2026-06,11.3438
25420,hpi_forecast_8q_hi,2026-06,36.2897
25420,hpi_forecast_8q_lo,2026-06,-7.1817
25420,hpi_index_error,2026-06,1.34
25420,hpi_surprise_4q,2025-06,-0.7675
25420,hpi_trend_5y,2026-06,8.2378
25420,hpi_yoy_latest,2026-06,4.7671
25500,hpi_forecast_4q,2026-06,3.9305
25500,hpi_forecast_4q_hi,2026-06,14.9632
25500,hpi_forecast_4q_lo,2026-06,-5.7531
25500,hpi_forecast_8q,2026-06,9.05
25500,hpi_forecast_8q_hi,2026-06,33.3893
25500,hpi_forecast_8q_lo,2026-06,-9.2716
25500,hpi_index_error,2026-06,5.64
25500,hpi_surprise_4q,2025-06,-0.4922
25500,hpi_trend_5y,2026-06,7.9412
25500,hpi_yoy_latest,2026-06,4.4523
25540,hpi_forecast_4q,2026-06,5.345
25540,hpi_forecast_4q_hi,2026-06,16.7513
25540,hpi_forecast_4q_lo,2026-06,-4.5249
25540,hpi_forecast_8q,2026-06,11.0634
25540,hpi_forecast_8q_hi,2026-06,35.9626
25540,hpi_forecast_8q_lo,2026-06,-7.7407
25540,hpi_index_error,2026-06,1.01
25540,hpi_surprise_4q,2025-06,-0.8684
25540,hpi_trend_5y,2026-06,9.5337
25540,hpi_yoy_latest,2026-06,5.7572
25620,hpi_forecast_4q,2026-06,4.284
25620,hpi_forecast_4q_hi,2026-06,15.3117
25620,hpi_forecast_4q_lo,2026-06,-5.3504
25620,hpi_forecast_8q,2026-06,9.8803
25620,hpi_forecast_8q_hi,2026-06,33.9385
25620,hpi_forecast_8q_lo,2026-06,-8.2168
25620,hpi_index_error,2026-06,3.32
25620,hpi_surprise_4q,2025-06,1.0789
25620,hpi_trend_5y,2026-06,6.9877
25620,hpi_yoy_latest,2026-06,4.6939
25740,hpi_forecast_4q,2026-06,1.0409
25740,hpi_forecast_4q_hi,2026-06,11.3404
25740,hpi_forecast_4q_lo,2026-06,-8.4301
25740,hpi_forecast_8q,2026-06,4.0781
25740,hpi_forecast_8q_hi,2026-06,26.1697
25740,hpi_forecast_8q_lo,2026-06,-13.1199
25740,hpi_index_error,2026-06,7.01
25740,hpi_surprise_4q,2025-06,-6.4716
25740,hpi_trend_5y,2026-06,7.8157
25740,hpi_yoy_latest,2026-06,-1.1992
25860,hpi_forecast_4q,2026-06,3.2676
25860,hpi_forecast_4q_hi,2026-06,14.1666
25860,hpi_forecast_4q_lo,2026-06,-6.4392
25860,hpi_forecast_8q,2026-06,7.7124
25860,hpi_forecast_8q_hi,2026-06,31.7743
25860,hpi_forecast_8q_lo,2026-06,-10.6499
25860,hpi_index_error,2026-06,3.48
25860,hpi_surprise_4q,2025-06,-1.877
25860,hpi_trend_5y,2026-06,9.0524
25860,hpi_yoy_latest,2026-06,2.7648
25940,hpi_forecast_4q,2026-06,2.6766
25940,hpi_forecast_4q_hi,2026-06,13.4837
25940,hpi_forecast_4q_lo,2026-06,-7.0208
25940,hpi_forecast_8q,2026-06,6.6427
25940,hpi_forecast_8q_hi,2026-06,30.7999
25940,hpi_forecast_8q_lo,2026-06,-11.7856
25940,hpi_index_error,2026-06,1.69
25940,hpi_surprise_4q,2025-06,-3.2781
25940,hpi_trend_5y,2026-06,10.3682
25940,hpi_yoy_latest,2026-06,2.6584
25980,hpi_forecast_4q,2026-06,2.6824
25980,hpi_forecast_4q_hi,2026-06,13.4194
25980,hpi_forecast_4q_lo,2026-06,-6.9895
25980,hpi_forecast_8q,2026-06,6.6397
25980,hpi_forecast_8q_hi,2026-06,30.2475
25980,hpi_forecast_8q_lo,2026-06,-11.5339
25980,hpi_index_error,2026-06,10.56
25980,hpi_surprise_4q,2025-06,-5.2344
25980,hpi_trend_5y,2026-06,10.7551
25980,hpi_yoy_latest,2026-06,2.4294
26140,hpi_forecast_4q,2026-06,3.1729
26140,hpi_forecast_4q_hi,2026-06,14.1206
26140,hpi_forecast_4q_lo,2026-06,-6.6105
26140,hpi_forecast_8q,2026-06,7.5276
26140,hpi_forecast_8q_hi,2026-06,32.0679
26140,hpi_forecast_8q_lo,2026-06,-11.2208
26140,hpi_index_error,2026-06,2.29
26140,hpi_surprise_4q,2025-06,2.4501
26140,hpi_trend_5y,2026-06,9.0173
26140,hpi_yoy_latest,2026-06,5.4039
26300,hpi_forecast_4q,2026-06,1.8543
26300,hpi_forecast_4q_hi,2026-06,12.3373
26300,hpi_forecast_4q_lo,2026-06,-7.6389
26300,hpi_forecast_8q,2026-06,5.4558
26300,hpi_forecast_8q_hi,2026-06,27.9892
26300,hpi_forecast_8q_lo,2026-06,-11.8658
26300,hpi_index_error,2026-06,2.93
26300,hpi_surprise_4q,2025-06,-5.2925
26300,hpi_trend_5y,2026-06,6.9497
26300,hpi_yoy_latest,2026-06,-1.3096
26380,hpi_forecast_4q,2026-06,1.325
26380,hpi_forecast_4q_hi,2026-06,11.6544
26380,hpi_forecast_4q_lo,2026-06,-8.0954
26380,hpi_forecast_8q,2026-06,4.5237
26380,hpi_forecast_8q_hi,2026-06,26.4763
26380,hpi_forecast_8q_lo,2026-06,-12.4668
26380,hpi_index_error,2026-06,5.62
26380,hpi_surprise_4q,2025-06,-3.6215
26380,hpi_trend_5y,2026-06,3.1613
26380,hpi_yoy_latest,2026-06,-0.7829
26420,hpi_forecast_4q,2026-06,1.8794
26420,hpi_forecast_4q_hi,2026-06,12.3554
26420,hpi_forecast_4q_lo,2026-06,-7.6131
26420,hpi_forecast_8q,2026-06,5.4969
26420,hpi_forecast_8q_hi,2026-06,28.2611
26420,hpi_forecast_8q_lo,2026-06,-12.0243
26420,hpi_index_error,2026-06,0.72
26420,hpi_surprise_4q,2025-06,0.2146
26420,hpi_trend_5y,2026-06,5.8267
26420,hpi_yoy_latest,2026-06,3.3976
26580,hpi_forecast_4q,2026-06,5.5576
26580,hpi_forecast_4q_hi,2026-06,16.9687
26580,hpi_forecast_4q_lo,2026-06,-4.2302
26580,hpi_forecast_8q,2026-06,12.0538
26580,hpi_forecast_8q_hi,2026-06,37.1972
26580,hpi_forecast_8q_lo,2026-06,-6.6023
26580,hpi_index_error,2026-06,2.28
26580,hpi_surprise_4q,2025-06,3.3117
26580,hpi_trend_5y,2026-06,7.6967
26580,hpi_yoy_latest,2026-06,8.4029
26620,hpi_forecast_4q,2026-06,2.7974
26620,hpi_forecast_4q_hi,2026-06,13.5514
26620,hpi_forecast_4q_lo,2026-06,-6.8826
26620,hpi_forecast_8q,2026-06,7.2814
26620,hpi_forecast_8q_hi,2026-06,31.4379
26620,hpi_forecast_8q_lo,2026-06,-11.2002
26620,hpi_index_error,2026-06,2.33
26620,hpi_surprise_4q,2025-06,-0.9675
26620,hpi_trend_5y,2026-06,7.4099
26620,hpi_yoy_latest,2026-06,3.3178
26820,hpi_forecast_4q,2026-06,3.3535
26820,hpi_forecast_4q_hi,2026-06,14.2964
26820,hpi_forecast_4q_lo,2026-06,-6.3636
26820,hpi_forecast_8q,2026-06,7.9644
26820,hpi_forecast_8q_hi,2026-06,32.3584
26820,hpi_forecast_8q_lo,2026-06,-10.512
26820,hpi_index_error,2026-06,2.39
26820,hpi_surprise_4q,2025-06,0.7397
26820,hpi_trend_5y,2026-06,5.8349
26820,hpi_yoy_latest,2026-06,4.819
26900,hpi_forecast_4q,2026-06,3.7749
26900,hpi_forecast_4q_hi,2026-06,14.7469
26900,hpi_forecast_4q_lo,2026-06,-5.8999
26900,hpi_forecast_8q,2026-06,8.782
26900,hpi_forecast_8q_hi,2026-06,32.972
26900,hpi_forecast_8q_lo,2026-06,-9.4705
26900,hpi_index_error,2026-06,0.98
26900,hpi_surprise_4q,2025-06,-1.6851
26900,hpi_trend_5y,2026-06,7.5316
26900,hpi_yoy_latest,2026-06,3.4772
26980,hpi_forecast_4q,2026-06,4.3676
26980,hpi_forecast_4q_hi,2026-06,15.5206
26980,hpi_forecast_4q_lo,2026-06,-5.3523
26980,hpi_forecast_8q,2026-06,9.7868
26980,hpi_forecast_8q_hi,2026-06,34.5258
26980,hpi_forecast_8q_lo,2026-06,-8.6901
26980,hpi_index_error,2026-06,2.57
26980,hpi_surprise_4q,2025-06,-1.9711
26980,hpi_trend_5y,2026-06,6.0137
26980,hpi_yoy_latest,2026-06,2.9999
27060,hpi_forecast_4q,2026-06,0.2986
27060,hpi_forecast_4q_hi,2026-06,10.425
27060,hpi_forecast_4q_lo,2026-06,-9.0445
27060,hpi_forecast_8q,2026-06,2.5303
27060,hpi_forecast_8q_hi,2026-06,23.8881
27060,hpi_forecast_8q_lo,2026-06,-14.0883
27060,hpi_index_error,2026-06,10.29
27060,hpi_surprise_4q,2025-06,-11.3406
27060,hpi_trend_5y,2026-06,7.2009
27060,hpi_yoy_latest,2026-06,-5.2049
27100,hpi_forecast_4q,2026-06,5.3781
27100,hpi_forecast_4q_hi,2026-06,16.7862
27100,hpi_forecast_4q_lo,2026-06,-4.412
27100,hpi_forecast_8q,2026-06,11.8564
27100,hpi_forecast_8q_hi,2026-06,37.1127
27100,hpi_forecast_8q_lo,2026-06,-6.8408
27100,hpi_index_error,2026-06,5.47
27100,hpi_surprise_4q,2025-06,0.7311
27100,hpi_trend_5y,2026-06,7.895
27100,hpi_yoy_latest,2026-06,6.0825
27140,hpi_forecast_4q,2026-06,3.3262
27140,hpi_forecast_4q_hi,2026-06,14.1641
27140,hpi_forecast_4q_lo,2026-06,-6.2899
27140,hpi_forecast_8q,2026-06,7.8509
27140,hpi_forecast_8q_hi,2026-06,31.3361
27140,hpi_forecast_8q_lo,2026-06,-9.9881
27140,hpi_index_error,2026-06,1.69
27140,hpi_surprise_4q,2025-06,-1.9711
27140,hpi_trend_5y,2026-06,5.2721
27140,hpi_yoy_latest,2026-06,1.7531
27180,hpi_forecast_4q,2026-06,4.0706
27180,hpi_forecast_4q_hi,2026-06,15.0917
27180,hpi_forecast_4q_lo,2026-06,-5.6004
27180,hpi_forecast_8q,2026-06,9.432
27180,hpi_forecast_8q_hi,2026-06,33.6765
27180,hpi_forecast_8q_lo,2026-06,-8.8032
27180,hpi_index_error,2026-06,4.69
27180,hpi_surprise_4q,2025-06,2.6295
27180,hpi_trend_5y,2026-06,9.3585
27180,hpi_yoy_latest,2026-06,6.0886
27260,hpi_forecast_4q,2026-06,1.7599
27260,hpi_forecast_4q_hi,2026-06,12.2581
27260,hpi_forecast_4q_lo,2026-06,-7.7984
27260,hpi_forecast_8q,2026-06,5.2985
27260,hpi_forecast_8q_hi,2026-06,28.3873
27260,hpi_forecast_8q_lo,2026-06,-12.4646
27260,hpi_index_error,2026-06,0.71
27260,hpi_surprise_4q,2025-06,-3.7648
27260,hpi_trend_5y,2026-06,7.0411
27260,hpi_yoy_latest,2026-06,0.1091
27340,hpi_forecast_4q,2026-06,3.3565
27340,hpi_forecast_4q_hi,2026-06,14.2804
27340,hpi_forecast_4q_lo,2026-06,-6.3492
27340,hpi_forecast_8q,2026-06,7.7978
27340,hpi_forecast_8q_hi,2026-06,31.7941
27340,hpi_forecast_8q_lo,2026-06,-10.4579
27340,hpi_index_error,2026-06,8.9
27340,hpi_surprise_4q,2025-06,-1.9415
27340,hpi_trend_5y,2026-06,9.6187
27340,hpi_yoy_latest,2026-06,3.8256
27500,hpi_forecast_4q,2026-06,5.5158
27500,hpi_forecast_4q_hi,2026-06,16.9121
27500,hpi_forecast_4q_lo,2026-06,-4.2672
27500,hpi_forecast_8q,2026-06,12.0745
27500,hpi_forecast_8q_hi,2026-06,37.4529
27500,hpi_forecast_8q_lo,2026-06,-6.6719
27500,hpi_index_error,2026-06,3.34
27500,hpi_surprise_4q,2025-06,-1.6834
27500,hpi_trend_5y,2026-06,9.1751
27500,hpi_yoy_latest,2026-06,4.7707
27620,hpi_forecast_4q,2026-06,5.1762
27620,hpi_forecast_4q_hi,2026-06,16.4968
27620,hpi_forecast_4q_lo,2026-06,-4.5892
27620,hpi_forecast_8q,2026-06,11.4495
27620,hpi_forecast_8q_hi,2026-06,36.5416
27620,hpi_forecast_8q_lo,2026-06,-7.1975
27620,hpi_index_error,2026-06,1.83
27620,hpi_surprise_4q,2025-06,-2.7801
27620,hpi_trend_5y,2026-06,9.0563
27620,hpi_yoy_latest,2026-06,3.1525
27740,hpi_forecast_4q,2026-06,4.1776
27740,hpi_forecast_4q_hi,2026-06,15.2591
27740,hpi_forecast_4q_lo,2026-06,-5.5648
27740,hpi_forecast_8q,2026-06,9.5047
27740,hpi_forecast_8q_hi,2026-06,33.8904
27740,hpi_forecast_8q_lo,2026-06,-8.9494
27740,hpi_index_error,2026-06,2.38
27740,hpi_surprise_4q,2025-06,-0.7637
27740,hpi_trend_5y,2026-06,10.3228
27740,hpi_yoy_latest,2026-06,4.028
27780,hpi_forecast_4q,2026-06,4.1013
27780,hpi_forecast_4q_hi,2026-06,15.1645
27780,hpi_forecast_4q_lo,2026-06,-5.5592
27780,hpi_forecast_8q,2026-06,9.523
27780,hpi_forecast_8q_hi,2026-06,33.6805
27780,hpi_forecast_8q_lo,2026-06,-8.4893
27780,hpi_index_error,2026-06,4.56
27780,hpi_surprise_4q,2025-06,0.9579
27780,hpi_trend_5y,2026-06,7.9634
27780,hpi_yoy_latest,2026-06,6.0611
27860,hpi_forecast_4q,2026-06,2.9273
27860,hpi_forecast_4q_hi,2026-06,13.6961
27860,hpi_forecast_4q_lo,2026-06,-6.669
27860,hpi_forecast_8q,2026-06,7.2227
27860,hpi_forecast_8q_hi,2026-06,30.7355
27860,hpi_forecast_8q_lo,2026-06,-10.6309
27860,hpi_index_error,2026-06,4.96
27860,hpi_surprise_4q,2025-06,-5.6302
27860,hpi_trend_5y,2026-06,5.2509
27860,hpi_yoy_latest,2026-06,-0.9522
27900,hpi_forecast_4q,2026-06,3.3587
27900,hpi_forecast_4q_hi,2026-06,14.2347
27900,hpi_forecast_4q_lo,2026-06,-6.277
27900,hpi_forecast_8q,2026-06,8.3306
27900,hpi_forecast_8q_hi,2026-06,32.331
27900,hpi_forecast_8q_lo,2026-06,-9.7547
27900,hpi_index_error,2026-06,3.86
27900,hpi_surprise_4q,2025-06,-2.9681
27900,hpi_trend_5y,2026-06,8.0155
27900,hpi_yoy_latest,2026-06,1.9864
27980,hpi_forecast_4q,2026-06,1.4009
27980,hpi_forecast_4q_hi,2026-06,11.7567
27980,hpi_forecast_4q_lo,2026-06,-8.0016
27980,hpi_forecast_8q,2026-06,4.1802
27980,hpi_forecast_8q_hi,2026-06,25.8926
27980,hpi_forecast_8q_lo,2026-06,-12.6107
27980,hpi_index_error,2026-06,6.45
27980,hpi_surprise_4q,2025-06,1.2353
27980,hpi_trend_5y,2026-06,8.2377
27980,hpi_yoy_latest,2026-06,3.9304
28020,hpi_forecast_4q,2026-06,4.0896
28020,hpi_forecast_4q_hi,2026-06,15.1141
28020,hpi_forecast_4q_lo,2026-06,-5.567
28020,hpi_forecast_8q,2026-06,9.4341
28020,hpi_forecast_8q_hi,2026-06,33.58
28020,hpi_forecast_8q_lo,2026-06,-8.6705
28020,hpi_index_error,2026-06,2.66
28020,hpi_surprise_4q,2025-06,-4.7506
28020,hpi_trend_5y,2026-06,7.195
28020,hpi_yoy_latest,2026-06,0.657
28100,hpi_forecast_4q,2026-06,4.9446
28100,hpi_forecast_4q_hi,2026-06,16.1748
28100,hpi_forecast_4q_lo,2026-06,-4.7468
28100,hpi_forecast_8q,2026-06,11.1122
28100,hpi_forecast_8q_hi,2026-06,35.806
28100,hpi_forecast_8q_lo,2026-06,-7.2056
28100,hpi_index_error,2026-06,7.16
28100,hpi_surprise_4q,2025-06,0.9587
28100,hpi_trend_5y,2026-06,7.7827
28100,hpi_yoy_latest,2026-06,5.5039
28140,hpi_forecast_4q,2026-06,4.2078
28140,hpi_forecast_4q_hi,2026-06,15.31
28140,hpi_forecast_4q_lo,2026-06,-5.5071
28140,hpi_forecast_8q,2026-06,9.6872
28140,hpi_forecast_8q_hi,2026-06,34.3464
28140,hpi_forecast_8q_lo,2026-06,-8.7596
28140,hpi_index_error,2026-06,0.74
28140,hpi_surprise_4q,2025-06,-1.921
28140,hpi_trend_5y,2026-06,7.3317
28140,hpi_yoy_latest,2026-06,3.1834
28420,hpi_forecast_4q,2026-06,2.758
28420,hpi_forecast_4q_hi,2026-06,13.4834
28420,hpi_forecast_4q_lo,2026-06,-6.8399
28420,hpi_forecast_8q,2026-06,7.0204
28420,hpi_forecast_8q_hi,2026-06,30.5165
28420,hpi_forecast_8q_lo,2026-06,-10.9124
28420,hpi_index_error,2026-06,2.95
28420,hpi_surprise_4q,2025-06,-1.7267
28420,hpi_trend_5y,2026-06,5.9066
28420,hpi_yoy_latest,2026-06,1.9136
28450,hpi_forecast_4q,2026-06,7.3211
28450,hpi_forecast_4q_hi,2026-06,19.2455
28450,hpi_forecast_4q_lo,2026-06,-2.5901
28450,hpi_forecast_8q,2026-06,15.2512
28450,hpi_forecast_8q_hi,2026-06,42.0753
28450,hpi_forecast_8q_lo,2026-06,-4.1978
28450,hpi_index_error,2026-06,2.99
28450,hpi_surprise_4q,2025-06,1.7306
28450,hpi_trend_5y,2026-06,9.0767
28450,hpi_yoy_latest,2026-06,8.3623
28660,hpi_forecast_4q,2026-06,1.4152
28660,hpi_forecast_4q_hi,2026-06,11.8137
28660,hpi_forecast_4q_lo,2026-06,-8.0898
28660,hpi_forecast_8q,2026-06,4.4816
28660,hpi_forecast_8q_hi,2026-06,26.9333
28660,hpi_forecast_8q_lo,2026-06,-12.9098
28660,hpi_index_error,2026-06,3.62
28660,hpi_surprise_4q,2025-06,-0.0375
28660,hpi_trend_5y,2026-06,6.8502
28660,hpi_yoy_latest,2026-06,1.7261
28700,hpi_forecast_4q,2026-06,3.4051
28700,hpi_forecast_4q_hi,2026-06,14.2919
28700,hpi_forecast_4q_lo,2026-06,-6.2474
28700,hpi_forecast_8q,2026-06,8.2074
28700,hpi_forecast_8q_hi,2026-06,32.0808
28700,hpi_forecast_8q_lo,2026-06,-9.8725
28700,hpi_index_error,2026-06,2.46
28700,hpi_surprise_4q,2025-06,-2.117
28700,hpi_trend_5y,2026-06,9.8936
28700,hpi_yoy_latest,2026-06,3.0008
28740,hpi_forecast_4q,2026-06,4.0334
28740,hpi_forecast_4q_hi,2026-06,15.0365
28740,hpi_forecast_4q_lo,2026-06,-5.6298
28740,hpi_forecast_8q,2026-06,9.3083
28740,hpi_forecast_8q_hi,2026-06,33.3489
28740,hpi_forecast_8q_lo,2026-06,-8.797
28740,hpi_index_error,2026-06,3.55
28740,hpi_surprise_4q,2025-06,-2.3346
28740,hpi_trend_5y,2026-06,7.8916
28740,hpi_yoy_latest,2026-06,2.5952
28880,hpi_forecast_4q,2026-06,2.6896
28880,hpi_forecast_4q_hi,2026-06,13.3895
28880,hpi_forecast_4q_lo,2026-06,-6.8693
28880,hpi_forecast_8q,2026-06,6.9392
28880,hpi_forecast_8q_hi,2026-06,30.2232
28880,hpi_forecast_8q_lo,2026-06,-10.7929
28880,hpi_index_error,2026-06,1.86
28880,hpi_surprise_4q,2025-06,-3.2512
28880,hpi_trend_5y,2026-06,8.3558
28880,hpi_yoy_latest,2026-06,3.3696
28940,hpi_forecast_4q,2026-06,3.6071
28940,hpi_forecast_4q_hi,2026-06,14.6336
28940,hpi_forecast_4q_lo,2026-06,-6.1532
28940,hpi_forecast_8q,2026-06,8.3701
28940,hpi_forecast_8q_hi,2026-06,32.9485
28940,hpi_forecast_8q_lo,2026-06,-10.2236
28940,hpi_index_error,2026-06,1.65
28940,hpi_surprise_4q,2025-06,-0.9394
28940,hpi_trend_5y,2026-06,10.3263
28940,hpi_yoy_latest,2026-06,3.8804
29020,hpi_forecast_4q,2026-06,5.382
29020,hpi_forecast_4q_hi,2026-06,16.7659
29020,hpi_forecast_4q_lo,2026-06,-4.4085
29020,hpi_forecast_8q,2026-06,11.5944
29020,hpi_forecast_8q_hi,2026-06,36.713
29020,hpi_forecast_8q_lo,2026-06,-7.0682
29020,hpi_index_error,2026-06,5.03
29020,hpi_surprise_4q,2025-06,1.3488
29020,hpi_trend_5y,2026-06,8.9564
29020,hpi_yoy_latest,2026-06,7.2369
29100,hpi_forecast_4q,2026-06,5.5306
29100,hpi_forecast_4q_hi,2026-06,16.9477
29100,hpi_forecast_4q_lo,2026-06,-4.2421
29100,hpi_forecast_8q,2026-06,12.153
29100,hpi_forecast_8q_hi,2026-06,37.4362
29100,hpi_forecast_8q_lo,2026-06,-6.5528
29100,hpi_index_error,2026-06,3.42
29100,hpi_surprise_4q,2025-06,-0.3742
29100,hpi_trend_5y,2026-06,8.4515
29100,hpi_yoy_latest,2026-06,5.0036
29180,hpi_forecast_4q,2026-06,3.5883
29180,hpi_forecast_4q_hi,2026-06,14.5457
29180,hpi_forecast_4q_lo,2026-06,-6.0741
29180,hpi_forecast_8q,2026-06,8.4955
29180,hpi_forecast_8q_hi,2026-06,32.5891
29180,hpi_forecast_8q_lo,2026-06,-9.6683
29180,hpi_index_error,2026-06,2.89
29180,hpi_surprise_4q,2025-06,2.6247
29180,hpi_trend_5y,2026-06,4.6172
29180,hpi_yoy_latest,2026-06,5.5651
29200,hpi_forecast_4q,2026-06,3.7185
29200,hpi_forecast_4q_hi,2026-06,14.8248
29200,hpi_forecast_4q_lo,2026-06,-6.0146
29200,hpi_forecast_8q,2026-06,7.9919
29200,hpi_forecast_8q_hi,2026-06,32.5996
29200,hpi_forecast_8q_lo,2026-06,-10.5313
29200,hpi_index_error,2026-06,2.66
29200,hpi_surprise_4q,2025-06,-0.8867
29200,hpi_trend_5y,2026-06,8.5769
29200,hpi_yoy_latest,2026-06,4.1084
29340,hpi_forecast_4q,2026-06,4.6538
29340,hpi_forecast_4q_hi,2026-06,15.8363
29340,hpi_forecast_4q_lo,2026-06,-5.0578
29340,hpi_forecast_8q,2026-06,10.6043
29340,hpi_forecast_8q_hi,2026-06,35.4049
29340,hpi_forecast_8q_lo,2026-06,-7.8495
29340,hpi_index_error,2026-06,5.72
29340,hpi_surprise_4q,2025-06,6.0765
29340,hpi_trend_5y,2026-06,3.3028
29340,hpi_yoy_latest,2026-06,7.7174
29404,hpi_forecast_4q,2026-06,5.9565
29404,hpi_forecast_4q_hi,2026-06,17.4476
29404,hpi_forecast_4q_lo,2026-06,-3.8109
29404,hpi_forecast_8q,2026-06,12.8644
29404,hpi_forecast_8q_hi,2026-06,38.255
29404,hpi_forecast_8q_lo,2026-06,-5.812
29404,hpi_index_error,2026-06,0.83
29404,hpi_surprise_4q,2025-06,-0.9072
29404,hpi_trend_5y,2026-06,8.7079
29404,hpi_yoy_latest,2026-06,5.2263
29414,hpi_forecast_4q,2026-06,4.4185
29414,hpi_forecast_4q_hi,2026-06,15.5411
29414,hpi_forecast_4q_lo,2026-06,-5.2655
29414,hpi_forecast_8q,2026-06,10.2218
29414,hpi_forecast_8q_hi,2026-06,34.7719
29414,hpi_forecast_8q_lo,2026-06,-8.1371
29414,hpi_index_error,2026-06,1.69
29414,hpi_surprise_4q,2025-06,-0.6722
29414,hpi_trend_5y,2026-06,7.0779
29414,hpi_yoy_latest,2026-06,4.0597
29420,hpi_forecast_4q,2026-06,2.1141
29420,hpi_forecast_4q_hi,2026-06,12.7442
29420,hpi_forecast_4q_lo,2026-06,-7.5449
29420,hpi_forecast_8q,2026-06,5.7342
29420,hpi_forecast_8q_hi,2026-06,29.278
29420,hpi_forecast_8q_lo,2026-06,-12.4052
29420,hpi_index_error,2026-06,1.67
29420,hpi_surprise_4q,2025-06,-3.2654
29420,hpi_trend_5y,2026-06,4.8934
29420,hpi_yoy_latest,2026-06,-0.0467
29460,hpi_forecast_4q,2026-06,1.3453
29460,hpi_forecast_4q_hi,2026-06,11.7874
29460,hpi_forecast_4q_lo,2026-06,-8.2372
29460,hpi_forecast_8q,2026-06,4.8214
29460,hpi_forecast_8q_hi,2026-06,28.2732
29460,hpi_forecast_8q_lo,2026-06,-13.2385
29460,hpi_index_error,2026-06,1.47
29460,hpi_surprise_4q,2025-06,0.2293
29460,hpi_trend_5y,2026-06,7.394
29460,hpi_yoy_latest,2026-06,2.3832
29484,hpi_forecast_4q,2026-06,5.4316
29484,hpi_forecast_4q_hi,2026-06,16.8446
29484,hpi_forecast_4q_lo,2026-06,-4.3541
29484,hpi_forecast_8q,2026-06,11.9215
29484,hpi_forecast_8q_hi,2026-06,37.273
29484,hpi_forecast_8q_lo,2026-06,-6.8156
29484,hpi_index_error,2026-06,0.65
29484,hpi_surprise_4q,2025-06,-1.8578
29484,hpi_trend_5y,2026-06,9.6484
29484,hpi_yoy_latest,2026-06,4.8346
29540,hpi_forecast_4q,2026-06,5.9688
29540,hpi_forecast_4q_hi,2026-06,17.4698
29540,hpi_forecast_4q_lo,2026-06,-3.8217
29540,hpi_forecast_8q,2026-06,12.7875
29540,hpi_forecast_8q_hi,2026-06,38.2917
29540,hpi_forecast_8q_lo,2026-06,-6.0007
29540,hpi_index_error,2026-06,1.47
29540,hpi_surprise_4q,2025-06,1.1489
29540,hpi_trend_5y,2026-06,9.0253
29540,hpi_yoy_latest,2026-06,6.2535
29620,hpi_forecast_4q,2026-06,4.9534
29620,hpi_forecast_4q_hi,2026-06,16.1878
29620,hpi_forecast_4q_lo,2026-06,-4.7679
29620,hpi_forecast_8q,2026-06,11.1016
29620,hpi_forecast_8q_hi,2026-06,35.8175
29620,hpi_forecast_8q_lo,2026-06,-7.3631
29620,hpi_index_error,2026-06,2.59
29620,hpi_surprise_4q,2025-06,0.0553
29620,hpi_trend_5y,2026-06,7.4158
29620,hpi_yoy_latest,2026-06,5.1382
29700,hpi_forecast_4q,2026-06,3.3524
29700,hpi_forecast_4q_hi,2026-06,14.2138
29700,hpi_forecast_4q_lo,2026-06,-6.2316
29700,hpi_forecast_8q,2026-06,8.0733
29700,hpi_forecast_8q_hi,2026-06,31.6257
29700,hpi_forecast_8q_lo,2026-06,-9.7193
29700,hpi_index_error,2026-06,5.41
29700,hpi_surprise_4q,2025-06,-0.6934
29700,hpi_trend_5y,2026-06,6.0808
29700,hpi_yoy_latest,2026-06,2.2354
29740,hpi_forecast_4q,2026-06,1.4503
29740,hpi_forecast_4q_hi,2026-06,11.8525
29740,hpi_forecast_4q_lo,2026-06,-8.0316
29740,hpi_forecast_8q,2026-06,4.7617
29740,hpi_forecast_8q_hi,2026-06,27.2181
29740,hpi_forecast_8q_lo,2026-06,-12.5501
29740,hpi_index_error,2026-06,3.07
29740,hpi_surprise_4q,2025-06,-4.778
29740,hpi_trend_5y,2026-06,7.2389
29740,hpi_yoy_latest,2026-06,-0.3751
29820,hpi_forecast_4q,2026-06,2.3742
29820,hpi_forecast_4q_hi,2026-06,13.0194
29820,hpi_forecast_4q_lo,2026-06,-7.1935
29820,hpi_forecast_8q,2026-06,6.3397
29820,hpi_forecast_8q_hi,2026-06,29.5334
29820,hpi_forecast_8q_lo,2026-06,-11.3963
29820,hpi_index_error,2026-06,0.43
29820,hpi_surprise_4q,2025-06,-1.833
29820,hpi_trend_5y,2026-06,7.2435
29820,hpi_yoy_latest,2026-06,2.7667
29940,hpi_forecast_4q,2026-06,4.4106
29940,hpi_forecast_4q_hi,2026-06,15.59
29940,hpi_forecast_4q_lo,2026-06,-5.2897
29940,hpi_forecast_8q,2026-06,9.9228
29940,hpi_forecast_8q_hi,2026-06,34.4699
29940,hpi_forecast_8q_lo,2026-06,-8.3855
29940,hpi_index_error,2026-06,2.73
29940,hpi_surprise_4q,2025-06,-0.0707
29940,hpi_trend_5y,2026-06,7.21
29940,hpi_yoy_latest,2026-06,4.8126
30020,hpi_forecast_4q,2026-06,4.339
30020,hpi_forecast_4q_hi,2026-06,15.4124
30020,hpi_forecast_4q_lo,2026-06,-5.3549
30020,hpi_forecast_8q,2026-06,9.5596
30020,hpi_forecast_8q_hi,2026-06,33.4942
30020,hpi_forecast_8q_lo,2026-06,-8.5775
30020,hpi_index_error,2026-06,7.81
30020,hpi_surprise_4q,2025-06,6.2747
30020,hpi_trend_5y,2026-06,7.4797
30020,hpi_yoy_latest,2026-06,10.221
30140,hpi_forecast_4q,2026-06,5.31
30140,hpi_forecast_4q_hi,2026-06,16.7015
30140,hpi_forecast_4q_lo,2026-06,-4.4996
30140,hpi_forecast_8q,2026-06,11.6947
30140,hpi_forecast_8q_hi,2026-06,37.1463
30140,hpi_forecast_8q_lo,2026-06,-7.1885
30140,hpi_index_error,2026-06,3.89
30140,hpi_surprise_4q,2025-06,-4.9086
30140,hpi_trend_5y,2026-06,8.3988
30140,hpi_yoy_latest,2026-06,1.2991
30300,hpi_forecast_4q,2026-06,2.7603
30300,hpi_forecast_4q_hi,2026-06,13.464
30300,hpi_forecast_4q_lo,2026-06,-6.8399
30300,hpi_forecast_8q,2026-06,6.7785
30300,hpi_forecast_8q_hi,2026-06,29.9229
30300,hpi_forecast_8q_lo,2026-06,-10.9461
30300,hpi_index_error,2026-06,5.83
30300,hpi_surprise_4q,2025-06,0.9773
30300,hpi_trend_5y,2026-06,7.0058
30300,hpi_yoy_latest,2026-06,4.6821
30340,hpi_forecast_4q,2026-06,2.6881
30340,hpi_forecast_4q_hi,2026-06,13.3851
30340,hpi_forecast_4q_lo,2026-06,-6.9039
30340,hpi_forecast_8q,2026-06,6.8712
30340,hpi_forecast_8q_hi,2026-06,30.1335
30340,hpi_forecast_8q_lo,2026-06,-10.9206
30340,hpi_index_error,2026-06,6.89
30340,hpi_surprise_4q,2025-06,-5.221
30340,hpi_trend_5y,2026-06,9.4033
30340,hpi_yoy_latest,2026-06,1.7035
30460,hpi_forecast_4q,2026-06,4.8894
30460,hpi_forecast_4q_hi,2026-06,16.1056
30460,hpi_forecast_4q_lo,2026-06,-4.8116
30460,hpi_forecast_8q,2026-06,10.8346
30460,hpi_forecast_8q_hi,2026-06,35.5129
30460,hpi_forecast_8q_lo,2026-06,-7.5916
30460,hpi_index_error,2026-06,1.56
30460,hpi_surprise_4q,2025-06,1.3538
30460,hpi_trend_5y,2026-06,8.8037
30460,hpi_yoy_latest,2026-06,6.1168
30500,hpi_forecast_4q,2026-06,3.0574
30500,hpi_forecast_4q_hi,2026-06,13.773
30500,hpi_forecast_4q_lo,2026-06,-6.5157
30500,hpi_forecast_8q,2026-06,7.3647
30500,hpi_forecast_8q_hi,2026-06,30.388
30500,hpi_forecast_8q_lo,2026-06,-10.2795
30500,hpi_index_error,2026-06,1.99
30500,hpi_surprise_4q,2025-06,-4.905
30500,hpi_trend_5y,2026-06,5.6366
30500,hpi_yoy_latest,2026-06,0.3801
30620,hpi_forecast_4q,2026-06,7.1305
30620,hpi_forecast_4q_hi,2026-06,18.9588
30620,hpi_forecast_4q_lo,2026-06,-2.7382
30620,hpi_forecast_8q,2026-06,15.0844
30620,hpi_forecast_8q_hi,2026-06,41.5811
30620,hpi_forecast_8q_lo,2026-06,-4.1041
30620,hpi_index_error,2026-06,3.27
30620,hpi_surprise_4q,2025-06,6.9465
30620,hpi_trend_5y,2026-06,8.2332
30620,hpi_yoy_latest,2026-06,11.0876
30700,hpi_forecast_4q,2026-06,4.6017
30700,hpi_forecast_4q_hi,2026-06,15.8027
30700,hpi_forecast_4q_lo,2026-06,-5.134
30700,hpi_forecast_8q,2026-06,10.1747
30700,hpi_forecast_8q_hi,2026-06,34.999
30700,hpi_forecast_8q_lo,2026-06,-8.3861
30700,hpi_index_error,2026-06,1.76
30700,hpi_surprise_4q,2025-06,-2.6324
30700,hpi_trend_5y,2026-06,6.8562
30700,hpi_yoy_latest,2026-06,2.112
30780,hpi_forecast_4q,2026-06,3.6389
30780,hpi_forecast_4q_hi,2026-06,14.5722
30780,hpi_forecast_4q_lo,2026-06,-6.012
30780,hpi_forecast_8q,2026-06,8.645
30780,hpi_forecast_8q_hi,2026-06,32.6761
30780,hpi_forecast_8q_lo,2026-06,-9.4883
30780,hpi_index_error,2026-06,1.82
30780,hpi_surprise_4q,2025-06,-1.5482
30780,hpi_trend_5y,2026-06,6.6264
30780,hpi_yoy_latest,2026-06,2.3169
30860,hpi_forecast_4q,2026-06,2.1714
30860,hpi_forecast_4q_hi,2026-06,12.7157
30860,hpi_forecast_4q_lo,2026-06,-7.3258
30860,hpi_forecast_8q,2026-06,5.6654
30860,hpi_forecast_8q_hi,2026-06,28.1959
30860,hpi_forecast_8q_lo,2026-06,-11.7033
30860,hpi_index_error,2026-06,2.55
30860,hpi_surprise_4q,2025-06,-3.1836
30860,hpi_trend_5y,2026-06,6.6718
30860,hpi_yoy_latest,2026-06,0.6001
30980,hpi_forecast_4q,2026-06,4.1243
30980,hpi_forecast_4q_hi,2026-06,15.1181
30980,hpi_forecast_4q_lo,2026-06,-5.4886
30980,hpi_forecast_8q,2026-06,9.8219
30980,hpi_forecast_8q_hi,2026-06,34.083
30980,hpi_forecast_8q_lo,2026-06,-8.2591
30980,hpi_index_error,2026-06,3.47
30980,hpi_surprise_4q,2025-06,-0.6268
30980,hpi_trend_5y,2026-06,8.0544
30980,hpi_yoy_latest,2026-06,3.3722
31020,hpi_forecast_4q,2026-06,3.2861
31020,hpi_forecast_4q_hi,2026-06,14.125
31020,hpi_forecast_4q_lo,2026-06,-6.3443
31020,hpi_forecast_8q,2026-06,8.2527
31020,hpi_forecast_8q_hi,2026-06,32.2266
31020,hpi_forecast_8q_lo,2026-06,-9.865
31020,hpi_index_error,2026-06,2.35
31020,hpi_surprise_4q,2025-06,-2.0637
31020,hpi_trend_5y,2026-06,5.4465
31020,hpi_yoy_latest,2026-06,2.4636
31084,hpi_forecast_4q,2026-06,3.0501
31084,hpi_forecast_4q_hi,2026-06,13.8503
31084,hpi_forecast_4q_lo,2026-06,-6.5447
31084,hpi_forecast_8q,2026-06,7.1904
31084,hpi_forecast_8q_hi,2026-06,30.3308
31084,hpi_forecast_8q_lo,2026-06,-10.4082
31084,hpi_index_error,2026-06,0.46
31084,hpi_surprise_4q,2025-06,-2.9921
31084,hpi_trend_5y,2026-06,5.6976
31084,hpi_yoy_latest,2026-06,1.2001
31140,hpi_forecast_4q,2026-06,4.1312
31140,hpi_forecast_4q_hi,2026-06,15.2026
31140,hpi_forecast_4q_lo,2026-06,-5.5553
31140,hpi_forecast_8q,2026-06,9.4096
31140,hpi_forecast_8q_hi,2026-06,33.8408
31140,hpi_forecast_8q_lo,2026-06,-8.8834
31140,hpi_index_error,2026-06,1.14
31140,hpi_surprise_4q,2025-06,-1.4589
31140,hpi_trend_5y,2026-06,6.9929
31140,hpi_yoy_latest,2026-06,3.8484
31180,hpi_forecast_4q,2026-06,3.0499
31180,hpi_forecast_4q_hi,2026-06,13.862
31180,hpi_forecast_4q_lo,2026-06,-6.5421
31180,hpi_forecast_8q,2026-06,7.7535
31180,hpi_forecast_8q_hi,2026-06,31.7451
31180,hpi_forecast_8q_lo,2026-06,-10.314
31180,hpi_index_error,2026-06,2.24
31180,hpi_surprise_4q,2025-06,-0.7257
31180,hpi_trend_5y,2026-06,5.0973
31180,hpi_yoy_latest,2026-06,2.2815
31340,hpi_forecast_4q,2026-06,4.0875
31340,hpi_forecast_4q_hi,2026-06,15.1432
31340,hpi_forecast_4q_lo,2026-06,-5.6084
31340,hpi_forecast_8q,2026-06,9.6055
31340,hpi_forecast_8q_hi,2026-06,34.1148
31340,hpi_forecast_8q_lo,2026-06,-8.7838
31340,hpi_index_error,2026-06,2.28
31340,hpi_surprise_4q,2025-06,-0.3087
31340,hpi_trend_5y,2026-06,8.6256
31340,hpi_yoy_latest,2026-06,4.7423
31420,hpi_forecast_4q,2026-06,3.4916
31420,hpi_forecast_4q_hi,2026-06,14.3576
31420,hpi_forecast_4q_lo,2026-06,-6.1332
31420,hpi_forecast_8q,2026-06,8.38
31420,hpi_forecast_8q_hi,2026-06,32.0913
31420,hpi_forecast_8q_lo,2026-06,-9.568
31420,hpi_index_error,2026-06,3.29
31420,hpi_surprise_4q,2025-06,-3.9158
31420,hpi_trend_5y,2026-06,8.8726
31420,hpi_yoy_latest,2026-06,2.7134
31540,hpi_forecast_4q,2026-06,4.2277
31540,hpi_forecast_4q_hi,2026-06,15.3814
31540,hpi_forecast_4q_lo,2026-06,-5.5204
31540,hpi_forecast_8q,2026-06,9.3335
31540,hpi_forecast_8q_hi,2026-06,34.0615
31540,hpi_forecast_8q_lo,2026-06,-9.2449
31540,hpi_index_error,2026-06,1.18
31540,hpi_surprise_4q,2025-06,-0.2453
31540,hpi_trend_5y,2026-06,8.305
31540,hpi_yoy_latest,2026-06,4.9155
31700,hpi_forecast_4q,2026-06,4.7757
31700,hpi_forecast_4q_hi,2026-06,15.9828
31700,hpi_forecast_4q_lo,2026-06,-4.9621
31700,hpi_forecast_8q,2026-06,10.6764
31700,hpi_forecast_8q_hi,2026-06,35.5227
31700,hpi_forecast_8q_lo,2026-06,-7.8555
31700,hpi_index_error,2026-06,1.98
31700,hpi_surprise_4q,2025-06,-0.7854
31700,hpi_trend_5y,2026-06,8.7874
31700,hpi_yoy_latest,2026-06,4.7538
31740,hpi_forecast_4q,2026-06,4.7366
31740,hpi_forecast_4q_hi,2026-06,15.9181
31740,hpi_forecast_4q_lo,2026-06,-4.9682
31740,hpi_forecast_8q,2026-06,10.6625
31740,hpi_forecast_8q_hi,2026-06,35.3018
31740,hpi_forecast_8q_lo,2026-06,-7.7715
31740,hpi_index_error,2026-06,3.7
31740,hpi_surprise_4q,2025-06,-0.3555
31740,hpi_trend_5y,2026-06,6.4308
31740,hpi_yoy_latest,2026-06,4.3252
31860,hpi_forecast_4q,2026-06,3.1729
31860,hpi_forecast_4q_hi,2026-06,13.954
31860,hpi_forecast_4q_lo,2026-06,-6.4173
31860,hpi_forecast_8q,2026-06,7.7203
31860,hpi_forecast_8q_hi,2026-06,31.2115
31860,hpi_forecast_8q_lo,2026-06,-10.1407
31860,hpi_index_error,2026-06,3.5
31860,hpi_surprise_4q,2025-06,-3.2579
31860,hpi_trend_5y,2026-06,5.5175
31860,hpi_yoy_latest,2026-06,1.1928
31900,hpi_forecast_4q,2026-06,3.6978
31900,hpi_forecast_4q_hi,2026-06,14.6292
31900,hpi_forecast_4q_lo,2026-06,-5.9004
31900,hpi_forecast_8q,2026-06,9.0068
31900,hpi_forecast_8q_hi,2026-06,32.7965
31900,hpi_forecast_8q_lo,2026-06,-8.8529
31900,hpi_index_error,2026-06,3.07
31900,hpi_surprise_4q,2025-06,-11.1592
31900,hpi_trend_5y,2026-06,8.4267
31900,hpi_yoy_latest,2026-06,-3.6356
31924,hpi_forecast_4q,2026-06,1.8064
31924,hpi_forecast_4q_hi,2026-06,12.2821
31924,hpi_forecast_4q_lo,2026-06,-7.702
31924,hpi_forecast_8q,2026-06,5.2721
31924,hpi_forecast_8q_hi,2026-06,27.9568
31924,hpi_forecast_8q_lo,2026-06,-12.2293
31924,hpi_index_error,2026-06,0.55
31924,hpi_surprise_4q,2025-06,-3.144
31924,hpi_trend_5y,2026-06,7.8627
31924,hpi_yoy_latest,2026-06,0.5067
32580,hpi_forecast_4q,2026-06,3.9927
32580,hpi_forecast_4q_hi,2026-06,15.0739
32580,hpi_forecast_4q_lo,2026-06,-5.6886
32580,hpi_forecast_8q,2026-06,9.3226
32580,hpi_forecast_8q_hi,2026-06,34.0284
32580,hpi_forecast_8q_lo,2026-06,-9.0737
32580,hpi_index_error,2026-06,3.98
32580,hpi_surprise_4q,2025-06,4.1753
32580,hpi_trend_5y,2026-06,9.0963
32580,hpi_yoy_latest,2026-06,7.6182
32780,hpi_forecast_4q,2026-06,2.8653
32780,hpi_forecast_4q_hi,2026-06,13.6418
32780,hpi_forecast_4q_lo,2026-06,-6.763
32780,hpi_forecast_8q,2026-06,7.114
32780,hpi_forecast_8q_hi,2026-06,30.5989
32780,hpi_forecast_8q_lo,2026-06,-10.7987
32780,hpi_index_error,2026-06,1.75
32780,hpi_surprise_4q,2025-06,0.0627
32780,hpi_trend_5y,2026-06,4.0547
32780,hpi_yoy_latest,2026-06,3.869
32820,hpi_forecast_4q,2026-06,2.5431
32820,hpi_forecast_4q_hi,2026-06,13.1732
32820,hpi_forecast_4q_lo,2026-06,-6.9418
32820,hpi_forecast_8q,2026-06,6.6862
32820,hpi_forecast_8q_hi,2026-06,29.53
32820,hpi_forecast_8q_lo,2026-06,-10.6437
32820,hpi_index_error,2026-06,0.67
32820,hpi_surprise_4q,2025-06,-1.1859
32820,hpi_trend_5y,2026-06,5.8808
32820,hpi_yoy_latest,2026-06,1.7853
32900,hpi_forecast_4q,2026-06,1.2574
32900,hpi_forecast_4q_hi,2026-06,11.5979
32900,hpi_forecast_4q_lo,2026-06,-8.2462
32900,hpi_forecast_8q,2026-06,3.6968
32900,hpi_forecast_8q_hi,2026-06,25.4281
32900,hpi_forecast_8q_lo,2026-06,-13.3849
32900,hpi_index_error,2026-06,2.42
32900,hpi_surprise_4q,2025-06,-2.4023
32900,hpi_trend_5y,2026-06,4.8026
32900,hpi_yoy_latest,2026-06,-0.0108
33124,hpi_forecast_4q,2026-06,2.8843
33124,hpi_forecast_4q_hi,2026-06,13.5917
33124,hpi_forecast_4q_lo,2026-06,-6.5808
33124,hpi_forecast_8q,2026-06,7.0019
33124,hpi_forecast_8q_hi,2026-06,29.7329
33124,hpi_forecast_8q_lo,2026-06,-10.171
33124,hpi_index_error,2026-06,0.73
33124,hpi_surprise_4q,2025-06,-3.5242
33124,hpi_trend_5y,2026-06,10.8938
33124,hpi_yoy_latest,2026-06,1.2662
33140,hpi_forecast_4q,2026-06,5.5514
33140,hpi_forecast_4q_hi,2026-06,16.9765
33140,hpi_forecast_4q_lo,2026-06,-4.226
33140,hpi_forecast_8q,2026-06,12.1423
33140,hpi_forecast_8q_hi,2026-06,37.5467
33140,hpi_forecast_8q_lo,2026-06,-6.5918
33140,hpi_index_error,2026-06,6.46
33140,hpi_surprise_4q,2025-06,0.4398
33140,hpi_trend_5y,2026-06,9.2064
33140,hpi_yoy_latest,2026-06,6.6269
33220,hpi_forecast_4q,2026-06,5.1393
33220,hpi_forecast_4q_hi,2026-06,16.442
33220,hpi_forecast_4q_lo,2026-06,-4.5981
33220,hpi_forecast_8q,2026-06,11.4108
33220,hpi_forecast_8q_hi,2026-06,36.3856
33220,hpi_forecast_8q_lo,2026-06,-7.1185
33220,hpi_index_error,2026-06,4.2
33220,hpi_surprise_4q,2025-06,-2.2617
33220,hpi_trend_5y,2026-06,8.7162
33220,hpi_yoy_latest,2026-06,3.5243
33260,hpi_forecast_4q,2026-06,3.8506
33260,hpi_forecast_4q_hi,2026-06,14.8615
33260,hpi_forecast_4q_lo,2026-06,-5.8342
33260,hpi_forecast_8q,2026-06,9.2994
33260,hpi_forecast_8q_hi,2026-06,34.0488
33260,hpi_forecast_8q_lo,2026-06,-9.2182
33260,hpi_index_error,2026-06,1.97
33260,hpi_surprise_4q,2025-06,-1.6028
33260,hpi_trend_5y,2026-06,4.9808
33260,hpi_yoy_latest,2026-06,4.0865
33340,hpi_forecast_4q,2026-06,6.3643
33340,hpi_forecast_4q_hi,2026-06,18.0235
33340,hpi_forecast_4q_lo,2026-06,-3.4979
33340,hpi_forecast_8q,2026-06,13.5509
33340,hpi_forecast_8q_hi,2026-06,39.6468
33340,hpi_forecast_8q_lo,2026-06,-5.5509
33340,hpi_index_error,2026-06,0.78
33340,hpi_surprise_4q,2025-06,0.0183
33340,hpi_trend_5y,2026-06,8.7231
33340,hpi_yoy_latest,2026-06,6.1961
33460,hpi_forecast_4q,2026-06,3.5079
33460,hpi_forecast_4q_hi,2026-06,14.392
33460,hpi_forecast_4q_lo,2026-06,-6.0983
33460,hpi_forecast_8q,2026-06,8.5231
33460,hpi_forecast_8q_hi,2026-06,32.302
33460,hpi_forecast_8q_lo,2026-06,-9.4144
33460,hpi_index_error,2026-06,0.37
33460,hpi_surprise_4q,2025-06,-1.9711
33460,hpi_trend_5y,2026-06,4.9519
33460,hpi_yoy_latest,2026-06,2.6008
33500,hpi_forecast_4q,2026-06,4.9702
33500,hpi_forecast_4q_hi,2026-06,16.1998
33500,hpi_forecast_4q_lo,2026-06,-4.6833
33500,hpi_forecast_8q,2026-06,11.3351
33500,hpi_forecast_8q_hi,2026-06,36.1669
33500,hpi_forecast_8q_lo,2026-06,-6.9166
33500,hpi_index_error,2026-06,10.15
33500,hpi_surprise_4q,2025-06,2.7761
33500,hpi_trend_5y,2026-06,6.0189
33500,hpi_yoy_latest,2026-06,6.7465
33540,hpi_forecast_4q,2026-06,1.5649
33540,hpi_forecast_4q_hi,2026-06,12.0038
33540,hpi_forecast_4q_lo,2026-06,-7.9578
33540,hpi_forecast_8q,2026-06,4.7494
33540,hpi_forecast_8q_hi,2026-06,27.2792
33540,hpi_forecast_8q_lo,2026-06,-12.7049
33540,hpi_index_error,2026-06,4.38
33540,hpi_surprise_4q,2025-06,-4.0896
33540,hpi_trend_5y,2026-06,7.8441
33540,hpi_yoy_latest,2026-06,0.4321
33660,hpi_forecast_4q,2026-06,3.589
33660,hpi_forecast_4q_hi,2026-06,14.4891
33660,hpi_forecast_4q_lo,2026-06,-6.0048
33660,hpi_forecast_8q,2026-06,8.4987
33660,hpi_forecast_8q_hi,2026-06,32.1739
33660,hpi_forecast_8q_lo,2026-06,-9.3241
33660,hpi_index_error,2026-06,4.94
33660,hpi_surprise_4q,2025-06,-2.4085
33660,hpi_trend_5y,2026-06,7.0798
33660,hpi_yoy_latest,2026-06,2.1306
33700,hpi_forecast_4q,2026-06,2.2006
33700,hpi_forecast_4q_hi,2026-06,12.7771
33700,hpi_forecast_4q_lo,2026-06,-7.3578
33700,hpi_forecast_8q,2026-06,5.674
33700,hpi_forecast_8q_hi,2026-06,28.3047
33700,hpi_forecast_8q_lo,2026-06,-11.7939
33700,hpi_index_error,2026-06,1.35
33700,hpi_surprise_4q,2025-06,-0.1617
33700,hpi_trend_5y,2026-06,4.6929
33700,hpi_yoy_latest,2026-06,2.7562
33740,hpi_forecast_4q,2026-06,2.7695
33740,hpi_forecast_4q_hi,2026-06,13.46
33740,hpi_forecast_4q_lo,2026-06,-6.7563
33740,hpi_forecast_8q,2026-06,6.9876
33740,hpi_forecast_8q_hi,2026-06,29.972
33740,hpi_forecast_8q_lo,2026-06,-10.4885
33740,hpi_index_error,2026-06,5.3
33740,hpi_surprise_4q,2025-06,-0.83
33740,hpi_trend_5y,2026-06,4.0493
33740,hpi_yoy_latest,2026-06,2.0606
33780,hpi_forecast_4q,2026-06,4.3024
33780,hpi_forecast_4q_hi,2026-06,15.3493
33780,hpi_forecast_4q_lo,2026-06,-5.3443
33780,hpi_forecast_8q,2026-06,10.0673
33780,hpi_forecast_8q_hi,2026-06,34.3311
33780,hpi_forecast_8q_lo,2026-06,-8.0836
33780,hpi_index_error,2026-06,2.82
33780,hpi_surprise_4q,2025-06,-3.3147
33780,hpi_trend_5y,2026-06,6.3633
33780,hpi_yoy_latest,2026-06,2.1114
33860,hpi_forecast_4q,2026-06,3.5417
33860,hpi_forecast_4q_hi,2026-06,14.445
33860,hpi_forecast_4q_lo,2026-06,-6.0973
33860,hpi_forecast_8q,2026-06,8.2106
33860,hpi_forecast_8q_hi,2026-06,31.9418
33860,hpi_forecast_8q_lo,2026-06,-9.7583
33860,hpi_index_error,2026-06,3.16
33860,hpi_surprise_4q,2025-06,2.2794
33860,hpi_trend_5y,2026-06,7.1138
33860,hpi_yoy_latest,2026-06,6.0093
33874,hpi_forecast_4q,2026-06,4.9134
33874,hpi_forecast_4q_hi,2026-06,16.1741
33874,hpi_forecast_4q_lo,2026-06,-4.812
33874,hpi_forecast_8q,2026-06,11.0308
33874,hpi_forecast_8q_hi,2026-06,35.9746
33874,hpi_forecast_8q_lo,2026-06,-7.4376
33874,hpi_index_error,2026-06,0.62
33874,hpi_surprise_4q,2025-06,-1.7884
33874,hpi_trend_5y,2026-06,7.874
33874,hpi_yoy_latest,2026-06,4.0894
34060,hpi_forecast_4q,2026-06,4.044
34060,hpi_forecast_4q_hi,2026-06,15.0573
34060,hpi_forecast_4q_lo,2026-06,-5.5827
34060,hpi_forecast_8q,2026-06,9.631
34060,hpi_forecast_8q_hi,2026-06,33.8017
34060,hpi_forecast_8q_lo,2026-06,-8.4201
34060,hpi_index_error,2026-06,6.71
34060,hpi_surprise_4q,2025-06,1.4673
34060,hpi_trend_5y,2026-06,6.0139
34060,hpi_yoy_latest,2026-06,6.1525
34100,hpi_forecast_4q,2026-06,3.7012
34100,hpi_forecast_4q_hi,2026-06,14.6731
34100,hpi_forecast_4q_lo,2026-06,-6.0166
34100,hpi_forecast_8q,2026-06,8.7841
34100,hpi_forecast_8q_hi,2026-06,33.1403
34100,hpi_forecast_8q_lo,2026-06,-9.6819
34100,hpi_index_error,2026-06,3.19
34100,hpi_surprise_4q,2025-06,-5.1717
34100,hpi_trend_5y,2026-06,9.7442
34100,hpi_yoy_latest,2026-06,0.8998
34580,hpi_forecast_4q,2026-06,2.7127
34580,hpi_forecast_4q_hi,2026-06,13.4145
34580,hpi_forecast_4q_lo,2026-06,-6.8846
34580,hpi_forecast_8q,2026-06,6.8832
34580,hpi_forecast_8q_hi,2026-06,30.1497
34580,hpi_forecast_8q_lo,2026-06,-10.8961
34580,hpi_index_error,2026-06,4.08
34580,hpi_surprise_4q,2025-06,-1.2421
34580,hpi_trend_5y,2026-06,7.0081
34580,hpi_yoy_latest,2026-06,3.4529
34620,hpi_forecast_4q,2026-06,7.4414
34620,hpi_forecast_4q_hi,2026-06,19.3797
34620,hpi_forecast_4q_lo,2026-06,-2.5014
34620,hpi_forecast_8q,2026-06,15.5822
34620,hpi_forecast_8q_hi,2026-06,42.5976
34620,hpi_forecast_8q_lo,2026-06,-4.0066
34620,hpi_index_error,2026-06,6.9
34620,hpi_surprise_4q,2025-06,8.135
34620,hpi_trend_5y,2026-06,9.9258
34620,hpi_yoy_latest,2026-06,13.9335
34740,hpi_forecast_4q,2026-06,4.2958
34740,hpi_forecast_4q_hi,2026-06,15.4113
34740,hpi_forecast_4q_lo,2026-06,-5.3913
34740,hpi_forecast_8q,2026-06,9.9801
34740,hpi_forecast_8q_hi,2026-06,34.5296
34740,hpi_forecast_8q_lo,2026-06,-8.3727
34740,hpi_index_error,2026-06,4.01
34740,hpi_surprise_4q,2025-06,-3.7063
34740,hpi_trend_5y,2026-06,9.795
34740,hpi_yoy_latest,2026-06,2.4296
34820,hpi_forecast_4q,2026-06,2.2463
34820,hpi_forecast_4q_hi,2026-06,12.9885
34820,hpi_forecast_4q_lo,2026-06,-7.5314
34820,hpi_forecast_8q,2026-06,6.1631
34820,hpi_forecast_8q_hi,2026-06,30.8199
34820,hpi_forecast_8q_lo,2026-06,-12.8064
34820,hpi_index_error,2026-06,1.68
34820,hpi_surprise_4q,2025-06,-4.5079
34820,hpi_trend_5y,2026-06,8.7507
34820,hpi_yoy_latest,2026-06,0.8253
34900,hpi_forecast_4q,2026-06,1.4821
34900,hpi_forecast_4q_hi,2026-06,11.8787
34900,hpi_forecast_4q_lo,2026-06,-8.0109
34900,hpi_forecast_8q,2026-06,4.4706
34900,hpi_forecast_8q_hi,2026-06,26.5388
34900,hpi_forecast_8q_lo,2026-06,-12.6881
34900,hpi_index_error,2026-06,2.68
34900,hpi_surprise_4q,2025-06,-4.8044
34900,hpi_trend_5y,2026-06,3.2215
34900,hpi_yoy_latest,2026-06,-1.8305
34940,hpi_forecast_4q,2026-06,0.6245
34940,hpi_forecast_4q_hi,2026-06,10.8299
34940,hpi_forecast_4q_lo,2026-06,-8.7876
34940,hpi_forecast_8q,2026-06,3.0489
34940,hpi_forecast_8q_hi,2026-06,24.7109
34940,hpi_forecast_8q_lo,2026-06,-13.8205
34940,hpi_index_error,2026-06,1.72
34940,hpi_surprise_4q,2025-06,-0.9257
34940,hpi_trend_5y,2026-06,8.305
34940,hpi_yoy_latest,2026-06,0.8423
34980,hpi_forecast_4q,2026-06,2.525
34980,hpi_forecast_4q_hi,2026-06,13.2305
34980,hpi_forecast_4q_lo,2026-06,-7.1124
34980,hpi_forecast_8q,2026-06,6.453
34980,hpi_forecast_8q_hi,2026-06,30.0878
34980,hpi_forecast_8q_lo,2026-06,-11.6442
34980,hpi_index_error,2026-06,0.56
34980,hpi_surprise_4q,2025-06,-3.0879
34980,hpi_trend_5y,2026-06,7.8386
34980,hpi_yoy_latest,2026-06,1.6357
35004,hpi_forecast_4q,2026-06,5.8783
35004,hpi_forecast_4q_hi,2026-06,17.3927
35004,hpi_forecast_4q_lo,2026-06,-3.9181
35004,hpi_forecast_8q,2026-06,12.7229
35004,hpi_forecast_8q_hi,2026-06,38.2452
35004,hpi_forecast_8q_lo,2026-06,-6.0512
35004,hpi_index_error,2026-06,0.68
35004,hpi_surprise_4q,2025-06,-0.2715
35004,hpi_trend_5y,2026-06,8.1146
35004,hpi_yoy_latest,2026-06,6.3505
35084,hpi_forecast_4q,2026-06,5.9136
35084,hpi_forecast_4q_hi,2026-06,17.3958
35084,hpi_forecast_4q_lo,2026-06,-3.8557
35084,hpi_forecast_8q,2026-06,12.8203
35084,hpi_forecast_8q_hi,2026-06,38.2712
35084,hpi_forecast_8q_lo,2026-06,-5.9199
35084,hpi_index_error,2026-06,0.81
35084,hpi_surprise_4q,2025-06,-0.383
35084,hpi_trend_5y,2026-06,8.9821
35084,hpi_yoy_latest,2026-06,6.3378
35300,hpi_forecast_4q,2026-06,5.7061
35300,hpi_forecast_4q_hi,2026-06,17.2004
35300,hpi_forecast_4q_lo,2026-06,-4.1611
35300,hpi_forecast_8q,2026-06,11.7846
35300,hpi_forecast_8q_hi,2026-06,37.0933
35300,hpi_forecast_8q_lo,2026-06,-7.0708
35300,hpi_index_error,2026-06,1.67
35300,hpi_surprise_4q,2025-06,-0.2088
35300,hpi_trend_5y,2026-06,9.1477
35300,hpi_yoy_latest,2026-06,6.0194
35380,hpi_forecast_4q,2026-06,2.8829
35380,hpi_forecast_4q_hi,2026-06,13.6515
35380,hpi_forecast_4q_lo,2026-06,-6.7056
35380,hpi_forecast_8q,2026-06,7.1447
35380,hpi_forecast_8q_hi,2026-06,30.3917
35380,hpi_forecast_8q_lo,2026-06,-10.4871
35380,hpi_index_error,2026-06,1.63
35380,hpi_surprise_4q,2025-06,0.579
35380,hpi_trend_5y,2026-06,2.6324
35380,hpi_yoy_latest,2026-06,2.662
35614,hpi_forecast_4q,2026-06,5.7821
35614,hpi_forecast_4q_hi,2026-06,17.2338
35614,hpi_forecast_4q_lo,2026-06,-3.9628
35614,hpi_forecast_8q,2026-06,12.3787
35614,hpi_forecast_8q_hi,2026-06,37.5502
35614,hpi_forecast_8q_lo,2026-06,-6.1708
35614,hpi_index_error,2026-06,0.77
35614,hpi_surprise_4q,2025-06,-1.0438
35614,hpi_trend_5y,2026-06,7.7229
35614,hpi_yoy_latest,2026-06,5.7219
35660,hpi_forecast_4q,2026-06,6.1158
35660,hpi_forecast_4q_hi,2026-06,17.7021
35660,hpi_forecast_4q_lo,2026-06,-3.7164
35660,hpi_forecast_8q,2026-06,13.1249
35660,hpi_forecast_8q_hi,2026-06,38.9822
35660,hpi_forecast_8q_lo,2026-06,-5.8208
35660,hpi_index_error,2026-06,3.79
35660,hpi_surprise_4q,2025-06,3.3
35660,hpi_trend_5y,2026-06,8.6082
35660,hpi_yoy_latest,2026-06,7.6077
35840,hpi_forecast_4q,2026-06,-0.2027
35840,hpi_forecast_4q_hi,2026-06,9.9394
35840,hpi_forecast_4q_lo,2026-06,-9.7294
35840,hpi_forecast_8q,2026-06,1.3289
35840,hpi_forecast_8q_hi,2026-06,23.4822
35840,hpi_forecast_8q_lo,2026-06,-16.1888
35840,hpi_index_error,2026-06,0.94
35840,hpi_surprise_4q,2025-06,-1.1297
35840,hpi_trend_5y,2026-06,6.5832
35840,hpi_yoy_latest,2026-06,-0.4596
35980,hpi_forecast_4q,2026-06,8.1931
35980,hpi_forecast_4q_hi,2026-06,20.1791
35980,hpi_forecast_4q_lo,2026-06,-1.5272
35980,hpi_forecast_8q,2026-06,18.7372
35980,hpi_forecast_8q_hi,2026-06,46.6767
35980,hpi_forecast_8q_lo,2026-06,-0.5734
35980,hpi_index_error,2026-06,2.41
35980,hpi_surprise_4q,2025-06,-0.9552
35980,hpi_trend_5y,2026-06,9.9775
35980,hpi_yoy_latest,2026-06,6.3603
36084,hpi_forecast_4q,2026-06,0.4846
36084,hpi_forecast_4q_hi,2026-06,10.622
36084,hpi_forecast_4q_lo,2026-06,-8.8983
36084,hpi_forecast_8q,2026-06,2.7012
36084,hpi_forecast_8q_hi,2026-06,24.0529
36084,hpi_forecast_8q_lo,2026-06,-13.9976
36084,hpi_index_error,2026-06,0.79
36084,hpi_surprise_4q,2025-06,-6.9024
36084,hpi_trend_5y,2026-06,1.5946
36084,hpi_yoy_latest,2026-06,-4.7997
36100,hpi_forecast_4q,2026-06,1.647
36100,hpi_forecast_4q_hi,2026-06,12.2155
36100,hpi_forecast_4q_lo,2026-06,-8.0613
36100,hpi_forecast_8q,2026-06,5.3415
36100,hpi_forecast_8q_hi,2026-06,29.6372
36100,hpi_forecast_8q_lo,2026-06,-13.417
36100,hpi_index_error,2026-06,1.62
36100,hpi_surprise_4q,2025-06,-1.5761
36100,hpi_trend_5y,2026-06,8.1773
36100,hpi_yoy_latest,2026-06,2.1767
36220,hpi_forecast_4q,2026-06,3.6912
36220,hpi_forecast_4q_hi,2026-06,14.6288
36220,hpi_forecast_4q_lo,2026-06,-5.9541
36220,hpi_forecast_8q,2026-06,8.922
36220,hpi_forecast_8q_hi,2026-06,33.1861
36220,hpi_forecast_8q_lo,2026-06,-9.335
36220,hpi_index_error,2026-06,4.08
36220,hpi_surprise_4q,2025-06,-6.1623
36220,hpi_trend_5y,2026-06,4.5234
36220,hpi_yoy_latest,2026-06,0.06
36260,hpi_forecast_4q,2026-06,3.0739
36260,hpi_forecast_4q_hi,2026-06,13.9133
36260,hpi_forecast_4q_lo,2026-06,-6.5737
36260,hpi_forecast_8q,2026-06,7.505
36260,hpi_forecast_8q_hi,2026-06,31.3593
36260,hpi_forecast_8q_lo,2026-06,-10.5622
36260,hpi_index_error,2026-06,1.38
36260,hpi_surprise_4q,2025-06,-0.107
36260,hpi_trend_5y,2026-06,5.8971
36260,hpi_yoy_latest,2026-06,3.6792
36420,hpi_forecast_4q,2026-06,3.1305
36420,hpi_forecast_4q_hi,2026-06,13.9481
36420,hpi_forecast_4q_lo,2026-06,-6.4926
36420,hpi_forecast_8q,2026-06,7.7258
36420,hpi_forecast_8q_hi,2026-06,31.4747
36420,hpi_forecast_8q_lo,2026-06,-10.3108
36420,hpi_index_error,2026-06,0.78
36420,hpi_surprise_4q,2025-06,-1.4984
36420,hpi_trend_5y,2026-06,6.4022
36420,hpi_yoy_latest,2026-06,2.4123
36500,hpi_forecast_4q,2026-06,2.4666
36500,hpi_forecast_4q_hi,2026-06,13.1377
36500,hpi_forecast_4q_lo,2026-06,-7.145
36500,hpi_forecast_8q,2026-06,6.3342
36500,hpi_forecast_8q_hi,2026-06,29.6172
36500,hpi_forecast_8q_lo,2026-06,-11.5074
36500,hpi_index_error,2026-06,1.41
36500,hpi_surprise_4q,2025-06,-0.9828
36500,hpi_trend_5y,2026-06,5.6707
36500,hpi_yoy_latest,2026-06,2.9714
36540,hpi_forecast_4q,2026-06,4.6951
36540,hpi_forecast_4q_hi,2026-06,15.9576
36540,hpi_forecast_4q_lo,2026-06,-5.0636
36540,hpi_forecast_8q,2026-06,10.6086
36540,hpi_forecast_8q_hi,2026-06,35.8447
36540,hpi_forecast_8q_lo,2026-06,-8.1188
36540,hpi_index_error,2026-06,0.92
36540,hpi_surprise_4q,2025-06,-0.0242
36540,hpi_trend_5y,2026-06,6.9818
36540,hpi_yoy_latest,2026-06,4.1504
36740,hpi_forecast_4q,2026-06,1.395
36740,hpi_forecast_4q_hi,2026-06,11.8262
36740,hpi_forecast_4q_lo,2026-06,-8.134
36740,hpi_forecast_8q,2026-06,4.4079
36740,hpi_forecast_8q_hi,2026-06,27.0856
36740,hpi_forecast_8q_lo,2026-06,-13.1171
36740,hpi_index_error,2026-06,0.55
36740,hpi_surprise_4q,2025-06,-3.1217
36740,hpi_trend_5y,2026-06,7.7753
36740,hpi_yoy_latest,2026-06,0.825
36780,hpi_forecast_4q,2026-06,5.7587
36780,hpi_forecast_4q_hi,2026-06,17.212
36780,hpi_forecast_4q_lo,2026-06,-4.053
36780,hpi_forecast_8q,2026-06,12.3964
36780,hpi_forecast_8q_hi,2026-06,37.8561
36780,hpi_forecast_8q_lo,2026-06,-6.508
36780,hpi_index_error,2026-06,2.71
36780,hpi_surprise_4q,2025-06,0.3804
36780,hpi_trend_5y,2026-06,9.2892
36780,hpi_yoy_latest,2026-06,5.9082
36980,hpi_forecast_4q,2026-06,6.318
36980,hpi_forecast_4q_hi,2026-06,17.9223
36980,hpi_forecast_4q_lo,2026-06,-3.5051
36980,hpi_forecast_8q,2026-06,13.5819
36980,hpi_forecast_8q_hi,2026-06,39.5634
36980,hpi_forecast_8q_lo,2026-06,-5.4588
36980,hpi_index_error,2026-06,3.74
36980,hpi_surprise_4q,2025-06,8.7986
36980,hpi_trend_5y,2026-06,8.2499
36980,hpi_yoy_latest,2026-06,12.9883
37100,hpi_forecast_4q,2026-06,2.0064
37100,hpi_forecast_4q_hi,2026-06,12.5379
37100,hpi_forecast_4q_lo,2026-06,-7.5076
37100,hpi_forecast_8q,2026-06,5.5134
37100,hpi_forecast_8q_hi,2026-06,28.0113
37100,hpi_forecast_8q_lo,2026-06,-11.7525
37100,hpi_index_error,2026-06,1.11
37100,hpi_surprise_4q,2025-06,-5.2369
37100,hpi_trend_5y,2026-06,5.1698
37100,hpi_yoy_latest,2026-06,-1.3402
37140,hpi_forecast_4q,2026-06,5.4447
37140,hpi_forecast_4q_hi,2026-06,16.8304
37140,hpi_forecast_4q_lo,2026-06,-4.3228
37140,hpi_forecast_8q,2026-06,11.9062
37140,hpi_forecast_8q_hi,2026-06,37.0864
37140,hpi_forecast_8q_lo,2026-06,-6.7133
37140,hpi_index_error,2026-06,5.63
37140,hpi_surprise_4q,2025-06,6.9233
37140,hpi_trend_5y,2026-06,8.0524
37140,hpi_yoy_latest,2026-06,11.3828
37340,hpi_forecast_4q,2026-06,1.8481
37340,hpi_forecast_4q_hi,2026-06,12.3439
37340,hpi_forecast_4q_lo,2026-06,-7.7094
37340,hpi_forecast_8q,2026-06,5.3879
37340,hpi_forecast_8q_hi,2026-06,28.2748
37340,hpi_forecast_8q_lo,2026-06,-12.334
37340,hpi_index_error,2026-06,1.04
37340,hpi_surprise_4q,2025-06,-0.0552
37340,hpi_trend_5y,2026-06,7.0317
37340,hpi_yoy_latest,2026-06,2.1679
37460,hpi_forecast_4q,2026-06,2.8938
37460,hpi_forecast_4q_hi,2026-06,13.6726
37460,hpi_forecast_4q_lo,2026-06,-6.7532
37460,hpi_forecast_8q,2026-06,7.3861
37460,hpi_forecast_8q_hi,2026-06,31.3915
37460,hpi_forecast_8q_lo,2026-06,-10.9152
37460,hpi_index_error,2026-06,2.36
37460,hpi_surprise_4q,2025-06,-1.0562
37460,hpi_trend_5y,2026-06,7.1365
37460,hpi_yoy_latest,2026-06,3.129
37620,hpi_forecast_4q,2026-06,5.4778
37620,hpi_forecast_4q_hi,2026-06,16.8347
37620,hpi_forecast_4q_lo,2026-06,-4.2491
37620,hpi_forecast_8q,2026-06,12.1578
37620,hpi_forecast_8q_hi,2026-06,37.2206
37620,hpi_forecast_8q_lo,2026-06,-6.3354
37620,hpi_index_error,2026-06,6.16
37620,hpi_surprise_4q,2025-06,4.0711
37620,hpi_trend_5y,2026-06,6.8381
37620,hpi_yoy_latest,2026-06,8.5624
37860,hpi_forecast_4q,2026-06,3.3177
37860,hpi_forecast_4q_hi,2026-06,14.2026
37860,hpi_forecast_4q_lo,2026-06,-6.3573
37860,hpi_forecast_8q,2026-06,7.8823
37860,hpi_forecast_8q_hi,2026-06,31.7848
37860,hpi_forecast_8q_lo,2026-06,-10.3166
37860,hpi_index_error,2026-06,1.48
37860,hpi_surprise_4q,2025-06,-3.3947
37860,hpi_trend_5y,2026-06,7.3393
37860,hpi_yoy_latest,2026-06,0.9678
37900,hpi_forecast_4q,2026-06,6.2556
37900,hpi_forecast_4q_hi,2026-06,17.8656
37900,hpi_forecast_4q_lo,2026-06,-3.5765
37900,hpi_forecast_8q,2026-06,13.4414
37900,hpi_forecast_8q_hi,2026-06,39.3837
37900,hpi_forecast_8q_lo,2026-06,-5.5041
37900,hpi_index_error,2026-06,1.95
37900,hpi_surprise_4q,2025-06,-3.0828
37900,hpi_trend_5y,2026-06,7.6524
37900,hpi_yoy_latest,2026-06,3.6822
37964,hpi_forecast_4q,2026-06,4.5724
37964,hpi_forecast_4q_hi,2026-06,15.7038
37964,hpi_forecast_4q_lo,2026-06,-5.0604
37964,hpi_forecast_8q,2026-06,10.5418
37964,hpi_forecast_8q_hi,2026-06,35.0145
37964,hpi_forecast_8q_lo,2026-06,-7.6123
37964,hpi_index_error,2026-06,0.89
37964,hpi_surprise_4q,2025-06,-1.2351
37964,hpi_trend_5y,2026-06,5.9485
37964,hpi_yoy_latest,2026-06,4.2807
38060,hpi_forecast_4q,2026-06,1.7204
38060,hpi_forecast_4q_hi,2026-06,12.2119
38060,hpi_forecast_4q_lo,2026-06,-7.8248
38060,hpi_forecast_8q,2026-06,5.0282
38060,hpi_forecast_8q_hi,2026-06,27.836
38060,hpi_forecast_8q_lo,2026-06,-12.5851
38060,hpi_index_error,2026-06,0.31
38060,hpi_surprise_4q,2025-06,-2.609
38060,hpi_trend_5y,2026-06,6.3179
38060,hpi_yoy_latest,2026-06,0.8483
38240,hpi_forecast_4q,2026-06,2.1857
38240,hpi_forecast_4q_hi,2026-06,12.8561
38240,hpi_forecast_4q_lo,2026-06,-7.5147
38240,hpi_forecast_8q,2026-06,5.8078
38240,hpi_forecast_8q_hi,2026-06,29.5505
38240,hpi_forecast_8q_lo,2026-06,-12.5696
38240,hpi_index_error,2026-06,11.53
38240,hpi_surprise_4q,2025-06,-7.6562
38240,hpi_trend_5y,2026-06,9.1414
38240,hpi_yoy_latest,2026-06,-2.2365
38300,hpi_forecast_4q,2026-06,3.9039
38300,hpi_forecast_4q_hi,2026-06,14.8804
38300,hpi_forecast_4q_lo,2026-06,-5.7467
38300,hpi_forecast_8q,2026-06,9.1078
38300,hpi_forecast_8q_hi,2026-06,33.1449
38300,hpi_forecast_8q_lo,2026-06,-8.9692
38300,hpi_index_error,2026-06,0.87
38300,hpi_surprise_4q,2025-06,-1.8781
38300,hpi_trend_5y,2026-06,6.4571
38300,hpi_yoy_latest,2026-06,3.4071
38340,hpi_forecast_4q,2026-06,4.9096
38340,hpi_forecast_4q_hi,2026-06,16.1504
38340,hpi_forecast_4q_lo,2026-06,-4.7867
38340,hpi_forecast_8q,2026-06,10.9744
38340,hpi_forecast_8q_hi,2026-06,35.6994
38340,hpi_forecast_8q_lo,2026-06,-7.3208
38340,hpi_index_error,2026-06,3.99
38340,hpi_surprise_4q,2025-06,1.3601
38340,hpi_trend_5y,2026-06,9.2109
38340,hpi_yoy_latest,2026-06,6.3233
38540,hpi_forecast_4q,2026-06,3.118
38540,hpi_forecast_4q_hi,2026-06,13.9867
38540,hpi_forecast_4q_lo,2026-06,-6.5652
38540,hpi_forecast_8q,2026-06,7.3892
38540,hpi_forecast_8q_hi,2026-06,31.3248
38540,hpi_forecast_8q_lo,2026-06,-10.7964
38540,hpi_index_error,2026-06,3.05
38540,hpi_surprise_4q,2025-06,-2.3783
38540,hpi_trend_5y,2026-06,6.9277
38540,hpi_yoy_latest,2026-06,2.2802
38860,hpi_forecast_4q,2026-06,4.7949
38860,hpi_forecast_4q_hi,2026-06,16.1092
38860,hpi_forecast_4q_lo,2026-06,-5.036
38860,hpi_forecast_8q,2026-06,10.4999
38860,hpi_forecast_8q_hi,2026-06,35.8649
38860,hpi_forecast_8q_lo,2026-06,-8.4198
38860,hpi_index_error,2026-06,1.89
38860,hpi_surprise_4q,2025-06,-0.61
38860,hpi_trend_5y,2026-06,9.2867
38860,hpi_yoy_latest,2026-06,4.5169
38900,hpi_forecast_4q,2026-06,2.3064
38900,hpi_forecast_4q_hi,2026-06,12.8946
38900,hpi_forecast_4q_lo,2026-06,-7.2236
38900,hpi_forecast_8q,2026-06,6.2465
38900,hpi_forecast_8q_hi,2026-06,29.08
38900,hpi_forecast_8q_lo,2026-06,-11.2597
38900,hpi_index_error,2026-06,0.47
38900,hpi_surprise_4q,2025-06,-1.9723
38900,hpi_trend_5y,2026-06,3.9167
38900,hpi_yoy_latest,2026-06,1.3946
38940,hpi_forecast_4q,2026-06,1.1628
38940,hpi_forecast_4q_hi,2026-06,11.5303
38940,hpi_forecast_4q_lo,2026-06,-8.3746
38940,hpi_forecast_8q,2026-06,4.5165
38940,hpi_forecast_8q_hi,2026-06,27.4358
38940,hpi_forecast_8q_lo,2026-06,-13.2404
38940,hpi_index_error,2026-06,1.49
38940,hpi_surprise_4q,2025-06,-4.4152
38940,hpi_trend_5y,2026-06,7.7295
38940,hpi_yoy_latest,2026-06,-0.5925
39150,hpi_forecast_4q,2026-06,2.8303
39150,hpi_forecast_4q_hi,2026-06,13.6509
39150,hpi_forecast_4q_lo,2026-06,-6.8787
39150,hpi_forecast_8q,2026-06,6.9493
39150,hpi_forecast_8q_hi,2026-06,30.8539
39150,hpi_forecast_8q_lo,2026-06,-11.3234
39150,hpi_index_error,2026-06,1.51
39150,hpi_surprise_4q,2025-06,-5.9763
39150,hpi_trend_5y,2026-06,6.1006
39150,hpi_yoy_latest,2026-06,-0.7297
39300,hpi_forecast_4q,2026-06,4.9335
39300,hpi_forecast_4q_hi,2026-06,16.1455
39300,hpi_forecast_4q_lo,2026-06,-4.7433
39300,hpi_forecast_8q,2026-06,11.1612
39300,hpi_forecast_8q_hi,2026-06,35.7435
39300,hpi_forecast_8q_lo,2026-06,-7.1573
39300,hpi_index_error,2026-06,0.93
39300,hpi_surprise_4q,2025-06,-1.4901
39300,hpi_trend_5y,2026-06,8.726
39300,hpi_yoy_latest,2026-06,4.6954
39340,hpi_forecast_4q,2026-06,3.0489
39340,hpi_forecast_4q_hi,2026-06,13.8737
39340,hpi_forecast_4q_lo,2026-06,-6.585
39340,hpi_forecast_8q,2026-06,7.5095
39340,hpi_forecast_8q_hi,2026-06,31.528
39340,hpi_forecast_8q_lo,2026-06,-10.686
39340,hpi_index_error,2026-06,1.78
39340,hpi_surprise_4q,2025-06,-0.8293
39340,hpi_trend_5y,2026-06,6.0586
39340,hpi_yoy_latest,2026-06,3.4974
39380,hpi_forecast_4q,2026-06,0.6836
39380,hpi_forecast_4q_hi,2026-06,10.8579
39380,hpi_forecast_4q_lo,2026-06,-8.6767
39380,hpi_forecast_8q,2026-06,3.3754
39380,hpi_forecast_8q_hi,2026-06,24.8438
39380,hpi_forecast_8q_lo,2026-06,-13.2941
39380,hpi_index_error,2026-06,2.26
39380,hpi_surprise_4q,2025-06,-6.3798
39380,hpi_trend_5y,2026-06,3.96
39380,hpi_yoy_latest,2026-06,-2.8977
39460,hpi_forecast_4q,2026-06,-0.7318
39460,hpi_forecast_4q_hi,2026-06,9.2556
39460,hpi_forecast_4q_lo,2026-06,-10.2336
39460,hpi_forecast_8q,2026-06,1.0249
39460,hpi_forecast_8q_hi,2026-06,23.171
39460,hpi_forecast_8q_lo,2026-06,-16.5678
39460,hpi_index_error,2026-06,2.02
39460,hpi_surprise_4q,2025-06,0.9547
39460,hpi_trend_5y,2026-06,4.7832
39460,hpi_yoy_latest,2026-06,-0.1811
39540,hpi_forecast_4q,2026-06,6.2505
39540,hpi_forecast_4q_hi,2026-06,17.8931
39540,hpi_forecast_4q_lo,2026-06,-3.6133
39540,hpi_forecast_8q,2026-06,13.3794
39540,hpi_forecast_8q_hi,2026-06,39.5243
39540,hpi_forecast_8q_lo,2026-06,-5.7618
39540,hpi_index_error,2026-06,3.2
39540,hpi_surprise_4q,2025-06,0.584
39540,hpi_trend_5y,2026-06,9.3752
39540,hpi_yoy_latest,2026-06,7.2018
39580,hpi_forecast_4q,2026-06,1.6539
39580,hpi_forecast_4q_hi,2026-06,12.1823
39580,hpi_forecast_4q_lo,2026-06,-7.9729
39580,hpi_forecast_8q,2026-06,4.9184
39580,hpi_forecast_8q_hi,2026-06,28.1901
39580,hpi_forecast_8q_lo,2026-06,-13.1318
39580,hpi_index_error,2026-06,0.56
39580,hpi_surprise_4q,2025-06,-2.7272
39580,hpi_trend_5y,2026-06,7.696
39580,hpi_yoy_latest,2026-06,1.0959
39660,hpi_forecast_4q,2026-06,3.2071
39660,hpi_forecast_4q_hi,2026-06,14.0864
39660,hpi_forecast_4q_lo,2026-06,-6.4318
39660,hpi_forecast_8q,2026-06,7.7263
39660,hpi_forecast_8q_hi,2026-06,31.6063
39660,hpi_forecast_8q_lo,2026-06,-10.3147
39660,hpi_index_error,2026-06,2.04
39660,hpi_surprise_4q,2025-06,-3.2336
39660,hpi_trend_5y,2026-06,7.7292
39660,hpi_yoy_latest,2026-06,1.7763
39740,hpi_forecast_4q,2026-06,5.8932
39740,hpi_forecast_4q_hi,2026-06,17.3929
39740,hpi_forecast_4q_lo,2026-06,-3.8888
39740,hpi_forecast_8q,2026-06,12.9023
39740,hpi_forecast_8q_hi,2026-06,38.5523
39740,hpi_forecast_8q_lo,2026-06,-5.9243
39740,hpi_index_error,2026-06,2.41
39740,hpi_surprise_4q,2025-06,-1.1599
39740,hpi_trend_5y,2026-06,9.0147
39740,hpi_yoy_latest,2026-06,4.5725
39820,hpi_forecast_4q,2026-06,1.9582
39820,hpi_forecast_4q_hi,2026-06,12.4907
39820,hpi_forecast_4q_lo,2026-06,-7.6142
39820,hpi_forecast_8q,2026-06,5.3476
39820,hpi_forecast_8q_hi,2026-06,27.9143
39820,hpi_forecast_8q_lo,2026-06,-12.1359
39820,hpi_index_error,2026-06,1.84
39820,hpi_surprise_4q,2025-06,-2.5733
39820,hpi_trend_5y,2026-06,3.7666
39820,hpi_yoy_latest,2026-06,0.8995
39900,hpi_forecast_4q,2026-06,3.4947
39900,hpi_forecast_4q_hi,2026-06,14.414
39900,hpi_forecast_4q_lo,2026-06,-6.1756
39900,hpi_forecast_8q,2026-06,8.3572
39900,hpi_forecast_8q_hi,2026-06,32.4089
39900,hpi_forecast_8q_lo,2026-06,-9.8592
39900,hpi_index_error,2026-06,0.96
39900,hpi_surprise_4q,2025-06,-0.4625
39900,hpi_trend_5y,2026-06,5.4429
39900,hpi_yoy_latest,2026-06,3.7563
40060,hpi_forecast_4q,2026-06,4.0194
40060,hpi_forecast_4q_hi,2026-06,15.0973
40060,hpi_forecast_4q_lo,2026-06,-5.7066
40060,hpi_forecast_8q,2026-06,9.2481
40060,hpi_forecast_8q_hi,2026-06,33.8808
40060,hpi_forecast_8q_lo,2026-06,-9.2696
40060,hpi_index_error,2026-06,0.66
40060,hpi_surprise_4q,2025-06,-1.7418
40060,hpi_trend_5y,2026-06,8.1092
40060,hpi_yoy_latest,2026-06,3.3736
40140,hpi_forecast_4q,2026-06,2.2029
40140,hpi_forecast_4q_hi,2026-06,12.8057
40140,hpi_forecast_4q_lo,2026-06,-7.3606
40140,hpi_forecast_8q,2026-06,5.9096
40140,hpi_forecast_8q_hi,2026-06,28.7695
40140,hpi_forecast_8q_lo,2026-06,-11.6731
40140,hpi_index_error,2026-06,0.42
40140,hpi_surprise_4q,2025-06,-3.1772
40140,hpi_trend_5y,2026-06,6.3282
40140,hpi_yoy_latest,2026-06,0.8311
40220,hpi_forecast_4q,2026-06,4.2551
40220,hpi_forecast_4q_hi,2026-06,15.3614
40220,hpi_forecast_4q_lo,2026-06,-5.4398
40220,hpi_forecast_8q,2026-06,9.6405
40220,hpi_forecast_8q_hi,2026-06,33.9816
40220,hpi_forecast_8q_lo,2026-06,-8.618
40220,hpi_index_error,2026-06,1.45
40220,hpi_surprise_4q,2025-06,-2.0885
40220,hpi_trend_5y,2026-06,8.6261
40220,hpi_yoy_latest,2026-06,3.3387
40340,hpi_forecast_4q,2026-06,4.4277
40340,hpi_forecast_4q_hi,2026-06,15.5585
40340,hpi_forecast_4q_lo,2026-06,-5.2652
40340,hpi_forecast_8q,2026-06,10.0628
40340,hpi_forecast_8q_hi,2026-06,34.5804
40340,hpi_forecast_8q_lo,2026-06,-8.2567
40340,hpi_index_error,2026-06,1.28
40340,hpi_surprise_4q,2025-06,-1.0896
40340,hpi_trend_5y,2026-06,5.8066
40340,hpi_yoy_latest,2026-06,2.9931
40380,hpi_forecast_4q,2026-06,5.5273
40380,hpi_forecast_4q_hi,2026-06,16.924
40380,hpi_forecast_4q_lo,2026-06,-4.2456
40380,hpi_forecast_8q,2026-06,11.9605
40380,hpi_forecast_8q_hi,2026-06,37.1448
40380,hpi_forecast_8q_lo,2026-06,-6.686
40380,hpi_index_error,2026-06,1.35
40380,hpi_surprise_4q,2025-06,-2.8836
40380,hpi_trend_5y,2026-06,10.12
40380,hpi_yoy_latest,2026-06,4.465
40420,hpi_forecast_4q,2026-06,4.3625
40420,hpi_forecast_4q_hi,2026-06,15.4382
40420,hpi_forecast_4q_lo,2026-06,-5.282
40420,hpi_forecast_8q,2026-06,10.1808
40420,hpi_forecast_8q_hi,2026-06,34.521
40420,hpi_forecast_8q_lo,2026-06,-7.9706
40420,hpi_index_error,2026-06,1.66
40420,hpi_surprise_4q,2025-06,1.2129
40420,hpi_trend_5y,2026-06,10.3673
40420,hpi_yoy_latest,2026-06,8.1467
40484,hpi_forecast_4q,2026-06,5.2308
40484,hpi_forecast_4q_hi,2026-06,16.6277
40484,hpi_forecast_4q_lo,2026-06,-4.6073
40484,hpi_forecast_8q,2026-06,11.5906
40484,hpi_forecast_8q_hi,2026-06,37.1777
40484,hpi_forecast_8q_lo,2026-06,-7.375
40484,hpi_index_error,2026-06,2.3
40484,hpi_surprise_4q,2025-06,-2.0305
40484,hpi_trend_5y,2026-06,8.95
40484,hpi_yoy_latest,2026-06,3.8115
40580,hpi_forecast_4q,2026-06,2.0012
40580,hpi_forecast_4q_hi,2026-06,12.5477
40580,hpi_forecast_4q_lo,2026-06,-7.5478
40580,hpi_forecast_8q,2026-06,5.5912
40580,hpi_forecast_8q_hi,2026-06,28.3667
40580,hpi_forecast_8q_lo,2026-06,-11.9847
40580,hpi_index_error,2026-06,5.21
40580,hpi_surprise_4q,2025-06,-7.3735
40580,hpi_trend_5y,2026-06,7.6087
40580,hpi_yoy_latest,2026-06,-2.2241
40660,hpi_forecast_4q,2026-06,1.9127
40660,hpi_forecast_4q_hi,2026-06,12.3874
40660,hpi_forecast_4q_lo,2026-06,-7.5656
40660,hpi_forecast_8q,2026-06,5.6524
40660,hpi_forecast_8q_hi,2026-06,28.2345
40660,hpi_forecast_8q_lo,2026-06,-11.646
40660,hpi_index_error,2026-06,2.94
40660,hpi_surprise_4q,2025-06,-6.7613
40660,hpi_trend_5y,2026-06,8.041
40660,hpi_yoy_latest,2026-06,-1.6094
40900,hpi_forecast_4q,2026-06,1.7488
40900,hpi_forecast_4q_hi,2026-06,12.2188
40900,hpi_forecast_4q_lo,2026-06,-7.7774
40900,hpi_forecast_8q,2026-06,5.0574
40900,hpi_forecast_8q_hi,2026-06,27.5921
40900,hpi_forecast_8q_lo,2026-06,-12.3731
40900,hpi_index_error,2026-06,0.54
40900,hpi_surprise_4q,2025-06,-3.1542
40900,hpi_trend_5y,2026-06,3.6913
40900,hpi_yoy_latest,2026-06,0.0759
40980,hpi_forecast_4q,2026-06,5.2692
40980,hpi_forecast_4q_hi,2026-06,16.5838
40980,hpi_forecast_4q_lo,2026-06,-4.4677
40980,hpi_forecast_8q,2026-06,11.7013
40980,hpi_forecast_8q_hi,2026-06,36.7498
40980,hpi_forecast_8q_lo,2026-06,-6.8411
40980,hpi_index_error,2026-06,5.25
40980,hpi_surprise_4q,2025-06,-1.027
40980,hpi_trend_5y,2026-06,8.0683
40980,hpi_yoy_latest,2026-06,4.3049
41060,hpi_forecast_4q,2026-06,3.9029
41060,hpi_forecast_4q_hi,2026-06,14.8685
41060,hpi_forecast_4q_lo,2026-06,-5.7225
41060,hpi_forecast_8q,2026-06,9.076
41060,hpi_forecast_8q_hi,2026-06,33.0033
41060,hpi_forecast_8q_lo,2026-06,-8.9373
41060,hpi_index_error,2026-06,2.18
41060,hpi_surprise_4q,2025-06,-1.1666
41060,hpi_trend_5y,2026-06,6.3231
41060,hpi_yoy_latest,2026-06,3.2079
41100,hpi_forecast_4q,2026-06,1.1085
41100,hpi_forecast_4q_hi,2026-06,11.513
41100,hpi_forecast_4q_lo,2026-06,-8.4995
41100,hpi_forecast_8q,2026-06,3.9754
41100,hpi_forecast_8q_hi,2026-06,27.0235
41100,hpi_forecast_8q_lo,2026-06,-14.0403
41100,hpi_index_error,2026-06,2.45
41100,hpi_surprise_4q,2025-06,-4.4605
41100,hpi_trend_5y,2026-06,5.3183
41100,hpi_yoy_latest,2026-06,-0.1277
41140,hpi_forecast_4q,2026-06,4.644
41140,hpi_forecast_4q_hi,2026-06,15.7881
41140,hpi_forecast_4q_lo,2026-06,-5.0054
41140,hpi_forecast_8q,2026-06,10.6733
41140,hpi_forecast_8q_hi,2026-06,35.0588
41140,hpi_forecast_8q_lo,2026-06,-7.5052
41140,hpi_index_error,2026-06,3.87
41140,hpi_surprise_4q,2025-06,-3.5177
41140,hpi_trend_5y,2026-06,8.6284
41140,hpi_yoy_latest,2026-06,2.7006
41180,hpi_forecast_4q,2026-06,4.6459
41180,hpi_forecast_4q_hi,2026-06,15.8031
41180,hpi_forecast_4q_lo,2026-06,-5.0382
41180,hpi_forecast_8q,2026-06,10.4762
41180,hpi_forecast_8q_hi,2026-06,35.0313
41180,hpi_forecast_8q_lo,2026-06,-7.8228
41180,hpi_index_error,2026-06,0.58
41180,hpi_surprise_4q,2025-06,-1.3236
41180,hpi_trend_5y,2026-06,7.0446
41180,hpi_yoy_latest,2026-06,4.1201
41304,hpi_forecast_4q,2026-06,1.669
41304,hpi_forecast_4q_hi,2026-06,12.1349
41304,hpi_forecast_4q_lo,2026-06,-7.8123
41304,hpi_forecast_8q,2026-06,4.512
41304,hpi_forecast_8q_hi,2026-06,26.5475
41304,hpi_forecast_8q_lo,2026-06,-12.5435
41304,hpi_index_error,2026-06,0.77
41304,hpi_surprise_4q,2025-06,-1.559
41304,hpi_trend_5y,2026-06,7.5074
41304,hpi_yoy_latest,2026-06,-0.0891
41420,hpi_forecast_4q,2026-06,2.7504
41420,hpi_forecast_4q_hi,2026-06,13.4402
41420,hpi_forecast_4q_lo,2026-06,-6.8132
41420,hpi_forecast_8q,2026-06,7.0188
41420,hpi_forecast_8q_hi,2026-06,30.2689
41420,hpi_forecast_8q_lo,2026-06,-10.6672
41420,hpi_index_error,2026-06,1.45
41420,hpi_surprise_4q,2025-06,-4.5744
41420,hpi_trend_5y,2026-06,5.0103
41420,hpi_yoy_latest,2026-06,-0.2237
41500,hpi_forecast_4q,2026-06,2.7398
41500,hpi_forecast_4q_hi,2026-06,13.4268
41500,hpi_forecast_4q_lo,2026-06,-6.8203
41500,hpi_forecast_8q,2026-06,6.7368
41500,hpi_forecast_8q_hi,2026-06,29.6275
41500,hpi_forecast_8q_lo,2026-06,-10.7961
41500,hpi_index_error,2026-06,2.53
41500,hpi_surprise_4q,2025-06,0.7572
41500,hpi_trend_5y,2026-06,5.1201
41500,hpi_yoy_latest,2026-06,3.202
41540,hpi_forecast_4q,2026-06,2.5974
41540,hpi_forecast_4q_hi,2026-06,13.271
41540,hpi_forecast_4q_lo,2026-06,-6.972
41540,hpi_forecast_8q,2026-06,6.6967
41540,hpi_forecast_8q_hi,2026-06,29.7524
41540,hpi_forecast_8q_lo,2026-06,-10.9032
41540,hpi_index_error,2026-06,3.77
41540,hpi_surprise_4q,2025-06,-1.2958
41540,hpi_trend_5y,2026-06,8.5648
41540,hpi_yoy_latest,2026-06,3.4433
41620,hpi_forecast_4q,2026-06,2.7158
41620,hpi_forecast_4q_hi,2026-06,13.43
41620,hpi_forecast_4q_lo,2026-06,-6.8437
41620,hpi_forecast_8q,2026-06,6.8153
41620,hpi_forecast_8q_hi,2026-06,30.0849
41620,hpi_forecast_8q_lo,2026-06,-10.8759
41620,hpi_index_error,2026-06,0.87
41620,hpi_surprise_4q,2025-06,-1.6072
41620,hpi_trend_5y,2026-06,5.9259
41620,hpi_yoy_latest,2026-06,2.4147
41660,hpi_forecast_4q,2026-06,3.5778
41660,hpi_forecast_4q_hi,2026-06,14.4939
41660,hpi_forecast_4q_lo,2026-06,-6.068
41660,hpi_forecast_8q,2026-06,8.3801
41660,hpi_forecast_8q_hi,2026-06,32.165
41660,hpi_forecast_8q_lo,2026-06,-9.6273
41660,hpi_index_error,2026-06,3.71
41660,hpi_surprise_4q,2025-06,-1.9649
41660,hpi_trend_5y,2026-06,5.9329
41660,hpi_yoy_latest,2026-06,1.8229
41700,hpi_forecast_4q,2026-06,0.8098
41700,hpi_forecast_4q_hi,2026-06,10.987
41700,hpi_forecast_4q_lo,2026-06,-8.595
41700,hpi_forecast_8q,2026-06,3.8166
41700,hpi_forecast_8q_hi,2026-06,25.6956
41700,hpi_forecast_8q_lo,2026-06,-13.2246
41700,hpi_index_error,2026-06,1.44
41700,hpi_surprise_4q,2025-06,-3.1093
41700,hpi_trend_5y,2026-06,5.2658
41700,hpi_yoy_latest,2026-06,-0.5257
41740,hpi_forecast_4q,2026-06,3.1842
41740,hpi_forecast_4q_hi,2026-06,14.0574
41740,hpi_forecast_4q_lo,2026-06,-6.4492
41740,hpi_forecast_8q,2026-06,7.5828
41740,hpi_forecast_8q_hi,2026-06,31.1645
41740,hpi_forecast_8q_lo,2026-06,-10.2698
41740,hpi_index_error,2026-06,0.56
41740,hpi_surprise_4q,2025-06,-1.3561
41740,hpi_trend_5y,2026-06,7.0889
41740,hpi_yoy_latest,2026-06,2.4917
41780,hpi_forecast_4q,2026-06,5.7224
41780,hpi_forecast_4q_hi,2026-06,17.2194
41780,hpi_forecast_4q_lo,2026-06,-4.0688
41780,hpi_forecast_8q,2026-06,12.4444
41780,hpi_forecast_8q_hi,2026-06,37.9676
41780,hpi_forecast_8q_lo,2026-06,-6.3098
41780,hpi_index_error,2026-06,3.35
41780,hpi_surprise_4q,2025-06,0.004
41780,hpi_trend_5y,2026-06,10.079
41780,hpi_yoy_latest,2026-06,6.7791
41884,hpi_forecast_4q,2026-06,3.3546
41884,hpi_forecast_4q_hi,2026-06,14.1902
41884,hpi_forecast_4q_lo,2026-06,-6.2456
41884,hpi_forecast_8q,2026-06,8.0726
41884,hpi_forecast_8q_hi,2026-06,31.5792
41884,hpi_forecast_8q_lo,2026-06,-9.7478
41884,hpi_index_error,2026-06,2.12
41884,hpi_surprise_4q,2025-06,-2.4861
41884,hpi_trend_5y,2026-06,3.2774
41884,hpi_yoy_latest,2026-06,-0.2796
41940,hpi_forecast_4q,2026-06,2.2589
41940,hpi_forecast_4q_hi,2026-06,12.807
41940,hpi_forecast_4q_lo,2026-06,-7.2472
41940,hpi_forecast_8q,2026-06,5.8926
41940,hpi_forecast_8q_hi,2026-06,28.438
41940,hpi_forecast_8q_lo,2026-06,-11.4279
41940,hpi_index_error,2026-06,1.44
41940,hpi_surprise_4q,2025-06,-4.134
41940,hpi_trend_5y,2026-06,4.9681
41940,hpi_yoy_latest,2026-06,-0.9765
42020,hpi_forecast_4q,2026-06,2.7063
42020,hpi_forecast_4q_hi,2026-06,13.4087
42020,hpi_forecast_4q_lo,2026-06,-6.8985
42020,hpi_forecast_8q,2026-06,6.716
42020,hpi_forecast_8q_hi,2026-06,29.9016
42020,hpi_forecast_8q_lo,2026-06,-11.0294
42020,hpi_index_error,2026-06,1.96
42020,hpi_surprise_4q,2025-06,0.0502
42020,hpi_trend_5y,2026-06,6.4251
42020,hpi_yoy_latest,2026-06,3.3982
42034,hpi_forecast_4q,2026-06,2.7817
42034,hpi_forecast_4q_hi,2026-06,13.496
42034,hpi_forecast_4q_lo,2026-06,-6.7656
42034,hpi_forecast_8q,2026-06,6.7924
42034,hpi_forecast_8q_hi,2026-06,29.6351
42034,hpi_forecast_8q_lo,2026-06,-10.6301
42034,hpi_index_error,2026-06,3.12
42034,hpi_surprise_4q,2025-06,0.7265
42034,hpi_trend_5y,2026-06,3.7698
42034,hpi_yoy_latest,2026-06,3.5134
42100,hpi_forecast_4q,2026-06,2.3552
42100,hpi_forecast_4q_hi,2026-06,12.9647
42100,hpi_forecast_4q_lo,2026-06,-7.1551
42100,hpi_forecast_8q,2026-06,5.9347
42100,hpi_forecast_8q_hi,2026-06,28.3158
42100,hpi_forecast_8q_lo,2026-06,-11.2717
42100,hpi_index_error,2026-06,3.11
42100,hpi_surprise_4q,2025-06,-0.176
42100,hpi_trend_5y,2026-06,3.8082
42100,hpi_yoy_latest,2026-06,1.7375
42140,hpi_forecast_4q,2026-06,2.5057
42140,hpi_forecast_4q_hi,2026-06,13.1764
42140,hpi_forecast_4q_lo,2026-06,-7.0682
42140,hpi_forecast_8q,2026-06,6.416
42140,hpi_forecast_8q_hi,2026-06,29.5517
42140,hpi_forecast_8q_lo,2026-06,-11.233
42140,hpi_index_error,2026-06,3.06
42140,hpi_surprise_4q,2025-06,-0.1483
42140,hpi_trend_5y,2026-06,7.2611
42140,hpi_yoy_latest,2026-06,4.0103
42200,hpi_forecast_4q,2026-06,4.1928
42200,hpi_forecast_4q_hi,2026-06,15.2855
42200,hpi_forecast_4q_lo,2026-06,-5.4864
42200,hpi_forecast_8q,2026-06,9.3058
42200,hpi_forecast_8q_hi,2026-06,33.3747
42200,hpi_forecast_8q_lo,2026-06,-8.7982
42200,hpi_index_error,2026-06,1.84
42200,hpi_surprise_4q,2025-06,-1.5646
42200,hpi_trend_5y,2026-06,7.5166
42200,hpi_yoy_latest,2026-06,2.2961
42220,hpi_forecast_4q,2026-06,2.1806
42220,hpi_forecast_4q_hi,2026-06,12.7552
42220,hpi_forecast_4q_lo,2026-06,-7.3878
42220,hpi_forecast_8q,2026-06,5.7457
42220,hpi_forecast_8q_hi,2026-06,28.5264
42220,hpi_forecast_8q_lo,2026-06,-11.8112
42220,hpi_index_error,2026-06,1.33
42220,hpi_surprise_4q,2025-06,-2.1318
42220,hpi_trend_5y,2026-06,3.2899
42220,hpi_yoy_latest,2026-06,0.7916
42340,hpi_forecast_4q,2026-06,2.205
42340,hpi_forecast_4q_hi,2026-06,12.9067
42340,hpi_forecast_4q_lo,2026-06,-7.4434
42340,hpi_forecast_8q,2026-06,5.681
42340,hpi_forecast_8q_hi,2026-06,29.1818
42340,hpi_forecast_8q_lo,2026-06,-12.3574
42340,hpi_index_error,2026-06,2.08
42340,hpi_surprise_4q,2025-06,-1.3016
42340,hpi_trend_5y,2026-06,10.3327
42340,hpi_yoy_latest,2026-06,3.37
42540,hpi_forecast_4q,2026-06,6.4532
42540,hpi_forecast_4q_hi,2026-06,18.1038
42540,hpi_forecast_4q_lo,2026-06,-3.3885
42540,hpi_forecast_8q,2026-06,13.9217
42540,hpi_forecast_8q_hi,2026-06,40.1027
42540,hpi_forecast_8q_lo,2026-06,-5.1795
42540,hpi_index_error,2026-06,4.59
42540,hpi_surprise_4q,2025-06,1.5809
42540,hpi_trend_5y,2026-06,9.396
42540,hpi_yoy_latest,2026-06,7.514
42644,hpi_forecast_4q,2026-06,1.9741
42644,hpi_forecast_4q_hi,2026-06,12.4717
42644,hpi_forecast_4q_lo,2026-06,-7.5232
42644,hpi_forecast_8q,2026-06,5.6151
42644,hpi_forecast_8q_hi,2026-06,28.2744
42644,hpi_forecast_8q_lo,2026-06,-11.7721
42644,hpi_index_error,2026-06,0.57
42644,hpi_surprise_4q,2025-06,-3.8466
42644,hpi_trend_5y,2026-06,4.4943
42644,hpi_yoy_latest,2026-06,0.3254
42680,hpi_forecast_4q,2026-06,2.2941
42680,hpi_forecast_4q_hi,2026-06,12.8711
42680,hpi_forecast_4q_lo,2026-06,-7.2691
42680,hpi_forecast_8q,2026-06,6.5044
42680,hpi_forecast_8q_hi,2026-06,29.7245
42680,hpi_forecast_8q_lo,2026-06,-11.2399
42680,hpi_index_error,2026-06,2.6
42680,hpi_surprise_4q,2025-06,0.8018
42680,hpi_trend_5y,2026-06,8.0597
42680,hpi_yoy_latest,2026-06,3.0037
42700,hpi_forecast_4q,2026-06,2.7764
42700,hpi_forecast_4q_hi,2026-06,13.5265
42700,hpi_forecast_4q_lo,2026-06,-6.8751
42700,hpi_forecast_8q,2026-06,7.1028
42700,hpi_forecast_8q_hi,2026-06,30.9302
42700,hpi_forecast_8q_lo,2026-06,-11.0851
42700,hpi_index_error,2026-06,3.45
42700,hpi_surprise_4q,2025-06,2.3135
42700,hpi_trend_5y,2026-06,9.1244
42700,hpi_yoy_latest,2026-06,5.1775
43100,hpi_forecast_4q,2026-06,5.5411
43100,hpi_forecast_4q_hi,2026-06,17.0116
43100,hpi_forecast_4q_lo,2026-06,-4.2789
43100,hpi_forecast_8q,2026-06,11.9461
43100,hpi_forecast_8q_hi,2026-06,37.4712
43100,hpi_forecast_8q_lo,2026-06,-6.9064
43100,hpi_index_error,2026-06,3.47
43100,hpi_surprise_4q,2025-06,-1.8576
43100,hpi_trend_5y,2026-06,10.0311
43100,hpi_yoy_latest,2026-06,4.7178
43300,hpi_forecast_4q,2026-06,-0.4773
43300,hpi_forecast_4q_hi,2026-06,9.5263
43300,hpi_forecast_4q_lo,2026-06,-9.8992
43300,hpi_forecast_8q,2026-06,1.3586
43300,hpi_forecast_8q_hi,2026-06,23.1599
43300,hpi_forecast_8q_lo,2026-06,-15.8325
43300,hpi_index_error,2026-06,6.97
43300,hpi_surprise_4q,2025-06,-6.6117
43300,hpi_trend_5y,2026-06,7.0026
43300,hpi_yoy_latest,2026-06,-2.4221
43340,hpi_forecast_4q,2026-06,4.4132
43340,hpi_forecast_4q_hi,2026-06,15.5424
43340,hpi_forecast_4q_lo,2026-06,-5.2718
43340,hpi_forecast_8q,2026-06,9.9538
43340,hpi_forecast_8q_hi,2026-06,34.3142
43340,hpi_forecast_8q_lo,2026-06,-8.2699
43340,hpi_index_error,2026-06,3.15
43340,hpi_surprise_4q,2025-06,2.6308
43340,hpi_trend_5y,2026-06,4.9961
43340,hpi_yoy_latest,2026-06,5.6678
43420,hpi_forecast_4q,2026-06,2.9812
43420,hpi_forecast_4q_hi,2026-06,13.8179
43420,hpi_forecast_4q_lo,2026-06,-6.6853
43420,hpi_forecast_8q,2026-06,7.7235
43420,hpi_forecast_8q_hi,2026-06,31.8839
43420,hpi_forecast_8q_lo,2026-06,-10.5031
43420,hpi_index_error,2026-06,2.26
43420,hpi_surprise_4q,2025-06,-6.0397
43420,hpi_trend_5y,2026-06,6.8754
43420,hpi_yoy_latest,2026-06,-0.8109
43580,hpi_forecast_4q,2026-06,4.135
43580,hpi_forecast_4q_hi,2026-06,15.1664
43580,hpi_forecast_4q_lo,2026-06,-5.4837
43580,hpi_forecast_8q,2026-06,9.5759
43580,hpi_forecast_8q_hi,2026-06,33.6675
43580,hpi_forecast_8q_lo,2026-06,-8.4401
43580,hpi_index_error,2026-06,3.96
43580,hpi_surprise_4q,2025-06,-6.2488
43580,hpi_trend_5y,2026-06,6.9058
43580,hpi_yoy_latest,2026-06,-1.1316
43620,hpi_forecast_4q,2026-06,2.6154
43620,hpi_forecast_4q_hi,2026-06,13.3337
43620,hpi_forecast_4q_lo,2026-06,-7.001
43620,hpi_forecast_8q,2026-06,6.8791
43620,hpi_forecast_8q_hi,2026-06,30.683
43620,hpi_forecast_8q_lo,2026-06,-11.2178
43620,hpi_index_error,2026-06,2.35
43620,hpi_surprise_4q,2025-06,-2.0261
43620,hpi_trend_5y,2026-06,6.3964
43620,hpi_yoy_latest,2026-06,2.4675
43640,hpi_forecast_4q,2026-06,3.3644
43640,hpi_forecast_4q_hi,2026-06,14.2476
43640,hpi_forecast_4q_lo,2026-06,-6.2915
43640,hpi_forecast_8q,2026-06,8.077
43640,hpi_forecast_8q_hi,2026-06,31.9411
43640,hpi_forecast_8q_lo,2026-06,-9.9988
43640,hpi_index_error,2026-06,2.57
43640,hpi_surprise_4q,2025-06,-0.4304
43640,hpi_trend_5y,2026-06,4.983
43640,hpi_yoy_latest,2026-06,3.5472
43780,hpi_forecast_4q,2026-06,5.8657
43780,hpi_forecast_4q_hi,2026-06,17.3966
43780,hpi_forecast_4q_lo,2026-06,-3.9443
43780,hpi_forecast_8q,2026-06,12.7622
43780,hpi_forecast_8q_hi,2026-06,38.5208
43780,hpi_forecast_8q_lo,2026-06,-6.1037
43780,hpi_index_error,2026-06,2.56
43780,hpi_surprise_4q,2025-06,1.6842
43780,hpi_trend_5y,2026-06,8.9861
43780,hpi_yoy_latest,2026-06,6.7233
43900,hpi_forecast_4q,2026-06,3.7013
43900,hpi_forecast_4q_hi,2026-06,14.7154
43900,hpi_forecast_4q_lo,2026-06,-6.0663
43900,hpi_forecast_8q,2026-06,8.8748
43900,hpi_forecast_8q_hi,2026-06,33.9805
43900,hpi_forecast_8q_lo,2026-06,-10.081
43900,hpi_index_error,2026-06,2.2
43900,hpi_surprise_4q,2025-06,-3.3238
43900,hpi_trend_5y,2026-06,8.9461
43900,hpi_yoy_latest,2026-06,2.3138
44060,hpi_forecast_4q,2026-06,2.1053
44060,hpi_forecast_4q_hi,2026-06,12.6919
44060,hpi_forecast_4q_lo,2026-06,-7.4722
44060,hpi_forecast_8q,2026-06,5.7683
44060,hpi_forecast_8q_hi,2026-06,28.8295
44060,hpi_forecast_8q_lo,2026-06,-11.9442
44060,hpi_index_error,2026-06,1.14
44060,hpi_surprise_4q,2025-06,-3.7291
44060,hpi_trend_5y,2026-06,5.245
44060,hpi_yoy_latest,2026-06,-0.0475
44100,hpi_forecast_4q,2026-06,5.9128
44100,hpi_forecast_4q_hi,2026-06,17.4164
44100,hpi_forecast_4q_lo,2026-06,-3.9072
44100,hpi_forecast_8q,2026-06,12.6384
44100,hpi_forecast_8q_hi,2026-06,38.1153
44100,hpi_forecast_8q_lo,2026-06,-6.2229
44100,hpi_index_error,2026-06,2.19
44100,hpi_surprise_4q,2025-06,-0.0881
44100,hpi_trend_5y,2026-06,7.2735
44100,hpi_yoy_latest,2026-06,5.1337
44140,hpi_forecast_4q,2026-06,4.7688
44140,hpi_forecast_4q_hi,2026-06,15.9273
44140,hpi_forecast_4q_lo,2026-06,-4.8934
44140,hpi_forecast_8q,2026-06,10.8931
44140,hpi_forecast_8q_hi,2026-06,35.391
44140,hpi_forecast_8q_lo,2026-06,-7.3374
44140,hpi_index_error,2026-06,1.79
44140,hpi_surprise_4q,2025-06,-0.7628
44140,hpi_trend_5y,2026-06,7.6091
44140,hpi_yoy_latest,2026-06,4.3806
44180,hpi_forecast_4q,2026-06,3.9608
44180,hpi_forecast_4q_hi,2026-06,15.003
44180,hpi_forecast_4q_lo,2026-06,-5.7624
44180,hpi_forecast_8q,2026-06,9.2631
44180,hpi_forecast_8q_hi,2026-06,33.7738
44180,hpi_forecast_8q_lo,2026-06,-9.203
44180,hpi_index_error,2026-06,1.82
44180,hpi_surprise_4q,2025-06,-0.3985
44180,hpi_trend_5y,2026-06,8.1298
44180,hpi_yoy_latest,2026-06,3.9665
44220,hpi_forecast_4q,2026-06,4.9332
44220,hpi_forecast_4q_hi,2026-06,16.1914
44220,hpi_forecast_4q_lo,2026-06,-4.7494
44220,hpi_forecast_8q,2026-06,10.9146
44220,hpi_forecast_8q_hi,2026-06,35.5137
44220,hpi_forecast_8q_lo,2026-06,-7.2943
44220,hpi_index_error,2026-06,2.6
44220,hpi_surprise_4q,2025-06,-4.3256
44220,hpi_trend_5y,2026-06,8.8356
44220,hpi_yoy_latest,2026-06,2.2887
44300,hpi_forecast_4q,2026-06,4.5036
44300,hpi_forecast_4q_hi,2026-06,15.6397
44300,hpi_forecast_4q_lo,2026-06,-5.1406
44300,hpi_forecast_8q,2026-06,10.0946
44300,hpi_forecast_8q_hi,2026-06,34.2717
44300,hpi_forecast_8q_lo,2026-06,-7.9087
44300,hpi_index_error,2026-06,4.69
44300,hpi_surprise_4q,2025-06,-1.4231
44300,hpi_trend_5y,2026-06,6.5719
44300,hpi_yoy_latest,2026-06,3.1641
44420,hpi_forecast_4q,2026-06,5.7948
44420,hpi_forecast_4q_hi,2026-06,17.3721
44420,hpi_forecast_4q_lo,2026-06,-4.0876
44420,hpi_forecast_8q,2026-06,12.5439
44420,hpi_forecast_8q_hi,2026-06,38.8714
44420,hpi_forecast_8q_lo,2026-06,-6.823
44420,hpi_index_error,2026-06,6.39
44420,hpi_surprise_4q,2025-06,1.3907
44420,hpi_trend_5y,2026-06,9.5237
44420,hpi_yoy_latest,2026-06,7.4844
44700,hpi_forecast_4q,2026-06,0.9906
44700,hpi_forecast_4q_hi,2026-06,11.2388
44700,hpi_forecast_4q_lo,2026-06,-8.4659
44700,hpi_forecast_8q,2026-06,3.5209
44700,hpi_forecast_8q_hi,2026-06,25.1503
44700,hpi_forecast_8q_lo,2026-06,-13.487
44700,hpi_index_error,2026-06,1.19
44700,hpi_surprise_4q,2025-06,-4.4196
44700,hpi_trend_5y,2026-06,3.4073
44700,hpi_yoy_latest,2026-06,-1.7537
44940,hpi_forecast_4q,2026-06,5.3058
44940,hpi_forecast_4q_hi,2026-06,16.701
44940,hpi_forecast_4q_lo,2026-06,-4.4998
44940,hpi_forecast_8q,2026-06,11.4857
44940,hpi_forecast_8q_hi,2026-06,36.7808
44940,hpi_forecast_8q_lo,2026-06,-7.3099
44940,hpi_index_error,2026-06,7.83
44940,hpi_surprise_4q,2025-06,5.2137
44940,hpi_trend_5y,2026-06,9.7333
44940,hpi_yoy_latest,2026-06,11.1143
45060,hpi_forecast_4q,2026-06,5.912
45060,hpi_forecast_4q_hi,2026-06,17.4633
45060,hpi_forecast_4q_lo,2026-06,-3.9184
45060,hpi_forecast_8q,2026-06,12.4963
45060,hpi_forecast_8q_hi,2026-06,38.0691
45060,hpi_forecast_8q_lo,2026-06,-6.3703
45060,hpi_index_error,2026-06,1.97
45060,hpi_surprise_4q,2025-06,-1.1016
45060,hpi_trend_5y,2026-06,10.4157
45060,hpi_yoy_latest,2026-06,6.1422
45104,hpi_forecast_4q,2026-06,2.8833
45104,hpi_forecast_4q_hi,2026-06,13.6312
45104,hpi_forecast_4q_lo,2026-06,-6.7213
45104,hpi_forecast_8q,2026-06,7.1362
45104,hpi_forecast_8q_hi,2026-06,30.5749
45104,hpi_forecast_8q_lo,2026-06,-10.7057
45104,hpi_index_error,2026-06,0.85
45104,hpi_surprise_4q,2025-06,-2.2698
45104,hpi_trend_5y,2026-06,5.1354
45104,hpi_yoy_latest,2026-06,1.8583
45220,hpi_forecast_4q,2026-06,3.4789
45220,hpi_forecast_4q_hi,2026-06,14.4956
45220,hpi_forecast_4q_lo,2026-06,-6.2455
45220,hpi_forecast_8q,2026-06,7.971
45220,hpi_forecast_8q_hi,2026-06,32.2416
45220,hpi_forecast_8q_lo,2026-06,-10.3984
45220,hpi_index_error,2026-06,1.43
45220,hpi_surprise_4q,2025-06,1.9519
45220,hpi_trend_5y,2026-06,7.3964
45220,hpi_yoy_latest,2026-06,5.0045
45294,hpi_forecast_4q,2026-06,1.6001
45294,hpi_forecast_4q_hi,2026-06,12.0386
45294,hpi_forecast_4q_lo,2026-06,-7.909
45294,hpi_forecast_8q,2026-06,4.8754
45294,hpi_forecast_8q_hi,2026-06,27.4151
45294,hpi_forecast_8q_lo,2026-06,-12.5608
45294,hpi_index_error,2026-06,0.59
45294,hpi_surprise_4q,2025-06,-1.8695
45294,hpi_trend_5y,2026-06,8.1268
45294,hpi_yoy_latest,2026-06,1.0701
45460,hpi_forecast_4q,2026-06,5.9033
45460,hpi_forecast_4q_hi,2026-06,17.3858
45460,hpi_forecast_4q_lo,2026-06,-3.8823
45460,hpi_forecast_8q,2026-06,12.8178
45460,hpi_forecast_8q_hi,2026-06,38.3027
45460,hpi_forecast_8q_lo,2026-06,-5.9769
45460,hpi_index_error,2026-06,9.42
45460,hpi_surprise_4q,2025-06,1.5971
45460,hpi_trend_5y,2026-06,9.2394
45460,hpi_yoy_latest,2026-06,7.6825
45500,hpi_forecast_4q,2026-06,3.8986
45500,hpi_forecast_4q_hi,2026-06,14.8771
45500,hpi_forecast_4q_lo,2026-06,-5.7538
45500,hpi_forecast_8q,2026-06,9.0737
45500,hpi_forecast_8q_hi,2026-06,33.0937
45500,hpi_forecast_8q_lo,2026-06,-9.0235
45500,hpi_index_error,2026-06,5.2
45500,hpi_surprise_4q,2025-06,0.0295
45500,hpi_trend_5y,2026-06,7.6157
45500,hpi_yoy_latest,2026-06,4.3846
45780,hpi_forecast_4q,2026-06,4.7629
45780,hpi_forecast_4q_hi,2026-06,15.9758
45780,hpi_forecast_4q_lo,2026-06,-4.9516
45780,hpi_forecast_8q,2026-06,10.7621
45780,hpi_forecast_8q_hi,2026-06,35.4848
45780,hpi_forecast_8q_lo,2026-06,-7.6176
45780,hpi_index_error,2026-06,1.2
45780,hpi_surprise_4q,2025-06,-1.8083
45780,hpi_trend_5y,2026-06,7.3901
45780,hpi_yoy_latest,2026-06,3.3833
45820,hpi_forecast_4q,2026-06,4.7739
45820,hpi_forecast_4q_hi,2026-06,15.9627
45820,hpi_forecast_4q_lo,2026-06,-4.9449
45820,hpi_forecast_8q,2026-06,10.614
45820,hpi_forecast_8q_hi,2026-06,35.1771
45820,hpi_forecast_8q_lo,2026-06,-7.7746
45820,hpi_index_error,2026-06,3.11
45820,hpi_surprise_4q,2025-06,0.4179
45820,hpi_trend_5y,2026-06,8.0924
45820,hpi_yoy_latest,2026-06,5.6298
45900,hpi_forecast_4q,2026-06,3.9925
45900,hpi_forecast_4q_hi,2026-06,15.0983
45900,hpi_forecast_4q_lo,2026-06,-5.761
45900,hpi_forecast_8q,2026-06,9.2078
45900,hpi_forecast_8q_hi,2026-06,33.8256
45900,hpi_forecast_8q_lo,2026-06,-9.2927
45900,hpi_index_error,2026-06,3.83
45900,hpi_surprise_4q,2025-06,-2.2887
45900,hpi_trend_5y,2026-06,9.785
45900,hpi_yoy_latest,2026-06,3.33
45940,hpi_forecast_4q,2026-06,4.643
45940,hpi_forecast_4q_hi,2026-06,15.8124
45940,hpi_forecast_4q_lo,2026-06,-5.0547
45940,hpi_forecast_8q,2026-06,10.3402
45940,hpi_forecast_8q_hi,2026-06,34.9336
45940,hpi_forecast_8q_lo,2026-06,-7.9931
45940,hpi_index_error,2026-06,2.29
45940,hpi_surprise_4q,2025-06,-0.9556
45940,hpi_trend_5y,2026-06,10.4191
45940,hpi_yoy_latest,2026-06,5.1881
46060,hpi_forecast_4q,2026-06,2.0413
46060,hpi_forecast_4q_hi,2026-06,12.5459
46060,hpi_forecast_4q_lo,2026-06,-7.4373
46060,hpi_forecast_8q,2026-06,5.8433
46060,hpi_forecast_8q_hi,2026-06,28.4877
46060,hpi_forecast_8q_lo,2026-06,-11.4786
46060,hpi_index_error,2026-06,0.65
46060,hpi_surprise_4q,2025-06,-0.9542
46060,hpi_trend_5y,2026-06,6.8781
46060,hpi_yoy_latest,2026-06,1.8825
46140,hpi_forecast_4q,2026-06,3.9906
46140,hpi_forecast_4q_hi,2026-06,15.016
46140,hpi_forecast_4q_lo,2026-06,-5.6965
46140,hpi_forecast_8q,2026-06,9.2089
46140,hpi_forecast_8q_hi,2026-06,33.4736
46140,hpi_forecast_8q_lo,2026-06,-9.0803
46140,hpi_index_error,2026-06,0.9
46140,hpi_surprise_4q,2025-06,-0.7577
46140,hpi_trend_5y,2026-06,7.7891
46140,hpi_yoy_latest,2026-06,3.9546
46220,hpi_forecast_4q,2026-06,2.6747
46220,hpi_forecast_4q_hi,2026-06,13.3248
46220,hpi_forecast_4q_lo,2026-06,-6.8422
46220,hpi_forecast_8q,2026-06,6.8839
46220,hpi_forecast_8q_hi,2026-06,29.8023
46220,hpi_forecast_8q_lo,2026-06,-10.5788
46220,hpi_index_error,2026-06,4.38
46220,hpi_surprise_4q,2025-06,-4.9116
46220,hpi_trend_5y,2026-06,5.8224
46220,hpi_yoy_latest,2026-06,-0.0594
46300,hpi_forecast_4q,2026-06,2.7634
46300,hpi_forecast_4q_hi,2026-06,13.5091
46300,hpi_forecast_4q_lo,2026-06,-6.8698
46300,hpi_forecast_8q,2026-06,6.933
46300,hpi_forecast_8q_hi,2026-06,30.438
46300,hpi_forecast_8q_lo,2026-06,-11.0323
46300,hpi_index_error,2026-06,6.45
46300,hpi_surprise_4q,2025-06,-6.0746
46300,hpi_trend_5y,2026-06,5.9418
46300,hpi_yoy_latest,2026-06,-1.5503
46340,hpi_forecast_4q,2026-06,3.0534
46340,hpi_forecast_4q_hi,2026-06,13.7778
46340,hpi_forecast_4q_lo,2026-06,-6.4985
46340,hpi_forecast_8q,2026-06,8.0249
46340,hpi_forecast_8q_hi,2026-06,31.6093
46340,hpi_forecast_8q_lo,2026-06,-9.8223
46340,hpi_index_error,2026-06,2.91
46340,hpi_surprise_4q,2025-06,-1.1719
46340,hpi_trend_5y,2026-06,7.24
46340,hpi_yoy_latest,2026-06,2.6694
46520,hpi_forecast_4q,2026-06,5.1563
46520,hpi_forecast_4q_hi,2026-06,16.4779
46520,hpi_forecast_4q_lo,2026-06,-4.5922
46520,hpi_forecast_8q,2026-06,11.1995
46520,hpi_forecast_8q_hi,2026-06,35.9745
46520,hpi_forecast_8q_lo,2026-06,-7.2436
46520,hpi_index_error,2026-06,4.27
46520,hpi_surprise_4q,2025-06,9.4705
46520,hpi_trend_5y,2026-06,6.7471
46520,hpi_yoy_latest,2026-06,11.0588
46540,hpi_forecast_4q,2026-06,4.0206
46540,hpi_forecast_4q_hi,2026-06,15.0488
46540,hpi_forecast_4q_lo,2026-06,-5.6304
46540,hpi_forecast_8q,2026-06,9.3452
46540,hpi_forecast_8q_hi,2026-06,33.3528
46540,hpi_forecast_8q_lo,2026-06,-8.654
46540,hpi_index_error,2026-06,4.82
46540,hpi_surprise_4q,2025-06,3.3746
46540,hpi_trend_5y,2026-06,9.5834
46540,hpi_yoy_latest,2026-06,8.7517
46660,hpi_forecast_4q,2026-06,5.6776
46660,hpi_forecast_4q_hi,2026-06,17.1847
46660,hpi_forecast_4q_lo,2026-06,-4.1554
46660,hpi_forecast_8q,2026-06,12.1335
46660,hpi_forecast_8q_hi,2026-06,37.8167
46660,hpi_forecast_8q_lo,2026-06,-6.8275
46660,hpi_index_error,2026-06,2.94
46660,hpi_surprise_4q,2025-06,5.346
46660,hpi_trend_5y,2026-06,9.4008
46660,hpi_yoy_latest,2026-06,10.0348
46700,hpi_forecast_4q,2026-06,1.0798
46700,hpi_forecast_4q_hi,2026-06,11.3627
46700,hpi_forecast_4q_lo,2026-06,-8.3655
46700,hpi_forecast_8q,2026-06,3.8006
46700,hpi_forecast_8q_hi,2026-06,25.5385
46700,hpi_forecast_8q_lo,2026-06,-13.1539
46700,hpi_index_error,2026-06,1.37
46700,hpi_surprise_4q,2025-06,-3.0192
46700,hpi_trend_5y,2026-06,2.717
46700,hpi_yoy_latest,2026-06,-0.6677
47020,hpi_forecast_4q,2026-06,3.2979
47020,hpi_forecast_4q_hi,2026-06,14.095
47020,hpi_forecast_4q_lo,2026-06,-6.246
47020,hpi_forecast_8q,2026-06,8.3736
47020,hpi_forecast_8q_hi,2026-06,32.0337
47020,hpi_forecast_8q_lo,2026-06,-9.3829
47020,hpi_index_error,2026-06,3.69
47020,hpi_surprise_4q,2025-06,2.9173
47020,hpi_trend_5y,2026-06,6.6879
47020,hpi_yoy_latest,2026-06,5.3346
47220,hpi_forecast_4q,2026-06,5.9034
47220,hpi_forecast_4q_hi,2026-06,17.3991
47220,hpi_forecast_4q_lo,2026-06,-3.8674
47220,hpi_forecast_8q,2026-06,13.0542
47220,hpi_forecast_8q_hi,2026-06,38.6906
47220,hpi_forecast_8q_lo,2026-06,-5.7478
47220,hpi_index_error,2026-06,3.96
47220,hpi_surprise_4q,2025-06,2.4472
47220,hpi_trend_5y,2026-06,9.9153
47220,hpi_yoy_latest,2026-06,7.6378
47260,hpi_forecast_4q,2026-06,4.4389
47260,hpi_forecast_4q_hi,2026-06,15.567
47260,hpi_forecast_4q_lo,2026-06,-5.2535
47260,hpi_forecast_8q,2026-06,10.0357
47260,hpi_forecast_8q_hi,2026-06,34.5482
47260,hpi_forecast_8q_lo,2026-06,-8.283
47260,hpi_index_error,2026-06,0.61
47260,hpi_surprise_4q,2025-06,-1.9944
47260,hpi_trend_5y,2026-06,7.4807
47260,hpi_yoy_latest,2026-06,3.6371
47300,hpi_forecast_4q,2026-06,2.5962
47300,hpi_forecast_4q_hi,2026-06,13.3109
47300,hpi_forecast_4q_lo,2026-06,-7.0452
47300,hpi_forecast_8q,2026-06,6.1164
47300,hpi_forecast_8q_hi,2026-06,29.0896
47300,hpi_forecast_8q_lo,2026-06,-11.6372
47300,hpi_index_error,2026-06,2.19
47300,hpi_surprise_4q,2025-06,-3.9376
47300,hpi_trend_5y,2026-06,6.8128
47300,hpi_yoy_latest,2026-06,0.6368
47380,hpi_forecast_4q,2026-06,2.1192
47380,hpi_forecast_4q_hi,2026-06,12.6646
47380,hpi_forecast_4q_lo,2026-06,-7.4022
47380,hpi_forecast_8q,2026-06,5.8742
47380,hpi_forecast_8q_hi,2026-06,28.703
47380,hpi_forecast_8q_lo,2026-06,-11.6396
47380,hpi_index_error,2026-06,3.68
47380,hpi_surprise_4q,2025-06,-2.1682
47380,hpi_trend_5y,2026-06,6.445
47380,hpi_yoy_latest,2026-06,1.0042
47460,hpi_forecast_4q,2026-06,2.2183
47460,hpi_forecast_4q_hi,2026-06,12.7668
47460,hpi_forecast_4q_lo,2026-06,-7.3044
47460,hpi_forecast_8q,2026-06,6.1768
47460,hpi_forecast_8q_hi,2026-06,29.0429
47460,hpi_forecast_8q_lo,2026-06,-11.3285
47460,hpi_index_error,2026-06,7.04
47460,hpi_surprise_4q,2025-06,-4.8689
47460,hpi_trend_5y,2026-06,5.8806
47460,hpi_yoy_latest,2026-06,1.2367
47580,hpi_forecast_4q,2026-06,4.35
47580,hpi_forecast_4q_hi,2026-06,15.5131
47580,hpi_forecast_4q_lo,2026-06,-5.4459
47580,hpi_forecast_8q,2026-06,9.9869
47580,hpi_forecast_8q_hi,2026-06,35.2194
47580,hpi_forecast_8q_lo,2026-06,-8.9353
47580,hpi_index_error,2026-06,2.57
47580,hpi_surprise_4q,2025-06,4.0748
47580,hpi_trend_5y,2026-06,9.4368
47580,hpi_yoy_latest,2026-06,7.9104
47664,hpi_forecast_4q,2026-06,4.6018
47664,hpi_forecast_4q_hi,2026-06,15.7668
47664,hpi_forecast_4q_lo,2026-06,-5.1065
47664,hpi_forecast_8q,2026-06,10.4585
47664,hpi_forecast_8q_hi,2026-06,35.1268
47664,hpi_forecast_8q_lo,2026-06,-7.9322
47664,hpi_index_error,2026-06,0.55
47664,hpi_surprise_4q,2025-06,-1.0721
47664,hpi_trend_5y,2026-06,6.9001
47664,hpi_yoy_latest,2026-06,4.3834
47764,hpi_forecast_4q,2026-06,2.2987
47764,hpi_forecast_4q_hi,2026-06,12.849
47764,hpi_forecast_4q_lo,2026-06,-7.1946
47764,hpi_forecast_8q,2026-06,6.1599
47764,hpi_forecast_8q_hi,2026-06,28.8419
47764,hpi_forecast_8q_lo,2026-06,-11.2165
47764,hpi_index_error,2026-06,0.78
47764,hpi_surprise_4q,2025-06,-3.2324
47764,hpi_trend_5y,2026-06,3.1378
47764,hpi_yoy_latest,2026-06,0.4728
47930,hpi_forecast_4q,2026-06,5.1553
47930,hpi_forecast_4q_hi,2026-06,16.3574
47930,hpi_forecast_4q_lo,2026-06,-4.5969
47930,hpi_forecast_8q,2026-06,11.1007
47930,hpi_forecast_8q_hi,2026-06,35.4201
47930,hpi_forecast_8q_lo,2026-06,-7.4031
47930,hpi_index_error,2026-06,1.82
47930,hpi_surprise_4q,2025-06,-3.027
47930,hpi_trend_5y,2026-06,9.1886
47930,hpi_yoy_latest,2026-06,3.899
47940,hpi_forecast_4q,2026-06,4.3063
47940,hpi_forecast_4q_hi,2026-06,15.3522
47940,hpi_forecast_4q_lo,2026-06,-5.2983
47940,hpi_forecast_8q,2026-06,9.9967
47940,hpi_forecast_8q_hi,2026-06,34.1195
47940,hpi_forecast_8q_lo,2026-06,-8.0088
47940,hpi_index_error,2026-06,3.62
47940,hpi_surprise_4q,2025-06,-2.0462
47940,hpi_trend_5y,2026-06,6.5033
47940,hpi_yoy_latest,2026-06,2.5831
48060,hpi_forecast_4q,2026-06,5.5086
48060,hpi_forecast_4q_hi,2026-06,16.8996
48060,hpi_forecast_4q_lo,2026-06,-4.1767
48060,hpi_forecast_8q,2026-06,11.7883
48060,hpi_forecast_8q_hi,2026-06,36.5004
48060,hpi_forecast_8q_lo,2026-06,-6.4156
48060,hpi_index_error,2026-06,11.63
48060,hpi_surprise_4q,2025-06,3.2732
48060,hpi_trend_5y,2026-06,6.8308
48060,hpi_yoy_latest,2026-06,8.8949
48140,hpi_forecast_4q,2026-06,5.7479
48140,hpi_forecast_4q_hi,2026-06,17.1743
48140,hpi_forecast_4q_lo,2026-06,-4.0286
48140,hpi_forecast_8q,2026-06,12.3663
48140,hpi_forecast_8q_hi,2026-06,37.6975
48140,hpi_forecast_8q_lo,2026-06,-6.3911
48140,hpi_index_error,2026-06,3.13
48140,hpi_surprise_4q,2025-06,-1.5537
48140,hpi_trend_5y,2026-06,9.2176
48140,hpi_yoy_latest,2026-06,5.1876
48260,hpi_forecast_4q,2026-06,7.8554
48260,hpi_forecast_4q_hi,2026-06,19.9038
48260,hpi_forecast_4q_lo,2026-06,-2.103
48260,hpi_forecast_8q,2026-06,16.3446
48260,hpi_forecast_8q_hi,2026-06,43.4471
48260,hpi_forecast_8q_lo,2026-06,-3.2002
48260,hpi_index_error,2026-06,5.15
48260,hpi_surprise_4q,2025-06,2.7585
48260,hpi_trend_5y,2026-06,9.2807
48260,hpi_yoy_latest,2026-06,9.0772
48300,hpi_forecast_4q,2026-06,2.3419
48300,hpi_forecast_4q_hi,2026-06,12.983
48300,hpi_forecast_4q_lo,2026-06,-7.2381
48300,hpi_forecast_8q,2026-06,6.2326
48300,hpi_forecast_8q_hi,2026-06,29.5689
48300,hpi_forecast_8q_lo,2026-06,-11.6453
48300,hpi_index_error,2026-06,3.79
48300,hpi_surprise_4q,2025-06,-8.0923
48300,hpi_trend_5y,2026-06,5.9551
48300,hpi_yoy_latest,2026-06,-2.3306
48424,hpi_forecast_4q,2026-06,3.0912
48424,hpi_forecast_4q_hi,2026-06,13.9201
48424,hpi_forecast_4q_lo,2026-06,-6.4934
48424,hpi_forecast_8q,2026-06,7.6594
48424,hpi_forecast_8q_hi,2026-06,31.2387
48424,hpi_forecast_8q_lo,2026-06,-10.1027
48424,hpi_index_error,2026-06,0.69
48424,hpi_surprise_4q,2025-06,0.4729
48424,hpi_trend_5y,2026-06,9.6823
48424,hpi_yoy_latest,2026-06,3.6547
48540,hpi_forecast_4q,2026-06,5.6293
48540,hpi_forecast_4q_hi,2026-06,17.0332
48540,hpi_forecast_4q_lo,2026-06,-4.1267
48540,hpi_forecast_8q,2026-06,12.2084
48540,hpi_forecast_8q_hi,2026-06,37.2453
48540,hpi_forecast_8q_lo,2026-06,-6.3276
48540,hpi_index_error,2026-06,4.17
48540,hpi_surprise_4q,2025-06,-5.0535
48540,hpi_trend_5y,2026-06,6.4625
48540,hpi_yoy_latest,2026-06,0.5845
48620,hpi_forecast_4q,2026-06,4.3226
48620,hpi_forecast_4q_hi,2026-06,15.4174
48620,hpi_forecast_4q_lo,2026-06,-5.3703
48620,hpi_forecast_8q,2026-06,9.8262
48620,hpi_forecast_8q_hi,2026-06,34.3026
48620,hpi_forecast_8q_lo,2026-06,-8.5362
48620,hpi_index_error,2026-06,1.62
48620,hpi_surprise_4q,2025-06,0.1298
48620,hpi_trend_5y,2026-06,7.2792
48620,hpi_yoy_latest,2026-06,4.5392
48660,hpi_forecast_4q,2026-06,2.1032
48660,hpi_forecast_4q_hi,2026-06,12.6291
48660,hpi_forecast_4q_lo,2026-06,-7.3859
48660,hpi_forecast_8q,2026-06,6.0757
48660,hpi_forecast_8q_hi,2026-06,28.7923
48660,hpi_forecast_8q_lo,2026-06,-11.2601
48660,hpi_index_error,2026-06,4.84
48660,hpi_surprise_4q,2025-06,-2.5688
48660,hpi_trend_5y,2026-06,6.066
48660,hpi_yoy_latest,2026-06,0.7942
48680,hpi_forecast_4q,2026-06,1.2062
48680,hpi_forecast_4q_hi,2026-06,11.7859
48680,hpi_forecast_4q_lo,2026-06,-8.5811
48680,hpi_forecast_8q,2026-06,3.706
48680,hpi_forecast_8q_hi,2026-06,27.7436
48680,hpi_forecast_8q_lo,2026-06,-15.1458
48680,hpi_index_error,2026-06,2.41
48680,hpi_surprise_4q,2025-06,0.6967
48680,hpi_trend_5y,2026-06,6.3631
48680,hpi_yoy_latest,2026-06,2.6057
48700,hpi_forecast_4q,2026-06,3.8797
48700,hpi_forecast_4q_hi,2026-06,14.7941
48700,hpi_forecast_4q_lo,2026-06,-5.6935
48700,hpi_forecast_8q,2026-06,9.2948
48700,hpi_forecast_8q_hi,2026-06,32.9393
48700,hpi_forecast_8q_lo,2026-06,-8.4395
48700,hpi_index_error,2026-06,6.39
48700,hpi_surprise_4q,2025-06,3.2081
48700,hpi_trend_5y,2026-06,6.491
48700,hpi_yoy_latest,2026-06,7.4527
48864,hpi_forecast_4q,2026-06,4.7882
48864,hpi_forecast_4q_hi,2026-06,16.0016
48864,hpi_forecast_4q_lo,2026-06,-4.9391
48864,hpi_forecast_8q,2026-06,10.6568
48864,hpi_forecast_8q_hi,2026-06,35.3149
48864,hpi_forecast_8q_lo,2026-06,-7.7811
48864,hpi_index_error,2026-06,1.22
48864,hpi_surprise_4q,2025-06,-0.6969
48864,hpi_trend_5y,2026-06,7.9931
48864,hpi_yoy_latest,2026-06,4.4252
48900,hpi_forecast_4q,2026-06,3.1189
48900,hpi_forecast_4q_hi,2026-06,14.14
48900,hpi_forecast_4q_lo,2026-06,-6.742
48900,hpi_forecast_8q,2026-06,7.5854
48900,hpi_forecast_8q_hi,2026-06,32.9393
48900,hpi_forecast_8q_lo,2026-06,-11.6778
48900,hpi_index_error,2026-06,2.25
48900,hpi_surprise_4q,2025-06,-1.741
48900,hpi_trend_5y,2026-06,9.8082
48900,hpi_yoy_latest,2026-06,3.6975
49020,hpi_forecast_4q,2026-06,4.6416
49020,hpi_forecast_4q_hi,2026-06,15.8553
49020,hpi_forecast_4q_lo,2026-06,-5.1361
49020,hpi_forecast_8q,2026-06,10.495
49020,hpi_forecast_8q_hi,2026-06,35.6631
49020,hpi_forecast_8q_lo,2026-06,-8.3502
49020,hpi_index_error,2026-06,7.32
49020,hpi_surprise_4q,2025-06,1.5245
49020,hpi_trend_5y,2026-06,7.8673
49020,hpi_yoy_latest,2026-06,6.7054
49180,hpi_forecast_4q,2026-06,3.8636
49180,hpi_forecast_4q_hi,2026-06,14.9166
49180,hpi_forecast_4q_lo,2026-06,-5.8657
49180,hpi_forecast_8q,2026-06,8.9489
49180,hpi_forecast_8q_hi,2026-06,33.5459
49180,hpi_forecast_8q_lo,2026-06,-9.5621
49180,hpi_index_error,2026-06,1.36
49180,hpi_surprise_4q,2025-06,-1.6456
49180,hpi_trend_5y,2026-06,9.1509
49180,hpi_yoy_latest,2026-06,3.2588
49340,hpi_forecast_4q,2026-06,3.9166
49340,hpi_forecast_4q_hi,2026-06,14.8429
49340,hpi_forecast_4q_lo,2026-06,-5.6761
49340,hpi_forecast_8q,2026-06,9.2728
49340,hpi_forecast_8q_hi,2026-06,33.0099
49340,hpi_forecast_8q_lo,2026-06,-8.642
49340,hpi_index_error,2026-06,1.37
49340,hpi_surprise_4q,2025-06,-2.7896
49340,hpi_trend_5y,2026-06,7.5372
49340,hpi_yoy_latest,2026-06,2.535
49420,hpi_forecast_4q,2026-06,2.4878
49420,hpi_forecast_4q_hi,2026-06,13.1014
49420,hpi_forecast_4q_lo,2026-06,-7.0048
49420,hpi_forecast_8q,2026-06,6.6024
49420,hpi_forecast_8q_hi,2026-06,29.3836
49420,hpi_forecast_8q_lo,2026-06,-10.7493
49420,hpi_index_error,2026-06,4.64
49420,hpi_surprise_4q,2025-06,-1.7487
49420,hpi_trend_5y,2026-06,6.0786
49420,hpi_yoy_latest,2026-06,2.3736
49620,hpi_forecast_4q,2026-06,5.022
49620,hpi_forecast_4q_hi,2026-06,16.3124
49620,hpi_forecast_4q_lo,2026-06,-4.7186
49620,hpi_forecast_8q,2026-06,11.3554
49620,hpi_forecast_8q_hi,2026-06,36.4919
49620,hpi_forecast_8q_lo,2026-06,-7.3053
49620,hpi_index_error,2026-06,1.81
49620,hpi_surprise_4q,2025-06,0.9246
49620,hpi_trend_5y,2026-06,8.1119
49620,hpi_yoy_latest,2026-06,6.0564
49660,hpi_forecast_4q,2026-06,6.6556
49660,hpi_forecast_4q_hi,2026-06,18.3171
49660,hpi_forecast_4q_lo,2026-06,-3.191
49660,hpi_forecast_8q,2026-06,14.0613
49660,hpi_forecast_8q_hi,2026-06,39.9333
49660,hpi_forecast_8q_lo,2026-06,-4.9367
49660,hpi_index_error,2026-06,1.99
49660,hpi_surprise_4q,2025-06,-1.3731
49660,hpi_trend_5y,2026-06,9.1629
49660,hpi_yoy_latest,2026-06,4.7537
49700,hpi_forecast_4q,2026-06,1.4947
49700,hpi_forecast_4q_hi,2026-06,11.9159
49700,hpi_forecast_4q_lo,2026-06,-8.0324
49700,hpi_forecast_8q,2026-06,4.4347
49700,hpi_forecast_8q_hi,2026-06,26.6862
49700,hpi_forecast_8q_lo,2026-06,-12.8927
49700,hpi_index_error,2026-06,2.44
49700,hpi_surprise_4q,2025-06,-1.4492
49700,hpi_trend_5y,2026-06,3.8293
49700,hpi_yoy_latest,2026-06,0.8596
49740,hpi_forecast_4q,2026-06,3.3573
49740,hpi_forecast_4q_hi,2026-06,14.1599
49740,hpi_forecast_4q_lo,2026-06,-6.2329
49740,hpi_forecast_8q,2026-06,8.399
49740,hpi_forecast_8q_hi,2026-06,32.2597
49740,hpi_forecast_8q_lo,2026-06,-9.6045
49740,hpi_index_error,2026-06,1.88
49740,hpi_surprise_4q,2025-06,-4.1026
49740,hpi_trend_5y,2026-06,7.0878
49740,hpi_yoy_latest,2026-06,-0.0237
