vintage,cbsa_code,county_fips
2014,10100,46013
2014,10100,46045
2014,10140,53027
2014,10180,48059
2014,10180,48253
2014,10180,48441
2014,10220,40123
2014,10260,72001
2014,10300,26091
2014,10380,72003
2014,10380,72005
2014,10380,72011
2014,10380,72071
2014,10380,72081
2014,10380,72099
2014,10380,72117
2014,10380,72131
2014,10380,72141
2014,10420,39133
2014,10420,39153
2014,10460,35035
2014,10500,13007
2014,10500,13095
2014,10500,13177
2014,10500,13273
2014,10500,13321
2014,10540,41043
2014,10580,36001
2014,10580,36083
2014,10580,36091
2014,10580,36093
2014,10580,36095
2014,10620,37167
2014,10660,27047
2014,10700,01095
2014,10740,35001
2014,10740,35043
2014,10740,35057
2014,10740,35061
2014,10780,22043
2014,10780,22079
2014,10820,27041
2014,10860,48249
2014,10900,34041
2014,10900,42025
2014,10900,42077
2014,10900,42095
2014,10940,26057
2014,10980,26007
2014,11020,42013
2014,11060,40065
2014,11100,48011
2014,11100,48065
2014,11100,48359
2014,11100,48375
2014,11100,48381
2014,11140,13249
2014,11140,13261
2014,11180,19169
2014,11220,36057
2014,11244,06059
2014,11260,02020
2014,11260,02170
2014,11380,48003
2014,11420,18151
2014,11460,26161
2014,11500,01015
2014,11540,55015
2014,11540,55087
2014,11580,12027
2014,11620,40019
2014,11640,72013
2014,11640,72027
2014,11640,72065
2014,11640,72115
2014,11660,05019
2014,11680,20035
2014,11700,37021
2014,11700,37087
2014,11700,37089
2014,11700,37115
2014,11740,39005
2014,11780,39007
2014,11820,41007
2014,11860,20005
2014,11900,39009
2014,11940,47107
2014,11980,48213
2014,12020,13059
2014,12020,13195
2014,12020,13219
2014,12020,13221
2014,12060,13013
2014,12060,13015
2014,12060,13035
2014,12060,13045
2014,12060,13057
2014,12060,13063
2014,12060,13067
2014,12060,13077
2014,12060,13085
2014,12060,13089
2014,12060,13097
2014,12060,13113
2014,12060,13117
2014,12060,13121
2014,12060,13135
2014,12060,13143
2014,12060,13149
2014,12060,13151
2014,12060,13159
2014,12060,13171
2014,12060,13199
2014,12060,13211
2014,12060,13217
2014,12060,13223
2014,12060,13227
2014,12060,13231
2014,12060,13247
2014,12060,13255
2014,12060,13297
2014,12100,34001
2014,12140,18033
2014,12180,36011
2014,12220,01081
2014,12260,13033
2014,12260,13073
2014,12260,13181
2014,12260,13189
2014,12260,13245
2014,12260,45003
2014,12260,45037
2014,12300,23011
2014,12380,27099
2014,12420,48021
2014,12420,48055
2014,12420,48209
2014,12420,48453
2014,12420,48491
2014,12460,13087
2014,12540,06029
2014,12580,24003
2014,12580,24005
2014,12580,24013
2014,12580,24025
2014,12580,24027
2014,12580,24035
2014,12580,24510
2014,12620,23019
2014,12660,55111
2014,12680,21179
2014,12700,25001
2014,12740,50023
2014,12780,40147
2014,12820,22067
2014,12860,36037
2014,12900,05063
2014,12940,22005
2014,12940,22033
2014,12940,22037
2014,12940,22047
2014,12940,22063
2014,12940,22077
2014,12940,22091
2014,12940,22121
2014,12940,22125
2014,12980,26025
2014,13020,26017
2014,13060,48321
2014,13100,31067
2014,13140,48199
2014,13140,48245
2014,13140,48351
2014,13140,48361
2014,13180,55027
2014,13220,54019
2014,13220,54081
2014,13260,18093
2014,13300,48025
2014,13340,39091
2014,13380,53073
2014,13420,27007
2014,13460,41017
2014,13500,45069
2014,13540,50003
2014,13620,33007
2014,13620,50009
2014,13660,26107
2014,13700,48173
2014,13700,48227
2014,13720,51051
2014,13720,51195
2014,13720,51720
2014,13740,30009
2014,13740,30037
2014,13740,30111
2014,13780,36007
2014,13780,36107
2014,13820,01007
2014,13820,01009
2014,13820,01021
2014,13820,01073
2014,13820,01115
2014,13820,01117
2014,13820,01127
2014,13900,38015
2014,13900,38059
2014,13900,38065
2014,13900,38085
2014,13940,16011
2014,13980,51063
2014,13980,51071
2014,13980,51121
2014,13980,51155
2014,13980,51750
2014,14010,17039
2014,14010,17113
2014,14020,18105
2014,14020,18119
2014,14100,42037
2014,14100,42093
2014,14140,51185
2014,14140,54055
2014,14180,05093
2014,14220,22117
2014,14260,16001
2014,14260,16015
2014,14260,16027
2014,14260,16045
2014,14260,16073
2014,14340,19015
2014,14380,37189
2014,14420,48233
2014,14454,25021
2014,14454,25023
2014,14454,25025
2014,14460,25009
2014,14460,25017
2014,14460,25021
2014,14460,25023
2014,14460,25025
2014,14460,33015
2014,14460,33017
2014,14500,08013
2014,14540,21003
2014,14540,21031
2014,14540,21061
2014,14540,21227
2014,14580,30031
2014,14620,42083
2014,14660,27021
2014,14660,27035
2014,14700,29209
2014,14700,29213
2014,14720,08117
2014,14740,53035
2014,14780,48477
2014,14820,37175
2014,14860,09001
2014,15020,28085
2014,15060,41015
2014,15100,46011
2014,15180,48061
2014,15220,48049
2014,15260,13025
2014,15260,13127
2014,15260,13191
2014,15340,39033
2014,15380,36029
2014,15380,36063
2014,15420,16031
2014,15420,16067
2014,15460,17071
2014,15460,19057
2014,15500,37001
2014,15540,50007
2014,15540,50011
2014,15540,50013
2014,15580,30093
2014,15620,26113
2014,15620,26165
2014,15660,13129
2014,15680,24037
2014,15700,24019
2014,15740,39059
2014,15764,25009
2014,15764,25017
2014,15780,05013
2014,15780,05103
2014,15804,34005
2014,15804,34007
2014,15804,34015
2014,15820,21217
2014,15860,08043
2014,15900,17057
2014,15940,39019
2014,15940,39151
2014,15980,12071
2014,16020,17003
2014,16020,29017
2014,16020,29031
2014,16060,17077
2014,16060,17199
2014,16100,35015
2014,16180,32510
2014,16220,56025
2014,16260,49021
2014,16300,19011
2014,16300,19105
2014,16300,19113
2014,16340,13233
2014,16380,39107
2014,16460,17121
2014,16500,53041
2014,16540,42055
2014,16580,17019
2014,16580,17053
2014,16580,17147
2014,16620,54005
2014,16620,54015
2014,16620,54039
2014,16660,17029
2014,16660,17035
2014,16700,45015
2014,16700,45019
2014,16700,45035
2014,16740,37025
2014,16740,37071
2014,16740,37097
2014,16740,37109
2014,16740,37119
2014,16740,37159
2014,16740,37179
2014,16740,45023
2014,16740,45057
2014,16740,45091
2014,16820,51003
2014,16820,51029
2014,16820,51065
2014,16820,51079
2014,16820,51125
2014,16820,51540
2014,16860,13047
2014,16860,13083
2014,16860,13295
2014,16860,47065
2014,16860,47115
2014,16860,47153
2014,16940,56021
2014,16974,17031
2014,16974,17043
2014,16974,17063
2014,16974,17093
2014,16974,17111
2014,16974,17197
2014,16980,17031
2014,16980,17037
2014,16980,17043
2014,16980,17063
2014,16980,17089
2014,16980,17093
2014,16980,17097
2014,16980,17111
2014,16980,17197
2014,16980,18073
2014,16980,18089
2014,16980,18111
2014,16980,18127
2014,16980,55059
2014,17020,06007
2014,17060,39141
2014,17140,18029
2014,17140,18115
2014,17140,18161
2014,17140,21015
2014,17140,21023
2014,17140,21037
2014,17140,21077
2014,17140,21081
2014,17140,21117
2014,17140,21191
2014,17140,39015
2014,17140,39017
2014,17140,39025
2014,17140,39061
2014,17140,39165
2014,17200,33009
2014,17200,33019
2014,17200,50017
2014,17200,50027
2014,17220,54017
2014,17220,54033
2014,17220,54091
2014,17260,28027
2014,17300,21047
2014,17300,21221
2014,17300,47125
2014,17340,06033
2014,17380,28011
2014,17420,47011
2014,17420,47139
2014,17460,39035
2014,17460,39055
2014,17460,39085
2014,17460,39093
2014,17460,39103
2014,17500,12051
2014,17540,19045
2014,17580,35009
2014,17620,72043
2014,17640,72123
2014,17660,16055
2014,17700,20125
2014,17740,26023
2014,17780,48041
2014,17780,48051
2014,17780,48395
2014,17820,08041
2014,17820,08119
2014,17860,29019
2014,17900,45017
2014,17900,45039
2014,17900,45055
2014,17900,45063
2014,17900,45079
2014,17900,45081
2014,17980,01113
2014,17980,13053
2014,17980,13145
2014,17980,13197
2014,17980,13215
2014,18020,18005
2014,18060,28087
2014,18100,31141
2014,18140,39041
2014,18140,39045
2014,18140,39049
2014,18140,39073
2014,18140,39089
2014,18140,39097
2014,18140,39117
2014,18140,39127
2014,18140,39129
2014,18140,39159
2014,18180,33013
2014,18220,18041
2014,18260,47087
2014,18260,47133
2014,18260,47141
2014,18300,41011
2014,18380,13081
2014,18420,28003
2014,18460,13137
2014,18500,36101
2014,18580,48007
2014,18580,48355
2014,18580,48409
2014,18620,48349
2014,18660,36023
2014,18700,41003
2014,18740,39031
2014,18780,08081
2014,18820,18107
2014,18860,06015
2014,18880,12091
2014,18880,12131
2014,18900,47035
2014,18980,01043
2014,19000,37099
2014,19060,24001
2014,19060,54057
2014,19100,48085
2014,19100,48113
2014,19100,48121
2014,19100,48139
2014,19100,48221
2014,19100,48231
2014,19100,48251
2014,19100,48257
2014,19100,48367
2014,19100,48397
2014,19100,48425
2014,19100,48439
2014,19100,48497
2014,19124,48085
2014,19124,48113
2014,19124,48121
2014,19124,48139
2014,19124,48231
2014,19124,48257
2014,19124,48397
2014,19140,13213
2014,19140,13313
2014,19180,17183
2014,19220,21021
2014,19220,21137
2014,19260,51143
2014,19260,51590
2014,19300,01003
2014,19340,17073
2014,19340,17131
2014,19340,17161
2014,19340,19163
2014,19380,39057
2014,19380,39109
2014,19380,39113
2014,19420,47143
2014,19460,01079
2014,19460,01103
2014,19500,17115
2014,19540,18001
2014,19580,39039
2014,19620,48465
2014,19660,12035
2014,19660,12127
2014,19700,35029
2014,19740,08001
2014,19740,08005
2014,19740,08014
2014,19740,08019
2014,19740,08031
2014,19740,08035
2014,19740,08039
2014,19740,08047
2014,19740,08059
2014,19740,08093
2014,19760,22011
2014,19780,19049
2014,19780,19077
2014,19780,19121
2014,19780,19153
2014,19780,19181
2014,19804,26163
2014,19820,26087
2014,19820,26093
2014,19820,26099
2014,19820,26125
2014,19820,26147
2014,19820,26163
2014,19860,38089
2014,19940,17103
2014,19980,20057
2014,20020,01061
2014,20020,01067
2014,20020,01069
2014,20060,13069
2014,20100,10001
2014,20140,13167
2014,20140,13175
2014,20180,42033
2014,20220,19061
2014,20260,27017
2014,20260,27137
2014,20260,55031
2014,20300,48341
2014,20340,40137
2014,20380,37085
2014,20420,08067
2014,20460,40013
2014,20500,37037
2014,20500,37063
2014,20500,37135
2014,20500,37145
2014,20524,36027
2014,20524,36079
2014,20540,47045
2014,20580,48323
2014,20660,24041
2014,20700,42089
2014,20740,55017
2014,20740,55035
2014,20780,08037
2014,20820,17049
2014,20900,48481
2014,20940,06025
2014,20980,05139
2014,20994,17037
2014,20994,17089
2014,21020,37029
2014,21020,37139
2014,21020,37143
2014,21060,21093
2014,21060,21123
2014,21060,21163
2014,21120,40009
2014,21140,18039
2014,21180,54083
2014,21220,32007
2014,21220,32011
2014,21260,53037
2014,21300,36015
2014,21340,48141
2014,21340,48229
2014,21380,20111
2014,21420,40047
2014,21460,01031
2014,21500,42049
2014,21540,26041
2014,21580,35039
2014,21660,41039
2014,21700,06023
2014,21740,56041
2014,21780,18129
2014,21780,18163
2014,21780,18173
2014,21780,21101
2014,21820,02090
2014,21840,19101
2014,21900,54049
2014,21980,32001
2014,22020,27027
2014,22020,38017
2014,22060,27131
2014,22100,29187
2014,22140,35045
2014,22180,37051
2014,22180,37093
2014,22220,05007
2014,22220,05087
2014,22220,05143
2014,22220,29119
2014,22260,27111
2014,22280,32019
2014,22300,39063
2014,22340,13017
2014,22380,04005
2014,22420,26049
2014,22500,45031
2014,22500,45041
2014,22520,01033
2014,22520,01077
2014,22540,55039
2014,22580,37161
2014,22620,05123
2014,22660,08069
2014,22700,19187
2014,22744,12011
2014,22780,29169
2014,22800,17067
2014,22800,19111
2014,22800,29045
2014,22820,08087
2014,22860,22115
2014,22900,05033
2014,22900,05131
2014,22900,40079
2014,22900,40135
2014,23060,18003
2014,23060,18179
2014,23060,18183
2014,23104,48221
2014,23104,48251
2014,23104,48367
2014,23104,48425
2014,23104,48439
2014,23104,48497
2014,23140,18023
2014,23180,21005
2014,23180,21073
2014,23240,48171
2014,23300,17177
2014,23340,31053
2014,23380,39143
2014,23420,06019
2014,23460,01055
2014,23500,45021
2014,23540,12001
2014,23540,12041
2014,23580,13139
2014,23620,48097
2014,23660,17095
2014,23700,35031
2014,23780,20055
2014,23780,20093
2014,23820,32005
2014,23844,18073
2014,23844,18089
2014,23844,18111
2014,23844,18127
2014,23860,45043
2014,23900,42001
2014,23940,56005
2014,23980,21009
2014,23980,21169
2014,24020,36113
2014,24020,36115
2014,24060,08045
2014,24060,08097
2014,24100,36035
2014,24140,37191
2014,24220,27119
2014,24220,38035
2014,24260,31079
2014,24260,31081
2014,24260,31093
2014,24260,31121
2014,24300,08077
2014,24340,26015
2014,24340,26081
2014,24340,26117
2014,24340,26139
2014,24380,35006
2014,24420,41033
2014,24460,20009
2014,24500,30013
2014,24540,08123
2014,24580,55009
2014,24580,55061
2014,24580,55083
2014,24620,47059
2014,24640,25011
2014,24660,37081
2014,24660,37151
2014,24660,37157
2014,24700,18031
2014,24740,28151
2014,24780,37147
2014,24820,39037
2014,24860,45007
2014,24860,45045
2014,24860,45059
2014,24860,45077
2014,24900,28015
2014,24900,28083
2014,24940,45001
2014,24940,45047
2014,24980,28043
2014,25020,72015
2014,25020,72057
2014,25020,72109
2014,25060,28045
2014,25060,28047
2014,25060,28059
2014,25100,40139
2014,25180,24043
2014,25180,54003
2014,25200,16013
2014,25200,16025
2014,25200,16063
2014,25220,22105
2014,25260,06031
2014,25300,29127
2014,25300,29173
2014,25420,42041
2014,25420,42043
2014,25420,42099
2014,25460,05009
2014,25460,05101
2014,25500,51165
2014,25500,51660
2014,25540,09003
2014,25540,09007
2014,25540,09013
2014,25580,31001
2014,25620,28035
2014,25620,28073
2014,25620,28111
2014,25700,20051
2014,25720,49051
2014,25740,30043
2014,25740,30049
2014,25760,05107
2014,25780,37181
2014,25820,48117
2014,25840,41049
2014,25840,41059
2014,25860,37003
2014,25860,37023
2014,25860,37027
2014,25860,37035
2014,25880,26059
2014,25900,15001
2014,25940,45013
2014,25940,45053
2014,25980,13179
2014,25980,13183
2014,26020,35025
2014,26090,26005
2014,26140,12017
2014,26220,41027
2014,26300,05051
2014,26340,26061
2014,26340,26083
2014,26380,22057
2014,26380,22109
2014,26420,48015
2014,26420,48039
2014,26420,48071
2014,26420,48157
2014,26420,48167
2014,26420,48201
2014,26420,48291
2014,26420,48339
2014,26420,48473
2014,26460,36021
2014,26500,42061
2014,26540,18069
2014,26580,21019
2014,26580,21089
2014,26580,39087
2014,26580,54011
2014,26580,54043
2014,26580,54079
2014,26580,54099
2014,26620,01083
2014,26620,01089
2014,26660,48455
2014,26660,48471
2014,26700,46005
2014,26740,20155
2014,26780,27085
2014,26820,16019
2014,26820,16023
2014,26820,16051
2014,26860,42063
2014,26900,18011
2014,26900,18013
2014,26900,18057
2014,26900,18059
2014,26900,18063
2014,26900,18081
2014,26900,18095
2014,26900,18097
2014,26900,18109
2014,26900,18133
2014,26900,18145
2014,26940,28133
2014,26960,26067
2014,26980,19103
2014,26980,19183
2014,27020,26043
2014,27020,55037
2014,27060,36109
2014,27100,26075
2014,27140,28029
2014,27140,28049
2014,27140,28089
2014,27140,28121
2014,27140,28127
2014,27140,28163
2014,27160,39079
2014,27180,47023
2014,27180,47033
2014,27180,47113
2014,27220,16081
2014,27220,56039
2014,27260,12003
2014,27260,12019
2014,27260,12031
2014,27260,12089
2014,27260,12109
2014,27300,17137
2014,27300,17171
2014,27340,37133
2014,27380,48073
2014,27420,38093
2014,27460,36013
2014,27500,55105
2014,27540,18037
2014,27540,18125
2014,27580,72073
2014,27600,13157
2014,27620,29027
2014,27620,29051
2014,27620,29135
2014,27620,29151
2014,27700,13305
2014,27740,47019
2014,27740,47171
2014,27740,47179
2014,27780,42021
2014,27860,05031
2014,27860,05111
2014,27900,29097
2014,27900,29145
2014,27920,20061
2014,27940,02110
2014,27980,15005
2014,27980,15009
2014,28020,26077
2014,28020,26159
2014,28060,30029
2014,28100,17091
2014,28140,20091
2014,28140,20103
2014,28140,20107
2014,28140,20121
2014,28140,20209
2014,28140,29013
2014,28140,29025
2014,28140,29037
2014,28140,29047
2014,28140,29049
2014,28140,29095
2014,28140,29107
2014,28140,29165
2014,28140,29177
2014,28180,15007
2014,28260,31019
2014,28260,31099
2014,28300,33005
2014,28340,18113
2014,28380,29069
2014,28420,53005
2014,28420,53021
2014,28500,48265
2014,28540,02130
2014,28580,12087
2014,28620,37055
2014,28620,37177
2014,28660,48027
2014,28660,48099
2014,28660,48281
2014,28700,47073
2014,28700,47163
2014,28700,51169
2014,28700,51191
2014,28700,51520
2014,28740,36111
2014,28780,48261
2014,28780,48273
2014,28820,37107
2014,28860,29001
2014,28860,29197
2014,28900,41035
2014,28940,47001
2014,28940,47009
2014,28940,47013
2014,28940,47057
2014,28940,47093
2014,28940,47105
2014,28940,47129
2014,28940,47145
2014,28940,47173
2014,29020,18067
2014,29060,33001
2014,29100,27055
2014,29100,55063
2014,29180,22001
2014,29180,22045
2014,29180,22055
2014,29180,22099
2014,29180,22113
2014,29200,18007
2014,29200,18015
2014,29200,18157
2014,29260,41061
2014,29300,13285
2014,29340,22019
2014,29340,22023
2014,29380,12023
2014,29404,17097
2014,29404,55059
2014,29420,04015
2014,29460,12105
2014,29500,48115
2014,29540,42071
2014,29620,26037
2014,29620,26045
2014,29620,26065
2014,29660,56001
2014,29700,48479
2014,29740,35013
2014,29780,35047
2014,29820,32003
2014,29860,28061
2014,29860,28067
2014,29900,37165
2014,29940,20045
2014,29980,47099
2014,30020,40031
2014,30020,40033
2014,30060,29105
2014,30140,42075
2014,30220,48219
2014,30260,42119
2014,30280,47117
2014,30300,16069
2014,30300,53003
2014,30340,23001
2014,30380,42087
2014,30420,31047
2014,30420,31073
2014,30460,21017
2014,30460,21049
2014,30460,21067
2014,30460,21113
2014,30460,21209
2014,30460,21239
2014,30580,20175
2014,30620,39003
2014,30660,17107
2014,30700,31109
2014,30700,31159
2014,30780,05045
2014,30780,05053
2014,30780,05085
2014,30780,05105
2014,30780,05119
2014,30780,05125
2014,30820,42035
2014,30860,16041
2014,30860,49005
2014,30880,54045
2014,30900,18017
2014,30940,21121
2014,30940,21125
2014,30940,21235
2014,30980,48183
2014,30980,48401
2014,30980,48459
2014,31020,53015
2014,31060,35028
2014,31080,06037
2014,31080,06059
2014,31084,06037
2014,31140,18019
2014,31140,18043
2014,31140,18061
2014,31140,18143
2014,31140,18175
2014,31140,21029
2014,31140,21103
2014,31140,21111
2014,31140,21185
2014,31140,21211
2014,31140,21215
2014,31140,21223
2014,31180,48107
2014,31180,48303
2014,31180,48305
2014,31220,26105
2014,31260,48005
2014,31300,37155
2014,31340,51009
2014,31340,51011
2014,31340,51019
2014,31340,51031
2014,31340,51515
2014,31340,51680
2014,31380,17109
2014,31420,13021
2014,31420,13079
2014,31420,13169
2014,31420,13207
2014,31420,13289
2014,31460,06039
2014,31500,18077
2014,31540,55021
2014,31540,55025
2014,31540,55045
2014,31540,55049
2014,31580,21107
2014,31620,05027
2014,31660,36033
2014,31680,05059
2014,31700,33011
2014,31740,20149
2014,31740,20161
2014,31820,55071
2014,31860,27013
2014,31860,27103
2014,31900,39139
2014,31930,39167
2014,31940,26109
2014,31940,55075
2014,31980,18053
2014,32000,37111
2014,32020,39101
2014,32100,26103
2014,32140,27083
2014,32180,29195
2014,32220,48203
2014,32260,19127
2014,32280,47183
2014,32300,51089
2014,32300,51690
2014,32340,29147
2014,32380,19033
2014,32380,19195
2014,32420,72067
2014,32420,72097
2014,32460,21083
2014,32500,21161
2014,32540,40121
2014,32580,48215
2014,32620,28005
2014,32620,28113
2014,32660,47177
2014,32700,20113
2014,32740,42039
2014,32780,41029
2014,32820,05035
2014,32820,28009
2014,32820,28033
2014,32820,28093
2014,32820,28137
2014,32820,28143
2014,32820,47047
2014,32820,47157
2014,32820,47167
2014,32860,55033
2014,32900,06047
2014,32940,28023
2014,32940,28069
2014,32940,28075
2014,32980,55069
2014,33020,29007
2014,33060,40115
2014,33100,12011
2014,33100,12086
2014,33100,12099
2014,33124,12086
2014,33140,18091
2014,33180,21013
2014,33220,26111
2014,33260,48317
2014,33260,48329
2014,33300,13009
2014,33300,13141
2014,33340,55079
2014,33340,55089
2014,33340,55131
2014,33340,55133
2014,33420,48363
2014,33460,27003
2014,33460,27019
2014,33460,27025
2014,33460,27037
2014,33460,27053
2014,33460,27059
2014,33460,27079
2014,33460,27095
2014,33460,27123
2014,33460,27139
2014,33460,27141
2014,33460,27143
2014,33460,27163
2014,33460,27171
2014,33460,55093
2014,33460,55109
2014,33500,38049
2014,33500,38075
2014,33500,38101
2014,33540,30063
2014,33580,46035
2014,33580,46061
2014,33620,29175
2014,33660,01097
2014,33700,06099
2014,33740,22073
2014,33740,22111
2014,33780,26115
2014,33860,01001
2014,33860,01051
2014,33860,01085
2014,33860,01101
2014,33874,42017
2014,33874,42029
2014,33874,42091
2014,33940,08085
2014,33980,37031
2014,34020,22101
2014,34060,54061
2014,34060,54077
2014,34100,47063
2014,34100,47089
2014,34140,16057
2014,34180,53025
2014,34220,13071
2014,34260,05005
2014,34300,16039
2014,34340,37171
2014,34380,26073
2014,34420,48449
2014,34460,21011
2014,34460,21165
2014,34460,21173
2014,34500,17081
2014,34540,39083
2014,34580,53057
2014,34620,18035
2014,34660,21035
2014,34700,19139
2014,34740,26121
2014,34780,40101
2014,34820,37019
2014,34820,45051
2014,34860,48347
2014,34900,06055
2014,34940,12021
2014,34980,47015
2014,34980,47021
2014,34980,47037
2014,34980,47043
2014,34980,47081
2014,34980,47111
2014,34980,47119
2014,34980,47147
2014,34980,47149
2014,34980,47159
2014,34980,47165
2014,34980,47169
2014,34980,47187
2014,34980,47189
2014,35004,36059
2014,35004,36103
2014,35020,22029
2014,35020,28001
2014,35060,22069
2014,35084,34013
2014,35084,34019
2014,35084,34027
2014,35084,34035
2014,35084,34037
2014,35084,34039
2014,35084,42103
2014,35100,37049
2014,35100,37103
2014,35100,37137
2014,35140,45071
2014,35220,18065
2014,35260,42073
2014,35300,09009
2014,35380,22051
2014,35380,22071
2014,35380,22075
2014,35380,22087
2014,35380,22089
2014,35380,22093
2014,35380,22095
2014,35380,22103
2014,35420,39157
2014,35440,41041
2014,35460,47029
2014,35500,19099
2014,35580,27015
2014,35614,34003
2014,35614,34017
2014,35614,34023
2014,35614,34025
2014,35614,34029
2014,35614,34031
2014,35614,36005
2014,35614,36047
2014,35614,36061
2014,35614,36071
2014,35614,36081
2014,35614,36085
2014,35614,36087
2014,35614,36119
2014,35620,34003
2014,35620,34013
2014,35620,34017
2014,35620,34019
2014,35620,34023
2014,35620,34025
2014,35620,34027
2014,35620,34029
2014,35620,34031
2014,35620,34035
2014,35620,34037
2014,35620,34039
2014,35620,36005
2014,35620,36027
2014,35620,36047
2014,35620,36059
2014,35620,36061
2014,35620,36071
2014,35620,36079
2014,35620,36081
2014,35620,36085
2014,35620,36087
2014,35620,36103
2014,35620,36119
2014,35620,42103
2014,35660,26021
2014,35700,04023
2014,35740,31119
2014,35740,31139
2014,35740,31167
2014,35820,31111
2014,35820,31113
2014,35820,31117
2014,35840,12081
2014,35840,12115
2014,35860,18079
2014,35900,37193
2014,35940,39077
2014,35980,09011
2014,36020,53029
2014,36084,06001
2014,36084,06013
2014,36100,12083
2014,36140,34009
2014,36220,48135
2014,36260,49003
2014,36260,49011
2014,36260,49029
2014,36260,49057
2014,36300,36089
2014,36340,42121
2014,36380,12093
2014,36420,40017
2014,36420,40027
2014,36420,40051
2014,36420,40081
2014,36420,40083
2014,36420,40087
2014,36420,40109
2014,36460,36009
2014,36500,53067
2014,36540,19085
2014,36540,19129
2014,36540,19155
2014,36540,31025
2014,36540,31055
2014,36540,31153
2014,36540,31155
2014,36540,31177
2014,36580,36077
2014,36620,16075
2014,36620,41045
2014,36660,22097
2014,36700,45075
2014,36740,12069
2014,36740,12095
2014,36740,12097
2014,36740,12117
2014,36780,55139
2014,36820,19123
2014,36830,53001
2014,36840,20059
2014,36860,17011
2014,36860,17099
2014,36860,17155
2014,36900,19051
2014,36900,19179
2014,36940,27147
2014,36980,21059
2014,36980,21091
2014,36980,21149
2014,37020,26155
2014,37060,28071
2014,37080,37077
2014,37100,06111
2014,37120,01045
2014,37140,17127
2014,37140,21007
2014,37140,21139
2014,37140,21145
2014,37220,32023
2014,37260,12107
2014,37300,48001
2014,37340,12009
2014,37420,48179
2014,37460,12005
2014,37460,12045
2014,37500,05055
2014,37540,47079
2014,37580,48277
2014,37620,54105
2014,37620,54107
2014,37660,20099
2014,37740,04007
2014,37780,48389
2014,37860,12033
2014,37860,12113
2014,37900,17123
2014,37900,17143
2014,37900,17175
2014,37900,17179
2014,37900,17203
2014,37940,18103
2014,37964,42045
2014,37964,42101
2014,37980,10003
2014,37980,24015
2014,37980,34005
2014,37980,34007
2014,37980,34015
2014,37980,34033
2014,37980,42017
2014,37980,42029
2014,37980,42045
2014,37980,42091
2014,37980,42101
2014,38060,04013
2014,38060,04021
2014,38100,28109
2014,38180,46065
2014,38180,46117
2014,38180,46119
2014,38220,05025
2014,38220,05069
2014,38220,05079
2014,38240,37125
2014,38260,20037
2014,38300,42003
2014,38300,42005
2014,38300,42007
2014,38300,42019
2014,38300,42051
2014,38300,42125
2014,38300,42129
2014,38340,25003
2014,38380,48189
2014,38420,55043
2014,38460,36019
2014,38500,18099
2014,38540,16005
2014,38580,39053
2014,38580,54053
2014,38620,40071
2014,38660,72055
2014,38660,72059
2014,38660,72075
2014,38660,72111
2014,38660,72113
2014,38660,72149
2014,38660,72153
2014,38700,17105
2014,38740,29023
2014,38780,35041
2014,38820,53009
2014,38840,39123
2014,38860,23005
2014,38860,23023
2014,38860,23031
2014,38900,41005
2014,38900,41009
2014,38900,41051
2014,38900,41067
2014,38900,41071
2014,38900,53011
2014,38900,53059
2014,38920,48057
2014,38940,12085
2014,38940,12111
2014,39020,39145
2014,39060,42107
2014,39140,04025
2014,39220,49007
2014,39260,41013
2014,39300,25005
2014,39300,44001
2014,39300,44003
2014,39300,44005
2014,39300,44007
2014,39300,44009
2014,39340,49023
2014,39340,49049
2014,39380,08101
2014,39420,53075
2014,39460,12015
2014,39500,17001
2014,39500,29111
2014,39540,55101
2014,39580,37069
2014,39580,37101
2014,39580,37183
2014,39660,46033
2014,39660,46093
2014,39660,46103
2014,39700,48489
2014,39740,42011
2014,39780,06103
2014,39820,06089
2014,39860,27049
2014,39900,32029
2014,39900,32031
2014,39940,16043
2014,39940,16065
2014,39980,18177
2014,40060,51007
2014,40060,51033
2014,40060,51036
2014,40060,51041
2014,40060,51053
2014,40060,51075
2014,40060,51085
2014,40060,51087
2014,40060,51101
2014,40060,51127
2014,40060,51145
2014,40060,51149
2014,40060,51183
2014,40060,51570
2014,40060,51670
2014,40060,51730
2014,40060,51760
2014,40080,21151
2014,40080,21203
2014,40100,48427
2014,40140,06065
2014,40140,06071
2014,40180,56013
2014,40220,51023
2014,40220,51045
2014,40220,51067
2014,40220,51161
2014,40220,51770
2014,40220,51775
2014,40260,37083
2014,40260,37131
2014,40300,17141
2014,40340,27039
2014,40340,27045
2014,40340,27109
2014,40340,27157
2014,40380,36051
2014,40380,36055
2014,40380,36069
2014,40380,36073
2014,40380,36117
2014,40380,36123
2014,40420,17007
2014,40420,17201
2014,40460,37153
2014,40484,33015
2014,40484,33017
2014,40540,56037
2014,40580,37065
2014,40580,37127
2014,40620,29161
2014,40660,13115
2014,40700,41019
2014,40740,35005
2014,40780,05115
2014,40780,05149
2014,40820,22061
2014,40860,50021
2014,40900,06017
2014,40900,06061
2014,40900,06067
2014,40900,06113
2014,40940,04009
2014,40980,26145
2014,41060,27009
2014,41060,27145
2014,41100,49053
2014,41140,20043
2014,41140,29003
2014,41140,29021
2014,41140,29063
2014,41180,17005
2014,41180,17013
2014,41180,17027
2014,41180,17083
2014,41180,17117
2014,41180,17119
2014,41180,17133
2014,41180,17163
2014,41180,29071
2014,41180,29099
2014,41180,29113
2014,41180,29183
2014,41180,29189
2014,41180,29219
2014,41180,29510
2014,41220,13039
2014,41400,39029
2014,41420,41047
2014,41420,41053
2014,41460,20143
2014,41460,20169
2014,41500,06053
2014,41540,10005
2014,41540,24039
2014,41540,24045
2014,41540,24047
2014,41620,49035
2014,41620,49045
2014,41660,48235
2014,41660,48451
2014,41700,48013
2014,41700,48019
2014,41700,48029
2014,41700,48091
2014,41700,48187
2014,41700,48259
2014,41700,48325
2014,41700,48493
2014,41740,06073
2014,41760,16017
2014,41780,39043
2014,41820,37105
2014,41860,06001
2014,41860,06013
2014,41860,06041
2014,41860,06075
2014,41860,06081
2014,41884,06075
2014,41884,06081
2014,41900,72023
2014,41900,72079
2014,41900,72121
2014,41900,72125
2014,41940,06069
2014,41940,06085
2014,41980,72007
2014,41980,72009
2014,41980,72017
2014,41980,72019
2014,41980,72021
2014,41980,72025
2014,41980,72029
2014,41980,72031
2014,41980,72033
2014,41980,72035
2014,41980,72037
2014,41980,72039
2014,41980,72041
2014,41980,72045
2014,41980,72047
2014,41980,72051
2014,41980,72053
2014,41980,72054
2014,41980,72061
2014,41980,72063
2014,41980,72069
2014,41980,72077
2014,41980,72085
2014,41980,72087
2014,41980,72089
2014,41980,72091
2014,41980,72095
2014,41980,72101
2014,41980,72103
2014,41980,72105
2014,41980,72107
2014,41980,72119
2014,41980,72127
2014,41980,72129
2014,41980,72135
2014,41980,72137
2014,41980,72139
2014,41980,72143
2014,41980,72145
2014,41980,72151
2014,42020,06079
2014,42034,06041
2014,42100,06087
2014,42140,35049
2014,42180,72133
2014,42200,06083
2014,42220,06097
2014,42300,26033
2014,42340,13029
2014,42340,13051
2014,42340,13103
2014,42380,42015
2014,42420,31007
2014,42420,31157
2014,42420,31165
2014,42460,01071
2014,42540,42069
2014,42540,42079
2014,42540,42131
2014,42620,05145
2014,42644,53033
2014,42644,53061
2014,42660,53033
2014,42660,53053
2014,42660,53061
2014,42680,12061
2014,42700,12055
2014,42740,29159
2014,42780,42109
2014,42820,01047
2014,42860,45073
2014,42900,36099
2014,42940,47155
2014,42980,18071
2014,43020,55078
2014,43020,55115
2014,43060,40125
2014,43100,55117
2014,43140,37045
2014,43180,47003
2014,43220,53045
2014,43260,56033
2014,43300,48181
2014,43320,04017
2014,43340,22015
2014,43340,22017
2014,43340,22031
2014,43340,22119
2014,43380,39149
2014,43420,04003
2014,43460,29201
2014,43500,35017
2014,43524,24021
2014,43524,24031
2014,43580,19149
2014,43580,19193
2014,43580,31043
2014,43580,31051
2014,43580,46127
2014,43620,46083
2014,43620,46087
2014,43620,46099
2014,43620,46125
2014,43660,48415
2014,43700,21199
2014,43740,42111
2014,43760,06109
2014,43780,18141
2014,43780,26027
2014,43900,45083
2014,43900,45087
2014,43940,46081
2014,43980,19041
2014,44020,19059
2014,44060,53051
2014,44060,53063
2014,44060,53065
2014,44100,17129
2014,44100,17167
2014,44140,25013
2014,44140,25015
2014,44180,29043
2014,44180,29059
2014,44180,29077
2014,44180,29167
2014,44180,29225
2014,44220,39023
2014,44260,28105
2014,44300,42027
2014,44340,13031
2014,44420,51015
2014,44420,51790
2014,44420,51820
2014,44460,08107
2014,44500,48143
2014,44540,08075
2014,44580,17195
2014,44620,55097
2014,44660,40119
2014,44700,06077
2014,44740,19021
2014,44780,26149
2014,44860,48223
2014,44900,13055
2014,44920,49043
2014,44940,45085
2014,44980,42097
2014,45000,06035
2014,45020,48353
2014,45060,36053
2014,45060,36067
2014,45060,36075
2014,45104,53053
2014,45140,40021
2014,45180,01037
2014,45180,01121
2014,45220,12039
2014,45220,12065
2014,45220,12073
2014,45220,12129
2014,45300,12053
2014,45300,12057
2014,45300,12101
2014,45300,12103
2014,45340,35055
2014,45380,17021
2014,45460,18021
2014,45460,18153
2014,45460,18165
2014,45460,18167
2014,45500,05081
2014,45500,05091
2014,45500,48037
2014,45520,41065
2014,45540,12119
2014,45580,13293
2014,45620,13275
2014,45660,39147
2014,45700,13277
2014,45740,13257
2014,45780,39051
2014,45780,39095
2014,45780,39173
2014,45820,20085
2014,45820,20087
2014,45820,20139
2014,45820,20177
2014,45820,20197
2014,45860,09005
2014,45900,26019
2014,45900,26055
2014,45900,26079
2014,45900,26089
2014,45940,34021
2014,45980,01109
2014,46020,06057
2014,46060,04019
2014,46100,47031
2014,46100,47051
2014,46100,47127
2014,46140,40037
2014,46140,40111
2014,46140,40113
2014,46140,40117
2014,46140,40131
2014,46140,40143
2014,46140,40145
2014,46180,28057
2014,46180,28081
2014,46180,28115
2014,46220,01065
2014,46220,01107
2014,46220,01125
2014,46300,16053
2014,46300,16083
2014,46340,48423
2014,46380,06045
2014,46460,21075
2014,46460,47131
2014,46500,39021
2014,46520,15003
2014,46540,36043
2014,46540,36065
2014,46620,48463
2014,46660,13027
2014,46660,13101
2014,46660,13173
2014,46660,13185
2014,46700,06095
2014,46740,01017
2014,46780,39161
2014,46820,46027
2014,46860,49047
2014,46900,48487
2014,46980,28021
2014,46980,28149
2014,47020,48175
2014,47020,48469
2014,47080,13209
2014,47080,13279
2014,47180,18083
2014,47220,34011
2014,47240,25007
2014,47260,37053
2014,47260,37073
2014,47260,51073
2014,47260,51093
2014,47260,51095
2014,47260,51115
2014,47260,51199
2014,47260,51550
2014,47260,51650
2014,47260,51700
2014,47260,51710
2014,47260,51735
2014,47260,51740
2014,47260,51800
2014,47260,51810
2014,47260,51830
2014,47300,06107
2014,47340,18169
2014,47380,48145
2014,47380,48309
2014,47420,27167
2014,47420,38077
2014,47460,53013
2014,47460,53071
2014,47540,39011
2014,47580,13153
2014,47580,13225
2014,47580,13235
2014,47620,42123
2014,47660,29101
2014,47664,26087
2014,47664,26093
2014,47664,26099
2014,47664,26125
2014,47664,26147
2014,47700,18085
2014,47780,18027
2014,47820,37013
2014,47894,11001
2014,47894,24009
2014,47894,24017
2014,47894,24033
2014,47894,51013
2014,47894,51043
2014,47894,51047
2014,47894,51059
2014,47894,51061
2014,47894,51107
2014,47894,51153
2014,47894,51157
2014,47894,51177
2014,47894,51179
2014,47894,51187
2014,47894,51510
2014,47894,51600
2014,47894,51610
2014,47894,51630
2014,47894,51683
2014,47894,51685
2014,47894,54037
2014,47900,11001
2014,47900,24009
2014,47900,24017
2014,47900,24021
2014,47900,24031
2014,47900,24033
2014,47900,51013
2014,47900,51043
2014,47900,51047
2014,47900,51059
2014,47900,51061
2014,47900,51107
2014,47900,51153
2014,47900,51157
2014,47900,51177
2014,47900,51179
2014,47900,51187
2014,47900,51510
2014,47900,51600
2014,47900,51610
2014,47900,51630
2014,47900,51683
2014,47900,51685
2014,47900,54037
2014,47920,39047
2014,47940,19013
2014,47940,19017
2014,47940,19075
2014,47980,46029
2014,48020,55055
2014,48060,36045
2014,48100,12049
2014,48140,55073
2014,48180,13229
2014,48180,13299
2014,48220,40039
2014,48260,39081
2014,48260,54009
2014,48260,54029
2014,48300,53007
2014,48300,53017
2014,48424,12099
2014,48460,29091
2014,48540,39013
2014,48540,54051
2014,48540,54069
2014,48580,55127
2014,48620,20015
2014,48620,20079
2014,48620,20095
2014,48620,20173
2014,48620,20191
2014,48660,48009
2014,48660,48077
2014,48660,48485
2014,48700,42081
2014,48780,38105
2014,48820,27067
2014,48864,10003
2014,48864,24015
2014,48864,34033
2014,48900,37129
2014,48900,37141
2014,48940,39027
2014,48980,37195
2014,49020,51069
2014,49020,51840
2014,49020,54027
2014,49080,32013
2014,49100,27169
2014,49180,37057
2014,49180,37059
2014,49180,37067
2014,49180,37169
2014,49180,37197
2014,49220,55141
2014,49260,40153
2014,49300,39169
2014,49340,09015
2014,49340,25027
2014,49380,27105
2014,49420,53077
2014,49460,46135
2014,49620,42133
2014,49660,39099
2014,49660,39155
2014,49660,42085
2014,49700,06101
2014,49700,06115
2014,49740,04027
2014,49780,39119
2014,49820,48505
2019,10100,46013
2019,10100,46045
2019,10140,53027
2019,10180,48059
2019,10180,48253
2019,10180,48441
2019,10220,40123
2019,10300,26091
2019,10380,72003
2019,10380,72005
2019,10380,72011
2019,10380,72071
2019,10380,72081
2019,10380,72099
2019,10380,72117
2019,10380,72131
2019,10380,72141
2019,10420,39133
2019,10420,39153
2019,10460,35035
2019,10500,13095
2019,10500,13177
2019,10500,13273
2019,10500,13321
2019,10540,41043
2019,10580,36001
2019,10580,36083
2019,10580,36091
2019,10580,36093
2019,10580,36095
2019,10620,37167
2019,10660,27047
2019,10700,01095
2019,10740,35001
2019,10740,35043
2019,10740,35057
2019,10740,35061
2019,10760,01037
2019,10760,01123
2019,10780,22043
2019,10780,22079
2019,10820,27041
2019,10860,48131
2019,10860,48249
2019,10900,34041
2019,10900,42025
2019,10900,42077
2019,10900,42095
2019,10940,26057
2019,10980,26007
2019,11020,42013
2019,11060,40065
2019,11100,48011
2019,11100,48065
2019,11100,48359
2019,11100,48375
2019,11100,48381
2019,11140,13249
2019,11140,13261
2019,11180,19015
2019,11180,19169
2019,11220,36057
2019,11244,06059
2019,11260,02020
2019,11260,02170
2019,11380,48003
2019,11420,18151
2019,11460,26161
2019,11500,01015
2019,11540,55015
2019,11540,55087
2019,11580,12027
2019,11620,40019
2019,11620,40085
2019,11640,72013
2019,11640,72027
2019,11640,72065
2019,11640,72115
2019,11660,05019
2019,11700,37021
2019,11700,37087
2019,11700,37089
2019,11700,37115
2019,11740,39005
2019,11780,39007
2019,11820,41007
2019,11860,20005
2019,11900,39009
2019,11940,47107
2019,11980,48213
2019,12020,13059
2019,12020,13195
2019,12020,13219
2019,12020,13221
2019,12060,13013
2019,12060,13015
2019,12060,13035
2019,12060,13045
2019,12060,13057
2019,12060,13063
2019,12060,13067
2019,12060,13077
2019,12060,13085
2019,12060,13089
2019,12060,13097
2019,12060,13113
2019,12060,13117
2019,12060,13121
2019,12060,13135
2019,12060,13143
2019,12060,13149
2019,12060,13151
2019,12060,13159
2019,12060,13171
2019,12060,13199
2019,12060,13211
2019,12060,13217
2019,12060,13223
2019,12060,13227
2019,12060,13231
2019,12060,13247
2019,12060,13255
2019,12060,13297
2019,12100,34001
2019,12120,01053
2019,12140,18033
2019,12180,36011
2019,12220,01081
2019,12260,13033
2019,12260,13073
2019,12260,13181
2019,12260,13189
2019,12260,13245
2019,12260,45003
2019,12260,45037
2019,12300,23011
2019,12380,27099
2019,12420,48021
2019,12420,48055
2019,12420,48209
2019,12420,48453
2019,12420,48491
2019,12460,13087
2019,12540,06029
2019,12580,24003
2019,12580,24005
2019,12580,24013
2019,12580,24025
2019,12580,24027
2019,12580,24035
2019,12580,24510
2019,12620,23019
2019,12660,55111
2019,12680,21179
2019,12700,25001
2019,12740,50023
2019,12780,40147
2019,12860,36037
2019,12900,05063
2019,12900,05135
2019,12940,22005
2019,12940,22007
2019,12940,22033
2019,12940,22037
2019,12940,22047
2019,12940,22063
2019,12940,22077
2019,12940,22091
2019,12940,22121
2019,12940,22125
2019,12980,26025
2019,13020,26017
2019,13060,48321
2019,13100,31067
2019,13140,48199
2019,13140,48245
2019,13140,48361
2019,13180,55027
2019,13220,54019
2019,13220,54081
2019,13260,18093
2019,13300,48025
2019,13340,39091
2019,13380,53073
2019,13420,27007
2019,13460,41017
2019,13500,45069
2019,13540,50003
2019,13620,33007
2019,13660,26107
2019,13700,48227
2019,13720,51195
2019,13720,51720
2019,13740,30009
2019,13740,30095
2019,13740,30111
2019,13780,36007
2019,13780,36107
2019,13820,01007
2019,13820,01009
2019,13820,01021
2019,13820,01073
2019,13820,01115
2019,13820,01117
2019,13900,38015
2019,13900,38059
2019,13900,38065
2019,13940,16011
2019,13980,51071
2019,13980,51121
2019,13980,51155
2019,13980,51750
2019,14010,17113
2019,14020,18105
2019,14020,18119
2019,14100,42037
2019,14100,42093
2019,14140,51021
2019,14140,51185
2019,14140,54055
2019,14180,05093
2019,14220,22117
2019,14260,16001
2019,14260,16015
2019,14260,16027
2019,14260,16045
2019,14260,16073
2019,14300,48147
2019,14380,37189
2019,14420,48233
2019,14454,25021
2019,14454,25023
2019,14454,25025
2019,14460,25009
2019,14460,25017
2019,14460,25021
2019,14460,25023
2019,14460,25025
2019,14460,33015
2019,14460,33017
2019,14500,08013
2019,14540,21003
2019,14540,21031
2019,14540,21061
2019,14540,21227
2019,14580,30031
2019,14620,42083
2019,14660,27021
2019,14660,27035
2019,14700,29213
2019,14720,08117
2019,14740,53035
2019,14780,48477
2019,14820,37175
2019,14860,09001
2019,15020,28085
2019,15060,41015
2019,15100,46011
2019,15140,47075
2019,15180,48061
2019,15220,48049
2019,15260,13025
2019,15260,13127
2019,15260,13191
2019,15340,39033
2019,15380,36029
2019,15380,36063
2019,15420,16031
2019,15420,16067
2019,15460,17071
2019,15460,19057
2019,15500,37001
2019,15540,50007
2019,15540,50011
2019,15540,50013
2019,15580,30093
2019,15620,26113
2019,15620,26165
2019,15660,13129
2019,15680,24037
2019,15700,24019
2019,15740,39059
2019,15764,25009
2019,15764,25017
2019,15780,05013
2019,15780,05103
2019,15804,34005
2019,15804,34007
2019,15804,34015
2019,15820,21087
2019,15820,21217
2019,15860,08043
2019,15940,39019
2019,15940,39151
2019,15980,12071
2019,16020,17003
2019,16020,29017
2019,16020,29031
2019,16060,17077
2019,16060,17087
2019,16060,17199
2019,16100,35015
2019,16140,19027
2019,16180,32510
2019,16220,56025
2019,16260,49021
2019,16300,19011
2019,16300,19105
2019,16300,19113
2019,16340,13233
2019,16380,39107
2019,16420,21177
2019,16460,17121
2019,16500,53041
2019,16540,42055
2019,16580,17019
2019,16580,17147
2019,16620,54005
2019,16620,54015
2019,16620,54035
2019,16620,54039
2019,16620,54043
2019,16660,17029
2019,16660,17035
2019,16700,45015
2019,16700,45019
2019,16700,45035
2019,16740,37007
2019,16740,37025
2019,16740,37071
2019,16740,37097
2019,16740,37109
2019,16740,37119
2019,16740,37159
2019,16740,37179
2019,16740,45023
2019,16740,45057
2019,16740,45091
2019,16820,51003
2019,16820,51065
2019,16820,51079
2019,16820,51125
2019,16820,51540
2019,16860,13047
2019,16860,13083
2019,16860,13295
2019,16860,47065
2019,16860,47115
2019,16860,47153
2019,16940,56021
2019,16980,17031
2019,16980,17037
2019,16980,17043
2019,16980,17063
2019,16980,17089
2019,16980,17093
2019,16980,17097
2019,16980,17111
2019,16980,17197
2019,16980,18073
2019,16980,18089
2019,16980,18111
2019,16980,18127
2019,16980,55059
2019,16984,17031
2019,16984,17043
2019,16984,17063
2019,16984,17111
2019,16984,17197
2019,17020,06007
2019,17060,39141
2019,17140,18029
2019,17140,18047
2019,17140,18115
2019,17140,18161
2019,17140,21015
2019,17140,21023
2019,17140,21037
2019,17140,21077
2019,17140,21081
2019,17140,21117
2019,17140,21191
2019,17140,39015
2019,17140,39017
2019,17140,39025
2019,17140,39061
2019,17140,39165
2019,17220,54017
2019,17220,54033
2019,17220,54091
2019,17260,28027
2019,17300,21047
2019,17300,21221
2019,17300,47125
2019,17300,47161
2019,17340,06033
2019,17380,28011
2019,17420,47011
2019,17420,47139
2019,17460,39035
2019,17460,39055
2019,17460,39085
2019,17460,39093
2019,17460,39103
2019,17500,12051
2019,17540,19045
2019,17580,35009
2019,17620,72043
2019,17640,72123
2019,17660,16055
2019,17700,20125
2019,17740,26023
2019,17780,48041
2019,17780,48051
2019,17780,48395
2019,17820,08041
2019,17820,08119
2019,17860,29019
2019,17860,29053
2019,17860,29089
2019,17900,45017
2019,17900,45039
2019,17900,45055
2019,17900,45063
2019,17900,45079
2019,17900,45081
2019,17980,01113
2019,17980,13053
2019,17980,13145
2019,17980,13197
2019,17980,13215
2019,17980,13259
2019,17980,13263
2019,18020,18005
2019,18060,28087
2019,18100,31141
2019,18140,39041
2019,18140,39045
2019,18140,39049
2019,18140,39073
2019,18140,39089
2019,18140,39097
2019,18140,39117
2019,18140,39127
2019,18140,39129
2019,18140,39159
2019,18180,33013
2019,18220,18041
2019,18260,47087
2019,18260,47133
2019,18260,47141
2019,18300,41011
2019,18380,13081
2019,18420,28003
2019,18460,13137
2019,18500,36101
2019,18580,48355
2019,18580,48409
2019,18620,48349
2019,18660,36023
2019,18700,41003
2019,18740,39031
2019,18780,08081
2019,18820,18107
2019,18860,06015
2019,18880,12091
2019,18880,12131
2019,18900,47035
2019,18980,01043
2019,19000,37099
2019,19000,37173
2019,19060,24001
2019,19060,54057
2019,19100,48085
2019,19100,48113
2019,19100,48121
2019,19100,48139
2019,19100,48231
2019,19100,48251
2019,19100,48257
2019,19100,48367
2019,19100,48397
2019,19100,48439
2019,19100,48497
2019,19124,48085
2019,19124,48113
2019,19124,48121
2019,19124,48139
2019,19124,48231
2019,19124,48257
2019,19124,48397
2019,19140,13213
2019,19140,13313
2019,19180,17183
2019,19220,21021
2019,19220,21137
2019,19260,51143
2019,19260,51590
2019,19300,01003
2019,19340,17073
2019,19340,17131
2019,19340,17161
2019,19340,19163
2019,19420,47143
2019,19430,39057
2019,19430,39109
2019,19430,39113
2019,19460,01079
2019,19460,01103
2019,19500,17115
2019,19540,18001
2019,19580,39039
2019,19620,48465
2019,19660,12035
2019,19660,12127
2019,19700,35029
2019,19740,08001
2019,19740,08005
2019,19740,08014
2019,19740,08019
2019,19740,08031
2019,19740,08035
2019,19740,08039
2019,19740,08047
2019,19740,08059
2019,19740,08093
2019,19760,22011
2019,19780,19049
2019,19780,19077
2019,19780,19099
2019,19780,19121
2019,19780,19153
2019,19780,19181
2019,19804,26163
2019,19820,26087
2019,19820,26093
2019,19820,26099
2019,19820,26125
2019,19820,26147
2019,19820,26163
2019,19860,38007
2019,19860,38089
2019,19940,17103
2019,19980,20057
2019,20020,01061
2019,20020,01067
2019,20020,01069
2019,20060,13003
2019,20060,13069
2019,20100,10001
2019,20140,13167
2019,20140,13175
2019,20140,13283
2019,20180,42033
2019,20220,19061
2019,20260,27017
2019,20260,27075
2019,20260,27137
2019,20260,55031
2019,20300,48341
2019,20340,40137
2019,20420,08067
2019,20460,40013
2019,20500,37037
2019,20500,37063
2019,20500,37077
2019,20500,37135
2019,20500,37145
2019,20540,47045
2019,20580,48323
2019,20660,24041
2019,20700,42089
2019,20740,55017
2019,20740,55035
2019,20780,08037
2019,20820,17049
2019,20900,48481
2019,20940,06025
2019,20980,05139
2019,20994,17037
2019,20994,17089
2019,20994,17093
2019,21020,37139
2019,21020,37143
2019,21060,21093
2019,21060,21123
2019,21060,21163
2019,21120,40009
2019,21140,18039
2019,21180,54083
2019,21220,32007
2019,21220,32011
2019,21260,53037
2019,21300,36015
2019,21340,48141
2019,21340,48229
2019,21380,20017
2019,21380,20111
2019,21420,40047
2019,21460,01031
2019,21500,42049
2019,21540,26041
2019,21580,35039
2019,21640,01005
2019,21640,13239
2019,21660,41039
2019,21700,06023
2019,21740,56041
2019,21780,18129
2019,21780,18163
2019,21780,18173
2019,21780,21101
2019,21820,02090
2019,21840,19101
2019,21860,27091
2019,21900,54049
2019,21980,32001
2019,22020,27027
2019,22020,38017
2019,22060,27131
2019,22100,29187
2019,22140,35045
2019,22180,37051
2019,22180,37085
2019,22180,37093
2019,22220,05007
2019,22220,05087
2019,22220,05143
2019,22260,27111
2019,22280,32019
2019,22300,39063
2019,22340,13017
2019,22380,04005
2019,22420,26049
2019,22500,45031
2019,22500,45041
2019,22520,01033
2019,22520,01077
2019,22540,55039
2019,22580,37161
2019,22620,05123
2019,22660,08069
2019,22700,19187
2019,22744,12011
2019,22780,29169
2019,22800,17067
2019,22800,19111
2019,22800,29045
2019,22820,08087
2019,22840,01049
2019,22860,22115
2019,22900,05033
2019,22900,05047
2019,22900,05131
2019,22900,40135
2019,23060,18003
2019,23060,18183
2019,23104,48251
2019,23104,48367
2019,23104,48439
2019,23104,48497
2019,23140,18023
2019,23180,21005
2019,23180,21073
2019,23224,24021
2019,23224,24031
2019,23240,48171
2019,23300,17177
2019,23340,31053
2019,23380,39143
2019,23420,06019
2019,23460,01055
2019,23500,45021
2019,23540,12001
2019,23540,12041
2019,23540,12075
2019,23580,13139
2019,23620,48097
2019,23660,17095
2019,23700,35031
2019,23780,20055
2019,23780,20093
2019,23820,32005
2019,23844,18073
2019,23844,18089
2019,23844,18111
2019,23844,18127
2019,23860,45043
2019,23900,42001
2019,23940,56005
2019,23940,56011
2019,23940,56045
2019,23980,21009
2019,23980,21169
2019,24020,36113
2019,24020,36115
2019,24060,08045
2019,24060,08097
2019,24100,36035
2019,24140,37191
2019,24180,48221
2019,24220,27119
2019,24220,38035
2019,24260,31079
2019,24260,31093
2019,24260,31121
2019,24300,08077
2019,24330,27061
2019,24340,26067
2019,24340,26081
2019,24340,26117
2019,24340,26139
2019,24380,35006
2019,24420,41033
2019,24460,20009
2019,24500,30013
2019,24540,08123
2019,24580,55009
2019,24580,55061
2019,24580,55083
2019,24620,47059
2019,24660,37081
2019,24660,37151
2019,24660,37157
2019,24700,18031
2019,24740,28151
2019,24780,37147
2019,24820,39037
2019,24860,45007
2019,24860,45045
2019,24860,45059
2019,24860,45077
2019,24900,28015
2019,24900,28083
2019,24940,45047
2019,24980,28043
2019,25020,72015
2019,25020,72057
2019,25020,72109
2019,25060,28045
2019,25060,28047
2019,25060,28059
2019,25060,28131
2019,25100,40139
2019,25180,24043
2019,25180,54003
2019,25180,54065
2019,25200,16013
2019,25200,16025
2019,25220,22105
2019,25260,06031
2019,25300,29127
2019,25300,29173
2019,25420,42041
2019,25420,42043
2019,25420,42099
2019,25460,05009
2019,25460,05101
2019,25500,51165
2019,25500,51660
2019,25540,09003
2019,25540,09007
2019,25540,09013
2019,25580,31001
2019,25620,28031
2019,25620,28035
2019,25620,28073
2019,25620,28111
2019,25700,20051
2019,25720,49043
2019,25720,49051
2019,25740,30043
2019,25740,30049
2019,25760,05107
2019,25780,37181
2019,25820,48117
2019,25840,41049
2019,25840,41059
2019,25860,37003
2019,25860,37023
2019,25860,37027
2019,25860,37035
2019,25880,26059
2019,25900,15001
2019,25940,45013
2019,25940,45053
2019,25980,13179
2019,25980,13183
2019,26020,35025
2019,26090,26005
2019,26140,12017
2019,26220,41027
2019,26260,05057
2019,26260,05099
2019,26300,05051
2019,26340,26061
2019,26340,26083
2019,26380,22057
2019,26380,22109
2019,26420,48015
2019,26420,48039
2019,26420,48071
2019,26420,48157
2019,26420,48167
2019,26420,48201
2019,26420,48291
2019,26420,48339
2019,26420,48473
2019,26460,36021
2019,26500,42061
2019,26540,18069
2019,26580,21019
2019,26580,21043
2019,26580,21089
2019,26580,39087
2019,26580,54011
2019,26580,54079
2019,26580,54099
2019,26620,01083
2019,26620,01089
2019,26660,48471
2019,26700,46005
2019,26700,46073
2019,26740,20155
2019,26780,27085
2019,26820,16019
2019,26820,16023
2019,26820,16051
2019,26860,42063
2019,26900,18011
2019,26900,18013
2019,26900,18057
2019,26900,18059
2019,26900,18063
2019,26900,18081
2019,26900,18095
2019,26900,18097
2019,26900,18109
2019,26900,18133
2019,26900,18145
2019,26940,28133
2019,26980,19103
2019,26980,19183
2019,27020,26043
2019,27020,55037
2019,27060,36109
2019,27100,26075
2019,27140,28029
2019,27140,28049
2019,27140,28051
2019,27140,28089
2019,27140,28121
2019,27140,28127
2019,27140,28163
2019,27160,39079
2019,27180,47023
2019,27180,47033
2019,27180,47053
2019,27180,47113
2019,27220,16081
2019,27220,56039
2019,27260,12003
2019,27260,12019
2019,27260,12031
2019,27260,12089
2019,27260,12109
2019,27300,17137
2019,27300,17171
2019,27340,37133
2019,27380,48073
2019,27420,38093
2019,27460,36013
2019,27500,55105
2019,27530,01127
2019,27540,18037
2019,27540,18125
2019,27580,72073
2019,27600,13157
2019,27620,29027
2019,27620,29051
2019,27620,29135
2019,27620,29151
2019,27660,22053
2019,27700,13305
2019,27740,47019
2019,27740,47171
2019,27740,47179
2019,27780,42021
2019,27860,05031
2019,27860,05111
2019,27900,29097
2019,27900,29145
2019,27940,02110
2019,27980,15009
2019,28020,26077
2019,28060,30029
2019,28100,17091
2019,28140,20091
2019,28140,20103
2019,28140,20107
2019,28140,20121
2019,28140,20209
2019,28140,29013
2019,28140,29025
2019,28140,29037
2019,28140,29047
2019,28140,29049
2019,28140,29095
2019,28140,29107
2019,28140,29165
2019,28140,29177
2019,28180,15007
2019,28260,31019
2019,28260,31099
2019,28300,33005
2019,28340,18113
2019,28380,29069
2019,28420,53005
2019,28420,53021
2019,28500,48265
2019,28540,02130
2019,28580,12087
2019,28620,37055
2019,28660,48027
2019,28660,48099
2019,28660,48281
2019,28700,47073
2019,28700,47163
2019,28700,51169
2019,28700,51191
2019,28700,51520
2019,28740,36111
2019,28780,48261
2019,28780,48273
2019,28820,37107
2019,28860,29001
2019,28860,29197
2019,28900,41035
2019,28940,47001
2019,28940,47009
2019,28940,47013
2019,28940,47093
2019,28940,47105
2019,28940,47129
2019,28940,47145
2019,28940,47173
2019,29020,18067
2019,29060,33001
2019,29100,27055
2019,29100,55063
2019,29180,22001
2019,29180,22045
2019,29180,22055
2019,29180,22099
2019,29180,22113
2019,29200,18007
2019,29200,18015
2019,29200,18157
2019,29200,18171
2019,29260,41061
2019,29300,01017
2019,29300,13285
2019,29340,22019
2019,29340,22023
2019,29380,12023
2019,29404,17097
2019,29404,55059
2019,29420,04015
2019,29460,12105
2019,29500,48115
2019,29540,42071
2019,29620,26037
2019,29620,26045
2019,29620,26065
2019,29620,26155
2019,29660,56001
2019,29700,48479
2019,29740,35013
2019,29780,35033
2019,29780,35047
2019,29820,32003
2019,29860,28061
2019,29860,28067
2019,29900,37165
2019,29940,20045
2019,29980,47099
2019,30020,40031
2019,30020,40033
2019,30060,29105
2019,30100,33009
2019,30100,33019
2019,30100,50017
2019,30100,50027
2019,30140,42075
2019,30220,48219
2019,30260,42119
2019,30280,47117
2019,30300,16069
2019,30300,53003
2019,30340,23001
2019,30380,42087
2019,30420,31047
2019,30420,31073
2019,30460,21017
2019,30460,21049
2019,30460,21067
2019,30460,21113
2019,30460,21209
2019,30460,21239
2019,30580,20175
2019,30620,39003
2019,30660,17107
2019,30700,31109
2019,30700,31159
2019,30780,05045
2019,30780,05053
2019,30780,05085
2019,30780,05105
2019,30780,05119
2019,30780,05125
2019,30820,42035
2019,30860,16041
2019,30860,49005
2019,30900,18017
2019,30940,21051
2019,30940,21121
2019,30940,21125
2019,30940,21235
2019,30980,48183
2019,30980,48203
2019,30980,48401
2019,30980,48459
2019,31020,53015
2019,31060,35028
2019,31080,06037
2019,31080,06059
2019,31084,06037
2019,31140,18019
2019,31140,18043
2019,31140,18061
2019,31140,18175
2019,31140,21029
2019,31140,21103
2019,31140,21111
2019,31140,21185
2019,31140,21211
2019,31140,21215
2019,31180,48107
2019,31180,48303
2019,31180,48305
2019,31220,26105
2019,31260,48005
2019,31300,37155
2019,31340,51009
2019,31340,51011
2019,31340,51019
2019,31340,51031
2019,31340,51680
2019,31380,17109
2019,31420,13021
2019,31420,13079
2019,31420,13169
2019,31420,13207
2019,31420,13289
2019,31460,06039
2019,31500,18077
2019,31540,55021
2019,31540,55025
2019,31540,55045
2019,31540,55049
2019,31580,21107
2019,31620,05027
2019,31660,36033
2019,31680,05059
2019,31700,33011
2019,31740,20061
2019,31740,20149
2019,31740,20161
2019,31820,55071
2019,31860,27013
2019,31860,27103
2019,31900,39139
2019,31930,39167
2019,31940,26109
2019,31940,55075
2019,31980,18053
2019,32000,37111
2019,32020,39101
2019,32100,26103
2019,32140,27083
2019,32180,29195
2019,32260,19127
2019,32280,47183
2019,32300,51089
2019,32300,51690
2019,32340,29147
2019,32380,19033
2019,32380,19195
2019,32420,72067
2019,32420,72083
2019,32420,72097
2019,32460,21083
2019,32500,21161
2019,32540,40121
2019,32580,48215
2019,32620,28113
2019,32660,47177
2019,32700,20113
2019,32740,42039
2019,32780,41029
2019,32820,05035
2019,32820,28033
2019,32820,28093
2019,32820,28137
2019,32820,28143
2019,32820,47047
2019,32820,47157
2019,32820,47167
2019,32860,55033
2019,32900,06047
2019,32940,28023
2019,32940,28069
2019,32940,28075
2019,33020,29007
2019,33060,40115
2019,33100,12011
2019,33100,12086
2019,33100,12099
2019,33124,12086
2019,33140,18091
2019,33180,21013
2019,33220,26111
2019,33260,48317
2019,33260,48329
2019,33300,13009
2019,33300,13141
2019,33340,55079
2019,33340,55089
2019,33340,55131
2019,33340,55133
2019,33380,22119
2019,33420,48363
2019,33460,27003
2019,33460,27019
2019,33460,27025
2019,33460,27037
2019,33460,27053
2019,33460,27059
2019,33460,27079
2019,33460,27095
2019,33460,27123
2019,33460,27139
2019,33460,27141
2019,33460,27163
2019,33460,27171
2019,33460,55093
2019,33460,55109
2019,33500,38049
2019,33500,38075
2019,33500,38101
2019,33540,30063
2019,33580,46035
2019,33580,46061
2019,33620,29175
2019,33660,01097
2019,33660,01129
2019,33700,06099
2019,33740,22067
2019,33740,22073
2019,33740,22111
2019,33780,26115
2019,33860,01001
2019,33860,01051
2019,33860,01085
2019,33860,01101
2019,33874,42017
2019,33874,42029
2019,33874,42091
2019,33940,08085
2019,33940,08091
2019,33980,37031
2019,34020,22101
2019,34060,54061
2019,34060,54077
2019,34100,47057
2019,34100,47063
2019,34100,47089
2019,34140,16057
2019,34180,53025
2019,34220,13071
2019,34260,05005
2019,34300,16039
2019,34340,37171
2019,34350,54045
2019,34380,26073
2019,34420,48063
2019,34420,48449
2019,34460,21011
2019,34460,21165
2019,34460,21173
2019,34500,17081
2019,34540,39083
2019,34580,53057
2019,34620,18035
2019,34660,21035
2019,34700,19139
2019,34740,26121
2019,34780,40101
2019,34820,37019
2019,34820,45051
2019,34860,48347
2019,34900,06055
2019,34940,12021
2019,34980,47015
2019,34980,47021
2019,34980,47037
2019,34980,47043
2019,34980,47111
2019,34980,47119
2019,34980,47147
2019,34980,47149
2019,34980,47159
2019,34980,47165
2019,34980,47169
2019,34980,47187
2019,34980,47189
2019,35004,36059
2019,35004,36103
2019,35020,22029
2019,35020,28001
2019,35060,22069
2019,35084,34013
2019,35084,34019
2019,35084,34027
2019,35084,34037
2019,35084,34039
2019,35084,42103
2019,35100,37049
2019,35100,37103
2019,35100,37137
2019,35140,45071
2019,35154,34023
2019,35154,34025
2019,35154,34029
2019,35154,34035
2019,35220,18065
2019,35260,42073
2019,35300,09009
2019,35380,22051
2019,35380,22071
2019,35380,22075
2019,35380,22087
2019,35380,22089
2019,35380,22093
2019,35380,22095
2019,35380,22103
2019,35420,39157
2019,35440,41041
2019,35460,47029
2019,35580,27015
2019,35614,34003
2019,35614,34017
2019,35614,34031
2019,35614,36005
2019,35614,36047
2019,35614,36061
2019,35614,36079
2019,35614,36081
2019,35614,36085
2019,35614,36087
2019,35614,36119
2019,35620,34003
2019,35620,34013
2019,35620,34017
2019,35620,34019
2019,35620,34023
2019,35620,34025
2019,35620,34027
2019,35620,34029
2019,35620,34031
2019,35620,34035
2019,35620,34037
2019,35620,34039
2019,35620,36005
2019,35620,36047
2019,35620,36059
2019,35620,36061
2019,35620,36079
2019,35620,36081
2019,35620,36085
2019,35620,36087
2019,35620,36103
2019,35620,36119
2019,35620,42103
2019,35660,26021
2019,35700,04023
2019,35740,31119
2019,35740,31139
2019,35740,31167
2019,35820,31111
2019,35820,31113
2019,35820,31117
2019,35840,12081
2019,35840,12115
2019,35860,18079
2019,35900,37193
2019,35940,39077
2019,35980,09011
2019,36020,53029
2019,36084,06001
2019,36084,06013
2019,36100,12083
2019,36140,34009
2019,36220,48135
2019,36260,49003
2019,36260,49011
2019,36260,49029
2019,36260,49057
2019,36300,36089
2019,36340,42121
2019,36380,12093
2019,36420,40017
2019,36420,40027
2019,36420,40051
2019,36420,40081
2019,36420,40083
2019,36420,40087
2019,36420,40109
2019,36460,36009
2019,36500,53067
2019,36540,19085
2019,36540,19129
2019,36540,19155
2019,36540,31025
2019,36540,31055
2019,36540,31153
2019,36540,31155
2019,36540,31177
2019,36580,36077
2019,36620,16075
2019,36620,41045
2019,36660,22097
2019,36700,45075
2019,36740,12069
2019,36740,12095
2019,36740,12097
2019,36740,12117
2019,36780,55139
2019,36820,19123
2019,36830,53001
2019,36837,17011
2019,36837,17099
2019,36837,17155
2019,36840,20059
2019,36900,19179
2019,36940,27147
2019,36980,21059
2019,36980,21091
2019,36980,21149
2019,37060,28071
2019,37100,06111
2019,37120,01045
2019,37140,17127
2019,37140,21007
2019,37140,21139
2019,37140,21145
2019,37220,32023
2019,37260,12107
2019,37300,48001
2019,37340,12009
2019,37420,48179
2019,37420,48393
2019,37460,12005
2019,37500,05055
2019,37540,47079
2019,37580,48277
2019,37620,54105
2019,37620,54107
2019,37660,20099
2019,37740,04007
2019,37770,48163
2019,37780,48301
2019,37780,48389
2019,37800,19125
2019,37860,12033
2019,37860,12113
2019,37900,17057
2019,37900,17123
2019,37900,17143
2019,37900,17175
2019,37900,17179
2019,37900,17203
2019,37940,18103
2019,37964,42045
2019,37964,42101
2019,37980,10003
2019,37980,24015
2019,37980,34005
2019,37980,34007
2019,37980,34015
2019,37980,34033
2019,37980,42017
2019,37980,42029
2019,37980,42045
2019,37980,42091
2019,37980,42101
2019,38060,04013
2019,38060,04021
2019,38100,28109
2019,38180,46065
2019,38180,46117
2019,38220,05025
2019,38220,05069
2019,38220,05079
2019,38240,37125
2019,38260,20037
2019,38300,42003
2019,38300,42005
2019,38300,42007
2019,38300,42019
2019,38300,42051
2019,38300,42125
2019,38300,42129
2019,38340,25003
2019,38380,48189
2019,38420,55043
2019,38460,36019
2019,38500,18099
2019,38540,16005
2019,38540,16077
2019,38580,39053
2019,38580,54053
2019,38620,40071
2019,38660,72001
2019,38660,72075
2019,38660,72113
2019,38660,72149
2019,38700,17105
2019,38740,29023
2019,38740,29181
2019,38780,35041
2019,38820,53009
2019,38860,23005
2019,38860,23023
2019,38860,23031
2019,38900,41005
2019,38900,41009
2019,38900,41051
2019,38900,41067
2019,38900,41071
2019,38900,53011
2019,38900,53059
2019,38920,48057
2019,38940,12085
2019,38940,12111
2019,39020,39145
2019,39060,42107
2019,39100,36027
2019,39100,36071
2019,39150,04025
2019,39220,49007
2019,39260,41013
2019,39300,25005
2019,39300,44001
2019,39300,44003
2019,39300,44005
2019,39300,44007
2019,39300,44009
2019,39340,49023
2019,39340,49049
2019,39380,08101
2019,39420,53075
2019,39460,12015
2019,39500,17001
2019,39500,29111
2019,39540,55101
2019,39580,37069
2019,39580,37101
2019,39580,37183
2019,39660,46093
2019,39660,46103
2019,39700,48489
2019,39740,42011
2019,39780,06103
2019,39820,06089
2019,39860,27049
2019,39900,32029
2019,39900,32031
2019,39940,16043
2019,39940,16065
2019,39980,18177
2019,40060,51007
2019,40060,51036
2019,40060,51041
2019,40060,51053
2019,40060,51075
2019,40060,51085
2019,40060,51087
2019,40060,51097
2019,40060,51101
2019,40060,51127
2019,40060,51145
2019,40060,51149
2019,40060,51183
2019,40060,51570
2019,40060,51670
2019,40060,51730
2019,40060,51760
2019,40080,21065
2019,40080,21151
2019,40100,48427
2019,40140,06065
2019,40140,06071
2019,40180,56013
2019,40220,51023
2019,40220,51045
2019,40220,51067
2019,40220,51161
2019,40220,51770
2019,40220,51775
2019,40260,37083
2019,40260,37131
2019,40300,17141
2019,40340,27039
2019,40340,27045
2019,40340,27109
2019,40340,27157
2019,40380,36051
2019,40380,36055
2019,40380,36069
2019,40380,36073
2019,40380,36117
2019,40380,36123
2019,40420,17007
2019,40420,17201
2019,40460,37153
2019,40484,33015
2019,40484,33017
2019,40530,48007
2019,40540,56037
2019,40580,37065
2019,40580,37127
2019,40620,29161
2019,40660,13115
2019,40700,41019
2019,40740,35005
2019,40760,35027
2019,40780,05115
2019,40780,05149
2019,40820,22061
2019,40860,50021
2019,40900,06017
2019,40900,06061
2019,40900,06067
2019,40900,06113
2019,40940,04009
2019,40980,26145
2019,41060,27009
2019,41060,27145
2019,41100,49053
2019,41140,20043
2019,41140,29003
2019,41140,29021
2019,41140,29063
2019,41180,17005
2019,41180,17013
2019,41180,17027
2019,41180,17083
2019,41180,17117
2019,41180,17119
2019,41180,17133
2019,41180,17163
2019,41180,29071
2019,41180,29099
2019,41180,29113
2019,41180,29183
2019,41180,29189
2019,41180,29219
2019,41180,29510
2019,41220,13039
2019,41260,42047
2019,41400,39029
2019,41420,41047
2019,41420,41053
2019,41460,20143
2019,41460,20169
2019,41500,06053
2019,41540,10005
2019,41540,24039
2019,41540,24045
2019,41540,24047
2019,41620,49035
2019,41620,49045
2019,41660,48235
2019,41660,48431
2019,41660,48451
2019,41700,48013
2019,41700,48019
2019,41700,48029
2019,41700,48091
2019,41700,48187
2019,41700,48259
2019,41700,48325
2019,41700,48493
2019,41740,06073
2019,41760,16017
2019,41780,39043
2019,41820,37105
2019,41860,06001
2019,41860,06013
2019,41860,06041
2019,41860,06075
2019,41860,06081
2019,41884,06075
2019,41884,06081
2019,41900,72023
2019,41900,72079
2019,41900,72121
2019,41900,72125
2019,41940,06069
2019,41940,06085
2019,41980,72007
2019,41980,72009
2019,41980,72017
2019,41980,72019
2019,41980,72021
2019,41980,72025
2019,41980,72029
2019,41980,72031
2019,41980,72033
2019,41980,72035
2019,41980,72037
2019,41980,72039
2019,41980,72041
2019,41980,72045
2019,41980,72047
2019,41980,72051
2019,41980,72053
2019,41980,72054
2019,41980,72061
2019,41980,72063
2019,41980,72069
2019,41980,72077
2019,41980,72085
2019,41980,72087
2019,41980,72089
2019,41980,72091
2019,41980,72095
2019,41980,72101
2019,41980,72103
2019,41980,72105
2019,41980,72107
2019,41980,72119
2019,41980,72127
2019,41980,72129
2019,41980,72135
2019,41980,72137
2019,41980,72139
2019,41980,72143
2019,41980,72145
2019,41980,72151
2019,42020,06079
2019,42034,06041
2019,42100,06087
2019,42140,35049
2019,42180,72133
2019,42200,06083
2019,42220,06097
2019,42300,26033
2019,42340,13029
2019,42340,13051
2019,42340,13103
2019,42380,42015
2019,42420,31007
2019,42420,31157
2019,42420,31165
2019,42460,01071
2019,42500,18143
2019,42540,42069
2019,42540,42079
2019,42540,42131
2019,42620,05145
2019,42644,53033
2019,42644,53061
2019,42660,53033
2019,42660,53053
2019,42660,53061
2019,42680,12061
2019,42700,12055
2019,42740,29159
2019,42780,42109
2019,42820,01047
2019,42860,45073
2019,42900,36099
2019,42940,47155
2019,42980,18071
2019,43020,55078
2019,43020,55115
2019,43060,40125
2019,43100,55117
2019,43140,37045
2019,43180,47003
2019,43220,53045
2019,43260,56033
2019,43300,48181
2019,43320,04017
2019,43340,22015
2019,43340,22017
2019,43340,22031
2019,43380,39149
2019,43420,04003
2019,43460,29201
2019,43500,35017
2019,43580,19193
2019,43580,31043
2019,43580,31051
2019,43580,46127
2019,43620,46083
2019,43620,46087
2019,43620,46099
2019,43620,46125
2019,43660,48415
2019,43700,21199
2019,43740,42111
2019,43760,06109
2019,43780,18141
2019,43780,26027
2019,43900,45083
2019,43940,46081
2019,43980,19041
2019,44020,19059
2019,44060,53063
2019,44060,53065
2019,44100,17129
2019,44100,17167
2019,44140,25011
2019,44140,25013
2019,44140,25015
2019,44180,29043
2019,44180,29059
2019,44180,29077
2019,44180,29167
2019,44180,29225
2019,44220,39023
2019,44260,28105
2019,44260,28155
2019,44300,42027
2019,44340,13031
2019,44420,51015
2019,44420,51790
2019,44420,51820
2019,44460,08107
2019,44500,48143
2019,44540,08075
2019,44580,17195
2019,44620,55097
2019,44660,40119
2019,44700,06077
2019,44740,19021
2019,44780,26149
2019,44860,48223
2019,44900,13055
2019,44940,45027
2019,44940,45085
2019,44980,42097
2019,45000,06035
2019,45020,48353
2019,45060,36053
2019,45060,36067
2019,45060,36075
2019,45104,53053
2019,45140,40021
2019,45180,01121
2019,45220,12039
2019,45220,12065
2019,45220,12073
2019,45220,12129
2019,45300,12053
2019,45300,12057
2019,45300,12101
2019,45300,12103
2019,45340,35055
2019,45380,17021
2019,45460,18021
2019,45460,18121
2019,45460,18153
2019,45460,18165
2019,45460,18167
2019,45500,05081
2019,45500,05091
2019,45500,48037
2019,45520,41065
2019,45540,12119
2019,45580,13293
2019,45620,13275
2019,45660,39147
2019,45700,13277
2019,45740,13257
2019,45780,39051
2019,45780,39095
2019,45780,39123
2019,45780,39173
2019,45820,20085
2019,45820,20087
2019,45820,20139
2019,45820,20177
2019,45820,20197
2019,45860,09005
2019,45900,26019
2019,45900,26055
2019,45900,26079
2019,45900,26089
2019,45940,34021
2019,45980,01109
2019,46020,06057
2019,46060,04019
2019,46100,47031
2019,46100,47051
2019,46100,47127
2019,46140,40037
2019,46140,40111
2019,46140,40113
2019,46140,40117
2019,46140,40131
2019,46140,40143
2019,46140,40145
2019,46180,28057
2019,46180,28081
2019,46180,28115
2019,46180,28117
2019,46220,01063
2019,46220,01065
2019,46220,01107
2019,46220,01125
2019,46300,16053
2019,46300,16083
2019,46340,48423
2019,46380,06045
2019,46420,45087
2019,46460,47131
2019,46500,39021
2019,46520,15003
2019,46540,36043
2019,46540,36065
2019,46620,48463
2019,46660,13027
2019,46660,13101
2019,46660,13173
2019,46660,13185
2019,46700,06095
2019,46780,39161
2019,46820,46027
2019,46860,49047
2019,46900,48487
2019,46980,28149
2019,47020,48175
2019,47020,48469
2019,47080,13209
2019,47080,13279
2019,47180,18083
2019,47220,34011
2019,47240,25007
2019,47260,37029
2019,47260,37053
2019,47260,37073
2019,47260,51073
2019,47260,51093
2019,47260,51095
2019,47260,51115
2019,47260,51175
2019,47260,51199
2019,47260,51550
2019,47260,51620
2019,47260,51650
2019,47260,51700
2019,47260,51710
2019,47260,51735
2019,47260,51740
2019,47260,51800
2019,47260,51810
2019,47260,51830
2019,47300,06107
2019,47340,18169
2019,47380,48145
2019,47380,48309
2019,47420,27167
2019,47420,38077
2019,47460,53071
2019,47540,39011
2019,47580,13153
2019,47580,13225
2019,47620,42123
2019,47660,29101
2019,47664,26087
2019,47664,26093
2019,47664,26099
2019,47664,26125
2019,47664,26147
2019,47700,18085
2019,47780,18027
2019,47820,37013
2019,47894,11001
2019,47894,24009
2019,47894,24017
2019,47894,24033
2019,47894,51013
2019,47894,51043
2019,47894,51047
2019,47894,51059
2019,47894,51061
2019,47894,51107
2019,47894,51113
2019,47894,51153
2019,47894,51157
2019,47894,51177
2019,47894,51179
2019,47894,51187
2019,47894,51510
2019,47894,51600
2019,47894,51610
2019,47894,51630
2019,47894,51683
2019,47894,51685
2019,47894,54037
2019,47900,11001
2019,47900,24009
2019,47900,24017
2019,47900,24021
2019,47900,24031
2019,47900,24033
2019,47900,51013
2019,47900,51043
2019,47900,51047
2019,47900,51059
2019,47900,51061
2019,47900,51107
2019,47900,51113
2019,47900,51153
2019,47900,51157
2019,47900,51177
2019,47900,51179
2019,47900,51187
2019,47900,51510
2019,47900,51600
2019,47900,51610
2019,47900,51630
2019,47900,51683
2019,47900,51685
2019,47900,54037
2019,47920,39047
2019,47940,19013
2019,47940,19017
2019,47940,19075
2019,47980,46029
2019,47980,46057
2019,48020,55055
2019,48060,36045
2019,48100,12049
2019,48140,55069
2019,48140,55073
2019,48180,13229
2019,48180,13299
2019,48220,40039
2019,48260,39081
2019,48260,54009
2019,48260,54029
2019,48300,53007
2019,48300,53017
2019,48424,12099
2019,48460,29091
2019,48500,28025
2019,48540,39013
2019,48540,54051
2019,48540,54069
2019,48580,55127
2019,48620,20015
2019,48620,20079
2019,48620,20173
2019,48620,20191
2019,48660,48009
2019,48660,48077
2019,48660,48485
2019,48700,42081
2019,48780,38105
2019,48820,27067
2019,48864,10003
2019,48864,24015
2019,48864,34033
2019,48900,37129
2019,48900,37141
2019,48940,39027
2019,48980,37195
2019,49020,51069
2019,49020,51840
2019,49020,54027
2019,49060,20035
2019,49080,32013
2019,49100,27169
2019,49180,37057
2019,49180,37059
2019,49180,37067
2019,49180,37169
2019,49180,37197
2019,49220,55141
2019,49260,40045
2019,49260,40153
2019,49300,39169
2019,49340,09015
2019,49340,25027
2019,49380,27105
2019,49420,53077
2019,49460,46135
2019,49500,72055
2019,49500,72059
2019,49500,72111
2019,49500,72153
2019,49620,42133
2019,49660,39099
2019,49660,39155
2019,49660,42085
2019,49700,06101
2019,49700,06115
2019,49740,04027
2019,49780,39119
2019,49820,48505
2024,10100,46013
2024,10100,46045
2024,10140,53027
2024,10180,48059
2024,10180,48253
2024,10180,48441
2024,10220,40123
2024,10300,26091
2024,10380,72003
2024,10380,72005
2024,10380,72011
2024,10380,72071
2024,10380,72099
2024,10380,72117
2024,10380,72131
2024,10420,39133
2024,10420,39153
2024,10460,35035
2024,10480,08003
2024,10480,08021
2024,10480,08023
2024,10500,13095
2024,10500,13177
2024,10500,13273
2024,10500,13321
2024,10540,41043
2024,10580,36001
2024,10580,36083
2024,10580,36091
2024,10580,36093
2024,10580,36095
2024,10620,37167
2024,10660,27047
2024,10700,01095
2024,10740,35001
2024,10740,35043
2024,10740,35057
2024,10740,35061
2024,10760,01123
2024,10780,22043
2024,10780,22079
2024,10820,27041
2024,10860,48047
2024,10860,48249
2024,10900,34041
2024,10900,42025
2024,10900,42077
2024,10900,42095
2024,10940,26057
2024,10980,26007
2024,11020,42013
2024,11060,40065
2024,11100,48011
2024,11100,48065
2024,11100,48359
2024,11100,48375
2024,11100,48381
2024,11140,13249
2024,11140,13261
2024,11180,19015
2024,11180,19169
2024,11200,25015
2024,11220,36057
2024,11244,06059
2024,11260,02020
2024,11260,02170
2024,11360,37085
2024,11380,48003
2024,11420,18151
2024,11460,26161
2024,11500,01015
2024,11540,55015
2024,11540,55087
2024,11580,12027
2024,11620,40019
2024,11640,72013
2024,11640,72027
2024,11640,72065
2024,11640,72115
2024,11660,05019
2024,11680,20035
2024,11694,51013
2024,11694,51043
2024,11694,51047
2024,11694,51059
2024,11694,51061
2024,11694,51107
2024,11694,51153
2024,11694,51157
2024,11694,51177
2024,11694,51179
2024,11694,51187
2024,11694,51510
2024,11694,51600
2024,11694,51610
2024,11694,51630
2024,11694,51683
2024,11694,51685
2024,11694,54037
2024,11700,37021
2024,11700,37089
2024,11700,37115
2024,11740,39005
2024,11820,41007
2024,11860,20005
2024,11900,39009
2024,11940,47107
2024,11940,47121
2024,11980,48213
2024,12020,13059
2024,12020,13195
2024,12020,13219
2024,12020,13221
2024,12054,13013
2024,12054,13035
2024,12054,13045
2024,12054,13063
2024,12054,13077
2024,12054,13085
2024,12054,13089
2024,12054,13097
2024,12054,13113
2024,12054,13117
2024,12054,13121
2024,12054,13135
2024,12054,13149
2024,12054,13151
2024,12054,13159
2024,12054,13187
2024,12054,13199
2024,12054,13211
2024,12054,13217
2024,12054,13227
2024,12054,13231
2024,12054,13247
2024,12054,13255
2024,12054,13297
2024,12060,13013
2024,12060,13015
2024,12060,13035
2024,12060,13045
2024,12060,13057
2024,12060,13063
2024,12060,13067
2024,12060,13077
2024,12060,13085
2024,12060,13089
2024,12060,13097
2024,12060,13113
2024,12060,13117
2024,12060,13121
2024,12060,13135
2024,12060,13143
2024,12060,13149
2024,12060,13151
2024,12060,13159
2024,12060,13187
2024,12060,13199
2024,12060,13211
2024,12060,13217
2024,12060,13223
2024,12060,13227
2024,12060,13231
2024,12060,13247
2024,12060,13255
2024,12060,13297
2024,12100,34001
2024,12100,34009
2024,12140,18033
2024,12180,36011
2024,12220,01081
2024,12220,01087
2024,12260,13033
2024,12260,13073
2024,12260,13181
2024,12260,13189
2024,12260,13245
2024,12260,45003
2024,12260,45037
2024,12300,23011
2024,12380,27099
2024,12420,48021
2024,12420,48055
2024,12420,48209
2024,12420,48453
2024,12420,48491
2024,12460,13087
2024,12520,41001
2024,12540,06029
2024,12580,24003
2024,12580,24005
2024,12580,24013
2024,12580,24025
2024,12580,24027
2024,12580,24035
2024,12580,24510
2024,12620,23019
2024,12660,55111
2024,12700,25001
2024,12740,50023
2024,12780,40147
2024,12860,36037
2024,12900,05063
2024,12940,22005
2024,12940,22007
2024,12940,22033
2024,12940,22037
2024,12940,22047
2024,12940,22063
2024,12940,22077
2024,12940,22091
2024,12940,22121
2024,12940,22125
2024,12980,26025
2024,13020,26017
2024,13060,48321
2024,13100,31067
2024,13140,48199
2024,13140,48245
2024,13140,48361
2024,13180,55027
2024,13220,54019
2024,13220,54081
2024,13260,18093
2024,13300,48025
2024,13340,39091
2024,13380,53073
2024,13420,27007
2024,13460,41013
2024,13460,41017
2024,13460,41031
2024,13540,50003
2024,13660,26107
2024,13700,48227
2024,13740,30009
2024,13740,30095
2024,13740,30111
2024,13780,36007
2024,13780,36107
2024,13820,01007
2024,13820,01009
2024,13820,01021
2024,13820,01073
2024,13820,01115
2024,13820,01117
2024,13820,01127
2024,13860,06027
2024,13900,38015
2024,13900,38059
2024,13900,38065
2024,13940,16011
2024,13980,51063
2024,13980,51071
2024,13980,51121
2024,13980,51155
2024,13980,51750
2024,14010,17113
2024,14020,18105
2024,14020,18119
2024,14100,42037
2024,14140,51185
2024,14140,54055
2024,14180,05093
2024,14220,22117
2024,14260,16001
2024,14260,16015
2024,14260,16027
2024,14260,16045
2024,14260,16073
2024,14300,48147
2024,14380,37189
2024,14420,48233
2024,14454,25021
2024,14454,25023
2024,14454,25025
2024,14460,25009
2024,14460,25017
2024,14460,25021
2024,14460,25023
2024,14460,25025
2024,14460,33015
2024,14460,33017
2024,14500,08013
2024,14540,21003
2024,14540,21031
2024,14540,21061
2024,14540,21227
2024,14580,30031
2024,14620,42083
2024,14660,27021
2024,14660,27035
2024,14700,29213
2024,14710,50025
2024,14720,08065
2024,14720,08117
2024,14740,53035
2024,14780,48477
2024,14820,37175
2024,14860,09120
2024,14860,09190
2024,14940,16071
2024,14940,49003
2024,15020,28085
2024,15060,41015
2024,15100,46011
2024,15180,48061
2024,15220,48049
2024,15260,13025
2024,15260,13127
2024,15260,13191
2024,15340,39033
2024,15380,36029
2024,15380,36063
2024,15420,16031
2024,15420,16067
2024,15460,17071
2024,15460,19057
2024,15500,37001
2024,15540,50007
2024,15540,50011
2024,15540,50013
2024,15580,30093
2024,15620,26113
2024,15620,26165
2024,15660,13129
2024,15700,24019
2024,15740,39059
2024,15764,25009
2024,15764,25017
2024,15780,05013
2024,15780,05103
2024,15804,34005
2024,15804,34007
2024,15804,34015
2024,15820,21087
2024,15820,21217
2024,15860,08043
2024,15900,17057
2024,15940,39019
2024,15940,39151
2024,15980,12071
2024,16020,17003
2024,16020,29017
2024,16020,29031
2024,16060,17077
2024,16100,35015
2024,16140,19027
2024,16180,32510
2024,16220,56025
2024,16260,49021
2024,16300,19011
2024,16300,19105
2024,16300,19113
2024,16340,13233
2024,16380,39107
2024,16460,17121
2024,16500,53041
2024,16540,42055
2024,16580,17019
2024,16580,17053
2024,16580,17147
2024,16620,54005
2024,16620,54015
2024,16620,54039
2024,16660,17029
2024,16700,45015
2024,16700,45019
2024,16700,45035
2024,16740,37007
2024,16740,37025
2024,16740,37071
2024,16740,37097
2024,16740,37109
2024,16740,37119
2024,16740,37159
2024,16740,37179
2024,16740,45023
2024,16740,45057
2024,16740,45091
2024,16820,51003
2024,16820,51065
2024,16820,51079
2024,16820,51125
2024,16820,51540
2024,16860,13047
2024,16860,13083
2024,16860,13295
2024,16860,47065
2024,16860,47115
2024,16860,47153
2024,16940,56021
2024,16980,17031
2024,16980,17037
2024,16980,17043
2024,16980,17063
2024,16980,17089
2024,16980,17093
2024,16980,17097
2024,16980,17111
2024,16980,17197
2024,16980,18073
2024,16980,18089
2024,16980,18111
2024,16980,18127
2024,16984,17031
2024,16984,17043
2024,16984,17063
2024,16984,17111
2024,16984,17197
2024,17020,06007
2024,17060,39141
2024,17140,18029
2024,17140,18047
2024,17140,18115
2024,17140,21015
2024,17140,21023
2024,17140,21037
2024,17140,21077
2024,17140,21081
2024,17140,21117
2024,17140,21191
2024,17140,39015
2024,17140,39017
2024,17140,39025
2024,17140,39061
2024,17140,39165
2024,17220,54017
2024,17220,54033
2024,17220,54091
2024,17260,28027
2024,17300,21047
2024,17300,21221
2024,17300,47125
2024,17300,47161
2024,17340,06033
2024,17380,28011
2024,17410,39007
2024,17410,39035
2024,17410,39055
2024,17410,39085
2024,17410,39093
2024,17410,39103
2024,17420,47011
2024,17420,47139
2024,17500,12043
2024,17500,12051
2024,17540,19045
2024,17580,35009
2024,17580,35041
2024,17620,72043
2024,17620,72133
2024,17640,72123
2024,17650,56029
2024,17660,16055
2024,17740,26023
2024,17780,48041
2024,17780,48051
2024,17780,48395
2024,17820,08041
2024,17820,08119
2024,17860,29019
2024,17860,29053
2024,17860,29089
2024,17900,45017
2024,17900,45039
2024,17900,45055
2024,17900,45063
2024,17900,45079
2024,17900,45081
2024,17980,01113
2024,17980,13053
2024,17980,13145
2024,17980,13197
2024,17980,13215
2024,17980,13259
2024,17980,13263
2024,18020,18005
2024,18060,28087
2024,18060,28103
2024,18100,31037
2024,18100,31141
2024,18140,39041
2024,18140,39045
2024,18140,39049
2024,18140,39073
2024,18140,39089
2024,18140,39097
2024,18140,39117
2024,18140,39127
2024,18140,39129
2024,18140,39159
2024,18180,33013
2024,18220,18041
2024,18260,47087
2024,18260,47133
2024,18260,47141
2024,18260,47185
2024,18300,41011
2024,18340,21051
2024,18340,21121
2024,18340,21125
2024,18340,21235
2024,18380,13081
2024,18420,28003
2024,18460,13137
2024,18500,36101
2024,18580,48007
2024,18580,48355
2024,18580,48409
2024,18620,48349
2024,18660,36023
2024,18700,41003
2024,18740,39031
2024,18820,18107
2024,18860,06015
2024,18880,12091
2024,18880,12131
2024,18900,47035
2024,18980,01043
2024,19060,24001
2024,19060,54057
2024,19100,48085
2024,19100,48113
2024,19100,48121
2024,19100,48139
2024,19100,48231
2024,19100,48251
2024,19100,48257
2024,19100,48367
2024,19100,48397
2024,19100,48439
2024,19100,48497
2024,19124,48085
2024,19124,48113
2024,19124,48121
2024,19124,48139
2024,19124,48231
2024,19124,48257
2024,19124,48397
2024,19140,13213
2024,19140,13313
2024,19180,17183
2024,19220,21021
2024,19220,21137
2024,19260,51143
2024,19260,51590
2024,19300,01003
2024,19340,17073
2024,19340,17131
2024,19340,17161
2024,19340,19163
2024,19430,39057
2024,19430,39109
2024,19430,39113
2024,19460,01079
2024,19460,01103
2024,19500,17115
2024,19540,18001
2024,19580,39039
2024,19620,48465
2024,19660,12035
2024,19660,12127
2024,19700,35029
2024,19740,08001
2024,19740,08005
2024,19740,08014
2024,19740,08019
2024,19740,08031
2024,19740,08035
2024,19740,08039
2024,19740,08047
2024,19740,08059
2024,19740,08093
2024,19760,22011
2024,19780,19049
2024,19780,19077
2024,19780,19099
2024,19780,19121
2024,19780,19153
2024,19780,19181
2024,19804,26163
2024,19810,27005
2024,19820,26087
2024,19820,26093
2024,19820,26099
2024,19820,26125
2024,19820,26147
2024,19820,26163
2024,19860,38007
2024,19860,38025
2024,19860,38089
2024,19940,17103
2024,19980,20057
2024,20020,01061
2024,20020,01067
2024,20020,01069
2024,20060,13003
2024,20060,13069
2024,20100,10001
2024,20140,13167
2024,20140,13175
2024,20180,42033
2024,20220,19061
2024,20260,27017
2024,20260,27137
2024,20260,55031
2024,20300,48341
2024,20340,40137
2024,20420,08067
2024,20460,40013
2024,20500,37037
2024,20500,37063
2024,20500,37135
2024,20500,37145
2024,20540,47045
2024,20580,48323
2024,20660,24041
2024,20700,42089
2024,20740,55017
2024,20740,55035
2024,20780,08037
2024,20820,17035
2024,20820,17049
2024,20900,48481
2024,20940,06025
2024,20980,05139
2024,20994,17037
2024,20994,17089
2024,20994,17093
2024,21020,37139
2024,21060,21093
2024,21060,21123
2024,21120,40009
2024,21140,18039
2024,21180,54083
2024,21220,32007
2024,21220,32011
2024,21260,53037
2024,21300,36015
2024,21340,48141
2024,21340,48229
2024,21380,20017
2024,21380,20111
2024,21420,40047
2024,21460,01031
2024,21500,42049
2024,21540,26041
2024,21580,35039
2024,21640,01005
2024,21640,13239
2024,21660,41039
2024,21700,06023
2024,21740,49033
2024,21740,56041
2024,21780,18129
2024,21780,18163
2024,21780,18173
2024,21794,53061
2024,21820,02090
2024,21860,27091
2024,21900,54049
2024,21980,32001
2024,22020,27027
2024,22020,38017
2024,22060,27131
2024,22100,29187
2024,22140,35045
2024,22180,37051
2024,22180,37093
2024,22190,47103
2024,22220,05007
2024,22220,05087
2024,22220,05143
2024,22260,27111
2024,22300,39063
2024,22340,13017
2024,22380,04005
2024,22420,26049
2024,22500,45031
2024,22500,45041
2024,22520,01033
2024,22520,01077
2024,22540,55039
2024,22580,37161
2024,22620,05123
2024,22660,08069
2024,22700,19187
2024,22744,12011
2024,22780,29169
2024,22800,19111
2024,22820,08087
2024,22840,01049
2024,22900,05033
2024,22900,05131
2024,22900,40135
2024,23060,18003
2024,23060,18179
2024,23060,18183
2024,23104,48251
2024,23104,48367
2024,23104,48439
2024,23104,48497
2024,23140,18023
2024,23180,21005
2024,23180,21073
2024,23190,21213
2024,23224,24021
2024,23224,24031
2024,23240,48171
2024,23300,17177
2024,23340,31053
2024,23380,39143
2024,23420,06019
2024,23420,06039
2024,23460,01055
2024,23500,45021
2024,23540,12001
2024,23540,12041
2024,23540,12075
2024,23580,13139
2024,23620,48097
2024,23660,17095
2024,23680,39053
2024,23700,35031
2024,23780,20055
2024,23820,06003
2024,23820,32005
2024,23900,42001
2024,23940,56005
2024,23980,21009
2024,23980,21169
2024,24020,36113
2024,24020,36115
2024,24100,36035
2024,24140,37191
2024,24180,48221
2024,24220,27119
2024,24220,38035
2024,24260,31079
2024,24260,31093
2024,24260,31121
2024,24300,08077
2024,24330,27061
2024,24340,26015
2024,24340,26067
2024,24340,26081
2024,24340,26117
2024,24340,26139
2024,24420,41033
2024,24460,20009
2024,24500,30013
2024,24540,08123
2024,24580,55009
2024,24580,55061
2024,24580,55083
2024,24600,18133
2024,24620,47059
2024,24640,25011
2024,24660,37081
2024,24660,37151
2024,24660,37157
2024,24700,18031
2024,24740,28151
2024,24780,37147
2024,24820,39037
2024,24860,45007
2024,24860,45045
2024,24860,45059
2024,24860,45077
2024,24900,28015
2024,24900,28083
2024,24940,45001
2024,24940,45047
2024,24980,28043
2024,24980,28097
2024,25020,72015
2024,25020,72057
2024,25020,72109
2024,25060,28045
2024,25060,28047
2024,25060,28059
2024,25060,28131
2024,25100,40139
2024,25180,24043
2024,25180,54003
2024,25180,54065
2024,25200,16013
2024,25200,16025
2024,25200,16063
2024,25220,22105
2024,25260,06031
2024,25300,29127
2024,25300,29173
2024,25420,42041
2024,25420,42043
2024,25420,42099
2024,25460,05009
2024,25460,05101
2024,25500,51165
2024,25500,51660
2024,25540,09110
2024,25540,09130
2024,25580,31001
2024,25580,31035
2024,25580,31181
2024,25620,28035
2024,25620,28073
2024,25620,28111
2024,25700,20051
2024,25720,49043
2024,25720,49051
2024,25740,30007
2024,25740,30043
2024,25740,30049
2024,25770,42103
2024,25775,21101
2024,25775,21233
2024,25780,37181
2024,25820,48117
2024,25840,41049
2024,25840,41059
2024,25850,42085
2024,25860,37003
2024,25860,37023
2024,25860,37027
2024,25860,37035
2024,25880,26059
2024,25900,15001
2024,25940,45013
2024,25940,45053
2024,25980,13179
2024,25980,13183
2024,26020,35025
2024,26090,26005
2024,26140,12017
2024,26220,41027
2024,26300,05051
2024,26340,26061
2024,26340,26083
2024,26380,22057
2024,26380,22109
2024,26420,48015
2024,26420,48039
2024,26420,48071
2024,26420,48157
2024,26420,48167
2024,26420,48201
2024,26420,48291
2024,26420,48339
2024,26420,48407
2024,26420,48473
2024,26460,36021
2024,26500,42061
2024,26540,18069
2024,26580,21019
2024,26580,21043
2024,26580,21089
2024,26580,21127
2024,26580,39087
2024,26580,54011
2024,26580,54079
2024,26580,54099
2024,26620,01083
2024,26620,01089
2024,26660,48471
2024,26700,46005
2024,26740,20155
2024,26780,27085
2024,26820,16019
2024,26820,16023
2024,26820,16051
2024,26860,42063
2024,26900,18011
2024,26900,18013
2024,26900,18057
2024,26900,18059
2024,26900,18063
2024,26900,18081
2024,26900,18095
2024,26900,18097
2024,26900,18109
2024,26900,18145
2024,26900,18159
2024,26980,19103
2024,26980,19183
2024,27020,26043
2024,27020,55037
2024,27060,36109
2024,27100,26075
2024,27140,28029
2024,27140,28049
2024,27140,28051
2024,27140,28089
2024,27140,28121
2024,27140,28123
2024,27140,28127
2024,27140,28163
2024,27180,47023
2024,27180,47033
2024,27180,47053
2024,27180,47113
2024,27220,16081
2024,27220,56039
2024,27260,12003
2024,27260,12019
2024,27260,12031
2024,27260,12089
2024,27260,12109
2024,27300,17137
2024,27300,17171
2024,27340,37133
2024,27380,48073
2024,27420,38093
2024,27460,36013
2024,27500,55105
2024,27540,18037
2024,27600,13157
2024,27620,29027
2024,27620,29051
2024,27620,29135
2024,27620,29151
2024,27700,13305
2024,27740,47019
2024,27740,47171
2024,27740,47179
2024,27780,42021
2024,27860,05031
2024,27860,05111
2024,27900,20021
2024,27900,29097
2024,27900,29145
2024,27940,02110
2024,27980,15005
2024,27980,15009
2024,28020,26077
2024,28060,30029
2024,28100,17091
2024,28140,20091
2024,28140,20103
2024,28140,20107
2024,28140,20121
2024,28140,20209
2024,28140,29013
2024,28140,29025
2024,28140,29037
2024,28140,29047
2024,28140,29049
2024,28140,29095
2024,28140,29107
2024,28140,29165
2024,28140,29177
2024,28180,15007
2024,28260,31019
2024,28260,31099
2024,28300,33005
2024,28340,18113
2024,28380,29069
2024,28420,53005
2024,28420,53021
2024,28450,55059
2024,28500,48265
2024,28540,02130
2024,28580,12087
2024,28620,37055
2024,28660,48027
2024,28660,48099
2024,28660,48281
2024,28680,13039
2024,28700,47073
2024,28700,47163
2024,28700,51169
2024,28700,51191
2024,28700,51520
2024,28740,36111
2024,28780,48273
2024,28820,37107
2024,28860,29001
2024,28860,29197
2024,28880,36027
2024,28880,36071
2024,28900,41035
2024,28940,47001
2024,28940,47009
2024,28940,47013
2024,28940,47057
2024,28940,47093
2024,28940,47105
2024,28940,47129
2024,28940,47145
2024,28940,47173
2024,29020,18067
2024,29060,33001
2024,29100,27055
2024,29100,55063
2024,29100,55123
2024,29180,22001
2024,29180,22055
2024,29180,22099
2024,29180,22113
2024,29200,18007
2024,29200,18015
2024,29200,18157
2024,29200,18171
2024,29260,41061
2024,29300,01017
2024,29300,13285
2024,29340,22019
2024,29340,22023
2024,29340,22053
2024,29380,12023
2024,29404,17097
2024,29414,18073
2024,29414,18089
2024,29414,18111
2024,29414,18127
2024,29420,04015
2024,29460,12105
2024,29470,51137
2024,29484,34023
2024,29484,34025
2024,29484,34029
2024,29484,34035
2024,29540,42071
2024,29620,26037
2024,29620,26045
2024,29620,26065
2024,29660,56001
2024,29700,48479
2024,29720,72081
2024,29740,35013
2024,29780,35033
2024,29780,35047
2024,29820,32003
2024,29860,28061
2024,29860,28067
2024,29900,37165
2024,29940,20045
2024,29980,47099
2024,30020,40031
2024,30020,40033
2024,30060,29105
2024,30140,42075
2024,30150,33009
2024,30150,33019
2024,30150,50017
2024,30150,50027
2024,30180,19149
2024,30260,42119
2024,30280,47117
2024,30300,16069
2024,30300,53003
2024,30340,23001
2024,30380,42087
2024,30420,31047
2024,30420,31073
2024,30460,21017
2024,30460,21049
2024,30460,21067
2024,30460,21113
2024,30460,21209
2024,30460,21239
2024,30500,24009
2024,30500,24037
2024,30580,20175
2024,30620,39003
2024,30660,17107
2024,30700,31109
2024,30700,31159
2024,30780,05045
2024,30780,05053
2024,30780,05085
2024,30780,05105
2024,30780,05119
2024,30780,05125
2024,30820,42035
2024,30860,16041
2024,30860,49005
2024,30900,18017
2024,30980,48183
2024,30980,48203
2024,30980,48401
2024,30980,48459
2024,31020,53015
2024,31060,35028
2024,31080,06037
2024,31080,06059
2024,31084,06037
2024,31140,18019
2024,31140,18043
2024,31140,18061
2024,31140,18175
2024,31140,21029
2024,31140,21103
2024,31140,21111
2024,31140,21163
2024,31140,21179
2024,31140,21185
2024,31140,21211
2024,31140,21215
2024,31180,48079
2024,31180,48107
2024,31180,48169
2024,31180,48219
2024,31180,48303
2024,31180,48305
2024,31220,26105
2024,31260,48005
2024,31300,37155
2024,31340,51009
2024,31340,51011
2024,31340,51019
2024,31340,51031
2024,31340,51680
2024,31380,17109
2024,31420,13021
2024,31420,13079
2024,31420,13169
2024,31420,13207
2024,31420,13289
2024,31500,18077
2024,31540,55021
2024,31540,55025
2024,31540,55045
2024,31540,55049
2024,31580,21107
2024,31620,05027
2024,31680,05059
2024,31700,33011
2024,31740,20061
2024,31740,20149
2024,31740,20161
2024,31820,55071
2024,31860,27013
2024,31860,27103
2024,31900,39139
2024,31924,13015
2024,31924,13057
2024,31924,13067
2024,31924,13143
2024,31924,13223
2024,31930,39167
2024,31940,26109
2024,31940,55075
2024,31980,18053
2024,32000,37111
2024,32020,39101
2024,32060,17199
2024,32100,26103
2024,32140,27083
2024,32180,29195
2024,32260,19127
2024,32280,47183
2024,32300,51089
2024,32300,51690
2024,32340,29147
2024,32380,19033
2024,32380,19195
2024,32390,36089
2024,32420,72023
2024,32420,72067
2024,32420,72079
2024,32420,72097
2024,32420,72121
2024,32420,72125
2024,32460,21083
2024,32540,40121
2024,32580,48215
2024,32620,28113
2024,32620,28147
2024,32660,47177
2024,32700,20113
2024,32740,42039
2024,32780,41029
2024,32820,05035
2024,32820,28009
2024,32820,28033
2024,32820,28093
2024,32820,28137
2024,32820,28143
2024,32820,47047
2024,32820,47157
2024,32820,47167
2024,32860,55033
2024,32900,06047
2024,32940,28023
2024,32940,28075
2024,33020,29007
2024,33060,40115
2024,33100,12011
2024,33100,12086
2024,33100,12099
2024,33124,12086
2024,33140,18091
2024,33180,21013
2024,33220,26111
2024,33260,48317
2024,33260,48329
2024,33300,13009
2024,33340,55079
2024,33340,55089
2024,33340,55131
2024,33340,55133
2024,33380,22119
2024,33420,48363
2024,33460,27003
2024,33460,27019
2024,33460,27025
2024,33460,27037
2024,33460,27053
2024,33460,27059
2024,33460,27079
2024,33460,27095
2024,33460,27123
2024,33460,27139
2024,33460,27141
2024,33460,27163
2024,33460,27171
2024,33460,55093
2024,33460,55109
2024,33500,38049
2024,33500,38075
2024,33500,38101
2024,33540,30061
2024,33540,30063
2024,33580,46035
2024,33580,46061
2024,33580,46111
2024,33620,29175
2024,33660,01097
2024,33700,06099
2024,33740,22067
2024,33740,22073
2024,33740,22083
2024,33740,22111
2024,33780,26115
2024,33860,01001
2024,33860,01051
2024,33860,01085
2024,33860,01101
2024,33874,42017
2024,33874,42029
2024,33874,42091
2024,33900,18181
2024,33910,36105
2024,33940,08085
2024,33980,37031
2024,34020,22101
2024,34060,54061
2024,34060,54077
2024,34100,47063
2024,34100,47089
2024,34140,16057
2024,34180,53025
2024,34220,13071
2024,34260,05005
2024,34300,16039
2024,34340,37171
2024,34380,26073
2024,34420,48063
2024,34420,48343
2024,34420,48449
2024,34460,21011
2024,34460,21165
2024,34460,21173
2024,34500,17081
2024,34540,39083
2024,34580,53057
2024,34620,18035
2024,34660,21035
2024,34680,45043
2024,34700,19139
2024,34740,26121
2024,34780,40101
2024,34820,45051
2024,34860,48347
2024,34880,25019
2024,34900,06055
2024,34940,12021
2024,34980,47015
2024,34980,47021
2024,34980,47037
2024,34980,47043
2024,34980,47081
2024,34980,47111
2024,34980,47119
2024,34980,47147
2024,34980,47149
2024,34980,47159
2024,34980,47165
2024,34980,47169
2024,34980,47187
2024,34980,47189
2024,35004,36059
2024,35004,36103
2024,35020,22029
2024,35020,28001
2024,35020,28063
2024,35060,22069
2024,35084,34013
2024,35084,34019
2024,35084,34027
2024,35084,34037
2024,35084,34039
2024,35100,37049
2024,35100,37103
2024,35100,37137
2024,35140,45071
2024,35220,18065
2024,35300,09170
2024,35340,22045
2024,35380,22051
2024,35380,22071
2024,35380,22075
2024,35380,22087
2024,35380,22089
2024,35380,22093
2024,35380,22095
2024,35420,39157
2024,35440,41041
2024,35460,47029
2024,35580,27015
2024,35614,34003
2024,35614,34017
2024,35614,34031
2024,35614,36005
2024,35614,36047
2024,35614,36061
2024,35614,36079
2024,35614,36081
2024,35614,36085
2024,35614,36087
2024,35614,36119
2024,35620,34003
2024,35620,34013
2024,35620,34017
2024,35620,34019
2024,35620,34023
2024,35620,34025
2024,35620,34027
2024,35620,34029
2024,35620,34031
2024,35620,34035
2024,35620,34037
2024,35620,34039
2024,35620,36005
2024,35620,36047
2024,35620,36059
2024,35620,36061
2024,35620,36079
2024,35620,36081
2024,35620,36085
2024,35620,36087
2024,35620,36103
2024,35620,36119
2024,35660,26021
2024,35700,04023
2024,35740,31119
2024,35740,31139
2024,35740,31167
2024,35820,31111
2024,35820,31113
2024,35840,12081
2024,35840,12115
2024,35900,37193
2024,35940,39077
2024,35980,09180
2024,36020,53029
2024,36084,06001
2024,36084,06013
2024,36100,12083
2024,36180,24047
2024,36220,48135
2024,36260,49011
2024,36260,49029
2024,36260,49057
2024,36340,42121
2024,36380,12093
2024,36420,40017
2024,36420,40027
2024,36420,40051
2024,36420,40081
2024,36420,40083
2024,36420,40087
2024,36420,40109
2024,36460,36009
2024,36500,53067
2024,36540,19085
2024,36540,19129
2024,36540,19155
2024,36540,31025
2024,36540,31055
2024,36540,31153
2024,36540,31155
2024,36540,31177
2024,36580,36077
2024,36620,16075
2024,36620,41045
2024,36660,22097
2024,36700,45075
2024,36740,12069
2024,36740,12095
2024,36740,12097
2024,36740,12117
2024,36780,55139
2024,36820,19123
2024,36830,53001
2024,36837,17011
2024,36837,17099
2024,36837,17155
2024,36840,20059
2024,36900,19179
2024,36940,27147
2024,36980,21059
2024,36980,21149
2024,37020,26155
2024,37060,28071
2024,37060,28161
2024,37100,06111
2024,37120,01045
2024,37140,17127
2024,37140,21007
2024,37140,21039
2024,37140,21139
2024,37140,21145
2024,37220,32023
2024,37260,12107
2024,37300,48001
2024,37340,12009
2024,37420,48179
2024,37420,48393
2024,37460,12005
2024,37460,12133
2024,37500,05055
2024,37540,47079
2024,37580,48277
2024,37580,48387
2024,37620,54105
2024,37620,54107
2024,37740,04007
2024,37800,19125
2024,37860,12033
2024,37860,12113
2024,37900,17123
2024,37900,17143
2024,37900,17175
2024,37900,17179
2024,37900,17203
2024,37940,18103
2024,37950,26047
2024,37964,42045
2024,37964,42101
2024,37980,10003
2024,37980,24015
2024,37980,34005
2024,37980,34007
2024,37980,34015
2024,37980,34033
2024,37980,42017
2024,37980,42029
2024,37980,42045
2024,37980,42091
2024,37980,42101
2024,38060,04013
2024,38060,04021
2024,38100,28109
2024,38180,46065
2024,38180,46117
2024,38210,21071
2024,38210,21195
2024,38220,05025
2024,38220,05069
2024,38240,37125
2024,38260,20037
2024,38300,42003
2024,38300,42005
2024,38300,42007
2024,38300,42019
2024,38300,42051
2024,38300,42073
2024,38300,42125
2024,38300,42129
2024,38340,25003
2024,38380,48153
2024,38380,48189
2024,38420,55043
2024,38460,36019
2024,38500,18099
2024,38540,16005
2024,38620,40071
2024,38660,72059
2024,38660,72075
2024,38660,72111
2024,38660,72113
2024,38660,72149
2024,38660,72153
2024,38700,17105
2024,38740,29023
2024,38820,53009
2024,38860,23005
2024,38860,23023
2024,38860,23031
2024,38900,41005
2024,38900,41009
2024,38900,41051
2024,38900,41067
2024,38900,41071
2024,38900,53011
2024,38900,53059
2024,38920,48057
2024,38940,12085
2024,38940,12111
2024,39020,39145
2024,39040,53031
2024,39060,42107
2024,39150,04025
2024,39220,49007
2024,39300,25005
2024,39300,44001
2024,39300,44003
2024,39300,44005
2024,39300,44007
2024,39300,44009
2024,39340,49023
2024,39340,49049
2024,39380,08101
2024,39420,53075
2024,39460,12015
2024,39480,09150
2024,39500,17001
2024,39500,29111
2024,39540,55101
2024,39580,37069
2024,39580,37101
2024,39580,37183
2024,39660,46033
2024,39660,46093
2024,39660,46103
2024,39700,48489
2024,39740,42011
2024,39780,06103
2024,39820,06089
2024,39860,27049
2024,39900,32019
2024,39900,32029
2024,39900,32031
2024,39940,16043
2024,39940,16065
2024,39960,55005
2024,39980,18177
2024,40060,51007
2024,40060,51036
2024,40060,51041
2024,40060,51053
2024,40060,51075
2024,40060,51085
2024,40060,51087
2024,40060,51097
2024,40060,51101
2024,40060,51127
2024,40060,51145
2024,40060,51149
2024,40060,51183
2024,40060,51570
2024,40060,51670
2024,40060,51730
2024,40060,51760
2024,40080,21065
2024,40080,21151
2024,40080,21203
2024,40090,08045
2024,40090,08097
2024,40100,48427
2024,40140,06065
2024,40140,06071
2024,40180,56013
2024,40220,51023
2024,40220,51045
2024,40220,51067
2024,40220,51161
2024,40220,51770
2024,40220,51775
2024,40260,37083
2024,40260,37131
2024,40300,17141
2024,40340,27039
2024,40340,27045
2024,40340,27109
2024,40340,27157
2024,40380,36051
2024,40380,36055
2024,40380,36069
2024,40380,36073
2024,40380,36117
2024,40420,17007
2024,40420,17201
2024,40460,37153
2024,40484,33015
2024,40484,33017
2024,40540,56037
2024,40580,37065
2024,40580,37127
2024,40620,29161
2024,40660,13115
2024,40700,41019
2024,40740,35005
2024,40760,35027
2024,40770,01059
2024,40780,05115
2024,40780,05149
2024,40820,22061
2024,40860,50021
2024,40900,06017
2024,40900,06061
2024,40900,06067
2024,40900,06113
2024,40940,04009
2024,40980,26145
2024,41060,27009
2024,41060,27145
2024,41100,49053
2024,41140,20043
2024,41140,29003
2024,41140,29021
2024,41140,29063
2024,41180,17005
2024,41180,17013
2024,41180,17027
2024,41180,17083
2024,41180,17117
2024,41180,17119
2024,41180,17133
2024,41180,17163
2024,41180,29071
2024,41180,29099
2024,41180,29113
2024,41180,29183
2024,41180,29189
2024,41180,29219
2024,41180,29510
2024,41260,42047
2024,41304,12103
2024,41400,39029
2024,41420,41047
2024,41420,41053
2024,41460,20143
2024,41460,20169
2024,41500,06053
2024,41540,24039
2024,41540,24045
2024,41620,49035
2024,41620,49045
2024,41660,48235
2024,41660,48451
2024,41700,48013
2024,41700,48019
2024,41700,48029
2024,41700,48091
2024,41700,48187
2024,41700,48259
2024,41700,48325
2024,41700,48493
2024,41740,06073
2024,41760,16017
2024,41780,39043
2024,41780,39123
2024,41820,37105
2024,41860,06001
2024,41860,06013
2024,41860,06041
2024,41860,06075
2024,41860,06081
2024,41884,06075
2024,41884,06081
2024,41940,06069
2024,41940,06085
2024,41980,72007
2024,41980,72009
2024,41980,72017
2024,41980,72019
2024,41980,72021
2024,41980,72025
2024,41980,72029
2024,41980,72031
2024,41980,72033
2024,41980,72035
2024,41980,72037
2024,41980,72039
2024,41980,72041
2024,41980,72045
2024,41980,72047
2024,41980,72051
2024,41980,72053
2024,41980,72054
2024,41980,72061
2024,41980,72063
2024,41980,72069
2024,41980,72077
2024,41980,72085
2024,41980,72087
2024,41980,72089
2024,41980,72091
2024,41980,72095
2024,41980,72101
2024,41980,72103
2024,41980,72105
2024,41980,72107
2024,41980,72119
2024,41980,72127
2024,41980,72129
2024,41980,72135
2024,41980,72137
2024,41980,72139
2024,41980,72143
2024,41980,72145
2024,41980,72151
2024,42020,06079
2024,42034,06041
2024,42100,06087
2024,42140,35049
2024,42200,06083
2024,42220,06097
2024,42300,26033
2024,42340,13029
2024,42340,13051
2024,42340,13103
2024,42380,42015
2024,42420,31007
2024,42420,31157
2024,42460,01071
2024,42540,42069
2024,42540,42079
2024,42540,42131
2024,42580,10005
2024,42620,05145
2024,42644,53033
2024,42660,53033
2024,42660,53053
2024,42660,53061
2024,42680,12061
2024,42700,12055
2024,42740,29159
2024,42780,42109
2024,42820,01047
2024,42860,45073
2024,42900,36099
2024,42940,47155
2024,42980,18071
2024,43020,55078
2024,43020,55115
2024,43060,40125
2024,43100,55117
2024,43140,37045
2024,43180,47003
2024,43220,53045
2024,43260,56033
2024,43300,48181
2024,43320,04017
2024,43340,22015
2024,43340,22017
2024,43340,22031
2024,43380,39149
2024,43420,04003
2024,43460,29133
2024,43460,29201
2024,43500,35017
2024,43580,19193
2024,43580,31043
2024,43580,46127
2024,43620,27133
2024,43620,46083
2024,43620,46087
2024,43620,46099
2024,43620,46125
2024,43640,22103
2024,43660,48415
2024,43700,21199
2024,43740,42111
2024,43760,06109
2024,43780,18141
2024,43780,26027
2024,43890,55081
2024,43900,45083
2024,43900,45087
2024,43940,46081
2024,43980,19041
2024,44020,19059
2024,44060,53063
2024,44060,53065
2024,44100,17129
2024,44100,17167
2024,44140,25013
2024,44180,29043
2024,44180,29059
2024,44180,29077
2024,44180,29167
2024,44180,29225
2024,44220,39023
2024,44260,28105
2024,44260,28155
2024,44300,42027
2024,44340,13031
2024,44340,13109
2024,44420,51015
2024,44420,51790
2024,44420,51820
2024,44460,08081
2024,44460,08107
2024,44500,48143
2024,44540,08075
2024,44580,17195
2024,44620,55097
2024,44660,40119
2024,44700,06077
2024,44740,19021
2024,44780,26149
2024,44860,48223
2024,44900,13055
2024,44940,45085
2024,44980,42093
2024,44980,42097
2024,45000,06035
2024,45020,48353
2024,45060,36053
2024,45060,36067
2024,45060,36075
2024,45104,53053
2024,45140,40021
2024,45180,01037
2024,45180,01121
2024,45220,12039
2024,45220,12065
2024,45220,12073
2024,45220,12129
2024,45294,12053
2024,45294,12057
2024,45294,12101
2024,45300,12053
2024,45300,12057
2024,45300,12101
2024,45300,12103
2024,45340,35055
2024,45380,17021
2024,45460,18021
2024,45460,18153
2024,45460,18165
2024,45460,18167
2024,45500,05081
2024,45500,05091
2024,45500,48037
2024,45520,41065
2024,45580,13293
2024,45620,13131
2024,45620,13275
2024,45660,39147
2024,45700,13277
2024,45700,13287
2024,45740,13257
2024,45780,39051
2024,45780,39095
2024,45780,39173
2024,45820,20085
2024,45820,20087
2024,45820,20139
2024,45820,20177
2024,45820,20197
2024,45860,09160
2024,45880,48389
2024,45900,26019
2024,45900,26055
2024,45900,26079
2024,45900,26089
2024,45940,34021
2024,45980,01109
2024,46020,06057
2024,46060,04019
2024,46100,47031
2024,46100,47127
2024,46140,40037
2024,46140,40111
2024,46140,40113
2024,46140,40117
2024,46140,40131
2024,46140,40143
2024,46140,40145
2024,46180,28057
2024,46180,28081
2024,46180,28117
2024,46220,01063
2024,46220,01065
2024,46220,01107
2024,46220,01125
2024,46300,16053
2024,46300,16083
2024,46340,48423
2024,46380,06045
2024,46460,47131
2024,46500,39021
2024,46520,15003
2024,46540,36043
2024,46540,36065
2024,46580,72141
2024,46620,48463
2024,46660,13027
2024,46660,13101
2024,46660,13173
2024,46660,13185
2024,46700,06095
2024,46780,39161
2024,46820,46027
2024,46860,49047
2024,46900,48487
2024,46980,28149
2024,47020,48175
2024,47020,48469
2024,47080,13209
2024,47080,13279
2024,47180,18083
2024,47220,34011
2024,47240,25007
2024,47260,37029
2024,47260,37053
2024,47260,37073
2024,47260,51073
2024,47260,51093
2024,47260,51095
2024,47260,51115
2024,47260,51181
2024,47260,51199
2024,47260,51550
2024,47260,51650
2024,47260,51700
2024,47260,51710
2024,47260,51735
2024,47260,51740
2024,47260,51800
2024,47260,51810
2024,47260,51830
2024,47300,06107
2024,47340,18169
2024,47380,48035
2024,47380,48145
2024,47380,48309
2024,47420,27167
2024,47420,38077
2024,47460,53071
2024,47540,39011
2024,47580,13153
2024,47580,13225
2024,47620,42123
2024,47660,29101
2024,47664,26087
2024,47664,26093
2024,47664,26099
2024,47664,26125
2024,47664,26147
2024,47700,18085
2024,47764,11001
2024,47764,24017
2024,47764,24033
2024,47780,18027
2024,47820,37013
2024,47900,11001
2024,47900,24017
2024,47900,24021
2024,47900,24031
2024,47900,24033
2024,47900,51013
2024,47900,51043
2024,47900,51047
2024,47900,51059
2024,47900,51061
2024,47900,51107
2024,47900,51153
2024,47900,51157
2024,47900,51177
2024,47900,51179
2024,47900,51187
2024,47900,51510
2024,47900,51600
2024,47900,51610
2024,47900,51630
2024,47900,51683
2024,47900,51685
2024,47900,54037
2024,47920,39047
2024,47930,09140
2024,47940,19013
2024,47940,19017
2024,47940,19075
2024,47980,46029
2024,48020,55055
2024,48060,36045
2024,48140,55073
2024,48180,13229
2024,48180,13299
2024,48200,37087
2024,48220,40039
2024,48220,40149
2024,48260,39081
2024,48260,54009
2024,48260,54029
2024,48300,53007
2024,48300,53017
2024,48424,12099
2024,48460,29091
2024,48540,39013
2024,48540,54051
2024,48540,54069
2024,48580,55127
2024,48620,20015
2024,48620,20079
2024,48620,20173
2024,48620,20191
2024,48660,48009
2024,48660,48077
2024,48660,48485
2024,48680,12119
2024,48700,42081
2024,48780,38105
2024,48820,27067
2024,48864,10003
2024,48864,24015
2024,48864,34033
2024,48900,37019
2024,48900,37129
2024,48900,37141
2024,48940,39027
2024,48980,37195
2024,49010,47051
2024,49020,51069
2024,49020,51840
2024,49020,54027
2024,49080,32013
2024,49100,27169
2024,49180,37057
2024,49180,37059
2024,49180,37067
2024,49180,37169
2024,49180,37197
2024,49220,55141
2024,49260,40153
2024,49300,39169
2024,49340,25027
2024,49380,27105
2024,49420,53077
2024,49460,46135
2024,49620,42133
2024,49660,39099
2024,49660,39155
2024,49700,06101
2024,49700,06115
2024,49740,04027
2024,49780,39119
2024,49820,48505
