vintage,county_fips,population
2014,31117,426.0
2014,31033,10044.0
2014,31047,24205.0
2014,31071,1954.0
2014,31125,3667.0
2014,31167,6112.0
2014,31175,4269.0
2014,32001,24347.0
2014,32005,47135.0
2014,32027,6741.0
2014,32011,1761.0
2014,32013,17003.0
2014,32033,10043.0
2014,32007,50991.0
2014,32023,42938.0
2014,32029,3934.0
2014,32003,2003613.0
2014,32019,51579.0
2014,33005,76596.0
2014,33009,89360.0
2014,33015,297702.0
2014,33019,43291.0
2014,33011,402776.0
2014,33007,32202.0
2014,33003,47623.0
2014,34021,369526.0
2014,34011,157429.0
2014,34035,328704.0
2014,31035,6425.0
2014,31041,10820.0
2014,31061,3161.0
2014,31081,9098.0
2014,31095,7505.0
2014,31101,8206.0
2014,31115,559.0
2014,31135,2938.0
2014,31155,20867.0
2014,31157,36844.0
2014,31103,741.0
2014,31105,3760.0
2014,31111,36054.0
2014,31139,7201.0
2014,31165,1279.0
2014,31021,6690.0
2014,31025,25315.0
2014,31039,9081.0
2014,31051,5900.0
2014,31057,1966.0
2014,31075,649.0
2014,31077,2500.0
2014,31079,60223.0
2014,31085,1145.0
2014,31131,15750.0
2014,31145,10993.0
2014,31027,8736.0
2014,31045,9141.0
2014,31097,5178.0
2014,46065,17379.0
2014,46027,13968.0
2014,46037,5664.0
2014,46043,2990.0
2014,46089,2401.0
2014,46111,2341.0
2014,46119,1461.0
2014,46059,3344.0
2014,46079,11831.0
2014,46135,22580.0
2014,46029,27598.0
2014,46019,10259.0
2014,46031,4122.0
2014,46045,4036.0
2014,46021,1440.0
2014,46007,3440.0
2014,46117,2984.0
2014,46075,805.0
2014,46107,2312.0
2014,46125,8339.0
2014,46023,9209.0
2014,46061,3392.0
2014,46091,4668.0
2014,46095,2084.0
2014,46105,3024.0
2014,46103,104574.0
2014,46127,14751.0
2014,47031,53151.0
2014,47047,38664.0
2014,47067,6706.0
2014,47073,56741.0
2014,47091,18089.0
2014,47103,33498.0
2014,34029,581413.0
2014,47111,22582.0
2014,47127,6348.0
2014,47147,67024.0
2014,47051,41069.0
2014,47009,124435.0
2014,47021,39324.0
2014,47019,57298.0
2014,47057,22724.0
2014,47055,29064.0
2014,47097,27619.0
2014,47099,42084.0
2014,47113,98364.0
2014,47115,28261.0
2014,47133,22109.0
2014,47137,5101.0
2014,47181,16967.0
2014,47187,193921.0
2014,47003,45660.0
2014,47059,68596.0
2014,47035,57064.0
2014,47175,5578.0
2014,47025,31841.0
2014,47081,24354.0
2014,47085,18322.0
2014,47039,11675.0
2014,47155,92561.0
2014,47161,13311.0
2014,47023,17270.0
2014,47087,11555.0
2014,47109,26138.0
2014,47145,53413.0
2014,47011,101004.0
2014,47063,62863.0
2014,47173,19139.0
2014,47071,25969.0
2014,47043,50115.0
2014,47129,21866.0
2014,47123,45002.0
2014,47079,32279.0
2014,47033,14599.0
2014,47095,7725.0
2014,47093,440732.0
2014,47107,52409.0
2014,47117,30977.0
2014,47143,32272.0
2014,47151,22104.0
2014,47001,75346.0
2014,47049,17922.0
2014,47053,49632.0
2014,47069,26560.0
2014,47105,49749.0
2014,47149,275461.0
2014,47159,19092.0
2014,47189,119584.0
2014,47171,18175.0
2014,35027,20162.0
2014,35005,65850.0
2014,35025,66876.0
2014,35049,146361.0
2014,47141,73237.0
2014,35059,4413.0
2014,35051,11774.0
2014,35053,17608.0
2014,35041,20065.0
2014,35013,212942.0
2014,35028,17974.0
2014,35039,40155.0
2014,35047,28899.0
2014,35061,76480.0
2014,35057,16037.0
2014,35001,671429.0
2014,35035,65415.0
2014,35006,27392.0
2014,35011,1967.0
2014,35019,4594.0
2014,35003,3651.0
2014,36005,1413566.0
2014,36067,467846.0
2014,36019,81829.0
2014,36099,35232.0
2014,36079,99697.0
2014,36043,64329.0
2014,36069,108975.0
2014,36107,50464.0
2014,36041,4783.0
2014,36013,133556.0
2014,36047,2570801.0
2014,36073,42492.0
2014,36091,222512.0
2014,36021,62525.0
2014,36049,27164.0
2014,36119,962319.0
2014,36025,47223.0
2014,36057,49951.0
2014,36085,471522.0
2014,36089,112015.0
2014,36109,103179.0
2014,36113,65388.0
2014,36023,49231.0
2014,36027,297388.0
2014,36055,748076.0
2014,36065,233944.0
2014,36111,181598.0
2014,36015,88681.0
2014,36051,64867.0
2014,36077,61778.0
2014,36039,48618.0
2014,36001,306124.0
2014,36003,48387.0
2014,36009,79397.0
2014,36053,72731.0
2014,36093,155178.0
2014,36037,59702.0
2014,36123,25281.0
2014,37079,21353.0
2014,36101,98917.0
2014,37121,15380.0
2014,37041,14703.0
2014,37005,10974.0
2014,37027,82140.0
2014,37035,154457.0
2014,37045,97464.0
2014,37049,104574.0
2014,37065,55779.0
2014,37077,57955.0
2014,37085,121789.0
2014,37093,50034.0
2014,37089,108642.0
2014,37095,5757.0
2014,37097,162999.0
2014,37119,968500.0
2014,37131,21310.0
2014,37147,172438.0
2014,37159,138246.0
2014,37181,44998.0
2014,37039,27156.0
2014,37053,24212.0
2014,37179,209387.0
2014,37193,69093.0
2014,37127,95174.0
2014,37003,37175.0
2014,34007,512632.0
2014,34023,824046.0
2014,34033,65501.0
2014,34009,96286.0
2014,34039,545236.0
2014,34017,654878.0
2014,34019,126746.0
2014,34027,497103.0
2014,35023,4734.0
2014,35031,73082.0
2014,35043,135191.0
2014,35017,29303.0
2014,35009,50173.0
2014,35015,54834.0
2014,35033,4722.0
2014,35045,127358.0
2014,29205,6218.0
2014,29225,36461.0
2014,29005,5520.0
2014,29013,16780.0
2014,29015,18961.0
2014,29035,6283.0
2014,29057,7678.0
2014,29115,12494.0
2014,29091,40469.0
2014,29101,53879.0
2014,29105,35544.0
2014,29125,9098.0
2014,29161,45091.0
2014,29165,92149.0
2014,29187,65813.0
2014,29510,318727.0
2014,34001,275325.0
2014,29003,17373.0
2014,29023,42957.0
2014,29033,9157.0
2014,29061,8324.0
2014,29087,4695.0
2014,29127,28844.0
2014,29151,13812.0
2014,29181,14056.0
2014,29219,32847.0
2014,29221,25113.0
2014,29043,79856.0
2014,29063,12824.0
2014,29081,8795.0
2014,29107,33069.0
2014,29001,25642.0
2014,29199,4862.0
2014,29211,6551.0
2014,29045,7001.0
2014,29097,116996.0
2014,29111,10176.0
2014,29119,22851.0
2014,29157,19042.0
2014,29167,31122.0
2014,29177,23166.0
2014,30041,16434.0
2014,30015,5859.0
2014,30099,6075.0
2014,30103,761.0
2014,30005,6576.0
2014,30097,3622.0
2014,30079,1282.0
2014,30035,13641.0
2014,30025,3028.0
2014,30037,738.0
2014,30093,34462.0
2014,30095,9214.0
2014,30043,11465.0
2014,30039,3133.0
2014,30107,2126.0
2014,30057,7723.0
2014,30091,3510.0
2014,30011,1205.0
2014,30003,13079.0
2014,30047,28987.0
2014,30049,64772.0
2014,41015,22341.0
2014,41021,1926.0
2014,41027,22620.0
2014,41037,7854.0
2014,41051,757371.0
2014,42103,56883.0
2014,42109,39922.0
2014,42115,42708.0
2014,42039,87801.0
2014,42049,280132.0
2014,42057,14747.0
2014,42067,24793.0
2014,42107,147146.0
2014,42131,28229.0
2014,42001,101566.0
2014,42005,68343.0
2014,42035,39611.0
2014,42025,64874.0
2014,42027,156240.0
2014,42097,94294.0
2014,42095,299225.0
2014,42121,54265.0
2014,30053,19455.0
2014,30067,15642.0
2014,42007,170124.0
2014,42069,214023.0
2014,42083,43024.0
2014,42051,135376.0
2014,42091,809372.0
2014,42033,81472.0
2014,42075,135184.0
2014,42081,116676.0
2014,42093,18475.0
2014,42123,41218.0
2014,42019,185034.0
2014,42047,31584.0
2014,42071,526839.0
2014,42085,115739.0
2014,42105,17451.0
2014,45005,10027.0
2014,44007,629280.0
2014,44001,49338.0
2014,45003,162991.0
2014,45037,26573.0
2014,45023,32708.0
2014,45029,38247.0
2014,45067,32411.0
2014,45063,270263.0
2014,45073,74656.0
2014,45015,188835.0
2014,45019,365674.0
2014,45043,60389.0
2014,45069,28294.0
2014,45007,189763.0
2014,45025,46333.0
2014,45047,69708.0
2014,45051,283280.0
2014,45055,62342.0
2014,45075,91262.0
2014,45083,288728.0
2014,45009,15649.0
2014,45013,168453.0
2014,45017,15031.0
2014,45033,31529.0
2014,45081,19973.0
2014,45079,393707.0
2014,45039,23382.0
2014,45049,20670.0
2014,45045,467087.0
2014,45057,79515.0
2014,45035,142772.0
2014,45041,138058.0
2014,45059,66390.0
2014,45065,10003.0
2014,45077,119577.0
2014,45087,28329.0
2014,45089,33560.0
2014,46003,2729.0
2014,46051,7281.0
2014,46123,5549.0
2014,46113,14005.0
2014,46137,2837.0
2014,46115,6552.0
2014,46015,5311.0
2014,42117,42358.0
2014,44005,82772.0
2014,46011,32647.0
2014,46053,4235.0
2014,46057,5949.0
2014,46099,176014.0
2014,46033,8358.0
2014,46025,3631.0
2014,46049,2371.0
2014,46077,5141.0
2014,46129,5498.0
2014,28061,16687.0
2014,28009,8573.0
2014,28037,7944.0
2014,28027,25527.0
2014,28067,68273.0
2014,28147,15126.0
2014,28095,36383.0
2014,28115,30374.0
2014,28051,18965.0
2014,28005,12957.0
2014,28089,98622.0
2014,28013,14841.0
2014,28091,26449.0
2014,28141,19532.0
2014,28153,20611.0
2014,28041,14308.0
2014,28093,36636.0
2014,28119,7902.0
2014,28109,55293.0
2014,28079,23368.0
2014,28099,29596.0
2014,28121,145483.0
2014,28151,50038.0
2014,28077,12636.0
2014,28111,12173.0
2014,28017,17376.0
2014,28015,10418.0
2014,28039,22960.0
2014,28043,21660.0
2014,28063,7634.0
2014,28101,21671.0
2014,28117,25338.0
2014,28125,4898.0
2014,28019,8399.0
2014,28045,45136.0
2014,28057,23415.0
2014,28055,1279.0
2014,28059,140194.0
2014,28083,31772.0
2014,28143,10583.0
2014,28021,9396.0
2014,28047,193642.0
2014,28075,80261.0
2014,28085,34824.0
2014,28127,27425.0
2014,28159,18882.0
2014,28007,19303.0
2014,28073,58038.0
2014,28081,84588.0
2014,28135,15124.0
2014,28129,16344.0
2014,28149,48291.0
2014,28023,16509.0
2014,28097,10634.0
2014,28105,48639.0
2014,42043,269946.0
2014,28025,20414.0
2014,28031,19495.0
2014,28053,9106.0
2014,42055,151517.0
2014,42119,44955.0
2014,42127,51967.0
2014,42009,49332.0
2014,42089,168342.0
2014,42061,45950.0
2014,42125,208157.0
2014,42101,1546920.0
2014,42133,438052.0
2014,42063,88301.0
2014,42041,239420.0
2014,42003,1229172.0
2014,42129,362587.0
2014,42053,7649.0
2014,42013,126708.0
2014,42073,89859.0
2014,42015,62510.0
2014,42021,140835.0
2014,42029,506422.0
2014,42011,413016.0
2014,42087,46705.0
2014,29129,3735.0
2014,29229,18565.0
2014,29047,227984.0
2014,29065,15681.0
2014,29195,23363.0
2014,29227,2102.0
2014,29079,10279.0
2014,29141,20314.0
2014,29179,6644.0
2014,29189,1000423.0
2014,29209,31593.0
2014,29009,35681.0
2014,29019,168268.0
2014,29051,76426.0
2014,29055,24680.0
2014,29093,10424.0
2014,29117,15034.0
2014,28155,10077.0
2014,28003,37279.0
2014,29135,15719.0
2014,29155,18010.0
2014,29159,42213.0
2014,29203,8360.0
2014,29175,25207.0
2014,29069,31778.0
2014,29071,101682.0
2014,29089,10183.0
2014,29095,678167.0
2014,29131,24905.0
2014,29171,4911.0
2014,29213,53086.0
2014,29021,89536.0
2014,29025,9176.0
2014,29137,8725.0
2014,29059,16632.0
2014,29085,9420.0
2014,29113,53458.0
2014,29145,58683.0
2014,29163,18573.0
2014,29183,369781.0
2014,29031,77031.0
2014,30073,6211.0
2014,30111,151965.0
2014,30063,111011.0
2014,30081,40640.0
2014,30105,7518.0
2014,30013,81953.0
2014,30027,11496.0
2014,30033,1097.0
2014,30061,4230.0
2014,30069,489.0
2014,30077,7010.0
2014,30089,11373.0
2014,30109,987.0
2014,30031,93108.0
2014,30059,2026.0
2014,30009,10189.0
2014,30001,9294.0
2014,30029,92373.0
2014,30065,4760.0
2014,31083,3462.0
2014,31185,13797.0
2014,31019,47388.0
2014,31037,10512.0
2014,31087,2884.0
2014,31141,32485.0
2014,31143,5307.0
2014,31013,11308.0
2014,31017,3090.0
2014,31161,5342.0
2014,31109,293726.0
2014,31129,4431.0
2014,31007,788.0
2014,31063,2540.0
2014,31055,531057.0
2014,31147,8237.0
2014,29037,100339.0
2014,29049,20545.0
2014,31089,10432.0
2014,31065,4908.0
2014,31151,14317.0
2014,31173,6934.0
2014,31177,20264.0
2014,31031,5749.0
2014,31053,36742.0
2014,31069,1939.0
2014,31123,4918.0
2014,31127,7214.0
2014,31171,747.0
2014,31043,20902.0
2014,31003,6531.0
2014,31029,3990.0
2014,21191,14642.0
2014,21201,2239.0
2014,21207,17646.0
2014,21215,17419.0
2014,21229,11871.0
2014,21011,11870.0
2014,21087,11186.0
2014,21007,8274.0
2014,21009,42691.0
2014,21021,29150.0
2014,21091,8654.0
2014,21095,28744.0
2014,21159,12750.0
2014,21093,107565.0
2014,21137,24546.0
2014,21149,9510.0
2014,21171,10837.0
2014,21183,23956.0
2014,21197,12552.0
2014,21233,13454.0
2014,21033,12880.0
2014,21045,16002.0
2014,21047,74459.0
2014,21085,25934.0
2014,21103,15427.0
2014,21107,46684.0
2014,21125,59535.0
2014,21157,31223.0
2014,21173,26983.0
2014,21181,7064.0
2014,21187,10740.0
2014,21209,49167.0
2014,21227,117169.0
2014,21017,19972.0
2014,21019,49242.0
2014,21055,9254.0
2014,21067,304473.0
2014,21115,23390.0
2014,21165,6337.0
2014,21175,13522.0
2014,21193,28261.0
2014,21199,63505.0
2014,21051,21446.0
2014,21001,19032.0
2014,21025,13663.0
2014,21083,37451.0
2014,21099,18427.0
2014,21031,12797.0
2014,21223,8816.0
2014,21097,18643.0
2014,21105,4790.0
2014,21143,8415.0
2014,21231,20728.0
2014,21135,13848.0
2014,21221,14277.0
2014,21239,25151.0
2014,21131,11128.0
2014,21113,49601.0
2014,21127,15850.0
2014,21139,9443.0
2014,21145,65545.0
2014,21211,43581.0
2014,21235,35557.0
2014,20115,12401.0
2014,20013,9926.0
2014,20161,74478.0
2014,20041,19641.0
2014,21079,16880.0
2014,21037,91268.0
2014,21081,24667.0
2014,21141,26844.0
2014,21167,21311.0
2014,21225,15192.0
2014,21035,37981.0
2014,21059,97631.0
2014,21101,46394.0
2014,21109,13370.0
2014,21163,29203.0
2014,21185,61711.0
2014,21005,21664.0
2014,21027,20076.0
2014,21071,39087.0
2014,21075,6550.0
2014,21203,16965.0
2014,21003,20219.0
2014,21029,76093.0
2014,21119,16139.0
2014,21177,31391.0
2014,21237,7273.0
2014,21013,28234.0
2014,21057,6829.0
2014,21129,7681.0
2014,21061,12137.0
2014,21023,8459.0
2014,21179,44254.0
2014,21155,19965.0
2014,21015,123030.0
2014,21121,31857.0
2014,21133,23965.0
2014,21195,64380.0
2014,21077,8554.0
2014,22115,52844.0
2014,22085,24286.0
2014,22053,31492.0
2014,22125,15485.0
2014,22013,14122.0
2014,22023,6713.0
2014,22075,23545.0
2014,22117,46723.0
2014,22001,62031.0
2014,22103,239814.0
2014,22017,255529.0
2014,22005,112308.0
2014,22045,73735.0
2014,22091,10937.0
2014,22031,26968.0
2014,22063,132160.0
2014,22069,39359.0
2014,22025,10273.0
2014,22041,20645.0
2014,22049,16199.0
2014,22089,52616.0
2014,22107,5008.0
2014,23017,57517.0
2014,24001,73976.0
2014,24003,550269.0
2014,24009,89793.0
2014,24031,1005087.0
2014,24037,108472.0
2014,24019,32614.0
2014,24015,101803.0
2014,25001,215167.0
2014,25003,130064.0
2014,25023,500772.0
2014,25021,682860.0
2014,25019,10414.0
2014,26115,150851.0
2014,26059,46282.0
2014,26127,26325.0
2014,26035,30786.0
2014,21151,85485.0
2014,21073,49509.0
2014,21117,161915.0
2014,21147,18073.0
2014,21153,13076.0
2014,21169,10025.0
2014,21189,4686.0
2014,21205,23485.0
2014,21213,17551.0
2014,21217,25059.0
2014,21049,35633.0
2014,21219,12499.0
2014,21039,5031.0
2014,21041,10871.0
2014,21053,10192.0
2014,21065,14547.0
2014,22083,20845.0
2014,22099,52823.0
2014,22127,15000.0
2014,22033,443598.0
2014,22003,25691.0
2014,22065,12008.0
2014,22093,21782.0
2014,22043,22363.0
2014,22051,434528.0
2014,22011,36109.0
2014,22015,121918.0
2014,22037,19964.0
2014,22095,44570.0
2014,22073,155285.0
2014,22079,132199.0
2014,22097,83518.0
2014,22105,124125.0
2014,22101,53784.0
2014,22123,11522.0
2014,22111,22623.0
2014,22021,10008.0
2014,22035,7602.0
2014,22055,228084.0
2014,22039,33778.0
2014,22061,47243.0
2014,22087,41114.0
2014,22119,40890.0
2014,22121,24347.0
2014,22047,33375.0
2014,22081,8937.0
2014,22067,27319.0
2014,22071,368471.0
2014,22109,112167.0
2014,22019,194943.0
2014,22027,16817.0
2014,22009,41604.0
2014,22007,23170.0
2014,22077,22631.0
2014,22113,58784.0
2014,22057,97235.0
2014,22029,20609.0
2014,22059,14874.0
2014,26111,83620.0
2014,26083,2197.0
2014,26139,269795.0
2014,26007,29242.0
2014,26129,21373.0
2014,26039,13941.0
2014,26057,42057.0
2014,26091,99257.0
2014,26097,11080.0
2014,26061,36739.0
2014,26085,11431.0
2014,26141,13128.0
2014,26077,254870.0
2014,26123,48126.0
2014,26025,135150.0
2014,26081,615381.0
2014,26145,197727.0
2014,26017,107074.0
2014,26041,36841.0
2014,27071,13138.0
2014,27097,33054.0
2014,27147,36472.0
2014,27001,15964.0
2014,27101,8586.0
2014,27067,42316.0
2014,27133,9587.0
2014,27155,3455.0
2014,27053,1184091.0
2014,27023,12235.0
2014,27029,8735.0
2014,27059,38190.0
2014,27099,39312.0
2014,27109,147431.0
2014,01115,85242.0
2014,01003,191205.0
2014,01069,103079.0
2014,01125,198670.0
2014,01031,50726.0
2014,01109,33216.0
2014,27041,36413.0
2014,27079,27717.0
2014,27025,53798.0
2014,27153,24588.0
2014,27055,18859.0
2014,27111,57417.0
2014,27137,200563.0
2014,27037,405521.0
2014,27089,9447.0
2014,27163,244103.0
2014,27065,16084.0
2014,01017,34091.0
2014,01101,228850.0
2014,01067,17270.0
2014,01123,41295.0
2014,02016,5650.0
2014,02188,7672.0
2014,02185,9618.0
2014,02090,99319.0
2014,02180,9792.0
2014,02122,56687.0
2014,02282,635.0
2014,02240,7044.0
2014,02013,3296.0
2014,02198,6356.0
2014,04019,993144.0
2014,04009,37311.0
2014,04012,20348.0
2014,04001,72142.0
2014,04027,201453.0
2014,04021,390160.0
2014,05021,15577.0
2014,05043,18705.0
2014,05125,111811.0
2014,05009,37169.0
2014,05041,12602.0
2014,05051,96804.0
2014,05115,62687.0
2014,05147,7094.0
2014,05067,17746.0
2014,05137,12531.0
2014,05005,41154.0
2014,05055,42970.0
2014,05107,20847.0
2014,05149,21934.0
2014,05019,22800.0
2014,05095,7855.0
2014,05103,25421.0
2014,05001,18861.0
2014,05015,27626.0
2014,05119,388752.0
2014,06033,64209.0
2014,06049,9335.0
2014,06027,18439.0
2014,06083,431555.0
2014,06025,177026.0
2014,06001,1559308.0
2014,06055,139253.0
2014,06075,829072.0
2014,06011,21424.0
2014,06031,151390.0
2014,06019,948844.0
2014,06059,3086331.0
2014,06101,95067.0
2014,06077,701050.0
2014,08007,12132.0
2014,08055,6550.0
2014,08015,18121.0
2014,08045,56684.0
2014,08079,704.0
2014,08115,2365.0
2014,08027,4274.0
2014,08001,461558.0
2014,08065,7311.0
2014,08097,17303.0
2014,08017,2153.0
2014,08033,1736.0
2014,08069,311435.0
2014,08113,7597.0
2014,08029,30378.0
2014,08039,23545.0
2014,08125,10131.0
2014,08117,28482.0
2014,09015,117918.0
2014,09007,165534.0
2014,12133,24660.0
2014,12009,548891.0
2014,12069,305010.0
2014,12105,617323.0
2014,12043,13190.0
2014,12063,49105.0
2014,12117,432135.0
2014,12005,172988.0
2014,12045,15781.0
2014,12097,289449.0
2014,12131,57821.0
2014,12065,14335.0
2014,12049,27549.0
2014,12095,1200241.0
2014,12041,16948.0
2014,12001,251759.0
2014,12015,163151.0
2014,12085,149658.0
2014,12115,386944.0
2014,12017,139771.0
2014,12113,158240.0
2014,12011,1815269.0
2014,12087,75208.0
2014,13291,21553.0
2014,13311,27594.0
2014,13223,145565.0
2014,13245,201244.0
2014,13019,19091.0
2014,13013,70873.0
2014,13065,6777.0
2014,13131,25239.0
2014,13313,103132.0
2014,13193,14232.0
2014,13145,32539.0
2014,13321,21365.0
2014,13093,14443.0
2014,13307,2744.0
2014,13125,3086.0
2014,13051,275303.0
2014,13167,9850.0
2014,13195,28142.0
2014,13277,40721.0
2014,13263,6594.0
2014,13273,9304.0
2014,13319,9455.0
2014,13243,7411.0
2014,13299,35915.0
2014,13315,9061.0
2014,13155,9482.0
2014,13005,11196.0
2014,13033,23136.0
2014,13053,11846.0
2014,13087,27508.0
2014,13137,43342.0
2014,13029,32185.0
2014,13191,14172.0
2014,13207,26788.0
2014,13265,1700.0
2014,13039,51193.0
2014,13079,12536.0
2014,13069,42947.0
2014,13123,28441.0
2014,13297,85378.0
2014,13091,21365.0
2014,13057,221951.0
2014,13177,28805.0
2014,13227,29550.0
2014,13075,17061.0
2014,13121,967100.0
2014,15001,189382.0
2014,15007,68745.0
2014,16031,23275.0
2014,16063,5246.0
2014,16041,12853.0
2014,16027,195353.0
2014,16057,37989.0
2014,16009,9149.0
2014,16033,823.0
2014,16043,13024.0
2014,16049,16315.0
2014,16077,7742.0
2014,17119,267937.0
2014,17131,16204.0
2014,17167,198808.0
2014,17157,33091.0
2014,17141,52782.0
2014,17177,47053.0
2014,17193,14549.0
2014,17071,7074.0
2014,17113,172390.0
2014,17149,16244.0
2014,17161,146964.0
2014,17185,11730.0
2014,17035,10950.0
2014,17089,521874.0
2014,17009,6878.0
2014,17123,12319.0
2014,17021,34415.0
2014,17077,60125.0
2014,17181,17620.0
2014,17165,24876.0
2014,17195,57680.0
2014,17037,104919.0
2014,17079,9658.0
2014,17197,682108.0
2014,17041,19867.0
2014,17061,13677.0
2014,17069,4226.0
2014,17095,52447.0
2014,17127,15148.0
2014,17179,135872.0
2014,18061,39216.0
2014,18169,32492.0
2014,18075,21279.0
2014,23021,17271.0
2014,23015,34237.0
2014,23027,38904.0
2014,23019,153627.0
2014,23001,107470.0
2014,23003,70653.0
2014,23029,32397.0
2014,23005,284351.0
2014,23013,39653.0
2014,23023,35102.0
2014,23031,198934.0
2014,23011,121507.0
2014,23007,30569.0
2014,23025,51762.0
2014,23009,54581.0
2014,24047,51558.0
2014,24510,622271.0
2014,24039,26197.0
2014,24041,37894.0
2014,24025,248029.0
2014,24027,299269.0
2014,24033,884764.0
2014,24005,817720.0
2014,24021,239253.0
2014,24023,29945.0
2014,24029,20016.0
2014,24013,167399.0
2014,24035,48439.0
2014,24017,150960.0
2014,24043,148913.0
2014,24045,100376.0
2014,24011,32759.0
2014,25025,747928.0
2014,25007,16915.0
2014,25017,1539832.0
2014,25005,551065.0
2014,25013,466447.0
2014,25009,757395.0
2014,25011,71300.0
2014,25027,806804.0
2014,25015,160328.0
2014,26033,38698.0
2014,26005,112266.0
2014,26125,1220798.0
2014,26003,9516.0
2014,26121,171328.0
2014,26089,21739.0
2014,26087,88155.0
2014,26151,42301.0
2014,26073,70506.0
2014,26131,6448.0
2014,26157,54795.0
2014,26001,10657.0
2014,26067,63976.0
2014,26079,17204.0
2014,26021,155992.0
2014,26135,8525.0
2014,26165,32699.0
2014,26037,76479.0
2014,18057,289722.0
2014,18127,165819.0
2014,18147,20893.0
2014,18157,178135.0
2014,18087,37759.0
2014,18011,59246.0
2014,18107,38183.0
2014,18019,112212.0
2014,18021,26797.0
2014,18047,22980.0
2014,18071,43127.0
2014,18129,25641.0
2014,18165,15952.0
2014,18003,360990.0
2014,18043,75431.0
2014,18081,143789.0
2014,18051,33586.0
2014,18117,19756.0
2014,18099,47032.0
2014,18009,12576.0
2014,18143,23897.0
2014,18039,199544.0
2014,18017,38730.0
2014,18177,68360.0
2014,19023,14966.0
2014,19079,15363.0
2014,19175,12554.0
2014,19195,7567.0
2014,19001,7543.0
2014,19037,12329.0
2014,19059,16877.0
2014,19107,10361.0
2014,19171,17568.0
2014,19069,10572.0
2014,19031,18434.0
2014,19067,16153.0
2014,19115,11305.0
2014,19091,9731.0
2014,19183,21906.0
2014,19035,11982.0
2014,19057,40265.0
2014,19109,15347.0
2014,19139,42857.0
2014,19153,445136.0
2014,19193,102372.0
2014,19097,19656.0
2014,19111,35552.0
2014,19181,47058.0
2014,19149,24899.0
2014,19041,16555.0
2014,19055,17578.0
2014,19185,6385.0
2014,19163,168714.0
2014,20181,6078.0
2014,20193,7947.0
2014,20127,5808.0
2014,20163,5174.0
2014,20025,2170.0
2014,20077,5906.0
2014,20111,33510.0
2014,20145,6959.0
2014,26043,26097.0
2014,26063,32525.0
2014,26065,282562.0
2014,20033,1911.0
2014,20063,2786.0
2014,20079,34797.0
2014,20089,3060.0
2014,20093,3950.0
2014,20159,10050.0
2014,20185,4363.0
2014,20113,29308.0
2014,20139,16165.0
2014,20071,1223.0
2014,20031,8493.0
2014,20037,39277.0
2014,20051,28878.0
2014,20073,6495.0
2014,20099,21225.0
2014,20107,9551.0
2014,20173,503788.0
2014,20175,23319.0
2014,20157,4868.0
2014,20065,2602.0
2014,20091,560025.0
2014,20045,113703.0
2014,20179,2540.0
2014,20121,32765.0
2014,20199,1569.0
2014,20189,5744.0
2014,20183,3779.0
2014,20085,13464.0
2014,20095,7820.0
2014,20131,10136.0
2014,20209,159466.0
2014,20021,21179.0
2014,20027,8460.0
2014,20105,3180.0
2014,20191,23763.0
2014,20195,2959.0
2014,20205,9177.0
2014,20123,6324.0
2014,20135,3104.0
2014,20005,16737.0
2014,20011,14913.0
2014,20075,2632.0
2014,20103,77687.0
2014,20177,178600.0
2014,20203,2220.0
2014,20019,3572.0
2014,20137,5628.0
2014,20155,64223.0
2014,20029,9414.0
2014,20047,3006.0
2014,20081,4198.0
2014,20165,3222.0
2014,20171,4965.0
2014,20133,16453.0
2014,20143,6075.0
2014,20147,5560.0
2014,20007,4898.0
2014,20039,2915.0
2014,20087,18932.0
2014,21089,36656.0
2014,26105,28705.0
2014,26109,23838.0
2014,26117,63046.0
2014,26113,14986.0
2014,26149,60998.0
2014,26147,161008.0
2014,26159,75569.0
2014,26161,351454.0
2014,26011,15564.0
2014,26015,59107.0
2014,26027,52001.0
2014,26071,11615.0
2014,26019,17450.0
2014,26143,24141.0
2014,26153,8345.0
2014,26163,1790078.0
2014,26023,43965.0
2014,26055,88981.0
2014,26075,159927.0
2014,26049,418654.0
2014,26009,23368.0
2014,26093,183264.0
2014,26069,25504.0
2014,26101,24545.0
2014,26119,9506.0
2014,26051,25599.0
2014,26107,43226.0
2014,26103,67535.0
2014,26133,23327.0
2014,26137,24126.0
2014,26031,25821.0
2014,26095,6512.0
2014,26099,849344.0
2014,26155,69553.0
2014,26013,8740.0
2014,26029,26038.0
2014,26045,108081.0
2014,26053,16042.0
2014,26047,32922.0
2014,27093,23147.0
2014,27113,14041.0
2014,27131,64829.0
2014,27167,6561.0
2014,27125,4071.0
2014,27027,60249.0
2014,27043,14337.0
2014,27045,20842.0
2014,27075,10791.0
2014,27119,31630.0
2014,27135,15545.0
2014,27143,15096.0
2014,27165,11151.0
2014,27005,32971.0
2014,27011,5180.0
2014,27015,25513.0
2014,27021,28499.0
2014,21111,751485.0
2014,21069,14505.0
2014,21043,27439.0
2014,21063,7781.0
2014,21123,14149.0
2014,21161,17398.0
2014,72077,40284.0
2014,72001,19188.0
2014,72067,17023.0
2014,72105,30034.0
2014,72013,93969.0
2014,72054,12565.0
2014,72099,39349.0
2014,72123,30506.0
2014,72153,40391.0
2014,72023,50706.0
2014,72083,9521.0
2014,72149,25196.0
2014,72003,41176.0
2014,72041,42878.0
2014,72089,19731.0
2014,72107,22927.0
2014,72037,13122.0
2014,72071,44965.0
2014,72085,38759.0
2014,72143,39670.0
2014,20069,6043.0
2014,20017,2746.0
2014,20067,7856.0
2014,20109,2783.0
2014,20149,22338.0
2014,20015,65927.0
2014,20169,55793.0
2014,20197,7034.0
2014,20207,3246.0
2014,20141,3811.0
2014,20055,37099.0
2014,20097,2529.0
2014,20201,5717.0
2014,20129,3159.0
2014,20009,27566.0
2014,20043,7904.0
2014,20101,1652.0
2014,27091,20515.0
2014,27049,46336.0
2014,27057,20518.0
2014,27063,10260.0
2014,27105,21589.0
2014,27115,29347.0
2014,56031,8730.0
2014,56033,29578.0
2014,56003,11827.0
2014,56011,7155.0
2014,56029,28735.0
2014,56001,37220.0
2014,56007,15795.0
2014,56015,13555.0
2014,56041,20989.0
2014,56043,8444.0
2014,56017,4826.0
2014,56013,40739.0
2014,56035,10183.0
2014,56045,7135.0
2014,37075,8743.0
2014,37185,20628.0
2014,37195,81499.0
2014,37073,11877.0
2014,37115,20951.0
2014,37137,13062.0
2014,37149,20352.0
2014,37151,142276.0
2014,37169,46858.0
2014,37187,12837.0
2014,37043,10616.0
2014,37051,324002.0
2014,37081,500899.0
2014,37099,40598.0
2014,37139,40233.0
2014,37155,134913.0
2014,37173,14070.0
2014,37183,952513.0
2014,37007,26309.0
2014,37111,44982.0
2014,37069,61723.0
2014,37103,10184.0
2014,37113,33840.0
2014,37019,112907.0
2014,37175,32943.0
2014,37013,47587.0
2014,37047,57512.0
2014,37109,79041.0
2014,37123,27626.0
2014,37135,137275.0
2014,37153,46317.0
2014,37163,63842.0
2014,37171,73391.0
2014,37011,17739.0
2014,37021,244599.0
2014,37025,184855.0
2014,37033,23357.0
2014,37059,41411.0
2014,37057,163545.0
2014,37061,59455.0
2014,37063,282422.0
2014,37091,24460.0
2014,37105,59096.0
2014,37129,209586.0
2014,37141,54218.0
2014,37191,124093.0
2014,37055,34530.0
2014,37165,36034.0
2014,72009,25241.0
2014,72059,20862.0
2014,72079,25117.0
2014,72121,24692.0
2014,72027,34438.0
2014,72055,18627.0
2014,72091,42900.0
2014,72103,26881.0
2014,72125,34725.0
2014,72141,32086.0
2014,72015,19255.0
2014,72033,27211.0
2014,72115,25512.0
2014,72057,44261.0
2014,72049,1585.0
2014,72063,46460.0
2014,72017,24908.0
2014,72087,29054.0
2014,72061,95428.0
2014,72005,59068.0
2014,72053,35539.0
2014,72109,18766.0
2014,72117,14998.0
2014,72007,28083.0
2014,72021,201273.0
2014,72031,171310.0
2014,72035,47252.0
2014,72065,41830.0
2014,72069,57181.0
2014,72075,49876.0
2014,72101,32484.0
2014,72097,85425.0
2014,72133,23114.0
2014,72139,73030.0
2014,72047,36463.0
2014,72095,11904.0
2014,72111,23307.0
2014,72113,159660.0
2014,72131,41204.0
2014,72135,74688.0
2014,72137,86873.0
2014,72147,9217.0
2014,72151,36903.0
2014,72025,140166.0
2014,72029,47655.0
2014,72043,40496.0
2014,72051,38305.0
2014,72019,30045.0
2014,72129,40313.0
2014,72011,28874.0
2014,38089,27038.0
2014,37083,53803.0
2014,37001,153713.0
2014,37177,4219.0
2014,38103,4210.0
2014,38013,2145.0
2014,38061,8743.0
2014,38105,27066.0
2014,38007,855.0
2014,38043,2434.0
2014,38019,3922.0
2014,38037,2363.0
2014,38049,5711.0
2014,38091,1982.0
2014,38005,6764.0
2014,38045,4127.0
2014,38059,28428.0
2014,38025,3965.0
2014,38051,2788.0
2014,38063,3078.0
2014,38079,14341.0
2014,38099,11052.0
2014,38009,6579.0
2014,38003,11096.0
2014,38035,68144.0
2014,38053,8333.0
2014,38055,9299.0
2014,38069,4402.0
2014,38075,2546.0
2014,38011,3192.0
2014,38015,86111.0
2014,38047,1955.0
2014,38065,1832.0
2014,38093,21056.0
2014,38071,11522.0
2014,38031,3364.0
2014,38039,2348.0
2014,38083,1320.0
2014,38087,715.0
2014,39159,53090.0
2014,39131,28504.0
2014,39125,19293.0
2014,39061,803272.0
2014,39049,1197592.0
2014,39101,66171.0
2014,39157,92616.0
2014,37189,51903.0
2014,39169,114978.0
2014,39015,44464.0
2014,72081,29426.0
2014,72039,18242.0
2014,72045,20533.0
2014,72073,16183.0
2014,72119,53628.0
2014,72127,380149.0
2014,72145,57915.0
2014,72093,6384.0
2014,39139,122813.0
2014,39067,15698.0
2014,39083,61063.0
2014,39089,167911.0
2014,39163,13319.0
2014,39019,28539.0
2014,39063,75290.0
2014,39025,199450.0
2014,39045,148067.0
2014,39039,38795.0
2014,39071,43266.0
2014,39069,28074.0
2014,39081,68510.0
2014,39133,161553.0
2014,39137,34256.0
2014,39013,69793.0
2014,39027,41871.0
2014,39047,28875.0
2014,39127,36000.0
2014,39129,56279.0
2014,39097,43326.0
2014,39119,85947.0
2014,39143,60498.0
2014,39161,28612.0
2014,39167,61473.0
2014,39011,45867.0
2014,39037,52537.0
2014,39123,41304.0
2014,39065,31826.0
2014,39079,32952.0
2014,39077,59186.0
2014,39009,64840.0
2014,39001,28342.0
2014,39103,174091.0
2014,39095,438167.0
2014,39121,14561.0
2014,39147,56100.0
2014,39151,375090.0
2014,39031,36768.0
2014,39041,181821.0
2014,39055,93819.0
2014,39073,29111.0
2014,39085,229602.0
2014,39141,77552.0
2014,39035,1267513.0
2014,39075,43176.0
2014,39109,103145.0
2014,39017,371154.0
2014,39111,14590.0
2014,39155,207596.0
2014,39173,128139.0
2014,39005,53202.0
2014,40147,51564.0
2014,40059,3747.0
2014,40083,43700.0
2014,40143,616128.0
2014,40057,2883.0
2014,40061,12839.0
2014,40111,39606.0
2014,40113,47937.0
2014,40067,6377.0
2014,40047,61663.0
2014,40049,27421.0
2014,40121,45220.0
2014,40123,37873.0
2014,40129,3743.0
2014,40153,20697.0
2014,40021,47860.0
2014,40041,41415.0
2014,40045,4113.0
2014,40051,53161.0
2014,40119,78723.0
2014,40125,70700.0
2014,40037,70607.0
2014,40141,7811.0
2014,40149,11622.0
2014,40033,6157.0
2014,40075,9379.0
2014,40079,50048.0
2014,40089,33164.0
2014,40093,7639.0
2014,40097,41084.0
2014,40109,743145.0
2014,40039,28506.0
2014,40085,9574.0
2014,40009,22941.0
2014,40023,15175.0
2014,40065,26275.0
2014,40081,34366.0
2014,40117,16566.0
2014,40133,25460.0
2014,40025,2390.0
2014,40011,9832.0
2014,40029,5877.0
2014,40053,4523.0
2014,40073,15202.0
2014,40087,35860.0
2014,40095,15964.0
2014,40103,11498.0
2014,40043,4817.0
2014,40105,10555.0
2014,40131,88444.0
2014,40027,264934.0
2014,40135,41720.0
2014,40003,5703.0
2014,40151,8958.0
2014,40107,12260.0
2014,40005,13958.0
2014,41061,25736.0
2014,41047,320448.0
2014,41019,107156.0
2014,41031,21830.0
2014,41053,76464.0
2014,41017,163141.0
2014,41043,118270.0
2014,41071,100486.0
2014,41001,16049.0
2014,41035,65985.0
2014,41041,46138.0
2014,41003,86034.0
2014,41013,20798.0
2014,41055,1790.0
2014,41025,7253.0
2014,41045,30740.0
2014,41063,6893.0
2014,41069,1357.0
2014,41049,11217.0
2014,41011,62678.0
2014,47177,39867.0
2014,47179,124798.0
2014,47183,34699.0
2014,47005,16345.0
2014,47007,13240.0
2014,47013,40361.0
2014,47015,13786.0
2014,47083,8356.0
2014,47119,82729.0
2014,48373,45757.0
2014,48391,7295.0
2014,48467,52605.0
2014,48055,38870.0
2014,48487,13265.0
2014,48317,5096.0
2014,48383,3520.0
2014,48501,8054.0
2014,48189,35925.0
2014,48419,25698.0
2014,48387,12642.0
2014,48399,10441.0
2014,48435,3995.0
2014,48451,113516.0
2014,48469,88955.0
2014,48481,41219.0
2014,48181,121975.0
2014,48033,676.0
2014,48315,10335.0
2014,48323,55821.0
2014,48297,11738.0
2014,48363,28028.0
2014,48255,14884.0
2014,48123,20397.0
2014,48059,13519.0
2014,48067,30350.0
2014,48183,122736.0
2014,48313,13771.0
2014,48303,286747.0
2014,48257,107119.0
2014,48259,36058.0
2014,48153,6263.0
2014,48017,7084.0
2014,48071,36550.0
2014,48027,321591.0
2014,48061,415103.0
2014,48117,19331.0
2014,48141,823862.0
2014,48283,7075.0
2014,48443,809.0
2014,48457,21552.0
2014,48483,5587.0
2014,48009,8853.0
2014,48043,9270.0
2014,48215,806447.0
2014,48423,214735.0
2014,48105,3871.0
2014,48207,5875.0
2014,48227,35702.0
2014,48333,4881.0
2014,48337,19568.0
2014,48365,23880.0
2014,48403,10551.0
2014,48421,3060.0
2014,48437,7789.0
2014,48231,87256.0
2014,48063,12463.0
2014,48195,5540.0
2014,48187,139709.0
2014,48077,10547.0
2014,48205,6091.0
2014,48217,35027.0
2014,48293,23531.0
2014,48485,131802.0
2014,48347,65322.0
2014,48369,10124.0
2014,48367,119784.0
2014,48169,6337.0
2014,48465,48999.0
2014,48109,2325.0
2014,48135,144932.0
2014,48173,1190.0
2014,48185,26812.0
2014,48085,836947.0
2014,48005,87433.0
2014,48101,1596.0
2014,48209,170410.0
2014,48039,325477.0
2014,48129,3636.0
2014,48013,46343.0
2014,48353,15082.0
2014,48229,3344.0
2014,48475,11011.0
2014,48203,66971.0
2014,48327,2193.0
2014,48149,24725.0
2014,48491,457218.0
2014,48233,21947.0
2014,48343,12805.0
2014,48361,82737.0
2014,48495,7404.0
2014,48201,4269608.0
2014,48053,43911.0
2014,48171,25179.0
2014,48113,2448943.0
2014,48311,646.0
2014,48503,18374.0
2014,48251,153854.0
2014,48223,35478.0
2014,48357,10546.0
2014,48275,3776.0
2014,48309,239717.0
2014,48095,4091.0
2014,48137,2037.0
2014,48133,18403.0
2014,48243,2282.0
2014,48247,5266.0
2014,48339,487028.0
2014,48127,10537.0
2014,48479,259471.0
2014,48011,1947.0
2014,48069,8026.0
2014,48273,32142.0
2014,48097,38558.0
2014,48377,7479.0
2014,48107,6025.0
2014,48151,3882.0
2014,48131,11644.0
2014,48271,3598.0
2014,48031,10625.0
2014,48241,35826.0
2014,48245,252466.0
2014,48359,2068.0
2014,48279,13875.0
2014,48295,3418.0
2014,48307,8245.0
2014,48319,4061.0
2014,48125,2339.0
2014,48287,16617.0
2014,48439,1881469.0
2014,48001,58084.0
2014,48139,154447.0
2014,48239,14336.0
2014,48265,49914.0
2014,48331,24388.0
2014,48093,13755.0
2014,48145,17524.0
2014,48047,7200.0
2014,48015,28724.0
2014,48261,528.0
2014,48089,20771.0
2014,48409,65509.0
2014,48381,124862.0
2014,48411,5901.0
2014,48413,3281.0
2014,48507,12013.0
2014,48057,21569.0
2014,48155,1159.0
2014,48175,7357.0
2014,48193,8330.0
2014,48335,9236.0
2014,48449,32540.0
2014,48285,19438.0
2014,48445,12681.0
2014,48497,60413.0
2014,48321,36611.0
2014,48371,15677.0
2014,48397,83239.0
2014,48441,133560.0
2014,48447,1584.0
2014,48471,68882.0
2014,48499,42431.0
2014,48007,23889.0
2014,48079,3031.0
2014,48081,3260.0
2014,48099,76276.0
2014,48211,4032.0
2014,48341,22172.0
2014,48375,122053.0
2014,48461,3339.0
2014,48405,8777.0
2014,48417,3359.0
2014,48427,62040.0
2014,48049,37903.0
2014,48191,3270.0
2014,48159,10600.0
2014,48163,17847.0
2014,48281,20020.0
2014,50019,27160.0
2014,50013,6979.0
2014,50007,158686.0
2014,50015,24843.0
2014,50011,48226.0
2014,50005,31109.0
2014,50025,44050.0
2014,50003,36739.0
2014,50001,36883.0
2014,50009,6231.0
2014,50023,59333.0
2014,49027,12582.0
2014,49045,59973.0
2014,49053,144844.0
2014,49025,7221.0
2014,49043,37877.0
2014,49019,9348.0
2014,49031,1921.0
2014,49033,2285.0
2014,49051,25550.0
2014,49001,6514.0
2014,49003,50613.0
2014,49021,46725.0
2014,49039,28129.0
2014,49041,20812.0
2014,49057,236307.0
2014,49037,14944.0
2014,49035,1063670.0
2014,49009,714.0
2014,49055,2742.0
2014,49007,21118.0
2014,49029,9955.0
2014,49005,115954.0
2014,49023,10349.0
2014,51095,69832.0
2014,51167,28444.0
2014,51173,31876.0
2014,51540,44505.0
2014,51031,54833.0
2014,51087,314878.0
2014,51099,24577.0
2014,51103,11224.0
2014,51105,25380.0
2014,51115,8923.0
2014,51119,10817.0
2014,51149,36792.0
2014,51159,9072.0
2014,51169,22781.0
2014,51177,126200.0
2014,51011,15137.0
2014,51067,56360.0
2014,51049,9916.0
2014,51097,7073.0
2014,51121,95808.0
2014,51127,19187.0
2014,51051,15612.0
2014,51083,35704.0
2014,51107,338916.0
2014,51153,428772.0
2014,51175,18364.0
2014,51091,2258.0
2014,51033,29057.0
2014,51073,36938.0
2014,51141,18365.0
2014,51145,28193.0
2014,51171,42545.0
2014,51061,66726.0
2014,51790,24132.0
2014,53003,21955.0
2014,53001,18951.0
2014,53023,2240.0
2014,53045,60728.0
2014,53057,118364.0
2014,53065,43541.0
2014,53063,476950.0
2014,53043,10409.0
2014,53007,73664.0
2014,53031,29978.0
2014,53035,253614.0
2014,53033,2008997.0
2014,53049,20665.0
2014,53051,12965.0
2014,53055,15847.0
2014,53059,11194.0
2014,53075,46003.0
2014,53077,246402.0
2014,53009,72024.0
2014,53015,102072.0
2014,53019,7657.0
2014,53041,75382.0
2014,53017,39183.0
2014,53029,78951.0
2014,53053,812689.0
2014,53021,84508.0
2014,53071,59476.0
2014,53073,204855.0
2014,54023,11829.0
2014,54027,23674.0
2014,54009,23787.0
2014,54017,8282.0
2014,54031,13955.0
2014,54049,56698.0
2014,54059,26229.0
2014,54029,30369.0
2014,54051,32716.0
2014,54067,26090.0
2014,54093,6996.0
2014,54095,9084.0
2014,54087,14749.0
2014,54053,27207.0
2014,54091,16969.0
2014,54107,86595.0
2014,54021,8706.0
2014,54063,13524.0
2014,54073,7600.0
2014,54011,96826.0
2014,54037,54650.0
2014,54045,36169.0
2014,54071,7525.0
2014,54033,69069.0
2014,54069,43956.0
2014,54013,7583.0
2014,54065,17450.0
2014,54081,78827.0
2014,54079,56356.0
2014,54001,16723.0
2014,54047,21281.0
2014,54099,41735.0
2014,54035,29229.0
2014,54055,62161.0
2014,54097,24487.0
2014,54101,9005.0
2014,54003,107324.0
2014,54019,45709.0
2014,55051,5927.0
2014,55019,34575.0
2014,55109,85442.0
2014,55083,37483.0
2014,55069,28566.0
2014,55135,52212.0
2014,55005,45718.0
2014,55113,16516.0
2014,55047,19001.0
2014,55099,13888.0
2014,55077,15224.0
2014,55075,41488.0
2014,55079,953401.0
2014,55101,195039.0
2014,55139,168413.0
2014,55041,9198.0
2014,55045,36971.0
2014,55107,14468.0
2014,55115,41697.0
2014,55067,19706.0
2014,55087,179139.0
2014,55123,30124.0
2014,55021,56659.0
2014,55061,20545.0
2014,55009,252698.0
2014,55035,100607.0
2014,55085,35754.0
2014,55095,43698.0
2014,55129,15785.0
2014,55133,392511.0
2014,55127,102920.0
2014,55023,16525.0
2014,55057,26607.0
2014,55025,502984.0
2014,55111,62681.0
2014,55131,132526.0
2014,55017,63051.0
2014,55031,43901.0
2014,55053,20543.0
2014,55049,23754.0
2014,55089,86930.0
2014,55097,70337.0
2014,55105,160465.0
2014,55119,20596.0
2014,55001,20604.0
2014,55007,15064.0
2014,55081,45116.0
2014,55141,74261.0
2014,55003,16065.0
2014,55037,4473.0
2014,55055,84201.0
2014,56005,47448.0
2014,56023,18180.0
2014,56025,78667.0
2014,56009,13991.0
2014,56027,2492.0
2014,56037,44595.0
2014,51065,25945.0
2014,51007,12764.0
2014,51750,16993.0
2014,51840,27031.0
2014,51001,33165.0
2014,51045,5206.0
2014,51063,15452.0
2014,51071,17025.0
2014,51077,15255.0
2014,51135,15756.0
2014,51157,7446.0
2014,51036,7154.0
2014,51047,47910.0
2014,51053,27993.0
2014,51079,18766.0
2014,51085,100689.0
2014,51111,12667.0
2014,51137,34239.0
2014,51595,5682.0
2014,51197,29259.0
2014,51550,228168.0
2014,51660,50821.0
2014,51003,101883.0
2014,51019,75607.0
2014,51029,17072.0
2014,51195,40872.0
2014,51580,5853.0
2014,51740,96007.0
2014,51810,445623.0
2014,51005,16133.0
2014,51640,6981.0
2014,51193,17518.0
2014,51133,12320.0
2014,51155,34630.0
2014,51187,38142.0
2014,51017,4644.0
2014,51590,42704.0
2014,51630,26632.0
2014,51009,32237.0
2014,51670,22375.0
2014,51700,181362.0
2014,51069,80377.0
2014,51680,77626.0
2014,51199,65808.0
2014,51690,13745.0
2014,51125,14892.0
2014,51143,62955.0
2014,51530,6683.0
2014,51610,13074.0
2014,51730,32439.0
2014,51735,12103.0
2014,51600,23507.0
2014,51820,21177.0
2014,51770,97949.0
2014,51800,85477.0
2014,51710,244745.0
2014,51041,324337.0
2014,51059,1117072.0
2014,53047,41241.0
2014,53037,41705.0
2014,53005,182053.0
2014,53011,438272.0
2014,28065,12100.0
2014,28071,50256.0
2014,28087,59736.0
2014,28157,9481.0
2014,28123,28312.0
2014,28163,28076.0
2014,28011,33961.0
2014,28113,40209.0
2014,28131,17941.0
2014,28069,10310.0
2014,01037,11247.0
2014,01045,50013.0
2014,01065,15393.0
2014,01055,104126.0
2014,01049,71074.0
2014,01053,38042.0
2014,01075,14268.0
2014,01111,22724.0
2014,01013,20523.0
2014,01097,414045.0
2014,01105,10203.0
2014,01127,66211.0
2014,01029,14990.0
2014,01035,12985.0
2014,01063,8798.0
2014,01005,27119.0
2014,01007,22653.0
2014,01011,10693.0
2014,01015,117186.0
2014,01025,25331.0
2014,01057,17019.0
2014,01095,94121.0
2014,01009,57645.0
2014,01089,343229.0
2014,01001,55136.0
2014,01061,26816.0
2014,01131,11367.0
2014,02060,995.0
2014,02150,13924.0
2014,02050,17576.0
2014,02270,7778.0
2014,02220,8957.0
2014,02130,13676.0
2014,02170,93843.0
2014,02070,4956.0
2014,02100,2557.0
2014,02110,32200.0
2014,02164,1490.0
2014,02290,5651.0
2014,02020,298178.0
2014,02068,2048.0
2014,02261,9685.0
2014,02105,2126.0
2014,02230,996.0
2014,02275,2383.0
2014,02195,3212.0
2014,04013,3947382.0
2014,04007,53242.0
2014,04023,47250.0
2014,04025,213689.0
2014,04003,130807.0
2014,04015,202482.0
2014,04005,135817.0
2014,04011,8800.0
2014,04017,107489.0
2014,05099,8877.0
2014,05037,17595.0
2014,05039,7954.0
2014,05027,24400.0
2014,05121,17794.0
2014,05141,17090.0
2014,05065,13522.0
2014,28133,28314.0
2014,28001,32189.0
2014,28033,166266.0
2014,42045,560775.0
2014,42111,77011.0
2014,29123,12353.0
2014,29217,20984.0
2014,29147,23296.0
2014,29041,7727.0
2014,29223,13430.0
2014,29201,39137.0
2014,29011,12286.0
2014,29039,13912.0
2014,29073,15014.0
2014,29121,15527.0
2014,29149,10975.0
2014,29186,18017.0
2014,29067,13575.0
2014,29083,22134.0
2014,29109,38306.0
2014,29169,53343.0
2014,29215,25796.0
2014,29027,44483.0
2014,29053,17585.0
2014,29075,6792.0
2014,29133,14276.0
2014,29153,9612.0
2014,29017,12394.0
2014,30071,4194.0
2014,31009,594.0
2014,31049,1951.0
2014,31113,736.0
2014,31169,5194.0
2014,31001,31396.0
2014,31011,5404.0
2014,31149,1436.0
2014,31163,3120.0
2014,31093,6315.0
2014,31073,1997.0
2014,31153,165955.0
2014,31015,2067.0
2014,31059,5767.0
2014,31091,688.0
2014,31159,16939.0
2014,31181,3733.0
2014,31023,8312.0
2014,31005,476.0
2014,12033,304099.0
2014,12053,173792.0
2014,12057,1279668.0
2014,12091,188984.0
2014,12123,22690.0
2014,12129,31015.0
2014,13187,30719.0
2014,13189,21563.0
2014,13201,6017.0
2014,13211,17866.0
2014,13149,11674.0
2014,13219,33769.0
2014,13095,93890.0
2014,13111,23632.0
2014,13151,209069.0
2014,13153,145622.0
2014,13175,48028.0
2014,13183,15967.0
2014,13255,63946.0
2014,13257,25741.0
2014,13271,16493.0
2014,13293,26681.0
2014,13303,20861.0
2014,13225,27337.0
2014,13229,18860.0
2014,13295,68445.0
2014,13231,17821.0
2014,13251,14281.0
2014,13267,25356.0
2014,13135,842091.0
2014,13049,13098.0
2014,13015,100771.0
2014,13097,135037.0
2014,13161,15028.0
2014,13141,9043.0
2014,13037,6549.0
2014,13285,68375.0
2014,13021,155237.0
2014,13197,8751.0
2014,13249,5054.0
2014,13023,12912.0
2014,13109,10868.0
2014,13119,22051.0
2014,13103,53673.0
2014,13171,18128.0
2014,13107,22731.0
2014,13239,2407.0
2014,13159,13647.0
2014,13173,10356.0
2014,13179,64489.0
2014,13205,23175.0
2014,13253,8804.0
2014,13289,8612.0
2014,13233,41250.0
2014,13269,8505.0
2014,13275,44733.0
2014,13279,27272.0
2014,13209,9000.0
2014,13221,14695.0
2014,13247,86256.0
2014,13305,30170.0
2014,13309,7932.0
2014,13009,45854.0
2014,36103,1500373.0
2014,36121,41679.0
2014,36075,121659.0
2014,36117,92887.0
2014,36007,198797.0
2014,36029,920694.0
2014,36105,76892.0
2014,36071,374518.0
2014,37087,59012.0
2014,37067,358130.0
2014,37017,34915.0
2014,37031,67851.0
2014,37015,20677.0
2014,37117,23947.0
2014,37143,13507.0
2014,37157,92602.0
2014,37029,10127.0
2014,37071,208379.0
2014,37125,90579.0
2014,37167,60553.0
2014,37199,17662.0
2014,18115,6073.0
2014,18119,21321.0
2014,05083,22129.0
2014,05063,36861.0
2014,05079,14113.0
2014,05053,18014.0
2014,05035,50172.0
2014,05047,17960.0
2014,05045,117804.0
2014,05109,11187.0
2014,05069,74655.0
2014,05089,16534.0
2014,05097,9296.0
2014,05127,11024.0
2014,05129,8036.0
2014,05131,126801.0
2014,05033,61825.0
2014,05007,232611.0
2014,05017,11489.0
2014,05059,33277.0
2014,05071,25791.0
2014,05077,10151.0
2014,05087,15696.0
2014,05049,12218.0
2014,05061,13685.0
2014,05093,45385.0
2014,05117,8475.0
2014,05139,40954.0
2014,05023,25793.0
2014,05025,8597.0
2014,05057,22419.0
2014,05135,17117.0
2014,05143,212238.0
2014,05003,21437.0
2014,05031,99835.0
2014,05073,7391.0
2014,05105,10350.0
2014,05111,24359.0
2014,05133,17250.0
2014,05013,5266.0
2014,05011,11316.0
2014,05075,17163.0
2014,05113,20454.0
2014,05029,21175.0
2014,05101,8131.0
2014,05081,12852.0
2014,05085,70118.0
2014,05091,43537.0
2014,05123,27642.0
2014,05145,78275.0
2014,06047,261609.0
2014,06043,17946.0
2014,06115,73059.0
2014,06013,1081232.0
2014,06035,33356.0
2014,06099,522794.0
2014,06097,491790.0
2014,06103,63284.0
2014,06051,14193.0
2014,06069,56888.0
2014,37009,27173.0
2014,37037,66050.0
2014,37101,175343.0
2014,37145,39303.0
2014,37107,59095.0
2014,37133,182921.0
2014,37161,67181.0
2014,37197,38101.0
2014,37023,90164.0
2014,38097,8106.0
2014,38021,5234.0
2014,38101,65854.0
2014,38067,7266.0
2014,38041,2575.0
2014,38017,158041.0
2014,38029,3491.0
2014,38077,16307.0
2014,38001,2339.0
2014,38027,2379.0
2014,38057,8532.0
2014,38073,5452.0
2014,38085,4317.0
2014,38033,1812.0
2014,38095,2292.0
2014,38023,2239.0
2014,18007,8810.0
2014,18121,17200.0
2014,18135,25801.0
2014,18183,33307.0
2014,18013,15074.0
2014,18023,32987.0
2014,18133,37728.0
2014,18161,7382.0
2014,18175,28017.0
2014,18027,32156.0
2014,18029,49840.0
2014,18065,49227.0
2014,18083,38181.0
2014,18093,45970.0
2014,18095,130688.0
2014,18123,19452.0
2014,18125,12733.0
2014,18131,13130.0
2014,18151,34190.0
2014,18171,8421.0
2014,18179,27732.0
2014,18031,26112.0
2014,18035,117441.0
2014,18077,32447.0
2014,18079,28223.0
2014,18103,36394.0
2014,18109,69343.0
2014,18111,14140.0
2014,18141,266916.0
2014,18085,77790.0
2014,18155,10514.0
2014,18163,180877.0
2014,18015,20068.0
2014,18105,141101.0
2014,18045,17002.0
2014,18149,23215.0
2014,18025,10646.0
2014,18055,32978.0
2014,18097,919336.0
2014,19011,25895.0
2014,19061,95166.0
2014,19071,7200.0
2014,19151,7191.0
2014,19173,6225.0
2014,19177,7487.0
2014,19159,5082.0
2014,19003,3937.0
2014,19009,5935.0
2014,19039,9284.0
2014,19051,8765.0
2014,19093,7085.0
2014,19103,136802.0
2014,19135,8019.0
2014,19179,35406.0
2014,19167,34261.0
2014,19025,9980.0
2014,19027,20702.0
2014,19033,43707.0
2014,19073,9232.0
2014,19083,17406.0
2014,06091,3019.0
2014,06067,1450277.0
2014,06017,181465.0
2014,06053,424927.0
2014,31067,21889.0
2014,31099,6560.0
2014,31119,35103.0
2014,31137,9189.0
2014,31179,9488.0
2014,31107,8573.0
2014,31121,7790.0
2014,31133,2754.0
2014,31183,848.0
2014,32015,5930.0
2014,32009,1041.0
2014,32021,4627.0
2014,32017,5282.0
2014,32031,429985.0
2014,32510,54634.0
2014,33013,146880.0
2014,33001,60252.0
2014,33017,124387.0
2014,34025,629702.0
2014,34037,146888.0
2014,34013,789616.0
2014,34015,289705.0
2014,34031,505403.0
2014,34003,920456.0
2014,34041,107624.0
2014,34005,450155.0
2014,35029,24947.0
2014,35055,32956.0
2014,35007,13264.0
2014,35021,655.0
2014,35037,8822.0
2014,29103,4078.0
2014,29139,12054.0
2014,29207,29864.0
2014,29007,25637.0
2014,29077,280657.0
2014,29185,9609.0
2014,29197,4388.0
2014,29029,43873.0
2014,29099,220558.0
2014,29143,18568.0
2014,29173,10224.0
2014,30017,11869.0
2014,30075,1710.0
2014,30085,10861.0
2014,30051,2235.0
2014,30083,10686.0
2014,49017,5105.0
2014,19117,8785.0
2014,19119,11680.0
2014,49015,10834.0
2014,51093,35518.0
2014,51620,8534.0
2014,51678,7114.0
2014,51089,52960.0
2014,51101,16045.0
2014,51109,33743.0
2014,51147,23140.0
2014,51165,77345.0
2014,51181,6885.0
2014,51043,14273.0
2014,51117,31913.0
2014,51015,73707.0
2014,51075,21627.0
2014,51113,13208.0
2014,51161,93194.0
2014,51025,16961.0
2014,51131,12254.0
2014,51163,22367.0
2014,51720,4015.0
2014,53039,20668.0
2014,53027,71734.0
2014,53069,4016.0
2014,53025,91458.0
2014,53061,735351.0
2014,54089,13699.0
2014,54025,35639.0
2014,54057,27912.0
2014,54041,16412.0
2014,54075,8710.0
2014,54083,29446.0
2014,54105,5810.0
2014,54015,9226.0
2014,54061,100332.0
2014,54103,16314.0
2014,54039,191765.0
2014,54077,33720.0
2014,54085,10221.0
2014,54043,21599.0
2014,54007,14492.0
2014,54005,24257.0
2014,54109,23203.0
2014,55033,44045.0
2014,55043,51272.0
2014,55117,115168.0
2014,13011,18317.0
2014,13031,71940.0
2014,13059,119681.0
2014,13061,3110.0
2014,13101,4018.0
2014,13127,80937.0
2014,13089,707185.0
2014,13143,28563.0
2014,13157,60928.0
2014,13163,16554.0
2014,13169,28783.0
2014,13181,7800.0
2014,13213,39416.0
2014,13215,198247.0
2014,13235,11693.0
2014,13241,16267.0
2014,13259,5900.0
2014,13281,10670.0
2014,13283,6781.0
2014,13287,8491.0
2014,13003,8297.0
2014,13001,18421.0
2014,13025,18463.0
2014,13017,17547.0
2014,13047,64955.0
2014,13055,25484.0
2014,13073,132362.0
2014,13115,96146.0
2014,13117,189314.0
2014,13147,25406.0
2014,13185,112515.0
2014,13199,21434.0
2014,13237,21226.0
2014,13261,31804.0
2014,06073,3183143.0
2014,06107,451108.0
2014,06113,204162.0
2014,06023,134876.0
2014,06057,98606.0
2014,06003,1202.0
2014,06039,152452.0
2014,13043,11056.0
2014,13301,5626.0
2014,13007,3342.0
2014,13035,23469.0
2014,13045,111872.0
2014,13099,10662.0
2014,13081,23403.0
2014,13077,131419.0
2014,13067,708920.0
2014,13083,16533.0
2014,13317,10123.0
2014,13027,15766.0
2014,13129,55666.0
2014,13105,19694.0
2014,13113,107930.0
2014,13165,8794.0
2014,13217,101503.0
2014,13133,16190.0
2014,13071,45987.0
2014,13085,22500.0
2014,13063,264221.0
2014,13139,185318.0
2014,15003,975690.0
2014,15009,158814.0
2014,15005,73.0
2014,16071,4241.0
2014,16045,16732.0
2014,16085,9662.0
2014,16003,3908.0
2014,38081,3863.0
2014,39105,23564.0
2014,39021,39628.0
2014,39057,163313.0
2014,39087,62100.0
2014,39115,14977.0
2014,39175,22535.0
2014,39043,76416.0
2014,39091,45564.0
2014,39153,541464.0
2014,39149,49165.0
2014,39171,37493.0
2014,39029,106622.0
2014,39051,42541.0
2014,39053,30763.0
2014,39099,235809.0
2014,39145,78520.0
2014,39117,34991.0
2014,39135,41887.0
2014,39003,105562.0
2014,39033,43036.0
2014,39059,39794.0
2014,39107,40789.0
2014,39023,137303.0
2014,39093,302465.0
2014,39113,534801.0
2014,39165,217623.0
2014,39007,100346.0
2014,40071,45781.0
2014,40035,14792.0
2014,40017,122832.0
2014,40077,10921.0
2014,19189,10645.0
2014,19147,9263.0
2014,19165,12034.0
2014,19007,12754.0
2014,19087,20197.0
2014,19095,16316.0
2014,19099,36715.0
2014,19145,15737.0
2014,19191,20957.0
2014,19157,18765.0
2014,19155,93153.0
2014,06037,9974203.0
2014,06045,87612.0
2014,06087,267203.0
2014,06105,13515.0
2014,06065,2266899.0
2014,06071,2078586.0
2014,06085,1841569.0
2014,06041,256802.0
2014,06061,361518.0
2014,06093,44261.0
2014,06089,178520.0
2014,06095,421624.0
2014,06015,28066.0
2014,06021,28019.0
2014,06007,221578.0
2014,06063,19286.0
2014,06079,274184.0
2014,06029,857730.0
2014,06111,835790.0
2014,06009,44921.0
2014,06081,739837.0
2014,06109,54347.0
2014,06005,37159.0
2014,08095,4385.0
2014,08031,633777.0
2014,08061,1407.0
2014,08009,3735.0
2014,08047,5557.0
2014,08063,8122.0
2014,08051,15503.0
2014,08059,546162.0
2014,08091,4532.0
2014,08103,6739.0
2014,08123,265066.0
2014,08021,8276.0
2014,08023,3578.0
2014,08035,299794.0
2014,08037,52233.0
2014,08067,52547.0
2014,08081,13286.0
2014,08105,11840.0
2014,08011,6000.0
2014,08025,5558.0
2014,08111,653.0
2014,08057,1389.0
2014,08075,22604.0
2014,08083,25569.0
2014,08119,23363.0
2014,08013,305166.0
2014,08071,14789.0
2014,08073,5462.0
2014,08107,23428.0
2014,08003,16111.0
2014,08019,9114.0
2014,08043,46879.0
2014,30101,5208.0
2014,30019,1813.0
2014,30045,2023.0
2014,40007,5581.0
2014,40139,21495.0
2014,40127,11315.0
2014,40069,11043.0
2014,40063,13840.0
2014,40031,125647.0
2014,40001,22380.0
2014,40137,44900.0
2014,40019,48288.0
2014,40055,6144.0
2014,40091,20334.0
2014,40099,13656.0
2014,40115,32086.0
2014,40145,74767.0
2014,40015,29551.0
2014,19017,24481.0
2014,19127,40922.0
2014,19043,17900.0
2014,19015,26326.0
2014,19021,20460.0
2014,19089,9529.0
2014,19063,10068.0
2014,19077,10794.0
2014,19081,11175.0
2014,19121,15629.0
2014,19125,33308.0
2014,19197,13007.0
2014,19029,13694.0
2014,19047,17259.0
2014,19065,20693.0
2014,19085,14600.0
2014,19129,14946.0
2014,19133,9149.0
2014,19143,6279.0
2014,19187,37399.0
2014,19169,91939.0
2014,19013,131947.0
2014,19075,12403.0
2014,19105,20607.0
2014,19131,10744.0
2014,19137,10549.0
2014,19161,10162.0
2014,19123,22420.0
2014,19019,20947.0
2014,19045,48663.0
2014,19053,8286.0
2014,19101,17102.0
2014,19005,14152.0
2014,19113,214927.0
2014,19049,72124.0
2014,19141,14173.0
2014,20187,2187.0
2014,20119,4444.0
2014,20125,34602.0
2014,20151,9758.0
2014,20153,2553.0
2014,20003,7962.0
2014,20053,6443.0
2014,20061,36458.0
2014,20057,34604.0
2014,20167,6959.0
2014,20117,10042.0
2014,20001,13212.0
2014,20023,2695.0
2014,20035,36201.0
2014,20049,2734.0
2014,20059,25834.0
2014,20083,1941.0
2014,55078,4382.0
2014,55011,13374.0
2014,55063,116470.0
2014,55073,134886.0
2014,55121,29274.0
2014,55027,88589.0
2014,55125,21368.0
2014,30021,9219.0
2014,30023,9243.0
2014,30055,1758.0
2014,30087,9335.0
2014,30007,5697.0
2014,42023,4939.0
2014,42017,626205.0
2014,42077,354537.0
2014,42031,39437.0
2014,42059,38171.0
2014,42079,320392.0
2014,42037,67089.0
2014,42065,44935.0
2014,42099,45788.0
2014,42113,6400.0
2014,44003,165253.0
2014,44009,126609.0
2014,45071,37593.0
2014,45027,34439.0
2014,45085,107782.0
2014,45011,22287.0
2014,45031,68161.0
2014,45091,235285.0
2014,45021,55707.0
2014,45053,26042.0
2014,45061,18708.0
2014,45001,25100.0
2014,46085,3831.0
2014,46039,4340.0
2014,46009,7032.0
2014,46047,6957.0
2014,46071,3180.0
2014,46069,1460.0
2014,46067,7221.0
2014,46017,2013.0
2014,46041,5510.0
2014,46063,1263.0
2014,46109,10303.0
2014,46083,48326.0
2014,46081,24478.0
2014,46005,17922.0
2014,46035,19730.0
2014,46073,2051.0
2014,55039,101709.0
2014,55071,80805.0
2014,55013,15387.0
2014,55029,27789.0
2014,55091,7390.0
2014,55103,17842.0
2014,55137,24409.0
2014,55065,16847.0
2014,55093,40859.0
2014,55015,49502.0
2014,55059,167268.0
2014,56019,8599.0
2014,56021,94412.0
2014,56039,21956.0
2014,51570,17542.0
2014,51021,6727.0
2014,51023,33105.0
2014,51520,17595.0
2014,51830,14401.0
2014,51035,29881.0
2014,51191,54833.0
2014,51139,23905.0
2014,51510,146422.0
2014,51650,136904.0
2014,51013,220173.0
2014,51027,23683.0
2014,51179,134672.0
2014,51760,211063.0
2014,51057,11166.0
2014,51185,44331.0
2014,51685,14992.0
2014,51183,11923.0
2014,51683,40436.0
2014,51775,25120.0
2014,51037,12399.0
2014,51081,11911.0
2014,53067,259330.0
2014,53013,4031.0
2014,16069,39655.0
2014,16053,22580.0
2014,16055,142783.0
2014,16061,3822.0
2014,16067,20191.0
2014,16083,78933.0
2014,16073,11412.0
2014,16013,21269.0
2014,16015,6880.0
2014,16021,10903.0
2014,16023,2734.0
2014,16029,6857.0
2014,16047,15241.0
2014,16001,409239.0
2014,16005,83394.0
2014,16007,5941.0
2014,16011,45558.0
2014,16019,106703.0
2014,16025,1156.0
2014,16035,8600.0
2014,16051,26620.0
2014,16059,7828.0
2014,16075,22658.0
2014,16017,40899.0
2014,16037,4284.0
2014,16039,26349.0
2014,16065,37754.0
2014,16079,12629.0
2014,16081,10212.0
2014,16087,10068.0
2014,17067,18808.0
2014,17063,50173.0
2014,17091,112682.0
2014,17043,926485.0
2014,17003,7821.0
2014,17129,12658.0
2014,17099,112698.0
2014,17031,5227827.0
2014,17115,109833.0
2014,17137,35272.0
2014,17191,16627.0
2014,17203,38965.0
2014,17055,39774.0
2014,17109,32388.0
2014,17111,307888.0
2014,08101,160757.0
2014,08085,40885.0
2014,08087,28342.0
2014,08093,16174.0
2014,08109,6211.0
2014,08077,147509.0
2014,08099,12359.0
2014,08053,871.0
2014,08041,645707.0
2014,08121,4781.0
2014,08049,14478.0
2014,08005,596684.0
2014,08089,18712.0
2014,08014,59027.0
2014,10003,545846.0
2014,17163,268415.0
2014,17139,14896.0
2014,17145,22034.0
2014,17151,4362.0
2014,17173,22216.0
2014,17019,204214.0
2014,17013,5033.0
2014,17053,13906.0
2014,17085,22427.0
2014,17093,118194.0
2014,17101,16726.0
2014,17121,38922.0
2014,17125,14309.0
2014,17075,29272.0
2014,17025,13675.0
2014,17059,5439.0
2014,17133,33373.0
2014,17143,187197.0
2014,40101,70519.0
2014,40013,43595.0
2014,41029,206583.0
2014,41023,7325.0
2014,41005,384697.0
2014,41057,25334.0
2014,41033,83021.0
2014,41059,76645.0
2014,41009,49325.0
2014,41065,25387.0
2014,41039,354764.0
2014,41067,547451.0
2014,41007,37236.0
2014,48407,26831.0
2014,48459,39851.0
2014,48473,44825.0
2014,48493,44609.0
2014,48219,23205.0
2014,48329,146387.0
2014,48299,19272.0
2014,48147,33775.0
2014,48041,201534.0
2014,48165,18496.0
2014,48179,22771.0
2014,48237,8967.0
2014,48035,18052.0
2014,48029,1789088.0
2014,48023,3648.0
2014,48121,708627.0
2014,48167,302276.0
2014,48393,924.0
2014,48463,26763.0
2014,48037,93068.0
2014,48263,858.0
2014,48425,8575.0
2014,48199,55215.0
2014,48289,16784.0
2014,48351,14323.0
2014,48389,13978.0
2014,48453,1092810.0
2014,48087,3053.0
2014,48143,39291.0
2014,09009,863148.0
2014,10005,203737.0
2014,10001,167477.0
2014,11001,633736.0
2014,09005,187542.0
2014,09003,897374.0
2014,09011,274071.0
2014,09013,152251.0
2014,09001,934215.0
2014,12031,880750.0
2014,12007,27552.0
2014,12019,194868.0
2014,12067,8821.0
2014,12089,74918.0
2014,12103,925030.0
2014,12111,283988.0
2014,12051,38360.0
2014,12061,140918.0
2014,12099,1359074.0
2014,12109,203402.0
2014,12086,2600861.0
2014,12035,98843.0
2014,12037,11636.0
2014,12047,14466.0
2014,12077,8302.0
2014,12119,103708.0
2014,12039,46865.0
2014,12059,19741.0
2014,12071,647554.0
2014,12083,334771.0
2014,12021,334474.0
2014,12093,39398.0
2014,12101,472745.0
2014,12055,98261.0
2014,12121,43404.0
2014,12027,34785.0
2014,12013,14657.0
2014,12023,67662.0
2014,12029,16137.0
2014,12107,73191.0
2014,12125,15258.0
2014,12081,335840.0
2014,12075,40057.0
2014,12003,27057.0
2014,12127,498981.0
2014,12073,280882.0
2014,12079,18901.0
2014,46055,2092.0
2014,46093,26108.0
2014,46013,37528.0
2014,46087,5615.0
2014,46101,6445.0
2014,46121,9859.0
2014,46097,2340.0
2014,47165,166636.0
2014,47169,7859.0
2014,47027,7802.0
2014,47157,936130.0
2014,47077,27963.0
2014,48213,78836.0
2014,48345,1172.0
2014,48083,8656.0
2014,48325,46965.0
2014,48277,49704.0
2014,48267,4522.0
2014,47037,648048.0
2014,47089,52166.0
2014,47153,14431.0
2014,47017,28511.0
2014,47135,7851.0
2014,47121,11694.0
2014,47075,18389.0
2014,47125,182015.0
2014,47061,13574.0
2014,47029,35453.0
2014,47041,18968.0
2014,47101,12010.0
2014,47131,31378.0
2014,47167,61433.0
2014,47045,38156.0
2014,47065,344772.0
2014,47139,16715.0
2014,47185,26086.0
2014,47163,156850.0
2014,36095,32153.0
2014,36035,54870.0
2014,36083,159600.0
2014,36033,51508.0
2014,36081,2280602.0
2014,36115,62910.0
2014,36061,1618398.0
2014,36011,79481.0
2014,36087,318186.0
2014,36063,214973.0
2014,36031,39072.0
2014,36059,1350601.0
2014,36097,18458.0
2014,36017,49868.0
2014,36045,118885.0
2014,17201,292026.0
2014,17147,16552.0
2014,17153,5967.0
2014,17169,7454.0
2014,17175,5888.0
2014,17045,18171.0
2014,17005,17571.0
2014,17007,54005.0
2014,17011,34361.0
2014,17015,15027.0
2014,17029,53655.0
2014,17033,19626.0
2014,17083,22751.0
2014,17155,5895.0
2014,17039,16461.0
2014,17051,22041.0
2014,17103,35248.0
2014,17107,30047.0
2014,17117,47229.0
2014,17159,16144.0
2014,17189,14527.0
2014,17135,29740.0
2014,17001,67113.0
2014,17027,37952.0
2014,17047,6687.0
2014,17081,38716.0
2014,17183,80773.0
2014,17199,66808.0
2014,17023,16240.0
2014,17049,34280.0
2014,17057,36616.0
2014,17065,8371.0
2014,17073,50031.0
2014,17087,12650.0
2014,17097,703170.0
2014,17105,38476.0
2014,17171,5260.0
2014,17017,13440.0
2014,17187,17784.0
2014,18069,36959.0
2014,18091,111293.0
2014,18181,24485.0
2014,18073,33443.0
2014,18101,10294.0
2014,18145,44428.0
2014,18137,28601.0
2014,18153,21227.0
2014,18159,15688.0
2014,18167,108264.0
2014,18173,60538.0
2014,18033,42321.0
2014,18005,78628.0
2014,18139,17147.0
2014,01099,22509.0
2014,01079,33835.0
2014,01081,147790.0
2014,01093,30527.0
2014,01107,19629.0
2014,01119,13433.0
2014,01073,658834.0
2014,01023,13546.0
2014,01059,31663.0
2014,01091,20489.0
2014,01113,56980.0
2014,01019,26042.0
2014,01039,37881.0
2014,01041,13938.0
2014,01047,42743.0
2014,01077,92780.0
2014,01085,10918.0
2014,01087,20505.0
2014,01083,87167.0
2014,18001,34533.0
2014,18049,20638.0
2014,18089,493140.0
2014,18113,47497.0
2014,18041,23955.0
2014,18063,150977.0
2014,18037,42170.0
2014,18053,69313.0
2014,18059,70851.0
2014,18067,82914.0
2014,48477,34039.0
2014,48429,9485.0
2014,48003,16126.0
2014,48177,20054.0
2014,48305,5806.0
2014,48505,14231.0
2014,48221,52347.0
2014,48269,290.0
2014,48073,50971.0
2014,48119,5239.0
2014,48253,20092.0
2014,48249,41348.0
2014,48111,6957.0
2014,48157,632946.0
2014,48235,1626.0
2014,48489,22056.0
2014,48115,13593.0
2014,48051,17236.0
2014,48355,348130.0
2014,48379,10988.0
2014,48385,3365.0
2014,48431,1360.0
2014,48065,6108.0
2014,48161,19661.0
2014,48197,4050.0
2014,48045,1601.0
2014,48291,76707.0
2014,48301,89.0
2014,48395,16546.0
2014,48401,54159.0
2014,48455,14452.0
2014,48019,20642.0
2014,48075,7066.0
2014,48091,115808.0
2014,48225,23151.0
2014,48349,48073.0
2014,48415,17108.0
2014,48433,1409.0
2014,48021,75708.0
2014,48025,32462.0
2014,48103,4602.0
2014,50021,60864.0
2014,50017,28927.0
2014,50027,56328.0
2014,49049,540425.0
2014,49013,19378.0
2014,49047,34576.0
2014,49011,317646.0
2014,01051,80321.0
2014,01117,201168.0
2014,01133,24256.0
2014,01043,80668.0
2014,01071,53012.0
2014,01121,81673.0
2014,01129,17137.0
2014,01027,13617.0
2014,01103,119744.0
2014,01021,43781.0
2014,01033,54491.0
2014,27141,89770.0
2014,27159,13754.0
2014,27009,38980.0
2014,27019,94212.0
2014,27047,31034.0
2014,27061,45303.0
2014,27085,36172.0
2014,27121,10946.0
2014,27123,521265.0
2014,27149,9748.0
2014,27151,9602.0
2014,27169,51285.0
2014,27033,11676.0
2014,27139,135129.0
2014,27039,20246.0
2014,27157,21485.0
2014,27117,9407.0
2014,27035,62900.0
2014,27107,6725.0
2014,27171,127386.0
2014,27103,32923.0
2014,27051,5977.0
2014,27069,4501.0
2014,27087,5486.0
2014,27127,15834.0
2014,27173,10233.0
2014,27007,45236.0
2014,27013,64720.0
2014,27073,7096.0
2014,27077,3976.0
2014,27161,19127.0
2014,27003,336316.0
2014,27145,151728.0
2014,27081,5821.0
2014,27083,25724.0
2014,27095,25891.0
2014,27129,15326.0
2014,27017,35430.0
2014,27031,5197.0
2014,28103,11240.0
2014,28137,28557.0
2014,28107,34507.0
2014,28161,12433.0
2014,28029,29028.0
2014,28049,246364.0
2014,28145,27536.0
2014,28139,22069.0
2014,28035,76159.0
2019,17051,21565.0
2019,17107,29003.0
2019,17165,23994.0
2019,17097,701473.0
2019,17127,14219.0
2019,17017,12493.0
2019,18069,36359.0
2019,18181,24149.0
2019,18075,20840.0
2019,18145,44438.0
2019,18153,20730.0
2019,18157,191553.0
2019,18057,323117.0
2019,18005,82481.0
2019,18049,20096.0
2019,18113,47506.0
2019,18019,116507.0
2019,18063,163799.0
2019,18053,66452.0
2019,18071,44025.0
2019,18119,20835.0
2019,18183,33730.0
2019,18023,32273.0
2019,18161,7113.0
2019,18029,49479.0
2019,18093,45548.0
2019,18123,19102.0
2019,18129,25560.0
2019,18015,20074.0
2019,18045,16430.0
2019,18149,22952.0
2019,18055,32159.0
2019,19011,25636.0
2019,19061,96982.0
2019,19151,6797.0
2019,19177,7150.0
2019,19003,3670.0
2019,19009,5571.0
2019,19051,8920.0
2019,19093,6901.0
2019,19135,7807.0
2019,19167,34827.0
2019,19025,9744.0
2019,19033,42834.0
2019,19083,17061.0
2019,19117,8583.0
2019,19147,9003.0
2019,19087,19941.0
2019,19099,36971.0
2019,19157,18388.0
2019,19043,17625.0
2019,19017,24864.0
2019,19063,9438.0
2019,19081,10802.0
2019,19097,19401.0
2019,19111,34227.0
2019,19181,50076.0
2019,19123,22164.0
2019,19041,16211.0
2019,19055,17183.0
2019,13005,11201.0
2019,13025,18756.0
2019,13017,17033.0
2019,13033,22520.0
2019,13047,66700.0
2019,13053,10560.0
2019,13055,24812.0
2019,13073,150705.0
2019,13087,26682.0
2019,13115,97369.0
2019,13117,228383.0
2019,13137,44626.0
2019,13147,25773.0
2019,13185,115364.0
2019,13191,14174.0
2019,13199,21106.0
2019,13207,27171.0
2019,13237,21691.0
2019,13261,30064.0
2019,13265,1611.0
2019,13301,5297.0
2019,19185,6429.0
2019,19163,172446.0
2019,20181,5938.0
2019,20193,7810.0
2019,20127,5566.0
2019,20163,5053.0
2019,20025,2026.0
2019,20077,5594.0
2019,20111,33251.0
2019,20145,6629.0
2019,20033,1740.0
2019,20063,2644.0
2019,20079,34503.0
2019,20093,3907.0
2019,20113,28567.0
2019,05041,11709.0
2019,05049,12231.0
2019,05061,13311.0
2019,05051,98555.0
2019,05093,42126.0
2019,05115,63761.0
2019,05117,8189.0
2019,05139,39449.0
2019,05147,6533.0
2019,05023,25100.0
2019,05025,8128.0
2019,05067,17027.0
2019,05057,21842.0
2019,05135,17139.0
2019,05137,12475.0
2019,05143,232289.0
2019,05005,41427.0
2019,05003,20270.0
2019,05031,107345.0
2019,05055,44937.0
2019,05105,10355.0
2019,05111,23896.0
2019,05133,17081.0
2019,05013,5192.0
2019,05019,22386.0
2019,05075,16549.0
2019,05095,7050.0
2019,05029,20858.0
2019,05101,7812.0
2019,05001,17914.0
2019,05085,72528.0
2019,05015,27965.0
2019,05123,25900.0
2019,05119,392967.0
2019,06047,271382.0
2019,06043,17420.0
2019,06049,8907.0
2019,06013,1142251.0
2019,06027,17977.0
2019,06099,543194.0
2019,06083,444829.0
2019,06103,63912.0
2019,06051,14310.0
2019,06069,60376.0
2019,13029,37063.0
2019,13035,24090.0
2019,13039,53231.0
2019,13079,12325.0
2019,13099,10312.0
2019,13069,43021.0
2019,13077,143260.0
2019,13123,30414.0
2019,13297,91442.0
2019,13317,9844.0
2019,13091,20829.0
2019,13129,57202.0
2019,13057,247515.0
2019,13113,112303.0
2019,13177,29502.0
2019,13227,31387.0
2019,13133,17349.0
2019,13075,17177.0
2019,13085,24536.0
2019,13121,1036200.0
2019,15001,199459.0
2019,15003,984821.0
2019,15007,71769.0
2019,15005,66.0
2019,16031,23690.0
2019,16063,5350.0
2019,16085,10709.0
2019,16041,13464.0
2019,16069,40217.0
2019,16055,157322.0
2019,16067,20705.0
2019,16083,84869.0
2019,16013,22373.0
2019,16015,7378.0
2019,16023,2581.0
2019,16047,15148.0
2019,16001,456849.0
2019,16007,6000.0
2019,16011,45839.0
2019,16025,1048.0
2019,16035,8673.0
2019,16051,28534.0
2019,41039,373340.0
2019,51181,6523.0
2019,51043,14423.0
2019,51117,30728.0
2019,51015,75079.0
2019,51075,22865.0
2019,51113,13170.0
2019,51161,93823.0
2019,51025,16520.0
2019,51131,11885.0
2019,51163,22570.0
2019,51720,3970.0
2019,51570,17428.0
2019,51021,6388.0
2019,51023,33343.0
2019,51520,16912.0
2019,51830,14927.0
2019,51035,29801.0
2019,06067,1524553.0
2019,06017,188563.0
2019,06053,433410.0
2019,06075,874961.0
2019,06073,3316073.0
2019,06107,461898.0
2019,06023,135940.0
2019,06003,1039.0
2019,06039,155433.0
2019,06087,273962.0
2019,06105,12700.0
2019,06065,2411439.0
2019,06071,2149031.0
2019,06041,259943.0
2019,06061,385512.0
2019,06089,179212.0
2019,06095,441829.0
2019,06011,21454.0
2019,28029,28501.0
2019,28049,238797.0
2019,28145,28507.0
2019,28139,22018.0
2019,28035,75224.0
2019,28071,53590.0
2019,28087,59150.0
2019,28157,8875.0
2019,28065,11339.0
2019,28123,28332.0
2019,28163,28565.0
2019,28011,31848.0
2019,28113,39532.0
2019,28131,18276.0
2019,28069,9943.0
2019,28133,26168.0
2019,28001,31266.0
2019,28033,178975.0
2019,42045,564554.0
2019,42111,74361.0
2019,29123,12179.0
2019,29217,20595.0
2019,29147,22359.0
2019,29041,7483.0
2019,29223,13195.0
2019,29201,38633.0
2019,29011,11797.0
2019,29039,14043.0
2019,29073,14711.0
2019,29121,15199.0
2019,29149,10647.0
2019,29186,17848.0
2019,29067,13306.0
2019,29083,21735.0
2019,29109,38204.0
2019,29169,52425.0
2019,29215,25604.0
2019,29027,44889.0
2019,29053,17660.0
2019,29075,6616.0
2019,51191,54071.0
2019,51139,23788.0
2019,51510,157613.0
2019,51650,135041.0
2019,51013,233464.0
2019,51027,21788.0
2019,51179,146773.0
2019,51760,226622.0
2019,51057,10998.0
2019,51185,41603.0
2019,51685,16986.0
2019,51183,11377.0
2019,51683,41174.0
2019,51775,25317.0
2019,51037,12040.0
2019,51081,11525.0
2019,53067,279711.0
2019,53013,3992.0
2019,72059,18514.0
2019,72121,22560.0
2019,72067,15943.0
2019,72141,28676.0
2019,72054,11697.0
2019,72099,36161.0
2019,72123,28109.0
2019,29133,13574.0
2019,29153,9207.0
2019,29017,12225.0
2019,47165,183437.0
2019,47169,10231.0
2019,47027,7654.0
2019,17139,14641.0
2019,17149,15672.0
2019,17151,4203.0
2019,17163,262338.0
2019,17173,21737.0
2019,17019,209922.0
2019,17013,4830.0
2019,17053,13270.0
2019,17089,531376.0
2019,17093,126054.0
2019,17009,6628.0
2019,17121,37743.0
2019,17125,13621.0
2019,17075,27812.0
2019,17025,13287.0
2019,17059,5064.0
2019,17133,34168.0
2019,17181,16968.0
2019,17201,284819.0
2019,17153,5510.0
2019,17169,6953.0
2019,17045,17407.0
2019,17007,53537.0
2019,17011,33122.0
2019,17029,51353.0
2019,17033,18972.0
2019,17155,5721.0
2019,17039,15932.0
2019,17103,34389.0
2019,17117,45463.0
2019,17159,15766.0
2019,17189,14058.0
2019,41067,589481.0
2019,41007,39102.0
2019,42023,4611.0
2019,42017,626806.0
2019,42077,365052.0
2019,42031,38715.0
2019,42059,36870.0
2019,42079,317663.0
2019,42037,65715.0
2019,42065,43846.0
2019,42099,46053.0
2019,42113,6135.0
2019,44003,163869.0
2019,44009,126060.0
2019,45071,38194.0
2019,45027,33957.0
2019,45085,106757.0
2019,45011,21346.0
2019,45031,67027.0
2019,45091,265872.0
2019,45021,56895.0
2019,45053,28657.0
2019,45061,17365.0
2019,45001,24627.0
2019,46085,3848.0
2019,46039,4318.0
2019,06021,27976.0
2019,06007,225817.0
2019,06031,150691.0
2019,06063,18660.0
2019,06079,282165.0
2019,06019,984521.0
2019,06029,887641.0
2019,06059,3168044.0
2019,06111,847263.0
2019,06009,45514.0
2019,06101,96109.0
2019,06081,767423.0
2019,06109,54045.0
2019,06077,742603.0
2019,06005,38429.0
2019,08095,4290.0
2019,08007,13253.0
2019,08031,705576.0
2019,08061,1489.0
2019,08055,6679.0
2019,08009,3561.0
2019,08047,6018.0
2019,08063,7447.0
2019,08051,16802.0
2019,08079,824.0
2019,08091,4796.0
2019,08115,2322.0
2019,08123,305345.0
2019,08027,4776.0
2019,08023,3745.0
2019,08035,336041.0
2019,08065,7751.0
2019,08067,55617.0
2019,08097,17926.0
2019,08105,11305.0
2019,08011,5787.0
2019,08025,5754.0
2019,08111,589.0
2019,08069,344786.0
2019,08075,22380.0
2019,08113,8049.0
2019,08119,24524.0
2019,08039,25717.0
2019,08071,14266.0
2019,08073,5585.0
2019,08117,30649.0
2019,08003,16107.0
2019,08029,30565.0
2019,08043,47321.0
2019,08085,41686.0
2019,08087,28517.0
2019,08109,6592.0
2019,08099,12022.0
2019,08121,4868.0
2019,08049,15303.0
2019,08089,18282.0
2019,08014,67886.0
2019,10005,224384.0
2019,11001,692683.0
2019,09009,857513.0
2019,09003,893561.0
2019,47157,936374.0
2019,47077,27977.0
2019,47089,53679.0
2019,47153,14816.0
2019,47017,27886.0
2019,47037,687488.0
2019,47135,7962.0
2019,47121,12104.0
2019,47075,17623.0
2019,47125,200180.0
2019,47061,13344.0
2019,47029,35552.0
2019,47041,19847.0
2019,47101,12027.0
2019,47131,30365.0
2019,47167,61447.0
2019,47045,37416.0
2019,47065,360919.0
2019,47139,16814.0
2019,47185,26800.0
2019,47163,157050.0
2019,36095,31222.0
2019,36035,53646.0
2019,36083,159185.0
2019,36033,50477.0
2019,36081,2287388.0
2019,36115,61616.0
2019,36061,1631993.0
2019,36011,77425.0
2019,36087,324422.0
2019,36063,210820.0
2019,36031,37459.0
2019,36059,1356509.0
2019,36097,17920.0
2019,36017,47909.0
2019,36045,112842.0
2019,36103,1483832.0
2019,36121,40305.0
2019,36075,118339.0
2019,36117,90519.0
2019,36007,193188.0
2019,08053,857.0
2019,36029,919355.0
2019,36105,75116.0
2019,36071,380085.0
2019,37087,61053.0
2019,37067,375195.0
2019,18089,485707.0
2019,18107,38287.0
2019,18001,35376.0
2019,18041,23194.0
2019,18021,26234.0
2019,18037,42543.0
2019,18047,22774.0
2019,18059,75164.0
2019,18067,82331.0
2019,18115,5874.0
2019,18121,16946.0
2019,18135,24926.0
2019,18007,8677.0
2019,18013,15064.0
2019,18133,37384.0
2019,18175,27848.0
2019,18027,33120.0
2019,18065,48255.0
2019,18083,37065.0
2019,18095,129455.0
2019,18125,12378.0
2019,18131,12559.0
2019,18151,34453.0
2019,56021,98320.0
2019,56039,23280.0
2019,48407,28180.0
2019,48459,41018.0
2019,48473,51832.0
2019,48493,49173.0
2019,48219,23064.0
2019,48329,168167.0
2019,48299,21047.0
2019,48147,34537.0
2019,48041,222981.0
2019,48165,20706.0
2019,48179,22410.0
2019,48237,8852.0
2019,48035,18296.0
2019,48029,1952843.0
2019,48023,3577.0
2019,48121,833822.0
2019,48167,332885.0
2019,48393,805.0
2019,48463,26920.0
2019,48037,93373.0
2019,48263,647.0
2019,48425,8860.0
2019,48199,56765.0
2019,48289,17225.0
2019,48351,13914.0
2019,48389,15492.0
2019,48453,1226805.0
2019,48087,2969.0
2019,48143,41841.0
2019,48345,1252.0
2019,48083,8334.0
2019,48325,50057.0
2019,48213,81070.0
2019,48277,49611.0
2019,48267,4373.0
2019,48477,35163.0
2019,48429,9364.0
2019,48003,18036.0
2019,48177,20731.0
2019,48305,5830.0
2019,48505,14304.0
2019,48221,58318.0
2019,48269,237.0
2019,48073,52118.0
2019,48119,5249.0
2019,48253,19943.0
2019,09015,116566.0
2019,09011,267390.0
2019,09007,163053.0
2019,09013,151063.0
2019,09001,943926.0
2019,12133,24764.0
2019,12031,936186.0
2019,12007,27317.0
2019,12009,585507.0
2019,12019,211405.0
2019,12067,8637.0
2019,12069,345867.0
2019,12089,83098.0
2019,12103,964666.0
2019,12105,686218.0
2019,12111,312947.0
2019,12043,13516.0
2019,12051,40732.0
2019,12061,153989.0
2019,12063,47945.0
2019,12109,244674.0
2019,12117,461402.0
2019,12005,182161.0
2019,12035,109801.0
2019,12045,15576.0
2019,12077,8345.0
2019,12097,351955.0
2019,12131,68262.0
2019,12039,45945.0
2019,12065,14161.0
2019,12083,353526.0
2019,12049,27131.0
2019,12093,41144.0
2019,12095,1349746.0
2019,12041,17953.0
2019,12121,44046.0
2019,12001,265443.0
2019,12013,14362.0
2019,12015,181067.0
2019,12029,16589.0
2019,12085,159065.0
2019,12115,419496.0
2019,12081,384213.0
2019,12017,145169.0
2019,12003,28211.0
2019,12113,174755.0
2019,12073,289770.0
2019,12011,1926205.0
2019,12087,75798.0
2019,12053,186313.0
2019,12057,1422278.0
2019,12123,21870.0
2019,12129,32321.0
2019,13189,21455.0
2019,13211,18507.0
2019,13149,11736.0
2019,13095,89703.0
2019,13111,25395.0
2019,13153,153507.0
2019,13175,47405.0
2019,13255,65306.0
2019,13271,16035.0
2019,18171,8237.0
2019,18165,15539.0
2019,18179,28011.0
2019,18003,372575.0
2019,18031,26562.0
2019,18035,115020.0
2019,18043,77320.0
2019,18077,32201.0
2019,18079,27710.0
2019,18081,153716.0
2019,18103,35815.0
2019,18109,69922.0
2019,18051,33656.0
2019,18111,13992.0
2019,18117,19545.0
2019,18141,270216.0
2019,18085,79035.0
2019,18099,46461.0
2019,18155,10685.0
2019,18163,181291.0
2019,18009,12013.0
2019,18143,23759.0
2019,18105,146461.0
2019,18039,204558.0
2019,18025,10569.0
2019,18017,37880.0
2019,18097,951869.0
2019,18177,66342.0
2019,19023,14628.0
2019,19071,6946.0
2019,19079,14997.0
2019,19173,6167.0
2019,19175,12358.0
2019,19195,7445.0
2019,19159,4964.0
2019,19001,7085.0
2019,19037,12026.0
2019,19039,9360.0
2019,19059,17127.0
2019,19103,148577.0
2019,19107,10188.0
2019,19171,17032.0
2019,19179,35141.0
2019,19069,10162.0
2019,19027,20281.0
2019,19031,18457.0
2019,19067,15786.0
2019,19073,8950.0
2019,19115,11178.0
2019,19119,11776.0
2019,13291,23288.0
2019,37017,33407.0
2019,37031,69070.0
2019,37015,19380.0
2019,37117,22849.0
2019,37143,13430.0
2019,37157,91077.0
2019,37029,10551.0
2019,37071,219271.0
2019,37125,97294.0
2019,37167,61588.0
2019,37199,17760.0
2019,37037,71338.0
2019,37101,196870.0
2019,37145,39345.0
2019,37009,26863.0
2019,37107,56756.0
2019,37133,195069.0
2019,37161,66599.0
2019,37197,37602.0
2019,37023,89968.0
2019,38097,8008.0
2019,38021,4938.0
2019,38101,68812.0
2019,38067,6947.0
2019,38041,2547.0
2019,38017,176975.0
2019,38029,3310.0
2019,38077,16254.0
2019,38001,2311.0
2019,38027,2301.0
2019,38057,8462.0
2019,38073,5314.0
2019,38085,4373.0
2019,38033,1845.0
2019,38095,2224.0
2019,38023,2335.0
2019,38081,3872.0
2019,39105,23078.0
2019,39021,38845.0
2019,39057,166502.0
2019,39087,60184.0
2019,39115,14640.0
2019,39175,22000.0
2019,39043,74780.0
2019,39091,45316.0
2019,39153,541334.0
2019,16059,7847.0
2019,16075,23260.0
2019,16009,9138.0
2019,16017,43611.0
2019,16033,913.0
2019,16037,4169.0
2019,16039,26743.0
2019,16043,13020.0
2019,16065,39100.0
2019,16079,12609.0
2019,16049,16411.0
2019,16081,11426.0
2019,16077,7671.0
2019,16087,10057.0
2019,17067,17983.0
2019,17119,264776.0
2019,17063,50666.0
2019,17091,110637.0
2019,17131,15589.0
2019,17043,929060.0
2019,17003,6260.0
2019,17129,12306.0
2019,17099,109737.0
2019,17031,5198275.0
2019,17115,105528.0
2019,17177,45093.0
2019,17191,16402.0
2019,17203,38700.0
2019,17055,38923.0
2019,17109,30479.0
2019,17111,307714.0
2019,20071,1185.0
2019,20051,28775.0
2019,20107,9671.0
2019,20175,22349.0
2019,20091,591506.0
2019,20121,33417.0
2019,20207,3157.0
2019,20135,2876.0
2019,20011,14608.0
2019,20097,2505.0
2019,20177,177852.0
2019,20019,3323.0
2019,20155,62765.0
2019,20043,7684.0
2019,20081,4018.0
2019,20171,4917.0
2019,20013,9626.0
2019,20147,5340.0
2019,20039,2860.0
2019,21079,17445.0
2019,21037,92861.0
2019,21063,7510.0
2019,21123,14204.0
2019,21167,21592.0
2019,21207,17778.0
2019,21229,12023.0
2019,21009,43884.0
2019,21091,8720.0
2019,21093,108527.0
2019,21149,9283.0
2019,21197,12304.0
2019,21033,12702.0
2019,21019,47682.0
2019,21067,320601.0
2019,21115,22634.0
2019,21175,13288.0
2019,21199,64350.0
2019,21001,19222.0
2019,21025,12977.0
2019,21099,18729.0
2019,21223,8558.0
2019,21105,4510.0
2019,21143,8271.0
2019,21135,13417.0
2019,21239,26318.0
2019,21131,10283.0
2019,21127,15671.0
2019,21145,65268.0
2019,46015,5258.0
2019,46053,4186.0
2019,46099,188674.0
2019,46025,3685.0
2019,46077,4944.0
2019,46027,13957.0
2019,46041,5833.0
2019,46065,17608.0
2019,46111,2379.0
2019,46059,3256.0
2019,46135,22717.0
2019,46005,18346.0
2019,46035,19871.0
2019,46073,2018.0
2019,46117,3017.0
2019,46107,2315.0
2019,46023,9349.0
2019,46091,4891.0
2019,46105,2897.0
2019,21235,36131.0
2019,21071,36456.0
2019,21117,165668.0
2019,21153,12491.0
2019,21205,24507.0
2019,21217,25571.0
2019,21039,4784.0
2019,21065,14224.0
2019,22079,130970.0
2019,22105,132057.0
2019,22123,11041.0
2019,22021,9992.0
2019,22035,7096.0
2019,22039,33589.0
2019,22087,46266.0
2019,22121,26101.0
2019,22081,8565.0
2019,22069,38769.0
2019,22025,9766.0
2019,22041,20238.0
2019,22007,22478.0
2019,22113,59865.0
2019,22029,19778.0
2019,23017,57550.0
2019,23019,151774.0
2019,23001,107602.0
2019,23005,292307.0
2019,23031,204316.0
2019,23025,50520.0
2019,24047,51765.0
2019,24041,37167.0
2019,25001,213496.0
2019,25003,126425.0
2019,25023,515303.0
2019,25021,700437.0
2019,25019,11168.0
2019,26005,116143.0
2019,26003,9151.0
2019,26127,26416.0
2019,26035,30651.0
2019,26073,70688.0
2019,26157,52939.0
2019,26007,28520.0
2019,26111,83355.0
2019,26135,8248.0
2019,26037,78389.0
2019,26057,40916.0
2019,26091,98381.0
2019,26117,63413.0
2019,26147,159247.0
2019,26161,367000.0
2019,26027,51523.0
2019,26143,23851.0
2019,26023,43513.0
2019,26075,158636.0
2019,26099,870325.0
2019,26013,8421.0
2019,26045,109456.0
2019,13293,26236.0
2019,13303,20436.0
2019,13311,29489.0
2019,13225,27145.0
2019,13223,159825.0
2019,13229,19250.0
2019,13231,18327.0
2019,13245,201852.0
2019,13251,13989.0
2019,13267,25382.0
2019,13019,19152.0
2019,17135,28828.0
2019,17195,56016.0
2019,17001,66085.0
2019,17027,37634.0
2019,17037,104366.0
2019,17047,6455.0
2019,17079,9594.0
2019,17081,37985.0
2019,17183,77563.0
2019,17197,689315.0
2019,17199,67102.0
2019,17023,15716.0
2019,17041,19623.0
2019,17049,34137.0
2019,17057,35092.0
2019,17061,13132.0
2019,17065,8176.0
2019,17069,3939.0
2019,17073,49267.0
2019,17087,12494.0
2019,17095,50508.0
2019,17105,36040.0
2019,17171,5005.0
2019,17179,133195.0
2019,17187,17146.0
2019,18061,39940.0
2019,18091,110154.0
2019,18169,31389.0
2019,18073,33447.0
2019,18101,10212.0
2019,18127,168636.0
2019,18137,28391.0
2019,18147,20447.0
2019,18159,15162.0
2019,18167,107459.0
2019,18173,62280.0
2019,18033,42927.0
2019,18087,39193.0
2019,18139,16641.0
2019,18011,65544.0
2019,26053,15061.0
2019,27093,23105.0
2019,27131,66185.0
2019,27125,4015.0
2019,27027,63446.0
2019,27045,20949.0
2019,27119,31521.0
2019,27143,14892.0
2019,27165,10972.0
2019,27011,4996.0
2019,27021,29268.0
2019,27057,21019.0
2019,27091,19852.0
2019,27105,21734.0
2019,27141,94463.0
2019,27019,101949.0
2019,27085,35832.0
2019,27123,544442.0
2019,27169,50725.0
2019,27039,20669.0
2019,27035,64217.0
2019,27171,134438.0
2019,27081,5677.0
2019,27095,25865.0
2019,27017,35633.0
2019,27065,16089.0
2019,01115,87989.0
2019,01043,82853.0
2019,01069,104702.0
2019,01125,207305.0
2019,01031,51662.0
2019,01021,44055.0
2019,01037,10757.0
2019,01055,102748.0
2019,01075,13885.0
2019,01013,19828.0
2019,01127,64110.0
2019,01063,8324.0
2019,01011,10248.0
2019,01017,33660.0
2019,02100,2518.0
2019,02110,32227.0
2019,02290,5377.0
2019,02068,2246.0
2019,02105,2139.0
2019,02275,2502.0
2019,04019,1027207.0
2019,04007,53546.0
2019,04003,125867.0
2019,04001,71511.0
2019,04027,209468.0
2019,04017,109270.0
2019,05021,14889.0
2019,05043,18417.0
2019,05121,17695.0
2019,05009,37331.0
2019,05079,13455.0
2019,05035,48672.0
2019,05045,123624.0
2019,13295,69039.0
2019,13135,915046.0
2019,13013,78991.0
2019,13049,13040.0
2019,13065,6686.0
2019,13015,104919.0
2019,13097,143316.0
2019,13131,24828.0
2019,13141,8515.0
2019,13313,104237.0
2019,13193,13305.0
2019,13285,69919.0
2019,13145,34105.0
2019,13249,5221.0
2019,13321,20494.0
2019,13093,13736.0
2019,13109,10687.0
2019,13307,2610.0
2019,13103,60477.0
2019,13125,2996.0
2019,13239,2289.0
2019,13051,288496.0
2019,13167,9691.0
2019,13173,10380.0
2019,13195,29218.0
2019,13205,22244.0
2019,13277,40541.0
2019,13233,41908.0
2019,13263,6321.0
2019,13273,8737.0
2019,13275,44630.0
2019,13319,9010.0
2019,13221,14931.0
2019,13243,6973.0
2019,13299,35593.0
2019,13305,29788.0
2019,13315,8824.0
2019,13009,45111.0
2019,13031,76120.0
2019,13061,2951.0
2019,13101,3981.0
2019,13089,749323.0
2019,13143,29227.0
2019,13163,15618.0
2019,13181,7856.0
2019,13213,39724.0
2019,13235,11216.0
2019,13241,16645.0
2019,13281,11617.0
2019,13283,6795.0
2019,13155,9320.0
2019,13001,18440.0
2019,39149,48749.0
2019,39171,36816.0
2019,39029,103190.0
2019,39051,42253.0
2019,39053,30088.0
2019,39099,229961.0
2019,39145,76040.0
2019,39117,35043.0
2019,05089,16476.0
2019,05129,7908.0
2019,05007,265759.0
2019,05059,33597.0
2019,05087,16211.0
2019,08033,1857.0
2019,08057,1261.0
2019,08083,26031.0
2019,08013,322510.0
2019,08125,10003.0
2019,08107,25072.0
2019,08019,9495.0
2019,08101,165982.0
2019,08093,17867.0
2019,08077,151218.0
2019,08041,698974.0
2019,08005,644560.0
2019,10003,556165.0
2019,10001,176699.0
2019,09005,182002.0
2019,12099,1465027.0
2019,12086,2699428.0
2019,12037,11811.0
2019,12047,14326.0
2019,12119,125044.0
2019,12059,19432.0
2019,12071,737468.0
2019,12021,371453.0
2019,12101,524602.0
2019,12055,103437.0
2019,12027,36903.0
2019,12023,69968.0
2019,12107,73252.0
2019,12125,15303.0
2019,12075,40403.0
2019,12127,536487.0
2019,12079,18460.0
2019,12033,313491.0
2019,12091,203794.0
2019,13187,32402.0
2019,13201,5787.0
2019,13219,38132.0
2019,13151,225356.0
2019,13183,18692.0
2019,13257,25750.0
2019,13161,15036.0
2019,13037,6365.0
2019,13021,153200.0
2019,13197,8432.0
2019,13023,12807.0
2019,13119,22766.0
2019,13171,18672.0
2019,13107,22533.0
2019,13159,13916.0
2019,13179,61349.0
2019,13253,8321.0
2019,13289,8229.0
2019,13269,8116.0
2019,13279,26972.0
2019,39135,41093.0
2019,39003,103175.0
2019,39033,41821.0
2019,39059,39111.0
2019,39107,40884.0
2019,39023,134726.0
2019,39093,307670.0
2019,39113,531670.0
2019,39165,229132.0
2019,39007,97830.0
2019,40071,44402.0
2019,40035,14390.0
2019,40017,140455.0
2019,40077,10348.0
2019,40139,20805.0
2019,40127,11128.0
2019,40069,11064.0
2019,40007,5377.0
2019,40063,13372.0
2019,40031,121762.0
2019,40001,22220.0
2019,40137,43647.0
2019,40019,48319.0
2019,40055,5861.0
2019,40091,19725.0
2019,40099,13946.0
2019,40115,31454.0
2019,40145,78958.0
2019,40015,29242.0
2019,40101,68736.0
2019,40013,46457.0
2019,41029,216574.0
2019,41023,7189.0
2019,41005,410463.0
2019,41057,26389.0
2019,41033,86251.0
2019,41059,77129.0
2019,41009,51375.0
2019,41065,26130.0
2019,13209,9058.0
2019,13247,89717.0
2019,13309,7928.0
2019,13011,18708.0
2019,13059,126176.0
2019,13127,84470.0
2019,13157,67885.0
2019,13169,28579.0
2019,13215,195739.0
2019,13259,6293.0
2019,13287,7943.0
2019,13003,8239.0
2019,13007,3132.0
2019,13043,10812.0
2019,13045,117183.0
2019,13081,22713.0
2019,13067,751218.0
2019,13083,16197.0
2019,13027,15590.0
2019,13105,19166.0
2019,13165,8793.0
2019,13217,108079.0
2019,13071,45486.0
2019,13063,283538.0
2019,13139,198667.0
2019,15009,165979.0
2019,16071,4385.0
2019,16045,17331.0
2019,16003,4097.0
2019,16053,23730.0
2019,16061,3838.0
2019,16073,11552.0
2019,16021,11845.0
2019,16029,6953.0
2019,16005,85765.0
2019,16019,114392.0
2019,16027,217633.0
2019,16057,39505.0
2019,17167,196861.0
2019,17157,32295.0
2019,17141,51025.0
2019,17137,34247.0
2019,17193,13868.0
2019,17071,6809.0
2019,17113,172578.0
2019,17145,21251.0
2019,17161,143873.0
2019,17185,11546.0
2019,17035,10836.0
2019,17085,21588.0
2019,17101,16033.0
2019,17123,11679.0
2019,17021,32931.0
2019,17077,57977.0
2019,17143,182770.0
2019,17147,16401.0
2019,17175,5447.0
2019,17005,16589.0
2019,17015,14466.0
2019,17083,21937.0
2019,24027,318855.0
2019,24033,908670.0
2019,24003,571275.0
2019,24005,828018.0
2019,24021,251422.0
2019,24009,91511.0
2019,24023,29235.0
2019,24029,19536.0
2019,24031,1043530.0
2019,02050,18134.0
2019,02185,9792.0
2019,02220,8640.0
2019,02090,99072.0
2019,02130,13800.0
2019,02170,105369.0
2019,02180,9988.0
2019,02070,4961.0
2019,02282,649.0
2019,02164,1393.0
2019,02240,6878.0
2019,02020,293531.0
2019,02013,3385.0
2019,02261,9243.0
2019,02122,58464.0
2019,02230,1107.0
2019,02198,6407.0
2019,02195,3257.0
2019,02158,8250.0
2019,04013,4328810.0
2019,04009,37996.0
2019,04023,46480.0
2019,04012,20793.0
2019,04015,207695.0
2019,04005,141274.0
2019,04025,228067.0
2019,04011,9522.0
2019,04021,432793.0
2019,05099,8351.0
2019,05037,16824.0
2019,05039,7279.0
2019,05027,23776.0
2019,05125,119415.0
2019,05141,16642.0
2019,05065,13570.0
2019,05063,37427.0
2019,05083,21668.0
2019,05053,18126.0
2019,05047,17738.0
2019,05109,10756.0
2019,05069,69282.0
2019,05097,8950.0
2019,05127,10376.0
2019,05131,127591.0
2019,05033,62739.0
2019,05017,10615.0
2019,05071,26372.0
2019,05077,9194.0
2019,19125,33172.0
2019,19183,22100.0
2019,19197,12739.0
2019,19029,13091.0
2019,19035,11343.0
2019,19047,17034.0
2019,19057,39386.0
2019,19065,19803.0
2019,19085,14089.0
2019,19109,14978.0
2019,19129,15034.0
2019,19133,8730.0
2019,19139,42889.0
2019,19143,6052.0
2019,19153,479612.0
2019,19187,36545.0
2019,19169,96941.0
2019,19193,102586.0
2019,19013,132393.0
2019,19075,12299.0
2019,19105,20559.0
2019,19131,10608.0
2019,19137,10053.0
2019,19161,9802.0
2019,19149,25068.0
2019,19019,21118.0
2019,19045,46909.0
2019,19053,7979.0
2019,19101,18148.0
2019,19005,13813.0
2019,19113,223861.0
2019,19049,87099.0
2019,19141,13835.0
2019,20187,2052.0
2019,20119,4180.0
2019,20125,32521.0
2019,20151,9452.0
2019,20153,2502.0
2019,20003,7835.0
2019,20053,6231.0
2019,20061,34025.0
2019,20057,34179.0
2019,20167,6948.0
2019,20117,9749.0
2019,20001,12556.0
2019,20023,2665.0
2019,20035,35351.0
2019,20049,2523.0
2019,20059,25558.0
2019,20083,1876.0
2019,20089,2885.0
2019,20159,9658.0
2019,20185,4181.0
2019,20139,15881.0
2019,20031,8254.0
2019,20037,38968.0
2019,20073,6081.0
2019,24013,167699.0
2019,24035,49632.0
2019,24037,112290.0
2019,24017,159428.0
2019,24019,32138.0
2019,24043,150109.0
2019,24045,102539.0
2019,24015,102552.0
2019,24011,33049.0
2019,25025,796605.0
2019,25007,17312.0
2019,25017,1600842.0
2019,25005,561037.0
2019,25013,467871.0
2019,25009,783676.0
2019,25011,70577.0
2019,25027,824772.0
2019,25015,161032.0
2019,26033,37629.0
2019,26115,149727.0
2019,26125,1253185.0
2019,26059,45757.0
2019,26121,173297.0
2019,26089,21652.0
2019,26087,88038.0
2019,26151,41295.0
2019,26083,2111.0
2019,26131,5877.0
2019,26139,286558.0
2019,26001,10353.0
2019,26067,64300.0
2019,26079,17585.0
2019,26021,154133.0
2019,26129,20898.0
2019,26165,33256.0
2019,26039,13892.0
2019,26043,25439.0
2019,26063,31349.0
2019,26065,290587.0
2019,26105,28954.0
2019,26109,23074.0
2019,26113,15028.0
2019,26149,60836.0
2019,26159,75358.0
2019,26011,15070.0
2019,26015,60540.0
2019,26071,11152.0
2019,26019,17615.0
2019,26153,8048.0
2019,26163,1757299.0
2019,26055,92181.0
2019,26097,10780.0
2019,26049,407875.0
2019,20099,20119.0
2019,20173,513375.0
2019,20157,4658.0
2019,20065,2519.0
2019,20045,120290.0
2019,20179,2506.0
2019,20069,6039.0
2019,46121,10195.0
2019,46102,14335.0
2019,53039,21721.0
2019,53027,72779.0
2019,53069,4268.0
2019,53025,95502.0
2019,53061,798808.0
2019,54089,12848.0
2019,54025,35155.0
2019,54057,27167.0
2019,54041,16166.0
2019,54075,8450.0
2019,54083,28930.0
2019,54105,5798.0
2019,54015,8709.0
2019,54061,105474.0
2019,54103,15436.0
2019,54039,183279.0
2019,54077,33683.0
2019,54085,9844.0
2019,54043,20850.0
2019,54007,14190.0
2019,54005,22368.0
2019,54109,21281.0
2019,55033,44759.0
2019,55043,51733.0
2019,55117,115178.0
2019,55078,4558.0
2019,55011,13126.0
2019,55063,117894.0
2019,55073,135396.0
2019,55121,29499.0
2019,55027,87715.0
2019,55125,21751.0
2019,55071,79185.0
2019,55013,15289.0
2019,55029,27472.0
2019,55039,102597.0
2019,55091,7265.0
2019,55103,17459.0
2019,55137,24193.0
2019,55065,16715.0
2019,55093,41977.0
2019,55015,49928.0
2019,55059,168524.0
2019,56019,8487.0
2019,20199,1574.0
2019,20017,2637.0
2019,20189,5603.0
2019,20183,3627.0
2019,20067,7467.0
2019,26009,23206.0
2019,26061,36070.0
2019,26093,189754.0
2019,26069,25197.0
2019,26085,11852.0
2019,26101,24457.0
2019,20085,13266.0
2019,20095,7340.0
2019,20109,2805.0
2019,20131,10121.0
2019,20149,23847.0
2019,20209,164861.0
2019,20021,20179.0
2019,20015,66698.0
2019,20027,8082.0
2019,20105,3044.0
2019,20169,54701.0
2019,20191,23114.0
2019,20195,2840.0
2019,20197,6889.0
2019,20205,8688.0
2019,20123,6145.0
2019,20141,3530.0
2019,20005,16268.0
2019,20055,36750.0
2019,20075,2591.0
2019,20103,80745.0
2019,20201,5493.0
2019,20203,2130.0
2019,20129,2754.0
2019,20137,5446.0
2019,20009,26453.0
2019,20029,8938.0
2019,20047,2869.0
2019,20101,1564.0
2019,20165,3022.0
2019,20115,11964.0
2019,20133,16108.0
2019,20143,5822.0
2019,20161,75056.0
2019,20007,4624.0
2019,20041,18828.0
2019,20087,18890.0
2019,21089,35555.0
2019,21069,14513.0
2019,21043,27159.0
2019,21081,24951.0
2019,21111,767419.0
2019,21141,26902.0
2019,21161,17112.0
2019,21191,14572.0
2019,21201,2123.0
2019,21215,18680.0
2019,21011,12355.0
2019,21007,8032.0
2019,21021,29972.0
2019,21087,10979.0
2019,21095,26699.0
2019,21159,11648.0
2019,21137,24476.0
2019,21171,10627.0
2019,21183,24071.0
2019,21225,14638.0
2019,21233,13068.0
2019,48249,40972.0
2019,48111,7304.0
2019,26119,9265.0
2019,26141,12714.0
2019,26051,25279.0
2019,26077,262745.0
2019,26107,43251.0
2019,26103,66686.0
2019,26123,48366.0
2019,26133,23290.0
2019,26137,24490.0
2019,26025,134212.0
2019,26031,25418.0
2019,26095,6338.0
2019,26081,648121.0
2019,26145,191821.0
2019,26155,68340.0
2019,26017,104104.0
2019,26029,26188.0
2019,26041,36026.0
2019,26047,33104.0
2019,27071,12515.0
2019,27097,33064.0
2019,27113,14183.0
2019,27147,36683.0
2019,27167,6291.0
2019,27001,15834.0
2019,27043,13801.0
2019,27101,8296.0
2019,27067,42841.0
2019,27075,10560.0
2019,27133,9402.0
2019,27135,15361.0
2019,27155,3311.0
2019,27005,34011.0
2019,27053,1245837.0
2019,27015,25163.0
2019,27023,11953.0
2019,27029,8821.0
2019,27049,46246.0
2019,27059,39430.0
2019,27063,9954.0
2019,27099,39807.0
2019,27115,29223.0
2019,27109,154809.0
2019,27159,13654.0
2019,27009,40129.0
2019,27047,30463.0
2019,27061,45141.0
2019,27121,11048.0
2019,27149,9789.0
2019,27151,9359.0
2019,27033,11299.0
2019,27139,145275.0
2019,27157,21537.0
2019,27117,9191.0
2019,27107,6520.0
2019,27103,33954.0
2019,48157,765394.0
2019,48235,1620.0
2019,48489,21588.0
2019,48115,12813.0
2019,48051,18058.0
2019,48355,361540.0
2019,48379,11766.0
2019,48385,3408.0
2019,48431,1231.0
2019,48065,6009.0
2019,48161,19714.0
2019,48197,3945.0
2019,48045,1457.0
2019,48291,83702.0
2019,48301,98.0
2019,48395,16990.0
2019,48401,53755.0
2019,48455,14620.0
2019,48019,22215.0
2019,48075,7253.0
2019,48091,141642.0
2019,48225,22954.0
2019,48349,48995.0
2019,48415,17096.0
2019,48433,1476.0
2019,48021,84522.0
2019,48025,32611.0
2019,48103,4802.0
2019,50021,58892.0
2019,50017,28908.0
2019,50027,55275.0
2019,49049,605490.0
2019,49013,20148.0
2019,49047,36084.0
2019,49011,345767.0
2019,49015,10117.0
2019,49017,4998.0
2019,51093,36627.0
2019,51620,8147.0
2019,51678,7241.0
2019,51089,51308.0
2019,51101,16688.0
2019,51109,36040.0
2019,51147,22905.0
2019,51165,80284.0
2019,21035,38837.0
2019,21045,15885.0
2019,21047,71414.0
2019,21059,100474.0
2019,21085,26247.0
2019,21101,45829.0
2019,21103,15911.0
2019,21107,45331.0
2019,21109,13369.0
2019,21125,60357.0
2019,21157,31192.0
2019,21163,28182.0
2019,21173,27884.0
2019,21181,7153.0
2019,21185,65967.0
2019,27041,37513.0
2019,27051,5935.0
2019,27069,4311.0
2019,27079,28242.0
2019,21187,10796.0
2019,21203,16820.0
2019,21209,54667.0
2019,21227,128652.0
2019,21003,20944.0
2019,21017,20058.0
2019,21029,80171.0
2019,21055,9000.0
2019,21075,6130.0
2019,21119,15260.0
2019,21165,6443.0
2019,21177,30951.0
2019,21193,26624.0
2019,21237,7207.0
2019,21051,20368.0
2019,21013,26791.0
2019,21057,6697.0
2019,21083,37248.0
2019,21129,6881.0
2019,21031,12764.0
2019,21061,12138.0
2019,21097,18722.0
2019,21023,8305.0
2019,21179,45650.0
2019,21231,20546.0
2019,21155,19244.0
2019,21221,14449.0
2019,21015,130820.0
2019,21113,53032.0
2019,21121,31365.0
2019,21133,22295.0
2019,21139,9235.0
2019,21195,59497.0
2019,21211,47325.0
2019,21005,22409.0
2019,21027,20176.0
2019,21073,50529.0
2019,21147,17465.0
2019,21151,90802.0
2019,21169,10036.0
2019,21189,4442.0
2019,21213,18183.0
2019,21049,35971.0
2019,21219,12316.0
2019,21041,10671.0
2019,21053,10193.0
2019,21077,8737.0
2019,22083,20350.0
2019,27087,5501.0
2019,27025,55315.0
2019,27127,15261.0
2019,27173,9814.0
2019,27153,24494.0
2019,27007,46403.0
2019,27013,66795.0
2019,27055,18648.0
2019,27073,6719.0
2019,27077,3771.0
2019,27111,58195.0
2019,27161,18740.0
2019,27137,199759.0
2019,27003,350253.0
2019,27145,158452.0
2019,27037,421453.0
2019,27083,25758.0
2019,27089,9372.0
2019,27129,14652.0
2019,27163,255938.0
2019,27031,5376.0
2019,29103,3947.0
2019,29139,11487.0
2019,29207,29377.0
2019,29007,25644.0
2019,29077,289756.0
2019,29185,9370.0
2019,29197,4555.0
2019,29029,45466.0
2019,29099,223951.0
2019,29143,17560.0
2019,29173,10234.0
2019,30017,11729.0
2019,30075,1607.0
2019,30085,11175.0
2019,30051,2351.0
2019,30083,11199.0
2019,30101,4892.0
2019,30019,1730.0
2019,30045,1954.0
2019,30023,9106.0
2019,30055,1790.0
2019,30087,9152.0
2019,30021,9017.0
2019,30007,5945.0
2019,30071,4077.0
2019,31009,477.0
2019,31049,1831.0
2019,31113,927.0
2019,31169,5057.0
2019,31001,31587.0
2019,31011,5279.0
2019,22099,53732.0
2019,22115,49646.0
2019,22127,14313.0
2019,22033,443763.0
2019,22085,23991.0
2019,22003,25618.0
2019,22065,11306.0
2019,22053,31441.0
2019,22093,21308.0
2019,22043,22340.0
2019,22125,15428.0
2019,22051,434850.0
2019,01099,21270.0
2019,01079,33058.0
2019,01081,161152.0
2019,01093,29866.0
2019,01107,20243.0
2019,01119,12797.0
2019,01073,659680.0
2019,01023,12925.0
2019,01059,31466.0
2019,01091,19321.0
2019,01113,57952.0
2019,01019,25903.0
2019,01039,37200.0
2019,01041,13844.0
2019,01047,39149.0
2019,01077,92556.0
2019,01085,10079.0
2019,01087,18708.0
2019,01083,94727.0
2019,01117,213432.0
2019,01133,23784.0
2019,01003,212830.0
2019,01051,81144.0
2019,01071,51852.0
2019,01121,80387.0
2019,01129,16541.0
2019,01027,13337.0
2019,01103,119213.0
2019,01109,33333.0
2019,01033,54771.0
2019,01045,49277.0
2019,01065,14809.0
2019,01049,71310.0
2019,01053,37057.0
2019,01111,22647.0
2019,01097,414114.0
2019,01105,9293.0
2019,01029,14916.0
2019,01035,12394.0
2019,01005,25361.0
2019,01007,22493.0
2019,01015,114618.0
2019,01025,24128.0
2019,01057,16494.0
2019,31149,1414.0
2019,31163,3033.0
2019,22011,37043.0
2019,22013,13564.0
2019,22015,126499.0
2019,22023,6930.0
2019,22037,19371.0
2019,22095,43242.0
2019,22075,23338.0
2019,22073,155494.0
2019,22117,46435.0
2019,22097,83172.0
2019,22001,62457.0
2019,22101,50968.0
2019,22103,255155.0
2019,22111,22353.0
2019,22017,245831.0
2019,22005,123114.0
2019,22055,241973.0
2019,22045,71887.0
2019,22061,47246.0
2019,22091,10297.0
2019,22119,39242.0
2019,22031,27289.0
2019,22047,32822.0
2019,22063,138928.0
2019,22067,25610.0
2019,22071,390845.0
2019,22109,112054.0
2019,22019,201619.0
2019,22027,15985.0
2019,22009,40669.0
2019,22049,15879.0
2019,22077,22016.0
2019,22089,52773.0
2019,22057,98108.0
2019,22107,4561.0
2019,22059,14936.0
2019,23015,34201.0
2019,23027,39539.0
2019,23021,16836.0
2019,23003,67809.0
2019,23029,31491.0
2019,23013,39759.0
2019,23023,35452.0
2019,23011,121753.0
2019,23007,29982.0
2019,23009,54601.0
2019,24510,609032.0
2019,24039,25729.0
2019,24025,252222.0
2019,24001,71445.0
2019,31093,6417.0
2019,31073,2013.0
2019,31153,181232.0
2019,31015,1937.0
2019,31059,5547.0
2019,31091,693.0
2019,31159,17171.0
2019,31181,3537.0
2019,31023,8029.0
2019,31005,427.0
2019,31067,21594.0
2019,31099,6529.0
2019,31119,35080.0
2019,31137,9100.0
2019,31179,9332.0
2019,31107,8426.0
2019,31121,7798.0
2019,31133,2649.0
2019,31183,783.0
2019,32015,5643.0
2019,32009,969.0
2019,32021,4460.0
2019,32017,5180.0
2019,32031,456936.0
2019,32510,54773.0
2019,33013,149917.0
2019,33001,60887.0
2019,33017,129124.0
2019,34025,621659.0
2019,34037,141483.0
2019,34013,795404.0
2019,34015,291165.0
2019,34031,503637.0
2019,34003,930390.0
2019,34041,105862.0
2019,34005,445702.0
2019,35029,24083.0
2019,35055,32786.0
2019,35007,12168.0
2019,35021,441.0
2019,35037,8326.0
2019,28103,10700.0
2019,28137,28404.0
2019,28107,34190.0
2019,28161,12367.0
2019,19189,10534.0
2019,19165,11606.0
2019,19007,12452.0
2019,19095,16189.0
2019,19145,15268.0
2019,19191,20262.0
2019,19155,93393.0
2019,19127,39964.0
2019,19015,26370.0
2019,19021,20058.0
2019,19089,9226.0
2019,19077,10669.0
2019,19091,9554.0
2019,19121,16012.0
2019,72061,86937.0
2019,72053,31111.0
2019,72007,25748.0
2019,72065,39950.0
2019,72133,21757.0
2019,72097,75232.0
2019,72119,49613.0
2019,72011,26934.0
2019,72033,24271.0
2019,72055,16293.0
2019,72087,25778.0
2019,72085,37499.0
2019,72145,52192.0
2019,05073,6800.0
2019,05107,18606.0
2019,05149,21464.0
2019,05011,10874.0
2019,05113,20094.0
2019,05103,23830.0
2019,05081,12347.0
2019,05091,43572.0
2019,05145,78762.0
2019,06033,64195.0
2019,06115,76360.0
2019,06035,30818.0
2019,06097,499772.0
2019,06025,180701.0
2019,06001,1656754.0
2019,06055,139623.0
2019,06091,3040.0
2019,06113,217352.0
2019,06057,99244.0
2019,06045,87224.0
2019,06037,10081570.0
2019,06085,1927470.0
2019,06093,43468.0
2019,06015,27495.0
2019,08015,19557.0
2019,08045,59055.0
2019,08059,574798.0
2019,08103,6384.0
2019,08021,8128.0
2019,08001,504108.0
2019,08037,54681.0
2019,08081,13127.0
2019,08017,2026.0
2019,01101,226941.0
2019,01095,95643.0
2019,01009,57681.0
2019,01067,17133.0
2019,01089,362276.0
2019,01001,55380.0
2019,01123,40541.0
2019,01061,26417.0
2019,01131,10681.0
2019,02016,5698.0
2019,02060,875.0
2019,02150,13451.0
2019,02188,7715.0
2019,47107,53053.0
2019,47117,32965.0
2019,47143,32719.0
2019,47151,21969.0
2019,47001,76061.0
2019,47049,18213.0
2019,47053,49228.0
2019,47069,25443.0
2019,47105,52340.0
2019,47149,315815.0
2019,47159,19740.0
2019,47189,136666.0
2019,47171,17811.0
2019,35027,19461.0
2019,35005,65144.0
2019,35025,70277.0
2019,35049,149293.0
2019,35059,4133.0
2019,35051,11031.0
2019,35053,16858.0
2019,35041,18888.0
2019,35013,216069.0
2019,35028,18625.0
2019,35039,39159.0
2019,35047,27738.0
2019,35061,76027.0
2019,35057,15519.0
2019,35001,677858.0
2019,35035,66137.0
2019,35006,26891.0
2019,35011,2040.0
2019,35019,4353.0
2019,35003,3526.0
2019,36005,1435068.0
2019,36067,462872.0
2019,36019,80583.0
2019,36099,34390.0
2019,36079,98787.0
2019,36043,62057.0
2019,36069,109511.0
2019,36101,96422.0
2019,36041,4515.0
2019,36013,128496.0
2019,36047,2589974.0
2019,36107,48686.0
2019,36073,40904.0
2019,36091,228502.0
2019,36021,60371.0
2019,36049,26572.0
2019,36119,968890.0
2019,36025,44995.0
2019,36057,49302.0
2019,36085,474893.0
2019,36089,108913.0
2019,36109,102642.0
2019,36113,64276.0
2019,36023,47865.0
2019,36027,293754.0
2019,56031,8582.0
2019,56033,30140.0
2019,56003,11882.0
2019,56011,7472.0
2019,56029,29148.0
2019,56001,38390.0
2019,56007,15247.0
2019,56015,13342.0
2019,56041,20479.0
2019,56043,8027.0
2019,56017,4607.0
2019,56013,39812.0
2019,56035,9880.0
2019,56045,7049.0
2019,72009,22988.0
2019,72077,38780.0
2019,72079,22835.0
2019,72001,17891.0
2019,72027,31598.0
2019,72103,26075.0
2019,72105,28112.0
2019,72013,85390.0
2019,72015,17805.0
2019,72115,23629.0
2019,72057,40889.0
2019,72049,1311.0
2019,72063,46910.0
2019,72017,24079.0
2019,72153,35428.0
2019,72005,52803.0
2019,72023,48487.0
2019,72109,16929.0
2019,72149,22403.0
2019,72031,153779.0
2019,72035,43785.0
2019,72069,52507.0
2019,72101,30962.0
2019,72139,66338.0
2019,72091,38836.0
2019,72111,20383.0
2019,72117,14056.0
2019,72125,31442.0
2019,72131,37120.0
2019,36055,743341.0
2019,36065,229959.0
2019,36111,178665.0
2019,36015,84895.0
2019,36051,63591.0
2019,36077,59972.0
2019,36039,47424.0
2019,36001,306968.0
2019,36003,46688.0
2019,36009,77121.0
2019,36053,71205.0
2019,36093,154859.0
2019,36037,57808.0
2019,36123,25011.0
2019,37079,21033.0
2019,37121,15004.0
2019,37041,14097.0
2019,37005,11008.0
2019,37027,81884.0
2019,37035,157613.0
2019,37045,97282.0
2019,37049,102491.0
2019,37065,52648.0
2019,37077,59328.0
2019,37085,132283.0
2019,37093,53957.0
2019,37089,114913.0
2019,37095,5213.0
2019,37097,175538.0
2019,37119,1074475.0
2019,37131,19946.0
2019,37147,178433.0
2019,37159,140296.0
2019,37181,44479.0
2019,37039,27969.0
2019,37053,26363.0
2019,37179,231053.0
2019,37193,68469.0
2019,37127,94030.0
2019,37003,37213.0
2019,37055,36222.0
2019,37185,19898.0
2019,37195,81435.0
2019,37073,11548.0
2019,37075,8509.0
2019,37115,21499.0
2019,37137,12701.0
2019,37149,20557.0
2019,37151,143118.0
2019,37169,45781.0
2019,37187,11922.0
2019,37043,10946.0
2019,37051,332861.0
2019,37081,527868.0
2019,37099,42938.0
2019,37139,39514.0
2019,37155,132596.0
2019,37173,14260.0
2019,37183,1069079.0
2019,37007,24902.0
2019,37111,45227.0
2019,37069,66362.0
2019,37103,9594.0
2019,37113,34813.0
2019,37019,131815.0
2019,37175,33775.0
2019,37013,47168.0
2019,37047,56068.0
2019,37109,82919.0
2019,37123,27252.0
2019,37135,144836.0
2019,37153,44997.0
2019,37163,63385.0
2019,37171,71971.0
2019,37011,17506.0
2019,37021,256886.0
2019,37025,206615.0
2019,37033,22684.0
2019,37059,42257.0
2019,37057,165381.0
2019,37061,58967.0
2019,37063,311848.0
2019,37091,24012.0
2019,37105,60481.0
2019,37129,227938.0
2019,37141,60399.0
2019,37191,123603.0
2019,37165,35076.0
2019,37189,54925.0
2019,37083,51190.0
2019,37001,163324.0
2019,37177,4095.0
2019,38089,31081.0
2019,38103,3976.0
2019,38013,2182.0
2019,38061,10321.0
2019,38105,35208.0
2019,38007,922.0
2019,38043,2466.0
2019,38019,3803.0
2019,38037,2353.0
2019,38049,5878.0
2019,38091,1744.0
2019,38005,6873.0
2019,38045,4125.0
2019,38059,30868.0
2019,38025,4395.0
2019,38051,2597.0
2019,38063,2894.0
2019,38079,14511.0
2019,38099,10751.0
2019,38009,6502.0
2019,38003,10706.0
2019,38035,70224.0
2019,38053,13334.0
2019,38055,9584.0
2019,38069,4126.0
2019,38075,2442.0
2019,38011,3148.0
2019,38015,94793.0
2019,38047,1872.0
2019,38065,1842.0
2019,38093,20965.0
2019,38071,11583.0
2019,38031,3260.0
2019,38039,2409.0
2019,38083,1409.0
2019,38087,742.0
2019,39159,56707.0
2019,39131,28000.0
2019,39125,18809.0
2019,39061,813589.0
2019,39049,1290360.0
2019,39101,65299.0
2019,39157,92335.0
2019,39169,116099.0
2019,39015,43572.0
2019,39017,380019.0
2019,39067,15211.0
2019,39083,61481.0
2019,39089,173750.0
2019,39139,121100.0
2019,39163,13083.0
2019,39019,27332.0
2019,39063,75837.0
2019,39025,204275.0
2019,39045,154457.0
2019,39039,38160.0
2019,39071,43016.0
2019,39069,27208.0
2019,39081,66371.0
2019,39133,162511.0
2019,39137,33911.0
2019,39013,68024.0
2019,39027,41957.0
2019,39047,28620.0
2019,39127,36022.0
2019,39129,57762.0
2019,39097,44135.0
2019,39119,86131.0
2019,39143,59029.0
2019,39161,28261.0
2019,39167,60426.0
2019,39011,45729.0
2019,39037,51513.0
2019,39123,40632.0
2019,39065,31425.0
2019,39079,32450.0
2019,39077,58339.0
2019,39009,65917.0
2019,39001,27776.0
2019,39103,177980.0
2019,39095,431102.0
2019,39121,14416.0
2019,72021,178192.0
2019,72029,45588.0
2019,72045,19224.0
2019,72075,46152.0
2019,72083,8370.0
2019,72047,33500.0
2019,72095,10776.0
2019,72113,139671.0
2019,72135,72864.0
2019,72137,77810.0
2019,72147,8642.0
2019,72151,33499.0
2019,72003,37954.0
2019,72025,128937.0
2019,72041,39607.0
2019,72043,38906.0
2019,72051,36803.0
2019,72089,18224.0
2019,72019,28393.0
2019,72107,20982.0
2019,72129,37209.0
2019,72037,11515.0
2019,72039,16513.0
2019,72071,41707.0
2019,72073,14539.0
2019,72081,25696.0
2019,72127,335468.0
2019,72143,37106.0
2019,72093,6075.0
2019,39147,55351.0
2019,39151,372404.0
2019,39031,36585.0
2019,39041,201135.0
2019,39055,93843.0
2019,39073,28390.0
2019,39085,229954.0
2019,39141,76948.0
2019,39035,1247451.0
2019,39075,43901.0
2019,39109,105371.0
2019,39111,13942.0
2019,39155,200367.0
2019,39173,130150.0
2019,39005,53536.0
2019,40043,4922.0
2019,40059,3760.0
2019,40083,46683.0
2019,40143,646419.0
2019,40147,51886.0
2019,40057,2710.0
2019,40061,12687.0
2019,40111,38749.0
2019,40113,47226.0
2019,40067,6158.0
2019,40047,61898.0
2019,40049,27835.0
2019,40121,44146.0
2019,40123,38355.0
2019,40129,3667.0
2019,40153,20727.0
2019,40021,48664.0
2019,40041,42433.0
2019,40045,4015.0
2019,40051,55071.0
2019,40119,81815.0
2019,40125,72154.0
2019,40037,71427.0
2019,40141,7413.0
2019,40149,11225.0
2019,40033,5858.0
2019,40075,8886.0
2019,40079,50026.0
2019,40089,33016.0
2019,40093,7692.0
2019,40097,41044.0
2019,40109,787216.0
2019,40039,29152.0
2019,40085,10063.0
2019,40009,22268.0
2019,40023,14807.0
2019,40065,25063.0
2019,40081,34895.0
2019,40117,16412.0
2019,40133,24832.0
2019,40025,2174.0
2019,40011,9556.0
2019,40029,5581.0
2019,40053,4397.0
2019,40073,15694.0
2019,40087,39247.0
2019,40095,16505.0
2019,40103,11335.0
2019,40105,10322.0
2019,40131,91353.0
2019,40135,41709.0
2019,40003,5847.0
2019,40151,9043.0
2019,40027,279274.0
2019,40107,12067.0
2019,40005,13823.0
2019,41061,26337.0
2019,41047,339641.0
2019,41019,109114.0
2019,41031,23607.0
2019,41053,83037.0
2019,41017,186251.0
2019,41043,125048.0
2019,41071,104831.0
2019,41001,16019.0
2019,41035,66921.0
2019,41041,48547.0
2019,41003,91107.0
2019,41013,23011.0
2019,41055,1642.0
2019,41025,7267.0
2019,41045,30412.0
2019,41063,7004.0
2019,41069,1415.0
2019,41049,11303.0
2019,41011,63686.0
2019,41015,22650.0
2019,41021,1878.0
2019,41027,23209.0
2019,41037,7837.0
2019,41051,804606.0
2019,42103,55453.0
2019,42109,40483.0
2019,42115,40970.0
2019,42039,85665.0
2019,42049,273835.0
2019,42057,14506.0
2019,42067,24624.0
2019,42107,142674.0
2019,42131,27327.0
2019,42001,102470.0
2019,42005,65867.0
2019,42035,38915.0
2019,42025,63887.0
2019,42027,161960.0
2019,42097,91761.0
2019,42095,302809.0
2019,42121,51818.0
2019,42007,165833.0
2019,42069,210652.0
2019,42083,41401.0
2019,42051,131302.0
2019,42091,823823.0
2019,42033,79908.0
2019,42075,139729.0
2019,42081,114330.0
2019,42093,18259.0
2019,42123,39756.0
2019,42019,186899.0
2019,42047,30340.0
2019,42071,540999.0
2019,42085,111518.0
2019,42105,16806.0
2019,42117,40944.0
2019,44005,82801.0
2019,44007,635737.0
2019,44001,48764.0
2019,45003,168301.0
2019,45005,9024.0
2019,45037,26927.0
2019,45023,32311.0
2019,45029,37585.0
2019,45067,31308.0
2019,45063,290278.0
2019,45073,77528.0
2019,45015,215044.0
2019,45019,401165.0
2019,45043,61952.0
2019,45069,26753.0
2019,45007,198064.0
2019,45025,45953.0
2019,45047,70411.0
2019,45051,332172.0
2019,45055,65112.0
2019,45075,87687.0
2019,45083,307617.0
2019,45009,14376.0
2019,45013,186095.0
2019,45017,14663.0
2019,45033,30689.0
2019,45081,20303.0
2019,45079,411357.0
2019,45039,22565.0
2019,45049,19564.0
2019,45045,507003.0
2019,45057,92308.0
2019,45035,158299.0
2019,45041,138475.0
2019,45059,66846.0
2019,45065,9531.0
2019,45077,124029.0
2019,45087,27490.0
2019,45089,31324.0
2019,46003,2763.0
2019,46051,7149.0
2019,46123,5458.0
2019,46137,2791.0
2019,46115,6483.0
2019,46009,6929.0
2019,46011,34601.0
2019,46047,6747.0
2019,46057,6025.0
2019,46071,3290.0
2019,46033,8719.0
2019,46069,1319.0
2019,46049,2312.0
2019,46067,7308.0
2019,46129,5457.0
2019,46017,2026.0
2019,46037,5486.0
2019,46043,2929.0
2019,46063,1306.0
2019,46089,2297.0
2019,46109,10287.0
2019,46119,1305.0
2019,46083,56826.0
2019,46079,12717.0
2019,46081,25478.0
2019,46029,28026.0
2019,46019,10225.0
2019,46031,4150.0
2019,46045,3909.0
2019,46021,1485.0
2019,46007,3425.0
2019,46055,2018.0
2019,46075,793.0
2019,46093,27717.0
2019,46125,8300.0
2019,46013,38915.0
2019,46061,3399.0
2019,46087,5548.0
2019,46095,2052.0
2019,46101,6507.0
2019,46103,110685.0
2019,46127,15368.0
2019,46097,2211.0
2019,53003,22421.0
2019,53001,19594.0
2019,53023,2230.0
2019,53045,63804.0
2019,53057,125612.0
2019,53065,44655.0
2019,53063,505505.0
2019,53043,10574.0
2019,53007,76229.0
2019,53031,31285.0
2019,53035,265882.0
2019,53033,2195502.0
2019,53049,21688.0
2019,53051,13377.0
2019,53055,16788.0
2019,53059,11753.0
2019,53075,49231.0
2019,53077,249697.0
2019,53009,75392.0
2019,53015,106778.0
2019,53019,7578.0
2019,53041,78145.0
2019,53017,42023.0
2019,53029,82866.0
2019,53053,877013.0
2019,53021,92009.0
2019,53071,60365.0
2019,53073,220821.0
2019,54023,11616.0
2019,54027,23309.0
2019,54009,22459.0
2019,54017,8560.0
2019,54031,13805.0
2019,54049,56355.0
2019,54059,24290.0
2019,54029,29383.0
2019,54051,31308.0
2019,54067,25078.0
2019,54093,6982.0
2019,54095,8811.0
2019,54087,14020.0
2019,54091,16864.0
2019,54107,84960.0
2019,54021,8041.0
2019,54053,26820.0
2019,54063,13401.0
2019,54073,7482.0
2019,54011,94339.0
2019,54037,56506.0
2019,54045,33154.0
2019,54071,7001.0
2019,54033,67908.0
2019,54069,42143.0
2019,54013,7295.0
2019,54065,17709.0
2019,54081,75252.0
2019,54079,56610.0
2019,54001,16633.0
2019,54047,18661.0
2019,54099,40303.0
2019,54035,28907.0
2019,54055,59919.0
2019,54097,24502.0
2019,54101,8386.0
2019,54003,115329.0
2019,54019,43576.0
2019,55051,5687.0
2019,55019,34579.0
2019,55109,88732.0
2019,55083,37646.0
2019,55069,27744.0
2019,55135,51245.0
2019,55005,45229.0
2019,55113,16399.0
2019,55047,18755.0
2019,55099,13416.0
2019,55077,15304.0
2019,55075,40391.0
2019,55079,951226.0
2019,29205,6013.0
2019,29225,38655.0
2019,29005,5229.0
2019,29013,16296.0
2019,29015,19107.0
2019,29035,6147.0
2019,29057,7578.0
2019,55101,195602.0
2019,55139,170411.0
2019,55041,8995.0
2019,55045,36896.0
2019,55107,14132.0
2019,55115,40904.0
2019,55067,19146.0
2019,55087,185700.0
2019,55123,30633.0
2019,55021,57133.0
2019,55061,20387.0
2019,55009,261368.0
2019,55035,103514.0
2019,55085,35381.0
2019,55095,43438.0
2019,55129,15688.0
2019,55133,400475.0
2019,55127,103074.0
2019,55023,16235.0
2019,55057,26478.0
2019,55111,63922.0
2019,55131,134925.0
2019,55017,63892.0
2019,55025,536078.0
2019,55031,43295.0
2019,55053,20522.0
2019,55049,23618.0
2019,55089,88597.0
2019,55097,70632.0
2019,55105,162152.0
2019,55119,20325.0
2019,55001,20094.0
2019,55007,14993.0
2019,55081,45771.0
2019,55141,73112.0
2019,55003,15617.0
2019,55037,4314.0
2019,55055,84701.0
2019,56005,47409.0
2019,56023,19274.0
2019,56025,80333.0
2019,56009,13921.0
2019,56027,2422.0
2019,56037,43521.0
2019,47177,40702.0
2019,47179,127805.0
2019,47183,33510.0
2019,47005,16140.0
2019,47007,14836.0
2019,47013,39797.0
2019,47015,14178.0
2019,47083,8164.0
2019,47119,91976.0
2019,48373,48913.0
2019,48391,7145.0
2019,48467,55103.0
2019,48055,42144.0
2019,48487,12833.0
2019,48317,5649.0
2019,29115,12113.0
2019,29091,40104.0
2019,29101,53682.0
2019,29105,35531.0
2019,29125,8803.0
2019,29161,44630.0
2019,29165,100682.0
2019,29187,66643.0
2019,29510,308174.0
2019,29003,17503.0
2019,29023,42656.0
2019,29033,8781.0
2019,29061,8295.0
2019,29087,4432.0
2019,29127,28608.0
2019,29151,13615.0
2019,29181,13567.0
2019,29219,34453.0
2019,29221,24860.0
2019,29043,85658.0
2019,29063,12526.0
2019,29081,8491.0
2019,29107,32597.0
2019,29001,25369.0
2019,29199,4902.0
2019,29211,6247.0
2019,29045,6779.0
2019,29097,119920.0
2019,29111,9955.0
2019,29119,22782.0
2019,29157,19191.0
2019,29167,31748.0
2019,29177,22875.0
2019,30041,16436.0
2019,30015,5732.0
2019,30053,19537.0
2019,30067,16352.0
2019,30103,668.0
2019,30005,6719.0
2019,30097,3670.0
2019,30099,6086.0
2019,30079,1252.0
2019,30035,13732.0
2019,30025,2921.0
2019,30037,728.0
2019,30093,34770.0
2019,30095,9466.0
2019,30043,11917.0
2019,30039,3311.0
2019,30107,2142.0
2019,30057,8302.0
2019,30091,3483.0
2019,30011,1331.0
2019,30003,13387.0
2019,30047,30013.0
2019,30049,67805.0
2019,30073,5994.0
2019,30111,159008.0
2019,30063,117309.0
2019,48501,8631.0
2019,48189,33826.0
2019,48419,25349.0
2019,48387,12171.0
2019,48399,10277.0
2019,48435,3824.0
2019,48451,117986.0
2019,48469,92109.0
2019,48481,41577.0
2019,48485,131596.0
2019,48033,613.0
2019,48315,10017.0
2019,48323,58174.0
2019,48181,131014.0
2019,48297,12139.0
2019,48363,28540.0
2019,48255,15545.0
2019,48123,20340.0
2019,48059,13856.0
2019,48067,30059.0
2019,48183,123443.0
2019,48313,14197.0
2019,48303,304808.0
2019,48257,123804.0
2019,48259,43769.0
2019,48153,5803.0
2019,48017,7100.0
2019,48071,41305.0
2019,48027,348574.0
2019,48061,421666.0
2019,48117,18736.0
2019,48141,836062.0
2019,48283,7416.0
2019,48443,896.0
2019,48457,21518.0
2019,48483,5338.0
2019,48009,8716.0
2019,48043,9231.0
2019,48215,855176.0
2019,48423,227449.0
2019,48105,3484.0
2019,48207,5726.0
2019,48227,36349.0
2019,48333,4889.0
2019,48337,19489.0
2019,48365,23327.0
2019,48403,10471.0
2019,48421,3059.0
2019,48437,7432.0
2019,48231,94162.0
2019,48063,12878.0
2019,48195,5520.0
2019,48187,158966.0
2019,48077,10403.0
2019,48205,5669.0
2019,48383,3766.0
2019,48217,35689.0
2019,48293,23417.0
2019,48347,65339.0
2019,48369,9718.0
2019,48367,133811.0
2019,30081,42512.0
2019,30105,7471.0
2019,30013,81625.0
2019,30027,11221.0
2019,30033,1036.0
2019,30061,4251.0
2019,30069,453.0
2019,30077,6854.0
2019,30089,11681.0
2019,30109,1122.0
2019,30031,108063.0
2019,30059,1888.0
2019,30009,10597.0
2019,30001,9415.0
2019,30029,99899.0
2019,30065,4766.0
2019,31083,3415.0
2019,31185,13745.0
2019,31019,49209.0
2019,31037,10714.0
2019,31087,2815.0
2019,31141,33174.0
2019,31143,5225.0
2019,31013,10970.0
2019,31017,3015.0
2019,31161,5231.0
2019,31109,313158.0
2019,31129,4244.0
2019,31007,722.0
2019,31063,2640.0
2019,31055,560617.0
2019,31147,7961.0
2019,31089,10177.0
2019,31065,4747.0
2019,31151,14270.0
2019,31173,7181.0
2019,31177,20361.0
2019,31031,5779.0
2019,31053,36665.0
2019,31069,1864.0
2019,31123,4781.0
2019,31127,6973.0
2019,31171,645.0
2019,31043,20173.0
2019,31003,6341.0
2019,31029,3783.0
2019,31035,6203.0
2019,31041,10826.0
2019,31061,2987.0
2019,31081,9215.0
2019,31095,7144.0
2019,31101,8068.0
2019,31115,605.0
2019,31135,2901.0
2019,31155,21165.0
2019,31157,36074.0
2019,31103,760.0
2019,31105,3633.0
2019,31111,35263.0
2019,48377,6975.0
2019,48465,48969.0
2019,48109,2214.0
2019,48135,160579.0
2019,48169,6070.0
2019,48173,1510.0
2019,48185,27984.0
2019,48085,973977.0
2019,48005,87322.0
2019,48101,1642.0
2019,48209,213366.0
2019,48039,360677.0
2019,48129,3342.0
2019,48013,49528.0
2019,48353,14904.0
2019,48229,4415.0
2019,48475,11658.0
2019,48203,66580.0
2019,48327,2119.0
2019,48149,25141.0
2019,48491,547604.0
2019,48233,21344.0
2019,48343,12373.0
2019,48361,84069.0
2019,48495,7867.0
2019,48201,4646630.0
2019,48053,46530.0
2019,48171,26459.0
2019,48113,2606868.0
2019,48311,774.0
2019,48503,18036.0
2019,48251,167212.0
2019,48223,36486.0
2019,48357,10131.0
2019,48275,3705.0
2019,48309,251089.0
2019,48095,3266.0
2019,48137,1918.0
2019,48133,18273.0
2019,48243,2241.0
2019,48247,5231.0
2019,48339,571949.0
2019,48127,10438.0
2019,48479,273526.0
2019,48011,1973.0
2019,48069,7673.0
2019,48273,30974.0
2019,48097,40041.0
2019,48107,5836.0
2019,48151,3856.0
2019,48131,11268.0
2019,48031,11478.0
2019,48241,35506.0
2019,48245,254340.0
2019,48271,3659.0
2019,48359,2094.0
2019,48279,13123.0
2019,48295,3398.0
2019,48307,8057.0
2019,48319,4186.0
2019,48125,2203.0
2019,31139,7144.0
2019,31165,1219.0
2019,31021,6510.0
2019,31025,25888.0
2019,31039,8952.0
2019,31051,5719.0
2019,31057,1913.0
2019,31075,722.0
2019,31077,2382.0
2019,31079,61265.0
2019,31085,893.0
2019,31131,15949.0
2019,31145,10768.0
2019,31027,8498.0
2019,31045,8810.0
2019,31097,5161.0
2019,31033,9604.0
2019,31047,23733.0
2019,31071,2001.0
2019,31117,395.0
2019,31125,3544.0
2019,31167,5957.0
2019,31175,4206.0
2019,32001,24259.0
2019,32005,48132.0
2019,32027,6615.0
2019,32011,1859.0
2019,32013,16828.0
2019,32033,9679.0
2019,32007,52297.0
2019,32023,44380.0
2019,32029,3988.0
2019,32003,2182004.0
2019,32019,54380.0
2019,33005,76042.0
2019,33009,89777.0
2019,33015,306359.0
2019,33019,43104.0
2019,33011,413035.0
2019,33007,31741.0
2019,33003,48138.0
2019,34021,367922.0
2019,34011,151906.0
2019,34035,329838.0
2019,34029,596415.0
2019,34001,266105.0
2019,34023,825920.0
2019,34033,62990.0
2019,34009,93086.0
2019,34007,506738.0
2019,34039,554033.0
2019,34017,670046.0
2019,34019,124823.0
2019,34027,493379.0
2019,35023,4297.0
2019,35031,72438.0
2019,35043,142704.0
2019,35017,27669.0
2019,35009,49732.0
2019,48287,17058.0
2019,48439,2049770.0
2019,48001,57810.0
2019,48139,173772.0
2019,48239,14816.0
2019,48265,51843.0
2019,48331,24770.0
2019,48093,13529.0
2019,48145,17272.0
2019,48047,7141.0
2019,48015,29764.0
2019,48261,568.0
2019,48089,21224.0
2019,48409,67008.0
2019,48381,134026.0
2019,48411,5991.0
2019,48413,2983.0
2019,48507,12039.0
2019,48057,21668.0
2019,48155,1275.0
2019,48175,7565.0
2019,48193,8332.0
2019,48335,8523.0
2019,48449,32640.0
2019,48285,20021.0
2019,48445,12528.0
2019,48497,66290.0
2019,48321,36774.0
2019,48371,15815.0
2019,48397,97175.0
2019,48441,136870.0
2019,48447,1436.0
2019,48471,72321.0
2019,48499,44366.0
2019,48007,24462.0
2019,48079,2887.0
2019,48081,3303.0
2019,48099,75280.0
2019,48211,3994.0
2019,48341,21399.0
2019,48375,119674.0
2019,48405,8286.0
2019,48417,3296.0
2019,48427,64078.0
2019,48461,3659.0
2019,48049,37855.0
2019,48191,3048.0
2019,48159,10716.0
2019,48163,19871.0
2019,48281,20862.0
2019,50019,26901.0
2019,50013,7022.0
2019,50007,162646.0
2019,50015,25318.0
2019,50011,49116.0
2019,50005,30234.0
2019,50025,42823.0
2019,50003,35746.0
2019,50001,36882.0
2019,50009,6200.0
2019,35015,57732.0
2019,35033,4536.0
2019,35045,126515.0
2019,28009,8232.0
2019,28037,7733.0
2019,28027,23255.0
2019,28061,16505.0
2019,28067,68352.0
2019,28147,14477.0
2019,28095,35673.0
2019,28115,31618.0
2019,28051,17737.0
2019,28005,12412.0
2019,28089,104562.0
2019,28013,14499.0
2019,28091,24990.0
2019,28141,19441.0
2019,28153,20373.0
2019,28041,13645.0
2019,28093,35599.0
2019,28119,7187.0
2019,28109,55219.0
2019,28079,22792.0
2019,28099,29332.0
2019,28121,152677.0
2019,28151,46057.0
2019,28077,12633.0
2019,28111,12006.0
2019,28017,17193.0
2019,28015,10070.0
2019,28039,23917.0
2019,28043,21088.0
2019,28063,7225.0
2019,28101,21360.0
2019,28117,25255.0
2019,28125,4404.0
2019,28019,8277.0
2019,28045,46961.0
2019,28057,23462.0
2019,28055,1361.0
2019,28059,142376.0
2019,28083,29222.0
2019,28143,9988.0
2019,28021,9089.0
2019,28047,204502.0
2019,28075,76279.0
2019,28085,34320.0
2019,28127,26888.0
2019,28159,18229.0
2019,28007,18437.0
2019,28073,61969.0
2019,28081,85072.0
2019,28135,14158.0
2019,28129,16009.0
2019,28149,46519.0
2019,28023,15770.0
2019,28097,10068.0
2019,28105,49512.0
2019,50023,58350.0
2019,49027,12854.0
2019,49045,67397.0
2019,49053,165811.0
2019,49025,7484.0
2019,49043,41103.0
2019,49019,9640.0
2019,49031,1866.0
2019,49033,2389.0
2019,49051,31708.0
2019,49001,6517.0
2019,49003,53946.0
2019,49021,51213.0
2019,49039,29850.0
2019,49041,21280.0
2019,49057,251498.0
2019,49037,15302.0
2019,49035,1133646.0
2019,49009,613.0
2019,49055,2689.0
2019,49007,20308.0
2019,49029,11664.0
2019,49005,124165.0
2019,49023,11301.0
2019,51095,74916.0
2019,51167,27141.0
2019,51173,30767.0
2019,51540,47096.0
2019,51031,55225.0
2019,51087,327535.0
2019,51099,26229.0
2019,51103,10724.0
2019,51105,23948.0
2019,51115,8788.0
2019,51119,10675.0
2019,51149,38114.0
2019,51159,8884.0
2019,51169,21902.0
2019,51177,132833.0
2019,51011,15707.0
2019,51067,56187.0
2019,51097,7042.0
2019,51121,98140.0
2019,51127,21686.0
2019,51049,9824.0
2019,51051,14756.0
2019,51083,34552.0
2019,51107,395134.0
2019,51153,461423.0
2019,51175,17880.0
2019,51091,2204.0
2019,51033,30381.0
2019,51073,37222.0
2019,51141,17748.0
2019,51145,28815.0
2019,51171,43224.0
2019,51061,69728.0
2019,51790,24432.0
2019,51065,26594.0
2019,28155,9768.0
2019,28003,37090.0
2019,28025,19640.0
2019,28031,18978.0
2019,28053,8389.0
2019,42043,275632.0
2019,42055,154147.0
2019,42119,45111.0
2019,42127,51422.0
2019,42009,48337.0
2019,42089,168032.0
2019,42061,45369.0
2019,42125,207212.0
2019,42101,1579075.0
2019,42133,445565.0
2019,42063,85032.0
2019,42041,249328.0
2019,42003,1221744.0
2019,42129,352590.0
2019,42053,7313.0
2019,42013,123157.0
2019,42073,86727.0
2019,42015,60963.0
2019,42021,133009.0
2019,42029,519560.0
2019,42011,418025.0
2019,42087,46276.0
2019,29129,3644.0
2019,29229,18203.0
2019,29047,242516.0
2019,29065,15545.0
2019,29195,22976.0
2019,29227,2027.0
2019,29079,9992.0
2019,29141,20271.0
2019,29179,6290.0
2019,29189,996919.0
2019,29209,31615.0
2019,29009,35530.0
2019,29019,177651.0
2019,29051,76723.0
2019,29055,24154.0
2019,29093,10164.0
2019,29117,15126.0
2019,29135,16046.0
2019,29155,16663.0
2019,29159,42355.0
2019,29203,8217.0
2019,29175,24878.0
2019,29069,30027.0
2019,29071,103191.0
2019,29089,10058.0
2019,29095,696216.0
2019,29131,25201.0
2019,29171,4781.0
2019,29213,55114.0
2019,29021,88460.0
2019,29025,9039.0
2019,51750,17691.0
2019,51840,27897.0
2019,51001,32673.0
2019,51045,5110.0
2019,51063,15704.0
2019,51071,16772.0
2019,51077,15742.0
2019,51135,15433.0
2019,51157,7378.0
2019,51036,7014.0
2019,51047,51101.0
2019,51053,28485.0
2019,51079,19519.0
2019,51085,105537.0
2019,51111,12282.0
2019,51137,36010.0
2019,51595,5442.0
2019,51197,28844.0
2019,51550,239982.0
2019,51660,53273.0
2019,51003,107405.0
2019,51019,78376.0
2019,51029,17059.0
2019,51195,38486.0
2019,51580,5598.0
2019,51740,95097.0
2019,51810,450201.0
2019,51005,15157.0
2019,51640,6517.0
2019,51193,17751.0
2019,51133,12190.0
2019,51155,34182.0
2019,51187,39492.0
2019,51590,41070.0
2019,51630,28622.0
2019,51009,31775.0
2019,51017,4307.0
2019,51670,22456.0
2019,51700,179673.0
2019,51069,86415.0
2019,51680,80569.0
2019,51199,67982.0
2019,51690,12852.0
2019,51125,14831.0
2019,51143,61256.0
2019,51530,6484.0
2019,51610,14128.0
2019,51730,31362.0
2019,51735,12090.0
2019,51600,23531.0
2019,51820,22140.0
2019,51770,99229.0
2019,51800,90093.0
2019,51710,244601.0
2019,51007,12953.0
2019,51041,343551.0
2019,51059,1145862.0
2019,53047,41842.0
2019,53037,45897.0
2019,29037,103597.0
2019,29049,20500.0
2019,29059,16617.0
2019,29085,9404.0
2019,29113,56477.0
2019,29137,8629.0
2019,29145,58180.0
2019,29163,18455.0
2019,29183,394290.0
2019,29031,78491.0
2019,47031,55209.0
2019,47047,40164.0
2019,47067,6587.0
2019,47073,56611.0
2019,47091,17753.0
2019,47103,33924.0
2019,47111,23842.0
2019,47127,6378.0
2019,47147,70280.0
2019,47051,41725.0
2019,47009,129927.0
2019,47021,40181.0
2019,47019,56433.0
2019,47057,23101.0
2019,47055,29285.0
2019,47097,25989.0
2019,47099,43390.0
2019,47113,97625.0
2019,47115,28538.0
2019,47133,22068.0
2019,47137,5079.0
2019,47181,16693.0
2019,47187,225389.0
2019,47003,48292.0
2019,47059,68834.0
2019,47035,59216.0
2019,47175,5760.0
2019,47025,31732.0
2019,47081,24813.0
2019,47085,18435.0
2019,47141,77447.0
2019,47155,97068.0
2019,47161,13427.0
2019,47023,17190.0
2019,47039,11686.0
2019,47087,11682.0
2019,47109,25844.0
2019,47145,53075.0
2019,47011,105749.0
2019,47063,64132.0
2019,47173,19488.0
2019,47071,25715.0
2019,47043,52680.0
2019,47129,21545.0
2019,47123,46064.0
2019,47079,32284.0
2019,47033,14399.0
2019,47095,7401.0
2019,47093,461104.0
2019,53005,197518.0
2019,53011,473252.0
2024,01001,59947.0
2024,01003,246989.0
2024,01005,24643.0
2024,01007,22130.0
2024,01009,59518.0
2024,01011,10058.0
2024,01013,18630.0
2024,01015,116090.0
2024,01017,34192.0
2024,01019,25443.0
2024,01021,45992.0
2024,01023,12380.0
2024,01025,22543.0
2024,01027,14192.0
2024,01029,15426.0
2024,01031,54920.0
2024,01033,58022.0
2024,01035,11275.0
2024,01037,10300.0
2024,01039,37628.0
2024,01041,13122.0
2024,01043,90566.0
2024,01045,49599.0
2024,01047,36858.0
2024,01049,72269.0
2024,01051,89526.0
2024,01053,36629.0
2024,01055,103105.0
2024,01057,16053.0
2024,01059,31966.0
2024,01061,26887.0
2024,01063,7424.0
2024,01065,14829.0
2024,01067,17647.0
2024,01069,108140.0
2024,01071,53053.0
2024,01073,667755.0
2024,01075,13693.0
2024,01077,95830.0
2024,01079,33276.0
2024,01081,181134.0
2024,01083,111233.0
2024,01085,9833.0
2024,01087,18691.0
2024,01089,405718.0
2024,01091,18851.0
2024,01093,29184.0
2024,01095,99748.0
2024,01097,412590.0
2024,01099,19388.0
2024,01101,226718.0
2024,01103,124471.0
2024,01105,8031.0
2024,01107,18721.0
2024,01109,32987.0
2024,01111,22510.0
2024,01113,58811.0
2024,01115,94166.0
2024,01117,230211.0
2024,01119,11878.0
2024,01121,81021.0
2024,01123,40938.0
2024,01125,237552.0
2024,01127,64841.0
2024,01129,15143.0
2024,01131,10172.0
2024,01133,23682.0
2024,02013,3491.0
2024,02016,5235.0
2024,02020,288976.0
2024,02050,18394.0
2024,02060,918.0
2024,02063,6862.0
2024,02066,2626.0
2024,02068,1969.0
2024,02070,4724.0
2024,02090,95460.0
2024,02100,2086.0
2024,02105,2311.0
2024,02110,31794.0
2024,02122,60413.0
2024,02130,13768.0
2024,02150,12771.0
2024,02158,8176.0
2024,02164,1013.0
2024,02170,112988.0
2024,02180,9866.0
2024,02185,10810.0
2024,02188,7441.0
2024,02195,3409.0
2024,02198,5715.0
2024,02220,8368.0
2024,02230,1244.0
2024,02240,7068.0
2024,02275,2088.0
2024,02282,527.0
2024,02290,5195.0
2024,04001,65341.0
2024,04003,125566.0
2024,04005,144508.0
2024,04007,53795.0
2024,04009,39232.0
2024,04011,9409.0
2024,04012,16664.0
2024,04013,4559748.0
2024,04015,220517.0
2024,04017,108415.0
2024,04019,1060490.0
2024,04021,469006.0
2024,04023,48926.0
2024,04025,245480.0
2024,04027,211741.0
2024,05001,16515.0
2024,05003,18429.0
2024,05005,42407.0
2024,05007,303632.0
2024,05009,38138.0
2024,05011,10208.0
2024,05013,4704.0
2024,05015,28626.0
2024,05017,9765.0
2024,05019,21125.0
2024,05021,14280.0
2024,05023,25226.0
2024,05025,7453.0
2024,05027,22349.0
2024,05029,21054.0
2024,05031,113249.0
2024,05033,61139.0
2024,05035,47266.0
2024,05037,16543.0
2024,05039,6242.0
2024,05041,10786.0
2024,05043,17046.0
2024,05045,127717.0
2024,05047,17326.0
2024,05049,12302.0
2024,05051,100035.0
2024,05053,18242.0
2024,05055,46432.0
2024,05057,19508.0
2024,05059,33180.0
2024,05061,12583.0
2024,05063,38175.0
2024,05065,14009.0
2024,05067,16712.0
2024,05069,64802.0
2024,05071,26003.0
2024,05073,6136.0
2024,05075,16238.0
2024,05077,8359.0
2024,05079,12950.0
2024,05081,11821.0
2024,05083,21277.0
2024,05085,75272.0
2024,05087,17329.0
2024,05089,17228.0
2024,05091,42360.0
2024,05093,39126.0
2024,05095,6589.0
2024,05097,8553.0
2024,05099,8159.0
2024,05101,7112.0
2024,05103,22085.0
2024,05105,10101.0
2024,05107,15450.0
2024,05109,10115.0
2024,05111,22543.0
2024,05113,19361.0
2024,05115,64131.0
2024,05117,8064.0
2024,05119,399818.0
2024,05121,18838.0
2024,05123,22400.0
2024,05125,127479.0
2024,05127,9816.0
2024,05129,7859.0
2024,05131,128900.0
2024,05133,15712.0
2024,05135,17773.0
2024,05137,12568.0
2024,05139,37900.0
2024,05141,15998.0
2024,05143,256765.0
2024,05145,77838.0
2024,05147,6026.0
2024,05149,20134.0
2024,06001,1649473.0
2024,06003,1616.0
2024,06005,41428.0
2024,06007,207929.0
2024,06009,46248.0
2024,06011,21984.0
2024,06013,1165012.0
2024,06015,27107.0
2024,06017,192662.0
2024,06019,1016725.0
2024,06021,28494.0
2024,06023,134541.0
2024,06025,180202.0
2024,06027,18739.0
2024,06029,915075.0
2024,06031,153298.0
2024,06033,68152.0
2024,06035,30356.0
2024,06037,9808667.0
2024,06039,160940.0
2024,06041,257969.0
2024,06043,17082.0
2024,06045,90244.0
2024,06047,290201.0
2024,06049,8600.0
2024,06051,13148.0
2024,06053,437613.0
2024,06055,134869.0
2024,06057,102481.0
2024,06059,3165820.0
2024,06061,419156.0
2024,06063,19423.0
2024,06065,2478600.0
2024,06067,1594006.0
2024,06069,67290.0
2024,06071,2197104.0
2024,06073,3288774.0
2024,06075,830235.0
2024,06077,797334.0
2024,06079,281555.0
2024,06081,742340.0
2024,06083,443701.0
2024,06085,1902047.0
2024,06087,264926.0
2024,06089,181436.0
2024,06091,2746.0
2024,06093,43466.0
2024,06095,451918.0
2024,06097,485040.0
2024,06099,553990.0
2024,06101,98857.0
2024,06103,65167.0
2024,06105,15860.0
2024,06107,478693.0
2024,06109,54498.0
2024,06111,837469.0
2024,06113,220564.0
2024,06115,84507.0
2024,08001,530225.0
2024,08003,16581.0
2024,08005,659844.0
2024,08007,13900.0
2024,08009,3428.0
2024,08011,5549.0
2024,08013,328961.0
2024,08014,76304.0
2024,08015,20178.0
2024,08017,1741.0
2024,08019,9262.0
2024,08021,7530.0
2024,08023,3607.0
2024,08025,5647.0
2024,08027,5247.0
2024,08029,31598.0
2024,08031,718877.0
2024,08033,2432.0
2024,08035,377150.0
2024,08037,55135.0
2024,08039,27874.0
2024,08041,742999.0
2024,08043,49634.0
2024,08045,62479.0
2024,08047,5901.0
2024,08049,15895.0
2024,08051,17241.0
2024,08053,1005.0
2024,08055,6972.0
2024,08057,1372.0
2024,08059,579377.0
2024,08061,1376.0
2024,08063,7023.0
2024,08065,7380.0
2024,08067,56331.0
2024,08069,367368.0
2024,08071,14413.0
2024,08073,5550.0
2024,08075,20892.0
2024,08077,158601.0
2024,08079,729.0
2024,08081,13207.0
2024,08083,26412.0
2024,08085,43807.0
2024,08087,29520.0
2024,08089,18321.0
2024,08091,5087.0
2024,08093,17907.0
2024,08095,4496.0
2024,08097,16985.0
2024,08099,11910.0
2024,08101,169356.0
2024,08103,6544.0
2024,08105,11321.0
2024,08107,25084.0
2024,08109,6580.0
2024,08111,724.0
2024,08113,7968.0
2024,08115,2304.0
2024,08117,31017.0
2024,08119,24825.0
2024,08121,4831.0
2024,08123,350396.0
2024,08125,9979.0
2024,09110,977290.0
2024,09120,329259.0
2024,09130,175822.0
2024,09140,454969.0
2024,09150,96312.0
2024,09160,113216.0
2024,09170,570598.0
2024,09180,279971.0
2024,09190,627071.0
2024,10001,187604.0
2024,10003,577961.0
2024,10005,255626.0
2024,11001,681294.0
2024,12001,285492.0
2024,12003,28430.0
2024,12005,186393.0
2024,12007,27885.0
2024,12009,632780.0
2024,12011,1977129.0
2024,12013,13492.0
2024,12015,201064.0
2024,12017,162472.0
2024,12019,227584.0
2024,12021,398291.0
2024,12023,71789.0
2024,12027,35386.0
2024,12029,17058.0
2024,12031,1023153.0
2024,12033,325923.0
2024,12035,126528.0
2024,12037,12553.0
2024,12039,43710.0
2024,12041,19040.0
2024,12043,12563.0
2024,12045,15131.0
2024,12047,13616.0
2024,12049,25675.0
2024,12051,42382.0
2024,12053,207018.0
2024,12055,105702.0
2024,12057,1522748.0
2024,12059,19513.0
2024,12061,166936.0
2024,12063,48250.0
2024,12065,15091.0
2024,12067,8161.0
2024,12069,412924.0
2024,12071,817666.0
2024,12073,297542.0
2024,12075,45391.0
2024,12077,7687.0
2024,12079,18089.0
2024,12081,429792.0
2024,12083,400078.0
2024,12085,162176.0
2024,12086,2738356.0
2024,12087,81860.0
2024,12089,97859.0
2024,12091,216599.0
2024,12093,40816.0
2024,12095,1471937.0
2024,12097,427415.0
2024,12099,1533806.0
2024,12101,611444.0
2024,12103,963481.0
2024,12105,790694.0
2024,12107,75164.0
2024,12109,306934.0
2024,12111,360500.0
2024,12113,198472.0
2024,12115,459547.0
2024,12117,481470.0
2024,12119,143408.0
2024,12121,45342.0
2024,12123,21503.0
2024,12125,15701.0
2024,12127,579622.0
2024,12129,35387.0
2024,12131,82948.0
2024,12133,25529.0
2024,13001,18493.0
2024,13003,8337.0
2024,13005,11109.0
2024,13007,2790.0
2024,13009,43642.0
2024,13011,19264.0
2024,13013,89886.0
2024,13015,113113.0
2024,13017,17089.0
2024,13019,18352.0
2024,13021,156578.0
2024,13023,12430.0
2024,13025,18315.0
2024,13027,16293.0
2024,13029,48263.0
2024,13031,82683.0
2024,13033,24470.0
2024,13035,26496.0
2024,13037,5498.0
2024,13039,56970.0
2024,13043,11043.0
2024,13045,124569.0
2024,13047,68634.0
2024,13049,12818.0
2024,13051,300879.0
2024,13053,8887.0
2024,13055,25036.0
2024,13057,281032.0
2024,13059,129609.0
2024,13061,2850.0
2024,13063,298924.0
2024,13065,6759.0
2024,13067,775208.0
2024,13069,43347.0
2024,13071,46224.0
2024,13073,162434.0
2024,13075,17532.0
2024,13077,152852.0
2024,13079,12225.0
2024,13081,19790.0
2024,13083,16165.0
2024,13085,30242.0
2024,13087,29195.0
2024,13089,765351.0
2024,13091,19805.0
2024,13093,10984.0
2024,13095,83091.0
2024,13097,147888.0
2024,13099,10603.0
2024,13101,3709.0
2024,13103,69143.0
2024,13105,19849.0
2024,13107,23026.0
2024,13109,10757.0
2024,13111,25742.0
2024,13113,122244.0
2024,13115,99693.0
2024,13117,267287.0
2024,13119,24234.0
2024,13121,1076561.0
2024,13123,32426.0
2024,13125,2932.0
2024,13127,85447.0
2024,13129,59100.0
2024,13131,26108.0
2024,13133,20109.0
2024,13135,979864.0
2024,13137,47793.0
2024,13139,212705.0
2024,13141,8650.0
2024,13143,31285.0
2024,13145,36086.0
2024,13147,26939.0
2024,13149,11773.0
2024,13151,249960.0
2024,13153,169649.0
2024,13155,9285.0
2024,13157,84757.0
2024,13159,15929.0
2024,13161,14924.0
2024,13163,15341.0
2024,13165,8711.0
2024,13167,9190.0
2024,13169,28673.0
2024,13171,19571.0
2024,13173,10221.0
2024,13175,49798.0
2024,13177,33626.0
2024,13179,67397.0
2024,13181,7854.0
2024,13183,18374.0
2024,13185,119965.0
2024,13187,34505.0
2024,13189,21718.0
2024,13191,11312.0
2024,13193,11864.0
2024,13195,31528.0
2024,13197,7509.0
2024,13199,20929.0
2024,13201,5850.0
2024,13205,21058.0
2024,13207,29664.0
2024,13209,8640.0
2024,13211,21078.0
2024,13213,40562.0
2024,13215,203711.0
2024,13217,118152.0
2024,13219,43551.0
2024,13221,15509.0
2024,13223,178909.0
2024,13225,28560.0
2024,13227,34951.0
2024,13229,20202.0
2024,13231,19903.0
2024,13233,43785.0
2024,13235,9939.0
2024,13237,22855.0
2024,13239,2264.0
2024,13241,17312.0
2024,13243,6196.0
2024,13245,206069.0
2024,13247,95281.0
2024,13249,4513.0
2024,13251,14130.0
2024,13253,9156.0
2024,13255,68892.0
2024,13257,27012.0
2024,13259,4869.0
2024,13261,29061.0
2024,13263,5742.0
2024,13265,1558.0
2024,13267,24208.0
2024,13269,7786.0
2024,13271,11831.0
2024,13273,8850.0
2024,13275,45777.0
2024,13277,41438.0
2024,13279,27102.0
2024,13281,12913.0
2024,13283,6376.0
2024,13285,70330.0
2024,13287,8939.0
2024,13289,7803.0
2024,13291,26304.0
2024,13293,28029.0
2024,13295,68762.0
2024,13297,103313.0
2024,13299,35976.0
2024,13301,5170.0
2024,13303,19849.0
2024,13305,30949.0
2024,13307,2381.0
2024,13309,7335.0
2024,13311,28810.0
2024,13313,103598.0
2024,13315,8798.0
2024,13317,9549.0
2024,13319,8747.0
2024,13321,20451.0
2024,15001,205769.0
2024,15003,1001146.0
2024,15005,67.0
2024,15007,73731.0
2024,15009,164522.0
2024,16001,518935.0
2024,16003,4744.0
2024,16005,89454.0
2024,16007,6650.0
2024,16009,10142.0
2024,16011,49664.0
2024,16013,24951.0
2024,16015,8273.0
2024,16017,51049.0
2024,16019,129523.0
2024,16021,13172.0
2024,16023,2684.0
2024,16025,1124.0
2024,16027,250790.0
2024,16029,7162.0
2024,16031,25483.0
2024,16033,849.0
2024,16035,9012.0
2024,16037,4470.0
2024,16039,29321.0
2024,16041,15056.0
2024,16043,13943.0
2024,16045,20614.0
2024,16047,15931.0
2024,16049,17432.0
2024,16051,33154.0
2024,16053,25173.0
2024,16055,181996.0
2024,16057,41049.0
2024,16059,8249.0
2024,16061,3682.0
2024,16063,5358.0
2024,16065,54618.0
2024,16067,22208.0
2024,16069,42697.0
2024,16071,4768.0
2024,16073,12503.0
2024,16075,26771.0
2024,16077,8133.0
2024,16079,13785.0
2024,16081,12425.0
2024,16083,93734.0
2024,16085,12389.0
2024,16087,11142.0
2024,17001,64754.0
2024,17003,4875.0
2024,17005,16716.0
2024,17007,53230.0
2024,17009,6322.0
2024,17011,32866.0
2024,17013,4330.0
2024,17015,15576.0
2024,17017,12784.0
2024,17019,208741.0
2024,17021,33538.0
2024,17023,15266.0
2024,17025,13052.0
2024,17027,36954.0
2024,17029,46777.0
2024,17031,5182090.0
2024,17033,18511.0
2024,17035,10334.0
2024,17037,100703.0
2024,17039,15373.0
2024,17041,19751.0
2024,17043,930024.0
2024,17045,16535.0
2024,17047,6075.0
2024,17049,34522.0
2024,17051,21315.0
2024,17053,13406.0
2024,17055,37323.0
2024,17057,33020.0
2024,17059,4819.0
2024,17061,11683.0
2024,17063,53219.0
2024,17065,7916.0
2024,17067,17281.0
2024,17069,3605.0
2024,17071,6193.0
2024,17073,48643.0
2024,17075,26449.0
2024,17077,53064.0
2024,17079,9180.0
2024,17081,36550.0
2024,17083,21274.0
2024,17085,21851.0
2024,17087,13376.0
2024,17089,517255.0
2024,17091,106635.0
2024,17093,137675.0
2024,17095,49046.0
2024,17097,714223.0
2024,17099,108714.0
2024,17101,15031.0
2024,17103,33869.0
2024,17105,35565.0
2024,17107,27713.0
2024,17109,26920.0
2024,17111,312591.0
2024,17113,171556.0
2024,17115,101849.0
2024,17117,44350.0
2024,17119,264238.0
2024,17121,37000.0
2024,17123,11647.0
2024,17125,12745.0
2024,17127,13865.0
2024,17129,12095.0
2024,17131,15495.0
2024,17133,35036.0
2024,17135,27942.0
2024,17137,33021.0
2024,17139,14424.0
2024,17141,51495.0
2024,17143,179645.0
2024,17145,20639.0
2024,17147,16695.0
2024,17149,14469.0
2024,17151,3739.0
2024,17153,5015.0
2024,17155,5601.0
2024,17157,30058.0
2024,17159,15598.0
2024,17161,142757.0
2024,17163,253694.0
2024,17165,23213.0
2024,17167,194947.0
2024,17169,6787.0
2024,17171,4937.0
2024,17173,20720.0
2024,17175,5308.0
2024,17177,43768.0
2024,17179,130290.0
2024,17181,16997.0
2024,17183,72386.0
2024,17185,11119.0
2024,17187,16447.0
2024,17189,13627.0
2024,17191,15973.0
2024,17193,13619.0
2024,17195,54947.0
2024,17197,701462.0
2024,17199,66876.0
2024,17201,283292.0
2024,17203,38312.0
2024,18001,36227.0
2024,18003,392378.0
2024,18005,83536.0
2024,18007,8735.0
2024,18009,11950.0
2024,18011,74718.0
2024,18013,15606.0
2024,18015,20535.0
2024,18017,37680.0
2024,18019,124354.0
2024,18021,26409.0
2024,18023,32944.0
2024,18025,10499.0
2024,18027,33658.0
2024,18029,51094.0
2024,18031,26422.0
2024,18033,43807.0
2024,18035,112280.0
2024,18037,43614.0
2024,18039,207132.0
2024,18041,23334.0
2024,18043,80918.0
2024,18045,16617.0
2024,18047,23020.0
2024,18049,20312.0
2024,18051,33000.0
2024,18053,66295.0
2024,18055,31021.0
2024,18057,365056.0
2024,18059,84037.0
2024,18061,39859.0
2024,18063,183344.0
2024,18065,48970.0
2024,18067,83752.0
2024,18069,36798.0
2024,18071,46660.0
2024,18073,33234.0
2024,18075,20229.0
2024,18077,32998.0
2024,18079,27562.0
2024,18081,166315.0
2024,18083,36007.0
2024,18085,80442.0
2024,18087,40805.0
2024,18089,500379.0
2024,18091,111917.0
2024,18093,45102.0
2024,18095,131900.0
2024,18097,975809.0
2024,18099,46284.0
2024,18101,9830.0
2024,18103,35712.0
2024,18105,140965.0
2024,18107,38312.0
2024,18109,72659.0
2024,18111,13922.0
2024,18113,47495.0
2024,18115,5999.0
2024,18117,19767.0
2024,18119,21604.0
2024,18121,16406.0
2024,18123,19270.0
2024,18125,12154.0
2024,18127,174818.0
2024,18129,25116.0
2024,18131,12441.0
2024,18133,37280.0
2024,18135,24387.0
2024,18137,29095.0
2024,18139,16739.0
2024,18141,273040.0
2024,18143,24526.0
2024,18145,45265.0
2024,18147,19955.0
2024,18149,23365.0
2024,18151,34726.0
2024,18153,20780.0
2024,18155,9909.0
2024,18157,189071.0
2024,18159,15346.0
2024,18161,6985.0
2024,18163,180117.0
2024,18165,15421.0
2024,18167,106109.0
2024,18169,30844.0
2024,18171,8464.0
2024,18173,65261.0
2024,18175,28212.0
2024,18177,66397.0
2024,18179,28420.0
2024,18181,24717.0
2024,18183,34618.0
2024,19001,7460.0
2024,19003,3622.0
2024,19005,14092.0
2024,19007,12184.0
2024,19009,5599.0
2024,19011,25724.0
2024,19013,131049.0
2024,19015,26668.0
2024,19017,25204.0
2024,19019,20694.0
2024,19021,20753.0
2024,19023,14268.0
2024,19025,9803.0
2024,19027,20594.0
2024,19029,13096.0
2024,19031,18349.0
2024,19033,42632.0
2024,19035,11600.0
2024,19037,11807.0
2024,19039,9662.0
2024,19041,16461.0
2024,19043,17013.0
2024,19045,46268.0
2024,19047,16277.0
2024,19049,107968.0
2024,19051,9157.0
2024,19053,7759.0
2024,19055,17558.0
2024,19057,38487.0
2024,19059,17990.0
2024,19061,99030.0
2024,19063,9262.0
2024,19065,19288.0
2024,19067,15328.0
2024,19069,9956.0
2024,19071,6514.0
2024,19073,8688.0
2024,19075,12384.0
2024,19077,10688.0
2024,19079,14886.0
2024,19081,10671.0
2024,19083,16639.0
2024,19085,14632.0
2024,19087,20004.0
2024,19089,9445.0
2024,19091,9591.0
2024,19093,6911.0
2024,19095,16507.0
2024,19097,19390.0
2024,19099,37954.0
2024,19101,15705.0
2024,19103,156639.0
2024,19105,20896.0
2024,19107,9924.0
2024,19109,14516.0
2024,19111,32893.0
2024,19113,230004.0
2024,19115,10678.0
2024,19117,8716.0
2024,19119,12162.0
2024,19121,16926.0
2024,19123,22021.0
2024,19125,33642.0
2024,19127,40114.0
2024,19129,14568.0
2024,19131,10575.0
2024,19133,8557.0
2024,19135,7513.0
2024,19137,10214.0
2024,19139,42559.0
2024,19141,14126.0
2024,19143,6100.0
2024,19145,15131.0
2024,19147,8863.0
2024,19149,25747.0
2024,19151,7046.0
2024,19153,503175.0
2024,19155,93424.0
2024,19157,18545.0
2024,19159,4645.0
2024,19161,9689.0
2024,19163,174608.0
2024,19165,11778.0
2024,19167,36212.0
2024,19169,100466.0
2024,19171,16868.0
2024,19173,5868.0
2024,19175,11993.0
2024,19177,7241.0
2024,19179,35362.0
2024,19181,54409.0
2024,19183,22561.0
2024,19185,6532.0
2024,19187,36886.0
2024,19189,10583.0
2024,19191,19873.0
2024,19193,106247.0
2024,19195,7350.0
2024,19197,12791.0
2024,20001,12483.0
2024,20003,7834.0
2024,20005,16208.0
2024,20007,4069.0
2024,20009,25097.0
2024,20011,14394.0
2024,20013,9343.0
2024,20015,68287.0
2024,20017,2561.0
2024,20019,3370.0
2024,20021,19151.0
2024,20023,2628.0
2024,20025,1974.0
2024,20027,8048.0
2024,20029,8898.0
2024,20031,8308.0
2024,20033,1729.0
2024,20035,34411.0
2024,20037,39008.0
2024,20039,2726.0
2024,20041,18445.0
2024,20043,7503.0
2024,20045,120302.0
2024,20047,2779.0
2024,20049,2453.0
2024,20051,28920.0
2024,20053,6360.0
2024,20055,38084.0
2024,20057,34074.0
2024,20059,26106.0
2024,20061,35815.0
2024,20063,2799.0
2024,20065,2389.0
2024,20067,7229.0
2024,20069,5701.0
2024,20071,1304.0
2024,20073,5919.0
2024,20075,2471.0
2024,20077,5400.0
2024,20079,33756.0
2024,20081,3641.0
2024,20083,1652.0
2024,20085,13341.0
2024,20087,18349.0
2024,20089,2916.0
2024,20091,620631.0
2024,20093,3864.0
2024,20095,7186.0
2024,20097,2422.0
2024,20099,19869.0
2024,20101,1461.0
2024,20103,83123.0
2024,20105,2923.0
2024,20107,9767.0
2024,20109,2707.0
2024,20111,32186.0
2024,20113,30205.0
2024,20115,11754.0
2024,20117,9993.0
2024,20119,3903.0
2024,20121,34938.0
2024,20123,5779.0
2024,20125,30940.0
2024,20127,5340.0
2024,20129,2611.0
2024,20131,10160.0
2024,20133,15656.0
2024,20135,2653.0
2024,20137,5359.0
2024,20139,15744.0
2024,20141,3452.0
2024,20143,5819.0
2024,20145,6144.0
2024,20147,4813.0
2024,20149,26204.0
2024,20151,9127.0
2024,20153,2516.0
2024,20155,61553.0
2024,20157,4646.0
2024,20159,9350.0
2024,20161,71946.0
2024,20163,4813.0
2024,20165,2947.0
2024,20167,6679.0
2024,20169,53668.0
2024,20171,5027.0
2024,20173,528226.0
2024,20175,21486.0
2024,20177,178025.0
2024,20179,2426.0
2024,20181,5858.0
2024,20183,3552.0
2024,20185,3978.0
2024,20187,2038.0
2024,20189,5162.0
2024,20191,22353.0
2024,20193,7885.0
2024,20195,2777.0
2024,20197,7009.0
2024,20199,1417.0
2024,20201,5533.0
2024,20203,2091.0
2024,20205,8505.0
2024,20207,3109.0
2024,20209,167654.0
2024,21001,19089.0
2024,21003,21293.0
2024,21005,24353.0
2024,21007,7654.0
2024,21009,44938.0
2024,21011,12851.0
2024,21013,23509.0
2024,21015,139841.0
2024,21017,20240.0
2024,21019,47911.0
2024,21021,30941.0
2024,21023,8444.0
2024,21025,13276.0
2024,21027,20881.0
2024,21029,84027.0
2024,21031,12393.0
2024,21033,12618.0
2024,21035,38224.0
2024,21037,93426.0
2024,21039,4762.0
2024,21041,10954.0
2024,21043,26341.0
2024,21045,15914.0
2024,21047,72069.0
2024,21049,37192.0
2024,21051,19921.0
2024,21053,9202.0
2024,21055,8979.0
2024,21057,5948.0
2024,21059,103648.0
2024,21061,12355.0
2024,21063,7307.0
2024,21065,14035.0
2024,21067,323725.0
2024,21069,15323.0
2024,21071,35224.0
2024,21073,51842.0
2024,21075,6409.0
2024,21077,8769.0
2024,21079,17568.0
2024,21081,25418.0
2024,21083,36630.0
2024,21085,26707.0
2024,21087,11369.0
2024,21089,35501.0
2024,21091,9034.0
2024,21093,111942.0
2024,21095,25772.0
2024,21097,19140.0
2024,21099,19603.0
2024,21101,44280.0
2024,21103,15856.0
2024,21105,4439.0
2024,21107,45119.0
2024,21109,13086.0
2024,21111,783022.0
2024,21113,54588.0
2024,21115,22334.0
2024,21117,171288.0
2024,21119,13830.0
2024,21121,29865.0
2024,21123,15107.0
2024,21125,62983.0
2024,21127,16077.0
2024,21129,7339.0
2024,21131,10079.0
2024,21133,20808.0
2024,21135,12965.0
2024,21137,24504.0
2024,21139,8903.0
2024,21141,27986.0
2024,21143,8900.0
2024,21145,67564.0
2024,21147,16867.0
2024,21149,9114.0
2024,21151,95769.0
2024,21153,11348.0
2024,21155,19749.0
2024,21157,31743.0
2024,21159,11027.0
2024,21161,16956.0
2024,21163,30158.0
2024,21165,6230.0
2024,21167,23028.0
2024,21169,10425.0
2024,21171,11269.0
2024,21173,28395.0
2024,21175,14053.0
2024,21177,30591.0
2024,21179,47606.0
2024,21181,7708.0
2024,21183,23735.0
2024,21185,69257.0
2024,21187,11330.0
2024,21189,3971.0
2024,21191,14723.0
2024,21193,27499.0
2024,21195,56727.0
2024,21197,13038.0
2024,21199,65897.0
2024,21201,2283.0
2024,21203,16163.0
2024,21205,24578.0
2024,21207,18221.0
2024,21209,59536.0
2024,21211,49096.0
2024,21213,19972.0
2024,21215,20193.0
2024,21217,26397.0
2024,21219,12469.0
2024,21221,14315.0
2024,21223,8550.0
2024,21225,13260.0
2024,21227,140918.0
2024,21229,12140.0
2024,21231,19602.0
2024,21233,12842.0
2024,21235,36920.0
2024,21237,6443.0
2024,21239,27279.0
2024,22001,56955.0
2024,22003,22477.0
2024,22005,130314.0
2024,22007,20484.0
2024,22009,38905.0
2024,22011,36676.0
2024,22013,12638.0
2024,22015,129789.0
2024,22017,230004.0
2024,22019,207088.0
2024,22021,9500.0
2024,22023,5015.0
2024,22025,8583.0
2024,22027,13833.0
2024,22029,18174.0
2024,22031,27026.0
2024,22033,452938.0
2024,22035,7072.0
2024,22037,19271.0
2024,22039,32060.0
2024,22041,19408.0
2024,22043,22095.0
2024,22045,68599.0
2024,22047,29815.0
2024,22049,14884.0
2024,22051,430920.0
2024,22053,31924.0
2024,22055,247997.0
2024,22057,96252.0
2024,22059,14789.0
2024,22061,48174.0
2024,22063,148115.0
2024,22065,9513.0
2024,22067,24551.0
2024,22069,36693.0
2024,22071,371853.0
2024,22073,158480.0
2024,22075,22803.0
2024,22077,20217.0
2024,22079,127527.0
2024,22081,7443.0
2024,22083,19822.0
2024,22085,21977.0
2024,22087,44419.0
2024,22089,51396.0
2024,22091,10858.0
2024,22093,19528.0
2024,22095,40743.0
2024,22097,81670.0
2024,22099,51353.0
2024,22101,47828.0
2024,22103,272421.0
2024,22105,136738.0
2024,22107,3935.0
2024,22109,106186.0
2024,22111,20821.0
2024,22113,57123.0
2024,22115,47117.0
2024,22117,45120.0
2024,22119,35820.0
2024,22121,27974.0
2024,22123,9464.0
2024,22125,15327.0
2024,22127,13467.0
2024,23001,113423.0
2024,23003,67058.0
2024,23005,308827.0
2024,23007,30413.0
2024,23009,56460.0
2024,23011,126808.0
2024,23013,41003.0
2024,23015,36099.0
2024,23017,59255.0
2024,23019,154710.0
2024,23021,17263.0
2024,23023,37285.0
2024,23025,50959.0
2024,23027,40192.0
2024,23029,31331.0
2024,23031,216731.0
2024,24001,67452.0
2024,24003,598166.0
2024,24005,850796.0
2024,24009,94313.0
2024,24011,33669.0
2024,24013,175321.0
2024,24015,104960.0
2024,24017,170527.0
2024,24019,32754.0
2024,24021,287048.0
2024,24023,28615.0
2024,24025,263757.0
2024,24027,336328.0
2024,24029,19346.0
2024,24031,1065949.0
2024,24033,959754.0
2024,24035,51825.0
2024,24037,115126.0
2024,24039,24822.0
2024,24041,37917.0
2024,24043,155709.0
2024,24045,104914.0
2024,24047,53700.0
2024,24510,573243.0
2024,25001,231668.0
2024,25003,129430.0
2024,25005,582270.0
2024,25007,20933.0
2024,25009,813054.0
2024,25011,70944.0
2024,25013,462815.0
2024,25015,162028.0
2024,25017,1638365.0
2024,25019,14483.0
2024,25021,730082.0
2024,25023,535075.0
2024,25025,785121.0
2024,25027,867788.0
2024,26001,10397.0
2024,26003,8762.0
2024,26005,121456.0
2024,26007,28880.0
2024,26009,24127.0
2024,26011,15077.0
2024,26013,8191.0
2024,26015,63409.0
2024,26017,103008.0
2024,26019,18310.0
2024,26021,153288.0
2024,26023,45300.0
2024,26025,133778.0
2024,26027,51520.0
2024,26029,26108.0
2024,26031,25865.0
2024,26033,36295.0
2024,26035,31218.0
2024,26037,79626.0
2024,26039,13369.0
2024,26041,36813.0
2024,26043,25954.0
2024,26045,109130.0
2024,26047,34125.0
2024,26049,403305.0
2024,26051,25693.0
2024,26053,14319.0
2024,26055,96166.0
2024,26057,41385.0
2024,26059,45654.0
2024,26061,37693.0
2024,26063,31113.0
2024,26065,283913.0
2024,26067,66574.0
2024,26069,25347.0
2024,26071,11667.0
2024,26073,64565.0
2024,26075,160060.0
2024,26077,262375.0
2024,26079,18239.0
2024,26081,663150.0
2024,26083,2133.0
2024,26085,12563.0
2024,26087,88837.0
2024,26089,22734.0
2024,26091,98415.0
2024,26093,195833.0
2024,26095,6271.0
2024,26097,10957.0
2024,26099,879853.0
2024,26101,25350.0
2024,26103,67112.0
2024,26105,29207.0
2024,26107,41242.0
2024,26109,23247.0
2024,26111,83757.0
2024,26113,15207.0
2024,26115,155505.0
2024,26117,67816.0
2024,26119,9516.0
2024,26121,175961.0
2024,26123,50792.0
2024,26125,1279825.0
2024,26127,26915.0
2024,26129,20885.0
2024,26131,5850.0
2024,26133,23227.0
2024,26135,8425.0
2024,26137,25584.0
2024,26139,301203.0
2024,26141,13209.0
2024,26143,23737.0
2024,26145,188665.0
2024,26147,160221.0
2024,26149,60969.0
2024,26151,40462.0
2024,26153,8128.0
2024,26155,67991.0
2024,26157,52980.0
2024,26159,75795.0
2024,26161,369822.0
2024,26163,1772259.0
2024,26165,34077.0
2024,27001,16056.0
2024,27003,370349.0
2024,27005,35343.0
2024,27007,46512.0
2024,27009,41593.0
2024,27011,5127.0
2024,27013,69871.0
2024,27015,25800.0
2024,27017,36518.0
2024,27019,110041.0
2024,27021,30992.0
2024,27023,12377.0
2024,27025,57991.0
2024,27027,66059.0
2024,27029,8616.0
2024,27031,5635.0
2024,27033,11458.0
2024,27035,67686.0
2024,27037,445771.0
2024,27039,21045.0
2024,27041,39575.0
2024,27043,13914.0
2024,27045,21414.0
2024,27047,30623.0
2024,27049,47943.0
2024,27051,6127.0
2024,27053,1269496.0
2024,27055,18653.0
2024,27057,21831.0
2024,27059,42596.0
2024,27061,45275.0
2024,27063,9933.0
2024,27065,16390.0
2024,27067,44079.0
2024,27069,4084.0
2024,27071,11833.0
2024,27073,6682.0
2024,27075,10879.0
2024,27077,3821.0
2024,27079,29113.0
2024,27081,5603.0
2024,27083,25503.0
2024,27085,36798.0
2024,27087,5358.0
2024,27089,8909.0
2024,27091,19780.0
2024,27093,23468.0
2024,27095,27125.0
2024,27097,34249.0
2024,27099,40343.0
2024,27101,8097.0
2024,27103,34411.0
2024,27105,22041.0
2024,27107,6367.0
2024,27109,164498.0
2024,27111,60475.0
2024,27113,13791.0
2024,27115,29640.0
2024,27117,9284.0
2024,27119,30705.0
2024,27121,11418.0
2024,27123,542945.0
2024,27125,3915.0
2024,27127,15350.0
2024,27129,14558.0
2024,27131,67917.0
2024,27133,9621.0
2024,27135,15302.0
2024,27137,200123.0
2024,27139,154557.0
2024,27141,100560.0
2024,27143,15005.0
2024,27145,160865.0
2024,27147,37439.0
2024,27149,9739.0
2024,27151,9748.0
2024,27153,25575.0
2024,27155,3243.0
2024,27157,21565.0
2024,27159,14256.0
2024,27161,18885.0
2024,27163,276238.0
2024,27165,11205.0
2024,27167,6371.0
2024,27169,49779.0
2024,27171,148269.0
2024,27173,9451.0
2024,28001,28803.0
2024,28003,34289.0
2024,28005,12565.0
2024,28007,17526.0
2024,28009,7589.0
2024,28011,29534.0
2024,28013,12922.0
2024,28015,9686.0
2024,28017,16915.0
2024,28019,8118.0
2024,28021,8582.0
2024,28023,15314.0
2024,28025,18383.0
2024,28027,20540.0
2024,28029,27855.0
2024,28031,18148.0
2024,28033,191301.0
2024,28035,78272.0
2024,28037,7622.0
2024,28039,25170.0
2024,28041,13615.0
2024,28043,21217.0
2024,28045,46167.0
2024,28047,210891.0
2024,28049,218533.0
2024,28051,16191.0
2024,28053,7395.0
2024,28055,928.0
2024,28057,24036.0
2024,28059,145249.0
2024,28061,16059.0
2024,28063,7068.0
2024,28065,11117.0
2024,28067,66472.0
2024,28069,8729.0
2024,28071,58327.0
2024,28073,65713.0
2024,28075,71504.0
2024,28077,11786.0
2024,28079,21319.0
2024,28081,83034.0
2024,28083,27141.0
2024,28085,34877.0
2024,28087,57838.0
2024,28089,111647.0
2024,28091,24193.0
2024,28093,33979.0
2024,28095,33747.0
2024,28097,9602.0
2024,28099,28932.0
2024,28101,21093.0
2024,28103,10025.0
2024,28105,51771.0
2024,28107,32808.0
2024,28109,57458.0
2024,28111,11449.0
2024,28113,39602.0
2024,28115,31550.0
2024,28117,25184.0
2024,28119,5774.0
2024,28121,158854.0
2024,28123,27718.0
2024,28125,3872.0
2024,28127,25691.0
2024,28129,14132.0
2024,28131,18894.0
2024,28133,24333.0
2024,28135,11764.0
2024,28137,28321.0
2024,28139,21523.0
2024,28141,18660.0
2024,28143,9475.0
2024,28145,28122.0
2024,28147,13839.0
2024,28149,43020.0
2024,28151,42765.0
2024,28153,19718.0
2024,28155,9972.0
2024,28157,8162.0
2024,28159,17536.0
2024,28161,12419.0
2024,28163,24835.0
2024,29001,25301.0
2024,29003,18065.0
2024,29005,5187.0
2024,29007,24548.0
2024,29009,35033.0
2024,29011,11690.0
2024,29013,16186.0
2024,29015,20151.0
2024,29017,10559.0
2024,29019,188043.0
2024,29021,83568.0
2024,29023,42020.0
2024,29025,8927.0
2024,29027,44741.0
2024,29029,43667.0
2024,29031,82735.0
2024,29033,8411.0
2024,29035,5297.0
2024,29037,110773.0
2024,29039,14615.0
2024,29041,7390.0
2024,29043,92915.0
2024,29045,6675.0
2024,29047,258122.0
2024,29049,21414.0
2024,29051,77032.0
2024,29053,16824.0
2024,29055,22797.0
2024,29057,7641.0
2024,29059,17551.0
2024,29061,8477.0
2024,29063,10876.0
2024,29065,14539.0
2024,29067,11965.0
2024,29069,27493.0
2024,29071,105950.0
2024,29073,14746.0
2024,29075,6245.0
2024,29077,303375.0
2024,29079,9787.0
2024,29081,8190.0
2024,29083,22328.0
2024,29085,8585.0
2024,29087,4240.0
2024,29089,10147.0
2024,29091,40383.0
2024,29093,9446.0
2024,29095,719976.0
2024,29097,124357.0
2024,29099,229458.0
2024,29101,54732.0
2024,29103,3756.0
2024,29105,36390.0
2024,29107,33115.0
2024,29109,38593.0
2024,29111,9924.0
2024,29113,63057.0
2024,29115,11852.0
2024,29117,14364.0
2024,29119,23701.0
2024,29121,15163.0
2024,29123,12729.0
2024,29125,8450.0
2024,29127,28457.0
2024,29129,3482.0
2024,29131,25269.0
2024,29133,11902.0
2024,29135,15262.0
2024,29137,8734.0
2024,29139,11426.0
2024,29141,21717.0
2024,29143,15731.0
2024,29145,60118.0
2024,29147,20774.0
2024,29149,8673.0
2024,29151,13402.0
2024,29153,8873.0
2024,29155,14958.0
2024,29157,18976.0
2024,29159,43397.0
2024,29161,45194.0
2024,29163,17711.0
2024,29165,110371.0
2024,29167,32444.0
2024,29169,53894.0
2024,29171,4642.0
2024,29173,10428.0
2024,29175,24365.0
2024,29177,23145.0
2024,29179,6010.0
2024,29181,10708.0
2024,29183,414535.0
2024,29185,9587.0
2024,29186,18571.0
2024,29187,66999.0
2024,29189,995569.0
2024,29195,23231.0
2024,29197,4038.0
2024,29199,4686.0
2024,29201,37933.0
2024,29203,7177.0
2024,29205,5986.0
2024,29207,28470.0
2024,29209,32048.0
2024,29211,5857.0
2024,29213,56529.0
2024,29215,25161.0
2024,29217,19687.0
2024,29219,37177.0
2024,29221,23470.0
2024,29223,10862.0
2024,29225,40500.0
2024,29227,1934.0
2024,29229,18965.0
2024,29510,288512.0
2024,30001,9713.0
2024,30003,12891.0
2024,30005,6949.0
2024,30007,7668.0
2024,30009,11116.0
2024,30011,1308.0
2024,30013,84606.0
2024,30015,5906.0
2024,30017,11961.0
2024,30019,1494.0
2024,30021,8827.0
2024,30023,9597.0
2024,30025,2760.0
2024,30027,11687.0
2024,30029,110695.0
2024,30031,124074.0
2024,30033,1094.0
2024,30035,13637.0
2024,30037,899.0
2024,30039,3462.0
2024,30041,16155.0
2024,30043,12774.0
2024,30045,2071.0
2024,30047,32561.0
2024,30049,73464.0
2024,30051,1952.0
2024,30053,21175.0
2024,30055,1670.0
2024,30057,9223.0
2024,30059,2007.0
2024,30061,4959.0
2024,30063,120672.0
2024,30065,5152.0
2024,30067,17710.0
2024,30069,447.0
2024,30071,4221.0
2024,30073,6035.0
2024,30075,1815.0
2024,30077,7053.0
2024,30079,1250.0
2024,30081,46727.0
2024,30083,11235.0
2024,30085,10526.0
2024,30087,8165.0
2024,30089,13285.0
2024,30091,3669.0
2024,30093,35785.0
2024,30095,9182.0
2024,30097,3720.0
2024,30099,6353.0
2024,30101,5061.0
2024,30103,732.0
2024,30105,7519.0
2024,30107,2056.0
2024,30109,1193.0
2024,30111,168957.0
2024,31001,31052.0
2024,31003,6305.0
2024,31005,484.0
2024,31007,742.0
2024,31009,422.0
2024,31011,5356.0
2024,31013,10714.0
2024,31015,1688.0
2024,31017,2869.0
2024,31019,50579.0
2024,31021,6740.0
2024,31023,8424.0
2024,31025,27161.0
2024,31027,8315.0
2024,31029,3671.0
2024,31031,5498.0
2024,31033,9533.0
2024,31035,6095.0
2024,31037,10641.0
2024,31039,8975.0
2024,31041,10518.0
2024,31043,21354.0
2024,31045,8140.0
2024,31047,24202.0
2024,31049,1847.0
2024,31051,5545.0
2024,31053,37351.0
2024,31055,590736.0
2024,31057,1736.0
2024,31059,5541.0
2024,31061,2846.0
2024,31063,2569.0
2024,31065,4568.0
2024,31067,21629.0
2024,31069,1761.0
2024,31071,1718.0
2024,31073,2040.0
2024,31075,626.0
2024,31077,2202.0
2024,31079,62536.0
2024,31081,9464.0
2024,31083,2847.0
2024,31085,843.0
2024,31087,2569.0
2024,31089,10102.0
2024,31091,647.0
2024,31093,6534.0
2024,31095,7161.0
2024,31097,5261.0
2024,31099,6713.0
2024,31101,8219.0
2024,31103,822.0
2024,31105,3248.0
2024,31107,8363.0
2024,31109,326696.0
2024,31111,33802.0
2024,31113,773.0
2024,31115,578.0
2024,31117,475.0
2024,31119,35532.0
2024,31121,7724.0
2024,31123,4534.0
2024,31125,3324.0
2024,31127,7046.0
2024,31129,4087.0
2024,31131,16241.0
2024,31133,2530.0
2024,31135,2821.0
2024,31137,9009.0
2024,31139,7325.0
2024,31141,34716.0
2024,31143,5225.0
2024,31145,10557.0
2024,31147,7751.0
2024,31149,1319.0
2024,31151,14650.0
2024,31153,197389.0
2024,31155,23048.0
2024,31157,35843.0
2024,31159,17641.0
2024,31161,5014.0
2024,31163,2967.0
2024,31165,1171.0
2024,31167,5796.0
2024,31169,4901.0
2024,31171,564.0
2024,31173,6627.0
2024,31175,4066.0
2024,31177,21106.0
2024,31179,9844.0
2024,31181,3360.0
2024,31183,847.0
2024,31185,14286.0
2024,32001,25805.0
2024,32003,2329548.0
2024,32005,49623.0
2024,32007,54047.0
2024,32009,1028.0
2024,32011,1585.0
2024,32013,17289.0
2024,32015,5770.0
2024,32017,4405.0
2024,32019,61680.0
2024,32021,4542.0
2024,32023,54344.0
2024,32027,6487.0
2024,32029,4140.0
2024,32031,497200.0
2024,32033,8735.0
2024,32510,58384.0
2024,33001,64659.0
2024,33003,51804.0
2024,33005,77297.0
2024,33007,31271.0
2024,33009,92120.0
2024,33011,426378.0
2024,33013,155967.0
2024,33015,319082.0
2024,33017,132575.0
2024,33019,43715.0
2024,34001,276270.0
2024,34003,962316.0
2024,34005,467805.0
2024,34007,527257.0
2024,34009,94941.0
2024,34011,153305.0
2024,34013,863002.0
2024,34015,306954.0
2024,34017,718323.0
2024,34019,130160.0
2024,34021,385864.0
2024,34023,871290.0
2024,34025,645353.0
2024,34027,514528.0
2024,34029,654362.0
2024,34031,521012.0
2024,34033,65275.0
2024,34035,349846.0
2024,34037,145807.0
2024,34039,579290.0
2024,34041,110849.0
2024,35001,673930.0
2024,35003,3743.0
2024,35005,64217.0
2024,35006,26845.0
2024,35007,12322.0
2024,35009,47638.0
2024,35011,1576.0
2024,35013,224266.0
2024,35015,61105.0
2024,35017,27775.0
2024,35019,4381.0
2024,35021,741.0
2024,35023,4041.0
2024,35025,73733.0
2024,35027,20224.0
2024,35028,19435.0
2024,35029,25611.0
2024,35031,70431.0
2024,35033,4149.0
2024,35035,68816.0
2024,35037,8564.0
2024,35039,40070.0
2024,35041,18928.0
2024,35043,153604.0
2024,35045,120942.0
2024,35047,26850.0
2024,35049,156105.0
2024,35051,11500.0
2024,35053,16200.0
2024,35055,34543.0
2024,35057,15490.0
2024,35059,4013.0
2024,35061,78458.0
2024,36001,317018.0
2024,36003,47159.0
2024,36005,1404779.0
2024,36007,197378.0
2024,36009,76145.0
2024,36011,75102.0
2024,36013,125544.0
2024,36015,82147.0
2024,36017,46321.0
2024,36019,78493.0
2024,36021,61100.0
2024,36023,46246.0
2024,36025,44487.0
2024,36027,298220.0
2024,36029,950622.0
2024,36031,36973.0
2024,36033,46696.0
2024,36035,52487.0
2024,36037,57787.0
2024,36039,47409.0
2024,36041,5089.0
2024,36043,59757.0
2024,36045,115040.0
2024,36047,2631580.0
2024,36049,26607.0
2024,36051,61498.0
2024,36053,67328.0
2024,36055,753753.0
2024,36057,49528.0
2024,36059,1389591.0
2024,36061,1629477.0
2024,36063,210721.0
2024,36065,229124.0
2024,36067,471129.0
2024,36069,112625.0
2024,36071,406616.0
2024,36073,39608.0
2024,36075,117953.0
2024,36077,60108.0
2024,36079,98107.0
2024,36081,2323052.0
2024,36083,160332.0
2024,36085,494956.0
2024,36087,341883.0
2024,36089,107226.0
2024,36091,238284.0
2024,36093,160369.0
2024,36095,30049.0
2024,36097,17562.0
2024,36099,32920.0
2024,36101,92588.0
2024,36103,1530146.0
2024,36105,79721.0
2024,36107,47864.0
2024,36109,104537.0
2024,36111,182601.0
2024,36113,65517.0
2024,36115,60522.0
2024,36117,90929.0
2024,36119,999677.0
2024,36121,39753.0
2024,36123,24526.0
2024,37001,176893.0
2024,37003,36412.0
2024,37005,11174.0
2024,37007,22289.0
2024,37009,26950.0
2024,37011,17680.0
2024,37013,44499.0
2024,37015,17170.0
2024,37017,29566.0
2024,37019,152568.0
2024,37021,274360.0
2024,37023,87795.0
2024,37025,236133.0
2024,37027,80536.0
2024,37029,10927.0
2024,37031,69148.0
2024,37033,22404.0
2024,37035,163573.0
2024,37037,80151.0
2024,37039,29562.0
2024,37041,13836.0
2024,37043,11610.0
2024,37045,100991.0
2024,37047,50140.0
2024,37049,102612.0
2024,37051,338545.0
2024,37053,30601.0
2024,37055,37875.0
2024,37057,172954.0
2024,37059,44122.0
2024,37061,49335.0
2024,37063,332353.0
2024,37065,48736.0
2024,37067,389977.0
2024,37069,74386.0
2024,37071,234881.0
2024,37073,10376.0
2024,37075,8072.0
2024,37077,60877.0
2024,37079,20486.0
2024,37081,547940.0
2024,37083,47675.0
2024,37085,139150.0
2024,37087,62662.0
2024,37089,118484.0
2024,37091,19908.0
2024,37093,53835.0
2024,37095,4592.0
2024,37097,196544.0
2024,37099,43771.0
2024,37101,234263.0
2024,37103,9302.0
2024,37105,65816.0
2024,37107,54919.0
2024,37109,92716.0
2024,37111,44817.0
2024,37113,37941.0
2024,37115,21867.0
2024,37117,21644.0
2024,37119,1154681.0
2024,37121,14992.0
2024,37123,26007.0
2024,37125,104876.0
2024,37127,96216.0
2024,37129,235229.0
2024,37131,16931.0
2024,37133,207906.0
2024,37135,149678.0
2024,37137,12390.0
2024,37139,40834.0
2024,37141,65550.0
2024,37143,13244.0
2024,37145,39542.0
2024,37147,177193.0
2024,37149,19891.0
2024,37151,146348.0
2024,37153,42344.0
2024,37155,116902.0
2024,37157,92131.0
2024,37159,149875.0
2024,37161,64930.0
2024,37163,59470.0
2024,37165,33590.0
2024,37167,64651.0
2024,37169,45139.0
2024,37171,71425.0
2024,37173,14013.0
2024,37175,33691.0
2024,37177,3423.0
2024,37179,250958.0
2024,37181,42322.0
2024,37183,1178653.0
2024,37185,18795.0
2024,37187,10812.0
2024,37189,55123.0
2024,37191,118652.0
2024,37193,65935.0
2024,37195,79290.0
2024,37197,37574.0
2024,37199,18797.0
2024,38001,2145.0
2024,38003,10773.0
2024,38005,5808.0
2024,38007,1024.0
2024,38009,6378.0
2024,38011,2906.0
2024,38013,2156.0
2024,38015,100600.0
2024,38017,193400.0
2024,38019,3633.0
2024,38021,4935.0
2024,38023,2167.0
2024,38025,4040.0
2024,38027,2307.0
2024,38029,3254.0
2024,38031,3358.0
2024,38033,1653.0
2024,38035,72923.0
2024,38037,2269.0
2024,38039,2245.0
2024,38041,2432.0
2024,38043,2377.0
2024,38045,4118.0
2024,38047,1819.0
2024,38049,5207.0
2024,38051,2497.0
2024,38053,14321.0
2024,38055,9823.0
2024,38057,8337.0
2024,38059,33777.0
2024,38061,9507.0
2024,38063,3016.0
2024,38065,1839.0
2024,38067,6727.0
2024,38069,3928.0
2024,38071,11556.0
2024,38073,5643.0
2024,38075,2304.0
2024,38077,16584.0
2024,38079,11924.0
2024,38081,3804.0
2024,38083,1303.0
2024,38085,3740.0
2024,38087,766.0
2024,38089,33302.0
2024,38091,1804.0
2024,38093,21549.0
2024,38095,2079.0
2024,38097,7970.0
2024,38099,10396.0
2024,38101,68973.0
2024,38103,3890.0
2024,38105,39555.0
2024,39001,27540.0
2024,39003,101348.0
2024,39005,52256.0
2024,39007,97167.0
2024,39009,61737.0
2024,39011,46125.0
2024,39013,65473.0
2024,39015,43845.0
2024,39017,392876.0
2024,39019,26659.0
2024,39021,38804.0
2024,39023,135158.0
2024,39025,211181.0
2024,39027,42012.0
2024,39029,100704.0
2024,39031,36744.0
2024,39033,41711.0
2024,39035,1245873.0
2024,39037,51594.0
2024,39039,38343.0
2024,39041,226834.0
2024,39043,74581.0
2024,39045,163453.0
2024,39047,28876.0
2024,39049,1333048.0
2024,39051,42240.0
2024,39053,29068.0
2024,39055,95481.0
2024,39057,169688.0
2024,39059,38223.0
2024,39061,830774.0
2024,39063,74866.0
2024,39065,30475.0
2024,39067,14306.0
2024,39069,27567.0
2024,39071,43517.0
2024,39073,27799.0
2024,39075,44418.0
2024,39077,58319.0
2024,39079,32650.0
2024,39081,64518.0
2024,39083,63142.0
2024,39085,232216.0
2024,39087,56819.0
2024,39089,181837.0
2024,39091,46089.0
2024,39093,317129.0
2024,39095,428018.0
2024,39097,44423.0
2024,39099,226491.0
2024,39101,65020.0
2024,39103,183660.0
2024,39105,21896.0
2024,39107,42484.0
2024,39109,110296.0
2024,39111,13227.0
2024,39113,536096.0
2024,39115,13651.0
2024,39117,35404.0
2024,39119,86411.0
2024,39121,14282.0
2024,39123,39994.0
2024,39125,18791.0
2024,39127,35535.0
2024,39129,60131.0
2024,39131,27044.0
2024,39133,161956.0
2024,39135,40765.0
2024,39137,34314.0
2024,39139,125099.0
2024,39141,76492.0
2024,39143,58778.0
2024,39145,72627.0
2024,39147,54770.0
2024,39149,47929.0
2024,39151,373713.0
2024,39153,537864.0
2024,39155,200929.0
2024,39157,92385.0
2024,39159,67324.0
2024,39161,28826.0
2024,39163,12630.0
2024,39165,250008.0
2024,39167,58978.0
2024,39169,116588.0
2024,39171,36719.0
2024,39173,132064.0
2024,39175,21598.0
2024,40001,19575.0
2024,40003,5696.0
2024,40005,14379.0
2024,40007,5028.0
2024,40009,22148.0
2024,40011,8570.0
2024,40013,48253.0
2024,40015,26447.0
2024,40017,168985.0
2024,40019,48555.0
2024,40021,47942.0
2024,40023,14297.0
2024,40025,2218.0
2024,40027,300047.0
2024,40029,5320.0
2024,40031,121825.0
2024,40033,5485.0
2024,40035,14302.0
2024,40037,72830.0
2024,40039,28259.0
2024,40041,41279.0
2024,40043,4360.0
2024,40045,3683.0
2024,40047,62146.0
2024,40049,25860.0
2024,40051,56606.0
2024,40053,4131.0
2024,40055,5489.0
2024,40057,2406.0
2024,40059,3203.0
2024,40061,11683.0
2024,40063,13389.0
2024,40065,24678.0
2024,40067,5380.0
2024,40069,10278.0
2024,40071,43625.0
2024,40073,15430.0
2024,40075,8383.0
2024,40077,9518.0
2024,40079,49053.0
2024,40081,34219.0
2024,40083,51938.0
2024,40085,10261.0
2024,40087,45273.0
2024,40089,30863.0
2024,40091,19400.0
2024,40093,7628.0
2024,40095,15792.0
2024,40097,39604.0
2024,40099,13753.0
2024,40101,66444.0
2024,40103,10897.0
2024,40105,9435.0
2024,40107,11278.0
2024,40109,806199.0
2024,40111,36899.0
2024,40113,45997.0
2024,40115,30341.0
2024,40117,15795.0
2024,40119,82972.0
2024,40121,43561.0
2024,40123,38235.0
2024,40125,73463.0
2024,40127,10790.0
2024,40129,3359.0
2024,40131,98610.0
2024,40133,23494.0
2024,40135,39860.0
2024,40137,43551.0
2024,40139,20774.0
2024,40141,6910.0
2024,40143,680794.0
2024,40145,86609.0
2024,40147,53326.0
2024,40149,10815.0
2024,40151,8596.0
2024,40153,20158.0
2024,41001,16840.0
2024,41003,96303.0
2024,41005,423975.0
2024,41007,41363.0
2024,41009,53493.0
2024,41011,64827.0
2024,41013,26277.0
2024,41015,23381.0
2024,41017,206334.0
2024,41019,112072.0
2024,41021,1971.0
2024,41023,7209.0
2024,41025,7499.0
2024,41027,23905.0
2024,41029,222645.0
2024,41031,25203.0
2024,41033,88179.0
2024,41035,70247.0
2024,41037,8267.0
2024,41039,384207.0
2024,41041,50964.0
2024,41043,130706.0
2024,41045,31954.0
2024,41047,349244.0
2024,41049,12300.0
2024,41051,801477.0
2024,41053,89662.0
2024,41055,1938.0
2024,41057,27496.0
2024,41059,79940.0
2024,41061,26144.0
2024,41063,7553.0
2024,41065,26552.0
2024,41067,603947.0
2024,41069,1485.0
2024,41071,108734.0
2024,42001,106115.0
2024,42003,1238177.0
2024,42005,64622.0
2024,42007,166324.0
2024,42009,47513.0
2024,42011,433015.0
2024,42013,121277.0
2024,42015,59858.0
2024,42017,647461.0
2024,42019,197254.0
2024,42021,131538.0
2024,42023,4427.0
2024,42025,65382.0
2024,42027,158576.0
2024,42029,547840.0
2024,42031,37179.0
2024,42033,78635.0
2024,42035,37798.0
2024,42037,65362.0
2024,42039,82716.0
2024,42041,268323.0
2024,42043,289593.0
2024,42045,579222.0
2024,42047,30506.0
2024,42049,269052.0
2024,42051,125997.0
2024,42053,6715.0
2024,42055,157379.0
2024,42057,14531.0
2024,42059,34835.0
2024,42061,43653.0
2024,42063,83042.0
2024,42065,43864.0
2024,42067,23379.0
2024,42069,216146.0
2024,42071,557931.0
2024,42073,85024.0
2024,42075,144186.0
2024,42077,378792.0
2024,42079,327675.0
2024,42081,113489.0
2024,42083,39904.0
2024,42085,109257.0
2024,42087,46041.0
2024,42089,167515.0
2024,42091,867573.0
2024,42093,18103.0
2024,42095,318580.0
2024,42097,90560.0
2024,42099,46239.0
2024,42101,1579706.0
2024,42103,60621.0
2024,42105,16188.0
2024,42107,143558.0
2024,42109,39668.0
2024,42111,72799.0
2024,42113,5888.0
2024,42115,38219.0
2024,42117,40945.0
2024,42119,42456.0
2024,42121,49801.0
2024,42123,37920.0
2024,42125,210042.0
2024,42127,51262.0
2024,42129,352500.0
2024,42131,25967.0
2024,42133,462924.0
2024,44001,50490.0
2024,44003,171456.0
2024,44005,84657.0
2024,44007,664854.0
2024,44009,130344.0
2024,45001,24420.0
2024,45003,174160.0
2024,45005,7661.0
2024,45007,210478.0
2024,45009,13042.0
2024,45011,20521.0
2024,45013,195289.0
2024,45015,246802.0
2024,45017,14182.0
2024,45019,420264.0
2024,45021,56647.0
2024,45023,32182.0
2024,45025,43784.0
2024,45027,30986.0
2024,45029,38783.0
2024,45031,62558.0
2024,45033,27862.0
2024,45035,167201.0
2024,45037,27476.0
2024,45039,20550.0
2024,45041,137117.0
2024,45043,64811.0
2024,45045,548166.0
2024,45047,69489.0
2024,45049,18254.0
2024,45051,383016.0
2024,45053,32166.0
2024,45055,68314.0
2024,45057,104475.0
2024,45059,68666.0
2024,45061,16166.0
2024,45063,304887.0
2024,45065,9760.0
2024,45067,28664.0
2024,45069,25975.0
2024,45071,38435.0
2024,45073,80469.0
2024,45075,83253.0
2024,45077,134629.0
2024,45079,422117.0
2024,45081,19131.0
2024,45083,347852.0
2024,45085,104725.0
2024,45087,26885.0
2024,45089,30282.0
2024,45091,293673.0
2024,46003,2642.0
2024,46005,19309.0
2024,46007,3345.0
2024,46009,7044.0
2024,46011,35353.0
2024,46013,37877.0
2024,46015,5283.0
2024,46017,1808.0
2024,46019,10676.0
2024,46021,1593.0
2024,46023,9281.0
2024,46025,3917.0
2024,46027,15219.0
2024,46029,28767.0
2024,46031,3806.0
2024,46033,8892.0
2024,46035,19952.0
2024,46037,5437.0
2024,46039,4328.0
2024,46041,5205.0
2024,46043,2828.0
2024,46045,4048.0
2024,46047,7258.0
2024,46049,2126.0
2024,46051,7563.0
2024,46053,4016.0
2024,46055,1722.0
2024,46057,6373.0
2024,46059,3140.0
2024,46061,3472.0
2024,46063,1148.0
2024,46065,17664.0
2024,46067,7404.0
2024,46069,1191.0
2024,46071,2802.0
2024,46073,1772.0
2024,46075,1004.0
2024,46077,5244.0
2024,46079,10972.0
2024,46081,27233.0
2024,46083,70638.0
2024,46085,3724.0
2024,46087,5751.0
2024,46089,2145.0
2024,46091,4344.0
2024,46093,30546.0
2024,46095,1943.0
2024,46097,2300.0
2024,46099,203289.0
2024,46101,6397.0
2024,46102,13491.0
2024,46103,113512.0
2024,46105,3001.0
2024,46107,2388.0
2024,46109,10221.0
2024,46111,2384.0
2024,46115,6219.0
2024,46117,3015.0
2024,46119,1526.0
2024,46121,9244.0
2024,46123,5611.0
2024,46125,8882.0
2024,46127,17081.0
2024,46129,5271.0
2024,46135,23414.0
2024,46137,2377.0
2024,47001,79153.0
2024,47003,52237.0
2024,47005,16006.0
2024,47007,15032.0
2024,47009,139333.0
2024,47011,111065.0
2024,47013,39761.0
2024,47015,14818.0
2024,47017,28641.0
2024,47019,56712.0
2024,47021,41829.0
2024,47023,17611.0
2024,47025,32466.0
2024,47027,7670.0
2024,47029,36813.0
2024,47031,59710.0
2024,47033,13944.0
2024,47035,63553.0
2024,47037,715388.0
2024,47039,11579.0
2024,47041,20959.0
2024,47043,55983.0
2024,47045,36508.0
2024,47047,43267.0
2024,47049,19309.0
2024,47051,43990.0
2024,47053,50869.0
2024,47055,30620.0
2024,47057,24266.0
2024,47059,71628.0
2024,47061,13819.0
2024,47063,65669.0
2024,47065,376192.0
2024,47067,6852.0
2024,47069,25433.0
2024,47071,27249.0
2024,47073,57964.0
2024,47075,17475.0
2024,47077,27980.0
2024,47079,32412.0
2024,47081,25436.0
2024,47083,8353.0
2024,47085,19214.0
2024,47087,12029.0
2024,47089,56864.0
2024,47091,18196.0
2024,47093,494148.0
2024,47095,6579.0
2024,47097,24784.0
2024,47099,45385.0
2024,47101,12992.0
2024,47103,35946.0
2024,47105,58580.0
2024,47107,54884.0
2024,47109,25970.0
2024,47111,26240.0
2024,47113,99295.0
2024,47115,29250.0
2024,47117,36049.0
2024,47119,107791.0
2024,47121,13343.0
2024,47123,47695.0
2024,47125,234153.0
2024,47127,6674.0
2024,47129,21361.0
2024,47131,30453.0
2024,47133,23065.0
2024,47135,8697.0
2024,47137,5079.0
2024,47139,17898.0
2024,47141,82558.0
2024,47143,33992.0
2024,47145,55208.0
2024,47147,75539.0
2024,47149,360646.0
2024,47151,22113.0
2024,47153,16809.0
2024,47155,99652.0
2024,47157,919173.0
2024,47159,20389.0
2024,47161,14027.0
2024,47163,160624.0
2024,47165,204424.0
2024,47167,61553.0
2024,47169,11957.0
2024,47171,17756.0
2024,47173,20431.0
2024,47175,6437.0
2024,47177,42166.0
2024,47179,136261.0
2024,47181,16168.0
2024,47183,33016.0
2024,47185,28160.0
2024,47187,260351.0
2024,47189,158805.0
2024,48001,58439.0
2024,48003,18610.0
2024,48005,87275.0
2024,48007,24876.0
2024,48009,8867.0
2024,48011,1822.0
2024,48013,51008.0
2024,48015,31170.0
2024,48017,6913.0
2024,48019,22021.0
2024,48021,106582.0
2024,48023,3485.0
2024,48025,31083.0
2024,48027,386897.0
2024,48029,2067341.0
2024,48031,12446.0
2024,48033,713.0
2024,48035,18687.0
2024,48037,92115.0
2024,48039,391255.0
2024,48041,242311.0
2024,48043,9503.0
2024,48045,1301.0
2024,48047,6943.0
2024,48049,38347.0
2024,48051,18857.0
2024,48053,52652.0
2024,48055,48669.0
2024,48057,19868.0
2024,48059,14241.0
2024,48061,426120.0
2024,48063,12798.0
2024,48065,5801.0
2024,48067,28568.0
2024,48069,7344.0
2024,48071,51498.0
2024,48073,51886.0
2024,48075,6743.0
2024,48077,10495.0
2024,48079,2550.0
2024,48081,3353.0
2024,48083,7833.0
2024,48085,1163337.0
2024,48087,2588.0
2024,48089,21006.0
2024,48091,183826.0
2024,48093,13950.0
2024,48095,3328.0
2024,48097,43046.0
2024,48099,84748.0
2024,48101,1368.0
2024,48103,4610.0
2024,48105,2822.0
2024,48107,5041.0
2024,48109,2195.0
2024,48111,7298.0
2024,48113,2621179.0
2024,48115,12134.0
2024,48117,18460.0
2024,48119,5438.0
2024,48121,979561.0
2024,48123,20016.0
2024,48125,1747.0
2024,48127,8380.0
2024,48129,3257.0
2024,48131,9742.0
2024,48133,18011.0
2024,48135,164654.0
2024,48137,1290.0
2024,48139,213160.0
2024,48141,870779.0
2024,48143,43794.0
2024,48145,17291.0
2024,48147,37326.0
2024,48149,25042.0
2024,48151,3655.0
2024,48153,5216.0
2024,48155,991.0
2024,48157,893767.0
2024,48159,10632.0
2024,48161,20049.0
2024,48163,18582.0
2024,48165,22232.0
2024,48167,358990.0
2024,48169,5118.0
2024,48171,27524.0
2024,48173,1068.0
2024,48175,7141.0
2024,48177,19851.0
2024,48179,21045.0
2024,48181,143337.0
2024,48183,125480.0
2024,48185,31340.0
2024,48187,183642.0
2024,48189,32131.0
2024,48191,2820.0
2024,48193,8406.0
2024,48195,5119.0
2024,48197,3501.0
2024,48199,57642.0
2024,48201,4838303.0
2024,48203,70155.0
2024,48205,5215.0
2024,48207,5421.0
2024,48209,268638.0
2024,48211,3234.0
2024,48213,84862.0
2024,48215,891977.0
2024,48217,37328.0
2024,48219,21363.0
2024,48221,65894.0
2024,48223,37784.0
2024,48225,22051.0
2024,48227,32290.0
2024,48229,3403.0
2024,48231,108972.0
2024,48233,20184.0
2024,48235,1409.0
2024,48237,8882.0
2024,48239,15152.0
2024,48241,32727.0
2024,48243,1865.0
2024,48245,253878.0
2024,48247,4727.0
2024,48249,38850.0
2024,48251,195597.0
2024,48253,20304.0
2024,48255,14968.0
2024,48257,172604.0
2024,48259,48567.0
2024,48261,145.0
2024,48263,734.0
2024,48265,53489.0
2024,48267,4389.0
2024,48269,211.0
2024,48271,3157.0
2024,48273,30579.0
2024,48275,3307.0
2024,48277,50669.0
2024,48279,12828.0
2024,48281,22715.0
2024,48283,6839.0
2024,48285,20552.0
2024,48287,17971.0
2024,48289,16263.0
2024,48291,103380.0
2024,48293,22283.0
2024,48295,2918.0
2024,48297,11620.0
2024,48299,22424.0
2024,48301,33.0
2024,48303,318884.0
2024,48305,5752.0
2024,48307,7514.0
2024,48309,266067.0
2024,48311,700.0
2024,48313,13648.0
2024,48315,9737.0
2024,48317,5218.0
2024,48319,3955.0
2024,48321,36329.0
2024,48323,58082.0
2024,48325,53547.0
2024,48327,1955.0
2024,48329,174801.0
2024,48331,25567.0
2024,48333,4511.0
2024,48335,9018.0
2024,48337,21046.0
2024,48339,684432.0
2024,48341,21373.0
2024,48343,12076.0
2024,48345,1183.0
2024,48347,65162.0
2024,48349,54711.0
2024,48351,12093.0
2024,48353,14454.0
2024,48355,352955.0
2024,48357,9786.0
2024,48359,2249.0
2024,48361,85307.0
2024,48363,29295.0
2024,48365,22726.0
2024,48367,165168.0
2024,48369,9731.0
2024,48371,14896.0
2024,48373,52800.0
2024,48375,115975.0
2024,48377,5930.0
2024,48379,12775.0
2024,48381,146070.0
2024,48383,3232.0
2024,48385,2802.0
2024,48387,11611.0
2024,48389,12664.0
2024,48391,6707.0
2024,48393,832.0
2024,48395,17167.0
2024,48397,123617.0
2024,48399,9874.0
2024,48401,52842.0
2024,48403,10023.0
2024,48405,7874.0
2024,48407,28441.0
2024,48409,70181.0
2024,48411,5696.0
2024,48413,2381.0
2024,48415,16488.0
2024,48417,3175.0
2024,48419,24155.0
2024,48421,2295.0
2024,48423,241740.0
2024,48425,9691.0
2024,48427,66067.0
2024,48429,9351.0
2024,48431,1468.0
2024,48433,1227.0
2024,48435,3277.0
2024,48437,6937.0
2024,48439,2167390.0
2024,48441,145863.0
2024,48443,835.0
2024,48445,11629.0
2024,48447,1639.0
2024,48449,31363.0
2024,48451,119577.0
2024,48453,1330015.0
2024,48455,14046.0
2024,48457,20238.0
2024,48459,42567.0
2024,48461,3191.0
2024,48463,24881.0
2024,48465,47741.0
2024,48467,62649.0
2024,48469,91413.0
2024,48471,80209.0
2024,48473,61552.0
2024,48475,11144.0
2024,48477,36647.0
2024,48479,269294.0
2024,48481,41794.0
2024,48483,4862.0
2024,48485,129996.0
2024,48487,12616.0
2024,48489,20139.0
2024,48491,672688.0
2024,48493,52781.0
2024,48495,7454.0
2024,48497,75005.0
2024,48499,46961.0
2024,48501,7571.0
2024,48503,18029.0
2024,48505,13841.0
2024,48507,9412.0
2024,49001,7273.0
2024,49003,61246.0
2024,49005,140046.0
2024,49007,20517.0
2024,49009,783.0
2024,49011,370924.0
2024,49013,20185.0
2024,49015,10046.0
2024,49017,5219.0
2024,49019,9754.0
2024,49021,62252.0
2024,49023,12586.0
2024,49025,8170.0
2024,49027,13315.0
2024,49029,12802.0
2024,49031,1694.0
2024,49033,2631.0
2024,49035,1196523.0
2024,49037,14483.0
2024,49039,29719.0
2024,49041,22085.0
2024,49043,42970.0
2024,49045,79347.0
2024,49047,37056.0
2024,49049,705400.0
2024,49051,36642.0
2024,49053,196431.0
2024,49055,2584.0
2024,49057,269648.0
2024,50001,37664.0
2024,50003,37269.0
2024,50005,30475.0
2024,50007,169758.0
2024,50009,5982.0
2024,50011,50638.0
2024,50013,7450.0
2024,50015,26148.0
2024,50017,29761.0
2024,50019,27606.0
2024,50021,60425.0
2024,50023,60017.0
2024,50025,45923.0
2024,50027,57990.0
2024,51001,33335.0
2024,51003,114919.0
2024,51005,14859.0
2024,51007,13462.0
2024,51009,31485.0
2024,51011,16610.0
2024,51013,236254.0
2024,51015,78033.0
2024,51017,4100.0
2024,51019,80894.0
2024,51021,6199.0
2024,51023,34004.0
2024,51025,15841.0
2024,51027,19415.0
2024,51029,16976.0
2024,51031,55312.0
2024,51033,32098.0
2024,51035,29157.0
2024,51036,6627.0
2024,51037,11422.0
2024,51041,377869.0
2024,51043,15216.0
2024,51045,4856.0
2024,51047,54397.0
2024,51049,9818.0
2024,51051,13733.0
2024,51053,28191.0
2024,51057,10623.0
2024,51059,1147837.0
2024,51061,74577.0
2024,51063,15593.0
2024,51065,28092.0
2024,51067,55130.0
2024,51069,95008.0
2024,51071,16557.0
2024,51073,39526.0
2024,51075,26410.0
2024,51077,15287.0
2024,51079,21155.0
2024,51081,11275.0
2024,51083,33639.0
2024,51085,112879.0
2024,51087,335744.0
2024,51089,49980.0
2024,51091,2296.0
2024,51093,39974.0
2024,51095,81013.0
2024,51097,6695.0
2024,51099,27896.0
2024,51101,18593.0
2024,51103,10936.0
2024,51105,21900.0
2024,51107,432998.0
2024,51109,39980.0
2024,51111,12016.0
2024,51113,14044.0
2024,51115,8540.0
2024,51117,30516.0
2024,51119,10847.0
2024,51121,99101.0
2024,51125,14732.0
2024,51127,25105.0
2024,51131,12059.0
2024,51133,12188.0
2024,51135,15597.0
2024,51137,37822.0
2024,51139,23727.0
2024,51141,17512.0
2024,51143,59856.0
2024,51145,31555.0
2024,51147,21996.0
2024,51149,43146.0
2024,51153,488880.0
2024,51155,33687.0
2024,51157,7427.0
2024,51159,9095.0
2024,51161,97023.0
2024,51163,22531.0
2024,51165,85600.0
2024,51167,25538.0
2024,51169,21479.0
2024,51171,44925.0
2024,51173,29420.0
2024,51175,17964.0
2024,51177,146603.0
2024,51179,163466.0
2024,51181,6549.0
2024,51183,10765.0
2024,51185,39624.0
2024,51187,41531.0
2024,51191,53926.0
2024,51193,18826.0
2024,51195,35448.0
2024,51197,28188.0
2024,51199,71005.0
2024,51510,156976.0
2024,51520,16849.0
2024,51530,6593.0
2024,51540,45437.0
2024,51550,252583.0
2024,51570,18352.0
2024,51580,5680.0
2024,51590,42214.0
2024,51595,5547.0
2024,51600,25026.0
2024,51610,14710.0
2024,51620,8250.0
2024,51630,28873.0
2024,51640,6726.0
2024,51650,137557.0
2024,51660,51392.0
2024,51670,22959.0
2024,51678,7525.0
2024,51680,79497.0
2024,51683,42976.0
2024,51685,16798.0
2024,51690,13658.0
2024,51700,184216.0
2024,51710,233596.0
2024,51720,3577.0
2024,51730,33537.0
2024,51735,12639.0
2024,51740,97190.0
2024,51750,16726.0
2024,51760,229359.0
2024,51770,98355.0
2024,51775,25618.0
2024,51790,25948.0
2024,51800,98796.0
2024,51810,456349.0
2024,51820,22841.0
2024,51830,15798.0
2024,51840,27913.0
2024,53001,20800.0
2024,53003,22467.0
2024,53005,212905.0
2024,53007,80172.0
2024,53009,77813.0
2024,53011,516959.0
2024,53013,4014.0
2024,53015,112360.0
2024,53017,44366.0
2024,53019,7387.0
2024,53021,98902.0
2024,53023,2353.0
2024,53025,101799.0
2024,53027,77053.0
2024,53029,86836.0
2024,53031,33577.0
2024,53033,2287171.0
2024,53035,277881.0
2024,53037,47172.0
2024,53039,23411.0
2024,53041,85154.0
2024,53043,11489.0
2024,53045,67982.0
2024,53047,43425.0
2024,53049,23994.0
2024,53051,14050.0
2024,53053,930319.0
2024,53055,18478.0
2024,53057,131328.0
2024,53059,12402.0
2024,53061,844430.0
2024,53063,549056.0
2024,53065,48067.0
2024,53067,299067.0
2024,53069,4658.0
2024,53071,62161.0
2024,53073,230503.0
2024,53075,47003.0
2024,53077,257152.0
2024,54001,15424.0
2024,54003,129514.0
2024,54005,21026.0
2024,54007,12208.0
2024,54009,21805.0
2024,54011,92739.0
2024,54013,6048.0
2024,54015,7835.0
2024,54017,7711.0
2024,54019,39519.0
2024,54021,7288.0
2024,54023,10983.0
2024,54025,32386.0
2024,54027,23465.0
2024,54029,28431.0
2024,54031,14243.0
2024,54033,64984.0
2024,54035,27705.0
2024,54037,59260.0
2024,54039,176537.0
2024,54041,16740.0
2024,54043,19902.0
2024,54045,31418.0
2024,54047,17943.0
2024,54049,55909.0
2024,54051,29865.0
2024,54053,25043.0
2024,54055,58563.0
2024,54057,26854.0
2024,54059,22542.0
2024,54061,107163.0
2024,54063,12386.0
2024,54065,17426.0
2024,54067,24277.0
2024,54069,41582.0
2024,54071,6043.0
2024,54073,7521.0
2024,54075,7784.0
2024,54077,34160.0
2024,54079,57177.0
2024,54081,73195.0
2024,54083,27576.0
2024,54085,8286.0
2024,54087,13786.0
2024,54089,11729.0
2024,54091,16487.0
2024,54093,6654.0
2024,54095,8064.0
2024,54097,23712.0
2024,54099,38164.0
2024,54101,8144.0
2024,54103,14078.0
2024,54105,5053.0
2024,54107,83407.0
2024,54109,20629.0
2024,55001,21123.0
2024,55003,16080.0
2024,55005,46797.0
2024,55007,16575.0
2024,55009,270892.0
2024,55011,13393.0
2024,55013,16916.0
2024,55015,52942.0
2024,55017,66799.0
2024,55019,34739.0
2024,55021,58272.0
2024,55023,16042.0
2024,55025,572674.0
2024,55027,88742.0
2024,55029,30445.0
2024,55031,44229.0
2024,55033,45527.0
2024,55035,107116.0
2024,55037,4646.0
2024,55039,104137.0
2024,55041,9369.0
2024,55043,51770.0
2024,55045,37017.0
2024,55047,19263.0
2024,55049,23867.0
2024,55051,6210.0
2024,55053,20981.0
2024,55055,86003.0
2024,55057,26689.0
2024,55059,168438.0
2024,55061,20664.0
2024,55063,120488.0
2024,55065,16942.0
2024,55067,19490.0
2024,55069,28426.0
2024,55071,81406.0
2024,55073,138403.0
2024,55075,42046.0
2024,55077,15746.0
2024,55078,4252.0
2024,55079,926331.0
2024,55081,46208.0
2024,55083,39589.0
2024,55085,38167.0
2024,55087,192826.0
2024,55089,92966.0
2024,55091,7431.0
2024,55093,42584.0
2024,55095,45555.0
2024,55097,70832.0
2024,55099,14092.0
2024,55101,197532.0
2024,55103,17205.0
2024,55105,164350.0
2024,55107,14179.0
2024,55109,96033.0
2024,55111,66009.0
2024,55113,18476.0
2024,55115,41039.0
2024,55117,117991.0
2024,55119,20024.0
2024,55121,30839.0
2024,55123,31049.0
2024,55125,23647.0
2024,55127,105657.0
2024,55129,16854.0
2024,55131,137879.0
2024,55133,411762.0
2024,55135,51569.0
2024,55137,24868.0
2024,55139,171769.0
2024,55141,74004.0
2024,56001,38249.0
2024,56003,11828.0
2024,56005,47240.0
2024,56007,14463.0
2024,56009,13762.0
2024,56011,7455.0
2024,56013,39533.0
2024,56015,12605.0
2024,56017,4620.0
2024,56019,8686.0
2024,56021,101060.0
2024,56023,20486.0
2024,56025,79977.0
2024,56027,2368.0
2024,56029,30449.0
2024,56031,8612.0
2024,56033,32055.0
2024,56035,8838.0
2024,56037,41542.0
2024,56039,23396.0
2024,56041,20644.0
2024,56043,7703.0
2024,56045,6826.0
2024,72001,17960.0
2024,72003,37758.0
2024,72005,54137.0
2024,72007,23614.0
2024,72009,24636.0
2024,72011,25094.0
2024,72013,86467.0
2024,72015,15341.0
2024,72017,22494.0
2024,72019,29054.0
2024,72021,182469.0
2024,72023,46876.0
2024,72025,125586.0
2024,72027,32734.0
2024,72029,41816.0
2024,72031,152204.0
2024,72033,22467.0
2024,72035,40917.0
2024,72037,10995.0
2024,72039,16805.0
2024,72041,39643.0
2024,72043,33998.0
2024,72045,18711.0
2024,72047,34444.0
2024,72049,1387.0
2024,72051,35810.0
2024,72053,31489.0
2024,72054,11532.0
2024,72055,12855.0
2024,72057,35298.0
2024,72059,17141.0
2024,72061,89378.0
2024,72063,40228.0
2024,72065,38157.0
2024,72067,15441.0
2024,72069,50100.0
2024,72071,42890.0
2024,72073,14566.0
2024,72075,46156.0
2024,72077,36829.0
2024,72079,23035.0
2024,72081,27855.0
2024,72083,8744.0
2024,72085,34951.0
2024,72087,22768.0
2024,72089,17532.0
2024,72091,38943.0
2024,72093,4988.0
2024,72095,10399.0
2024,72097,70828.0
2024,72099,37424.0
2024,72101,28397.0
2024,72103,23054.0
2024,72105,29310.0
2024,72107,21309.0
2024,72109,15563.0
2024,72111,19853.0
2024,72113,132760.0
2024,72115,23409.0
2024,72117,15378.0
2024,72119,46051.0
2024,72121,22407.0
2024,72123,25079.0
2024,72125,31305.0
2024,72127,336160.0
2024,72129,37431.0
2024,72131,39088.0
2024,72133,19903.0
2024,72135,66320.0
2024,72137,73039.0
2024,72139,67088.0
2024,72141,27621.0
2024,72143,34921.0
2024,72145,53892.0
2024,72147,8078.0
2024,72149,21556.0
2024,72151,29400.0
2024,72153,32993.0
