cbsa_code,metric,period,value
10100,permits_multifamily,2024,0
10100,permits_multifamily,2025,80
10100,permits_single_family,2024,70
10100,permits_single_family,2025,65
10100,permits_units,2024,86
10100,permits_units,2025,169
10140,permits_multifamily,2024,12
10140,permits_multifamily,2025,0
10140,permits_single_family,2024,251
10140,permits_single_family,2025,201
10140,permits_units,2024,288
10140,permits_units,2025,224
10180,permits_multifamily,2014,0
10180,permits_multifamily,2015,228
10180,permits_multifamily,2016,0
10180,permits_multifamily,2017,0
10180,permits_multifamily,2018,0
10180,permits_multifamily,2019,0
10180,permits_multifamily,2020,196
10180,permits_multifamily,2021,289
10180,permits_multifamily,2022,274
10180,permits_multifamily,2023,64
10180,permits_multifamily,2024,0
10180,permits_multifamily,2025,0
10180,permits_single_family,2014,284
10180,permits_single_family,2015,303
10180,permits_single_family,2016,298
10180,permits_single_family,2017,282
10180,permits_single_family,2018,335
10180,permits_single_family,2019,354
10180,permits_single_family,2020,397
10180,permits_single_family,2021,506
10180,permits_single_family,2022,473
10180,permits_single_family,2023,342
10180,permits_single_family,2024,431
10180,permits_single_family,2025,834
10180,permits_units,2014,284
10180,permits_units,2015,535
10180,permits_units,2016,306
10180,permits_units,2017,322
10180,permits_units,2018,357
10180,permits_units,2019,370
10180,permits_units,2020,663
10180,permits_units,2021,883
10180,permits_units,2022,799
10180,permits_units,2023,462
10180,permits_units,2024,527
10180,permits_units,2025,1160
10220,permits_multifamily,2024,0
10220,permits_multifamily,2025,0
10220,permits_single_family,2024,2
10220,permits_single_family,2025,15
10220,permits_units,2024,2
10220,permits_units,2025,27
10300,permits_multifamily,2024,8
10300,permits_multifamily,2025,11
10300,permits_single_family,2024,160
10300,permits_single_family,2025,169
10300,permits_units,2024,168
10300,permits_units,2025,184
10380,permits_multifamily,2025,168
10380,permits_single_family,2025,519
10380,permits_units,2025,716
10420,permits_multifamily,2014,63
10420,permits_multifamily,2015,159
10420,permits_multifamily,2016,0
10420,permits_multifamily,2017,11
10420,permits_multifamily,2018,179
10420,permits_multifamily,2019,55
10420,permits_multifamily,2020,89
10420,permits_multifamily,2021,217
10420,permits_multifamily,2022,1746
10420,permits_multifamily,2023,124
10420,permits_multifamily,2024,412
10420,permits_multifamily,2025,78
10420,permits_single_family,2014,684
10420,permits_single_family,2015,792
10420,permits_single_family,2016,905
10420,permits_single_family,2017,901
10420,permits_single_family,2018,1011
10420,permits_single_family,2019,856
10420,permits_single_family,2020,788
10420,permits_single_family,2021,881
10420,permits_single_family,2022,796
10420,permits_single_family,2023,709
10420,permits_single_family,2024,761
10420,permits_single_family,2025,638
10420,permits_units,2014,763
10420,permits_units,2015,967
10420,permits_units,2016,909
10420,permits_units,2017,920
10420,permits_units,2018,1210
10420,permits_units,2019,945
10420,permits_units,2020,914
10420,permits_units,2021,1215
10420,permits_units,2022,3047
10420,permits_units,2023,940
10420,permits_units,2024,1282
10420,permits_units,2025,751
10460,permits_multifamily,2024,0
10460,permits_multifamily,2025,0
10460,permits_single_family,2024,6
10460,permits_single_family,2025,3
10460,permits_units,2024,6
10460,permits_units,2025,3
10480,permits_multifamily,2024,0
10480,permits_multifamily,2025,0
10480,permits_single_family,2024,202
10480,permits_single_family,2025,176
10480,permits_units,2024,214
10480,permits_units,2025,190
10500,permits_multifamily,2014,5
10500,permits_multifamily,2015,5
10500,permits_multifamily,2016,46
10500,permits_multifamily,2017,5
10500,permits_multifamily,2018,15
10500,permits_multifamily,2019,220
10500,permits_multifamily,2020,194
10500,permits_multifamily,2021,0
10500,permits_multifamily,2022,33
10500,permits_multifamily,2023,15
10500,permits_multifamily,2024,64
10500,permits_multifamily,2025,36
10500,permits_single_family,2014,235
10500,permits_single_family,2015,166
10500,permits_single_family,2016,176
10500,permits_single_family,2017,411
10500,permits_single_family,2018,170
10500,permits_single_family,2019,182
10500,permits_single_family,2020,173
10500,permits_single_family,2021,224
10500,permits_single_family,2022,169
10500,permits_single_family,2023,162
10500,permits_single_family,2024,192
10500,permits_single_family,2025,154
10500,permits_units,2014,271
10500,permits_units,2015,203
10500,permits_units,2016,230
10500,permits_units,2017,416
10500,permits_units,2018,188
10500,permits_units,2019,402
10500,permits_units,2020,367
10500,permits_units,2021,224
10500,permits_units,2022,202
10500,permits_units,2023,183
10500,permits_units,2024,259
10500,permits_units,2025,192
10540,permits_multifamily,2014,121
10540,permits_multifamily,2015,15
10540,permits_multifamily,2016,10
10540,permits_multifamily,2017,58
10540,permits_multifamily,2018,92
10540,permits_multifamily,2019,250
10540,permits_multifamily,2020,311
10540,permits_multifamily,2021,223
10540,permits_multifamily,2022,78
10540,permits_multifamily,2023,79
10540,permits_multifamily,2024,60
10540,permits_multifamily,2025,26
10540,permits_single_family,2014,270
10540,permits_single_family,2015,344
10540,permits_single_family,2016,395
10540,permits_single_family,2017,481
10540,permits_single_family,2018,446
10540,permits_single_family,2019,466
10540,permits_single_family,2020,440
10540,permits_single_family,2021,385
10540,permits_single_family,2022,220
10540,permits_single_family,2023,239
10540,permits_single_family,2024,201
10540,permits_single_family,2025,140
10540,permits_units,2014,393
10540,permits_units,2015,365
10540,permits_units,2016,405
10540,permits_units,2017,539
10540,permits_units,2018,540
10540,permits_units,2019,716
10540,permits_units,2020,796
10540,permits_units,2021,620
10540,permits_units,2022,327
10540,permits_units,2023,377
10540,permits_units,2024,309
10540,permits_units,2025,189
10580,permits_multifamily,2014,839
10580,permits_multifamily,2015,2132
10580,permits_multifamily,2016,1120
10580,permits_multifamily,2017,925
10580,permits_multifamily,2018,857
10580,permits_multifamily,2019,665
10580,permits_multifamily,2020,628
10580,permits_multifamily,2021,1182
10580,permits_multifamily,2022,1257
10580,permits_multifamily,2023,836
10580,permits_multifamily,2024,1068
10580,permits_multifamily,2025,697
10580,permits_single_family,2014,1203
10580,permits_single_family,2015,1185
10580,permits_single_family,2016,1380
10580,permits_single_family,2017,1212
10580,permits_single_family,2018,1231
10580,permits_single_family,2019,1120
10580,permits_single_family,2020,1299
10580,permits_single_family,2021,1385
10580,permits_single_family,2022,1266
10580,permits_single_family,2023,976
10580,permits_single_family,2024,1201
10580,permits_single_family,2025,1277
10580,permits_units,2014,2231
10580,permits_units,2015,3623
10580,permits_units,2016,2853
10580,permits_units,2017,2346
10580,permits_units,2018,2239
10580,permits_units,2019,1870
10580,permits_units,2020,2046
10580,permits_units,2021,2697
10580,permits_units,2022,2635
10580,permits_units,2023,1907
10580,permits_units,2024,2366
10580,permits_units,2025,2047
10620,permits_multifamily,2024,0
10620,permits_multifamily,2025,0
10620,permits_single_family,2024,367
10620,permits_single_family,2025,336
10620,permits_units,2024,367
10620,permits_units,2025,336
10660,permits_multifamily,2024,0
10660,permits_multifamily,2025,0
10660,permits_single_family,2024,16
10660,permits_single_family,2025,13
10660,permits_units,2024,16
10660,permits_units,2025,13
10700,permits_multifamily,2024,0
10700,permits_multifamily,2025,0
10700,permits_single_family,2024,161
10700,permits_single_family,2025,216
10700,permits_units,2024,163
10700,permits_units,2025,222
10740,permits_multifamily,2014,336
10740,permits_multifamily,2015,219
10740,permits_multifamily,2016,500
10740,permits_multifamily,2017,251
10740,permits_multifamily,2018,75
10740,permits_multifamily,2019,262
10740,permits_multifamily,2020,68
10740,permits_multifamily,2021,1410
10740,permits_multifamily,2022,942
10740,permits_multifamily,2023,777
10740,permits_multifamily,2024,762
10740,permits_multifamily,2025,984
10740,permits_single_family,2014,2128
10740,permits_single_family,2015,2012
10740,permits_single_family,2016,1931
10740,permits_single_family,2017,1996
10740,permits_single_family,2018,2086
10740,permits_single_family,2019,1872
10740,permits_single_family,2020,1925
10740,permits_single_family,2021,2535
10740,permits_single_family,2022,1903
10740,permits_single_family,2023,2057
10740,permits_single_family,2024,2064
10740,permits_single_family,2025,1812
10740,permits_units,2014,2543
10740,permits_units,2015,2295
10740,permits_units,2016,2465
10740,permits_units,2017,2256
10740,permits_units,2018,2186
10740,permits_units,2019,2148
10740,permits_units,2020,2014
10740,permits_units,2021,4021
10740,permits_units,2022,2852
10740,permits_units,2023,2834
10740,permits_units,2024,2876
10740,permits_units,2025,2830
10760,permits_multifamily,2024,0
10760,permits_multifamily,2025,0
10760,permits_single_family,2024,216
10760,permits_single_family,2025,230
10760,permits_units,2024,216
10760,permits_units,2025,230
10780,permits_multifamily,2014,0
10780,permits_multifamily,2015,0
10780,permits_multifamily,2016,0
10780,permits_multifamily,2017,0
10780,permits_multifamily,2018,0
10780,permits_multifamily,2019,0
10780,permits_multifamily,2020,0
10780,permits_multifamily,2021,0
10780,permits_multifamily,2022,0
10780,permits_multifamily,2023,0
10780,permits_multifamily,2024,0
10780,permits_multifamily,2025,0
10780,permits_single_family,2014,311
10780,permits_single_family,2015,241
10780,permits_single_family,2016,326
10780,permits_single_family,2017,292
10780,permits_single_family,2018,289
10780,permits_single_family,2019,303
10780,permits_single_family,2020,287
10780,permits_single_family,2021,273
10780,permits_single_family,2022,313
10780,permits_single_family,2023,223
10780,permits_single_family,2024,219
10780,permits_single_family,2025,247
10780,permits_units,2014,323
10780,permits_units,2015,289
10780,permits_units,2016,390
10780,permits_units,2017,302
10780,permits_units,2018,305
10780,permits_units,2019,333
10780,permits_units,2020,313
10780,permits_units,2021,289
10780,permits_units,2022,353
10780,permits_units,2023,241
10780,permits_units,2024,241
10780,permits_units,2025,273
10820,permits_multifamily,2024,88
10820,permits_multifamily,2025,162
10820,permits_single_family,2024,191
10820,permits_single_family,2025,157
10820,permits_units,2024,285
10820,permits_units,2025,319
10860,permits_multifamily,2024,0
10860,permits_multifamily,2025,0
10860,permits_single_family,2024,4
10860,permits_single_family,2025,3
10860,permits_units,2024,4
10860,permits_units,2025,3
10900,permits_multifamily,2014,734
10900,permits_multifamily,2015,406
10900,permits_multifamily,2016,163
10900,permits_multifamily,2017,158
10900,permits_multifamily,2018,162
10900,permits_multifamily,2019,239
10900,permits_multifamily,2020,548
10900,permits_multifamily,2021,858
10900,permits_multifamily,2022,608
10900,permits_multifamily,2023,378
10900,permits_multifamily,2024,1050
10900,permits_multifamily,2025,711
10900,permits_single_family,2014,1051
10900,permits_single_family,2015,943
10900,permits_single_family,2016,1059
10900,permits_single_family,2017,938
10900,permits_single_family,2018,1082
10900,permits_single_family,2019,1078
10900,permits_single_family,2020,1110
10900,permits_single_family,2021,1716
10900,permits_single_family,2022,1576
10900,permits_single_family,2023,1329
10900,permits_single_family,2024,1368
10900,permits_single_family,2025,1202
10900,permits_units,2014,1801
10900,permits_units,2015,1356
10900,permits_units,2016,1263
10900,permits_units,2017,1118
10900,permits_units,2018,1246
10900,permits_units,2019,1345
10900,permits_units,2020,1688
10900,permits_units,2021,2606
10900,permits_units,2022,2232
10900,permits_units,2023,1735
10900,permits_units,2024,2485
10900,permits_units,2025,1974
10940,permits_multifamily,2024,0
10940,permits_multifamily,2025,9
10940,permits_single_family,2024,37
10940,permits_single_family,2025,39
10940,permits_units,2024,37
10940,permits_units,2025,48
10980,permits_multifamily,2024,0
10980,permits_multifamily,2025,34
10980,permits_single_family,2024,35
10980,permits_single_family,2025,38
10980,permits_units,2024,37
10980,permits_units,2025,72
11020,permits_multifamily,2014,8
11020,permits_multifamily,2015,5
11020,permits_multifamily,2016,41
11020,permits_multifamily,2017,0
11020,permits_multifamily,2018,0
11020,permits_multifamily,2019,0
11020,permits_multifamily,2020,0
11020,permits_multifamily,2021,0
11020,permits_multifamily,2022,52
11020,permits_multifamily,2023,12
11020,permits_multifamily,2024,6
11020,permits_multifamily,2025,0
11020,permits_single_family,2014,88
11020,permits_single_family,2015,108
11020,permits_single_family,2016,102
11020,permits_single_family,2017,88
11020,permits_single_family,2018,101
11020,permits_single_family,2019,111
11020,permits_single_family,2020,96
11020,permits_single_family,2021,94
11020,permits_single_family,2022,71
11020,permits_single_family,2023,62
11020,permits_single_family,2024,69
11020,permits_single_family,2025,66
11020,permits_units,2014,100
11020,permits_units,2015,117
11020,permits_units,2016,183
11020,permits_units,2017,114
11020,permits_units,2018,101
11020,permits_units,2019,111
11020,permits_units,2020,96
11020,permits_units,2021,94
11020,permits_units,2022,123
11020,permits_units,2023,110
11020,permits_units,2024,87
11020,permits_units,2025,86
11060,permits_multifamily,2024,0
11060,permits_multifamily,2025,0
11060,permits_single_family,2024,7
11060,permits_single_family,2025,20
11060,permits_units,2024,7
11060,permits_units,2025,20
11100,permits_multifamily,2014,372
11100,permits_multifamily,2015,312
11100,permits_multifamily,2016,0
11100,permits_multifamily,2017,204
11100,permits_multifamily,2018,101
11100,permits_multifamily,2019,0
11100,permits_multifamily,2020,285
11100,permits_multifamily,2021,16
11100,permits_multifamily,2022,110
11100,permits_multifamily,2023,55
11100,permits_multifamily,2024,650
11100,permits_multifamily,2025,312
11100,permits_single_family,2014,496
11100,permits_single_family,2015,564
11100,permits_single_family,2016,718
11100,permits_single_family,2017,555
11100,permits_single_family,2018,637
11100,permits_single_family,2019,554
11100,permits_single_family,2020,721
11100,permits_single_family,2021,682
11100,permits_single_family,2022,818
11100,permits_single_family,2023,567
11100,permits_single_family,2024,639
11100,permits_single_family,2025,652
11100,permits_units,2014,918
11100,permits_units,2015,880
11100,permits_units,2016,740
11100,permits_units,2017,775
11100,permits_units,2018,750
11100,permits_units,2019,584
11100,permits_units,2020,1022
11100,permits_units,2021,736
11100,permits_units,2022,982
11100,permits_units,2023,672
11100,permits_units,2024,1297
11100,permits_units,2025,994
11140,permits_multifamily,2024,15
11140,permits_multifamily,2025,12
11140,permits_single_family,2024,42
11140,permits_single_family,2025,42
11140,permits_units,2024,57
11140,permits_units,2025,54
11180,permits_multifamily,2014,350
11180,permits_multifamily,2015,354
11180,permits_multifamily,2016,475
11180,permits_multifamily,2017,631
11180,permits_multifamily,2018,340
11180,permits_multifamily,2019,272
11180,permits_multifamily,2020,8
11180,permits_multifamily,2021,110
11180,permits_multifamily,2022,32
11180,permits_multifamily,2023,8
11180,permits_multifamily,2024,50
11180,permits_multifamily,2025,157
11180,permits_single_family,2014,179
11180,permits_single_family,2015,196
11180,permits_single_family,2016,210
11180,permits_single_family,2017,257
11180,permits_single_family,2018,273
11180,permits_single_family,2019,258
11180,permits_single_family,2020,251
11180,permits_single_family,2021,279
11180,permits_single_family,2022,236
11180,permits_single_family,2023,167
11180,permits_single_family,2024,205
11180,permits_single_family,2025,199
11180,permits_units,2014,539
11180,permits_units,2015,555
11180,permits_units,2016,709
11180,permits_units,2017,902
11180,permits_units,2018,626
11180,permits_units,2019,549
11180,permits_units,2020,270
11180,permits_units,2021,394
11180,permits_units,2022,328
11180,permits_units,2023,262
11180,permits_units,2024,273
11180,permits_units,2025,392
11200,permits_multifamily,2024,162
11200,permits_multifamily,2025,136
11200,permits_single_family,2024,150
11200,permits_single_family,2025,93
11200,permits_units,2024,318
11200,permits_units,2025,291
11220,permits_multifamily,2024,168
11220,permits_multifamily,2025,64
11220,permits_single_family,2024,44
11220,permits_single_family,2025,41
11220,permits_units,2024,212
11220,permits_units,2025,105
11260,permits_multifamily,2014,176
11260,permits_multifamily,2015,148
11260,permits_multifamily,2016,216
11260,permits_multifamily,2017,208
11260,permits_multifamily,2018,208
11260,permits_multifamily,2019,225
11260,permits_multifamily,2020,189
11260,permits_multifamily,2021,244
11260,permits_multifamily,2022,29
11260,permits_multifamily,2023,89
11260,permits_multifamily,2024,119
11260,permits_multifamily,2025,36
11260,permits_single_family,2014,671
11260,permits_single_family,2015,695
11260,permits_single_family,2016,751
11260,permits_single_family,2017,851
11260,permits_single_family,2018,938
11260,permits_single_family,2019,878
11260,permits_single_family,2020,771
11260,permits_single_family,2021,877
11260,permits_single_family,2022,166
11260,permits_single_family,2023,338
11260,permits_single_family,2024,198
11260,permits_single_family,2025,226
11260,permits_units,2014,887
11260,permits_units,2015,933
11260,permits_units,2016,1046
11260,permits_units,2017,1148
11260,permits_units,2018,1259
11260,permits_units,2019,1163
11260,permits_units,2020,1030
11260,permits_units,2021,1183
11260,permits_units,2022,213
11260,permits_units,2023,457
11260,permits_units,2024,426
11260,permits_units,2025,297
11360,permits_multifamily,2024,12
11360,permits_multifamily,2025,0
11360,permits_single_family,2024,2219
11360,permits_single_family,2025,2195
11360,permits_units,2024,2231
11360,permits_units,2025,2205
11380,permits_multifamily,2024,48
11380,permits_multifamily,2025,26
11380,permits_single_family,2024,24
11380,permits_single_family,2025,67
11380,permits_units,2024,72
11380,permits_units,2025,93
11420,permits_multifamily,2024,72
11420,permits_multifamily,2025,0
11420,permits_single_family,2024,135
11420,permits_single_family,2025,125
11420,permits_units,2024,209
11420,permits_units,2025,127
11460,permits_multifamily,2014,183
11460,permits_multifamily,2015,30
11460,permits_multifamily,2016,0
11460,permits_multifamily,2017,22
11460,permits_multifamily,2018,116
11460,permits_multifamily,2019,123
11460,permits_multifamily,2020,197
11460,permits_multifamily,2021,15
11460,permits_multifamily,2022,33
11460,permits_multifamily,2023,1080
11460,permits_multifamily,2024,560
11460,permits_multifamily,2025,534
11460,permits_single_family,2014,385
11460,permits_single_family,2015,390
11460,permits_single_family,2016,438
11460,permits_single_family,2017,583
11460,permits_single_family,2018,652
11460,permits_single_family,2019,608
11460,permits_single_family,2020,711
11460,permits_single_family,2021,795
11460,permits_single_family,2022,603
11460,permits_single_family,2023,485
11460,permits_single_family,2024,557
11460,permits_single_family,2025,532
11460,permits_units,2014,570
11460,permits_units,2015,420
11460,permits_units,2016,438
11460,permits_units,2017,657
11460,permits_units,2018,805
11460,permits_units,2019,815
11460,permits_units,2020,1065
11460,permits_units,2021,916
11460,permits_units,2022,656
11460,permits_units,2023,1597
11460,permits_units,2024,1193
11460,permits_units,2025,1088
11500,permits_multifamily,2014,12
11500,permits_multifamily,2015,0
11500,permits_multifamily,2016,7
11500,permits_multifamily,2017,0
11500,permits_multifamily,2018,0
11500,permits_multifamily,2019,0
11500,permits_multifamily,2020,0
11500,permits_multifamily,2021,0
11500,permits_multifamily,2022,0
11500,permits_multifamily,2023,0
11500,permits_multifamily,2024,0
11500,permits_multifamily,2025,0
11500,permits_single_family,2014,102
11500,permits_single_family,2015,61
11500,permits_single_family,2016,62
11500,permits_single_family,2017,69
11500,permits_single_family,2018,66
11500,permits_single_family,2019,105
11500,permits_single_family,2020,102
11500,permits_single_family,2021,68
11500,permits_single_family,2022,76
11500,permits_single_family,2023,62
11500,permits_single_family,2024,126
11500,permits_single_family,2025,130
11500,permits_units,2014,114
11500,permits_units,2015,61
11500,permits_units,2016,77
11500,permits_units,2017,69
11500,permits_units,2018,70
11500,permits_units,2019,105
11500,permits_units,2020,102
11500,permits_units,2021,68
11500,permits_units,2022,78
11500,permits_units,2023,64
11500,permits_units,2024,138
11500,permits_units,2025,144
11540,permits_multifamily,2014,346
11540,permits_multifamily,2015,491
11540,permits_multifamily,2016,146
11540,permits_multifamily,2017,246
11540,permits_multifamily,2018,144
11540,permits_multifamily,2019,33
11540,permits_multifamily,2020,629
11540,permits_multifamily,2021,755
11540,permits_multifamily,2022,183
11540,permits_multifamily,2023,228
11540,permits_multifamily,2024,30
11540,permits_multifamily,2025,584
11540,permits_single_family,2014,508
11540,permits_single_family,2015,568
11540,permits_single_family,2016,549
11540,permits_single_family,2017,616
11540,permits_single_family,2018,781
11540,permits_single_family,2019,490
11540,permits_single_family,2020,594
11540,permits_single_family,2021,574
11540,permits_single_family,2022,480
11540,permits_single_family,2023,461
11540,permits_single_family,2024,585
11540,permits_single_family,2025,626
11540,permits_units,2014,930
11540,permits_units,2015,1119
11540,permits_units,2016,743
11540,permits_units,2017,930
11540,permits_units,2018,987
11540,permits_units,2019,577
11540,permits_units,2020,1311
11540,permits_units,2021,1429
11540,permits_units,2022,767
11540,permits_units,2023,753
11540,permits_units,2024,659
11540,permits_units,2025,1264
11580,permits_multifamily,2024,0
11580,permits_multifamily,2025,0
11580,permits_single_family,2024,71
11580,permits_single_family,2025,159
11580,permits_units,2024,71
11580,permits_units,2025,159
11620,permits_multifamily,2024,0
11620,permits_multifamily,2025,0
11620,permits_single_family,2024,59
11620,permits_single_family,2025,55
11620,permits_units,2024,59
11620,permits_units,2025,55
11640,permits_multifamily,2025,5
11640,permits_single_family,2025,240
11640,permits_units,2025,253
11660,permits_multifamily,2024,0
11660,permits_multifamily,2025,0
11660,permits_single_family,2024,12
11660,permits_single_family,2025,6
11660,permits_units,2024,12
11660,permits_units,2025,6
11680,permits_multifamily,2024,0
11680,permits_multifamily,2025,0
11680,permits_single_family,2024,35
11680,permits_single_family,2025,33
11680,permits_units,2024,41
11680,permits_units,2025,35
11700,permits_multifamily,2014,416
11700,permits_multifamily,2015,367
11700,permits_multifamily,2016,1274
11700,permits_multifamily,2017,658
11700,permits_multifamily,2018,568
11700,permits_multifamily,2019,970
11700,permits_multifamily,2020,1079
11700,permits_multifamily,2021,1252
11700,permits_multifamily,2022,716
11700,permits_multifamily,2023,1260
11700,permits_multifamily,2024,2846
11700,permits_multifamily,2025,1425
11700,permits_single_family,2014,1408
11700,permits_single_family,2015,1794
11700,permits_single_family,2016,1919
11700,permits_single_family,2017,2103
11700,permits_single_family,2018,2233
11700,permits_single_family,2019,2252
11700,permits_single_family,2020,2335
11700,permits_single_family,2021,2976
11700,permits_single_family,2022,2813
11700,permits_single_family,2023,2636
11700,permits_single_family,2024,2518
11700,permits_single_family,2025,1795
11700,permits_units,2014,1832
11700,permits_units,2015,2161
11700,permits_units,2016,3203
11700,permits_units,2017,2771
11700,permits_units,2018,2805
11700,permits_units,2019,3254
11700,permits_units,2020,3432
11700,permits_units,2021,4238
11700,permits_units,2022,3531
11700,permits_units,2023,3926
11700,permits_units,2024,5378
11700,permits_units,2025,3238
11740,permits_multifamily,2024,0
11740,permits_multifamily,2025,0
11740,permits_single_family,2024,57
11740,permits_single_family,2025,66
11740,permits_units,2024,57
11740,permits_units,2025,66
11820,permits_multifamily,2024,0
11820,permits_multifamily,2025,153
11820,permits_single_family,2024,88
11820,permits_single_family,2025,80
11820,permits_units,2024,97
11820,permits_units,2025,237
11860,permits_multifamily,2024,0
11860,permits_multifamily,2025,0
11860,permits_single_family,2024,20
11860,permits_single_family,2025,19
11860,permits_units,2024,22
11860,permits_units,2025,19
11900,permits_multifamily,2024,0
11900,permits_multifamily,2025,159
11900,permits_single_family,2024,4
11900,permits_single_family,2025,11
11900,permits_units,2024,6
11900,permits_units,2025,179
11940,permits_multifamily,2024,6
11940,permits_multifamily,2025,0
11940,permits_single_family,2024,118
11940,permits_single_family,2025,198
11940,permits_units,2024,132
11940,permits_units,2025,216
11980,permits_multifamily,2024,0
11980,permits_multifamily,2025,0
11980,permits_single_family,2024,258
11980,permits_single_family,2025,166
11980,permits_units,2024,274
11980,permits_units,2025,176
12020,permits_multifamily,2014,422
12020,permits_multifamily,2015,591
12020,permits_multifamily,2016,31
12020,permits_multifamily,2017,176
12020,permits_multifamily,2018,332
12020,permits_multifamily,2019,633
12020,permits_multifamily,2020,0
12020,permits_multifamily,2021,922
12020,permits_multifamily,2022,1542
12020,permits_multifamily,2023,183
12020,permits_multifamily,2024,888
12020,permits_multifamily,2025,522
12020,permits_single_family,2014,502
12020,permits_single_family,2015,562
12020,permits_single_family,2016,523
12020,permits_single_family,2017,581
12020,permits_single_family,2018,729
12020,permits_single_family,2019,821
12020,permits_single_family,2020,857
12020,permits_single_family,2021,856
12020,permits_single_family,2022,771
12020,permits_single_family,2023,776
12020,permits_single_family,2024,863
12020,permits_single_family,2025,756
12020,permits_units,2014,930
12020,permits_units,2015,1159
12020,permits_units,2016,584
12020,permits_units,2017,771
12020,permits_units,2018,1069
12020,permits_units,2019,1591
12020,permits_units,2020,1218
12020,permits_units,2021,1848
12020,permits_units,2022,2345
12020,permits_units,2023,1026
12020,permits_units,2024,1835
12020,permits_units,2025,1278
12060,permits_multifamily,2014,9442
12060,permits_multifamily,2015,10150
12060,permits_multifamily,2016,13107
12060,permits_multifamily,2017,8702
12060,permits_multifamily,2018,12750
12060,permits_multifamily,2019,6418
12060,permits_multifamily,2020,3390
12060,permits_multifamily,2021,7677
12060,permits_multifamily,2022,21288
12060,permits_multifamily,2023,14227
12060,permits_multifamily,2024,13955
12060,permits_multifamily,2025,11052
12060,permits_single_family,2014,16984
12060,permits_single_family,2015,19995
12060,permits_single_family,2016,23100
12060,permits_single_family,2017,24973
12060,permits_single_family,2018,26506
12060,permits_single_family,2019,26261
12060,permits_single_family,2020,28632
12060,permits_single_family,2021,31560
12060,permits_single_family,2022,26629
12060,permits_single_family,2023,24022
12060,permits_single_family,2024,25773
12060,permits_single_family,2025,22065
12060,permits_units,2014,26683
12060,permits_units,2015,30342
12060,permits_units,2016,36357
12060,permits_units,2017,33832
12060,permits_units,2018,39441
12060,permits_units,2019,32836
12060,permits_units,2020,32346
12060,permits_units,2021,39466
12060,permits_units,2022,48501
12060,permits_units,2023,38639
12060,permits_units,2024,40687
12060,permits_units,2025,33670
12100,permits_multifamily,2014,282
12100,permits_multifamily,2015,353
12100,permits_multifamily,2016,731
12100,permits_multifamily,2017,784
12100,permits_multifamily,2018,482
12100,permits_multifamily,2019,585
12100,permits_multifamily,2020,162
12100,permits_multifamily,2021,240
12100,permits_multifamily,2022,339
12100,permits_multifamily,2023,40
12100,permits_multifamily,2024,283
12100,permits_multifamily,2025,81
12100,permits_single_family,2014,392
12100,permits_single_family,2015,351
12100,permits_single_family,2016,336
12100,permits_single_family,2017,304
12100,permits_single_family,2018,349
12100,permits_single_family,2019,364
12100,permits_single_family,2020,499
12100,permits_single_family,2021,556
12100,permits_single_family,2022,401
12100,permits_single_family,2023,299
12100,permits_single_family,2024,1043
12100,permits_single_family,2025,1347
12100,permits_units,2014,722
12100,permits_units,2015,710
12100,permits_units,2016,1083
12100,permits_units,2017,1090
12100,permits_units,2018,833
12100,permits_units,2019,957
12100,permits_units,2020,667
12100,permits_units,2021,804
12100,permits_units,2022,762
12100,permits_units,2023,383
12100,permits_units,2024,1542
12100,permits_units,2025,1613
12140,permits_multifamily,2024,0
12140,permits_multifamily,2025,18
12140,permits_single_family,2024,116
12140,permits_single_family,2025,96
12140,permits_units,2024,116
12140,permits_units,2025,114
12180,permits_multifamily,2024,18
12180,permits_multifamily,2025,0
12180,permits_single_family,2024,92
12180,permits_single_family,2025,110
12180,permits_units,2024,110
12180,permits_units,2025,110
12220,permits_multifamily,2014,188
12220,permits_multifamily,2015,0
12220,permits_multifamily,2016,22
12220,permits_multifamily,2017,360
12220,permits_multifamily,2018,47
12220,permits_multifamily,2019,841
12220,permits_multifamily,2020,869
12220,permits_multifamily,2021,294
12220,permits_multifamily,2022,1030
12220,permits_multifamily,2023,5
12220,permits_multifamily,2024,113
12220,permits_multifamily,2025,0
12220,permits_single_family,2014,751
12220,permits_single_family,2015,826
12220,permits_single_family,2016,853
12220,permits_single_family,2017,971
12220,permits_single_family,2018,1036
12220,permits_single_family,2019,1129
12220,permits_single_family,2020,1316
12220,permits_single_family,2021,1487
12220,permits_single_family,2022,1127
12220,permits_single_family,2023,1359
12220,permits_single_family,2024,1722
12220,permits_single_family,2025,1557
12220,permits_units,2014,943
12220,permits_units,2015,838
12220,permits_units,2016,891
12220,permits_units,2017,1361
12220,permits_units,2018,1131
12220,permits_units,2019,2091
12220,permits_units,2020,2221
12220,permits_units,2021,1851
12220,permits_units,2022,2192
12220,permits_units,2023,1403
12220,permits_units,2024,1883
12220,permits_units,2025,1581
12260,permits_multifamily,2014,387
12260,permits_multifamily,2015,364
12260,permits_multifamily,2016,340
12260,permits_multifamily,2017,593
12260,permits_multifamily,2018,248
12260,permits_multifamily,2019,401
12260,permits_multifamily,2020,38
12260,permits_multifamily,2021,27
12260,permits_multifamily,2022,666
12260,permits_multifamily,2023,132
12260,permits_multifamily,2024,1023
12260,permits_multifamily,2025,402
12260,permits_single_family,2014,2416
12260,permits_single_family,2015,2669
12260,permits_single_family,2016,2560
12260,permits_single_family,2017,2690
12260,permits_single_family,2018,2584
12260,permits_single_family,2019,2655
12260,permits_single_family,2020,3445
12260,permits_single_family,2021,4144
12260,permits_single_family,2022,3429
12260,permits_single_family,2023,3380
12260,permits_single_family,2024,3593
12260,permits_single_family,2025,3688
12260,permits_units,2014,2847
12260,permits_units,2015,3035
12260,permits_units,2016,2968
12260,permits_units,2017,3338
12260,permits_units,2018,2867
12260,permits_units,2019,3201
12260,permits_units,2020,3556
12260,permits_units,2021,4280
12260,permits_units,2022,4190
12260,permits_units,2023,3559
12260,permits_units,2024,4658
12260,permits_units,2025,4141
12300,permits_multifamily,2024,17
12300,permits_multifamily,2025,100
12300,permits_single_family,2024,447
12300,permits_single_family,2025,398
12300,permits_units,2024,480
12300,permits_units,2025,510
12380,permits_multifamily,2024,0
12380,permits_multifamily,2025,102
12380,permits_single_family,2024,55
12380,permits_single_family,2025,34
12380,permits_units,2024,55
12380,permits_units,2025,136
12420,permits_multifamily,2014,7990
12420,permits_multifamily,2015,10065
12420,permits_multifamily,2016,8296
12420,permits_multifamily,2017,10428
12420,permits_multifamily,2018,12840
12420,permits_multifamily,2019,13267
12420,permits_multifamily,2020,19277
12420,permits_multifamily,2021,25642
12420,permits_multifamily,2022,22179
12420,permits_multifamily,2023,21753
12420,permits_multifamily,2024,15126
12420,permits_multifamily,2025,11749
12420,permits_single_family,2014,11515
12420,permits_single_family,2015,11857
12420,permits_single_family,2016,13327
12420,permits_single_family,2017,16119
12420,permits_single_family,2018,17030
12420,permits_single_family,2019,18426
12420,permits_single_family,2020,22570
12420,permits_single_family,2021,24486
12420,permits_single_family,2022,19715
12420,permits_single_family,2023,16532
12420,permits_single_family,2024,16435
12420,permits_single_family,2025,14810
12420,permits_units,2014,19949
12420,permits_units,2015,22370
12420,permits_units,2016,21861
12420,permits_units,2017,26700
12420,permits_units,2018,30035
12420,permits_units,2019,32037
12420,permits_units,2020,42264
12420,permits_units,2021,50907
12420,permits_units,2022,42362
12420,permits_units,2023,38773
12420,permits_units,2024,32294
12420,permits_units,2025,27322
12460,permits_multifamily,2024,50
12460,permits_multifamily,2025,60
12460,permits_single_family,2024,82
12460,permits_single_family,2025,75
12460,permits_units,2024,138
12460,permits_units,2025,135
12520,permits_multifamily,2024,0
12520,permits_multifamily,2025,0
12520,permits_single_family,2024,26
12520,permits_single_family,2025,42
12520,permits_units,2024,28
12520,permits_units,2025,44
12540,permits_multifamily,2014,357
12540,permits_multifamily,2015,82
12540,permits_multifamily,2016,11
12540,permits_multifamily,2017,54
12540,permits_multifamily,2018,206
12540,permits_multifamily,2019,35
12540,permits_multifamily,2020,252
12540,permits_multifamily,2021,91
12540,permits_multifamily,2022,184
12540,permits_multifamily,2023,136
12540,permits_multifamily,2024,73
12540,permits_multifamily,2025,125
12540,permits_single_family,2014,1885
12540,permits_single_family,2015,2098
12540,permits_single_family,2016,2141
12540,permits_single_family,2017,2378
12540,permits_single_family,2018,2073
12540,permits_single_family,2019,2190
12540,permits_single_family,2020,2209
12540,permits_single_family,2021,2152
12540,permits_single_family,2022,2471
12540,permits_single_family,2023,2246
12540,permits_single_family,2024,2812
12540,permits_single_family,2025,2793
12540,permits_units,2014,2297
12540,permits_units,2015,2200
12540,permits_units,2016,2256
12540,permits_units,2017,2640
12540,permits_units,2018,2452
12540,permits_units,2019,2261
12540,permits_units,2020,2502
12540,permits_units,2021,2293
12540,permits_units,2022,2688
12540,permits_units,2023,2451
12540,permits_units,2024,3244
12540,permits_units,2025,3159
12580,permits_multifamily,2014,2354
12580,permits_multifamily,2015,3571
12580,permits_multifamily,2016,3193
12580,permits_multifamily,2017,1824
12580,permits_multifamily,2018,3920
12580,permits_multifamily,2019,2068
12580,permits_multifamily,2020,3078
12580,permits_multifamily,2021,3045
12580,permits_multifamily,2022,3740
12580,permits_multifamily,2023,3735
12580,permits_multifamily,2024,2425
12580,permits_multifamily,2025,2169
12580,permits_single_family,2014,4662
12580,permits_single_family,2015,4587
12580,permits_single_family,2016,4731
12580,permits_single_family,2017,5000
12580,permits_single_family,2018,5361
12580,permits_single_family,2019,4802
12580,permits_single_family,2020,5010
12580,permits_single_family,2021,4783
12580,permits_single_family,2022,2832
12580,permits_single_family,2023,3798
12580,permits_single_family,2024,3849
12580,permits_single_family,2025,3606
12580,permits_units,2014,7100
12580,permits_units,2015,8264
12580,permits_units,2016,8070
12580,permits_units,2017,6840
12580,permits_units,2018,9287
12580,permits_units,2019,6967
12580,permits_units,2020,8094
12580,permits_units,2021,7834
12580,permits_units,2022,6588
12580,permits_units,2023,7539
12580,permits_units,2024,6284
12580,permits_units,2025,5799
12620,permits_multifamily,2014,0
12620,permits_multifamily,2015,334
12620,permits_multifamily,2016,39
12620,permits_multifamily,2017,30
12620,permits_multifamily,2018,12
12620,permits_multifamily,2019,0
12620,permits_multifamily,2020,38
12620,permits_multifamily,2021,0
12620,permits_multifamily,2022,0
12620,permits_multifamily,2023,43
12620,permits_multifamily,2024,36
12620,permits_multifamily,2025,91
12620,permits_single_family,2014,213
12620,permits_single_family,2015,197
12620,permits_single_family,2016,194
12620,permits_single_family,2017,250
12620,permits_single_family,2018,228
12620,permits_single_family,2019,216
12620,permits_single_family,2020,227
12620,permits_single_family,2021,316
12620,permits_single_family,2022,334
12620,permits_single_family,2023,335
12620,permits_single_family,2024,367
12620,permits_single_family,2025,316
12620,permits_units,2014,231
12620,permits_units,2015,555
12620,permits_units,2016,271
12620,permits_units,2017,304
12620,permits_units,2018,261
12620,permits_units,2019,266
12620,permits_units,2020,337
12620,permits_units,2021,368
12620,permits_units,2022,415
12620,permits_units,2023,404
12620,permits_units,2024,450
12620,permits_units,2025,486
12660,permits_multifamily,2024,268
12660,permits_multifamily,2025,0
12660,permits_single_family,2024,195
12660,permits_single_family,2025,201
12660,permits_units,2024,539
12660,permits_units,2025,231
12700,permits_multifamily,2014,91
12700,permits_multifamily,2015,6
12700,permits_multifamily,2016,0
12700,permits_multifamily,2017,372
12700,permits_multifamily,2018,408
12700,permits_multifamily,2019,69
12700,permits_multifamily,2020,10
12700,permits_multifamily,2021,8
12700,permits_multifamily,2022,272
12700,permits_multifamily,2023,104
12700,permits_multifamily,2024,178
12700,permits_multifamily,2025,252
12700,permits_single_family,2014,530
12700,permits_single_family,2015,550
12700,permits_single_family,2016,495
12700,permits_single_family,2017,489
12700,permits_single_family,2018,518
12700,permits_single_family,2019,427
12700,permits_single_family,2020,536
12700,permits_single_family,2021,646
12700,permits_single_family,2022,564
12700,permits_single_family,2023,418
12700,permits_single_family,2024,430
12700,permits_single_family,2025,333
12700,permits_units,2014,640
12700,permits_units,2015,572
12700,permits_units,2016,505
12700,permits_units,2017,871
12700,permits_units,2018,1005
12700,permits_units,2019,513
12700,permits_units,2020,592
12700,permits_units,2021,672
12700,permits_units,2022,887
12700,permits_units,2023,547
12700,permits_units,2024,640
12700,permits_units,2025,630
12740,permits_multifamily,2024,30
12740,permits_multifamily,2025,0
12740,permits_single_family,2024,149
12740,permits_single_family,2025,130
12740,permits_units,2024,203
12740,permits_units,2025,156
12780,permits_multifamily,2024,0
12780,permits_multifamily,2025,0
12780,permits_single_family,2024,41
12780,permits_single_family,2025,17
12780,permits_units,2024,49
12780,permits_units,2025,19
12860,permits_multifamily,2024,24
12860,permits_multifamily,2025,0
12860,permits_single_family,2024,44
12860,permits_single_family,2025,100
12860,permits_units,2024,70
12860,permits_units,2025,102
12900,permits_multifamily,2024,24
12900,permits_multifamily,2025,9
12900,permits_single_family,2024,6
12900,permits_single_family,2025,9
12900,permits_units,2024,32
12900,permits_units,2025,33
12940,permits_multifamily,2014,270
12940,permits_multifamily,2015,104
12940,permits_multifamily,2016,0
12940,permits_multifamily,2017,11
12940,permits_multifamily,2018,401
12940,permits_multifamily,2019,0
12940,permits_multifamily,2020,0
12940,permits_multifamily,2021,0
12940,permits_multifamily,2022,267
12940,permits_multifamily,2023,264
12940,permits_multifamily,2024,459
12940,permits_multifamily,2025,1517
12940,permits_single_family,2014,3294
12940,permits_single_family,2015,3463
12940,permits_single_family,2016,3402
12940,permits_single_family,2017,3586
12940,permits_single_family,2018,3509
12940,permits_single_family,2019,3612
12940,permits_single_family,2020,3766
12940,permits_single_family,2021,4458
12940,permits_single_family,2022,3478
12940,permits_single_family,2023,3013
12940,permits_single_family,2024,3250
12940,permits_single_family,2025,2775
12940,permits_units,2014,3568
12940,permits_units,2015,3569
12940,permits_units,2016,3426
12940,permits_units,2017,3639
12940,permits_units,2018,3922
12940,permits_units,2019,3622
12940,permits_units,2020,3780
12940,permits_units,2021,4460
12940,permits_units,2022,3770
12940,permits_units,2023,3281
12940,permits_units,2024,3806
12940,permits_units,2025,4314
12980,permits_multifamily,2014,20
12980,permits_multifamily,2015,0
12980,permits_multifamily,2016,0
12980,permits_multifamily,2017,6
12980,permits_multifamily,2018,0
12980,permits_multifamily,2019,0
12980,permits_multifamily,2020,0
12980,permits_multifamily,2021,0
12980,permits_multifamily,2022,0
12980,permits_multifamily,2023,0
12980,permits_multifamily,2024,0
12980,permits_multifamily,2025,0
12980,permits_single_family,2014,34
12980,permits_single_family,2015,59
12980,permits_single_family,2016,44
12980,permits_single_family,2017,78
12980,permits_single_family,2018,54
12980,permits_single_family,2019,54
12980,permits_single_family,2020,90
12980,permits_single_family,2021,108
12980,permits_single_family,2022,93
12980,permits_single_family,2023,131
12980,permits_single_family,2024,85
12980,permits_single_family,2025,120
12980,permits_units,2014,56
12980,permits_units,2015,59
12980,permits_units,2016,44
12980,permits_units,2017,84
12980,permits_units,2018,54
12980,permits_units,2019,56
12980,permits_units,2020,90
12980,permits_units,2021,108
12980,permits_units,2022,95
12980,permits_units,2023,131
12980,permits_units,2024,91
12980,permits_units,2025,120
13020,permits_multifamily,2014,25
13020,permits_multifamily,2015,98
13020,permits_multifamily,2016,8
13020,permits_multifamily,2017,0
13020,permits_multifamily,2018,0
13020,permits_multifamily,2019,0
13020,permits_multifamily,2020,56
13020,permits_multifamily,2021,0
13020,permits_multifamily,2022,0
13020,permits_multifamily,2023,0
13020,permits_multifamily,2024,0
13020,permits_multifamily,2025,25
13020,permits_single_family,2014,37
13020,permits_single_family,2015,49
13020,permits_single_family,2016,63
13020,permits_single_family,2017,62
13020,permits_single_family,2018,85
13020,permits_single_family,2019,83
13020,permits_single_family,2020,79
13020,permits_single_family,2021,74
13020,permits_single_family,2022,67
13020,permits_single_family,2023,38
13020,permits_single_family,2024,35
13020,permits_single_family,2025,38
13020,permits_units,2014,62
13020,permits_units,2015,147
13020,permits_units,2016,71
13020,permits_units,2017,70
13020,permits_units,2018,85
13020,permits_units,2019,83
13020,permits_units,2020,135
13020,permits_units,2021,74
13020,permits_units,2022,67
13020,permits_units,2023,38
13020,permits_units,2024,35
13020,permits_units,2025,67
13060,permits_multifamily,2024,0
13060,permits_multifamily,2025,49
13060,permits_single_family,2024,153
13060,permits_single_family,2025,251
13060,permits_units,2024,153
13060,permits_units,2025,300
13100,permits_multifamily,2024,14
13100,permits_multifamily,2025,0
13100,permits_single_family,2024,27
13100,permits_single_family,2025,24
13100,permits_units,2024,45
13100,permits_units,2025,28
13140,permits_multifamily,2014,344
13140,permits_multifamily,2015,174
13140,permits_multifamily,2016,164
13140,permits_multifamily,2017,56
13140,permits_multifamily,2018,140
13140,permits_multifamily,2019,251
13140,permits_multifamily,2020,148
13140,permits_multifamily,2021,116
13140,permits_multifamily,2022,6
13140,permits_multifamily,2023,146
13140,permits_multifamily,2024,50
13140,permits_multifamily,2025,67
13140,permits_single_family,2014,1068
13140,permits_single_family,2015,953
13140,permits_single_family,2016,882
13140,permits_single_family,2017,1140
13140,permits_single_family,2018,1200
13140,permits_single_family,2019,1100
13140,permits_single_family,2020,1555
13140,permits_single_family,2021,1401
13140,permits_single_family,2022,1338
13140,permits_single_family,2023,1007
13140,permits_single_family,2024,820
13140,permits_single_family,2025,879
13140,permits_units,2014,1606
13140,permits_units,2015,1132
13140,permits_units,2016,1094
13140,permits_units,2017,1302
13140,permits_units,2018,1404
13140,permits_units,2019,1363
13140,permits_units,2020,1753
13140,permits_units,2021,1585
13140,permits_units,2022,1368
13140,permits_units,2023,1181
13140,permits_units,2024,915
13140,permits_units,2025,960
13180,permits_multifamily,2024,0
13180,permits_multifamily,2025,161
13180,permits_single_family,2024,185
13180,permits_single_family,2025,179
13180,permits_units,2024,197
13180,permits_units,2025,356
13220,permits_multifamily,2014,5
13220,permits_multifamily,2015,0
13220,permits_multifamily,2016,0
13220,permits_multifamily,2017,0
13220,permits_multifamily,2018,0
13220,permits_multifamily,2019,0
13220,permits_multifamily,2020,0
13220,permits_multifamily,2021,0
13220,permits_multifamily,2022,0
13220,permits_multifamily,2023,0
13220,permits_multifamily,2024,0
13220,permits_multifamily,2025,0
13220,permits_single_family,2014,120
13220,permits_single_family,2015,100
13220,permits_single_family,2016,72
13220,permits_single_family,2017,83
13220,permits_single_family,2018,86
13220,permits_single_family,2019,77
13220,permits_single_family,2020,75
13220,permits_single_family,2021,101
13220,permits_single_family,2022,104
13220,permits_single_family,2023,91
13220,permits_single_family,2024,69
13220,permits_single_family,2025,77
13220,permits_units,2014,125
13220,permits_units,2015,100
13220,permits_units,2016,72
13220,permits_units,2017,83
13220,permits_units,2018,86
13220,permits_units,2019,77
13220,permits_units,2020,75
13220,permits_units,2021,103
13220,permits_units,2022,104
13220,permits_units,2023,91
13220,permits_units,2024,69
13220,permits_units,2025,77
13260,permits_multifamily,2024,0
13260,permits_multifamily,2025,0
13260,permits_single_family,2024,10
13260,permits_single_family,2025,84
13260,permits_units,2024,10
13260,permits_units,2025,110
13300,permits_multifamily,2024,0
13300,permits_multifamily,2025,0
13300,permits_single_family,2024,14
13300,permits_single_family,2025,14
13300,permits_units,2024,14
13300,permits_units,2025,14
13340,permits_multifamily,2024,0
13340,permits_multifamily,2025,0
13340,permits_single_family,2024,135
13340,permits_single_family,2025,117
13340,permits_units,2024,143
13340,permits_units,2025,120
13380,permits_multifamily,2014,400
13380,permits_multifamily,2015,422
13380,permits_multifamily,2016,368
13380,permits_multifamily,2017,407
13380,permits_multifamily,2018,579
13380,permits_multifamily,2019,892
13380,permits_multifamily,2020,533
13380,permits_multifamily,2021,921
13380,permits_multifamily,2022,716
13380,permits_multifamily,2023,292
13380,permits_multifamily,2024,327
13380,permits_multifamily,2025,496
13380,permits_single_family,2014,542
13380,permits_single_family,2015,599
13380,permits_single_family,2016,718
13380,permits_single_family,2017,793
13380,permits_single_family,2018,767
13380,permits_single_family,2019,816
13380,permits_single_family,2020,718
13380,permits_single_family,2021,888
13380,permits_single_family,2022,810
13380,permits_single_family,2023,571
13380,permits_single_family,2024,773
13380,permits_single_family,2025,607
13380,permits_units,2014,1007
13380,permits_units,2015,1144
13380,permits_units,2016,1183
13380,permits_units,2017,1256
13380,permits_units,2018,1464
13380,permits_units,2019,1821
13380,permits_units,2020,1382
13380,permits_units,2021,1871
13380,permits_units,2022,1614
13380,permits_units,2023,894
13380,permits_units,2024,1190
13380,permits_units,2025,1214
13420,permits_multifamily,2024,81
13420,permits_multifamily,2025,91
13420,permits_single_family,2024,63
13420,permits_single_family,2025,77
13420,permits_units,2024,156
13420,permits_units,2025,168
13460,permits_multifamily,2014,32
13460,permits_multifamily,2015,623
13460,permits_multifamily,2016,358
13460,permits_multifamily,2017,220
13460,permits_multifamily,2018,106
13460,permits_multifamily,2019,458
13460,permits_multifamily,2020,459
13460,permits_multifamily,2021,859
13460,permits_multifamily,2022,776
13460,permits_multifamily,2023,1068
13460,permits_multifamily,2024,391
13460,permits_multifamily,2025,1511
13460,permits_single_family,2014,1274
13460,permits_single_family,2015,1550
13460,permits_single_family,2016,1817
13460,permits_single_family,2017,1777
13460,permits_single_family,2018,1818
13460,permits_single_family,2019,1488
13460,permits_single_family,2020,1734
13460,permits_single_family,2021,1734
13460,permits_single_family,2022,1178
13460,permits_single_family,2023,1192
13460,permits_single_family,2024,1385
13460,permits_single_family,2025,1414
13460,permits_units,2014,1330
13460,permits_units,2015,2227
13460,permits_units,2016,2274
13460,permits_units,2017,2055
13460,permits_units,2018,1983
13460,permits_units,2019,2028
13460,permits_units,2020,2338
13460,permits_units,2021,2737
13460,permits_units,2022,2113
13460,permits_units,2023,2397
13460,permits_units,2024,1867
13460,permits_units,2025,3122
13540,permits_multifamily,2024,0
13540,permits_multifamily,2025,6
13540,permits_single_family,2024,50
13540,permits_single_family,2025,48
13540,permits_units,2024,54
13540,permits_units,2025,56
13660,permits_multifamily,2024,0
13660,permits_multifamily,2025,0
13660,permits_single_family,2024,116
13660,permits_single_family,2025,99
13660,permits_units,2024,116
13660,permits_units,2025,99
13700,permits_multifamily,2024,5
13700,permits_multifamily,2025,0
13700,permits_single_family,2024,68
13700,permits_single_family,2025,6
13700,permits_units,2024,75
13700,permits_units,2025,6
13740,permits_multifamily,2014,114
13740,permits_multifamily,2015,479
13740,permits_multifamily,2016,150
13740,permits_multifamily,2017,169
13740,permits_multifamily,2018,298
13740,permits_multifamily,2019,171
13740,permits_multifamily,2020,237
13740,permits_multifamily,2021,296
13740,permits_multifamily,2022,249
13740,permits_multifamily,2023,0
13740,permits_multifamily,2024,353
13740,permits_multifamily,2025,116
13740,permits_single_family,2014,517
13740,permits_single_family,2015,1274
13740,permits_single_family,2016,1054
13740,permits_single_family,2017,992
13740,permits_single_family,2018,1158
13740,permits_single_family,2019,909
13740,permits_single_family,2020,1032
13740,permits_single_family,2021,597
13740,permits_single_family,2022,881
13740,permits_single_family,2023,343
13740,permits_single_family,2024,896
13740,permits_single_family,2025,709
13740,permits_units,2014,651
13740,permits_units,2015,1764
13740,permits_units,2016,1206
13740,permits_units,2017,1225
13740,permits_units,2018,1476
13740,permits_units,2019,1154
13740,permits_units,2020,1435
13740,permits_units,2021,979
13740,permits_units,2022,1202
13740,permits_units,2023,349
13740,permits_units,2024,1525
13740,permits_units,2025,1029
13780,permits_multifamily,2014,0
13780,permits_multifamily,2015,72
13780,permits_multifamily,2016,185
13780,permits_multifamily,2017,243
13780,permits_multifamily,2018,206
13780,permits_multifamily,2019,283
13780,permits_multifamily,2020,275
13780,permits_multifamily,2021,355
13780,permits_multifamily,2022,300
13780,permits_multifamily,2023,214
13780,permits_multifamily,2024,334
13780,permits_multifamily,2025,302
13780,permits_single_family,2014,85
13780,permits_single_family,2015,71
13780,permits_single_family,2016,133
13780,permits_single_family,2017,128
13780,permits_single_family,2018,93
13780,permits_single_family,2019,64
13780,permits_single_family,2020,133
13780,permits_single_family,2021,140
13780,permits_single_family,2022,145
13780,permits_single_family,2023,120
13780,permits_single_family,2024,149
13780,permits_single_family,2025,159
13780,permits_units,2014,85
13780,permits_units,2015,249
13780,permits_units,2016,338
13780,permits_units,2017,404
13780,permits_units,2018,315
13780,permits_units,2019,351
13780,permits_units,2020,446
13780,permits_units,2021,499
13780,permits_units,2022,445
13780,permits_units,2023,338
13780,permits_units,2024,483
13780,permits_units,2025,468
13820,permits_multifamily,2014,959
13820,permits_multifamily,2015,1303
13820,permits_multifamily,2016,574
13820,permits_multifamily,2017,6
13820,permits_multifamily,2018,299
13820,permits_multifamily,2019,110
13820,permits_multifamily,2020,307
13820,permits_multifamily,2021,544
13820,permits_multifamily,2022,992
13820,permits_multifamily,2023,324
13820,permits_multifamily,2024,556
13820,permits_multifamily,2025,1076
13820,permits_single_family,2014,2318
13820,permits_single_family,2015,2414
13820,permits_single_family,2016,2730
13820,permits_single_family,2017,2677
13820,permits_single_family,2018,2698
13820,permits_single_family,2019,3063
13820,permits_single_family,2020,3512
13820,permits_single_family,2021,3433
13820,permits_single_family,2022,3045
13820,permits_single_family,2023,3042
13820,permits_single_family,2024,3165
13820,permits_single_family,2025,3116
13820,permits_units,2014,3364
13820,permits_units,2015,3733
13820,permits_units,2016,3312
13820,permits_units,2017,2689
13820,permits_units,2018,3025
13820,permits_units,2019,3202
13820,permits_units,2020,3845
13820,permits_units,2021,3984
13820,permits_units,2022,4147
13820,permits_units,2023,3392
13820,permits_units,2024,3746
13820,permits_units,2025,4219
13860,permits_multifamily,2024,0
13860,permits_multifamily,2025,0
13860,permits_single_family,2024,13
13860,permits_single_family,2025,10
13860,permits_units,2024,13
13860,permits_units,2025,10
13900,permits_multifamily,2014,854
13900,permits_multifamily,2015,396
13900,permits_multifamily,2016,205
13900,permits_multifamily,2017,76
13900,permits_multifamily,2018,109
13900,permits_multifamily,2019,225
13900,permits_multifamily,2020,123
13900,permits_multifamily,2021,144
13900,permits_multifamily,2022,72
13900,permits_multifamily,2023,5
13900,permits_multifamily,2024,5
13900,permits_multifamily,2025,6
13900,permits_single_family,2014,883
13900,permits_single_family,2015,664
13900,permits_single_family,2016,629
13900,permits_single_family,2017,514
13900,permits_single_family,2018,383
13900,permits_single_family,2019,374
13900,permits_single_family,2020,401
13900,permits_single_family,2021,416
13900,permits_single_family,2022,378
13900,permits_single_family,2023,199
13900,permits_single_family,2024,282
13900,permits_single_family,2025,369
13900,permits_units,2014,1771
13900,permits_units,2015,1082
13900,permits_units,2016,856
13900,permits_units,2017,632
13900,permits_units,2018,533
13900,permits_units,2019,631
13900,permits_units,2020,715
13900,permits_units,2021,792
13900,permits_units,2022,610
13900,permits_units,2023,298
13900,permits_units,2024,352
13900,permits_units,2025,411
13940,permits_multifamily,2024,0
13940,permits_multifamily,2025,0
13940,permits_single_family,2024,247
13940,permits_single_family,2025,203
13940,permits_units,2024,251
13940,permits_units,2025,207
13980,permits_multifamily,2014,48
13980,permits_multifamily,2015,0
13980,permits_multifamily,2016,84
13980,permits_multifamily,2017,318
13980,permits_multifamily,2018,127
13980,permits_multifamily,2019,269
13980,permits_multifamily,2020,1348
13980,permits_multifamily,2021,24
13980,permits_multifamily,2022,107
13980,permits_multifamily,2023,0
13980,permits_multifamily,2024,0
13980,permits_multifamily,2025,72
13980,permits_single_family,2014,297
13980,permits_single_family,2015,474
13980,permits_single_family,2016,455
13980,permits_single_family,2017,416
13980,permits_single_family,2018,435
13980,permits_single_family,2019,353
13980,permits_single_family,2020,394
13980,permits_single_family,2021,358
13980,permits_single_family,2022,377
13980,permits_single_family,2023,481
13980,permits_single_family,2024,481
13980,permits_single_family,2025,416
13980,permits_units,2014,353
13980,permits_units,2015,476
13980,permits_units,2016,543
13980,permits_units,2017,737
13980,permits_units,2018,566
13980,permits_units,2019,632
13980,permits_units,2020,1748
13980,permits_units,2021,386
13980,permits_units,2022,500
13980,permits_units,2023,489
13980,permits_units,2024,481
13980,permits_units,2025,492
14010,permits_multifamily,2014,6
14010,permits_multifamily,2015,134
14010,permits_multifamily,2016,124
14010,permits_multifamily,2017,164
14010,permits_multifamily,2018,102
14010,permits_multifamily,2019,65
14010,permits_multifamily,2020,81
14010,permits_multifamily,2021,62
14010,permits_multifamily,2022,118
14010,permits_multifamily,2023,0
14010,permits_multifamily,2024,63
14010,permits_multifamily,2025,62
14010,permits_single_family,2014,257
14010,permits_single_family,2015,245
14010,permits_single_family,2016,214
14010,permits_single_family,2017,214
14010,permits_single_family,2018,114
14010,permits_single_family,2019,115
14010,permits_single_family,2020,162
14010,permits_single_family,2021,201
14010,permits_single_family,2022,305
14010,permits_single_family,2023,159
14010,permits_single_family,2024,166
14010,permits_single_family,2025,205
14010,permits_units,2014,271
14010,permits_units,2015,396
14010,permits_units,2016,342
14010,permits_units,2017,386
14010,permits_units,2018,220
14010,permits_units,2019,192
14010,permits_units,2020,265
14010,permits_units,2021,283
14010,permits_units,2022,437
14010,permits_units,2023,215
14010,permits_units,2024,243
14010,permits_units,2025,269
14020,permits_multifamily,2014,270
14020,permits_multifamily,2015,116
14020,permits_multifamily,2016,175
14020,permits_multifamily,2017,251
14020,permits_multifamily,2018,106
14020,permits_multifamily,2019,492
14020,permits_multifamily,2020,347
14020,permits_multifamily,2021,1810
14020,permits_multifamily,2022,206
14020,permits_multifamily,2023,239
14020,permits_multifamily,2024,663
14020,permits_multifamily,2025,878
14020,permits_single_family,2014,233
14020,permits_single_family,2015,269
14020,permits_single_family,2016,292
14020,permits_single_family,2017,313
14020,permits_single_family,2018,255
14020,permits_single_family,2019,256
14020,permits_single_family,2020,283
14020,permits_single_family,2021,254
14020,permits_single_family,2022,351
14020,permits_single_family,2023,333
14020,permits_single_family,2024,301
14020,permits_single_family,2025,312
14020,permits_units,2014,539
14020,permits_units,2015,395
14020,permits_units,2016,501
14020,permits_units,2017,604
14020,permits_units,2018,417
14020,permits_units,2019,762
14020,permits_units,2020,650
14020,permits_units,2021,2086
14020,permits_units,2022,563
14020,permits_units,2023,576
14020,permits_units,2024,988
14020,permits_units,2025,1261
14100,permits_multifamily,2014,0
14100,permits_multifamily,2015,55
14100,permits_multifamily,2016,34
14100,permits_multifamily,2017,58
14100,permits_multifamily,2018,111
14100,permits_multifamily,2019,0
14100,permits_multifamily,2020,0
14100,permits_multifamily,2021,72
14100,permits_multifamily,2022,0
14100,permits_multifamily,2023,0
14100,permits_multifamily,2024,0
14100,permits_multifamily,2025,0
14100,permits_single_family,2014,107
14100,permits_single_family,2015,135
14100,permits_single_family,2016,111
14100,permits_single_family,2017,105
14100,permits_single_family,2018,83
14100,permits_single_family,2019,91
14100,permits_single_family,2020,86
14100,permits_single_family,2021,87
14100,permits_single_family,2022,135
14100,permits_single_family,2023,104
14100,permits_single_family,2024,68
14100,permits_single_family,2025,106
14100,permits_units,2014,113
14100,permits_units,2015,190
14100,permits_units,2016,150
14100,permits_units,2017,169
14100,permits_units,2018,194
14100,permits_units,2019,111
14100,permits_units,2020,90
14100,permits_units,2021,159
14100,permits_units,2022,135
14100,permits_units,2023,108
14100,permits_units,2024,68
14100,permits_units,2025,111
14140,permits_multifamily,2024,5
14140,permits_multifamily,2025,0
14140,permits_single_family,2024,8
14140,permits_single_family,2025,20
14140,permits_units,2024,13
14140,permits_units,2025,20
14180,permits_multifamily,2024,0
14180,permits_multifamily,2025,10
14180,permits_single_family,2024,62
14180,permits_single_family,2025,59
14180,permits_units,2024,66
14180,permits_units,2025,69
14220,permits_multifamily,2024,0
14220,permits_multifamily,2025,0
14220,permits_single_family,2024,0
14220,permits_single_family,2025,0
14220,permits_units,2024,6
14220,permits_units,2025,0
14260,permits_multifamily,2014,1311
14260,permits_multifamily,2015,858
14260,permits_multifamily,2016,1045
14260,permits_multifamily,2017,1311
14260,permits_multifamily,2018,1637
14260,permits_multifamily,2019,2760
14260,permits_multifamily,2020,1109
14260,permits_multifamily,2021,3201
14260,permits_multifamily,2022,4074
14260,permits_multifamily,2023,3115
14260,permits_multifamily,2024,610
14260,permits_multifamily,2025,1218
14260,permits_single_family,2014,3481
14260,permits_single_family,2015,4295
14260,permits_single_family,2016,5383
14260,permits_single_family,2017,6275
14260,permits_single_family,2018,6923
14260,permits_single_family,2019,7570
14260,permits_single_family,2020,8158
14260,permits_single_family,2021,8342
14260,permits_single_family,2022,5925
14260,permits_single_family,2023,6508
14260,permits_single_family,2024,8252
14260,permits_single_family,2025,7970
14260,permits_units,2014,5183
14260,permits_units,2015,5499
14260,permits_units,2016,6758
14260,permits_units,2017,7909
14260,permits_units,2018,8917
14260,permits_units,2019,10632
14260,permits_units,2020,9762
14260,permits_units,2021,12196
14260,permits_units,2022,10475
14260,permits_units,2023,9891
14260,permits_units,2024,9063
14260,permits_units,2025,9438
14300,permits_multifamily,2024,0
14300,permits_multifamily,2025,0
14300,permits_single_family,2024,95
14300,permits_single_family,2025,82
14300,permits_units,2024,109
14300,permits_units,2025,84
14380,permits_multifamily,2024,20
14380,permits_multifamily,2025,284
14380,permits_single_family,2024,268
14380,permits_single_family,2025,238
14380,permits_units,2024,296
14380,permits_units,2025,536
14420,permits_multifamily,2024,0
14420,permits_multifamily,2025,0
14420,permits_single_family,2024,0
14420,permits_single_family,2025,2
14420,permits_units,2024,0
14420,permits_units,2025,2
14460,permits_multifamily,2014,6482
14460,permits_multifamily,2015,9463
14460,permits_multifamily,2016,7170
14460,permits_multifamily,2017,9026
14460,permits_multifamily,2018,8364
14460,permits_multifamily,2019,9929
14460,permits_multifamily,2020,8920
14460,permits_multifamily,2021,10913
14460,permits_multifamily,2022,8723
14460,permits_multifamily,2023,6709
14460,permits_multifamily,2024,6847
14460,permits_multifamily,2025,5695
14460,permits_single_family,2014,4991
14460,permits_single_family,2015,4844
14460,permits_single_family,2016,5243
14460,permits_single_family,2017,4949
14460,permits_single_family,2018,4930
14460,permits_single_family,2019,4299
14460,permits_single_family,2020,4457
14460,permits_single_family,2021,4820
14460,permits_single_family,2022,4025
14460,permits_single_family,2023,3396
14460,permits_single_family,2024,3734
14460,permits_single_family,2025,3971
14460,permits_units,2014,12024
14460,permits_units,2015,15036
14460,permits_units,2016,13247
14460,permits_units,2017,14757
14460,permits_units,2018,14183
14460,permits_units,2019,15088
14460,permits_units,2020,14248
14460,permits_units,2021,16602
14460,permits_units,2022,13595
14460,permits_units,2023,10822
14460,permits_units,2024,11235
14460,permits_units,2025,10072
14500,permits_multifamily,2014,742
14500,permits_multifamily,2015,383
14500,permits_multifamily,2016,1087
14500,permits_multifamily,2017,837
14500,permits_multifamily,2018,2013
14500,permits_multifamily,2019,906
14500,permits_multifamily,2020,963
14500,permits_multifamily,2021,772
14500,permits_multifamily,2022,879
14500,permits_multifamily,2023,787
14500,permits_multifamily,2024,1136
14500,permits_multifamily,2025,1534
14500,permits_single_family,2014,560
14500,permits_single_family,2015,768
14500,permits_single_family,2016,716
14500,permits_single_family,2017,808
14500,permits_single_family,2018,899
14500,permits_single_family,2019,742
14500,permits_single_family,2020,573
14500,permits_single_family,2021,343
14500,permits_single_family,2022,661
14500,permits_single_family,2023,791
14500,permits_single_family,2024,441
14500,permits_single_family,2025,428
14500,permits_units,2014,1371
14500,permits_units,2015,1249
14500,permits_units,2016,1849
14500,permits_units,2017,1667
14500,permits_units,2018,2954
14500,permits_units,2019,1650
14500,permits_units,2020,1634
14500,permits_units,2021,1237
14500,permits_units,2022,1642
14500,permits_units,2023,1642
14500,permits_units,2024,1680
14500,permits_units,2025,2001
14540,permits_multifamily,2014,152
14540,permits_multifamily,2015,485
14540,permits_multifamily,2016,631
14540,permits_multifamily,2017,439
14540,permits_multifamily,2018,1342
14540,permits_multifamily,2019,103
14540,permits_multifamily,2020,144
14540,permits_multifamily,2021,1050
14540,permits_multifamily,2022,758
14540,permits_multifamily,2023,594
14540,permits_multifamily,2024,1410
14540,permits_multifamily,2025,708
14540,permits_single_family,2014,417
14540,permits_single_family,2015,546
14540,permits_single_family,2016,580
14540,permits_single_family,2017,737
14540,permits_single_family,2018,783
14540,permits_single_family,2019,591
14540,permits_single_family,2020,806
14540,permits_single_family,2021,1071
14540,permits_single_family,2022,835
14540,permits_single_family,2023,822
14540,permits_single_family,2024,810
14540,permits_single_family,2025,708
14540,permits_units,2014,603
14540,permits_units,2015,1147
14540,permits_units,2016,1345
14540,permits_units,2017,1270
14540,permits_units,2018,2199
14540,permits_units,2019,762
14540,permits_units,2020,978
14540,permits_units,2021,2137
14540,permits_units,2022,1636
14540,permits_units,2023,1455
14540,permits_units,2024,2305
14540,permits_units,2025,1470
14580,permits_multifamily,2024,533
14580,permits_multifamily,2025,567
14580,permits_single_family,2024,1006
14580,permits_single_family,2025,843
14580,permits_units,2024,1706
14580,permits_units,2025,1544
14620,permits_multifamily,2024,0
14620,permits_multifamily,2025,12
14620,permits_single_family,2024,27
14620,permits_single_family,2025,21
14620,permits_units,2024,27
14620,permits_units,2025,33
14660,permits_multifamily,2024,12
14660,permits_multifamily,2025,168
14660,permits_single_family,2024,705
14660,permits_single_family,2025,708
14660,permits_units,2024,725
14660,permits_units,2025,896
14700,permits_multifamily,2024,50
14700,permits_multifamily,2025,0
14700,permits_single_family,2024,273
14700,permits_single_family,2025,861
14700,permits_units,2024,323
14700,permits_units,2025,863
14710,permits_multifamily,2024,0
14710,permits_multifamily,2025,0
14710,permits_single_family,2024,160
14710,permits_single_family,2025,115
14710,permits_units,2024,178
14710,permits_units,2025,120
14720,permits_multifamily,2024,99
14720,permits_multifamily,2025,180
14720,permits_single_family,2024,211
14720,permits_single_family,2025,181
14720,permits_units,2024,313
14720,permits_units,2025,364
14740,permits_multifamily,2014,71
14740,permits_multifamily,2015,110
14740,permits_multifamily,2016,168
14740,permits_multifamily,2017,135
14740,permits_multifamily,2018,215
14740,permits_multifamily,2019,172
14740,permits_multifamily,2020,348
14740,permits_multifamily,2021,1125
14740,permits_multifamily,2022,602
14740,permits_multifamily,2023,1246
14740,permits_multifamily,2024,302
14740,permits_multifamily,2025,1128
14740,permits_single_family,2014,519
14740,permits_single_family,2015,796
14740,permits_single_family,2016,862
14740,permits_single_family,2017,952
14740,permits_single_family,2018,903
14740,permits_single_family,2019,931
14740,permits_single_family,2020,909
14740,permits_single_family,2021,1112
14740,permits_single_family,2022,1041
14740,permits_single_family,2023,1006
14740,permits_single_family,2024,976
14740,permits_single_family,2025,631
14740,permits_units,2014,598
14740,permits_units,2015,918
14740,permits_units,2016,1059
14740,permits_units,2017,1094
14740,permits_units,2018,1149
14740,permits_units,2019,1117
14740,permits_units,2020,1285
14740,permits_units,2021,2285
14740,permits_units,2022,1701
14740,permits_units,2023,2258
14740,permits_units,2024,1294
14740,permits_units,2025,1780
14780,permits_multifamily,2024,0
14780,permits_multifamily,2025,0
14780,permits_single_family,2024,107
14780,permits_single_family,2025,194
14780,permits_units,2024,111
14780,permits_units,2025,197
14820,permits_multifamily,2024,0
14820,permits_multifamily,2025,0
14820,permits_single_family,2024,179
14820,permits_single_family,2025,176
14820,permits_units,2024,185
14820,permits_units,2025,176
14860,permits_multifamily,2014,802
14860,permits_multifamily,2015,1767
14860,permits_multifamily,2016,1128
14860,permits_multifamily,2017,875
14860,permits_multifamily,2018,287
14860,permits_multifamily,2019,1631
14860,permits_multifamily,2020,1168
14860,permits_multifamily,2021,501
14860,permits_multifamily,2022,1145
14860,permits_multifamily,2023,1022
14860,permits_multifamily,2024,1336
14860,permits_multifamily,2025,2866
14860,permits_single_family,2014,987
14860,permits_single_family,2015,800
14860,permits_single_family,2016,712
14860,permits_single_family,2017,765
14860,permits_single_family,2018,753
14860,permits_single_family,2019,635
14860,permits_single_family,2020,638
14860,permits_single_family,2021,714
14860,permits_single_family,2022,640
14860,permits_single_family,2023,441
14860,permits_single_family,2024,501
14860,permits_single_family,2025,524
14860,permits_units,2014,1889
14860,permits_units,2015,2598
14860,permits_units,2016,1903
14860,permits_units,2017,1719
14860,permits_units,2018,1097
14860,permits_units,2019,2326
14860,permits_units,2020,1862
14860,permits_units,2021,1292
14860,permits_units,2022,1831
14860,permits_units,2023,1527
14860,permits_units,2024,1912
14860,permits_units,2025,3478
14940,permits_multifamily,2024,74
14940,permits_multifamily,2025,52
14940,permits_single_family,2024,437
14940,permits_single_family,2025,397
14940,permits_units,2024,519
14940,permits_units,2025,484
15020,permits_multifamily,2024,0
15020,permits_multifamily,2025,0
15020,permits_single_family,2024,10
15020,permits_single_family,2025,38
15020,permits_units,2024,10
15020,permits_units,2025,40
15060,permits_multifamily,2024,0
15060,permits_multifamily,2025,0
15060,permits_single_family,2024,52
15060,permits_single_family,2025,42
15060,permits_units,2024,52
15060,permits_units,2025,42
15100,permits_multifamily,2024,25
15100,permits_multifamily,2025,198
15100,permits_single_family,2024,144
15100,permits_single_family,2025,141
15100,permits_units,2024,208
15100,permits_units,2025,357
15180,permits_multifamily,2014,142
15180,permits_multifamily,2015,83
15180,permits_multifamily,2016,248
15180,permits_multifamily,2017,22
15180,permits_multifamily,2018,32
15180,permits_multifamily,2019,240
15180,permits_multifamily,2020,192
15180,permits_multifamily,2021,297
15180,permits_multifamily,2022,442
15180,permits_multifamily,2023,99
15180,permits_multifamily,2024,511
15180,permits_multifamily,2025,687
15180,permits_single_family,2014,1179
15180,permits_single_family,2015,1129
15180,permits_single_family,2016,1217
15180,permits_single_family,2017,1139
15180,permits_single_family,2018,1392
15180,permits_single_family,2019,1390
15180,permits_single_family,2020,1576
15180,permits_single_family,2021,1573
15180,permits_single_family,2022,1937
15180,permits_single_family,2023,1604
15180,permits_single_family,2024,1668
15180,permits_single_family,2025,1838
15180,permits_units,2014,1417
15180,permits_units,2015,1285
15180,permits_units,2016,1569
15180,permits_units,2017,1245
15180,permits_units,2018,1487
15180,permits_units,2019,1817
15180,permits_units,2020,1904
15180,permits_units,2021,2052
15180,permits_units,2022,2506
15180,permits_units,2023,1952
15180,permits_units,2024,2347
15180,permits_units,2025,2702
15220,permits_multifamily,2024,0
15220,permits_multifamily,2025,49
15220,permits_single_family,2024,144
15220,permits_single_family,2025,154
15220,permits_units,2024,148
15220,permits_units,2025,205
15260,permits_multifamily,2014,0
15260,permits_multifamily,2015,0
15260,permits_multifamily,2016,0
15260,permits_multifamily,2017,10
15260,permits_multifamily,2018,12
15260,permits_multifamily,2019,13
15260,permits_multifamily,2020,46
15260,permits_multifamily,2021,20
15260,permits_multifamily,2022,537
15260,permits_multifamily,2023,92
15260,permits_multifamily,2024,136
15260,permits_multifamily,2025,0
15260,permits_single_family,2014,462
15260,permits_single_family,2015,535
15260,permits_single_family,2016,526
15260,permits_single_family,2017,604
15260,permits_single_family,2018,640
15260,permits_single_family,2019,437
15260,permits_single_family,2020,457
15260,permits_single_family,2021,691
15260,permits_single_family,2022,880
15260,permits_single_family,2023,562
15260,permits_single_family,2024,654
15260,permits_single_family,2025,599
15260,permits_units,2014,462
15260,permits_units,2015,535
15260,permits_units,2016,526
15260,permits_units,2017,618
15260,permits_units,2018,652
15260,permits_units,2019,460
15260,permits_units,2020,542
15260,permits_units,2021,723
15260,permits_units,2022,1568
15260,permits_units,2023,786
15260,permits_units,2024,922
15260,permits_units,2025,631
15340,permits_multifamily,2024,0
15340,permits_multifamily,2025,0
15340,permits_single_family,2024,5
15340,permits_single_family,2025,3
15340,permits_units,2024,5
15340,permits_units,2025,3
15380,permits_multifamily,2014,741
15380,permits_multifamily,2015,649
15380,permits_multifamily,2016,1005
15380,permits_multifamily,2017,649
15380,permits_multifamily,2018,432
15380,permits_multifamily,2019,737
15380,permits_multifamily,2020,469
15380,permits_multifamily,2021,474
15380,permits_multifamily,2022,297
15380,permits_multifamily,2023,404
15380,permits_multifamily,2024,578
15380,permits_multifamily,2025,500
15380,permits_single_family,2014,1057
15380,permits_single_family,2015,992
15380,permits_single_family,2016,931
15380,permits_single_family,2017,979
15380,permits_single_family,2018,975
15380,permits_single_family,2019,912
15380,permits_single_family,2020,912
15380,permits_single_family,2021,980
15380,permits_single_family,2022,1213
15380,permits_single_family,2023,755
15380,permits_single_family,2024,749
15380,permits_single_family,2025,902
15380,permits_units,2014,1878
15380,permits_units,2015,1677
15380,permits_units,2016,1964
15380,permits_units,2017,1657
15380,permits_units,2018,1453
15380,permits_units,2019,1693
15380,permits_units,2020,1444
15380,permits_units,2021,1553
15380,permits_units,2022,1591
15380,permits_units,2023,1261
15380,permits_units,2024,1375
15380,permits_units,2025,1484
15420,permits_multifamily,2024,0
15420,permits_multifamily,2025,5
15420,permits_single_family,2024,246
15420,permits_single_family,2025,239
15420,permits_units,2024,278
15420,permits_units,2025,268
15460,permits_multifamily,2024,40
15460,permits_multifamily,2025,59
15460,permits_single_family,2024,20
15460,permits_single_family,2025,23
15460,permits_units,2024,60
15460,permits_units,2025,85
15500,permits_multifamily,2014,0
15500,permits_multifamily,2015,290
15500,permits_multifamily,2016,387
15500,permits_multifamily,2017,188
15500,permits_multifamily,2018,331
15500,permits_multifamily,2019,464
15500,permits_multifamily,2020,594
15500,permits_multifamily,2021,712
15500,permits_multifamily,2022,146
15500,permits_multifamily,2023,1083
15500,permits_multifamily,2024,403
15500,permits_multifamily,2025,319
15500,permits_single_family,2014,593
15500,permits_single_family,2015,736
15500,permits_single_family,2016,938
15500,permits_single_family,2017,1030
15500,permits_single_family,2018,1084
15500,permits_single_family,2019,943
15500,permits_single_family,2020,1182
15500,permits_single_family,2021,1557
15500,permits_single_family,2022,1793
15500,permits_single_family,2023,1641
15500,permits_single_family,2024,1999
15500,permits_single_family,2025,1674
15500,permits_units,2014,606
15500,permits_units,2015,1032
15500,permits_units,2016,1353
15500,permits_units,2017,1223
15500,permits_units,2018,1419
15500,permits_units,2019,1407
15500,permits_units,2020,1784
15500,permits_units,2021,2294
15500,permits_units,2022,1949
15500,permits_units,2023,2730
15500,permits_units,2024,2466
15500,permits_units,2025,2027
15540,permits_multifamily,2014,261
15540,permits_multifamily,2015,437
15540,permits_multifamily,2016,383
15540,permits_multifamily,2017,401
15540,permits_multifamily,2018,603
15540,permits_multifamily,2019,403
15540,permits_multifamily,2020,629
15540,permits_multifamily,2021,523
15540,permits_multifamily,2022,603
15540,permits_multifamily,2023,669
15540,permits_multifamily,2024,574
15540,permits_multifamily,2025,732
15540,permits_single_family,2014,368
15540,permits_single_family,2015,357
15540,permits_single_family,2016,350
15540,permits_single_family,2017,384
15540,permits_single_family,2018,447
15540,permits_single_family,2019,382
15540,permits_single_family,2020,410
15540,permits_single_family,2021,458
15540,permits_single_family,2022,422
15540,permits_single_family,2023,430
15540,permits_single_family,2024,448
15540,permits_single_family,2025,456
15540,permits_units,2014,706
15540,permits_units,2015,916
15540,permits_units,2016,861
15540,permits_units,2017,870
15540,permits_units,2018,1164
15540,permits_units,2019,867
15540,permits_units,2020,1103
15540,permits_units,2021,1049
15540,permits_units,2022,1124
15540,permits_units,2023,1196
15540,permits_units,2024,1102
15540,permits_units,2025,1258
15580,permits_multifamily,2024,25
15580,permits_multifamily,2025,19
15580,permits_single_family,2024,65
15580,permits_single_family,2025,81
15580,permits_units,2024,109
15580,permits_units,2025,130
15620,permits_multifamily,2024,50
15620,permits_multifamily,2025,119
15620,permits_single_family,2024,94
15620,permits_single_family,2025,107
15620,permits_units,2024,144
15620,permits_units,2025,226
15660,permits_multifamily,2024,0
15660,permits_multifamily,2025,0
15660,permits_single_family,2024,357
15660,permits_single_family,2025,289
15660,permits_units,2024,429
15660,permits_units,2025,289
15680,permits_multifamily,2014,6
15680,permits_multifamily,2015,15
15680,permits_multifamily,2016,5
15680,permits_multifamily,2017,0
15680,permits_multifamily,2018,60
15680,permits_multifamily,2019,66
15680,permits_multifamily,2020,0
15680,permits_multifamily,2021,6
15680,permits_multifamily,2022,0
15680,permits_multifamily,2023,0
15680,permits_single_family,2014,451
15680,permits_single_family,2015,626
15680,permits_single_family,2016,689
15680,permits_single_family,2017,1164
15680,permits_single_family,2018,871
15680,permits_single_family,2019,615
15680,permits_single_family,2020,399
15680,permits_single_family,2021,353
15680,permits_single_family,2022,238
15680,permits_single_family,2023,386
15680,permits_units,2014,457
15680,permits_units,2015,641
15680,permits_units,2016,698
15680,permits_units,2017,1164
15680,permits_units,2018,931
15680,permits_units,2019,689
15680,permits_units,2020,555
15680,permits_units,2021,359
15680,permits_units,2022,238
15680,permits_units,2023,386
15700,permits_multifamily,2024,0
15700,permits_multifamily,2025,0
15700,permits_single_family,2024,79
15700,permits_single_family,2025,64
15700,permits_units,2024,79
15700,permits_units,2025,64
15740,permits_multifamily,2024,0
15740,permits_multifamily,2025,0
15740,permits_single_family,2024,35
15740,permits_single_family,2025,41
15740,permits_units,2024,35
15740,permits_units,2025,41
15780,permits_multifamily,2024,0
15780,permits_multifamily,2025,0
15780,permits_single_family,2024,0
15780,permits_single_family,2025,3
15780,permits_units,2024,0
15780,permits_units,2025,3
15820,permits_multifamily,2024,0
15820,permits_multifamily,2025,0
15820,permits_single_family,2024,14
15820,permits_single_family,2025,13
15820,permits_units,2024,14
15820,permits_units,2025,13
15860,permits_multifamily,2024,0
15860,permits_multifamily,2025,0
15860,permits_single_family,2024,134
15860,permits_single_family,2025,105
15860,permits_units,2024,134
15860,permits_units,2025,107
15900,permits_multifamily,2024,0
15900,permits_multifamily,2025,0
15900,permits_single_family,2024,13
15900,permits_single_family,2025,14
15900,permits_units,2024,13
15900,permits_units,2025,18
15940,permits_multifamily,2014,65
15940,permits_multifamily,2015,63
15940,permits_multifamily,2016,46
15940,permits_multifamily,2017,52
15940,permits_multifamily,2018,72
15940,permits_multifamily,2019,110
15940,permits_multifamily,2020,97
15940,permits_multifamily,2021,308
15940,permits_multifamily,2022,213
15940,permits_multifamily,2023,77
15940,permits_multifamily,2024,84
15940,permits_multifamily,2025,102
15940,permits_single_family,2014,404
15940,permits_single_family,2015,405
15940,permits_single_family,2016,458
15940,permits_single_family,2017,445
15940,permits_single_family,2018,413
15940,permits_single_family,2019,478
15940,permits_single_family,2020,518
15940,permits_single_family,2021,538
15940,permits_single_family,2022,469
15940,permits_single_family,2023,364
15940,permits_single_family,2024,371
15940,permits_single_family,2025,472
15940,permits_units,2014,551
15940,permits_units,2015,558
15940,permits_units,2016,554
15940,permits_units,2017,525
15940,permits_units,2018,528
15940,permits_units,2019,624
15940,permits_units,2020,690
15940,permits_units,2021,953
15940,permits_units,2022,810
15940,permits_units,2023,512
15940,permits_units,2024,528
15940,permits_units,2025,643
15980,permits_multifamily,2014,750
15980,permits_multifamily,2015,2842
15980,permits_multifamily,2016,963
15980,permits_multifamily,2017,1700
15980,permits_multifamily,2018,3227
15980,permits_multifamily,2019,2946
15980,permits_multifamily,2020,3289
15980,permits_multifamily,2021,1735
15980,permits_multifamily,2022,4107
15980,permits_multifamily,2023,4583
15980,permits_multifamily,2024,4686
15980,permits_multifamily,2025,3385
15980,permits_single_family,2014,3112
15980,permits_single_family,2015,3819
15980,permits_single_family,2016,4092
15980,permits_single_family,2017,4841
15980,permits_single_family,2018,5803
15980,permits_single_family,2019,5633
15980,permits_single_family,2020,6828
15980,permits_single_family,2021,11020
15980,permits_single_family,2022,9145
15980,permits_single_family,2023,8654
15980,permits_single_family,2024,10554
15980,permits_single_family,2025,9962
15980,permits_units,2014,4095
15980,permits_units,2015,6879
15980,permits_units,2016,5417
15980,permits_units,2017,6954
15980,permits_units,2018,9721
15980,permits_units,2019,9105
15980,permits_units,2020,10673
15980,permits_units,2021,13394
15980,permits_units,2022,13621
15980,permits_units,2023,13556
15980,permits_units,2024,15411
15980,permits_units,2025,13547
16020,permits_multifamily,2014,12
16020,permits_multifamily,2015,50
16020,permits_multifamily,2016,32
16020,permits_multifamily,2017,326
16020,permits_multifamily,2018,671
16020,permits_multifamily,2019,676
16020,permits_multifamily,2020,36
16020,permits_multifamily,2021,0
16020,permits_multifamily,2022,0
16020,permits_multifamily,2023,0
16020,permits_multifamily,2024,0
16020,permits_multifamily,2025,0
16020,permits_single_family,2014,163
16020,permits_single_family,2015,119
16020,permits_single_family,2016,132
16020,permits_single_family,2017,260
16020,permits_single_family,2018,131
16020,permits_single_family,2019,108
16020,permits_single_family,2020,79
16020,permits_single_family,2021,167
16020,permits_single_family,2022,92
16020,permits_single_family,2023,79
16020,permits_single_family,2024,77
16020,permits_single_family,2025,99
16020,permits_units,2014,187
16020,permits_units,2015,179
16020,permits_units,2016,172
16020,permits_units,2017,598
16020,permits_units,2018,816
16020,permits_units,2019,795
16020,permits_units,2020,141
16020,permits_units,2021,177
16020,permits_units,2022,94
16020,permits_units,2023,79
16020,permits_units,2024,83
16020,permits_units,2025,99
16060,permits_multifamily,2014,121
16060,permits_multifamily,2015,12
16060,permits_multifamily,2016,6
16060,permits_multifamily,2017,0
16060,permits_multifamily,2018,20
16060,permits_multifamily,2019,0
16060,permits_multifamily,2020,0
16060,permits_multifamily,2021,0
16060,permits_multifamily,2022,10
16060,permits_multifamily,2023,8
16060,permits_multifamily,2024,0
16060,permits_multifamily,2025,0
16060,permits_single_family,2014,86
16060,permits_single_family,2015,78
16060,permits_single_family,2016,90
16060,permits_single_family,2017,83
16060,permits_single_family,2018,196
16060,permits_single_family,2019,172
16060,permits_single_family,2020,178
16060,permits_single_family,2021,87
16060,permits_single_family,2022,67
16060,permits_single_family,2023,72
16060,permits_single_family,2024,4
16060,permits_single_family,2025,4
16060,permits_units,2014,245
16060,permits_units,2015,137
16060,permits_units,2016,136
16060,permits_units,2017,130
16060,permits_units,2018,238
16060,permits_units,2019,182
16060,permits_units,2020,183
16060,permits_units,2021,99
16060,permits_units,2022,150
16060,permits_units,2023,135
16060,permits_units,2024,4
16060,permits_units,2025,4
16100,permits_multifamily,2024,0
16100,permits_multifamily,2025,36
16100,permits_single_family,2024,156
16100,permits_single_family,2025,183
16100,permits_units,2024,156
16100,permits_units,2025,241
16140,permits_multifamily,2024,0
16140,permits_multifamily,2025,0
16140,permits_single_family,2024,29
16140,permits_single_family,2025,29
16140,permits_units,2024,34
16140,permits_units,2025,36
16180,permits_multifamily,2014,0
16180,permits_multifamily,2015,0
16180,permits_multifamily,2016,72
16180,permits_multifamily,2017,0
16180,permits_multifamily,2018,130
16180,permits_multifamily,2019,73
16180,permits_multifamily,2020,64
16180,permits_multifamily,2021,89
16180,permits_multifamily,2022,93
16180,permits_multifamily,2023,80
16180,permits_multifamily,2024,81
16180,permits_multifamily,2025,243
16180,permits_single_family,2014,33
16180,permits_single_family,2015,39
16180,permits_single_family,2016,87
16180,permits_single_family,2017,118
16180,permits_single_family,2018,180
16180,permits_single_family,2019,172
16180,permits_single_family,2020,190
16180,permits_single_family,2021,203
16180,permits_single_family,2022,167
16180,permits_single_family,2023,153
16180,permits_single_family,2024,183
16180,permits_single_family,2025,322
16180,permits_units,2014,35
16180,permits_units,2015,43
16180,permits_units,2016,159
16180,permits_units,2017,138
16180,permits_units,2018,310
16180,permits_units,2019,248
16180,permits_units,2020,263
16180,permits_units,2021,307
16180,permits_units,2022,272
16180,permits_units,2023,242
16180,permits_units,2024,264
16180,permits_units,2025,573
16220,permits_multifamily,2014,0
16220,permits_multifamily,2015,36
16220,permits_multifamily,2016,0
16220,permits_multifamily,2017,100
16220,permits_multifamily,2018,10
16220,permits_multifamily,2019,0
16220,permits_multifamily,2020,49
16220,permits_multifamily,2021,119
16220,permits_multifamily,2022,60
16220,permits_multifamily,2023,0
16220,permits_multifamily,2024,104
16220,permits_multifamily,2025,0
16220,permits_single_family,2014,330
16220,permits_single_family,2015,227
16220,permits_single_family,2016,157
16220,permits_single_family,2017,151
16220,permits_single_family,2018,140
16220,permits_single_family,2019,158
16220,permits_single_family,2020,148
16220,permits_single_family,2021,140
16220,permits_single_family,2022,134
16220,permits_single_family,2023,206
16220,permits_single_family,2024,206
16220,permits_single_family,2025,197
16220,permits_units,2014,330
16220,permits_units,2015,271
16220,permits_units,2016,165
16220,permits_units,2017,273
16220,permits_units,2018,174
16220,permits_units,2019,177
16220,permits_units,2020,208
16220,permits_units,2021,275
16220,permits_units,2022,208
16220,permits_units,2023,218
16220,permits_units,2024,310
16220,permits_units,2025,199
16260,permits_multifamily,2024,0
16260,permits_multifamily,2025,0
16260,permits_single_family,2024,655
16260,permits_single_family,2025,678
16260,permits_units,2024,655
16260,permits_units,2025,678
16300,permits_multifamily,2014,54
16300,permits_multifamily,2015,205
16300,permits_multifamily,2016,35
16300,permits_multifamily,2017,271
16300,permits_multifamily,2018,331
16300,permits_multifamily,2019,184
16300,permits_multifamily,2020,81
16300,permits_multifamily,2021,250
16300,permits_multifamily,2022,405
16300,permits_multifamily,2023,201
16300,permits_multifamily,2024,456
16300,permits_multifamily,2025,400
16300,permits_single_family,2014,644
16300,permits_single_family,2015,703
16300,permits_single_family,2016,555
16300,permits_single_family,2017,537
16300,permits_single_family,2018,490
16300,permits_single_family,2019,509
16300,permits_single_family,2020,453
16300,permits_single_family,2021,546
16300,permits_single_family,2022,453
16300,permits_single_family,2023,467
16300,permits_single_family,2024,494
16300,permits_single_family,2025,464
16300,permits_units,2014,881
16300,permits_units,2015,1073
16300,permits_units,2016,787
16300,permits_units,2017,992
16300,permits_units,2018,959
16300,permits_units,2019,814
16300,permits_units,2020,644
16300,permits_units,2021,898
16300,permits_units,2022,947
16300,permits_units,2023,768
16300,permits_units,2024,1087
16300,permits_units,2025,987
16340,permits_multifamily,2024,17
16340,permits_multifamily,2025,96
16340,permits_single_family,2024,130
16340,permits_single_family,2025,121
16340,permits_units,2024,147
16340,permits_units,2025,217
16380,permits_multifamily,2024,0
16380,permits_multifamily,2025,0
16380,permits_single_family,2024,80
16380,permits_single_family,2025,81
16380,permits_units,2024,86
16380,permits_units,2025,83
16460,permits_multifamily,2024,0
16460,permits_multifamily,2025,0
16460,permits_single_family,2024,5
16460,permits_single_family,2025,4
16460,permits_units,2024,25
16460,permits_units,2025,12
16500,permits_multifamily,2024,44
16500,permits_multifamily,2025,0
16500,permits_single_family,2024,196
16500,permits_single_family,2025,373
16500,permits_units,2024,265
16500,permits_units,2025,431
16540,permits_multifamily,2014,61
16540,permits_multifamily,2015,0
16540,permits_multifamily,2016,42
16540,permits_multifamily,2017,58
16540,permits_multifamily,2018,70
16540,permits_multifamily,2019,7
16540,permits_multifamily,2020,15
16540,permits_multifamily,2021,25
16540,permits_multifamily,2022,56
16540,permits_multifamily,2023,70
16540,permits_multifamily,2024,112
16540,permits_multifamily,2025,375
16540,permits_single_family,2014,251
16540,permits_single_family,2015,231
16540,permits_single_family,2016,285
16540,permits_single_family,2017,342
16540,permits_single_family,2018,349
16540,permits_single_family,2019,284
16540,permits_single_family,2020,281
16540,permits_single_family,2021,337
16540,permits_single_family,2022,312
16540,permits_single_family,2023,643
16540,permits_single_family,2024,478
16540,permits_single_family,2025,576
16540,permits_units,2014,356
16540,permits_units,2015,231
16540,permits_units,2016,327
16540,permits_units,2017,412
16540,permits_units,2018,423
16540,permits_units,2019,293
16540,permits_units,2020,330
16540,permits_units,2021,382
16540,permits_units,2022,410
16540,permits_units,2023,737
16540,permits_units,2024,623
16540,permits_units,2025,1033
16580,permits_multifamily,2014,1109
16580,permits_multifamily,2015,894
16580,permits_multifamily,2016,512
16580,permits_multifamily,2017,412
16580,permits_multifamily,2018,1080
16580,permits_multifamily,2019,899
16580,permits_multifamily,2020,1251
16580,permits_multifamily,2021,345
16580,permits_multifamily,2022,575
16580,permits_multifamily,2023,347
16580,permits_multifamily,2024,359
16580,permits_multifamily,2025,585
16580,permits_single_family,2014,366
16580,permits_single_family,2015,329
16580,permits_single_family,2016,440
16580,permits_single_family,2017,408
16580,permits_single_family,2018,345
16580,permits_single_family,2019,247
16580,permits_single_family,2020,292
16580,permits_single_family,2021,271
16580,permits_single_family,2022,313
16580,permits_single_family,2023,245
16580,permits_single_family,2024,242
16580,permits_single_family,2025,312
16580,permits_units,2014,1489
16580,permits_units,2015,1235
16580,permits_units,2016,1011
16580,permits_units,2017,838
16580,permits_units,2018,1506
16580,permits_units,2019,1175
16580,permits_units,2020,1547
16580,permits_units,2021,616
16580,permits_units,2022,920
16580,permits_units,2023,609
16580,permits_units,2024,611
16580,permits_units,2025,913
16620,permits_multifamily,2014,188
16620,permits_multifamily,2015,135
16620,permits_multifamily,2016,76
16620,permits_multifamily,2017,39
16620,permits_multifamily,2018,0
16620,permits_multifamily,2019,0
16620,permits_multifamily,2020,36
16620,permits_multifamily,2021,40
16620,permits_multifamily,2022,0
16620,permits_multifamily,2023,0
16620,permits_multifamily,2024,0
16620,permits_multifamily,2025,0
16620,permits_single_family,2014,88
16620,permits_single_family,2015,90
16620,permits_single_family,2016,70
16620,permits_single_family,2017,70
16620,permits_single_family,2018,106
16620,permits_single_family,2019,314
16620,permits_single_family,2020,296
16620,permits_single_family,2021,218
16620,permits_single_family,2022,154
16620,permits_single_family,2023,185
16620,permits_single_family,2024,106
16620,permits_single_family,2025,110
16620,permits_units,2014,321
16620,permits_units,2015,283
16620,permits_units,2016,185
16620,permits_units,2017,135
16620,permits_units,2018,106
16620,permits_units,2019,318
16620,permits_units,2020,336
16620,permits_units,2021,260
16620,permits_units,2022,160
16620,permits_units,2023,185
16620,permits_units,2024,106
16620,permits_units,2025,114
16660,permits_multifamily,2024,25
16660,permits_multifamily,2025,0
16660,permits_single_family,2024,11
16660,permits_single_family,2025,16
16660,permits_units,2024,36
16660,permits_units,2025,16
16700,permits_multifamily,2014,2011
16700,permits_multifamily,2015,1938
16700,permits_multifamily,2016,2159
16700,permits_multifamily,2017,2533
16700,permits_multifamily,2018,2199
16700,permits_multifamily,2019,1912
16700,permits_multifamily,2020,2779
16700,permits_multifamily,2021,2342
16700,permits_multifamily,2022,3128
16700,permits_multifamily,2023,2073
16700,permits_multifamily,2024,1437
16700,permits_multifamily,2025,1337
16700,permits_single_family,2014,4144
16700,permits_single_family,2015,4608
16700,permits_single_family,2016,4787
16700,permits_single_family,2017,4726
16700,permits_single_family,2018,4787
16700,permits_single_family,2019,4758
16700,permits_single_family,2020,5791
16700,permits_single_family,2021,5913
16700,permits_single_family,2022,6329
16700,permits_single_family,2023,6184
16700,permits_single_family,2024,6817
16700,permits_single_family,2025,5799
16700,permits_units,2014,6155
16700,permits_units,2015,6590
16700,permits_units,2016,6974
16700,permits_units,2017,7267
16700,permits_units,2018,7002
16700,permits_units,2019,6695
16700,permits_units,2020,8604
16700,permits_units,2021,8282
16700,permits_units,2022,9491
16700,permits_units,2023,8573
16700,permits_units,2024,8514
16700,permits_units,2025,7287
16740,permits_multifamily,2014,7100
16740,permits_multifamily,2015,6876
16740,permits_multifamily,2016,6428
16740,permits_multifamily,2017,7508
16740,permits_multifamily,2018,9640
16740,permits_multifamily,2019,8238
16740,permits_multifamily,2020,6724
16740,permits_multifamily,2021,9186
16740,permits_multifamily,2022,7994
16740,permits_multifamily,2023,10127
16740,permits_multifamily,2024,6827
16740,permits_multifamily,2025,5820
16740,permits_single_family,2014,11306
16740,permits_single_family,2015,12389
16740,permits_single_family,2016,14041
16740,permits_single_family,2017,15247
16740,permits_single_family,2018,16407
16740,permits_single_family,2019,16253
16740,permits_single_family,2020,19690
16740,permits_single_family,2021,20830
16740,permits_single_family,2022,19029
16740,permits_single_family,2023,19146
16740,permits_single_family,2024,18954
16740,permits_single_family,2025,16242
16740,permits_units,2014,18537
16740,permits_units,2015,19543
16740,permits_units,2016,20574
16740,permits_units,2017,22869
16740,permits_units,2018,26209
16740,permits_units,2019,24637
16740,permits_units,2020,26548
16740,permits_units,2021,30126
16740,permits_units,2022,27212
16740,permits_units,2023,29419
16740,permits_units,2024,25935
16740,permits_units,2025,22233
16820,permits_multifamily,2014,149
16820,permits_multifamily,2015,218
16820,permits_multifamily,2016,340
16820,permits_multifamily,2017,313
16820,permits_multifamily,2018,569
16820,permits_multifamily,2019,370
16820,permits_multifamily,2020,587
16820,permits_multifamily,2021,410
16820,permits_multifamily,2022,459
16820,permits_multifamily,2023,391
16820,permits_multifamily,2024,252
16820,permits_multifamily,2025,1043
16820,permits_single_family,2014,706
16820,permits_single_family,2015,757
16820,permits_single_family,2016,886
16820,permits_single_family,2017,963
16820,permits_single_family,2018,1028
16820,permits_single_family,2019,996
16820,permits_single_family,2020,1068
16820,permits_single_family,2021,999
16820,permits_single_family,2022,1017
16820,permits_single_family,2023,899
16820,permits_single_family,2024,985
16820,permits_single_family,2025,1068
16820,permits_units,2014,873
16820,permits_units,2015,989
16820,permits_units,2016,1234
16820,permits_units,2017,1276
16820,permits_units,2018,1615
16820,permits_units,2019,1375
16820,permits_units,2020,1673
16820,permits_units,2021,1427
16820,permits_units,2022,1500
16820,permits_units,2023,1309
16820,permits_units,2024,1267
16820,permits_units,2025,2135
16860,permits_multifamily,2014,1086
16860,permits_multifamily,2015,538
16860,permits_multifamily,2016,682
16860,permits_multifamily,2017,661
16860,permits_multifamily,2018,158
16860,permits_multifamily,2019,672
16860,permits_multifamily,2020,682
16860,permits_multifamily,2021,1026
16860,permits_multifamily,2022,714
16860,permits_multifamily,2023,527
16860,permits_multifamily,2024,685
16860,permits_multifamily,2025,159
16860,permits_single_family,2014,1226
16860,permits_single_family,2015,1532
16860,permits_single_family,2016,1725
16860,permits_single_family,2017,1928
16860,permits_single_family,2018,1971
16860,permits_single_family,2019,1861
16860,permits_single_family,2020,2251
16860,permits_single_family,2021,2443
16860,permits_single_family,2022,2121
16860,permits_single_family,2023,2243
16860,permits_single_family,2024,2607
16860,permits_single_family,2025,2547
16860,permits_units,2014,2346
16860,permits_units,2015,2093
16860,permits_units,2016,2487
16860,permits_units,2017,2631
16860,permits_units,2018,2227
16860,permits_units,2019,2697
16860,permits_units,2020,3061
16860,permits_units,2021,3673
16860,permits_units,2022,3081
16860,permits_units,2023,3016
16860,permits_units,2024,3594
16860,permits_units,2025,2958
16940,permits_multifamily,2014,95
16940,permits_multifamily,2015,0
16940,permits_multifamily,2016,33
16940,permits_multifamily,2017,102
16940,permits_multifamily,2018,97
16940,permits_multifamily,2019,22
16940,permits_multifamily,2020,86
16940,permits_multifamily,2021,127
16940,permits_multifamily,2022,644
16940,permits_multifamily,2023,8
16940,permits_multifamily,2024,104
16940,permits_multifamily,2025,188
16940,permits_single_family,2014,305
16940,permits_single_family,2015,388
16940,permits_single_family,2016,433
16940,permits_single_family,2017,389
16940,permits_single_family,2018,391
16940,permits_single_family,2019,386
16940,permits_single_family,2020,438
16940,permits_single_family,2021,500
16940,permits_single_family,2022,375
16940,permits_single_family,2023,165
16940,permits_single_family,2024,332
16940,permits_single_family,2025,325
16940,permits_units,2014,403
16940,permits_units,2015,440
16940,permits_units,2016,476
16940,permits_units,2017,573
16940,permits_units,2018,539
16940,permits_units,2019,432
16940,permits_units,2020,550
16940,permits_units,2021,737
16940,permits_units,2022,1163
16940,permits_units,2023,287
16940,permits_units,2024,497
16940,permits_units,2025,556
16980,permits_multifamily,2014,7393
16980,permits_multifamily,2015,7345
16980,permits_multifamily,2016,11032
16980,permits_multifamily,2017,12692
16980,permits_multifamily,2018,8186
16980,permits_multifamily,2019,9346
16980,permits_multifamily,2020,6020
16980,permits_multifamily,2021,7445
16980,permits_multifamily,2022,8128
16980,permits_multifamily,2023,5566
16980,permits_multifamily,2024,7819
16980,permits_multifamily,2025,5324
16980,permits_single_family,2014,7723
16980,permits_single_family,2015,7676
16980,permits_single_family,2016,8032
16980,permits_single_family,2017,8416
16980,permits_single_family,2018,8546
16980,permits_single_family,2019,7598
16980,permits_single_family,2020,8122
16980,permits_single_family,2021,10071
16980,permits_single_family,2022,8562
16980,permits_single_family,2023,8452
16980,permits_single_family,2024,9509
16980,permits_single_family,2025,9497
16980,permits_units,2014,15679
16980,permits_units,2015,15813
16980,permits_units,2016,19941
16980,permits_units,2017,22132
16980,permits_units,2018,17681
16980,permits_units,2019,18085
16980,permits_units,2020,14995
16980,permits_units,2021,18511
16980,permits_units,2022,17635
16980,permits_units,2023,15028
16980,permits_units,2024,18064
16980,permits_units,2025,15778
17020,permits_multifamily,2014,183
17020,permits_multifamily,2015,215
17020,permits_multifamily,2016,213
17020,permits_multifamily,2017,355
17020,permits_multifamily,2018,74
17020,permits_multifamily,2019,471
17020,permits_multifamily,2020,230
17020,permits_multifamily,2021,746
17020,permits_multifamily,2022,766
17020,permits_multifamily,2023,202
17020,permits_multifamily,2024,254
17020,permits_multifamily,2025,301
17020,permits_single_family,2014,355
17020,permits_single_family,2015,356
17020,permits_single_family,2016,445
17020,permits_single_family,2017,457
17020,permits_single_family,2018,595
17020,permits_single_family,2019,885
17020,permits_single_family,2020,1430
17020,permits_single_family,2021,1193
17020,permits_single_family,2022,989
17020,permits_single_family,2023,691
17020,permits_single_family,2024,657
17020,permits_single_family,2025,662
17020,permits_units,2014,550
17020,permits_units,2015,621
17020,permits_units,2016,697
17020,permits_units,2017,823
17020,permits_units,2018,703
17020,permits_units,2019,1426
17020,permits_units,2020,1837
17020,permits_units,2021,2050
17020,permits_units,2022,1853
17020,permits_units,2023,929
17020,permits_units,2024,946
17020,permits_units,2025,997
17060,permits_multifamily,2024,0
17060,permits_multifamily,2025,0
17060,permits_single_family,2024,22
17060,permits_single_family,2025,29
17060,permits_units,2024,24
17060,permits_units,2025,59
17140,permits_multifamily,2014,1823
17140,permits_multifamily,2015,1036
17140,permits_multifamily,2016,1665
17140,permits_multifamily,2017,1880
17140,permits_multifamily,2018,1595
17140,permits_multifamily,2019,1453
17140,permits_multifamily,2020,1750
17140,permits_multifamily,2021,2891
17140,permits_multifamily,2022,1620
17140,permits_multifamily,2023,2040
17140,permits_multifamily,2024,2561
17140,permits_multifamily,2025,2491
17140,permits_single_family,2014,3218
17140,permits_single_family,2015,3477
17140,permits_single_family,2016,3938
17140,permits_single_family,2017,4440
17140,permits_single_family,2018,4282
17140,permits_single_family,2019,4488
17140,permits_single_family,2020,5392
17140,permits_single_family,2021,5358
17140,permits_single_family,2022,4062
17140,permits_single_family,2023,3714
17140,permits_single_family,2024,4025
17140,permits_single_family,2025,4311
17140,permits_units,2014,5206
17140,permits_units,2015,4661
17140,permits_units,2016,5867
17140,permits_units,2017,6465
17140,permits_units,2018,6076
17140,permits_units,2019,6023
17140,permits_units,2020,7297
17140,permits_units,2021,8429
17140,permits_units,2022,6166
17140,permits_units,2023,6241
17140,permits_units,2024,7089
17140,permits_units,2025,7264
17220,permits_multifamily,2024,5
17220,permits_multifamily,2025,12
17220,permits_single_family,2024,74
17220,permits_single_family,2025,80
17220,permits_units,2024,83
17220,permits_units,2025,192
17260,permits_multifamily,2024,0
17260,permits_multifamily,2025,0
17260,permits_single_family,2024,25
17260,permits_single_family,2025,2
17260,permits_units,2024,25
17260,permits_units,2025,2
17300,permits_multifamily,2014,144
17300,permits_multifamily,2015,130
17300,permits_multifamily,2016,214
17300,permits_multifamily,2017,160
17300,permits_multifamily,2018,153
17300,permits_multifamily,2019,240
17300,permits_multifamily,2020,477
17300,permits_multifamily,2021,1730
17300,permits_multifamily,2022,2139
17300,permits_multifamily,2023,1328
17300,permits_multifamily,2024,683
17300,permits_multifamily,2025,1018
17300,permits_single_family,2014,1276
17300,permits_single_family,2015,1132
17300,permits_single_family,2016,1316
17300,permits_single_family,2017,1558
17300,permits_single_family,2018,1516
17300,permits_single_family,2019,2332
17300,permits_single_family,2020,3043
17300,permits_single_family,2021,2217
17300,permits_single_family,2022,1501
17300,permits_single_family,2023,1385
17300,permits_single_family,2024,1975
17300,permits_single_family,2025,1754
17300,permits_units,2014,1507
17300,permits_units,2015,1342
17300,permits_units,2016,1679
17300,permits_units,2017,1813
17300,permits_units,2018,1803
17300,permits_units,2019,2657
17300,permits_units,2020,3805
17300,permits_units,2021,4112
17300,permits_units,2022,4093
17300,permits_units,2023,2939
17300,permits_units,2024,2798
17300,permits_units,2025,2916
17340,permits_multifamily,2024,40
17340,permits_multifamily,2025,40
17340,permits_single_family,2024,72
17340,permits_single_family,2025,45
17340,permits_units,2024,114
17340,permits_units,2025,85
17380,permits_multifamily,2024,0
17380,permits_multifamily,2025,0
17380,permits_single_family,2024,15
17380,permits_single_family,2025,20
17380,permits_units,2024,15
17380,permits_units,2025,20
17410,permits_multifamily,2024,1076
17410,permits_multifamily,2025,1214
17410,permits_single_family,2024,2980
17410,permits_single_family,2025,2866
17410,permits_units,2024,4289
17410,permits_units,2025,4174
17420,permits_multifamily,2014,166
17420,permits_multifamily,2015,215
17420,permits_multifamily,2016,0
17420,permits_multifamily,2017,50
17420,permits_multifamily,2018,0
17420,permits_multifamily,2019,78
17420,permits_multifamily,2020,0
17420,permits_multifamily,2021,0
17420,permits_multifamily,2022,14
17420,permits_multifamily,2023,18
17420,permits_multifamily,2024,0
17420,permits_multifamily,2025,30
17420,permits_single_family,2014,419
17420,permits_single_family,2015,439
17420,permits_single_family,2016,465
17420,permits_single_family,2017,519
17420,permits_single_family,2018,608
17420,permits_single_family,2019,607
17420,permits_single_family,2020,676
17420,permits_single_family,2021,765
17420,permits_single_family,2022,775
17420,permits_single_family,2023,775
17420,permits_single_family,2024,925
17420,permits_single_family,2025,844
17420,permits_units,2014,689
17420,permits_units,2015,732
17420,permits_units,2016,532
17420,permits_units,2017,639
17420,permits_units,2018,676
17420,permits_units,2019,755
17420,permits_units,2020,713
17420,permits_units,2021,790
17420,permits_units,2022,924
17420,permits_units,2023,821
17420,permits_units,2024,979
17420,permits_units,2025,938
17460,permits_multifamily,2014,519
17460,permits_multifamily,2015,329
17460,permits_multifamily,2016,341
17460,permits_multifamily,2017,279
17460,permits_multifamily,2018,103
17460,permits_multifamily,2019,298
17460,permits_multifamily,2020,424
17460,permits_multifamily,2021,296
17460,permits_multifamily,2022,705
17460,permits_multifamily,2023,888
17460,permits_single_family,2014,2256
17460,permits_single_family,2015,2533
17460,permits_single_family,2016,2618
17460,permits_single_family,2017,2749
17460,permits_single_family,2018,2733
17460,permits_single_family,2019,2584
17460,permits_single_family,2020,2814
17460,permits_single_family,2021,2949
17460,permits_single_family,2022,2913
17460,permits_single_family,2023,2500
17460,permits_units,2014,2900
17460,permits_units,2015,2938
17460,permits_units,2016,3053
17460,permits_units,2017,3227
17460,permits_units,2018,2981
17460,permits_units,2019,3032
17460,permits_units,2020,3374
17460,permits_units,2021,3340
17460,permits_units,2022,3733
17460,permits_units,2023,3491
17500,permits_multifamily,2024,45
17500,permits_multifamily,2025,0
17500,permits_single_family,2024,573
17500,permits_single_family,2025,562
17500,permits_units,2024,622
17500,permits_units,2025,578
17540,permits_multifamily,2024,50
17540,permits_multifamily,2025,48
17540,permits_single_family,2024,31
17540,permits_single_family,2025,37
17540,permits_units,2024,117
17540,permits_units,2025,85
17580,permits_multifamily,2024,0
17580,permits_multifamily,2025,0
17580,permits_single_family,2024,72
17580,permits_single_family,2025,22
17580,permits_units,2024,200
17580,permits_units,2025,62
17620,permits_multifamily,2025,0
17620,permits_single_family,2025,106
17620,permits_units,2025,108
17640,permits_multifamily,2025,0
17640,permits_single_family,2025,38
17640,permits_units,2025,38
17650,permits_multifamily,2024,0
17650,permits_multifamily,2025,0
17650,permits_single_family,2024,176
17650,permits_single_family,2025,167
17650,permits_units,2024,200
17650,permits_units,2025,181
17660,permits_multifamily,2014,173
17660,permits_multifamily,2015,284
17660,permits_multifamily,2016,348
17660,permits_multifamily,2017,346
17660,permits_multifamily,2018,520
17660,permits_multifamily,2019,852
17660,permits_multifamily,2020,1198
17660,permits_multifamily,2021,710
17660,permits_multifamily,2022,765
17660,permits_multifamily,2023,551
17660,permits_multifamily,2024,154
17660,permits_multifamily,2025,411
17660,permits_single_family,2014,820
17660,permits_single_family,2015,1090
17660,permits_single_family,2016,1296
17660,permits_single_family,2017,1415
17660,permits_single_family,2018,1658
17660,permits_single_family,2019,1577
17660,permits_single_family,2020,1669
17660,permits_single_family,2021,1629
17660,permits_single_family,2022,1206
17660,permits_single_family,2023,1406
17660,permits_single_family,2024,1371
17660,permits_single_family,2025,1217
17660,permits_units,2014,1047
17660,permits_units,2015,1414
17660,permits_units,2016,1666
17660,permits_units,2017,1778
17660,permits_units,2018,2210
17660,permits_units,2019,2526
17660,permits_units,2020,2929
17660,permits_units,2021,2426
17660,permits_units,2022,2039
17660,permits_units,2023,2043
17660,permits_units,2024,1587
17660,permits_units,2025,1705
17740,permits_multifamily,2024,0
17740,permits_multifamily,2025,0
17740,permits_single_family,2024,43
17740,permits_single_family,2025,40
17740,permits_units,2024,43
17740,permits_units,2025,44
17780,permits_multifamily,2014,763
17780,permits_multifamily,2015,346
17780,permits_multifamily,2016,1328
17780,permits_multifamily,2017,1778
17780,permits_multifamily,2018,804
17780,permits_multifamily,2019,315
17780,permits_multifamily,2020,673
17780,permits_multifamily,2021,514
17780,permits_multifamily,2022,166
17780,permits_multifamily,2023,277
17780,permits_multifamily,2024,768
17780,permits_multifamily,2025,455
17780,permits_single_family,2014,972
17780,permits_single_family,2015,1209
17780,permits_single_family,2016,1218
17780,permits_single_family,2017,1155
17780,permits_single_family,2018,1023
17780,permits_single_family,2019,1091
17780,permits_single_family,2020,1392
17780,permits_single_family,2021,1765
17780,permits_single_family,2022,1545
17780,permits_single_family,2023,1155
17780,permits_single_family,2024,1482
17780,permits_single_family,2025,1748
17780,permits_units,2014,1803
17780,permits_units,2015,1712
17780,permits_units,2016,2860
17780,permits_units,2017,3083
17780,permits_units,2018,1856
17780,permits_units,2019,1480
17780,permits_units,2020,2103
17780,permits_units,2021,2300
17780,permits_units,2022,1775
17780,permits_units,2023,1462
17780,permits_units,2024,2321
17780,permits_units,2025,2391
17820,permits_multifamily,2014,983
17820,permits_multifamily,2015,631
17820,permits_multifamily,2016,1548
17820,permits_multifamily,2017,1106
17820,permits_multifamily,2018,1473
17820,permits_multifamily,2019,1316
17820,permits_multifamily,2020,1587
17820,permits_multifamily,2021,3925
17820,permits_multifamily,2022,4942
17820,permits_multifamily,2023,2359
17820,permits_multifamily,2024,872
17820,permits_multifamily,2025,2804
17820,permits_single_family,2014,2662
17820,permits_single_family,2015,3022
17820,permits_single_family,2016,3610
17820,permits_single_family,2017,3852
17820,permits_single_family,2018,4229
17820,permits_single_family,2019,4051
17820,permits_single_family,2020,5039
17820,permits_single_family,2021,5074
17820,permits_single_family,2022,3646
17820,permits_single_family,2023,2670
17820,permits_single_family,2024,2878
17820,permits_single_family,2025,2839
17820,permits_units,2014,3673
17820,permits_units,2015,3665
17820,permits_units,2016,5166
17820,permits_units,2017,4965
17820,permits_units,2018,5734
17820,permits_units,2019,5508
17820,permits_units,2020,6932
17820,permits_units,2021,9335
17820,permits_units,2022,8844
17820,permits_units,2023,5277
17820,permits_units,2024,3994
17820,permits_units,2025,5825
17860,permits_multifamily,2014,686
17860,permits_multifamily,2015,623
17860,permits_multifamily,2016,417
17860,permits_multifamily,2017,851
17860,permits_multifamily,2018,0
17860,permits_multifamily,2019,162
17860,permits_multifamily,2020,122
17860,permits_multifamily,2021,189
17860,permits_multifamily,2022,135
17860,permits_multifamily,2023,68
17860,permits_multifamily,2024,554
17860,permits_multifamily,2025,146
17860,permits_single_family,2014,663
17860,permits_single_family,2015,771
17860,permits_single_family,2016,863
17860,permits_single_family,2017,769
17860,permits_single_family,2018,555
17860,permits_single_family,2019,633
17860,permits_single_family,2020,806
17860,permits_single_family,2021,838
17860,permits_single_family,2022,628
17860,permits_single_family,2023,609
17860,permits_single_family,2024,763
17860,permits_single_family,2025,643
17860,permits_units,2014,1414
17860,permits_units,2015,1433
17860,permits_units,2016,1304
17860,permits_units,2017,1634
17860,permits_units,2018,557
17860,permits_units,2019,799
17860,permits_units,2020,934
17860,permits_units,2021,1029
17860,permits_units,2022,779
17860,permits_units,2023,681
17860,permits_units,2024,1331
17860,permits_units,2025,825
17900,permits_multifamily,2014,760
17900,permits_multifamily,2015,898
17900,permits_multifamily,2016,711
17900,permits_multifamily,2017,549
17900,permits_multifamily,2018,446
17900,permits_multifamily,2019,205
17900,permits_multifamily,2020,81
17900,permits_multifamily,2021,1004
17900,permits_multifamily,2022,1510
17900,permits_multifamily,2023,602
17900,permits_multifamily,2024,1096
17900,permits_multifamily,2025,864
17900,permits_single_family,2014,3300
17900,permits_single_family,2015,3678
17900,permits_single_family,2016,3916
17900,permits_single_family,2017,4072
17900,permits_single_family,2018,4478
17900,permits_single_family,2019,4209
17900,permits_single_family,2020,4787
17900,permits_single_family,2021,5853
17900,permits_single_family,2022,4101
17900,permits_single_family,2023,4634
17900,permits_single_family,2024,4469
17900,permits_single_family,2025,4969
17900,permits_units,2014,4067
17900,permits_units,2015,4642
17900,permits_units,2016,4627
17900,permits_units,2017,4629
17900,permits_units,2018,4952
17900,permits_units,2019,4424
17900,permits_units,2020,4872
17900,permits_units,2021,6881
17900,permits_units,2022,5804
17900,permits_units,2023,5465
17900,permits_units,2024,5892
17900,permits_units,2025,6070
17980,permits_multifamily,2014,228
17980,permits_multifamily,2015,638
17980,permits_multifamily,2016,102
17980,permits_multifamily,2017,220
17980,permits_multifamily,2018,222
17980,permits_multifamily,2019,380
17980,permits_multifamily,2020,511
17980,permits_multifamily,2021,379
17980,permits_multifamily,2022,978
17980,permits_multifamily,2023,50
17980,permits_multifamily,2024,30
17980,permits_multifamily,2025,30
17980,permits_single_family,2014,703
17980,permits_single_family,2015,604
17980,permits_single_family,2016,581
17980,permits_single_family,2017,669
17980,permits_single_family,2018,747
17980,permits_single_family,2019,707
17980,permits_single_family,2020,1303
17980,permits_single_family,2021,740
17980,permits_single_family,2022,636
17980,permits_single_family,2023,579
17980,permits_single_family,2024,638
17980,permits_single_family,2025,571
17980,permits_units,2014,955
17980,permits_units,2015,1244
17980,permits_units,2016,709
17980,permits_units,2017,917
17980,permits_units,2018,1004
17980,permits_units,2019,1097
17980,permits_units,2020,1828
17980,permits_units,2021,1133
17980,permits_units,2022,1648
17980,permits_units,2023,639
17980,permits_units,2024,680
17980,permits_units,2025,605
18020,permits_multifamily,2014,0
18020,permits_multifamily,2015,0
18020,permits_multifamily,2016,0
18020,permits_multifamily,2017,0
18020,permits_multifamily,2018,0
18020,permits_multifamily,2019,0
18020,permits_multifamily,2020,0
18020,permits_multifamily,2021,0
18020,permits_multifamily,2022,0
18020,permits_multifamily,2023,0
18020,permits_multifamily,2024,0
18020,permits_multifamily,2025,0
18020,permits_single_family,2014,254
18020,permits_single_family,2015,233
18020,permits_single_family,2016,300
18020,permits_single_family,2017,204
18020,permits_single_family,2018,170
18020,permits_single_family,2019,189
18020,permits_single_family,2020,169
18020,permits_single_family,2021,231
18020,permits_single_family,2022,209
18020,permits_single_family,2023,156
18020,permits_single_family,2024,183
18020,permits_single_family,2025,183
18020,permits_units,2014,254
18020,permits_units,2015,233
18020,permits_units,2016,300
18020,permits_units,2017,204
18020,permits_units,2018,170
18020,permits_units,2019,189
18020,permits_units,2020,169
18020,permits_units,2021,231
18020,permits_units,2022,209
18020,permits_units,2023,156
18020,permits_units,2024,195
18020,permits_units,2025,187
18060,permits_multifamily,2024,0
18060,permits_multifamily,2025,0
18060,permits_single_family,2024,130
18060,permits_single_family,2025,143
18060,permits_units,2024,130
18060,permits_units,2025,143
18100,permits_multifamily,2024,31
18100,permits_multifamily,2025,234
18100,permits_single_family,2024,103
18100,permits_single_family,2025,176
18100,permits_units,2024,152
18100,permits_units,2025,474
18140,permits_multifamily,2014,3204
18140,permits_multifamily,2015,3702
18140,permits_multifamily,2016,4152
18140,permits_multifamily,2017,4439
18140,permits_multifamily,2018,4611
18140,permits_multifamily,2019,3443
18140,permits_multifamily,2020,6612
18140,permits_multifamily,2021,5056
18140,permits_multifamily,2022,6292
18140,permits_multifamily,2023,5706
18140,permits_multifamily,2024,7645
18140,permits_multifamily,2025,9549
18140,permits_single_family,2014,3497
18140,permits_single_family,2015,3523
18140,permits_single_family,2016,4157
18140,permits_single_family,2017,4295
18140,permits_single_family,2018,4493
18140,permits_single_family,2019,4389
18140,permits_single_family,2020,5481
18140,permits_single_family,2021,6844
18140,permits_single_family,2022,5603
18140,permits_single_family,2023,5364
18140,permits_single_family,2024,6094
18140,permits_single_family,2025,5549
18140,permits_units,2014,7044
18140,permits_units,2015,7555
18140,permits_units,2016,8637
18140,permits_units,2017,8892
18140,permits_units,2018,9440
18140,permits_units,2019,8090
18140,permits_units,2020,12358
18140,permits_units,2021,12062
18140,permits_units,2022,12075
18140,permits_units,2023,11440
18140,permits_units,2024,13962
18140,permits_units,2025,15757
18180,permits_multifamily,2024,28
18180,permits_multifamily,2025,0
18180,permits_single_family,2024,288
18180,permits_single_family,2025,248
18180,permits_units,2024,355
18180,permits_units,2025,286
18220,permits_multifamily,2024,0
18220,permits_multifamily,2025,0
18220,permits_single_family,2024,20
18220,permits_single_family,2025,16
18220,permits_units,2024,20
18220,permits_units,2025,16
18260,permits_multifamily,2024,48
18260,permits_multifamily,2025,38
18260,permits_single_family,2024,818
18260,permits_single_family,2025,749
18260,permits_units,2024,926
18260,permits_units,2025,801
18300,permits_multifamily,2024,16
18300,permits_multifamily,2025,0
18300,permits_single_family,2024,97
18300,permits_single_family,2025,59
18300,permits_units,2024,121
18300,permits_units,2025,67
18340,permits_multifamily,2024,0
18340,permits_multifamily,2025,21
18340,permits_single_family,2024,30
18340,permits_single_family,2025,22
18340,permits_units,2024,82
18340,permits_units,2025,73
18380,permits_multifamily,2024,0
18380,permits_multifamily,2025,0
18380,permits_single_family,2024,22
18380,permits_single_family,2025,27
18380,permits_units,2024,22
18380,permits_units,2025,27
18420,permits_multifamily,2024,0
18420,permits_multifamily,2025,0
18420,permits_single_family,2024,7
18420,permits_single_family,2025,25
18420,permits_units,2024,13
18420,permits_units,2025,35
18460,permits_multifamily,2024,5
18460,permits_multifamily,2025,12
18460,permits_single_family,2024,232
18460,permits_single_family,2025,378
18460,permits_units,2024,241
18460,permits_units,2025,390
18500,permits_multifamily,2024,0
18500,permits_multifamily,2025,0
18500,permits_single_family,2024,120
18500,permits_single_family,2025,104
18500,permits_units,2024,120
18500,permits_units,2025,104
18580,permits_multifamily,2014,1180
18580,permits_multifamily,2015,394
18580,permits_multifamily,2016,252
18580,permits_multifamily,2017,0
18580,permits_multifamily,2018,6
18580,permits_multifamily,2019,192
18580,permits_multifamily,2020,267
18580,permits_multifamily,2021,358
18580,permits_multifamily,2022,5
18580,permits_multifamily,2023,69
18580,permits_multifamily,2024,104
18580,permits_multifamily,2025,142
18580,permits_single_family,2014,1667
18580,permits_single_family,2015,1607
18580,permits_single_family,2016,1631
18580,permits_single_family,2017,1178
18580,permits_single_family,2018,1711
18580,permits_single_family,2019,1601
18580,permits_single_family,2020,1646
18580,permits_single_family,2021,2213
18580,permits_single_family,2022,1895
18580,permits_single_family,2023,1780
18580,permits_single_family,2024,2198
18580,permits_single_family,2025,1952
18580,permits_units,2014,2864
18580,permits_units,2015,2153
18580,permits_units,2016,1910
18580,permits_units,2017,1186
18580,permits_units,2018,1727
18580,permits_units,2019,1815
18580,permits_units,2020,1923
18580,permits_units,2021,2575
18580,permits_units,2022,1900
18580,permits_units,2023,1851
18580,permits_units,2024,2320
18580,permits_units,2025,2116
18620,permits_multifamily,2024,0
18620,permits_multifamily,2025,0
18620,permits_single_family,2024,522
18620,permits_single_family,2025,459
18620,permits_units,2024,530
18620,permits_units,2025,477
18660,permits_multifamily,2024,12
18660,permits_multifamily,2025,6
18660,permits_single_family,2024,24
18660,permits_single_family,2025,31
18660,permits_units,2024,41
18660,permits_units,2025,37
18700,permits_multifamily,2014,310
18700,permits_multifamily,2015,0
18700,permits_multifamily,2016,33
18700,permits_multifamily,2017,0
18700,permits_multifamily,2018,498
18700,permits_multifamily,2019,300
18700,permits_multifamily,2020,18
18700,permits_multifamily,2021,0
18700,permits_multifamily,2022,110
18700,permits_multifamily,2023,258
18700,permits_multifamily,2024,0
18700,permits_multifamily,2025,369
18700,permits_single_family,2014,119
18700,permits_single_family,2015,138
18700,permits_single_family,2016,149
18700,permits_single_family,2017,116
18700,permits_single_family,2018,103
18700,permits_single_family,2019,218
18700,permits_single_family,2020,281
18700,permits_single_family,2021,270
18700,permits_single_family,2022,174
18700,permits_single_family,2023,128
18700,permits_single_family,2024,91
18700,permits_single_family,2025,103
18700,permits_units,2014,451
18700,permits_units,2015,142
18700,permits_units,2016,195
18700,permits_units,2017,136
18700,permits_units,2018,622
18700,permits_units,2019,542
18700,permits_units,2020,302
18700,permits_units,2021,284
18700,permits_units,2022,286
18700,permits_units,2023,404
18700,permits_units,2024,116
18700,permits_units,2025,484
18740,permits_multifamily,2024,0
18740,permits_multifamily,2025,0
18740,permits_single_family,2024,4
18740,permits_single_family,2025,4
18740,permits_units,2024,4
18740,permits_units,2025,12
18820,permits_multifamily,2024,0
18820,permits_multifamily,2025,0
18820,permits_single_family,2024,52
18820,permits_single_family,2025,89
18820,permits_units,2024,52
18820,permits_units,2025,93
18860,permits_multifamily,2024,211
18860,permits_multifamily,2025,59
18860,permits_single_family,2024,23
18860,permits_single_family,2025,17
18860,permits_units,2024,242
18860,permits_units,2025,113
18880,permits_multifamily,2014,92
18880,permits_multifamily,2015,128
18880,permits_multifamily,2016,375
18880,permits_multifamily,2017,310
18880,permits_multifamily,2018,138
18880,permits_multifamily,2019,1059
18880,permits_multifamily,2020,329
18880,permits_multifamily,2021,378
18880,permits_multifamily,2022,1222
18880,permits_multifamily,2023,2710
18880,permits_multifamily,2024,1497
18880,permits_multifamily,2025,959
18880,permits_single_family,2014,1564
18880,permits_single_family,2015,1777
18880,permits_single_family,2016,2140
18880,permits_single_family,2017,2076
18880,permits_single_family,2018,2087
18880,permits_single_family,2019,2393
18880,permits_single_family,2020,2400
18880,permits_single_family,2021,3411
18880,permits_single_family,2022,2784
18880,permits_single_family,2023,2814
18880,permits_single_family,2024,2602
18880,permits_single_family,2025,2414
18880,permits_units,2014,1666
18880,permits_units,2015,2027
18880,permits_units,2016,2529
18880,permits_units,2017,2471
18880,permits_units,2018,2385
18880,permits_units,2019,3544
18880,permits_units,2020,2755
18880,permits_units,2021,3892
18880,permits_units,2022,4122
18880,permits_units,2023,5596
18880,permits_units,2024,4151
18880,permits_units,2025,3456
18900,permits_multifamily,2024,0
18900,permits_multifamily,2025,0
18900,permits_single_family,2024,114
18900,permits_single_family,2025,102
18900,permits_units,2024,114
18900,permits_units,2025,128
18980,permits_multifamily,2024,0
18980,permits_multifamily,2025,0
18980,permits_single_family,2024,165
18980,permits_single_family,2025,196
18980,permits_units,2024,177
18980,permits_units,2025,196
19060,permits_multifamily,2014,5
19060,permits_multifamily,2015,29
19060,permits_multifamily,2016,16
19060,permits_multifamily,2017,0
19060,permits_multifamily,2018,0
19060,permits_multifamily,2019,40
19060,permits_multifamily,2020,32
19060,permits_multifamily,2021,0
19060,permits_multifamily,2022,0
19060,permits_multifamily,2023,0
19060,permits_multifamily,2024,22
19060,permits_multifamily,2025,0
19060,permits_single_family,2014,52
19060,permits_single_family,2015,55
19060,permits_single_family,2016,69
19060,permits_single_family,2017,50
19060,permits_single_family,2018,67
19060,permits_single_family,2019,65
19060,permits_single_family,2020,62
19060,permits_single_family,2021,69
19060,permits_single_family,2022,63
19060,permits_single_family,2023,57
19060,permits_single_family,2024,85
19060,permits_single_family,2025,78
19060,permits_units,2014,57
19060,permits_units,2015,84
19060,permits_units,2016,85
19060,permits_units,2017,50
19060,permits_units,2018,67
19060,permits_units,2019,105
19060,permits_units,2020,94
19060,permits_units,2021,69
19060,permits_units,2022,66
19060,permits_units,2023,72
19060,permits_units,2024,123
19060,permits_units,2025,78
19100,permits_multifamily,2014,18520
19100,permits_multifamily,2015,27606
19100,permits_multifamily,2016,25517
19100,permits_multifamily,2017,27393
19100,permits_multifamily,2018,26223
19100,permits_multifamily,2019,27094
19100,permits_multifamily,2020,15758
19100,permits_multifamily,2021,25241
19100,permits_multifamily,2022,32242
19100,permits_multifamily,2023,22315
19100,permits_multifamily,2024,23150
19100,permits_multifamily,2025,24607
19100,permits_single_family,2014,22550
19100,permits_single_family,2015,29038
19100,permits_single_family,2016,29703
19100,permits_single_family,2017,34604
19100,permits_single_family,2018,36832
19100,permits_single_family,2019,34939
19100,permits_single_family,2020,44005
19100,permits_single_family,2021,51996
19100,permits_single_family,2022,43685
19100,permits_single_family,2023,44366
19100,permits_single_family,2024,46440
19100,permits_single_family,2025,39790
19100,permits_units,2014,41418
19100,permits_units,2015,57146
19100,permits_units,2016,55800
19100,permits_units,2017,62524
19100,permits_units,2018,63893
19100,permits_units,2019,62708
19100,permits_units,2020,60812
19100,permits_units,2021,78705
19100,permits_units,2022,77927
19100,permits_units,2023,68029
19100,permits_units,2024,71788
19100,permits_units,2025,66179
19140,permits_multifamily,2014,6
19140,permits_multifamily,2015,10
19140,permits_multifamily,2016,9
19140,permits_multifamily,2017,116
19140,permits_multifamily,2018,16
19140,permits_multifamily,2019,18
19140,permits_multifamily,2020,35
19140,permits_multifamily,2021,303
19140,permits_multifamily,2022,30
19140,permits_multifamily,2023,44
19140,permits_multifamily,2024,45
19140,permits_multifamily,2025,5
19140,permits_single_family,2014,115
19140,permits_single_family,2015,149
19140,permits_single_family,2016,164
19140,permits_single_family,2017,227
19140,permits_single_family,2018,288
19140,permits_single_family,2019,298
19140,permits_single_family,2020,410
19140,permits_single_family,2021,387
19140,permits_single_family,2022,376
19140,permits_single_family,2023,366
19140,permits_single_family,2024,377
19140,permits_single_family,2025,417
19140,permits_units,2014,121
19140,permits_units,2015,159
19140,permits_units,2016,173
19140,permits_units,2017,343
19140,permits_units,2018,321
19140,permits_units,2019,326
19140,permits_units,2020,445
19140,permits_units,2021,732
19140,permits_units,2022,480
19140,permits_units,2023,496
19140,permits_units,2024,515
19140,permits_units,2025,550
19180,permits_multifamily,2014,0
19180,permits_multifamily,2015,0
19180,permits_multifamily,2016,0
19180,permits_multifamily,2017,50
19180,permits_multifamily,2018,40
19180,permits_multifamily,2019,0
19180,permits_multifamily,2020,0
19180,permits_multifamily,2021,0
19180,permits_multifamily,2022,0
19180,permits_multifamily,2023,0
19180,permits_multifamily,2024,0
19180,permits_multifamily,2025,0
19180,permits_single_family,2014,6
19180,permits_single_family,2015,10
19180,permits_single_family,2016,10
19180,permits_single_family,2017,54
19180,permits_single_family,2018,11
19180,permits_single_family,2019,12
19180,permits_single_family,2020,7
19180,permits_single_family,2021,6
19180,permits_single_family,2022,2
19180,permits_single_family,2023,8
19180,permits_single_family,2024,4
19180,permits_single_family,2025,10
19180,permits_units,2014,6
19180,permits_units,2015,10
19180,permits_units,2016,10
19180,permits_units,2017,104
19180,permits_units,2018,65
19180,permits_units,2019,12
19180,permits_units,2020,7
19180,permits_units,2021,6
19180,permits_units,2022,2
19180,permits_units,2023,8
19180,permits_units,2024,4
19180,permits_units,2025,10
19220,permits_multifamily,2024,0
19220,permits_multifamily,2025,0
19220,permits_single_family,2024,168
19220,permits_single_family,2025,180
19220,permits_units,2024,176
19220,permits_units,2025,182
19260,permits_multifamily,2024,0
19260,permits_multifamily,2025,0
19260,permits_single_family,2024,86
19260,permits_single_family,2025,84
19260,permits_units,2024,86
19260,permits_units,2025,86
19300,permits_multifamily,2014,0
19300,permits_multifamily,2015,450
19300,permits_multifamily,2016,212
19300,permits_multifamily,2017,20
19300,permits_multifamily,2018,570
19300,permits_multifamily,2019,346
19300,permits_multifamily,2020,205
19300,permits_multifamily,2021,390
19300,permits_multifamily,2022,240
19300,permits_multifamily,2023,1015
19300,permits_multifamily,2024,481
19300,permits_multifamily,2025,132
19300,permits_single_family,2014,1364
19300,permits_single_family,2015,1622
19300,permits_single_family,2016,2137
19300,permits_single_family,2017,2207
19300,permits_single_family,2018,2459
19300,permits_single_family,2019,2740
19300,permits_single_family,2020,3395
19300,permits_single_family,2021,3315
19300,permits_single_family,2022,3141
19300,permits_single_family,2023,3316
19300,permits_single_family,2024,3394
19300,permits_single_family,2025,2517
19300,permits_units,2014,1384
19300,permits_units,2015,2203
19300,permits_units,2016,2520
19300,permits_units,2017,2417
19300,permits_units,2018,3047
19300,permits_units,2019,3150
19300,permits_units,2020,3614
19300,permits_units,2021,3705
19300,permits_units,2022,3417
19300,permits_units,2023,4363
19300,permits_units,2024,3883
19300,permits_units,2025,2665
19340,permits_multifamily,2014,116
19340,permits_multifamily,2015,298
19340,permits_multifamily,2016,149
19340,permits_multifamily,2017,285
19340,permits_multifamily,2018,55
19340,permits_multifamily,2019,264
19340,permits_multifamily,2020,123
19340,permits_multifamily,2021,106
19340,permits_multifamily,2022,56
19340,permits_multifamily,2023,157
19340,permits_multifamily,2024,506
19340,permits_multifamily,2025,140
19340,permits_single_family,2014,458
19340,permits_single_family,2015,431
19340,permits_single_family,2016,482
19340,permits_single_family,2017,443
19340,permits_single_family,2018,490
19340,permits_single_family,2019,533
19340,permits_single_family,2020,431
19340,permits_single_family,2021,436
19340,permits_single_family,2022,416
19340,permits_single_family,2023,366
19340,permits_single_family,2024,401
19340,permits_single_family,2025,377
19340,permits_units,2014,655
19340,permits_units,2015,751
19340,permits_units,2016,647
19340,permits_units,2017,750
19340,permits_units,2018,559
19340,permits_units,2019,801
19340,permits_units,2020,582
19340,permits_units,2021,629
19340,permits_units,2022,597
19340,permits_units,2023,614
19340,permits_units,2024,965
19340,permits_units,2025,595
19430,permits_multifamily,2014,0
19430,permits_multifamily,2015,82
19430,permits_multifamily,2016,323
19430,permits_multifamily,2017,166
19430,permits_multifamily,2018,421
19430,permits_multifamily,2019,122
19430,permits_multifamily,2020,453
19430,permits_multifamily,2021,496
19430,permits_multifamily,2022,934
19430,permits_multifamily,2023,548
19430,permits_multifamily,2024,571
19430,permits_multifamily,2025,532
19430,permits_single_family,2014,743
19430,permits_single_family,2015,857
19430,permits_single_family,2016,957
19430,permits_single_family,2017,1083
19430,permits_single_family,2018,1138
19430,permits_single_family,2019,1071
19430,permits_single_family,2020,1146
19430,permits_single_family,2021,1521
19430,permits_single_family,2022,1262
19430,permits_single_family,2023,1120
19430,permits_single_family,2024,1298
19430,permits_single_family,2025,1309
19430,permits_units,2014,779
19430,permits_units,2015,980
19430,permits_units,2016,1282
19430,permits_units,2017,1251
19430,permits_units,2018,1577
19430,permits_units,2019,1231
19430,permits_units,2020,1699
19430,permits_units,2021,2039
19430,permits_units,2022,2265
19430,permits_units,2023,1766
19430,permits_units,2024,2056
19430,permits_units,2025,1986
19460,permits_multifamily,2014,0
19460,permits_multifamily,2015,0
19460,permits_multifamily,2016,0
19460,permits_multifamily,2017,0
19460,permits_multifamily,2018,0
19460,permits_multifamily,2019,0
19460,permits_multifamily,2020,8
19460,permits_multifamily,2021,0
19460,permits_multifamily,2022,0
19460,permits_multifamily,2023,0
19460,permits_multifamily,2024,0
19460,permits_multifamily,2025,135
19460,permits_single_family,2014,136
19460,permits_single_family,2015,131
19460,permits_single_family,2016,190
19460,permits_single_family,2017,160
19460,permits_single_family,2018,152
19460,permits_single_family,2019,177
19460,permits_single_family,2020,216
19460,permits_single_family,2021,226
19460,permits_single_family,2022,275
19460,permits_single_family,2023,307
19460,permits_single_family,2024,234
19460,permits_single_family,2025,263
19460,permits_units,2014,136
19460,permits_units,2015,139
19460,permits_units,2016,194
19460,permits_units,2017,160
19460,permits_units,2018,152
19460,permits_units,2019,177
19460,permits_units,2020,224
19460,permits_units,2021,226
19460,permits_units,2022,279
19460,permits_units,2023,319
19460,permits_units,2024,234
19460,permits_units,2025,406
19500,permits_multifamily,2014,12
19500,permits_multifamily,2015,0
19500,permits_multifamily,2016,0
19500,permits_multifamily,2017,0
19500,permits_multifamily,2018,0
19500,permits_multifamily,2019,0
19500,permits_multifamily,2020,0
19500,permits_multifamily,2021,0
19500,permits_multifamily,2022,0
19500,permits_multifamily,2023,0
19500,permits_multifamily,2024,0
19500,permits_multifamily,2025,0
19500,permits_single_family,2014,41
19500,permits_single_family,2015,45
19500,permits_single_family,2016,56
19500,permits_single_family,2017,39
19500,permits_single_family,2018,35
19500,permits_single_family,2019,35
19500,permits_single_family,2020,29
19500,permits_single_family,2021,31
19500,permits_single_family,2022,21
19500,permits_single_family,2023,34
19500,permits_single_family,2024,39
19500,permits_single_family,2025,32
19500,permits_units,2014,53
19500,permits_units,2015,47
19500,permits_units,2016,56
19500,permits_units,2017,39
19500,permits_units,2018,37
19500,permits_units,2019,35
19500,permits_units,2020,31
19500,permits_units,2021,33
19500,permits_units,2022,21
19500,permits_units,2023,34
19500,permits_units,2024,57
19500,permits_units,2025,38
19540,permits_multifamily,2024,0
19540,permits_multifamily,2025,0
19540,permits_single_family,2024,81
19540,permits_single_family,2025,96
19540,permits_units,2024,85
19540,permits_units,2025,98
19580,permits_multifamily,2024,0
19580,permits_multifamily,2025,0
19580,permits_single_family,2024,37
19580,permits_single_family,2025,46
19580,permits_units,2024,46
19580,permits_units,2025,46
19620,permits_multifamily,2024,0
19620,permits_multifamily,2025,0
19620,permits_single_family,2024,85
19620,permits_single_family,2025,73
19620,permits_units,2024,85
19620,permits_units,2025,73
19660,permits_multifamily,2014,170
19660,permits_multifamily,2015,142
19660,permits_multifamily,2016,404
19660,permits_multifamily,2017,26
19660,permits_multifamily,2018,309
19660,permits_multifamily,2019,769
19660,permits_multifamily,2020,1279
19660,permits_multifamily,2021,956
19660,permits_multifamily,2022,2115
19660,permits_multifamily,2023,1346
19660,permits_multifamily,2024,681
19660,permits_multifamily,2025,1066
19660,permits_single_family,2014,1749
19660,permits_single_family,2015,1903
19660,permits_single_family,2016,2280
19660,permits_single_family,2017,2908
19660,permits_single_family,2018,3382
19660,permits_single_family,2019,3772
19660,permits_single_family,2020,4906
19660,permits_single_family,2021,6753
19660,permits_single_family,2022,6437
19660,permits_single_family,2023,5343
19660,permits_single_family,2024,5086
19660,permits_single_family,2025,4029
19660,permits_units,2014,1921
19660,permits_units,2015,2047
19660,permits_units,2016,2696
19660,permits_units,2017,3054
19660,permits_units,2018,3859
19660,permits_units,2019,4753
19660,permits_units,2020,6443
19660,permits_units,2021,8214
19660,permits_units,2022,8746
19660,permits_units,2023,7082
19660,permits_units,2024,5991
19660,permits_units,2025,5412
19700,permits_multifamily,2024,0
19700,permits_multifamily,2025,0
19700,permits_single_family,2024,7
19700,permits_single_family,2025,2
19700,permits_units,2024,7
19700,permits_units,2025,2
19740,permits_multifamily,2014,7332
19740,permits_multifamily,2015,8678
19740,permits_multifamily,2016,11214
19740,permits_multifamily,2017,11391
19740,permits_multifamily,2018,9563
19740,permits_multifamily,2019,8037
19740,permits_multifamily,2020,8145
19740,permits_multifamily,2021,16028
19740,permits_multifamily,2022,12342
19740,permits_multifamily,2023,11362
19740,permits_multifamily,2024,6429
19740,permits_multifamily,2025,8195
19740,permits_single_family,2014,8064
19740,permits_single_family,2015,9324
19740,permits_single_family,2016,10247
19740,permits_single_family,2017,10978
19740,permits_single_family,2018,11808
19740,permits_single_family,2019,11081
19740,permits_single_family,2020,11234
19740,permits_single_family,2021,13113
19740,permits_single_family,2022,10099
19740,permits_single_family,2023,9012
19740,permits_single_family,2024,9012
19740,permits_single_family,2025,7477
19740,permits_units,2014,15767
19740,permits_units,2015,18326
19740,permits_units,2016,21947
19740,permits_units,2017,22735
19740,permits_units,2018,21729
19740,permits_units,2019,19308
19740,permits_units,2020,19732
19740,permits_units,2021,30006
19740,permits_units,2022,23009
19740,permits_units,2023,20650
19740,permits_units,2024,15570
19740,permits_units,2025,15948
19760,permits_multifamily,2024,0
19760,permits_multifamily,2025,0
19760,permits_single_family,2024,64
19760,permits_single_family,2025,81
19760,permits_units,2024,64
19760,permits_units,2025,81
19780,permits_multifamily,2014,1423
19780,permits_multifamily,2015,2016
19780,permits_multifamily,2016,2891
19780,permits_multifamily,2017,2623
19780,permits_multifamily,2018,1624
19780,permits_multifamily,2019,1312
19780,permits_multifamily,2020,1698
19780,permits_multifamily,2021,1886
19780,permits_multifamily,2022,2309
19780,permits_multifamily,2023,1201
19780,permits_multifamily,2024,1221
19780,permits_multifamily,2025,2675
19780,permits_single_family,2014,2952
19780,permits_single_family,2015,3374
19780,permits_single_family,2016,3760
19780,permits_single_family,2017,3697
19780,permits_single_family,2018,3233
19780,permits_single_family,2019,3915
19780,permits_single_family,2020,4740
19780,permits_single_family,2021,4888
19780,permits_single_family,2022,3646
19780,permits_single_family,2023,3689
19780,permits_single_family,2024,3717
19780,permits_single_family,2025,3426
19780,permits_units,2014,4436
19780,permits_units,2015,5707
19780,permits_units,2016,6697
19780,permits_units,2017,6367
19780,permits_units,2018,4923
19780,permits_units,2019,5269
19780,permits_units,2020,6508
19780,permits_units,2021,6969
19780,permits_units,2022,6122
19780,permits_units,2023,5000
19780,permits_units,2024,5064
19780,permits_units,2025,6249
19810,permits_multifamily,2024,0
19810,permits_multifamily,2025,36
19810,permits_single_family,2024,151
19810,permits_single_family,2025,138
19810,permits_units,2024,151
19810,permits_units,2025,182
19820,permits_multifamily,2014,1205
19820,permits_multifamily,2015,1871
19820,permits_multifamily,2016,1646
19820,permits_multifamily,2017,2919
19820,permits_multifamily,2018,801
19820,permits_multifamily,2019,2378
19820,permits_multifamily,2020,1732
19820,permits_multifamily,2021,2661
19820,permits_multifamily,2022,2876
19820,permits_multifamily,2023,1800
19820,permits_multifamily,2024,2269
19820,permits_multifamily,2025,3223
19820,permits_single_family,2014,4830
19820,permits_single_family,2015,5192
19820,permits_single_family,2016,5711
19820,permits_single_family,2017,6838
19820,permits_single_family,2018,6131
19820,permits_single_family,2019,5193
19820,permits_single_family,2020,5193
19820,permits_single_family,2021,5666
19820,permits_single_family,2022,4698
19820,permits_single_family,2023,4541
19820,permits_single_family,2024,4878
19820,permits_single_family,2025,4859
19820,permits_units,2014,6295
19820,permits_units,2015,7304
19820,permits_units,2016,7659
19820,permits_units,2017,10089
19820,permits_units,2018,7163
19820,permits_units,2019,7813
19820,permits_units,2020,7165
19820,permits_units,2021,8598
19820,permits_units,2022,7945
19820,permits_units,2023,6734
19820,permits_units,2024,7704
19820,permits_units,2025,8805
19860,permits_multifamily,2024,0
19860,permits_multifamily,2025,0
19860,permits_single_family,2024,54
19860,permits_single_family,2025,88
19860,permits_units,2024,54
19860,permits_units,2025,88
19940,permits_multifamily,2024,0
19940,permits_multifamily,2025,0
19940,permits_single_family,2024,27
19940,permits_single_family,2025,24
19940,permits_units,2024,43
19940,permits_units,2025,32
19980,permits_multifamily,2024,0
19980,permits_multifamily,2025,0
19980,permits_single_family,2024,81
19980,permits_single_family,2025,62
19980,permits_units,2024,131
19980,permits_units,2025,64
20020,permits_multifamily,2014,113
20020,permits_multifamily,2015,12
20020,permits_multifamily,2016,6
20020,permits_multifamily,2017,0
20020,permits_multifamily,2018,55
20020,permits_multifamily,2019,56
20020,permits_multifamily,2020,0
20020,permits_multifamily,2021,0
20020,permits_multifamily,2022,0
20020,permits_multifamily,2023,0
20020,permits_multifamily,2024,96
20020,permits_multifamily,2025,120
20020,permits_single_family,2014,223
20020,permits_single_family,2015,311
20020,permits_single_family,2016,354
20020,permits_single_family,2017,388
20020,permits_single_family,2018,359
20020,permits_single_family,2019,363
20020,permits_single_family,2020,488
20020,permits_single_family,2021,492
20020,permits_single_family,2022,484
20020,permits_single_family,2023,442
20020,permits_single_family,2024,451
20020,permits_single_family,2025,454
20020,permits_units,2014,336
20020,permits_units,2015,327
20020,permits_units,2016,360
20020,permits_units,2017,390
20020,permits_units,2018,414
20020,permits_units,2019,423
20020,permits_units,2020,488
20020,permits_units,2021,494
20020,permits_units,2022,498
20020,permits_units,2023,458
20020,permits_units,2024,561
20020,permits_units,2025,590
20060,permits_multifamily,2024,6
20060,permits_multifamily,2025,0
20060,permits_single_family,2024,110
20060,permits_single_family,2025,91
20060,permits_units,2024,128
20060,permits_units,2025,106
20100,permits_multifamily,2014,72
20100,permits_multifamily,2015,220
20100,permits_multifamily,2016,144
20100,permits_multifamily,2017,367
20100,permits_multifamily,2018,121
20100,permits_multifamily,2019,82
20100,permits_multifamily,2020,385
20100,permits_multifamily,2021,147
20100,permits_multifamily,2022,24
20100,permits_multifamily,2023,198
20100,permits_multifamily,2024,116
20100,permits_multifamily,2025,195
20100,permits_single_family,2014,912
20100,permits_single_family,2015,827
20100,permits_single_family,2016,1124
20100,permits_single_family,2017,1153
20100,permits_single_family,2018,1321
20100,permits_single_family,2019,1216
20100,permits_single_family,2020,1666
20100,permits_single_family,2021,1676
20100,permits_single_family,2022,1008
20100,permits_single_family,2023,879
20100,permits_single_family,2024,1056
20100,permits_single_family,2025,1030
20100,permits_units,2014,998
20100,permits_units,2015,1061
20100,permits_units,2016,1276
20100,permits_units,2017,1554
20100,permits_units,2018,1459
20100,permits_units,2019,1340
20100,permits_units,2020,2136
20100,permits_units,2021,1873
20100,permits_units,2022,1056
20100,permits_units,2023,1105
20100,permits_units,2024,1201
20100,permits_units,2025,1261
20140,permits_multifamily,2024,24
20140,permits_multifamily,2025,64
20140,permits_single_family,2024,29
20140,permits_single_family,2025,38
20140,permits_units,2024,53
20140,permits_units,2025,102
20180,permits_multifamily,2024,10
20180,permits_multifamily,2025,0
20180,permits_single_family,2024,74
20180,permits_single_family,2025,69
20180,permits_units,2024,88
20180,permits_units,2025,75
20220,permits_multifamily,2014,18
20220,permits_multifamily,2015,6
20220,permits_multifamily,2016,84
20220,permits_multifamily,2017,0
20220,permits_multifamily,2018,71
20220,permits_multifamily,2019,59
20220,permits_multifamily,2020,92
20220,permits_multifamily,2021,356
20220,permits_multifamily,2022,0
20220,permits_multifamily,2023,56
20220,permits_multifamily,2024,319
20220,permits_multifamily,2025,164
20220,permits_single_family,2014,248
20220,permits_single_family,2015,237
20220,permits_single_family,2016,266
20220,permits_single_family,2017,221
20220,permits_single_family,2018,228
20220,permits_single_family,2019,181
20220,permits_single_family,2020,169
20220,permits_single_family,2021,166
20220,permits_single_family,2022,155
20220,permits_single_family,2023,127
20220,permits_single_family,2024,148
20220,permits_single_family,2025,159
20220,permits_units,2014,276
20220,permits_units,2015,255
20220,permits_units,2016,368
20220,permits_units,2017,241
20220,permits_units,2018,322
20220,permits_units,2019,262
20220,permits_units,2020,277
20220,permits_units,2021,537
20220,permits_units,2022,163
20220,permits_units,2023,195
20220,permits_units,2024,474
20220,permits_units,2025,334
20260,permits_multifamily,2014,138
20260,permits_multifamily,2015,368
20260,permits_multifamily,2016,87
20260,permits_multifamily,2017,153
20260,permits_multifamily,2018,189
20260,permits_multifamily,2019,471
20260,permits_multifamily,2020,160
20260,permits_multifamily,2021,140
20260,permits_multifamily,2022,187
20260,permits_multifamily,2023,276
20260,permits_multifamily,2024,360
20260,permits_multifamily,2025,206
20260,permits_single_family,2014,436
20260,permits_single_family,2015,467
20260,permits_single_family,2016,526
20260,permits_single_family,2017,508
20260,permits_single_family,2018,535
20260,permits_single_family,2019,551
20260,permits_single_family,2020,389
20260,permits_single_family,2021,566
20260,permits_single_family,2022,555
20260,permits_single_family,2023,538
20260,permits_single_family,2024,484
20260,permits_single_family,2025,424
20260,permits_units,2014,598
20260,permits_units,2015,841
20260,permits_units,2016,621
20260,permits_units,2017,665
20260,permits_units,2018,736
20260,permits_units,2019,1032
20260,permits_units,2020,565
20260,permits_units,2021,708
20260,permits_units,2022,756
20260,permits_units,2023,842
20260,permits_units,2024,858
20260,permits_units,2025,647
20300,permits_multifamily,2024,0
20300,permits_multifamily,2025,0
20300,permits_single_family,2024,24
20300,permits_single_family,2025,15
20300,permits_units,2024,26
20300,permits_units,2025,19
20340,permits_multifamily,2024,0
20340,permits_multifamily,2025,0
20340,permits_single_family,2024,16
20340,permits_single_family,2025,41
20340,permits_units,2024,16
20340,permits_units,2025,41
20420,permits_multifamily,2024,7
20420,permits_multifamily,2025,168
20420,permits_single_family,2024,173
20420,permits_single_family,2025,188
20420,permits_units,2024,208
20420,permits_units,2025,376
20460,permits_multifamily,2024,80
20460,permits_multifamily,2025,5
20460,permits_single_family,2024,76
20460,permits_single_family,2025,122
20460,permits_units,2024,176
20460,permits_units,2025,155
20500,permits_multifamily,2014,418
20500,permits_multifamily,2015,1709
20500,permits_multifamily,2016,1403
20500,permits_multifamily,2017,1638
20500,permits_multifamily,2018,2059
20500,permits_multifamily,2019,2200
20500,permits_multifamily,2020,1952
20500,permits_multifamily,2021,2121
20500,permits_multifamily,2022,3143
20500,permits_multifamily,2023,3991
20500,permits_multifamily,2024,989
20500,permits_multifamily,2025,2263
20500,permits_single_family,2014,2167
20500,permits_single_family,2015,2616
20500,permits_single_family,2016,2951
20500,permits_single_family,2017,3268
20500,permits_single_family,2018,3289
20500,permits_single_family,2019,3561
20500,permits_single_family,2020,3528
20500,permits_single_family,2021,3735
20500,permits_single_family,2022,3170
20500,permits_single_family,2023,3127
20500,permits_single_family,2024,2815
20500,permits_single_family,2025,3751
20500,permits_units,2014,2587
20500,permits_units,2015,4411
20500,permits_units,2016,4382
20500,permits_units,2017,4924
20500,permits_units,2018,5416
20500,permits_units,2019,5795
20500,permits_units,2020,5505
20500,permits_units,2021,5900
20500,permits_units,2022,6392
20500,permits_units,2023,7210
20500,permits_units,2024,3858
20500,permits_units,2025,6100
20540,permits_multifamily,2024,6
20540,permits_multifamily,2025,0
20540,permits_single_family,2024,68
20540,permits_single_family,2025,75
20540,permits_units,2024,74
20540,permits_units,2025,75
20580,permits_multifamily,2024,8
20580,permits_multifamily,2025,12
20580,permits_single_family,2024,61
20580,permits_single_family,2025,64
20580,permits_units,2024,77
20580,permits_units,2025,94
20660,permits_multifamily,2024,0
20660,permits_multifamily,2025,0
20660,permits_single_family,2024,104
20660,permits_single_family,2025,198
20660,permits_units,2024,104
20660,permits_units,2025,198
20700,permits_multifamily,2014,0
20700,permits_multifamily,2015,0
20700,permits_multifamily,2016,0
20700,permits_multifamily,2017,0
20700,permits_multifamily,2018,0
20700,permits_multifamily,2019,0
20700,permits_multifamily,2020,20
20700,permits_multifamily,2021,50
20700,permits_multifamily,2022,0
20700,permits_multifamily,2023,0
20700,permits_multifamily,2024,52
20700,permits_multifamily,2025,16
20700,permits_single_family,2014,153
20700,permits_single_family,2015,152
20700,permits_single_family,2016,246
20700,permits_single_family,2017,248
20700,permits_single_family,2018,186
20700,permits_single_family,2019,176
20700,permits_single_family,2020,192
20700,permits_single_family,2021,312
20700,permits_single_family,2022,249
20700,permits_single_family,2023,222
20700,permits_single_family,2024,226
20700,permits_single_family,2025,236
20700,permits_units,2014,153
20700,permits_units,2015,152
20700,permits_units,2016,246
20700,permits_units,2017,248
20700,permits_units,2018,186
20700,permits_units,2019,176
20700,permits_units,2020,212
20700,permits_units,2021,370
20700,permits_units,2022,249
20700,permits_units,2023,222
20700,permits_units,2024,278
20700,permits_units,2025,257
20740,permits_multifamily,2014,84
20740,permits_multifamily,2015,226
20740,permits_multifamily,2016,212
20740,permits_multifamily,2017,54
20740,permits_multifamily,2018,124
20740,permits_multifamily,2019,157
20740,permits_multifamily,2020,359
20740,permits_multifamily,2021,610
20740,permits_multifamily,2022,403
20740,permits_multifamily,2023,1012
20740,permits_multifamily,2024,467
20740,permits_multifamily,2025,479
20740,permits_single_family,2014,343
20740,permits_single_family,2015,400
20740,permits_single_family,2016,439
20740,permits_single_family,2017,422
20740,permits_single_family,2018,486
20740,permits_single_family,2019,472
20740,permits_single_family,2020,453
20740,permits_single_family,2021,461
20740,permits_single_family,2022,391
20740,permits_single_family,2023,339
20740,permits_single_family,2024,375
20740,permits_single_family,2025,331
20740,permits_units,2014,463
20740,permits_units,2015,677
20740,permits_units,2016,763
20740,permits_units,2017,568
20740,permits_units,2018,762
20740,permits_units,2019,745
20740,permits_units,2020,992
20740,permits_units,2021,1279
20740,permits_units,2022,1030
20740,permits_units,2023,1501
20740,permits_units,2024,954
20740,permits_units,2025,946
20780,permits_multifamily,2024,256
20780,permits_multifamily,2025,47
20780,permits_single_family,2024,142
20780,permits_single_family,2025,163
20780,permits_units,2024,416
20780,permits_units,2025,223
20820,permits_multifamily,2024,0
20820,permits_multifamily,2025,20
20820,permits_single_family,2024,30
20820,permits_single_family,2025,30
20820,permits_units,2024,30
20820,permits_units,2025,50
20900,permits_multifamily,2024,32
20900,permits_multifamily,2025,0
20900,permits_single_family,2024,150
20900,permits_single_family,2025,116
20900,permits_units,2024,184
20900,permits_units,2025,116
20940,permits_multifamily,2014,54
20940,permits_multifamily,2015,174
20940,permits_multifamily,2016,0
20940,permits_multifamily,2017,0
20940,permits_multifamily,2018,124
20940,permits_multifamily,2019,132
20940,permits_multifamily,2020,161
20940,permits_multifamily,2021,108
20940,permits_multifamily,2022,168
20940,permits_multifamily,2023,69
20940,permits_multifamily,2024,92
20940,permits_multifamily,2025,0
20940,permits_single_family,2014,185
20940,permits_single_family,2015,112
20940,permits_single_family,2016,213
20940,permits_single_family,2017,179
20940,permits_single_family,2018,274
20940,permits_single_family,2019,266
20940,permits_single_family,2020,315
20940,permits_single_family,2021,425
20940,permits_single_family,2022,379
20940,permits_single_family,2023,184
20940,permits_single_family,2024,153
20940,permits_single_family,2025,224
20940,permits_units,2014,246
20940,permits_units,2015,293
20940,permits_units,2016,215
20940,permits_units,2017,191
20940,permits_units,2018,400
20940,permits_units,2019,398
20940,permits_units,2020,480
20940,permits_units,2021,555
20940,permits_units,2022,551
20940,permits_units,2023,263
20940,permits_units,2024,253
20940,permits_units,2025,242
20980,permits_multifamily,2024,0
20980,permits_multifamily,2025,0
20980,permits_single_family,2024,20
20980,permits_single_family,2025,19
20980,permits_units,2024,20
20980,permits_units,2025,19
21020,permits_multifamily,2024,0
21020,permits_multifamily,2025,0
21020,permits_single_family,2024,153
21020,permits_single_family,2025,274
21020,permits_units,2024,153
21020,permits_units,2025,274
21060,permits_multifamily,2014,166
21060,permits_multifamily,2015,0
21060,permits_multifamily,2016,129
21060,permits_multifamily,2017,0
21060,permits_multifamily,2018,34
21060,permits_multifamily,2019,24
21060,permits_multifamily,2020,152
21060,permits_multifamily,2021,12
21060,permits_multifamily,2022,584
21060,permits_multifamily,2023,995
21060,permits_multifamily,2024,464
21060,permits_multifamily,2025,40
21060,permits_single_family,2014,292
21060,permits_single_family,2015,280
21060,permits_single_family,2016,318
21060,permits_single_family,2017,415
21060,permits_single_family,2018,390
21060,permits_single_family,2019,425
21060,permits_single_family,2020,496
21060,permits_single_family,2021,468
21060,permits_single_family,2022,506
21060,permits_single_family,2023,537
21060,permits_single_family,2024,446
21060,permits_single_family,2025,399
21060,permits_units,2014,492
21060,permits_units,2015,308
21060,permits_units,2016,467
21060,permits_units,2017,507
21060,permits_units,2018,458
21060,permits_units,2019,491
21060,permits_units,2020,762
21060,permits_units,2021,526
21060,permits_units,2022,1171
21060,permits_units,2023,1857
21060,permits_units,2024,1010
21060,permits_units,2025,491
21120,permits_multifamily,2024,0
21120,permits_multifamily,2025,0
21120,permits_single_family,2024,4
21120,permits_single_family,2025,2
21120,permits_units,2024,4
21120,permits_units,2025,2
21140,permits_multifamily,2014,0
21140,permits_multifamily,2015,0
21140,permits_multifamily,2016,0
21140,permits_multifamily,2017,188
21140,permits_multifamily,2018,0
21140,permits_multifamily,2019,11
21140,permits_multifamily,2020,106
21140,permits_multifamily,2021,63
21140,permits_multifamily,2022,60
21140,permits_multifamily,2023,0
21140,permits_multifamily,2024,136
21140,permits_multifamily,2025,442
21140,permits_single_family,2014,270
21140,permits_single_family,2015,307
21140,permits_single_family,2016,348
21140,permits_single_family,2017,366
21140,permits_single_family,2018,351
21140,permits_single_family,2019,339
21140,permits_single_family,2020,373
21140,permits_single_family,2021,389
21140,permits_single_family,2022,327
21140,permits_single_family,2023,279
21140,permits_single_family,2024,342
21140,permits_single_family,2025,325
21140,permits_units,2014,270
21140,permits_units,2015,309
21140,permits_units,2016,354
21140,permits_units,2017,560
21140,permits_units,2018,351
21140,permits_units,2019,350
21140,permits_units,2020,488
21140,permits_units,2021,458
21140,permits_units,2022,387
21140,permits_units,2023,287
21140,permits_units,2024,484
21140,permits_units,2025,777
21180,permits_multifamily,2024,0
21180,permits_multifamily,2025,0
21180,permits_single_family,2024,3
21180,permits_single_family,2025,0
21180,permits_units,2024,3
21180,permits_units,2025,0
21220,permits_multifamily,2024,0
21220,permits_multifamily,2025,0
21220,permits_single_family,2024,122
21220,permits_single_family,2025,118
21220,permits_units,2024,122
21220,permits_units,2025,118
21260,permits_multifamily,2024,23
21260,permits_multifamily,2025,48
21260,permits_single_family,2024,399
21260,permits_single_family,2025,240
21260,permits_units,2024,434
21260,permits_units,2025,288
21300,permits_multifamily,2014,0
21300,permits_multifamily,2015,32
21300,permits_multifamily,2016,0
21300,permits_multifamily,2017,62
21300,permits_multifamily,2018,151
21300,permits_multifamily,2019,194
21300,permits_multifamily,2020,156
21300,permits_multifamily,2021,116
21300,permits_multifamily,2022,51
21300,permits_multifamily,2023,54
21300,permits_multifamily,2024,63
21300,permits_multifamily,2025,65
21300,permits_single_family,2014,55
21300,permits_single_family,2015,46
21300,permits_single_family,2016,41
21300,permits_single_family,2017,27
21300,permits_single_family,2018,25
21300,permits_single_family,2019,24
21300,permits_single_family,2020,28
21300,permits_single_family,2021,22
21300,permits_single_family,2022,30
21300,permits_single_family,2023,25
21300,permits_single_family,2024,26
21300,permits_single_family,2025,33
21300,permits_units,2014,61
21300,permits_units,2015,78
21300,permits_units,2016,41
21300,permits_units,2017,101
21300,permits_units,2018,186
21300,permits_units,2019,220
21300,permits_units,2020,184
21300,permits_units,2021,138
21300,permits_units,2022,81
21300,permits_units,2023,79
21300,permits_units,2024,93
21300,permits_units,2025,98
21340,permits_multifamily,2014,549
21340,permits_multifamily,2015,1869
21340,permits_multifamily,2016,674
21340,permits_multifamily,2017,669
21340,permits_multifamily,2018,481
21340,permits_multifamily,2019,341
21340,permits_multifamily,2020,128
21340,permits_multifamily,2021,199
21340,permits_multifamily,2022,227
21340,permits_multifamily,2023,182
21340,permits_multifamily,2024,143
21340,permits_multifamily,2025,142
21340,permits_single_family,2014,2260
21340,permits_single_family,2015,2518
21340,permits_single_family,2016,2219
21340,permits_single_family,2017,2373
21340,permits_single_family,2018,1751
21340,permits_single_family,2019,2433
21340,permits_single_family,2020,2330
21340,permits_single_family,2021,2655
21340,permits_single_family,2022,2146
21340,permits_single_family,2023,1967
21340,permits_single_family,2024,2077
21340,permits_single_family,2025,1790
21340,permits_units,2014,3043
21340,permits_units,2015,4491
21340,permits_units,2016,3054
21340,permits_units,2017,3277
21340,permits_units,2018,2416
21340,permits_units,2019,3066
21340,permits_units,2020,2562
21340,permits_units,2021,2989
21340,permits_units,2022,2465
21340,permits_units,2023,2247
21340,permits_units,2024,2320
21340,permits_units,2025,2050
21380,permits_multifamily,2024,0
21380,permits_multifamily,2025,24
21380,permits_single_family,2024,34
21380,permits_single_family,2025,33
21380,permits_units,2024,42
21380,permits_units,2025,59
21420,permits_multifamily,2016,0
21420,permits_multifamily,2017,36
21420,permits_multifamily,2018,0
21420,permits_multifamily,2019,0
21420,permits_multifamily,2020,0
21420,permits_multifamily,2021,0
21420,permits_multifamily,2022,0
21420,permits_multifamily,2023,0
21420,permits_multifamily,2024,0
21420,permits_multifamily,2025,0
21420,permits_single_family,2016,70
21420,permits_single_family,2017,59
21420,permits_single_family,2018,43
21420,permits_single_family,2019,26
21420,permits_single_family,2020,23
21420,permits_single_family,2021,35
21420,permits_single_family,2022,46
21420,permits_single_family,2023,10
21420,permits_single_family,2024,9
21420,permits_single_family,2025,10
21420,permits_units,2016,70
21420,permits_units,2017,95
21420,permits_units,2018,43
21420,permits_units,2019,26
21420,permits_units,2020,23
21420,permits_units,2021,35
21420,permits_units,2022,46
21420,permits_units,2023,10
21420,permits_units,2024,19
21420,permits_units,2025,20
21460,permits_multifamily,2024,11
21460,permits_multifamily,2025,0
21460,permits_single_family,2024,133
21460,permits_single_family,2025,198
21460,permits_units,2024,146
21460,permits_units,2025,198
21500,permits_multifamily,2014,103
21500,permits_multifamily,2015,60
21500,permits_multifamily,2016,148
21500,permits_multifamily,2017,50
21500,permits_multifamily,2018,119
21500,permits_multifamily,2019,34
21500,permits_multifamily,2020,27
21500,permits_multifamily,2021,35
21500,permits_multifamily,2022,54
21500,permits_multifamily,2023,76
21500,permits_multifamily,2024,188
21500,permits_multifamily,2025,58
21500,permits_single_family,2014,166
21500,permits_single_family,2015,192
21500,permits_single_family,2016,176
21500,permits_single_family,2017,215
21500,permits_single_family,2018,176
21500,permits_single_family,2019,121
21500,permits_single_family,2020,166
21500,permits_single_family,2021,174
21500,permits_single_family,2022,166
21500,permits_single_family,2023,144
21500,permits_single_family,2024,149
21500,permits_single_family,2025,183
21500,permits_units,2014,321
21500,permits_units,2015,267
21500,permits_units,2016,338
21500,permits_units,2017,265
21500,permits_units,2018,305
21500,permits_units,2019,161
21500,permits_units,2020,201
21500,permits_units,2021,217
21500,permits_units,2022,238
21500,permits_units,2023,224
21500,permits_units,2024,339
21500,permits_units,2025,243
21540,permits_multifamily,2024,0
21540,permits_multifamily,2025,0
21540,permits_single_family,2024,36
21540,permits_single_family,2025,58
21540,permits_units,2024,38
21540,permits_units,2025,58
21640,permits_multifamily,2024,0
21640,permits_multifamily,2025,0
21640,permits_single_family,2024,33
21640,permits_single_family,2025,38
21640,permits_units,2024,53
21640,permits_units,2025,38
21660,permits_multifamily,2014,773
21660,permits_multifamily,2015,65
21660,permits_multifamily,2016,416
21660,permits_multifamily,2017,0
21660,permits_multifamily,2018,507
21660,permits_multifamily,2019,304
21660,permits_multifamily,2020,539
21660,permits_multifamily,2021,1156
21660,permits_multifamily,2022,862
21660,permits_multifamily,2023,473
21660,permits_multifamily,2024,972
21660,permits_multifamily,2025,749
21660,permits_single_family,2014,506
21660,permits_single_family,2015,578
21660,permits_single_family,2016,736
21660,permits_single_family,2017,821
21660,permits_single_family,2018,814
21660,permits_single_family,2019,731
21660,permits_single_family,2020,761
21660,permits_single_family,2021,910
21660,permits_single_family,2022,865
21660,permits_single_family,2023,732
21660,permits_single_family,2024,799
21660,permits_single_family,2025,730
21660,permits_units,2014,1316
21660,permits_units,2015,721
21660,permits_units,2016,1174
21660,permits_units,2017,842
21660,permits_units,2018,1389
21660,permits_units,2019,1071
21660,permits_units,2020,1391
21660,permits_units,2021,2136
21660,permits_units,2022,1759
21660,permits_units,2023,1239
21660,permits_units,2024,1814
21660,permits_units,2025,1545
21700,permits_multifamily,2024,17
21700,permits_multifamily,2025,117
21700,permits_single_family,2024,148
21700,permits_single_family,2025,160
21700,permits_units,2024,194
21700,permits_units,2025,325
21740,permits_multifamily,2024,19
21740,permits_multifamily,2025,16
21740,permits_single_family,2024,103
21740,permits_single_family,2025,117
21740,permits_units,2024,132
21740,permits_units,2025,141
21780,permits_multifamily,2014,106
21780,permits_multifamily,2015,156
21780,permits_multifamily,2016,252
21780,permits_multifamily,2017,259
21780,permits_multifamily,2018,10
21780,permits_multifamily,2019,217
21780,permits_multifamily,2020,175
21780,permits_multifamily,2021,200
21780,permits_multifamily,2022,247
21780,permits_multifamily,2023,47
21780,permits_multifamily,2024,0
21780,permits_multifamily,2025,120
21780,permits_single_family,2014,568
21780,permits_single_family,2015,579
21780,permits_single_family,2016,633
21780,permits_single_family,2017,618
21780,permits_single_family,2018,536
21780,permits_single_family,2019,647
21780,permits_single_family,2020,882
21780,permits_single_family,2021,1045
21780,permits_single_family,2022,807
21780,permits_single_family,2023,723
21780,permits_single_family,2024,643
21780,permits_single_family,2025,594
21780,permits_units,2014,727
21780,permits_units,2015,763
21780,permits_units,2016,947
21780,permits_units,2017,921
21780,permits_units,2018,596
21780,permits_units,2019,930
21780,permits_units,2020,1121
21780,permits_units,2021,1349
21780,permits_units,2022,1186
21780,permits_units,2023,898
21780,permits_units,2024,713
21780,permits_units,2025,825
21820,permits_multifamily,2014,0
21820,permits_multifamily,2015,0
21820,permits_multifamily,2016,0
21820,permits_multifamily,2017,0
21820,permits_multifamily,2018,0
21820,permits_multifamily,2019,0
21820,permits_multifamily,2020,0
21820,permits_multifamily,2021,0
21820,permits_multifamily,2022,0
21820,permits_multifamily,2023,19
21820,permits_multifamily,2024,8
21820,permits_multifamily,2025,12
21820,permits_single_family,2014,54
21820,permits_single_family,2015,7
21820,permits_single_family,2016,11
21820,permits_single_family,2017,7
21820,permits_single_family,2018,13
21820,permits_single_family,2019,6
21820,permits_single_family,2020,8
21820,permits_single_family,2021,18
21820,permits_single_family,2022,27
21820,permits_single_family,2023,30
21820,permits_single_family,2024,6
21820,permits_single_family,2025,13
21820,permits_units,2014,54
21820,permits_units,2015,7
21820,permits_units,2016,11
21820,permits_units,2017,15
21820,permits_units,2018,13
21820,permits_units,2019,22
21820,permits_units,2020,19
21820,permits_units,2021,36
21820,permits_units,2022,27
21820,permits_units,2023,49
21820,permits_units,2024,18
21820,permits_units,2025,31
21860,permits_multifamily,2024,0
21860,permits_multifamily,2025,0
21860,permits_single_family,2024,23
21860,permits_single_family,2025,13
21860,permits_units,2024,27
21860,permits_units,2025,13
21900,permits_multifamily,2024,0
21900,permits_multifamily,2025,0
21900,permits_single_family,2024,6
21900,permits_single_family,2025,10
21900,permits_units,2024,6
21900,permits_units,2025,10
21980,permits_multifamily,2024,0
21980,permits_multifamily,2025,0
21980,permits_single_family,2024,45
21980,permits_single_family,2025,36
21980,permits_units,2024,45
21980,permits_units,2025,40
22020,permits_multifamily,2014,2496
22020,permits_multifamily,2015,1337
22020,permits_multifamily,2016,1212
22020,permits_multifamily,2017,826
22020,permits_multifamily,2018,1221
22020,permits_multifamily,2019,478
22020,permits_multifamily,2020,768
22020,permits_multifamily,2021,1058
22020,permits_multifamily,2022,1187
22020,permits_multifamily,2023,1204
22020,permits_multifamily,2024,563
22020,permits_multifamily,2025,668
22020,permits_single_family,2014,1242
22020,permits_single_family,2015,1359
22020,permits_single_family,2016,1192
22020,permits_single_family,2017,1065
22020,permits_single_family,2018,1080
22020,permits_single_family,2019,939
22020,permits_single_family,2020,1200
22020,permits_single_family,2021,1229
22020,permits_single_family,2022,1124
22020,permits_single_family,2023,885
22020,permits_single_family,2024,832
22020,permits_single_family,2025,812
22020,permits_units,2014,3766
22020,permits_units,2015,2719
22020,permits_units,2016,2479
22020,permits_units,2017,1891
22020,permits_units,2018,2313
22020,permits_units,2019,1425
22020,permits_units,2020,1976
22020,permits_units,2021,2289
22020,permits_units,2022,2315
22020,permits_units,2023,2089
22020,permits_units,2024,1492
22020,permits_units,2025,1498
22060,permits_multifamily,2024,0
22060,permits_multifamily,2025,0
22060,permits_single_family,2024,88
22060,permits_single_family,2025,100
22060,permits_units,2024,96
22060,permits_units,2025,100
22100,permits_multifamily,2024,32
22100,permits_multifamily,2025,12
22100,permits_single_family,2024,85
22100,permits_single_family,2025,88
22100,permits_units,2024,149
22100,permits_units,2025,144
22140,permits_multifamily,2014,0
22140,permits_multifamily,2015,0
22140,permits_multifamily,2016,0
22140,permits_multifamily,2017,0
22140,permits_multifamily,2018,0
22140,permits_multifamily,2019,8
22140,permits_multifamily,2020,8
22140,permits_multifamily,2021,0
22140,permits_multifamily,2022,5
22140,permits_multifamily,2023,0
22140,permits_multifamily,2024,8
22140,permits_multifamily,2025,0
22140,permits_single_family,2014,173
22140,permits_single_family,2015,118
22140,permits_single_family,2016,102
22140,permits_single_family,2017,91
22140,permits_single_family,2018,67
22140,permits_single_family,2019,74
22140,permits_single_family,2020,90
22140,permits_single_family,2021,97
22140,permits_single_family,2022,138
22140,permits_single_family,2023,117
22140,permits_single_family,2024,70
22140,permits_single_family,2025,80
22140,permits_units,2014,173
22140,permits_units,2015,118
22140,permits_units,2016,104
22140,permits_units,2017,91
22140,permits_units,2018,71
22140,permits_units,2019,89
22140,permits_units,2020,98
22140,permits_units,2021,97
22140,permits_units,2022,143
22140,permits_units,2023,117
22140,permits_units,2024,78
22140,permits_units,2025,80
22180,permits_multifamily,2014,77
22180,permits_multifamily,2015,495
22180,permits_multifamily,2016,112
22180,permits_multifamily,2017,61
22180,permits_multifamily,2018,0
22180,permits_multifamily,2019,282
22180,permits_multifamily,2020,75
22180,permits_multifamily,2021,252
22180,permits_multifamily,2022,338
22180,permits_multifamily,2023,30
22180,permits_multifamily,2024,196
22180,permits_multifamily,2025,716
22180,permits_single_family,2014,1012
22180,permits_single_family,2015,889
22180,permits_single_family,2016,833
22180,permits_single_family,2017,874
22180,permits_single_family,2018,803
22180,permits_single_family,2019,1547
22180,permits_single_family,2020,1879
22180,permits_single_family,2021,2055
22180,permits_single_family,2022,2145
22180,permits_single_family,2023,2542
22180,permits_single_family,2024,1711
22180,permits_single_family,2025,1379
22180,permits_units,2014,1089
22180,permits_units,2015,1386
22180,permits_units,2016,953
22180,permits_units,2017,935
22180,permits_units,2018,819
22180,permits_units,2019,1839
22180,permits_units,2020,1960
22180,permits_units,2021,2307
22180,permits_units,2022,2483
22180,permits_units,2023,2576
22180,permits_units,2024,1915
22180,permits_units,2025,2105
22190,permits_multifamily,2024,0
22190,permits_multifamily,2025,0
22190,permits_single_family,2024,169
22190,permits_single_family,2025,150
22190,permits_units,2024,173
22190,permits_units,2025,159
22220,permits_multifamily,2014,926
22220,permits_multifamily,2015,938
22220,permits_multifamily,2016,750
22220,permits_multifamily,2017,992
22220,permits_multifamily,2018,1544
22220,permits_multifamily,2019,2542
22220,permits_multifamily,2020,1317
22220,permits_multifamily,2021,1155
22220,permits_multifamily,2022,1463
22220,permits_multifamily,2023,1055
22220,permits_multifamily,2024,1899
22220,permits_multifamily,2025,2922
22220,permits_single_family,2014,2388
22220,permits_single_family,2015,2817
22220,permits_single_family,2016,3508
22220,permits_single_family,2017,3528
22220,permits_single_family,2018,3836
22220,permits_single_family,2019,4147
22220,permits_single_family,2020,4579
22220,permits_single_family,2021,5678
22220,permits_single_family,2022,5435
22220,permits_single_family,2023,5349
22220,permits_single_family,2024,5595
22220,permits_single_family,2025,5666
22220,permits_units,2014,3353
22220,permits_units,2015,3793
22220,permits_units,2016,4421
22220,permits_units,2017,4729
22220,permits_units,2018,5570
22220,permits_units,2019,6905
22220,permits_units,2020,6365
22220,permits_units,2021,7120
22220,permits_units,2022,7246
22220,permits_units,2023,6915
22220,permits_units,2024,7984
22220,permits_units,2025,8961
22260,permits_multifamily,2024,10
22260,permits_multifamily,2025,0
22260,permits_single_family,2024,71
22260,permits_single_family,2025,60
22260,permits_units,2024,89
22260,permits_units,2025,72
22300,permits_multifamily,2024,150
22300,permits_multifamily,2025,265
22300,permits_single_family,2024,80
22300,permits_single_family,2025,76
22300,permits_units,2024,261
22300,permits_units,2025,361
22340,permits_multifamily,2024,0
22340,permits_multifamily,2025,0
22340,permits_single_family,2024,6
22340,permits_single_family,2025,13
22340,permits_units,2024,6
22340,permits_units,2025,17
22380,permits_multifamily,2014,264
22380,permits_multifamily,2015,229
22380,permits_multifamily,2016,240
22380,permits_multifamily,2017,260
22380,permits_multifamily,2018,0
22380,permits_multifamily,2019,183
22380,permits_multifamily,2020,302
22380,permits_multifamily,2021,437
22380,permits_multifamily,2022,327
22380,permits_multifamily,2023,672
22380,permits_multifamily,2024,354
22380,permits_multifamily,2025,183
22380,permits_single_family,2014,290
22380,permits_single_family,2015,333
22380,permits_single_family,2016,401
22380,permits_single_family,2017,434
22380,permits_single_family,2018,657
22380,permits_single_family,2019,535
22380,permits_single_family,2020,633
22380,permits_single_family,2021,596
22380,permits_single_family,2022,407
22380,permits_single_family,2023,314
22380,permits_single_family,2024,331
22380,permits_single_family,2025,421
22380,permits_units,2014,560
22380,permits_units,2015,566
22380,permits_units,2016,647
22380,permits_units,2017,697
22380,permits_units,2018,665
22380,permits_units,2019,728
22380,permits_units,2020,941
22380,permits_units,2021,1051
22380,permits_units,2022,738
22380,permits_units,2023,1123
22380,permits_units,2024,703
22380,permits_units,2025,634
22420,permits_multifamily,2014,70
22420,permits_multifamily,2015,50
22420,permits_multifamily,2016,48
22420,permits_multifamily,2017,20
22420,permits_multifamily,2018,167
22420,permits_multifamily,2019,23
22420,permits_multifamily,2020,0
22420,permits_multifamily,2021,8
22420,permits_multifamily,2022,26
22420,permits_multifamily,2023,80
22420,permits_multifamily,2024,68
22420,permits_multifamily,2025,64
22420,permits_single_family,2014,271
22420,permits_single_family,2015,345
22420,permits_single_family,2016,322
22420,permits_single_family,2017,404
22420,permits_single_family,2018,435
22420,permits_single_family,2019,441
22420,permits_single_family,2020,393
22420,permits_single_family,2021,489
22420,permits_single_family,2022,324
22420,permits_single_family,2023,236
22420,permits_single_family,2024,339
22420,permits_single_family,2025,366
22420,permits_units,2014,343
22420,permits_units,2015,413
22420,permits_units,2016,374
22420,permits_units,2017,434
22420,permits_units,2018,630
22420,permits_units,2019,576
22420,permits_units,2020,485
22420,permits_units,2021,510
22420,permits_units,2022,406
22420,permits_units,2023,380
22420,permits_units,2024,420
22420,permits_units,2025,444
22500,permits_multifamily,2014,40
22500,permits_multifamily,2015,0
22500,permits_multifamily,2016,24
22500,permits_multifamily,2017,510
22500,permits_multifamily,2018,28
22500,permits_multifamily,2019,388
22500,permits_multifamily,2020,197
22500,permits_multifamily,2021,20
22500,permits_multifamily,2022,15
22500,permits_multifamily,2023,8
22500,permits_multifamily,2024,48
22500,permits_multifamily,2025,136
22500,permits_single_family,2014,331
22500,permits_single_family,2015,418
22500,permits_single_family,2016,432
22500,permits_single_family,2017,511
22500,permits_single_family,2018,521
22500,permits_single_family,2019,686
22500,permits_single_family,2020,521
22500,permits_single_family,2021,738
22500,permits_single_family,2022,697
22500,permits_single_family,2023,710
22500,permits_single_family,2024,761
22500,permits_single_family,2025,750
22500,permits_units,2014,379
22500,permits_units,2015,424
22500,permits_units,2016,495
22500,permits_units,2017,1021
22500,permits_units,2018,562
22500,permits_units,2019,1129
22500,permits_units,2020,764
22500,permits_units,2021,766
22500,permits_units,2022,759
22500,permits_units,2023,737
22500,permits_units,2024,861
22500,permits_units,2025,902
22520,permits_multifamily,2014,23
22520,permits_multifamily,2015,116
22520,permits_multifamily,2016,72
22520,permits_multifamily,2017,518
22520,permits_multifamily,2018,63
22520,permits_multifamily,2019,20
22520,permits_multifamily,2020,0
22520,permits_multifamily,2021,28
22520,permits_multifamily,2022,26
22520,permits_multifamily,2023,0
22520,permits_multifamily,2024,72
22520,permits_multifamily,2025,105
22520,permits_single_family,2014,174
22520,permits_single_family,2015,206
22520,permits_single_family,2016,237
22520,permits_single_family,2017,257
22520,permits_single_family,2018,254
22520,permits_single_family,2019,255
22520,permits_single_family,2020,296
22520,permits_single_family,2021,331
22520,permits_single_family,2022,204
22520,permits_single_family,2023,171
22520,permits_single_family,2024,189
22520,permits_single_family,2025,197
22520,permits_units,2014,197
22520,permits_units,2015,338
22520,permits_units,2016,315
22520,permits_units,2017,775
22520,permits_units,2018,335
22520,permits_units,2019,281
22520,permits_units,2020,296
22520,permits_units,2021,359
22520,permits_units,2022,274
22520,permits_units,2023,201
22520,permits_units,2024,261
22520,permits_units,2025,400
22540,permits_multifamily,2014,112
22540,permits_multifamily,2015,51
22540,permits_multifamily,2016,213
22540,permits_multifamily,2017,0
22540,permits_multifamily,2018,126
22540,permits_multifamily,2019,104
22540,permits_multifamily,2020,0
22540,permits_multifamily,2021,74
22540,permits_multifamily,2022,0
22540,permits_multifamily,2023,0
22540,permits_multifamily,2024,0
22540,permits_multifamily,2025,0
22540,permits_single_family,2014,106
22540,permits_single_family,2015,140
22540,permits_single_family,2016,152
22540,permits_single_family,2017,185
22540,permits_single_family,2018,149
22540,permits_single_family,2019,143
22540,permits_single_family,2020,142
22540,permits_single_family,2021,153
22540,permits_single_family,2022,142
22540,permits_single_family,2023,129
22540,permits_single_family,2024,173
22540,permits_single_family,2025,172
22540,permits_units,2014,240
22540,permits_units,2015,195
22540,permits_units,2016,365
22540,permits_units,2017,185
22540,permits_units,2018,275
22540,permits_units,2019,255
22540,permits_units,2020,148
22540,permits_units,2021,235
22540,permits_units,2022,142
22540,permits_units,2023,133
22540,permits_units,2024,183
22540,permits_units,2025,190
22580,permits_multifamily,2024,0
22580,permits_multifamily,2025,46
22580,permits_single_family,2024,191
22580,permits_single_family,2025,203
22580,permits_units,2024,193
22580,permits_units,2025,269
22620,permits_multifamily,2024,0
22620,permits_multifamily,2025,0
22620,permits_single_family,2024,3
22620,permits_single_family,2025,1
22620,permits_units,2024,3
22620,permits_units,2025,1
22660,permits_multifamily,2014,778
22660,permits_multifamily,2015,648
22660,permits_multifamily,2016,1813
22660,permits_multifamily,2017,873
22660,permits_multifamily,2018,1191
22660,permits_multifamily,2019,859
22660,permits_multifamily,2020,361
22660,permits_multifamily,2021,1064
22660,permits_multifamily,2022,1106
22660,permits_multifamily,2023,1358
22660,permits_multifamily,2024,402
22660,permits_multifamily,2025,1367
22660,permits_single_family,2014,1627
22660,permits_single_family,2015,1720
22660,permits_single_family,2016,1622
22660,permits_single_family,2017,2027
22660,permits_single_family,2018,1679
22660,permits_single_family,2019,1580
22660,permits_single_family,2020,2190
22660,permits_single_family,2021,2149
22660,permits_single_family,2022,1385
22660,permits_single_family,2023,1289
22660,permits_single_family,2024,1370
22660,permits_single_family,2025,985
22660,permits_units,2014,2498
22660,permits_units,2015,2434
22660,permits_units,2016,3532
22660,permits_units,2017,2935
22660,permits_units,2018,2944
22660,permits_units,2019,2490
22660,permits_units,2020,2565
22660,permits_units,2021,3221
22660,permits_units,2022,2572
22660,permits_units,2023,2686
22660,permits_units,2024,1786
22660,permits_units,2025,2436
22700,permits_multifamily,2024,0
22700,permits_multifamily,2025,0
22700,permits_single_family,2024,28
22700,permits_single_family,2025,23
22700,permits_units,2024,28
22700,permits_units,2025,23
22780,permits_multifamily,2024,0
22780,permits_multifamily,2025,0
22780,permits_single_family,2024,60
22780,permits_single_family,2025,99
22780,permits_units,2024,60
22780,permits_units,2025,99
22800,permits_multifamily,2024,42
22800,permits_multifamily,2025,56
22800,permits_single_family,2024,12
22800,permits_single_family,2025,20
22800,permits_units,2024,54
22800,permits_units,2025,80
22820,permits_multifamily,2024,105
22820,permits_multifamily,2025,0
22820,permits_single_family,2024,45
22820,permits_single_family,2025,53
22820,permits_units,2024,196
22820,permits_units,2025,55
22840,permits_multifamily,2024,0
22840,permits_multifamily,2025,0
22840,permits_single_family,2024,39
22840,permits_single_family,2025,45
22840,permits_units,2024,39
22840,permits_units,2025,45
22900,permits_multifamily,2014,128
22900,permits_multifamily,2015,0
22900,permits_multifamily,2016,96
22900,permits_multifamily,2017,176
22900,permits_multifamily,2018,0
22900,permits_multifamily,2019,8
22900,permits_multifamily,2020,118
22900,permits_multifamily,2021,16
22900,permits_multifamily,2022,122
22900,permits_multifamily,2023,0
22900,permits_multifamily,2024,16
22900,permits_multifamily,2025,112
22900,permits_single_family,2014,371
22900,permits_single_family,2015,328
22900,permits_single_family,2016,399
22900,permits_single_family,2017,380
22900,permits_single_family,2018,399
22900,permits_single_family,2019,382
22900,permits_single_family,2020,380
22900,permits_single_family,2021,444
22900,permits_single_family,2022,408
22900,permits_single_family,2023,399
22900,permits_single_family,2024,352
22900,permits_single_family,2025,245
22900,permits_units,2014,604
22900,permits_units,2015,466
22900,permits_units,2016,703
22900,permits_units,2017,721
22900,permits_units,2018,598
22900,permits_units,2019,609
22900,permits_units,2020,655
22900,permits_units,2021,662
22900,permits_units,2022,732
22900,permits_units,2023,683
22900,permits_units,2024,553
22900,permits_units,2025,663
23060,permits_multifamily,2014,310
23060,permits_multifamily,2015,328
23060,permits_multifamily,2016,378
23060,permits_multifamily,2017,428
23060,permits_multifamily,2018,483
23060,permits_multifamily,2019,581
23060,permits_multifamily,2020,111
23060,permits_multifamily,2021,16
23060,permits_multifamily,2022,842
23060,permits_multifamily,2023,706
23060,permits_multifamily,2024,598
23060,permits_multifamily,2025,134
23060,permits_single_family,2014,883
23060,permits_single_family,2015,990
23060,permits_single_family,2016,1076
23060,permits_single_family,2017,1222
23060,permits_single_family,2018,1343
23060,permits_single_family,2019,1330
23060,permits_single_family,2020,1520
23060,permits_single_family,2021,1799
23060,permits_single_family,2022,1453
23060,permits_single_family,2023,1680
23060,permits_single_family,2024,1409
23060,permits_single_family,2025,1449
23060,permits_units,2014,1245
23060,permits_units,2015,1355
23060,permits_units,2016,1536
23060,permits_units,2017,1722
23060,permits_units,2018,1884
23060,permits_units,2019,1956
23060,permits_units,2020,1786
23060,permits_units,2021,1978
23060,permits_units,2022,2335
23060,permits_units,2023,2436
23060,permits_units,2024,2034
23060,permits_units,2025,1641
23140,permits_multifamily,2024,0
23140,permits_multifamily,2025,0
23140,permits_single_family,2024,59
23140,permits_single_family,2025,34
23140,permits_units,2024,59
23140,permits_units,2025,36
23180,permits_multifamily,2024,0
23180,permits_multifamily,2025,8
23180,permits_single_family,2024,192
23180,permits_single_family,2025,231
23180,permits_units,2024,198
23180,permits_units,2025,243
23190,permits_multifamily,2024,31
23190,permits_multifamily,2025,178
23190,permits_single_family,2024,159
23190,permits_single_family,2025,205
23190,permits_units,2024,204
23190,permits_units,2025,396
23240,permits_multifamily,2024,0
23240,permits_multifamily,2025,0
23240,permits_single_family,2024,52
23240,permits_single_family,2025,51
23240,permits_units,2024,52
23240,permits_units,2025,51
23300,permits_multifamily,2024,0
23300,permits_multifamily,2025,0
23300,permits_single_family,2024,5
23300,permits_single_family,2025,14
23300,permits_units,2024,5
23300,permits_units,2025,14
23340,permits_multifamily,2024,0
23340,permits_multifamily,2025,0
23340,permits_single_family,2024,42
23340,permits_single_family,2025,51
23340,permits_units,2024,78
23340,permits_units,2025,81
23380,permits_multifamily,2024,0
23380,permits_multifamily,2025,0
23380,permits_single_family,2024,26
23380,permits_single_family,2025,18
23380,permits_units,2024,26
23380,permits_units,2025,30
23420,permits_multifamily,2014,262
23420,permits_multifamily,2015,262
23420,permits_multifamily,2016,276
23420,permits_multifamily,2017,1025
23420,permits_multifamily,2018,633
23420,permits_multifamily,2019,679
23420,permits_multifamily,2020,353
23420,permits_multifamily,2021,462
23420,permits_multifamily,2022,650
23420,permits_multifamily,2023,764
23420,permits_multifamily,2024,304
23420,permits_multifamily,2025,290
23420,permits_single_family,2014,1611
23420,permits_single_family,2015,2053
23420,permits_single_family,2016,2553
23420,permits_single_family,2017,1796
23420,permits_single_family,2018,2213
23420,permits_single_family,2019,2441
23420,permits_single_family,2020,2663
23420,permits_single_family,2021,3369
23420,permits_single_family,2022,2944
23420,permits_single_family,2023,2376
23420,permits_single_family,2024,3466
23420,permits_single_family,2025,3146
23420,permits_units,2014,1892
23420,permits_units,2015,2322
23420,permits_units,2016,2904
23420,permits_units,2017,2933
23420,permits_units,2018,2929
23420,permits_units,2019,3393
23420,permits_units,2020,3130
23420,permits_units,2021,3902
23420,permits_units,2022,3662
23420,permits_units,2023,3154
23420,permits_units,2024,3782
23420,permits_units,2025,3518
23460,permits_multifamily,2014,0
23460,permits_multifamily,2015,0
23460,permits_multifamily,2016,0
23460,permits_multifamily,2017,0
23460,permits_multifamily,2018,0
23460,permits_multifamily,2019,0
23460,permits_multifamily,2020,0
23460,permits_multifamily,2021,46
23460,permits_multifamily,2022,0
23460,permits_multifamily,2023,0
23460,permits_multifamily,2024,0
23460,permits_multifamily,2025,0
23460,permits_single_family,2014,79
23460,permits_single_family,2015,83
23460,permits_single_family,2016,97
23460,permits_single_family,2017,112
23460,permits_single_family,2018,104
23460,permits_single_family,2019,71
23460,permits_single_family,2020,113
23460,permits_single_family,2021,138
23460,permits_single_family,2022,157
23460,permits_single_family,2023,106
23460,permits_single_family,2024,117
23460,permits_single_family,2025,123
23460,permits_units,2014,79
23460,permits_units,2015,83
23460,permits_units,2016,97
23460,permits_units,2017,112
23460,permits_units,2018,104
23460,permits_units,2019,71
23460,permits_units,2020,113
23460,permits_units,2021,188
23460,permits_units,2022,157
23460,permits_units,2023,106
23460,permits_units,2024,133
23460,permits_units,2025,123
23500,permits_multifamily,2024,0
23500,permits_multifamily,2025,64
23500,permits_single_family,2024,203
23500,permits_single_family,2025,199
23500,permits_units,2024,239
23500,permits_units,2025,286
23540,permits_multifamily,2014,263
23540,permits_multifamily,2015,581
23540,permits_multifamily,2016,501
23540,permits_multifamily,2017,1585
23540,permits_multifamily,2018,811
23540,permits_multifamily,2019,1543
23540,permits_multifamily,2020,906
23540,permits_multifamily,2021,1087
23540,permits_multifamily,2022,1780
23540,permits_multifamily,2023,687
23540,permits_multifamily,2024,922
23540,permits_multifamily,2025,2629
23540,permits_single_family,2014,536
23540,permits_single_family,2015,623
23540,permits_single_family,2016,609
23540,permits_single_family,2017,684
23540,permits_single_family,2018,753
23540,permits_single_family,2019,1016
23540,permits_single_family,2020,1174
23540,permits_single_family,2021,1652
23540,permits_single_family,2022,1345
23540,permits_single_family,2023,1247
23540,permits_single_family,2024,1115
23540,permits_single_family,2025,1023
23540,permits_units,2014,799
23540,permits_units,2015,1214
23540,permits_units,2016,1110
23540,permits_units,2017,2269
23540,permits_units,2018,1569
23540,permits_units,2019,2567
23540,permits_units,2020,2080
23540,permits_units,2021,2743
23540,permits_units,2022,3137
23540,permits_units,2023,1945
23540,permits_units,2024,2043
23540,permits_units,2025,3674
23580,permits_multifamily,2014,0
23580,permits_multifamily,2015,24
23580,permits_multifamily,2016,530
23580,permits_multifamily,2017,160
23580,permits_multifamily,2018,574
23580,permits_multifamily,2019,357
23580,permits_multifamily,2020,407
23580,permits_multifamily,2021,765
23580,permits_multifamily,2022,825
23580,permits_multifamily,2023,70
23580,permits_multifamily,2024,620
23580,permits_multifamily,2025,86
23580,permits_single_family,2014,714
23580,permits_single_family,2015,906
23580,permits_single_family,2016,1033
23580,permits_single_family,2017,1184
23580,permits_single_family,2018,1159
23580,permits_single_family,2019,1072
23580,permits_single_family,2020,1270
23580,permits_single_family,2021,1402
23580,permits_single_family,2022,1196
23580,permits_single_family,2023,1214
23580,permits_single_family,2024,1647
23580,permits_single_family,2025,1892
23580,permits_units,2014,722
23580,permits_units,2015,946
23580,permits_units,2016,1578
23580,permits_units,2017,1363
23580,permits_units,2018,1778
23580,permits_units,2019,1479
23580,permits_units,2020,1706
23580,permits_units,2021,2249
23580,permits_units,2022,2067
23580,permits_units,2023,1319
23580,permits_units,2024,2339
23580,permits_units,2025,1996
23620,permits_multifamily,2024,0
23620,permits_multifamily,2025,0
23620,permits_single_family,2024,143
23620,permits_single_family,2025,69
23620,permits_units,2024,155
23620,permits_units,2025,69
23660,permits_multifamily,2024,0
23660,permits_multifamily,2025,0
23660,permits_single_family,2024,2
23660,permits_single_family,2025,1
23660,permits_units,2024,2
23660,permits_units,2025,1
23680,permits_multifamily,2024,0
23680,permits_multifamily,2025,0
23680,permits_single_family,2024,4
23680,permits_single_family,2025,4
23680,permits_units,2024,7
23680,permits_units,2025,7
23700,permits_multifamily,2024,0
23700,permits_multifamily,2025,0
23700,permits_single_family,2024,8
23700,permits_single_family,2025,0
23700,permits_units,2024,8
23700,permits_units,2025,0
23780,permits_multifamily,2024,0
23780,permits_multifamily,2025,48
23780,permits_single_family,2024,35
23780,permits_single_family,2025,39
23780,permits_units,2024,35
23780,permits_units,2025,107
23820,permits_multifamily,2024,0
23820,permits_multifamily,2025,0
23820,permits_single_family,2024,317
23820,permits_single_family,2025,328
23820,permits_units,2024,317
23820,permits_units,2025,328
23900,permits_multifamily,2014,40
23900,permits_multifamily,2015,18
23900,permits_multifamily,2016,0
23900,permits_multifamily,2017,0
23900,permits_multifamily,2018,0
23900,permits_multifamily,2019,0
23900,permits_multifamily,2020,0
23900,permits_multifamily,2021,0
23900,permits_multifamily,2022,0
23900,permits_multifamily,2023,0
23900,permits_multifamily,2024,0
23900,permits_multifamily,2025,0
23900,permits_single_family,2014,222
23900,permits_single_family,2015,218
23900,permits_single_family,2016,347
23900,permits_single_family,2017,249
23900,permits_single_family,2018,224
23900,permits_single_family,2019,220
23900,permits_single_family,2020,226
23900,permits_single_family,2021,438
23900,permits_single_family,2022,394
23900,permits_single_family,2023,338
23900,permits_single_family,2024,403
23900,permits_single_family,2025,476
23900,permits_units,2014,272
23900,permits_units,2015,240
23900,permits_units,2016,347
23900,permits_units,2017,249
23900,permits_units,2018,224
23900,permits_units,2019,220
23900,permits_units,2020,226
23900,permits_units,2021,438
23900,permits_units,2022,394
23900,permits_units,2023,338
23900,permits_units,2024,403
23900,permits_units,2025,476
23940,permits_multifamily,2024,0
23940,permits_multifamily,2025,0
23940,permits_single_family,2024,31
23940,permits_single_family,2025,21
23940,permits_units,2024,31
23940,permits_units,2025,21
23980,permits_multifamily,2024,64
23980,permits_multifamily,2025,0
23980,permits_single_family,2024,171
23980,permits_single_family,2025,178
23980,permits_units,2024,283
23980,permits_units,2025,204
24020,permits_multifamily,2014,74
24020,permits_multifamily,2015,168
24020,permits_multifamily,2016,132
24020,permits_multifamily,2017,0
24020,permits_multifamily,2018,0
24020,permits_multifamily,2019,6
24020,permits_multifamily,2020,72
24020,permits_multifamily,2021,128
24020,permits_multifamily,2022,22
24020,permits_multifamily,2023,6
24020,permits_multifamily,2024,102
24020,permits_multifamily,2025,24
24020,permits_single_family,2014,260
24020,permits_single_family,2015,203
24020,permits_single_family,2016,216
24020,permits_single_family,2017,260
24020,permits_single_family,2018,225
24020,permits_single_family,2019,229
24020,permits_single_family,2020,234
24020,permits_single_family,2021,256
24020,permits_single_family,2022,232
24020,permits_single_family,2023,226
24020,permits_single_family,2024,243
24020,permits_single_family,2025,278
24020,permits_units,2014,368
24020,permits_units,2015,381
24020,permits_units,2016,359
24020,permits_units,2017,264
24020,permits_units,2018,227
24020,permits_units,2019,241
24020,permits_units,2020,306
24020,permits_units,2021,384
24020,permits_units,2022,292
24020,permits_units,2023,238
24020,permits_units,2024,355
24020,permits_units,2025,327
24100,permits_multifamily,2024,0
24100,permits_multifamily,2025,0
24100,permits_single_family,2024,60
24100,permits_single_family,2025,85
24100,permits_units,2024,60
24100,permits_units,2025,85
24140,permits_multifamily,2014,0
24140,permits_multifamily,2015,0
24140,permits_multifamily,2016,5
24140,permits_multifamily,2017,0
24140,permits_multifamily,2018,0
24140,permits_multifamily,2019,0
24140,permits_multifamily,2020,0
24140,permits_multifamily,2021,0
24140,permits_multifamily,2022,72
24140,permits_multifamily,2023,0
24140,permits_multifamily,2024,0
24140,permits_multifamily,2025,54
24140,permits_single_family,2014,257
24140,permits_single_family,2015,244
24140,permits_single_family,2016,260
24140,permits_single_family,2017,272
24140,permits_single_family,2018,269
24140,permits_single_family,2019,315
24140,permits_single_family,2020,414
24140,permits_single_family,2021,474
24140,permits_single_family,2022,344
24140,permits_single_family,2023,538
24140,permits_single_family,2024,583
24140,permits_single_family,2025,879
24140,permits_units,2014,257
24140,permits_units,2015,248
24140,permits_units,2016,269
24140,permits_units,2017,280
24140,permits_units,2018,275
24140,permits_units,2019,323
24140,permits_units,2020,414
24140,permits_units,2021,482
24140,permits_units,2022,418
24140,permits_units,2023,538
24140,permits_units,2024,605
24140,permits_units,2025,954
24180,permits_multifamily,2024,0
24180,permits_multifamily,2025,0
24180,permits_single_family,2024,141
24180,permits_single_family,2025,258
24180,permits_units,2024,141
24180,permits_units,2025,258
24220,permits_multifamily,2014,685
24220,permits_multifamily,2015,280
24220,permits_multifamily,2016,232
24220,permits_multifamily,2017,186
24220,permits_multifamily,2018,91
24220,permits_multifamily,2019,45
24220,permits_multifamily,2020,277
24220,permits_multifamily,2021,0
24220,permits_multifamily,2022,0
24220,permits_multifamily,2023,0
24220,permits_multifamily,2024,54
24220,permits_multifamily,2025,71
24220,permits_single_family,2014,314
24220,permits_single_family,2015,245
24220,permits_single_family,2016,211
24220,permits_single_family,2017,227
24220,permits_single_family,2018,254
24220,permits_single_family,2019,140
24220,permits_single_family,2020,207
24220,permits_single_family,2021,218
24220,permits_single_family,2022,165
24220,permits_single_family,2023,159
24220,permits_single_family,2024,158
24220,permits_single_family,2025,157
24220,permits_units,2014,999
24220,permits_units,2015,529
24220,permits_units,2016,443
24220,permits_units,2017,417
24220,permits_units,2018,355
24220,permits_units,2019,195
24220,permits_units,2020,488
24220,permits_units,2021,227
24220,permits_units,2022,165
24220,permits_units,2023,165
24220,permits_units,2024,226
24220,permits_units,2025,228
24260,permits_multifamily,2014,30
24260,permits_multifamily,2015,56
24260,permits_multifamily,2016,176
24260,permits_multifamily,2017,72
24260,permits_multifamily,2018,16
24260,permits_multifamily,2019,26
24260,permits_multifamily,2020,55
24260,permits_multifamily,2021,124
24260,permits_multifamily,2022,0
24260,permits_multifamily,2023,126
24260,permits_multifamily,2024,98
24260,permits_multifamily,2025,37
24260,permits_single_family,2014,248
24260,permits_single_family,2015,222
24260,permits_single_family,2016,197
24260,permits_single_family,2017,196
24260,permits_single_family,2018,166
24260,permits_single_family,2019,143
24260,permits_single_family,2020,141
24260,permits_single_family,2021,159
24260,permits_single_family,2022,179
24260,permits_single_family,2023,146
24260,permits_single_family,2024,157
24260,permits_single_family,2025,129
24260,permits_units,2014,304
24260,permits_units,2015,300
24260,permits_units,2016,386
24260,permits_units,2017,282
24260,permits_units,2018,205
24260,permits_units,2019,177
24260,permits_units,2020,271
24260,permits_units,2021,305
24260,permits_units,2022,234
24260,permits_units,2023,399
24260,permits_units,2024,307
24260,permits_units,2025,267
24300,permits_multifamily,2014,40
24300,permits_multifamily,2015,40
24300,permits_multifamily,2016,91
24300,permits_multifamily,2017,78
24300,permits_multifamily,2018,0
24300,permits_multifamily,2019,126
24300,permits_multifamily,2020,208
24300,permits_multifamily,2021,297
24300,permits_multifamily,2022,293
24300,permits_multifamily,2023,707
24300,permits_multifamily,2024,240
24300,permits_multifamily,2025,117
24300,permits_single_family,2014,452
24300,permits_single_family,2015,446
24300,permits_single_family,2016,498
24300,permits_single_family,2017,665
24300,permits_single_family,2018,822
24300,permits_single_family,2019,678
24300,permits_single_family,2020,778
24300,permits_single_family,2021,909
24300,permits_single_family,2022,668
24300,permits_single_family,2023,527
24300,permits_single_family,2024,714
24300,permits_single_family,2025,693
24300,permits_units,2014,504
24300,permits_units,2015,486
24300,permits_units,2016,597
24300,permits_units,2017,755
24300,permits_units,2018,830
24300,permits_units,2019,818
24300,permits_units,2020,1004
24300,permits_units,2021,1231
24300,permits_units,2022,969
24300,permits_units,2023,1246
24300,permits_units,2024,1014
24300,permits_units,2025,810
24330,permits_multifamily,2024,0
24330,permits_multifamily,2025,132
24330,permits_single_family,2024,124
24330,permits_single_family,2025,117
24330,permits_units,2024,124
24330,permits_units,2025,249
24340,permits_multifamily,2014,823
24340,permits_multifamily,2015,1106
24340,permits_multifamily,2016,1949
24340,permits_multifamily,2017,1824
24340,permits_multifamily,2018,903
24340,permits_multifamily,2019,1437
24340,permits_multifamily,2020,822
24340,permits_multifamily,2021,674
24340,permits_multifamily,2022,1441
24340,permits_multifamily,2023,951
24340,permits_multifamily,2024,1352
24340,permits_multifamily,2025,1571
24340,permits_single_family,2014,2273
24340,permits_single_family,2015,2495
24340,permits_single_family,2016,2649
24340,permits_single_family,2017,2953
24340,permits_single_family,2018,2749
24340,permits_single_family,2019,2531
24340,permits_single_family,2020,2510
24340,permits_single_family,2021,2811
24340,permits_single_family,2022,2488
24340,permits_single_family,2023,2405
24340,permits_single_family,2024,2415
24340,permits_single_family,2025,2558
24340,permits_units,2014,3171
24340,permits_units,2015,3672
24340,permits_units,2016,4717
24340,permits_units,2017,4839
24340,permits_units,2018,3854
24340,permits_units,2019,4155
24340,permits_units,2020,3436
24340,permits_units,2021,3705
24340,permits_units,2022,4198
24340,permits_units,2023,3603
24340,permits_units,2024,3861
24340,permits_units,2025,4267
24420,permits_multifamily,2014,0
24420,permits_multifamily,2015,50
24420,permits_multifamily,2016,0
24420,permits_multifamily,2017,0
24420,permits_multifamily,2018,0
24420,permits_multifamily,2019,0
24420,permits_multifamily,2020,0
24420,permits_multifamily,2021,0
24420,permits_multifamily,2022,56
24420,permits_multifamily,2023,16
24420,permits_multifamily,2024,5
24420,permits_multifamily,2025,119
24420,permits_single_family,2014,145
24420,permits_single_family,2015,173
24420,permits_single_family,2016,209
24420,permits_single_family,2017,228
24420,permits_single_family,2018,204
24420,permits_single_family,2019,197
24420,permits_single_family,2020,266
24420,permits_single_family,2021,265
24420,permits_single_family,2022,246
24420,permits_single_family,2023,172
24420,permits_single_family,2024,174
24420,permits_single_family,2025,156
24420,permits_units,2014,149
24420,permits_units,2015,237
24420,permits_units,2016,213
24420,permits_units,2017,250
24420,permits_units,2018,227
24420,permits_units,2019,231
24420,permits_units,2020,316
24420,permits_units,2021,333
24420,permits_units,2022,338
24420,permits_units,2023,209
24420,permits_units,2024,202
24420,permits_units,2025,293
24460,permits_multifamily,2024,0
24460,permits_multifamily,2025,0
24460,permits_single_family,2024,12
24460,permits_single_family,2025,9
24460,permits_units,2024,12
24460,permits_units,2025,9
24500,permits_multifamily,2014,278
24500,permits_multifamily,2015,48
24500,permits_multifamily,2016,84
24500,permits_multifamily,2017,0
24500,permits_multifamily,2018,12
24500,permits_multifamily,2019,12
24500,permits_multifamily,2020,12
24500,permits_multifamily,2021,48
24500,permits_multifamily,2022,337
24500,permits_multifamily,2023,0
24500,permits_multifamily,2024,37
24500,permits_multifamily,2025,76
24500,permits_single_family,2014,155
24500,permits_single_family,2015,152
24500,permits_single_family,2016,153
24500,permits_single_family,2017,197
24500,permits_single_family,2018,132
24500,permits_single_family,2019,122
24500,permits_single_family,2020,135
24500,permits_single_family,2021,200
24500,permits_single_family,2022,198
24500,permits_single_family,2023,143
24500,permits_single_family,2024,164
24500,permits_single_family,2025,153
24500,permits_units,2014,463
24500,permits_units,2015,226
24500,permits_units,2016,242
24500,permits_units,2017,205
24500,permits_units,2018,144
24500,permits_units,2019,134
24500,permits_units,2020,151
24500,permits_units,2021,272
24500,permits_units,2022,543
24500,permits_units,2023,151
24500,permits_units,2024,223
24500,permits_units,2025,253
24540,permits_multifamily,2014,687
24540,permits_multifamily,2015,520
24540,permits_multifamily,2016,483
24540,permits_multifamily,2017,672
24540,permits_multifamily,2018,840
24540,permits_multifamily,2019,1008
24540,permits_multifamily,2020,748
24540,permits_multifamily,2021,1050
24540,permits_multifamily,2022,2624
24540,permits_multifamily,2023,1008
24540,permits_multifamily,2024,545
24540,permits_multifamily,2025,982
24540,permits_single_family,2014,1995
24540,permits_single_family,2015,2624
24540,permits_single_family,2016,2463
24540,permits_single_family,2017,2777
24540,permits_single_family,2018,3194
24540,permits_single_family,2019,3335
24540,permits_single_family,2020,3334
24540,permits_single_family,2021,3814
24540,permits_single_family,2022,3229
24540,permits_single_family,2023,2447
24540,permits_single_family,2024,2866
24540,permits_single_family,2025,2011
24540,permits_units,2014,2708
24540,permits_units,2015,3186
24540,permits_units,2016,3009
24540,permits_units,2017,3646
24540,permits_units,2018,4107
24540,permits_units,2019,4387
24540,permits_units,2020,4185
24540,permits_units,2021,5268
24540,permits_units,2022,6166
24540,permits_units,2023,3627
24540,permits_units,2024,3468
24540,permits_units,2025,2993
24580,permits_multifamily,2014,335
24580,permits_multifamily,2015,326
24580,permits_multifamily,2016,170
24580,permits_multifamily,2017,315
24580,permits_multifamily,2018,413
24580,permits_multifamily,2019,383
24580,permits_multifamily,2020,559
24580,permits_multifamily,2021,538
24580,permits_multifamily,2022,418
24580,permits_multifamily,2023,193
24580,permits_multifamily,2024,918
24580,permits_multifamily,2025,413
24580,permits_single_family,2014,641
24580,permits_single_family,2015,656
24580,permits_single_family,2016,804
24580,permits_single_family,2017,828
24580,permits_single_family,2018,766
24580,permits_single_family,2019,723
24580,permits_single_family,2020,832
24580,permits_single_family,2021,830
24580,permits_single_family,2022,627
24580,permits_single_family,2023,578
24580,permits_single_family,2024,717
24580,permits_single_family,2025,832
24580,permits_units,2014,1004
24580,permits_units,2015,1018
24580,permits_units,2016,1008
24580,permits_units,2017,1176
24580,permits_units,2018,1201
24580,permits_units,2019,1130
24580,permits_units,2020,1433
24580,permits_units,2021,1408
24580,permits_units,2022,1249
24580,permits_units,2023,993
24580,permits_units,2024,1825
24580,permits_units,2025,1413
24600,permits_multifamily,2024,0
24600,permits_multifamily,2025,0
24600,permits_single_family,2024,115
24600,permits_single_family,2025,97
24600,permits_units,2024,166
24600,permits_units,2025,99
24620,permits_multifamily,2024,72
24620,permits_multifamily,2025,0
24620,permits_single_family,2024,265
24620,permits_single_family,2025,276
24620,permits_units,2024,337
24620,permits_units,2025,276
24640,permits_multifamily,2024,17
24640,permits_multifamily,2025,0
24640,permits_single_family,2024,64
24640,permits_single_family,2025,58
24640,permits_units,2024,83
24640,permits_units,2025,64
24660,permits_multifamily,2014,1160
24660,permits_multifamily,2015,554
24660,permits_multifamily,2016,1092
24660,permits_multifamily,2017,1009
24660,permits_multifamily,2018,249
24660,permits_multifamily,2019,409
24660,permits_multifamily,2020,902
24660,permits_multifamily,2021,1335
24660,permits_multifamily,2022,814
24660,permits_multifamily,2023,1099
24660,permits_multifamily,2024,2565
24660,permits_multifamily,2025,1176
24660,permits_single_family,2014,1470
24660,permits_single_family,2015,1658
24660,permits_single_family,2016,1635
24660,permits_single_family,2017,2012
24660,permits_single_family,2018,1949
24660,permits_single_family,2019,2002
24660,permits_single_family,2020,2237
24660,permits_single_family,2021,2593
24660,permits_single_family,2022,2161
24660,permits_single_family,2023,2368
24660,permits_single_family,2024,2337
24660,permits_single_family,2025,2552
24660,permits_units,2014,2632
24660,permits_units,2015,2212
24660,permits_units,2016,2735
24660,permits_units,2017,3055
24660,permits_units,2018,2224
24660,permits_units,2019,2423
24660,permits_units,2020,3147
24660,permits_units,2021,3964
24660,permits_units,2022,2993
24660,permits_units,2023,3507
24660,permits_units,2024,4976
24660,permits_units,2025,3830
24700,permits_multifamily,2024,0
24700,permits_multifamily,2025,0
24700,permits_single_family,2024,60
24700,permits_single_family,2025,70
24700,permits_units,2024,66
24700,permits_units,2025,70
24740,permits_multifamily,2024,0
24740,permits_multifamily,2025,0
24740,permits_single_family,2024,7
24740,permits_single_family,2025,7
24740,permits_units,2024,7
24740,permits_units,2025,7
24780,permits_multifamily,2014,528
24780,permits_multifamily,2015,122
24780,permits_multifamily,2016,339
24780,permits_multifamily,2017,448
24780,permits_multifamily,2018,363
24780,permits_multifamily,2019,317
24780,permits_multifamily,2020,0
24780,permits_multifamily,2021,446
24780,permits_multifamily,2022,192
24780,permits_multifamily,2023,384
24780,permits_multifamily,2024,204
24780,permits_multifamily,2025,28
24780,permits_single_family,2014,335
24780,permits_single_family,2015,352
24780,permits_single_family,2016,466
24780,permits_single_family,2017,603
24780,permits_single_family,2018,610
24780,permits_single_family,2019,625
24780,permits_single_family,2020,687
24780,permits_single_family,2021,805
24780,permits_single_family,2022,688
24780,permits_single_family,2023,950
24780,permits_single_family,2024,1059
24780,permits_single_family,2025,1108
24780,permits_units,2014,905
24780,permits_units,2015,538
24780,permits_units,2016,861
24780,permits_units,2017,1137
24780,permits_units,2018,1150
24780,permits_units,2019,1030
24780,permits_units,2020,719
24780,permits_units,2021,1275
24780,permits_units,2022,928
24780,permits_units,2023,1374
24780,permits_units,2024,1300
24780,permits_units,2025,1285
24820,permits_multifamily,2024,0
24820,permits_multifamily,2025,0
24820,permits_single_family,2024,35
24820,permits_single_family,2025,55
24820,permits_units,2024,43
24820,permits_units,2025,58
24860,permits_multifamily,2014,1139
24860,permits_multifamily,2015,2082
24860,permits_multifamily,2016,1466
24860,permits_multifamily,2017,800
24860,permits_multifamily,2018,1153
24860,permits_multifamily,2019,1090
24860,permits_multifamily,2020,2056
24860,permits_multifamily,2021,1504
24860,permits_multifamily,2022,1415
24860,permits_multifamily,2023,463
24860,permits_multifamily,2024,811
24860,permits_multifamily,2025,703
24860,permits_single_family,2014,3306
24860,permits_single_family,2015,3782
24860,permits_single_family,2016,4237
24860,permits_single_family,2017,4458
24860,permits_single_family,2018,5254
24860,permits_single_family,2019,5385
24860,permits_single_family,2020,6511
24860,permits_single_family,2021,8896
24860,permits_single_family,2022,6477
24860,permits_single_family,2023,6685
24860,permits_single_family,2024,7826
24860,permits_single_family,2025,7317
24860,permits_units,2014,4479
24860,permits_units,2015,5896
24860,permits_units,2016,5753
24860,permits_units,2017,5299
24860,permits_units,2018,6430
24860,permits_units,2019,6563
24860,permits_units,2020,8734
24860,permits_units,2021,10604
24860,permits_units,2022,8244
24860,permits_units,2023,7684
24860,permits_units,2024,8875
24860,permits_units,2025,8255
24900,permits_multifamily,2024,34
24900,permits_multifamily,2025,27
24900,permits_single_family,2024,11
24900,permits_single_family,2025,5
24900,permits_units,2024,45
24900,permits_units,2025,32
24940,permits_multifamily,2024,0
24940,permits_multifamily,2025,0
24940,permits_single_family,2024,338
24940,permits_single_family,2025,467
24940,permits_units,2024,338
24940,permits_units,2025,467
24980,permits_multifamily,2024,82
24980,permits_multifamily,2025,143
24980,permits_single_family,2024,15
24980,permits_single_family,2025,13
24980,permits_units,2024,97
24980,permits_units,2025,156
25020,permits_multifamily,2025,0
25020,permits_single_family,2025,139
25020,permits_units,2025,142
25060,permits_multifamily,2014,484
25060,permits_multifamily,2015,137
25060,permits_multifamily,2016,97
25060,permits_multifamily,2017,97
25060,permits_multifamily,2018,189
25060,permits_multifamily,2019,106
25060,permits_multifamily,2020,351
25060,permits_multifamily,2021,277
25060,permits_multifamily,2022,188
25060,permits_multifamily,2023,90
25060,permits_multifamily,2024,6
25060,permits_multifamily,2025,513
25060,permits_single_family,2014,1386
25060,permits_single_family,2015,1506
25060,permits_single_family,2016,1614
25060,permits_single_family,2017,1799
25060,permits_single_family,2018,1921
25060,permits_single_family,2019,2102
25060,permits_single_family,2020,2604
25060,permits_single_family,2021,2432
25060,permits_single_family,2022,2695
25060,permits_single_family,2023,2942
25060,permits_single_family,2024,2920
25060,permits_single_family,2025,2755
25060,permits_units,2014,1954
25060,permits_units,2015,1712
25060,permits_units,2016,1776
25060,permits_units,2017,1938
25060,permits_units,2018,2159
25060,permits_units,2019,2256
25060,permits_units,2020,3021
25060,permits_units,2021,2769
25060,permits_units,2022,2903
25060,permits_units,2023,3049
25060,permits_units,2024,2930
25060,permits_units,2025,3312
25100,permits_multifamily,2024,0
25100,permits_multifamily,2025,0
25100,permits_single_family,2024,16
25100,permits_single_family,2025,16
25100,permits_units,2024,16
25100,permits_units,2025,16
25180,permits_multifamily,2014,168
25180,permits_multifamily,2015,132
25180,permits_multifamily,2016,0
25180,permits_multifamily,2017,84
25180,permits_multifamily,2018,24
25180,permits_multifamily,2019,32
25180,permits_multifamily,2020,168
25180,permits_multifamily,2021,18
25180,permits_multifamily,2022,268
25180,permits_multifamily,2023,0
25180,permits_multifamily,2024,28
25180,permits_multifamily,2025,202
25180,permits_single_family,2014,783
25180,permits_single_family,2015,828
25180,permits_single_family,2016,946
25180,permits_single_family,2017,1171
25180,permits_single_family,2018,1363
25180,permits_single_family,2019,1383
25180,permits_single_family,2020,1558
25180,permits_single_family,2021,1726
25180,permits_single_family,2022,1854
25180,permits_single_family,2023,1738
25180,permits_single_family,2024,1748
25180,permits_single_family,2025,1416
25180,permits_units,2014,975
25180,permits_units,2015,978
25180,permits_units,2016,955
25180,permits_units,2017,1257
25180,permits_units,2018,1393
25180,permits_units,2019,1565
25180,permits_units,2020,1742
25180,permits_units,2021,1768
25180,permits_units,2022,2148
25180,permits_units,2023,1754
25180,permits_units,2024,1795
25180,permits_units,2025,1624
25200,permits_multifamily,2024,19
25200,permits_multifamily,2025,5
25200,permits_single_family,2024,122
25200,permits_single_family,2025,132
25200,permits_units,2024,147
25200,permits_units,2025,143
25220,permits_multifamily,2014,5
25220,permits_multifamily,2015,0
25220,permits_multifamily,2016,0
25220,permits_multifamily,2017,167
25220,permits_multifamily,2018,372
25220,permits_multifamily,2019,115
25220,permits_multifamily,2020,443
25220,permits_multifamily,2021,557
25220,permits_multifamily,2022,581
25220,permits_multifamily,2023,483
25220,permits_multifamily,2024,378
25220,permits_multifamily,2025,461
25220,permits_single_family,2014,577
25220,permits_single_family,2015,621
25220,permits_single_family,2016,684
25220,permits_single_family,2017,796
25220,permits_single_family,2018,932
25220,permits_single_family,2019,869
25220,permits_single_family,2020,1116
25220,permits_single_family,2021,943
25220,permits_single_family,2022,869
25220,permits_single_family,2023,726
25220,permits_single_family,2024,699
25220,permits_single_family,2025,696
25220,permits_units,2014,592
25220,permits_units,2015,627
25220,permits_units,2016,698
25220,permits_units,2017,983
25220,permits_units,2018,1322
25220,permits_units,2019,988
25220,permits_units,2020,1577
25220,permits_units,2021,1508
25220,permits_units,2022,1458
25220,permits_units,2023,1213
25220,permits_units,2024,1085
25220,permits_units,2025,1163
25260,permits_multifamily,2014,160
25260,permits_multifamily,2015,190
25260,permits_multifamily,2016,87
25260,permits_multifamily,2017,0
25260,permits_multifamily,2018,0
25260,permits_multifamily,2019,25
25260,permits_multifamily,2020,0
25260,permits_multifamily,2021,24
25260,permits_multifamily,2022,0
25260,permits_multifamily,2023,140
25260,permits_multifamily,2024,307
25260,permits_multifamily,2025,90
25260,permits_single_family,2014,274
25260,permits_single_family,2015,401
25260,permits_single_family,2016,518
25260,permits_single_family,2017,272
25260,permits_single_family,2018,294
25260,permits_single_family,2019,382
25260,permits_single_family,2020,302
25260,permits_single_family,2021,484
25260,permits_single_family,2022,414
25260,permits_single_family,2023,573
25260,permits_single_family,2024,389
25260,permits_single_family,2025,389
25260,permits_units,2014,434
25260,permits_units,2015,591
25260,permits_units,2016,605
25260,permits_units,2017,272
25260,permits_units,2018,352
25260,permits_units,2019,409
25260,permits_units,2020,306
25260,permits_units,2021,508
25260,permits_units,2022,436
25260,permits_units,2023,747
25260,permits_units,2024,726
25260,permits_units,2025,507
25300,permits_multifamily,2024,0
25300,permits_multifamily,2025,0
25300,permits_single_family,2024,47
25300,permits_single_family,2025,42
25300,permits_units,2024,47
25300,permits_units,2025,44
25420,permits_multifamily,2014,397
25420,permits_multifamily,2015,405
25420,permits_multifamily,2016,363
25420,permits_multifamily,2017,238
25420,permits_multifamily,2018,602
25420,permits_multifamily,2019,738
25420,permits_multifamily,2020,212
25420,permits_multifamily,2021,189
25420,permits_multifamily,2022,872
25420,permits_multifamily,2023,581
25420,permits_multifamily,2024,463
25420,permits_multifamily,2025,237
25420,permits_single_family,2014,1201
25420,permits_single_family,2015,1195
25420,permits_single_family,2016,1239
25420,permits_single_family,2017,1270
25420,permits_single_family,2018,1344
25420,permits_single_family,2019,1154
25420,permits_single_family,2020,1160
25420,permits_single_family,2021,1283
25420,permits_single_family,2022,1820
25420,permits_single_family,2023,1213
25420,permits_single_family,2024,1123
25420,permits_single_family,2025,899
25420,permits_units,2014,1602
25420,permits_units,2015,1615
25420,permits_units,2016,1627
25420,permits_units,2017,1564
25420,permits_units,2018,2013
25420,permits_units,2019,2018
25420,permits_units,2020,1460
25420,permits_units,2021,1542
25420,permits_units,2022,2711
25420,permits_units,2023,1864
25420,permits_units,2024,1643
25420,permits_units,2025,1201
25460,permits_multifamily,2024,72
25460,permits_multifamily,2025,116
25460,permits_single_family,2024,20
25460,permits_single_family,2025,8
25460,permits_units,2024,96
25460,permits_units,2025,136
25500,permits_multifamily,2014,60
25500,permits_multifamily,2015,0
25500,permits_multifamily,2016,24
25500,permits_multifamily,2017,6
25500,permits_multifamily,2018,33
25500,permits_multifamily,2019,0
25500,permits_multifamily,2020,21
25500,permits_multifamily,2021,21
25500,permits_multifamily,2022,39
25500,permits_multifamily,2023,29
25500,permits_multifamily,2024,71
25500,permits_multifamily,2025,121
25500,permits_single_family,2014,324
25500,permits_single_family,2015,401
25500,permits_single_family,2016,620
25500,permits_single_family,2017,446
25500,permits_single_family,2018,450
25500,permits_single_family,2019,361
25500,permits_single_family,2020,575
25500,permits_single_family,2021,628
25500,permits_single_family,2022,649
25500,permits_single_family,2023,500
25500,permits_single_family,2024,629
25500,permits_single_family,2025,662
25500,permits_units,2014,404
25500,permits_units,2015,406
25500,permits_units,2016,644
25500,permits_units,2017,452
25500,permits_units,2018,483
25500,permits_units,2019,361
25500,permits_units,2020,596
25500,permits_units,2021,655
25500,permits_units,2022,710
25500,permits_units,2023,595
25500,permits_units,2024,770
25500,permits_units,2025,847
25540,permits_multifamily,2014,498
25540,permits_multifamily,2015,760
25540,permits_multifamily,2016,1130
25540,permits_multifamily,2017,707
25540,permits_multifamily,2018,752
25540,permits_multifamily,2019,356
25540,permits_multifamily,2020,533
25540,permits_multifamily,2021,475
25540,permits_multifamily,2022,1183
25540,permits_multifamily,2023,1385
25540,permits_multifamily,2024,1169
25540,permits_multifamily,2025,891
25540,permits_single_family,2014,754
25540,permits_single_family,2015,788
25540,permits_single_family,2016,872
25540,permits_single_family,2017,761
25540,permits_single_family,2018,807
25540,permits_single_family,2019,823
25540,permits_single_family,2020,801
25540,permits_single_family,2021,962
25540,permits_single_family,2022,634
25540,permits_single_family,2023,670
25540,permits_single_family,2024,642
25540,permits_single_family,2025,515
25540,permits_units,2014,1393
25540,permits_units,2015,1582
25540,permits_units,2016,2065
25540,permits_units,2017,1507
25540,permits_units,2018,1587
25540,permits_units,2019,1263
25540,permits_units,2020,1399
25540,permits_units,2021,1508
25540,permits_units,2022,1945
25540,permits_units,2023,2114
25540,permits_units,2024,1887
25540,permits_units,2025,1504
25580,permits_multifamily,2024,132
25580,permits_multifamily,2025,48
25580,permits_single_family,2024,63
25580,permits_single_family,2025,83
25580,permits_units,2024,227
25580,permits_units,2025,143
25620,permits_multifamily,2014,0
25620,permits_multifamily,2015,90
25620,permits_multifamily,2016,41
25620,permits_multifamily,2017,0
25620,permits_multifamily,2018,0
25620,permits_multifamily,2019,0
25620,permits_multifamily,2020,5
25620,permits_multifamily,2021,0
25620,permits_multifamily,2022,0
25620,permits_multifamily,2023,36
25620,permits_multifamily,2024,0
25620,permits_multifamily,2025,0
25620,permits_single_family,2014,55
25620,permits_single_family,2015,122
25620,permits_single_family,2016,101
25620,permits_single_family,2017,134
25620,permits_single_family,2018,102
25620,permits_single_family,2019,90
25620,permits_single_family,2020,131
25620,permits_single_family,2021,133
25620,permits_single_family,2022,135
25620,permits_single_family,2023,131
25620,permits_single_family,2024,132
25620,permits_single_family,2025,123
25620,permits_units,2014,166
25620,permits_units,2015,212
25620,permits_units,2016,174
25620,permits_units,2017,134
25620,permits_units,2018,106
25620,permits_units,2019,138
25620,permits_units,2020,144
25620,permits_units,2021,153
25620,permits_units,2022,154
25620,permits_units,2023,169
25620,permits_units,2024,132
25620,permits_units,2025,123
25700,permits_multifamily,2024,0
25700,permits_multifamily,2025,48
25700,permits_single_family,2024,30
25700,permits_single_family,2025,42
25700,permits_units,2024,36
25700,permits_units,2025,110
25720,permits_multifamily,2024,551
25720,permits_multifamily,2025,561
25720,permits_single_family,2024,1172
25720,permits_single_family,2025,1120
25720,permits_units,2024,1754
25720,permits_units,2025,1691
25740,permits_multifamily,2024,198
25740,permits_multifamily,2025,28
25740,permits_single_family,2024,123
25740,permits_single_family,2025,69
25740,permits_units,2024,468
25740,permits_units,2025,216
25770,permits_multifamily,2024,0
25770,permits_multifamily,2025,0
25770,permits_single_family,2024,190
25770,permits_single_family,2025,167
25770,permits_units,2024,190
25770,permits_units,2025,167
25775,permits_multifamily,2024,0
25775,permits_multifamily,2025,48
25775,permits_single_family,2024,76
25775,permits_single_family,2025,63
25775,permits_units,2024,96
25775,permits_units,2025,117
25780,permits_multifamily,2024,0
25780,permits_multifamily,2025,0
25780,permits_single_family,2024,73
25780,permits_single_family,2025,115
25780,permits_units,2024,73
25780,permits_units,2025,115
25820,permits_multifamily,2024,0
25820,permits_multifamily,2025,0
25820,permits_single_family,2024,17
25820,permits_single_family,2025,15
25820,permits_units,2024,47
25820,permits_units,2025,33
25840,permits_multifamily,2024,0
25840,permits_multifamily,2025,0
25840,permits_single_family,2024,248
25840,permits_single_family,2025,238
25840,permits_units,2024,262
25840,permits_units,2025,264
25850,permits_multifamily,2024,12
25850,permits_multifamily,2025,12
25850,permits_single_family,2024,64
25850,permits_single_family,2025,78
25850,permits_units,2024,76
25850,permits_units,2025,90
25860,permits_multifamily,2014,122
25860,permits_multifamily,2015,241
25860,permits_multifamily,2016,44
25860,permits_multifamily,2017,145
25860,permits_multifamily,2018,407
25860,permits_multifamily,2019,577
25860,permits_multifamily,2020,578
25860,permits_multifamily,2021,502
25860,permits_multifamily,2022,810
25860,permits_multifamily,2023,399
25860,permits_multifamily,2024,349
25860,permits_multifamily,2025,505
25860,permits_single_family,2014,454
25860,permits_single_family,2015,538
25860,permits_single_family,2016,587
25860,permits_single_family,2017,725
25860,permits_single_family,2018,893
25860,permits_single_family,2019,697
25860,permits_single_family,2020,965
25860,permits_single_family,2021,1302
25860,permits_single_family,2022,1799
25860,permits_single_family,2023,1908
25860,permits_single_family,2024,2310
25860,permits_single_family,2025,2434
25860,permits_units,2014,594
25860,permits_units,2015,805
25860,permits_units,2016,655
25860,permits_units,2017,880
25860,permits_units,2018,1336
25860,permits_units,2019,1308
25860,permits_units,2020,1567
25860,permits_units,2021,1880
25860,permits_units,2022,2637
25860,permits_units,2023,2379
25860,permits_units,2024,2775
25860,permits_units,2025,3136
25880,permits_multifamily,2024,0
25880,permits_multifamily,2025,7
25880,permits_single_family,2024,64
25880,permits_single_family,2025,92
25880,permits_units,2024,72
25880,permits_units,2025,99
25900,permits_multifamily,2024,0
25900,permits_multifamily,2025,56
25900,permits_single_family,2024,974
25900,permits_single_family,2025,1156
25900,permits_units,2024,982
25900,permits_units,2025,1230
25940,permits_multifamily,2014,0
25940,permits_multifamily,2015,414
25940,permits_multifamily,2016,109
25940,permits_multifamily,2017,241
25940,permits_multifamily,2018,24
25940,permits_multifamily,2019,528
25940,permits_multifamily,2020,0
25940,permits_multifamily,2021,1002
25940,permits_multifamily,2022,254
25940,permits_multifamily,2023,274
25940,permits_multifamily,2024,608
25940,permits_multifamily,2025,687
25940,permits_single_family,2014,1426
25940,permits_single_family,2015,1688
25940,permits_single_family,2016,1675
25940,permits_single_family,2017,2034
25940,permits_single_family,2018,2308
25940,permits_single_family,2019,2346
25940,permits_single_family,2020,2975
25940,permits_single_family,2021,2693
25940,permits_single_family,2022,2639
25940,permits_single_family,2023,2642
25940,permits_single_family,2024,2414
25940,permits_single_family,2025,2390
25940,permits_units,2014,1426
25940,permits_units,2015,2102
25940,permits_units,2016,1784
25940,permits_units,2017,2275
25940,permits_units,2018,2336
25940,permits_units,2019,2886
25940,permits_units,2020,2977
25940,permits_units,2021,3698
25940,permits_units,2022,2951
25940,permits_units,2023,2954
25940,permits_units,2024,3046
25940,permits_units,2025,3077
25980,permits_multifamily,2014,36
25980,permits_multifamily,2015,72
25980,permits_multifamily,2016,0
25980,permits_multifamily,2017,52
25980,permits_multifamily,2018,0
25980,permits_multifamily,2019,464
25980,permits_multifamily,2020,0
25980,permits_multifamily,2021,0
25980,permits_multifamily,2022,72
25980,permits_multifamily,2023,0
25980,permits_multifamily,2024,0
25980,permits_multifamily,2025,0
25980,permits_single_family,2014,198
25980,permits_single_family,2015,467
25980,permits_single_family,2016,417
25980,permits_single_family,2017,443
25980,permits_single_family,2018,398
25980,permits_single_family,2019,491
25980,permits_single_family,2020,721
25980,permits_single_family,2021,837
25980,permits_single_family,2022,768
25980,permits_single_family,2023,707
25980,permits_single_family,2024,760
25980,permits_single_family,2025,623
25980,permits_units,2014,242
25980,permits_units,2015,545
25980,permits_units,2016,417
25980,permits_units,2017,505
25980,permits_units,2018,398
25980,permits_units,2019,959
25980,permits_units,2020,721
25980,permits_units,2021,837
25980,permits_units,2022,844
25980,permits_units,2023,711
25980,permits_units,2024,769
25980,permits_units,2025,630
26020,permits_multifamily,2024,0
26020,permits_multifamily,2025,0
26020,permits_single_family,2024,172
26020,permits_single_family,2025,143
26020,permits_units,2024,172
26020,permits_units,2025,143
26090,permits_multifamily,2024,0
26090,permits_multifamily,2025,0
26090,permits_single_family,2024,423
26090,permits_single_family,2025,397
26090,permits_units,2024,423
26090,permits_units,2025,399
26140,permits_multifamily,2014,0
26140,permits_multifamily,2015,22
26140,permits_multifamily,2016,119
26140,permits_multifamily,2017,91
26140,permits_multifamily,2018,0
26140,permits_multifamily,2019,146
26140,permits_multifamily,2020,35
26140,permits_multifamily,2021,0
26140,permits_multifamily,2022,0
26140,permits_multifamily,2023,0
26140,permits_multifamily,2024,0
26140,permits_multifamily,2025,6
26140,permits_single_family,2014,233
26140,permits_single_family,2015,354
26140,permits_single_family,2016,371
26140,permits_single_family,2017,433
26140,permits_single_family,2018,884
26140,permits_single_family,2019,709
26140,permits_single_family,2020,878
26140,permits_single_family,2021,1971
26140,permits_single_family,2022,1620
26140,permits_single_family,2023,2196
26140,permits_single_family,2024,2415
26140,permits_single_family,2025,2082
26140,permits_units,2014,233
26140,permits_units,2015,378
26140,permits_units,2016,516
26140,permits_units,2017,546
26140,permits_units,2018,884
26140,permits_units,2019,865
26140,permits_units,2020,927
26140,permits_units,2021,1983
26140,permits_units,2022,1628
26140,permits_units,2023,2202
26140,permits_units,2024,2443
26140,permits_units,2025,2102
26220,permits_multifamily,2024,0
26220,permits_multifamily,2025,130
26220,permits_single_family,2024,34
26220,permits_single_family,2025,47
26220,permits_units,2024,36
26220,permits_units,2025,180
26300,permits_multifamily,2014,0
26300,permits_multifamily,2015,0
26300,permits_multifamily,2016,0
26300,permits_multifamily,2017,0
26300,permits_multifamily,2018,40
26300,permits_multifamily,2019,60
26300,permits_multifamily,2020,7
26300,permits_multifamily,2021,252
26300,permits_multifamily,2022,0
26300,permits_multifamily,2023,0
26300,permits_multifamily,2024,24
26300,permits_multifamily,2025,224
26300,permits_single_family,2014,43
26300,permits_single_family,2015,59
26300,permits_single_family,2016,45
26300,permits_single_family,2017,38
26300,permits_single_family,2018,51
26300,permits_single_family,2019,48
26300,permits_single_family,2020,79
26300,permits_single_family,2021,78
26300,permits_single_family,2022,67
26300,permits_single_family,2023,78
26300,permits_single_family,2024,87
26300,permits_single_family,2025,98
26300,permits_units,2014,43
26300,permits_units,2015,59
26300,permits_units,2016,45
26300,permits_units,2017,38
26300,permits_units,2018,91
26300,permits_units,2019,118
26300,permits_units,2020,88
26300,permits_units,2021,330
26300,permits_units,2022,99
26300,permits_units,2023,84
26300,permits_units,2024,111
26300,permits_units,2025,326
26340,permits_multifamily,2024,0
26340,permits_multifamily,2025,33
26340,permits_single_family,2024,128
26340,permits_single_family,2025,125
26340,permits_units,2024,136
26340,permits_units,2025,176
26380,permits_multifamily,2014,20
26380,permits_multifamily,2015,0
26380,permits_multifamily,2016,217
26380,permits_multifamily,2017,0
26380,permits_multifamily,2018,0
26380,permits_multifamily,2019,0
26380,permits_multifamily,2020,0
26380,permits_multifamily,2021,0
26380,permits_multifamily,2022,52
26380,permits_multifamily,2023,13
26380,permits_multifamily,2024,0
26380,permits_multifamily,2025,0
26380,permits_single_family,2014,634
26380,permits_single_family,2015,613
26380,permits_single_family,2016,458
26380,permits_single_family,2017,431
26380,permits_single_family,2018,475
26380,permits_single_family,2019,494
26380,permits_single_family,2020,515
26380,permits_single_family,2021,538
26380,permits_single_family,2022,762
26380,permits_single_family,2023,591
26380,permits_single_family,2024,615
26380,permits_single_family,2025,559
26380,permits_units,2014,664
26380,permits_units,2015,663
26380,permits_units,2016,682
26380,permits_units,2017,437
26380,permits_units,2018,505
26380,permits_units,2019,521
26380,permits_units,2020,547
26380,permits_units,2021,587
26380,permits_units,2022,872
26380,permits_units,2023,617
26380,permits_units,2024,623
26380,permits_units,2025,591
26420,permits_multifamily,2014,25044
26420,permits_multifamily,2015,19798
26420,permits_multifamily,2016,9054
26420,permits_multifamily,2017,5722
26420,permits_multifamily,2018,16607
26420,permits_multifamily,2019,23808
26420,permits_multifamily,2020,20284
26420,permits_multifamily,2021,15648
26420,permits_multifamily,2022,27124
26420,permits_multifamily,2023,16491
26420,permits_multifamily,2024,11505
26420,permits_multifamily,2025,16385
26420,permits_single_family,2014,38315
26420,permits_single_family,2015,36786
26420,permits_single_family,2016,35367
26420,permits_single_family,2017,36348
26420,permits_single_family,2018,40321
26420,permits_single_family,2019,39507
26420,permits_single_family,2020,49915
26420,permits_single_family,2021,52719
26420,permits_single_family,2022,47606
26420,permits_single_family,2023,50444
26420,permits_single_family,2024,52703
26420,permits_single_family,2025,46219
26420,permits_units,2014,63741
26420,permits_units,2015,56901
26420,permits_units,2016,44732
26420,permits_units,2017,42395
26420,permits_units,2018,57288
26420,permits_units,2019,63672
26420,permits_units,2020,70540
26420,permits_units,2021,69263
26420,permits_units,2022,75633
26420,permits_units,2023,68755
26420,permits_units,2024,65747
26420,permits_units,2025,65075
26460,permits_multifamily,2024,0
26460,permits_multifamily,2025,5
26460,permits_single_family,2024,137
26460,permits_single_family,2025,106
26460,permits_units,2024,137
26460,permits_units,2025,111
26500,permits_multifamily,2024,0
26500,permits_multifamily,2025,0
26500,permits_single_family,2024,66
26500,permits_single_family,2025,64
26500,permits_units,2024,66
26500,permits_units,2025,64
26540,permits_multifamily,2024,0
26540,permits_multifamily,2025,0
26540,permits_single_family,2024,79
26540,permits_single_family,2025,64
26540,permits_units,2024,79
26540,permits_units,2025,64
26580,permits_multifamily,2014,71
26580,permits_multifamily,2015,11
26580,permits_multifamily,2016,32
26580,permits_multifamily,2017,8
26580,permits_multifamily,2018,11
26580,permits_multifamily,2019,47
26580,permits_multifamily,2020,12
26580,permits_multifamily,2021,0
26580,permits_multifamily,2022,0
26580,permits_multifamily,2023,22
26580,permits_multifamily,2024,342
26580,permits_multifamily,2025,0
26580,permits_single_family,2014,230
26580,permits_single_family,2015,200
26580,permits_single_family,2016,196
26580,permits_single_family,2017,234
26580,permits_single_family,2018,224
26580,permits_single_family,2019,190
26580,permits_single_family,2020,233
26580,permits_single_family,2021,297
26580,permits_single_family,2022,241
26580,permits_single_family,2023,228
26580,permits_single_family,2024,236
26580,permits_single_family,2025,236
26580,permits_units,2014,358
26580,permits_units,2015,291
26580,permits_units,2016,250
26580,permits_units,2017,264
26580,permits_units,2018,260
26580,permits_units,2019,253
26580,permits_units,2020,254
26580,permits_units,2021,305
26580,permits_units,2022,255
26580,permits_units,2023,290
26580,permits_units,2024,602
26580,permits_units,2025,309
26620,permits_multifamily,2014,983
26620,permits_multifamily,2015,466
26620,permits_multifamily,2016,672
26620,permits_multifamily,2017,380
26620,permits_multifamily,2018,35
26620,permits_multifamily,2019,85
26620,permits_multifamily,2020,90
26620,permits_multifamily,2021,1910
26620,permits_multifamily,2022,412
26620,permits_multifamily,2023,1938
26620,permits_multifamily,2024,1186
26620,permits_multifamily,2025,1126
26620,permits_single_family,2014,1784
26620,permits_single_family,2015,2121
26620,permits_single_family,2016,2320
26620,permits_single_family,2017,2577
26620,permits_single_family,2018,2870
26620,permits_single_family,2019,3399
26620,permits_single_family,2020,4210
26620,permits_single_family,2021,4230
26620,permits_single_family,2022,3617
26620,permits_single_family,2023,3908
26620,permits_single_family,2024,3972
26620,permits_single_family,2025,3313
26620,permits_units,2014,2817
26620,permits_units,2015,2607
26620,permits_units,2016,2992
26620,permits_units,2017,2959
26620,permits_units,2018,2941
26620,permits_units,2019,3566
26620,permits_units,2020,4341
26620,permits_units,2021,6172
26620,permits_units,2022,4035
26620,permits_units,2023,5940
26620,permits_units,2024,5206
26620,permits_units,2025,4519
26660,permits_multifamily,2024,312
26660,permits_multifamily,2025,24
26660,permits_single_family,2024,517
26660,permits_single_family,2025,485
26660,permits_units,2024,829
26660,permits_units,2025,533
26700,permits_multifamily,2024,6
26700,permits_multifamily,2025,0
26700,permits_single_family,2024,24
26700,permits_single_family,2025,21
26700,permits_units,2024,30
26700,permits_units,2025,21
26740,permits_multifamily,2024,0
26740,permits_multifamily,2025,0
26740,permits_single_family,2024,40
26740,permits_single_family,2025,34
26740,permits_units,2024,40
26740,permits_units,2025,38
26780,permits_multifamily,2024,0
26780,permits_multifamily,2025,143
26780,permits_single_family,2024,50
26780,permits_single_family,2025,63
26780,permits_units,2024,50
26780,permits_units,2025,206
26820,permits_multifamily,2014,0
26820,permits_multifamily,2015,168
26820,permits_multifamily,2016,36
26820,permits_multifamily,2017,282
26820,permits_multifamily,2018,10
26820,permits_multifamily,2019,6
26820,permits_multifamily,2020,0
26820,permits_multifamily,2021,0
26820,permits_multifamily,2022,72
26820,permits_multifamily,2023,791
26820,permits_multifamily,2024,1051
26820,permits_multifamily,2025,470
26820,permits_single_family,2014,474
26820,permits_single_family,2015,682
26820,permits_single_family,2016,833
26820,permits_single_family,2017,903
26820,permits_single_family,2018,990
26820,permits_single_family,2019,1038
26820,permits_single_family,2020,1137
26820,permits_single_family,2021,1430
26820,permits_single_family,2022,1184
26820,permits_single_family,2023,857
26820,permits_single_family,2024,1427
26820,permits_single_family,2025,1016
26820,permits_units,2014,482
26820,permits_units,2015,862
26820,permits_units,2016,881
26820,permits_units,2017,1185
26820,permits_units,2018,1037
26820,permits_units,2019,1096
26820,permits_units,2020,1173
26820,permits_units,2021,1478
26820,permits_units,2022,1380
26820,permits_units,2023,1808
26820,permits_units,2024,2546
26820,permits_units,2025,1540
26860,permits_multifamily,2024,0
26860,permits_multifamily,2025,0
26860,permits_single_family,2024,41
26860,permits_single_family,2025,40
26860,permits_units,2024,41
26860,permits_units,2025,40
26900,permits_multifamily,2014,2790
26900,permits_multifamily,2015,3359
26900,permits_multifamily,2016,1631
26900,permits_multifamily,2017,2127
26900,permits_multifamily,2018,1476
26900,permits_multifamily,2019,2399
26900,permits_multifamily,2020,2239
26900,permits_multifamily,2021,2880
26900,permits_multifamily,2022,4671
26900,permits_multifamily,2023,4960
26900,permits_multifamily,2024,2314
26900,permits_multifamily,2025,1974
26900,permits_single_family,2014,4965
26900,permits_single_family,2015,5172
26900,permits_single_family,2016,5828
26900,permits_single_family,2017,6755
26900,permits_single_family,2018,7291
26900,permits_single_family,2019,7120
26900,permits_single_family,2020,8405
26900,permits_single_family,2021,10159
26900,permits_single_family,2022,8620
26900,permits_single_family,2023,7252
26900,permits_single_family,2024,9168
26900,permits_single_family,2025,9322
26900,permits_units,2014,8006
26900,permits_units,2015,8735
26900,permits_units,2016,7773
26900,permits_units,2017,9079
26900,permits_units,2018,8894
26900,permits_units,2019,9721
26900,permits_units,2020,10998
26900,permits_units,2021,13451
26900,permits_units,2022,13533
26900,permits_units,2023,12554
26900,permits_units,2024,11788
26900,permits_units,2025,11463
26980,permits_multifamily,2014,431
26980,permits_multifamily,2015,707
26980,permits_multifamily,2016,1195
26980,permits_multifamily,2017,624
26980,permits_multifamily,2018,702
26980,permits_multifamily,2019,570
26980,permits_multifamily,2020,403
26980,permits_multifamily,2021,451
26980,permits_multifamily,2022,783
26980,permits_multifamily,2023,687
26980,permits_multifamily,2024,170
26980,permits_multifamily,2025,683
26980,permits_single_family,2014,641
26980,permits_single_family,2015,483
26980,permits_single_family,2016,595
26980,permits_single_family,2017,638
26980,permits_single_family,2018,511
26980,permits_single_family,2019,455
26980,permits_single_family,2020,537
26980,permits_single_family,2021,661
26980,permits_single_family,2022,492
26980,permits_single_family,2023,506
26980,permits_single_family,2024,528
26980,permits_single_family,2025,526
26980,permits_units,2014,1104
26980,permits_units,2015,1327
26980,permits_units,2016,1921
26980,permits_units,2017,1327
26980,permits_units,2018,1367
26980,permits_units,2019,1152
26980,permits_units,2020,1019
26980,permits_units,2021,1167
26980,permits_units,2022,1429
26980,permits_units,2023,1266
26980,permits_units,2024,748
26980,permits_units,2025,1266
27020,permits_multifamily,2024,5
27020,permits_multifamily,2025,0
27020,permits_single_family,2024,66
27020,permits_single_family,2025,68
27020,permits_units,2024,80
27020,permits_units,2025,80
27060,permits_multifamily,2014,147
27060,permits_multifamily,2015,109
27060,permits_multifamily,2016,406
27060,permits_multifamily,2017,327
27060,permits_multifamily,2018,626
27060,permits_multifamily,2019,706
27060,permits_multifamily,2020,245
27060,permits_multifamily,2021,513
27060,permits_multifamily,2022,54
27060,permits_multifamily,2023,183
27060,permits_multifamily,2024,175
27060,permits_multifamily,2025,287
27060,permits_single_family,2014,140
27060,permits_single_family,2015,138
27060,permits_single_family,2016,121
27060,permits_single_family,2017,115
27060,permits_single_family,2018,155
27060,permits_single_family,2019,87
27060,permits_single_family,2020,76
27060,permits_single_family,2021,107
27060,permits_single_family,2022,173
27060,permits_single_family,2023,146
27060,permits_single_family,2024,145
27060,permits_single_family,2025,146
27060,permits_units,2014,301
27060,permits_units,2015,279
27060,permits_units,2016,575
27060,permits_units,2017,468
27060,permits_units,2018,805
27060,permits_units,2019,823
27060,permits_units,2020,329
27060,permits_units,2021,644
27060,permits_units,2022,239
27060,permits_units,2023,343
27060,permits_units,2024,337
27060,permits_units,2025,471
27100,permits_multifamily,2014,0
27100,permits_multifamily,2015,0
27100,permits_multifamily,2016,0
27100,permits_multifamily,2017,10
27100,permits_multifamily,2018,0
27100,permits_multifamily,2019,249
27100,permits_multifamily,2020,0
27100,permits_multifamily,2021,0
27100,permits_multifamily,2022,0
27100,permits_multifamily,2023,0
27100,permits_multifamily,2024,103
27100,permits_multifamily,2025,99
27100,permits_single_family,2014,89
27100,permits_single_family,2015,111
27100,permits_single_family,2016,136
27100,permits_single_family,2017,183
27100,permits_single_family,2018,156
27100,permits_single_family,2019,135
27100,permits_single_family,2020,157
27100,permits_single_family,2021,176
27100,permits_single_family,2022,141
27100,permits_single_family,2023,153
27100,permits_single_family,2024,231
27100,permits_single_family,2025,196
27100,permits_units,2014,89
27100,permits_units,2015,117
27100,permits_units,2016,136
27100,permits_units,2017,193
27100,permits_units,2018,172
27100,permits_units,2019,386
27100,permits_units,2020,159
27100,permits_units,2021,176
27100,permits_units,2022,141
27100,permits_units,2023,155
27100,permits_units,2024,334
27100,permits_units,2025,303
27140,permits_multifamily,2014,0
27140,permits_multifamily,2015,0
27140,permits_multifamily,2016,0
27140,permits_multifamily,2017,40
27140,permits_multifamily,2018,0
27140,permits_multifamily,2019,320
27140,permits_multifamily,2020,0
27140,permits_multifamily,2021,0
27140,permits_multifamily,2022,0
27140,permits_multifamily,2023,62
27140,permits_multifamily,2024,13
27140,permits_multifamily,2025,101
27140,permits_single_family,2014,1954
27140,permits_single_family,2015,1569
27140,permits_single_family,2016,1669
27140,permits_single_family,2017,1671
27140,permits_single_family,2018,1325
27140,permits_single_family,2019,1047
27140,permits_single_family,2020,1169
27140,permits_single_family,2021,1414
27140,permits_single_family,2022,1221
27140,permits_single_family,2023,1132
27140,permits_single_family,2024,1377
27140,permits_single_family,2025,1402
27140,permits_units,2014,1962
27140,permits_units,2015,1569
27140,permits_units,2016,1673
27140,permits_units,2017,1743
27140,permits_units,2018,1341
27140,permits_units,2019,1371
27140,permits_units,2020,1178
27140,permits_units,2021,1416
27140,permits_units,2022,1234
27140,permits_units,2023,1201
27140,permits_units,2024,1398
27140,permits_units,2025,1568
27180,permits_multifamily,2014,0
27180,permits_multifamily,2015,8
27180,permits_multifamily,2016,0
27180,permits_multifamily,2017,120
27180,permits_multifamily,2018,0
27180,permits_multifamily,2019,0
27180,permits_multifamily,2020,0
27180,permits_multifamily,2021,0
27180,permits_multifamily,2022,0
27180,permits_multifamily,2023,0
27180,permits_multifamily,2024,0
27180,permits_multifamily,2025,0
27180,permits_single_family,2014,205
27180,permits_single_family,2015,206
27180,permits_single_family,2016,270
27180,permits_single_family,2017,268
27180,permits_single_family,2018,280
27180,permits_single_family,2019,446
27180,permits_single_family,2020,475
27180,permits_single_family,2021,537
27180,permits_single_family,2022,454
27180,permits_single_family,2023,428
27180,permits_single_family,2024,439
27180,permits_single_family,2025,460
27180,permits_units,2014,205
27180,permits_units,2015,214
27180,permits_units,2016,278
27180,permits_units,2017,440
27180,permits_units,2018,280
27180,permits_units,2019,450
27180,permits_units,2020,475
27180,permits_units,2021,537
27180,permits_units,2022,456
27180,permits_units,2023,434
27180,permits_units,2024,443
27180,permits_units,2025,472
27220,permits_multifamily,2024,100
27220,permits_multifamily,2025,167
27220,permits_single_family,2024,366
27220,permits_single_family,2025,360
27220,permits_units,2024,482
27220,permits_units,2025,541
27260,permits_multifamily,2014,1213
27260,permits_multifamily,2015,2320
27260,permits_multifamily,2016,3020
27260,permits_multifamily,2017,3011
27260,permits_multifamily,2018,4576
27260,permits_multifamily,2019,2993
27260,permits_multifamily,2020,3928
27260,permits_multifamily,2021,5873
27260,permits_multifamily,2022,8608
27260,permits_multifamily,2023,7414
27260,permits_multifamily,2024,1753
27260,permits_multifamily,2025,3700
27260,permits_single_family,2014,6299
27260,permits_single_family,2015,7253
27260,permits_single_family,2016,8597
27260,permits_single_family,2017,9833
27260,permits_single_family,2018,10755
27260,permits_single_family,2019,11583
27260,permits_single_family,2020,13210
27260,permits_single_family,2021,16536
27260,permits_single_family,2022,14410
27260,permits_single_family,2023,12479
27260,permits_single_family,2024,12936
27260,permits_single_family,2025,9512
27260,permits_units,2014,7781
27260,permits_units,2015,9671
27260,permits_units,2016,11768
27260,permits_units,2017,12959
27260,permits_units,2018,15450
27260,permits_units,2019,14687
27260,permits_units,2020,17246
27260,permits_units,2021,22738
27260,permits_units,2022,23163
27260,permits_units,2023,20326
27260,permits_units,2024,15002
27260,permits_units,2025,13455
27300,permits_multifamily,2024,0
27300,permits_multifamily,2025,0
27300,permits_single_family,2024,4
27300,permits_single_family,2025,5
27300,permits_units,2024,8
27300,permits_units,2025,15
27340,permits_multifamily,2014,12
27340,permits_multifamily,2015,14
27340,permits_multifamily,2016,18
27340,permits_multifamily,2017,62
27340,permits_multifamily,2018,0
27340,permits_multifamily,2019,0
27340,permits_multifamily,2020,80
27340,permits_multifamily,2021,24
27340,permits_multifamily,2022,72
27340,permits_multifamily,2023,240
27340,permits_multifamily,2024,0
27340,permits_multifamily,2025,20
27340,permits_single_family,2014,1045
27340,permits_single_family,2015,856
27340,permits_single_family,2016,785
27340,permits_single_family,2017,917
27340,permits_single_family,2018,1018
27340,permits_single_family,2019,1303
27340,permits_single_family,2020,1351
27340,permits_single_family,2021,1555
27340,permits_single_family,2022,1212
27340,permits_single_family,2023,1107
27340,permits_single_family,2024,1213
27340,permits_single_family,2025,1318
27340,permits_units,2014,1081
27340,permits_units,2015,894
27340,permits_units,2016,803
27340,permits_units,2017,1005
27340,permits_units,2018,1036
27340,permits_units,2019,1331
27340,permits_units,2020,1435
27340,permits_units,2021,1597
27340,permits_units,2022,1322
27340,permits_units,2023,1419
27340,permits_units,2024,1246
27340,permits_units,2025,1372
27380,permits_multifamily,2024,0
27380,permits_multifamily,2025,0
27380,permits_single_family,2024,21
27380,permits_single_family,2025,37
27380,permits_units,2024,21
27380,permits_units,2025,43
27420,permits_multifamily,2024,0
27420,permits_multifamily,2025,0
27420,permits_single_family,2024,21
27420,permits_single_family,2025,27
27420,permits_units,2024,21
27420,permits_units,2025,27
27460,permits_multifamily,2024,0
27460,permits_multifamily,2025,0
27460,permits_single_family,2024,123
27460,permits_single_family,2025,168
27460,permits_units,2024,125
27460,permits_units,2025,168
27500,permits_multifamily,2014,0
27500,permits_multifamily,2015,0
27500,permits_multifamily,2016,0
27500,permits_multifamily,2017,108
27500,permits_multifamily,2018,0
27500,permits_multifamily,2019,283
27500,permits_multifamily,2020,272
27500,permits_multifamily,2021,176
27500,permits_multifamily,2022,76
27500,permits_multifamily,2023,32
27500,permits_multifamily,2024,263
27500,permits_multifamily,2025,16
27500,permits_single_family,2014,123
27500,permits_single_family,2015,184
27500,permits_single_family,2016,229
27500,permits_single_family,2017,242
27500,permits_single_family,2018,310
27500,permits_single_family,2019,321
27500,permits_single_family,2020,351
27500,permits_single_family,2021,361
27500,permits_single_family,2022,286
27500,permits_single_family,2023,223
27500,permits_single_family,2024,301
27500,permits_single_family,2025,316
27500,permits_units,2014,143
27500,permits_units,2015,216
27500,permits_units,2016,257
27500,permits_units,2017,378
27500,permits_units,2018,340
27500,permits_units,2019,644
27500,permits_units,2020,671
27500,permits_units,2021,617
27500,permits_units,2022,396
27500,permits_units,2023,313
27500,permits_units,2024,628
27500,permits_units,2025,388
27540,permits_multifamily,2024,20
27540,permits_multifamily,2025,96
27540,permits_single_family,2024,175
27540,permits_single_family,2025,137
27540,permits_units,2024,197
27540,permits_units,2025,267
27600,permits_multifamily,2024,44
27600,permits_multifamily,2025,11
27600,permits_single_family,2024,2070
27600,permits_single_family,2025,1816
27600,permits_units,2024,2114
27600,permits_units,2025,1827
27620,permits_multifamily,2014,0
27620,permits_multifamily,2015,18
27620,permits_multifamily,2016,96
27620,permits_multifamily,2017,51
27620,permits_multifamily,2018,0
27620,permits_multifamily,2019,0
27620,permits_multifamily,2020,0
27620,permits_multifamily,2021,0
27620,permits_multifamily,2022,0
27620,permits_multifamily,2023,0
27620,permits_multifamily,2024,0
27620,permits_multifamily,2025,0
27620,permits_single_family,2014,171
27620,permits_single_family,2015,166
27620,permits_single_family,2016,162
27620,permits_single_family,2017,243
27620,permits_single_family,2018,225
27620,permits_single_family,2019,251
27620,permits_single_family,2020,243
27620,permits_single_family,2021,238
27620,permits_single_family,2022,163
27620,permits_single_family,2023,174
27620,permits_single_family,2024,201
27620,permits_single_family,2025,181
27620,permits_units,2014,240
27620,permits_units,2015,270
27620,permits_units,2016,322
27620,permits_units,2017,322
27620,permits_units,2018,249
27620,permits_units,2019,270
27620,permits_units,2020,253
27620,permits_units,2021,246
27620,permits_units,2022,179
27620,permits_units,2023,192
27620,permits_units,2024,215
27620,permits_units,2025,206
27700,permits_multifamily,2024,0
27700,permits_multifamily,2025,0
27700,permits_single_family,2024,133
27700,permits_single_family,2025,98
27700,permits_units,2024,165
27700,permits_units,2025,102
27740,permits_multifamily,2014,248
27740,permits_multifamily,2015,131
27740,permits_multifamily,2016,57
27740,permits_multifamily,2017,54
27740,permits_multifamily,2018,161
27740,permits_multifamily,2019,147
27740,permits_multifamily,2020,343
27740,permits_multifamily,2021,39
27740,permits_multifamily,2022,197
27740,permits_multifamily,2023,214
27740,permits_multifamily,2024,437
27740,permits_multifamily,2025,21
27740,permits_single_family,2014,458
27740,permits_single_family,2015,547
27740,permits_single_family,2016,458
27740,permits_single_family,2017,638
27740,permits_single_family,2018,458
27740,permits_single_family,2019,561
27740,permits_single_family,2020,699
27740,permits_single_family,2021,766
27740,permits_single_family,2022,802
27740,permits_single_family,2023,765
27740,permits_single_family,2024,881
27740,permits_single_family,2025,868
27740,permits_units,2014,706
27740,permits_units,2015,689
27740,permits_units,2016,533
27740,permits_units,2017,696
27740,permits_units,2018,635
27740,permits_units,2019,718
27740,permits_units,2020,1051
27740,permits_units,2021,819
27740,permits_units,2022,1024
27740,permits_units,2023,1044
27740,permits_units,2024,1358
27740,permits_units,2025,915
27780,permits_multifamily,2014,0
27780,permits_multifamily,2015,0
27780,permits_multifamily,2016,0
27780,permits_multifamily,2017,0
27780,permits_multifamily,2018,0
27780,permits_multifamily,2019,0
27780,permits_multifamily,2020,0
27780,permits_multifamily,2021,0
27780,permits_multifamily,2022,0
27780,permits_multifamily,2023,0
27780,permits_multifamily,2024,0
27780,permits_multifamily,2025,0
27780,permits_single_family,2014,59
27780,permits_single_family,2015,47
27780,permits_single_family,2016,164
27780,permits_single_family,2017,81
27780,permits_single_family,2018,66
27780,permits_single_family,2019,54
27780,permits_single_family,2020,56
27780,permits_single_family,2021,62
27780,permits_single_family,2022,94
27780,permits_single_family,2023,44
27780,permits_single_family,2024,58
27780,permits_single_family,2025,61
27780,permits_units,2014,61
27780,permits_units,2015,47
27780,permits_units,2016,164
27780,permits_units,2017,83
27780,permits_units,2018,66
27780,permits_units,2019,54
27780,permits_units,2020,59
27780,permits_units,2021,62
27780,permits_units,2022,94
27780,permits_units,2023,47
27780,permits_units,2024,62
27780,permits_units,2025,61
27860,permits_multifamily,2014,162
27860,permits_multifamily,2015,0
27860,permits_multifamily,2016,265
27860,permits_multifamily,2017,94
27860,permits_multifamily,2018,99
27860,permits_multifamily,2019,81
27860,permits_multifamily,2020,88
27860,permits_multifamily,2021,96
27860,permits_multifamily,2022,129
27860,permits_multifamily,2023,103
27860,permits_multifamily,2024,86
27860,permits_multifamily,2025,119
27860,permits_single_family,2014,377
27860,permits_single_family,2015,402
27860,permits_single_family,2016,569
27860,permits_single_family,2017,512
27860,permits_single_family,2018,551
27860,permits_single_family,2019,593
27860,permits_single_family,2020,695
27860,permits_single_family,2021,785
27860,permits_single_family,2022,681
27860,permits_single_family,2023,615
27860,permits_single_family,2024,661
27860,permits_single_family,2025,616
27860,permits_units,2014,680
27860,permits_units,2015,482
27860,permits_units,2016,1028
27860,permits_units,2017,866
27860,permits_units,2018,843
27860,permits_units,2019,889
27860,permits_units,2020,1058
27860,permits_units,2021,1147
27860,permits_units,2022,1149
27860,permits_units,2023,1027
27860,permits_units,2024,1016
27860,permits_units,2025,1017
27900,permits_multifamily,2014,48
27900,permits_multifamily,2015,48
27900,permits_multifamily,2016,6
27900,permits_multifamily,2017,209
27900,permits_multifamily,2018,115
27900,permits_multifamily,2019,104
27900,permits_multifamily,2020,271
27900,permits_multifamily,2021,289
27900,permits_multifamily,2022,494
27900,permits_multifamily,2023,122
27900,permits_multifamily,2024,40
27900,permits_multifamily,2025,5
27900,permits_single_family,2014,332
27900,permits_single_family,2015,445
27900,permits_single_family,2016,383
27900,permits_single_family,2017,445
27900,permits_single_family,2018,457
27900,permits_single_family,2019,514
27900,permits_single_family,2020,603
27900,permits_single_family,2021,665
27900,permits_single_family,2022,589
27900,permits_single_family,2023,529
27900,permits_single_family,2024,535
27900,permits_single_family,2025,520
27900,permits_units,2014,408
27900,permits_units,2015,531
27900,permits_units,2016,422
27900,permits_units,2017,765
27900,permits_units,2018,640
27900,permits_units,2019,704
27900,permits_units,2020,973
27900,permits_units,2021,991
27900,permits_units,2022,1197
27900,permits_units,2023,797
27900,permits_units,2024,691
27900,permits_units,2025,620
27940,permits_multifamily,2024,82
27940,permits_multifamily,2025,65
27940,permits_single_family,2024,22
27940,permits_single_family,2025,34
27940,permits_units,2024,114
27940,permits_units,2025,117
27980,permits_multifamily,2014,0
27980,permits_multifamily,2015,118
27980,permits_multifamily,2016,196
27980,permits_multifamily,2017,316
27980,permits_multifamily,2018,410
27980,permits_multifamily,2019,64
27980,permits_multifamily,2020,172
27980,permits_multifamily,2021,453
27980,permits_multifamily,2022,338
27980,permits_multifamily,2023,133
27980,permits_multifamily,2024,459
27980,permits_multifamily,2025,297
27980,permits_single_family,2014,324
27980,permits_single_family,2015,332
27980,permits_single_family,2016,256
27980,permits_single_family,2017,489
27980,permits_single_family,2018,372
27980,permits_single_family,2019,513
27980,permits_single_family,2020,306
27980,permits_single_family,2021,396
27980,permits_single_family,2022,284
27980,permits_single_family,2023,469
27980,permits_single_family,2024,623
27980,permits_single_family,2025,527
27980,permits_units,2014,338
27980,permits_units,2015,502
27980,permits_units,2016,567
27980,permits_units,2017,861
27980,permits_units,2018,838
27980,permits_units,2019,657
27980,permits_units,2020,526
27980,permits_units,2021,880
27980,permits_units,2022,684
27980,permits_units,2023,606
27980,permits_units,2024,1118
27980,permits_units,2025,902
28020,permits_multifamily,2014,36
28020,permits_multifamily,2015,48
28020,permits_multifamily,2016,129
28020,permits_multifamily,2017,411
28020,permits_multifamily,2018,74
28020,permits_multifamily,2019,144
28020,permits_multifamily,2020,0
28020,permits_multifamily,2021,0
28020,permits_multifamily,2022,40
28020,permits_multifamily,2023,300
28020,permits_multifamily,2024,0
28020,permits_multifamily,2025,0
28020,permits_single_family,2014,511
28020,permits_single_family,2015,501
28020,permits_single_family,2016,563
28020,permits_single_family,2017,579
28020,permits_single_family,2018,471
28020,permits_single_family,2019,460
28020,permits_single_family,2020,444
28020,permits_single_family,2021,402
28020,permits_single_family,2022,341
28020,permits_single_family,2023,409
28020,permits_single_family,2024,284
28020,permits_single_family,2025,479
28020,permits_units,2014,561
28020,permits_units,2015,623
28020,permits_units,2016,724
28020,permits_units,2017,1036
28020,permits_units,2018,579
28020,permits_units,2019,642
28020,permits_units,2020,496
28020,permits_units,2021,419
28020,permits_units,2022,457
28020,permits_units,2023,718
28020,permits_units,2024,301
28020,permits_units,2025,487
28060,permits_multifamily,2024,80
28060,permits_multifamily,2025,630
28060,permits_single_family,2024,198
28060,permits_single_family,2025,196
28060,permits_units,2024,286
28060,permits_units,2025,830
28100,permits_multifamily,2014,8
28100,permits_multifamily,2015,0
28100,permits_multifamily,2016,0
28100,permits_multifamily,2017,102
28100,permits_multifamily,2018,56
28100,permits_multifamily,2019,0
28100,permits_multifamily,2020,0
28100,permits_multifamily,2021,0
28100,permits_multifamily,2022,0
28100,permits_multifamily,2023,7
28100,permits_multifamily,2024,5
28100,permits_multifamily,2025,0
28100,permits_single_family,2014,115
28100,permits_single_family,2015,89
28100,permits_single_family,2016,86
28100,permits_single_family,2017,88
28100,permits_single_family,2018,101
28100,permits_single_family,2019,85
28100,permits_single_family,2020,91
28100,permits_single_family,2021,140
28100,permits_single_family,2022,103
28100,permits_single_family,2023,72
28100,permits_single_family,2024,95
28100,permits_single_family,2025,92
28100,permits_units,2014,127
28100,permits_units,2015,89
28100,permits_units,2016,86
28100,permits_units,2017,198
28100,permits_units,2018,157
28100,permits_units,2019,85
28100,permits_units,2020,93
28100,permits_units,2021,140
28100,permits_units,2022,116
28100,permits_units,2023,86
28100,permits_units,2024,139
28100,permits_units,2025,113
28140,permits_multifamily,2014,3638
28140,permits_multifamily,2015,3921
28140,permits_multifamily,2016,4440
28140,permits_multifamily,2017,3204
28140,permits_multifamily,2018,4014
28140,permits_multifamily,2019,3931
28140,permits_multifamily,2020,3925
28140,permits_multifamily,2021,3495
28140,permits_multifamily,2022,5390
28140,permits_multifamily,2023,2733
28140,permits_multifamily,2024,3395
28140,permits_multifamily,2025,4278
28140,permits_single_family,2014,4170
28140,permits_single_family,2015,4547
28140,permits_single_family,2016,5292
28140,permits_single_family,2017,5951
28140,permits_single_family,2018,5608
28140,permits_single_family,2019,4811
28140,permits_single_family,2020,6173
28140,permits_single_family,2021,7051
28140,permits_single_family,2022,5198
28140,permits_single_family,2023,4299
28140,permits_single_family,2024,4875
28140,permits_single_family,2025,5202
28140,permits_units,2014,8201
28140,permits_units,2015,8954
28140,permits_units,2016,10389
28140,permits_units,2017,9851
28140,permits_units,2018,10268
28140,permits_units,2019,9347
28140,permits_units,2020,10728
28140,permits_units,2021,11254
28140,permits_units,2022,11213
28140,permits_units,2023,7514
28140,permits_units,2024,9148
28140,permits_units,2025,9893
28180,permits_multifamily,2024,0
28180,permits_multifamily,2025,0
28180,permits_single_family,2024,141
28180,permits_single_family,2025,130
28180,permits_units,2024,141
28180,permits_units,2025,130
28260,permits_multifamily,2024,0
28260,permits_multifamily,2025,0
28260,permits_single_family,2024,128
28260,permits_single_family,2025,138
28260,permits_units,2024,136
28260,permits_units,2025,142
28300,permits_multifamily,2024,0
28300,permits_multifamily,2025,10
28300,permits_single_family,2024,156
28300,permits_single_family,2025,147
28300,permits_units,2024,172
28300,permits_units,2025,167
28340,permits_multifamily,2024,0
28340,permits_multifamily,2025,0
28340,permits_single_family,2024,128
28340,permits_single_family,2025,113
28340,permits_units,2024,128
28340,permits_units,2025,113
28380,permits_multifamily,2024,0
28380,permits_multifamily,2025,0
28380,permits_single_family,2024,30
28380,permits_single_family,2025,28
28380,permits_units,2024,30
28380,permits_units,2025,30
28420,permits_multifamily,2014,118
28420,permits_multifamily,2015,237
28420,permits_multifamily,2016,371
28420,permits_multifamily,2017,288
28420,permits_multifamily,2018,290
28420,permits_multifamily,2019,399
28420,permits_multifamily,2020,190
28420,permits_multifamily,2021,111
28420,permits_multifamily,2022,485
28420,permits_multifamily,2023,845
28420,permits_multifamily,2024,893
28420,permits_multifamily,2025,977
28420,permits_single_family,2014,1078
28420,permits_single_family,2015,1221
28420,permits_single_family,2016,1448
28420,permits_single_family,2017,1457
28420,permits_single_family,2018,1558
28420,permits_single_family,2019,1656
28420,permits_single_family,2020,1745
28420,permits_single_family,2021,1915
28420,permits_single_family,2022,1232
28420,permits_single_family,2023,1090
28420,permits_single_family,2024,1504
28420,permits_single_family,2025,1381
28420,permits_units,2014,1264
28420,permits_units,2015,1464
28420,permits_units,2016,1887
28420,permits_units,2017,1809
28420,permits_units,2018,1901
28420,permits_units,2019,2141
28420,permits_units,2020,1965
28420,permits_units,2021,2149
28420,permits_units,2022,1886
28420,permits_units,2023,2059
28420,permits_units,2024,2489
28420,permits_units,2025,2431
28450,permits_multifamily,2024,8
28450,permits_multifamily,2025,518
28450,permits_single_family,2024,216
28450,permits_single_family,2025,180
28450,permits_units,2024,260
28450,permits_units,2025,892
28500,permits_multifamily,2024,309
28500,permits_multifamily,2025,88
28500,permits_single_family,2024,97
28500,permits_single_family,2025,91
28500,permits_units,2024,406
28500,permits_units,2025,179
28540,permits_multifamily,2024,14
28540,permits_multifamily,2025,16
28540,permits_single_family,2024,27
28540,permits_single_family,2025,27
28540,permits_units,2024,62
28540,permits_units,2025,63
28580,permits_multifamily,2024,72
28580,permits_multifamily,2025,8
28580,permits_single_family,2024,245
28580,permits_single_family,2025,239
28580,permits_units,2024,334
28580,permits_units,2025,279
28620,permits_multifamily,2024,0
28620,permits_multifamily,2025,0
28620,permits_single_family,2024,371
28620,permits_single_family,2025,325
28620,permits_units,2024,371
28620,permits_units,2025,325
28660,permits_multifamily,2014,74
28660,permits_multifamily,2015,80
28660,permits_multifamily,2016,290
28660,permits_multifamily,2017,405
28660,permits_multifamily,2018,118
28660,permits_multifamily,2019,0
28660,permits_multifamily,2020,152
28660,permits_multifamily,2021,1170
28660,permits_multifamily,2022,837
28660,permits_multifamily,2023,481
28660,permits_multifamily,2024,246
28660,permits_multifamily,2025,386
28660,permits_single_family,2014,2115
28660,permits_single_family,2015,1840
28660,permits_single_family,2016,1782
28660,permits_single_family,2017,1789
28660,permits_single_family,2018,2070
28660,permits_single_family,2019,2317
28660,permits_single_family,2020,2923
28660,permits_single_family,2021,2576
28660,permits_single_family,2022,2677
28660,permits_single_family,2023,2541
28660,permits_single_family,2024,2964
28660,permits_single_family,2025,2500
28660,permits_units,2014,2371
28660,permits_units,2015,2310
28660,permits_units,2016,2328
28660,permits_units,2017,2456
28660,permits_units,2018,2460
28660,permits_units,2019,2579
28660,permits_units,2020,3629
28660,permits_units,2021,4312
28660,permits_units,2022,4016
28660,permits_units,2023,3580
28660,permits_units,2024,3646
28660,permits_units,2025,3358
28680,permits_multifamily,2024,0
28680,permits_multifamily,2025,12
28680,permits_single_family,2024,315
28680,permits_single_family,2025,418
28680,permits_units,2024,363
28680,permits_units,2025,446
28700,permits_multifamily,2014,16
28700,permits_multifamily,2015,278
28700,permits_multifamily,2016,557
28700,permits_multifamily,2017,287
28700,permits_multifamily,2018,17
28700,permits_multifamily,2019,124
28700,permits_multifamily,2020,153
28700,permits_multifamily,2021,5
28700,permits_multifamily,2022,60
28700,permits_multifamily,2023,40
28700,permits_multifamily,2024,6
28700,permits_multifamily,2025,319
28700,permits_single_family,2014,316
28700,permits_single_family,2015,419
28700,permits_single_family,2016,379
28700,permits_single_family,2017,469
28700,permits_single_family,2018,503
28700,permits_single_family,2019,453
28700,permits_single_family,2020,565
28700,permits_single_family,2021,663
28700,permits_single_family,2022,815
28700,permits_single_family,2023,748
28700,permits_single_family,2024,701
28700,permits_single_family,2025,817
28700,permits_units,2014,340
28700,permits_units,2015,705
28700,permits_units,2016,992
28700,permits_units,2017,788
28700,permits_units,2018,556
28700,permits_units,2019,597
28700,permits_units,2020,734
28700,permits_units,2021,679
28700,permits_units,2022,939
28700,permits_units,2023,798
28700,permits_units,2024,739
28700,permits_units,2025,1156
28740,permits_multifamily,2014,118
28740,permits_multifamily,2015,145
28740,permits_multifamily,2016,96
28740,permits_multifamily,2017,119
28740,permits_multifamily,2018,53
28740,permits_multifamily,2019,191
28740,permits_multifamily,2020,37
28740,permits_multifamily,2021,18
28740,permits_multifamily,2022,160
28740,permits_multifamily,2023,88
28740,permits_multifamily,2024,217
28740,permits_multifamily,2025,124
28740,permits_single_family,2014,161
28740,permits_single_family,2015,148
28740,permits_single_family,2016,148
28740,permits_single_family,2017,201
28740,permits_single_family,2018,193
28740,permits_single_family,2019,188
28740,permits_single_family,2020,217
28740,permits_single_family,2021,312
28740,permits_single_family,2022,280
28740,permits_single_family,2023,248
28740,permits_single_family,2024,270
28740,permits_single_family,2025,273
28740,permits_units,2014,289
28740,permits_units,2015,307
28740,permits_units,2016,252
28740,permits_units,2017,336
28740,permits_units,2018,252
28740,permits_units,2019,389
28740,permits_units,2020,265
28740,permits_units,2021,342
28740,permits_units,2022,446
28740,permits_units,2023,344
28740,permits_units,2024,521
28740,permits_units,2025,434
28780,permits_multifamily,2024,0
28780,permits_multifamily,2025,0
28780,permits_single_family,2024,11
28780,permits_single_family,2025,18
28780,permits_units,2024,11
28780,permits_units,2025,18
28820,permits_multifamily,2024,0
28820,permits_multifamily,2025,0
28820,permits_single_family,2024,148
28820,permits_single_family,2025,127
28820,permits_units,2024,148
28820,permits_units,2025,131
28860,permits_multifamily,2024,0
28860,permits_multifamily,2025,0
28860,permits_single_family,2024,26
28860,permits_single_family,2025,10
28860,permits_units,2024,26
28860,permits_units,2025,10
28880,permits_multifamily,2019,1098
28880,permits_multifamily,2020,792
28880,permits_multifamily,2021,1307
28880,permits_multifamily,2022,852
28880,permits_multifamily,2023,1400
28880,permits_multifamily,2024,1996
28880,permits_multifamily,2025,1324
28880,permits_single_family,2019,796
28880,permits_single_family,2020,863
28880,permits_single_family,2021,939
28880,permits_single_family,2022,895
28880,permits_single_family,2023,756
28880,permits_single_family,2024,740
28880,permits_single_family,2025,841
28880,permits_units,2019,1913
28880,permits_units,2020,1696
28880,permits_units,2021,2282
28880,permits_units,2022,1798
28880,permits_units,2023,2230
28880,permits_units,2024,2805
28880,permits_units,2025,2220
28900,permits_multifamily,2024,72
28900,permits_multifamily,2025,0
28900,permits_single_family,2024,142
28900,permits_single_family,2025,95
28900,permits_units,2024,232
28900,permits_units,2025,103
28940,permits_multifamily,2014,1000
28940,permits_multifamily,2015,464
28940,permits_multifamily,2016,710
28940,permits_multifamily,2017,1196
28940,permits_multifamily,2018,671
28940,permits_multifamily,2019,954
28940,permits_multifamily,2020,1373
28940,permits_multifamily,2021,1280
28940,permits_multifamily,2022,987
28940,permits_multifamily,2023,1959
28940,permits_multifamily,2024,2049
28940,permits_multifamily,2025,2780
28940,permits_single_family,2014,2095
28940,permits_single_family,2015,2592
28940,permits_single_family,2016,2917
28940,permits_single_family,2017,3372
28940,permits_single_family,2018,3690
28940,permits_single_family,2019,2985
28940,permits_single_family,2020,3887
28940,permits_single_family,2021,4685
28940,permits_single_family,2022,3809
28940,permits_single_family,2023,4218
28940,permits_single_family,2024,4845
28940,permits_single_family,2025,4969
28940,permits_units,2014,3109
28940,permits_units,2015,3060
28940,permits_units,2016,3637
28940,permits_units,2017,4574
28940,permits_units,2018,4413
28940,permits_units,2019,3947
28940,permits_units,2020,5396
28940,permits_units,2021,5990
28940,permits_units,2022,4838
28940,permits_units,2023,6401
28940,permits_units,2024,6946
28940,permits_units,2025,7855
29020,permits_multifamily,2014,10
29020,permits_multifamily,2015,133
29020,permits_multifamily,2016,198
29020,permits_multifamily,2017,0
29020,permits_multifamily,2018,50
29020,permits_multifamily,2019,152
29020,permits_multifamily,2020,16
29020,permits_multifamily,2021,0
29020,permits_multifamily,2022,48
29020,permits_multifamily,2023,0
29020,permits_multifamily,2024,0
29020,permits_multifamily,2025,0
29020,permits_single_family,2014,98
29020,permits_single_family,2015,166
29020,permits_single_family,2016,116
29020,permits_single_family,2017,90
29020,permits_single_family,2018,277
29020,permits_single_family,2019,87
29020,permits_single_family,2020,132
29020,permits_single_family,2021,188
29020,permits_single_family,2022,116
29020,permits_single_family,2023,114
29020,permits_single_family,2024,182
29020,permits_single_family,2025,106
29020,permits_units,2014,140
29020,permits_units,2015,441
29020,permits_units,2016,318
29020,permits_units,2017,92
29020,permits_units,2018,349
29020,permits_units,2019,239
29020,permits_units,2020,162
29020,permits_units,2021,190
29020,permits_units,2022,164
29020,permits_units,2023,138
29020,permits_units,2024,194
29020,permits_units,2025,106
29060,permits_multifamily,2024,22
29060,permits_multifamily,2025,38
29060,permits_single_family,2024,242
29060,permits_single_family,2025,332
29060,permits_units,2024,282
29060,permits_units,2025,423
29100,permits_multifamily,2014,12
29100,permits_multifamily,2015,225
29100,permits_multifamily,2016,0
29100,permits_multifamily,2017,138
29100,permits_multifamily,2018,369
29100,permits_multifamily,2019,251
29100,permits_multifamily,2020,88
29100,permits_multifamily,2021,365
29100,permits_multifamily,2022,129
29100,permits_multifamily,2023,195
29100,permits_multifamily,2024,208
29100,permits_multifamily,2025,138
29100,permits_single_family,2014,243
29100,permits_single_family,2015,233
29100,permits_single_family,2016,259
29100,permits_single_family,2017,278
29100,permits_single_family,2018,191
29100,permits_single_family,2019,225
29100,permits_single_family,2020,241
29100,permits_single_family,2021,242
29100,permits_single_family,2022,212
29100,permits_single_family,2023,205
29100,permits_single_family,2024,348
29100,permits_single_family,2025,318
29100,permits_units,2014,298
29100,permits_units,2015,497
29100,permits_units,2016,281
29100,permits_units,2017,432
29100,permits_units,2018,594
29100,permits_units,2019,541
29100,permits_units,2020,379
29100,permits_units,2021,694
29100,permits_units,2022,401
29100,permits_units,2023,472
29100,permits_units,2024,630
29100,permits_units,2025,476
29180,permits_multifamily,2014,125
29180,permits_multifamily,2015,478
29180,permits_multifamily,2016,100
29180,permits_multifamily,2017,0
29180,permits_multifamily,2018,6
29180,permits_multifamily,2019,30
29180,permits_multifamily,2020,13
29180,permits_multifamily,2021,0
29180,permits_multifamily,2022,20
29180,permits_multifamily,2023,378
29180,permits_multifamily,2024,10
29180,permits_multifamily,2025,0
29180,permits_single_family,2014,2224
29180,permits_single_family,2015,1973
29180,permits_single_family,2016,1518
29180,permits_single_family,2017,1746
29180,permits_single_family,2018,1657
29180,permits_single_family,2019,1632
29180,permits_single_family,2020,2526
29180,permits_single_family,2021,3040
29180,permits_single_family,2022,2051
29180,permits_single_family,2023,2008
29180,permits_single_family,2024,2001
29180,permits_single_family,2025,2063
29180,permits_units,2014,2362
29180,permits_units,2015,2483
29180,permits_units,2016,1698
29180,permits_units,2017,1771
29180,permits_units,2018,1687
29180,permits_units,2019,1666
29180,permits_units,2020,2550
29180,permits_units,2021,3044
29180,permits_units,2022,2071
29180,permits_units,2023,2386
29180,permits_units,2024,2019
29180,permits_units,2025,2063
29200,permits_multifamily,2014,468
29200,permits_multifamily,2015,28
29200,permits_multifamily,2016,106
29200,permits_multifamily,2017,383
29200,permits_multifamily,2018,1313
29200,permits_multifamily,2019,836
29200,permits_multifamily,2020,916
29200,permits_multifamily,2021,626
29200,permits_multifamily,2022,1023
29200,permits_multifamily,2023,1585
29200,permits_multifamily,2024,1073
29200,permits_multifamily,2025,3395
29200,permits_single_family,2014,596
29200,permits_single_family,2015,475
29200,permits_single_family,2016,495
29200,permits_single_family,2017,567
29200,permits_single_family,2018,499
29200,permits_single_family,2019,502
29200,permits_single_family,2020,481
29200,permits_single_family,2021,580
29200,permits_single_family,2022,510
29200,permits_single_family,2023,506
29200,permits_single_family,2024,516
29200,permits_single_family,2025,632
29200,permits_units,2014,1081
29200,permits_units,2015,527
29200,permits_units,2016,627
29200,permits_units,2017,976
29200,permits_units,2018,1818
29200,permits_units,2019,1350
29200,permits_units,2020,1397
29200,permits_units,2021,1212
29200,permits_units,2022,1538
29200,permits_units,2023,2093
29200,permits_units,2024,1607
29200,permits_units,2025,4058
29260,permits_multifamily,2024,0
29260,permits_multifamily,2025,0
29260,permits_single_family,2024,36
29260,permits_single_family,2025,48
29260,permits_units,2024,38
29260,permits_units,2025,50
29300,permits_multifamily,2024,0
29300,permits_multifamily,2025,346
29300,permits_single_family,2024,438
29300,permits_single_family,2025,462
29300,permits_units,2024,440
29300,permits_units,2025,818
29340,permits_multifamily,2014,596
29340,permits_multifamily,2015,36
29340,permits_multifamily,2016,525
29340,permits_multifamily,2017,757
29340,permits_multifamily,2018,264
29340,permits_multifamily,2019,220
29340,permits_multifamily,2020,72
29340,permits_multifamily,2021,0
29340,permits_multifamily,2022,232
29340,permits_multifamily,2023,432
29340,permits_multifamily,2024,526
29340,permits_multifamily,2025,0
29340,permits_single_family,2014,619
29340,permits_single_family,2015,788
29340,permits_single_family,2016,926
29340,permits_single_family,2017,1052
29340,permits_single_family,2018,1063
29340,permits_single_family,2019,1047
29340,permits_single_family,2020,1090
29340,permits_single_family,2021,1024
29340,permits_single_family,2022,862
29340,permits_single_family,2023,576
29340,permits_single_family,2024,925
29340,permits_single_family,2025,526
29340,permits_units,2014,1302
29340,permits_units,2015,1034
29340,permits_units,2016,1563
29340,permits_units,2017,1898
29340,permits_units,2018,1391
29340,permits_units,2019,1386
29340,permits_units,2020,1230
29340,permits_units,2021,1064
29340,permits_units,2022,1122
29340,permits_units,2023,1032
29340,permits_units,2024,1457
29340,permits_units,2025,546
29380,permits_multifamily,2024,0
29380,permits_multifamily,2025,0
29380,permits_single_family,2024,174
29380,permits_single_family,2025,174
29380,permits_units,2024,178
29380,permits_units,2025,182
29420,permits_multifamily,2014,0
29420,permits_multifamily,2015,0
29420,permits_multifamily,2016,0
29420,permits_multifamily,2017,0
29420,permits_multifamily,2018,0
29420,permits_multifamily,2019,0
29420,permits_multifamily,2020,0
29420,permits_multifamily,2021,10
29420,permits_multifamily,2022,0
29420,permits_multifamily,2023,86
29420,permits_multifamily,2024,33
29420,permits_multifamily,2025,64
29420,permits_single_family,2014,521
29420,permits_single_family,2015,626
29420,permits_single_family,2016,657
29420,permits_single_family,2017,889
29420,permits_single_family,2018,945
29420,permits_single_family,2019,1049
29420,permits_single_family,2020,1288
29420,permits_single_family,2021,1541
29420,permits_single_family,2022,1962
29420,permits_single_family,2023,2086
29420,permits_single_family,2024,2459
29420,permits_single_family,2025,1706
29420,permits_units,2014,535
29420,permits_units,2015,636
29420,permits_units,2016,683
29420,permits_units,2017,913
29420,permits_units,2018,1018
29420,permits_units,2019,1111
29420,permits_units,2020,1403
29420,permits_units,2021,1637
29420,permits_units,2022,2079
29420,permits_units,2023,2241
29420,permits_units,2024,2543
29420,permits_units,2025,1817
29460,permits_multifamily,2014,0
29460,permits_multifamily,2015,28
29460,permits_multifamily,2016,1134
29460,permits_multifamily,2017,10
29460,permits_multifamily,2018,0
29460,permits_multifamily,2019,2235
29460,permits_multifamily,2020,1966
29460,permits_multifamily,2021,2417
29460,permits_multifamily,2022,2978
29460,permits_multifamily,2023,3169
29460,permits_multifamily,2024,1716
29460,permits_multifamily,2025,1336
29460,permits_single_family,2014,2547
29460,permits_single_family,2015,3003
29460,permits_single_family,2016,3424
29460,permits_single_family,2017,4542
29460,permits_single_family,2018,5331
29460,permits_single_family,2019,6435
29460,permits_single_family,2020,7395
29460,permits_single_family,2021,10591
29460,permits_single_family,2022,9158
29460,permits_single_family,2023,9209
29460,permits_single_family,2024,8514
29460,permits_single_family,2025,6725
29460,permits_units,2014,2559
29460,permits_units,2015,3039
29460,permits_units,2016,4567
29460,permits_units,2017,4604
29460,permits_units,2018,5331
29460,permits_units,2019,8726
29460,permits_units,2020,9492
29460,permits_units,2021,13071
29460,permits_units,2022,12211
29460,permits_units,2023,12513
29460,permits_units,2024,10384
29460,permits_units,2025,8236
29470,permits_multifamily,2024,0
29470,permits_multifamily,2025,0
29470,permits_single_family,2024,410
29470,permits_single_family,2025,339
29470,permits_units,2024,412
29470,permits_units,2025,339
29540,permits_multifamily,2014,101
29540,permits_multifamily,2015,168
29540,permits_multifamily,2016,240
29540,permits_multifamily,2017,385
29540,permits_multifamily,2018,217
29540,permits_multifamily,2019,453
29540,permits_multifamily,2020,456
29540,permits_multifamily,2021,213
29540,permits_multifamily,2022,408
29540,permits_multifamily,2023,609
29540,permits_multifamily,2024,376
29540,permits_multifamily,2025,429
29540,permits_single_family,2014,970
29540,permits_single_family,2015,968
29540,permits_single_family,2016,1013
29540,permits_single_family,2017,979
29540,permits_single_family,2018,966
29540,permits_single_family,2019,985
29540,permits_single_family,2020,795
29540,permits_single_family,2021,737
29540,permits_single_family,2022,945
29540,permits_single_family,2023,1229
29540,permits_single_family,2024,755
29540,permits_single_family,2025,818
29540,permits_units,2014,1109
29540,permits_units,2015,1154
29540,permits_units,2016,1287
29540,permits_units,2017,1436
29540,permits_units,2018,1251
29540,permits_units,2019,1496
29540,permits_units,2020,1338
29540,permits_units,2021,1039
29540,permits_units,2022,1429
29540,permits_units,2023,1859
29540,permits_units,2024,1184
29540,permits_units,2025,1296
29620,permits_multifamily,2014,294
29620,permits_multifamily,2015,540
29620,permits_multifamily,2016,682
29620,permits_multifamily,2017,344
29620,permits_multifamily,2018,360
29620,permits_multifamily,2019,389
29620,permits_multifamily,2020,472
29620,permits_multifamily,2021,381
29620,permits_multifamily,2022,464
29620,permits_multifamily,2023,410
29620,permits_multifamily,2024,186
29620,permits_multifamily,2025,286
29620,permits_single_family,2014,455
29620,permits_single_family,2015,496
29620,permits_single_family,2016,521
29620,permits_single_family,2017,533
29620,permits_single_family,2018,453
29620,permits_single_family,2019,613
29620,permits_single_family,2020,549
29620,permits_single_family,2021,605
29620,permits_single_family,2022,475
29620,permits_single_family,2023,493
29620,permits_single_family,2024,443
29620,permits_single_family,2025,547
29620,permits_units,2014,755
29620,permits_units,2015,1056
29620,permits_units,2016,1225
29620,permits_units,2017,907
29620,permits_units,2018,825
29620,permits_units,2019,1026
29620,permits_units,2020,1100
29620,permits_units,2021,1016
29620,permits_units,2022,973
29620,permits_units,2023,949
29620,permits_units,2024,649
29620,permits_units,2025,861
29660,permits_multifamily,2024,48
29660,permits_multifamily,2025,0
29660,permits_single_family,2024,87
29660,permits_single_family,2025,108
29660,permits_units,2024,137
29660,permits_units,2025,108
29700,permits_multifamily,2014,735
29700,permits_multifamily,2015,789
29700,permits_multifamily,2016,167
29700,permits_multifamily,2017,242
29700,permits_multifamily,2018,187
29700,permits_multifamily,2019,142
29700,permits_multifamily,2020,141
29700,permits_multifamily,2021,152
29700,permits_multifamily,2022,0
29700,permits_multifamily,2023,406
29700,permits_multifamily,2024,245
29700,permits_multifamily,2025,257
29700,permits_single_family,2014,954
29700,permits_single_family,2015,1032
29700,permits_single_family,2016,945
29700,permits_single_family,2017,1061
29700,permits_single_family,2018,1078
29700,permits_single_family,2019,1302
29700,permits_single_family,2020,1274
29700,permits_single_family,2021,1462
29700,permits_single_family,2022,1170
29700,permits_single_family,2023,1099
29700,permits_single_family,2024,1154
29700,permits_single_family,2025,1029
29700,permits_units,2014,1719
29700,permits_units,2015,1848
29700,permits_units,2016,1158
29700,permits_units,2017,1331
29700,permits_units,2018,1375
29700,permits_units,2019,1602
29700,permits_units,2020,1447
29700,permits_units,2021,1684
29700,permits_units,2022,1272
29700,permits_units,2023,1542
29700,permits_units,2024,1448
29700,permits_units,2025,1340
29720,permits_multifamily,2025,0
29720,permits_single_family,2025,18
29720,permits_units,2025,18
29740,permits_multifamily,2014,11
29740,permits_multifamily,2015,11
29740,permits_multifamily,2016,11
29740,permits_multifamily,2017,316
29740,permits_multifamily,2018,120
29740,permits_multifamily,2019,96
29740,permits_multifamily,2020,64
29740,permits_multifamily,2021,95
29740,permits_multifamily,2022,0
29740,permits_multifamily,2023,0
29740,permits_multifamily,2024,0
29740,permits_multifamily,2025,0
29740,permits_single_family,2014,606
29740,permits_single_family,2015,719
29740,permits_single_family,2016,757
29740,permits_single_family,2017,803
29740,permits_single_family,2018,843
29740,permits_single_family,2019,876
29740,permits_single_family,2020,1033
29740,permits_single_family,2021,1239
29740,permits_single_family,2022,1079
29740,permits_single_family,2023,837
29740,permits_single_family,2024,834
29740,permits_single_family,2025,744
29740,permits_units,2014,617
29740,permits_units,2015,760
29740,permits_units,2016,770
29740,permits_units,2017,1126
29740,permits_units,2018,965
29740,permits_units,2019,978
29740,permits_units,2020,1109
29740,permits_units,2021,1338
29740,permits_units,2022,1105
29740,permits_units,2023,861
29740,permits_units,2024,964
29740,permits_units,2025,833
29780,permits_multifamily,2024,0
29780,permits_multifamily,2025,0
29780,permits_single_family,2024,0
29780,permits_single_family,2025,0
29780,permits_units,2024,0
29780,permits_units,2025,0
29820,permits_multifamily,2014,3106
29820,permits_multifamily,2015,2747
29820,permits_multifamily,2016,4727
29820,permits_multifamily,2017,4048
29820,permits_multifamily,2018,2271
29820,permits_multifamily,2019,3680
29820,permits_multifamily,2020,2940
29820,permits_multifamily,2021,3419
29820,permits_multifamily,2022,3581
29820,permits_multifamily,2023,2736
29820,permits_multifamily,2024,2301
29820,permits_multifamily,2025,4540
29820,permits_single_family,2014,6809
29820,permits_single_family,2015,7805
29820,permits_single_family,2016,8805
29820,permits_single_family,2017,9812
29820,permits_single_family,2018,9721
29820,permits_single_family,2019,10042
29820,permits_single_family,2020,10038
29820,permits_single_family,2021,12156
29820,permits_single_family,2022,9199
29820,permits_single_family,2023,10087
29820,permits_single_family,2024,12277
29820,permits_single_family,2025,9422
29820,permits_units,2014,10036
29820,permits_units,2015,10605
29820,permits_units,2016,13577
29820,permits_units,2017,14073
29820,permits_units,2018,12044
29820,permits_units,2019,13903
29820,permits_units,2020,14100
29820,permits_units,2021,16307
29820,permits_units,2022,13066
29820,permits_units,2023,13073
29820,permits_units,2024,14754
29820,permits_units,2025,14466
29860,permits_multifamily,2024,0
29860,permits_multifamily,2025,0
29860,permits_single_family,2024,3
29860,permits_single_family,2025,2
29860,permits_units,2024,3
29860,permits_units,2025,2
29900,permits_multifamily,2024,0
29900,permits_multifamily,2025,0
29900,permits_single_family,2024,70
29900,permits_single_family,2025,59
29900,permits_units,2024,70
29900,permits_units,2025,59
29940,permits_multifamily,2014,161
29940,permits_multifamily,2015,458
29940,permits_multifamily,2016,1128
29940,permits_multifamily,2017,8
29940,permits_multifamily,2018,392
29940,permits_multifamily,2019,185
29940,permits_multifamily,2020,99
29940,permits_multifamily,2021,248
29940,permits_multifamily,2022,206
29940,permits_multifamily,2023,12
29940,permits_multifamily,2024,38
29940,permits_multifamily,2025,131
29940,permits_single_family,2014,178
29940,permits_single_family,2015,372
29940,permits_single_family,2016,261
29940,permits_single_family,2017,288
29940,permits_single_family,2018,419
29940,permits_single_family,2019,256
29940,permits_single_family,2020,287
29940,permits_single_family,2021,262
29940,permits_single_family,2022,189
29940,permits_single_family,2023,191
29940,permits_single_family,2024,196
29940,permits_single_family,2025,230
29940,permits_units,2014,347
29940,permits_units,2015,839
29940,permits_units,2016,1395
29940,permits_units,2017,306
29940,permits_units,2018,823
29940,permits_units,2019,455
29940,permits_units,2020,414
29940,permits_units,2021,518
29940,permits_units,2022,401
29940,permits_units,2023,223
29940,permits_units,2024,247
29940,permits_units,2025,377
29980,permits_multifamily,2024,0
29980,permits_multifamily,2025,0
29980,permits_single_family,2024,18
29980,permits_single_family,2025,20
29980,permits_units,2024,27
29980,permits_units,2025,32
30020,permits_multifamily,2014,0
30020,permits_multifamily,2015,0
30020,permits_multifamily,2016,0
30020,permits_multifamily,2017,0
30020,permits_multifamily,2018,0
30020,permits_multifamily,2019,0
30020,permits_multifamily,2020,0
30020,permits_multifamily,2021,0
30020,permits_multifamily,2022,0
30020,permits_multifamily,2023,0
30020,permits_multifamily,2024,0
30020,permits_multifamily,2025,46
30020,permits_single_family,2014,92
30020,permits_single_family,2015,96
30020,permits_single_family,2016,90
30020,permits_single_family,2017,82
30020,permits_single_family,2018,68
30020,permits_single_family,2019,67
30020,permits_single_family,2020,99
30020,permits_single_family,2021,117
30020,permits_single_family,2022,79
30020,permits_single_family,2023,121
30020,permits_single_family,2024,129
30020,permits_single_family,2025,111
30020,permits_units,2014,114
30020,permits_units,2015,100
30020,permits_units,2016,100
30020,permits_units,2017,84
30020,permits_units,2018,68
30020,permits_units,2019,67
30020,permits_units,2020,103
30020,permits_units,2021,117
30020,permits_units,2022,79
30020,permits_units,2023,153
30020,permits_units,2024,135
30020,permits_units,2025,201
30060,permits_multifamily,2024,0
30060,permits_multifamily,2025,0
30060,permits_single_family,2024,41
30060,permits_single_family,2025,4
30060,permits_units,2024,61
30060,permits_units,2025,4
30140,permits_multifamily,2014,57
30140,permits_multifamily,2015,37
30140,permits_multifamily,2016,18
30140,permits_multifamily,2017,71
30140,permits_multifamily,2018,6
30140,permits_multifamily,2019,0
30140,permits_multifamily,2020,172
30140,permits_multifamily,2021,171
30140,permits_multifamily,2022,139
30140,permits_multifamily,2023,39
30140,permits_multifamily,2024,36
30140,permits_multifamily,2025,231
30140,permits_single_family,2014,285
30140,permits_single_family,2015,347
30140,permits_single_family,2016,414
30140,permits_single_family,2017,283
30140,permits_single_family,2018,278
30140,permits_single_family,2019,322
30140,permits_single_family,2020,262
30140,permits_single_family,2021,332
30140,permits_single_family,2022,225
30140,permits_single_family,2023,216
30140,permits_single_family,2024,280
30140,permits_single_family,2025,289
30140,permits_units,2014,348
30140,permits_units,2015,384
30140,permits_units,2016,432
30140,permits_units,2017,366
30140,permits_units,2018,299
30140,permits_units,2019,322
30140,permits_units,2020,434
30140,permits_units,2021,507
30140,permits_units,2022,364
30140,permits_units,2023,259
30140,permits_units,2024,324
30140,permits_units,2025,542
30150,permits_multifamily,2024,401
30150,permits_multifamily,2025,104
30150,permits_single_family,2024,558
30150,permits_single_family,2025,562
30150,permits_units,2024,1005
30150,permits_units,2025,706
30180,permits_multifamily,2024,112
30180,permits_multifamily,2025,0
30180,permits_single_family,2024,28
30180,permits_single_family,2025,45
30180,permits_units,2024,146
30180,permits_units,2025,45
30260,permits_multifamily,2024,0
30260,permits_multifamily,2025,0
30260,permits_single_family,2024,48
30260,permits_single_family,2025,63
30260,permits_units,2024,54
30260,permits_units,2025,63
30280,permits_multifamily,2024,75
30280,permits_multifamily,2025,59
30280,permits_single_family,2024,319
30280,permits_single_family,2025,299
30280,permits_units,2024,400
30280,permits_units,2025,367
30300,permits_multifamily,2014,24
30300,permits_multifamily,2015,72
30300,permits_multifamily,2016,0
30300,permits_multifamily,2017,24
30300,permits_multifamily,2018,0
30300,permits_multifamily,2019,49
30300,permits_multifamily,2020,72
30300,permits_multifamily,2021,0
30300,permits_multifamily,2022,0
30300,permits_multifamily,2023,0
30300,permits_multifamily,2024,72
30300,permits_multifamily,2025,144
30300,permits_single_family,2014,59
30300,permits_single_family,2015,63
30300,permits_single_family,2016,93
30300,permits_single_family,2017,97
30300,permits_single_family,2018,108
30300,permits_single_family,2019,99
30300,permits_single_family,2020,186
30300,permits_single_family,2021,113
30300,permits_single_family,2022,124
30300,permits_single_family,2023,128
30300,permits_single_family,2024,129
30300,permits_single_family,2025,155
30300,permits_units,2014,90
30300,permits_units,2015,139
30300,permits_units,2016,108
30300,permits_units,2017,125
30300,permits_units,2018,120
30300,permits_units,2019,181
30300,permits_units,2020,260
30300,permits_units,2021,127
30300,permits_units,2022,134
30300,permits_units,2023,138
30300,permits_units,2024,226
30300,permits_units,2025,309
30340,permits_multifamily,2014,0
30340,permits_multifamily,2015,0
30340,permits_multifamily,2016,35
30340,permits_multifamily,2017,77
30340,permits_multifamily,2018,117
30340,permits_multifamily,2019,68
30340,permits_multifamily,2020,84
30340,permits_multifamily,2021,35
30340,permits_multifamily,2022,242
30340,permits_multifamily,2023,81
30340,permits_multifamily,2024,57
30340,permits_multifamily,2025,164
30340,permits_single_family,2014,91
30340,permits_single_family,2015,74
30340,permits_single_family,2016,143
30340,permits_single_family,2017,169
30340,permits_single_family,2018,177
30340,permits_single_family,2019,156
30340,permits_single_family,2020,179
30340,permits_single_family,2021,178
30340,permits_single_family,2022,238
30340,permits_single_family,2023,250
30340,permits_single_family,2024,263
30340,permits_single_family,2025,269
30340,permits_units,2014,91
30340,permits_units,2015,74
30340,permits_units,2016,185
30340,permits_units,2017,252
30340,permits_units,2018,300
30340,permits_units,2019,228
30340,permits_units,2020,275
30340,permits_units,2021,221
30340,permits_units,2022,484
30340,permits_units,2023,347
30340,permits_units,2024,346
30340,permits_units,2025,453
30380,permits_multifamily,2024,0
30380,permits_multifamily,2025,0
30380,permits_single_family,2024,63
30380,permits_single_family,2025,54
30380,permits_units,2024,63
30380,permits_units,2025,54
30420,permits_multifamily,2024,0
30420,permits_multifamily,2025,0
30420,permits_single_family,2024,38
30420,permits_single_family,2025,34
30420,permits_units,2024,38
30420,permits_units,2025,38
30460,permits_multifamily,2014,506
30460,permits_multifamily,2015,777
30460,permits_multifamily,2016,1200
30460,permits_multifamily,2017,634
30460,permits_multifamily,2018,1280
30460,permits_multifamily,2019,909
30460,permits_multifamily,2020,772
30460,permits_multifamily,2021,1139
30460,permits_multifamily,2022,1155
30460,permits_multifamily,2023,1053
30460,permits_multifamily,2024,710
30460,permits_multifamily,2025,661
30460,permits_single_family,2014,1319
30460,permits_single_family,2015,1381
30460,permits_single_family,2016,1480
30460,permits_single_family,2017,1602
30460,permits_single_family,2018,1404
30460,permits_single_family,2019,1308
30460,permits_single_family,2020,1451
30460,permits_single_family,2021,1760
30460,permits_single_family,2022,1460
30460,permits_single_family,2023,1319
30460,permits_single_family,2024,1392
30460,permits_single_family,2025,1556
30460,permits_units,2014,1888
30460,permits_units,2015,2206
30460,permits_units,2016,2732
30460,permits_units,2017,2326
30460,permits_units,2018,2772
30460,permits_units,2019,2246
30460,permits_units,2020,2330
30460,permits_units,2021,2943
30460,permits_units,2022,2709
30460,permits_units,2023,2442
30460,permits_units,2024,2201
30460,permits_units,2025,2327
30500,permits_multifamily,2024,0
30500,permits_multifamily,2025,45
30500,permits_single_family,2024,363
30500,permits_single_family,2025,383
30500,permits_units,2024,366
30500,permits_units,2025,439
30580,permits_multifamily,2024,0
30580,permits_multifamily,2025,0
30580,permits_single_family,2024,17
30580,permits_single_family,2025,16
30580,permits_units,2024,17
30580,permits_units,2025,20
30620,permits_multifamily,2014,0
30620,permits_multifamily,2015,0
30620,permits_multifamily,2016,0
30620,permits_multifamily,2017,132
30620,permits_multifamily,2018,0
30620,permits_multifamily,2019,88
30620,permits_multifamily,2020,33
30620,permits_multifamily,2021,94
30620,permits_multifamily,2022,0
30620,permits_multifamily,2023,0
30620,permits_multifamily,2024,0
30620,permits_multifamily,2025,36
30620,permits_single_family,2014,55
30620,permits_single_family,2015,64
30620,permits_single_family,2016,62
30620,permits_single_family,2017,66
30620,permits_single_family,2018,76
30620,permits_single_family,2019,86
30620,permits_single_family,2020,125
30620,permits_single_family,2021,121
30620,permits_single_family,2022,106
30620,permits_single_family,2023,71
30620,permits_single_family,2024,94
30620,permits_single_family,2025,121
30620,permits_units,2014,61
30620,permits_units,2015,77
30620,permits_units,2016,76
30620,permits_units,2017,224
30620,permits_units,2018,86
30620,permits_units,2019,191
30620,permits_units,2020,175
30620,permits_units,2021,226
30620,permits_units,2022,109
30620,permits_units,2023,77
30620,permits_units,2024,100
30620,permits_units,2025,157
30660,permits_multifamily,2024,0
30660,permits_multifamily,2025,57
30660,permits_single_family,2024,6
30660,permits_single_family,2025,7
30660,permits_units,2024,6
30660,permits_units,2025,64
30700,permits_multifamily,2014,934
30700,permits_multifamily,2015,1454
30700,permits_multifamily,2016,1210
30700,permits_multifamily,2017,1203
30700,permits_multifamily,2018,652
30700,permits_multifamily,2019,982
30700,permits_multifamily,2020,771
30700,permits_multifamily,2021,1203
30700,permits_multifamily,2022,2176
30700,permits_multifamily,2023,1259
30700,permits_multifamily,2024,943
30700,permits_multifamily,2025,1364
30700,permits_single_family,2014,1052
30700,permits_single_family,2015,1090
30700,permits_single_family,2016,1143
30700,permits_single_family,2017,1271
30700,permits_single_family,2018,1117
30700,permits_single_family,2019,1088
30700,permits_single_family,2020,1230
30700,permits_single_family,2021,1378
30700,permits_single_family,2022,1132
30700,permits_single_family,2023,849
30700,permits_single_family,2024,1077
30700,permits_single_family,2025,1024
30700,permits_units,2014,1994
30700,permits_units,2015,2548
30700,permits_units,2016,2384
30700,permits_units,2017,2508
30700,permits_units,2018,1804
30700,permits_units,2019,2098
30700,permits_units,2020,2038
30700,permits_units,2021,2607
30700,permits_units,2022,3349
30700,permits_units,2023,2137
30700,permits_units,2024,2036
30700,permits_units,2025,2402
30780,permits_multifamily,2014,485
30780,permits_multifamily,2015,1142
30780,permits_multifamily,2016,597
30780,permits_multifamily,2017,1067
30780,permits_multifamily,2018,294
30780,permits_multifamily,2019,1030
30780,permits_multifamily,2020,726
30780,permits_multifamily,2021,833
30780,permits_multifamily,2022,1416
30780,permits_multifamily,2023,585
30780,permits_multifamily,2024,451
30780,permits_multifamily,2025,397
30780,permits_single_family,2014,1514
30780,permits_single_family,2015,1487
30780,permits_single_family,2016,1649
30780,permits_single_family,2017,2087
30780,permits_single_family,2018,1819
30780,permits_single_family,2019,1921
30780,permits_single_family,2020,2188
30780,permits_single_family,2021,2505
30780,permits_single_family,2022,1863
30780,permits_single_family,2023,1932
30780,permits_single_family,2024,2055
30780,permits_single_family,2025,2566
30780,permits_units,2014,2082
30780,permits_units,2015,2699
30780,permits_units,2016,2327
30780,permits_units,2017,3215
30780,permits_units,2018,2174
30780,permits_units,2019,3005
30780,permits_units,2020,3081
30780,permits_units,2021,3635
30780,permits_units,2022,3338
30780,permits_units,2023,2664
30780,permits_units,2024,2606
30780,permits_units,2025,3142
30820,permits_multifamily,2024,0
30820,permits_multifamily,2025,0
30820,permits_single_family,2024,34
30820,permits_single_family,2025,38
30820,permits_units,2024,36
30820,permits_units,2025,38
30860,permits_multifamily,2014,316
30860,permits_multifamily,2015,193
30860,permits_multifamily,2016,157
30860,permits_multifamily,2017,442
30860,permits_multifamily,2018,354
30860,permits_multifamily,2019,546
30860,permits_multifamily,2020,586
30860,permits_multifamily,2021,200
30860,permits_multifamily,2022,313
30860,permits_multifamily,2023,339
30860,permits_multifamily,2024,146
30860,permits_multifamily,2025,262
30860,permits_single_family,2014,415
30860,permits_single_family,2015,368
30860,permits_single_family,2016,662
30860,permits_single_family,2017,811
30860,permits_single_family,2018,712
30860,permits_single_family,2019,1064
30860,permits_single_family,2020,1078
30860,permits_single_family,2021,1070
30860,permits_single_family,2022,787
30860,permits_single_family,2023,693
30860,permits_single_family,2024,946
30860,permits_single_family,2025,914
30860,permits_units,2014,784
30860,permits_units,2015,614
30860,permits_units,2016,897
30860,permits_units,2017,1373
30860,permits_units,2018,1211
30860,permits_units,2019,1679
30860,permits_units,2020,1701
30860,permits_units,2021,1309
30860,permits_units,2022,1108
30860,permits_units,2023,1040
30860,permits_units,2024,1096
30860,permits_units,2025,1176
30900,permits_multifamily,2024,0
30900,permits_multifamily,2025,0
30900,permits_single_family,2024,38
30900,permits_single_family,2025,28
30900,permits_units,2024,38
30900,permits_units,2025,28
30980,permits_multifamily,2014,36
30980,permits_multifamily,2015,15
30980,permits_multifamily,2016,0
30980,permits_multifamily,2017,0
30980,permits_multifamily,2018,74
30980,permits_multifamily,2019,12
30980,permits_multifamily,2020,0
30980,permits_multifamily,2021,152
30980,permits_multifamily,2022,292
30980,permits_multifamily,2023,16
30980,permits_multifamily,2024,0
30980,permits_multifamily,2025,0
30980,permits_single_family,2014,213
30980,permits_single_family,2015,221
30980,permits_single_family,2016,164
30980,permits_single_family,2017,167
30980,permits_single_family,2018,183
30980,permits_single_family,2019,254
30980,permits_single_family,2020,363
30980,permits_single_family,2021,395
30980,permits_single_family,2022,351
30980,permits_single_family,2023,329
30980,permits_single_family,2024,268
30980,permits_single_family,2025,276
30980,permits_units,2014,290
30980,permits_units,2015,248
30980,permits_units,2016,164
30980,permits_units,2017,187
30980,permits_units,2018,259
30980,permits_units,2019,276
30980,permits_units,2020,387
30980,permits_units,2021,579
30980,permits_units,2022,745
30980,permits_units,2023,364
30980,permits_units,2024,288
30980,permits_units,2025,288
31020,permits_multifamily,2014,6
31020,permits_multifamily,2015,0
31020,permits_multifamily,2016,0
31020,permits_multifamily,2017,0
31020,permits_multifamily,2018,0
31020,permits_multifamily,2019,30
31020,permits_multifamily,2020,0
31020,permits_multifamily,2021,54
31020,permits_multifamily,2022,198
31020,permits_multifamily,2023,0
31020,permits_multifamily,2024,40
31020,permits_multifamily,2025,0
31020,permits_single_family,2014,160
31020,permits_single_family,2015,168
31020,permits_single_family,2016,273
31020,permits_single_family,2017,464
31020,permits_single_family,2018,294
31020,permits_single_family,2019,309
31020,permits_single_family,2020,331
31020,permits_single_family,2021,286
31020,permits_single_family,2022,311
31020,permits_single_family,2023,288
31020,permits_single_family,2024,297
31020,permits_single_family,2025,298
31020,permits_units,2014,178
31020,permits_units,2015,178
31020,permits_units,2016,308
31020,permits_units,2017,484
31020,permits_units,2018,318
31020,permits_units,2019,351
31020,permits_units,2020,346
31020,permits_units,2021,348
31020,permits_units,2022,585
31020,permits_units,2023,308
31020,permits_units,2024,353
31020,permits_units,2025,308
31060,permits_multifamily,2024,0
31060,permits_multifamily,2025,0
31060,permits_single_family,2024,12
31060,permits_single_family,2025,15
31060,permits_units,2024,12
31060,permits_units,2025,15
31080,permits_multifamily,2014,17756
31080,permits_multifamily,2015,24271
31080,permits_multifamily,2016,21213
31080,permits_multifamily,2017,18728
31080,permits_multifamily,2018,17432
31080,permits_multifamily,2019,19196
31080,permits_multifamily,2020,15521
31080,permits_multifamily,2021,18267
31080,permits_multifamily,2022,19634
31080,permits_multifamily,2023,16654
31080,permits_multifamily,2024,13269
31080,permits_multifamily,2025,12525
31080,permits_single_family,2014,8300
31080,permits_single_family,2015,8447
31080,permits_single_family,2016,9379
31080,permits_single_family,2017,10587
31080,permits_single_family,2018,10042
31080,permits_single_family,2019,9306
31080,permits_single_family,2020,9737
31080,permits_single_family,2021,11090
31080,permits_single_family,2022,11199
31080,permits_single_family,2023,12035
31080,permits_single_family,2024,11777
31080,permits_single_family,2025,12883
31080,permits_units,2014,26950
31080,permits_units,2015,34034
31080,permits_units,2016,32114
31080,permits_units,2017,31084
31080,permits_units,2018,29524
31080,permits_units,2019,30554
31080,permits_units,2020,26930
31080,permits_units,2021,31151
31080,permits_units,2022,32873
31080,permits_units,2023,30767
31080,permits_units,2024,26781
31080,permits_units,2025,27242
31140,permits_multifamily,2014,1531
31140,permits_multifamily,2015,1103
31140,permits_multifamily,2016,1982
31140,permits_multifamily,2017,2265
31140,permits_multifamily,2018,2369
31140,permits_multifamily,2019,2574
31140,permits_multifamily,2020,800
31140,permits_multifamily,2021,1302
31140,permits_multifamily,2022,1951
31140,permits_multifamily,2023,3672
31140,permits_multifamily,2024,1894
31140,permits_multifamily,2025,2436
31140,permits_single_family,2014,2390
31140,permits_single_family,2015,2734
31140,permits_single_family,2016,3127
31140,permits_single_family,2017,3446
31140,permits_single_family,2018,3104
31140,permits_single_family,2019,3122
31140,permits_single_family,2020,3667
31140,permits_single_family,2021,4136
31140,permits_single_family,2022,3345
31140,permits_single_family,2023,2914
31140,permits_single_family,2024,3690
31140,permits_single_family,2025,3567
31140,permits_units,2014,4011
31140,permits_units,2015,3979
31140,permits_units,2016,5149
31140,permits_units,2017,5785
31140,permits_units,2018,5513
31140,permits_units,2019,5766
31140,permits_units,2020,4551
31140,permits_units,2021,5508
31140,permits_units,2022,5376
31140,permits_units,2023,6731
31140,permits_units,2024,5796
31140,permits_units,2025,6103
31180,permits_multifamily,2014,1101
31180,permits_multifamily,2015,826
31180,permits_multifamily,2016,1227
31180,permits_multifamily,2017,766
31180,permits_multifamily,2018,69
31180,permits_multifamily,2019,589
31180,permits_multifamily,2020,1576
31180,permits_multifamily,2021,241
31180,permits_multifamily,2022,680
31180,permits_multifamily,2023,536
31180,permits_multifamily,2024,252
31180,permits_multifamily,2025,789
31180,permits_single_family,2014,975
31180,permits_single_family,2015,958
31180,permits_single_family,2016,1279
31180,permits_single_family,2017,1613
31180,permits_single_family,2018,1402
31180,permits_single_family,2019,1509
31180,permits_single_family,2020,2023
31180,permits_single_family,2021,2725
31180,permits_single_family,2022,2325
31180,permits_single_family,2023,1952
31180,permits_single_family,2024,1925
31180,permits_single_family,2025,2046
31180,permits_units,2014,2136
31180,permits_units,2015,1856
31180,permits_units,2016,2648
31180,permits_units,2017,2388
31180,permits_units,2018,1481
31180,permits_units,2019,2254
31180,permits_units,2020,3857
31180,permits_units,2021,3404
31180,permits_units,2022,3279
31180,permits_units,2023,2514
31180,permits_units,2024,2223
31180,permits_units,2025,2869
31220,permits_multifamily,2024,97
31220,permits_multifamily,2025,0
31220,permits_single_family,2024,80
31220,permits_single_family,2025,66
31220,permits_units,2024,177
31220,permits_units,2025,66
31260,permits_multifamily,2024,0
31260,permits_multifamily,2025,0
31260,permits_single_family,2024,98
31260,permits_single_family,2025,139
31260,permits_units,2024,120
31260,permits_units,2025,157
31300,permits_multifamily,2024,0
31300,permits_multifamily,2025,104
31300,permits_single_family,2024,335
31300,permits_single_family,2025,291
31300,permits_units,2024,337
31300,permits_units,2025,399
31340,permits_multifamily,2014,338
31340,permits_multifamily,2015,201
31340,permits_multifamily,2016,99
31340,permits_multifamily,2017,263
31340,permits_multifamily,2018,143
31340,permits_multifamily,2019,303
31340,permits_multifamily,2020,317
31340,permits_multifamily,2021,138
31340,permits_multifamily,2022,286
31340,permits_multifamily,2023,108
31340,permits_multifamily,2024,399
31340,permits_multifamily,2025,122
31340,permits_single_family,2014,576
31340,permits_single_family,2015,591
31340,permits_single_family,2016,564
31340,permits_single_family,2017,492
31340,permits_single_family,2018,271
31340,permits_single_family,2019,260
31340,permits_single_family,2020,587
31340,permits_single_family,2021,543
31340,permits_single_family,2022,499
31340,permits_single_family,2023,972
31340,permits_single_family,2024,967
31340,permits_single_family,2025,975
31340,permits_units,2014,921
31340,permits_units,2015,797
31340,permits_units,2016,663
31340,permits_units,2017,770
31340,permits_units,2018,430
31340,permits_units,2019,582
31340,permits_units,2020,920
31340,permits_units,2021,692
31340,permits_units,2022,805
31340,permits_units,2023,1092
31340,permits_units,2024,1404
31340,permits_units,2025,1115
31380,permits_multifamily,2024,0
31380,permits_multifamily,2025,0
31380,permits_single_family,2024,1
31380,permits_single_family,2025,1
31380,permits_units,2024,1
31380,permits_units,2025,1
31420,permits_multifamily,2014,0
31420,permits_multifamily,2015,0
31420,permits_multifamily,2016,0
31420,permits_multifamily,2017,0
31420,permits_multifamily,2018,6
31420,permits_multifamily,2019,0
31420,permits_multifamily,2020,14
31420,permits_multifamily,2021,0
31420,permits_multifamily,2022,0
31420,permits_multifamily,2023,20
31420,permits_multifamily,2024,6
31420,permits_multifamily,2025,0
31420,permits_single_family,2014,218
31420,permits_single_family,2015,245
31420,permits_single_family,2016,236
31420,permits_single_family,2017,320
31420,permits_single_family,2018,391
31420,permits_single_family,2019,412
31420,permits_single_family,2020,508
31420,permits_single_family,2021,563
31420,permits_single_family,2022,622
31420,permits_single_family,2023,547
31420,permits_single_family,2024,575
31420,permits_single_family,2025,511
31420,permits_units,2014,218
31420,permits_units,2015,317
31420,permits_units,2016,236
31420,permits_units,2017,320
31420,permits_units,2018,397
31420,permits_units,2019,420
31420,permits_units,2020,522
31420,permits_units,2021,563
31420,permits_units,2022,622
31420,permits_units,2023,567
31420,permits_units,2024,591
31420,permits_units,2025,511
31460,permits_multifamily,2014,0
31460,permits_multifamily,2015,0
31460,permits_multifamily,2016,0
31460,permits_multifamily,2017,0
31460,permits_multifamily,2018,0
31460,permits_multifamily,2019,0
31460,permits_multifamily,2020,120
31460,permits_multifamily,2021,0
31460,permits_multifamily,2022,64
31460,permits_multifamily,2023,0
31460,permits_single_family,2014,210
31460,permits_single_family,2015,211
31460,permits_single_family,2016,300
31460,permits_single_family,2017,415
31460,permits_single_family,2018,503
31460,permits_single_family,2019,644
31460,permits_single_family,2020,732
31460,permits_single_family,2021,1066
31460,permits_single_family,2022,880
31460,permits_single_family,2023,1109
31460,permits_units,2014,214
31460,permits_units,2015,211
31460,permits_units,2016,300
31460,permits_units,2017,415
31460,permits_units,2018,503
31460,permits_units,2019,644
31460,permits_units,2020,852
31460,permits_units,2021,1066
31460,permits_units,2022,966
31460,permits_units,2023,1109
31500,permits_multifamily,2024,0
31500,permits_multifamily,2025,0
31500,permits_single_family,2024,58
31500,permits_single_family,2025,68
31500,permits_units,2024,58
31500,permits_units,2025,68
31540,permits_multifamily,2014,2469
31540,permits_multifamily,2015,1952
31540,permits_multifamily,2016,3130
31540,permits_multifamily,2017,2838
31540,permits_multifamily,2018,1845
31540,permits_multifamily,2019,1669
31540,permits_multifamily,2020,3360
31540,permits_multifamily,2021,5235
31540,permits_multifamily,2022,3836
31540,permits_multifamily,2023,3528
31540,permits_multifamily,2024,3962
31540,permits_multifamily,2025,5008
31540,permits_single_family,2014,1243
31540,permits_single_family,2015,1406
31540,permits_single_family,2016,1613
31540,permits_single_family,2017,1656
31540,permits_single_family,2018,1623
31540,permits_single_family,2019,1536
31540,permits_single_family,2020,1723
31540,permits_single_family,2021,1737
31540,permits_single_family,2022,1530
31540,permits_single_family,2023,1534
31540,permits_single_family,2024,1679
31540,permits_single_family,2025,1725
31540,permits_units,2014,3805
31540,permits_units,2015,3498
31540,permits_units,2016,4953
31540,permits_units,2017,4632
31540,permits_units,2018,3652
31540,permits_units,2019,3343
31540,permits_units,2020,5268
31540,permits_units,2021,7194
31540,permits_units,2022,5579
31540,permits_units,2023,5361
31540,permits_units,2024,5838
31540,permits_units,2025,6947
31580,permits_multifamily,2024,0
31580,permits_multifamily,2025,72
31580,permits_single_family,2024,112
31580,permits_single_family,2025,94
31580,permits_units,2024,118
31580,permits_units,2025,201
31620,permits_multifamily,2024,0
31620,permits_multifamily,2025,0
31620,permits_single_family,2024,14
31620,permits_single_family,2025,7
31620,permits_units,2024,14
31620,permits_units,2025,11
31680,permits_multifamily,2024,0
31680,permits_multifamily,2025,0
31680,permits_single_family,2024,4
31680,permits_single_family,2025,7
31680,permits_units,2024,4
31680,permits_units,2025,7
31700,permits_multifamily,2014,480
31700,permits_multifamily,2015,340
31700,permits_multifamily,2016,358
31700,permits_multifamily,2017,264
31700,permits_multifamily,2018,613
31700,permits_multifamily,2019,486
31700,permits_multifamily,2020,141
31700,permits_multifamily,2021,569
31700,permits_multifamily,2022,174
31700,permits_multifamily,2023,786
31700,permits_multifamily,2024,349
31700,permits_multifamily,2025,188
31700,permits_single_family,2014,464
31700,permits_single_family,2015,557
31700,permits_single_family,2016,701
31700,permits_single_family,2017,717
31700,permits_single_family,2018,709
31700,permits_single_family,2019,691
31700,permits_single_family,2020,666
31700,permits_single_family,2021,683
31700,permits_single_family,2022,620
31700,permits_single_family,2023,532
31700,permits_single_family,2024,427
31700,permits_single_family,2025,380
31700,permits_units,2014,968
31700,permits_units,2015,921
31700,permits_units,2016,1097
31700,permits_units,2017,1033
31700,permits_units,2018,1406
31700,permits_units,2019,1252
31700,permits_units,2020,868
31700,permits_units,2021,1342
31700,permits_units,2022,844
31700,permits_units,2023,1382
31700,permits_units,2024,872
31700,permits_units,2025,632
31740,permits_multifamily,2014,79
31740,permits_multifamily,2015,146
31740,permits_multifamily,2016,657
31740,permits_multifamily,2017,71
31740,permits_multifamily,2018,0
31740,permits_multifamily,2019,67
31740,permits_multifamily,2020,122
31740,permits_multifamily,2021,0
31740,permits_multifamily,2022,49
31740,permits_multifamily,2023,32
31740,permits_multifamily,2024,35
31740,permits_multifamily,2025,191
31740,permits_single_family,2014,407
31740,permits_single_family,2015,340
31740,permits_single_family,2016,297
31740,permits_single_family,2017,304
31740,permits_single_family,2018,233
31740,permits_single_family,2019,262
31740,permits_single_family,2020,236
31740,permits_single_family,2021,266
31740,permits_single_family,2022,242
31740,permits_single_family,2023,215
31740,permits_single_family,2024,279
31740,permits_single_family,2025,300
31740,permits_units,2014,514
31740,permits_units,2015,496
31740,permits_units,2016,962
31740,permits_units,2017,381
31740,permits_units,2018,241
31740,permits_units,2019,336
31740,permits_units,2020,405
31740,permits_units,2021,278
31740,permits_units,2022,301
31740,permits_units,2023,257
31740,permits_units,2024,336
31740,permits_units,2025,495
31820,permits_multifamily,2024,0
31820,permits_multifamily,2025,30
31820,permits_single_family,2024,96
31820,permits_single_family,2025,102
31820,permits_units,2024,112
31820,permits_units,2025,152
31860,permits_multifamily,2014,180
31860,permits_multifamily,2015,421
31860,permits_multifamily,2016,151
31860,permits_multifamily,2017,162
31860,permits_multifamily,2018,200
31860,permits_multifamily,2019,45
31860,permits_multifamily,2020,162
31860,permits_multifamily,2021,187
31860,permits_multifamily,2022,367
31860,permits_multifamily,2023,403
31860,permits_multifamily,2024,179
31860,permits_multifamily,2025,78
31860,permits_single_family,2014,232
31860,permits_single_family,2015,245
31860,permits_single_family,2016,245
31860,permits_single_family,2017,342
31860,permits_single_family,2018,273
31860,permits_single_family,2019,172
31860,permits_single_family,2020,259
31860,permits_single_family,2021,252
31860,permits_single_family,2022,177
31860,permits_single_family,2023,156
31860,permits_single_family,2024,123
31860,permits_single_family,2025,234
31860,permits_units,2014,430
31860,permits_units,2015,808
31860,permits_units,2016,404
31860,permits_units,2017,516
31860,permits_units,2018,487
31860,permits_units,2019,237
31860,permits_units,2020,450
31860,permits_units,2021,480
31860,permits_units,2022,609
31860,permits_units,2023,561
31860,permits_units,2024,377
31860,permits_units,2025,356
31900,permits_multifamily,2014,0
31900,permits_multifamily,2015,0
31900,permits_multifamily,2016,8
31900,permits_multifamily,2017,0
31900,permits_multifamily,2018,0
31900,permits_multifamily,2019,0
31900,permits_multifamily,2020,39
31900,permits_multifamily,2021,0
31900,permits_multifamily,2022,63
31900,permits_multifamily,2023,0
31900,permits_multifamily,2024,0
31900,permits_multifamily,2025,0
31900,permits_single_family,2014,61
31900,permits_single_family,2015,62
31900,permits_single_family,2016,54
31900,permits_single_family,2017,70
31900,permits_single_family,2018,61
31900,permits_single_family,2019,57
31900,permits_single_family,2020,109
31900,permits_single_family,2021,107
31900,permits_single_family,2022,115
31900,permits_single_family,2023,110
31900,permits_single_family,2024,122
31900,permits_single_family,2025,96
31900,permits_units,2014,61
31900,permits_units,2015,62
31900,permits_units,2016,69
31900,permits_units,2017,77
31900,permits_units,2018,80
31900,permits_units,2019,61
31900,permits_units,2020,205
31900,permits_units,2021,115
31900,permits_units,2022,247
31900,permits_units,2023,132
31900,permits_units,2024,143
31900,permits_units,2025,114
31930,permits_multifamily,2024,0
31930,permits_multifamily,2025,0
31930,permits_single_family,2024,5
31930,permits_single_family,2025,7
31930,permits_units,2024,5
31930,permits_units,2025,7
31940,permits_multifamily,2024,0
31940,permits_multifamily,2025,32
31940,permits_single_family,2024,173
31940,permits_single_family,2025,209
31940,permits_units,2024,177
31940,permits_units,2025,243
31980,permits_multifamily,2024,8
31980,permits_multifamily,2025,0
31980,permits_single_family,2024,44
31980,permits_single_family,2025,36
31980,permits_units,2024,52
31980,permits_units,2025,38
32000,permits_multifamily,2024,0
32000,permits_multifamily,2025,0
32000,permits_single_family,2024,175
32000,permits_single_family,2025,164
32000,permits_units,2024,175
32000,permits_units,2025,164
32020,permits_multifamily,2024,0
32020,permits_multifamily,2025,0
32020,permits_single_family,2024,38
32020,permits_single_family,2025,60
32020,permits_units,2024,41
32020,permits_units,2025,60
32060,permits_multifamily,2024,5
32060,permits_multifamily,2025,8
32060,permits_single_family,2024,80
32060,permits_single_family,2025,68
32060,permits_units,2024,138
32060,permits_units,2025,141
32100,permits_multifamily,2024,0
32100,permits_multifamily,2025,0
32100,permits_single_family,2024,89
32100,permits_single_family,2025,96
32100,permits_units,2024,91
32100,permits_units,2025,106
32140,permits_multifamily,2024,72
32140,permits_multifamily,2025,0
32140,permits_single_family,2024,20
32140,permits_single_family,2025,19
32140,permits_units,2024,92
32140,permits_units,2025,23
32180,permits_multifamily,2024,0
32180,permits_multifamily,2025,0
32180,permits_single_family,2024,7
32180,permits_single_family,2025,19
32180,permits_units,2024,13
32180,permits_units,2025,23
32260,permits_multifamily,2024,0
32260,permits_multifamily,2025,0
32260,permits_single_family,2024,27
32260,permits_single_family,2025,23
32260,permits_units,2024,37
32260,permits_units,2025,33
32280,permits_multifamily,2024,0
32280,permits_multifamily,2025,0
32280,permits_single_family,2024,67
32280,permits_single_family,2025,71
32280,permits_units,2024,67
32280,permits_units,2025,71
32300,permits_multifamily,2024,52
32300,permits_multifamily,2025,0
32300,permits_single_family,2024,36
32300,permits_single_family,2025,44
32300,permits_units,2024,88
32300,permits_units,2025,44
32340,permits_multifamily,2024,0
32340,permits_multifamily,2025,0
32340,permits_single_family,2024,45
32340,permits_single_family,2025,45
32340,permits_units,2024,49
32340,permits_units,2025,53
32380,permits_multifamily,2024,6
32380,permits_multifamily,2025,42
32380,permits_single_family,2024,32
32380,permits_single_family,2025,45
32380,permits_units,2024,54
32380,permits_units,2025,121
32390,permits_multifamily,2024,12
32390,permits_multifamily,2025,0
32390,permits_single_family,2024,204
32390,permits_single_family,2025,213
32390,permits_units,2024,228
32390,permits_units,2025,221
32420,permits_multifamily,2025,0
32420,permits_single_family,2025,329
32420,permits_units,2025,343
32460,permits_multifamily,2024,0
32460,permits_multifamily,2025,0
32460,permits_single_family,2024,9
32460,permits_single_family,2025,83
32460,permits_units,2024,9
32460,permits_units,2025,83
32540,permits_multifamily,2024,0
32540,permits_multifamily,2025,0
32540,permits_single_family,2024,51
32540,permits_single_family,2025,31
32540,permits_units,2024,51
32540,permits_units,2025,31
32580,permits_multifamily,2014,210
32580,permits_multifamily,2015,992
32580,permits_multifamily,2016,1055
32580,permits_multifamily,2017,753
32580,permits_multifamily,2018,729
32580,permits_multifamily,2019,913
32580,permits_multifamily,2020,472
32580,permits_multifamily,2021,219
32580,permits_multifamily,2022,523
32580,permits_multifamily,2023,627
32580,permits_multifamily,2024,653
32580,permits_multifamily,2025,570
32580,permits_single_family,2014,2840
32580,permits_single_family,2015,2929
32580,permits_single_family,2016,2921
32580,permits_single_family,2017,2698
32580,permits_single_family,2018,2959
32580,permits_single_family,2019,3526
32580,permits_single_family,2020,3491
32580,permits_single_family,2021,4844
32580,permits_single_family,2022,3874
32580,permits_single_family,2023,4143
32580,permits_single_family,2024,4336
32580,permits_single_family,2025,4523
32580,permits_units,2014,3473
32580,permits_units,2015,4306
32580,permits_units,2016,4568
32580,permits_units,2017,4297
32580,permits_units,2018,4642
32580,permits_units,2019,5370
32580,permits_units,2020,4894
32580,permits_units,2021,6055
32580,permits_units,2022,5951
32580,permits_units,2023,6899
32580,permits_units,2024,7292
32580,permits_units,2025,7301
32620,permits_multifamily,2024,0
32620,permits_multifamily,2025,0
32620,permits_single_family,2024,4
32620,permits_single_family,2025,4
32620,permits_units,2024,8
32620,permits_units,2025,6
32660,permits_multifamily,2024,12
32660,permits_multifamily,2025,0
32660,permits_single_family,2024,259
32660,permits_single_family,2025,235
32660,permits_units,2024,282
32660,permits_units,2025,271
32700,permits_multifamily,2024,0
32700,permits_multifamily,2025,0
32700,permits_single_family,2024,88
32700,permits_single_family,2025,99
32700,permits_units,2024,110
32700,permits_units,2025,115
32740,permits_multifamily,2024,0
32740,permits_multifamily,2025,0
32740,permits_single_family,2024,79
32740,permits_single_family,2025,99
32740,permits_units,2024,79
32740,permits_units,2025,99
32780,permits_multifamily,2014,132
32780,permits_multifamily,2015,82
32780,permits_multifamily,2016,158
32780,permits_multifamily,2017,47
32780,permits_multifamily,2018,238
32780,permits_multifamily,2019,215
32780,permits_multifamily,2020,175
32780,permits_multifamily,2021,299
32780,permits_multifamily,2022,261
32780,permits_multifamily,2023,668
32780,permits_multifamily,2024,212
32780,permits_multifamily,2025,310
32780,permits_single_family,2014,590
32780,permits_single_family,2015,604
32780,permits_single_family,2016,727
32780,permits_single_family,2017,724
32780,permits_single_family,2018,681
32780,permits_single_family,2019,656
32780,permits_single_family,2020,677
32780,permits_single_family,2021,777
32780,permits_single_family,2022,761
32780,permits_single_family,2023,653
32780,permits_single_family,2024,631
32780,permits_single_family,2025,609
32780,permits_units,2014,747
32780,permits_units,2015,717
32780,permits_units,2016,912
32780,permits_units,2017,805
32780,permits_units,2018,933
32780,permits_units,2019,921
32780,permits_units,2020,886
32780,permits_units,2021,1142
32780,permits_units,2022,1080
32780,permits_units,2023,1384
32780,permits_units,2024,896
32780,permits_units,2025,944
32820,permits_multifamily,2014,607
32820,permits_multifamily,2015,1370
32820,permits_multifamily,2016,1316
32820,permits_multifamily,2017,577
32820,permits_multifamily,2018,1305
32820,permits_multifamily,2019,343
32820,permits_multifamily,2020,872
32820,permits_multifamily,2021,895
32820,permits_multifamily,2022,814
32820,permits_multifamily,2023,980
32820,permits_multifamily,2024,1443
32820,permits_multifamily,2025,195
32820,permits_single_family,2014,2539
32820,permits_single_family,2015,2573
32820,permits_single_family,2016,3002
32820,permits_single_family,2017,3193
32820,permits_single_family,2018,3185
32820,permits_single_family,2019,3319
32820,permits_single_family,2020,3887
32820,permits_single_family,2021,4284
32820,permits_single_family,2022,3485
32820,permits_single_family,2023,3062
32820,permits_single_family,2024,2773
32820,permits_single_family,2025,3082
32820,permits_units,2014,3154
32820,permits_units,2015,3951
32820,permits_units,2016,4354
32820,permits_units,2017,3860
32820,permits_units,2018,4492
32820,permits_units,2019,3674
32820,permits_units,2020,4797
32820,permits_units,2021,5205
32820,permits_units,2022,4301
32820,permits_units,2023,4058
32820,permits_units,2024,4240
32820,permits_units,2025,3298
32860,permits_multifamily,2024,0
32860,permits_multifamily,2025,0
32860,permits_single_family,2024,137
32860,permits_single_family,2025,93
32860,permits_units,2024,145
32860,permits_units,2025,95
32900,permits_multifamily,2014,0
32900,permits_multifamily,2015,0
32900,permits_multifamily,2016,109
32900,permits_multifamily,2017,0
32900,permits_multifamily,2018,0
32900,permits_multifamily,2019,0
32900,permits_multifamily,2020,21
32900,permits_multifamily,2021,0
32900,permits_multifamily,2022,352
32900,permits_multifamily,2023,0
32900,permits_multifamily,2024,0
32900,permits_multifamily,2025,80
32900,permits_single_family,2014,163
32900,permits_single_family,2015,228
32900,permits_single_family,2016,611
32900,permits_single_family,2017,546
32900,permits_single_family,2018,630
32900,permits_single_family,2019,948
32900,permits_single_family,2020,998
32900,permits_single_family,2021,1017
32900,permits_single_family,2022,373
32900,permits_single_family,2023,403
32900,permits_single_family,2024,517
32900,permits_single_family,2025,697
32900,permits_units,2014,169
32900,permits_units,2015,232
32900,permits_units,2016,720
32900,permits_units,2017,550
32900,permits_units,2018,630
32900,permits_units,2019,948
32900,permits_units,2020,1019
32900,permits_units,2021,1017
32900,permits_units,2022,730
32900,permits_units,2023,406
32900,permits_units,2024,520
32900,permits_units,2025,780
32940,permits_multifamily,2024,0
32940,permits_multifamily,2025,0
32940,permits_single_family,2024,27
32940,permits_single_family,2025,33
32940,permits_units,2024,27
32940,permits_units,2025,38
33020,permits_multifamily,2024,0
33020,permits_multifamily,2025,0
33020,permits_single_family,2024,23
33020,permits_single_family,2025,28
33020,permits_units,2024,25
33020,permits_units,2025,28
33060,permits_multifamily,2024,0
33060,permits_multifamily,2025,0
33060,permits_single_family,2024,16
33060,permits_single_family,2025,17
33060,permits_units,2024,18
33060,permits_units,2025,17
33100,permits_multifamily,2014,9272
33100,permits_multifamily,2015,16059
33100,permits_multifamily,2016,11734
33100,permits_multifamily,2017,12797
33100,permits_multifamily,2018,11903
33100,permits_multifamily,2019,12964
33100,permits_multifamily,2020,13247
33100,permits_multifamily,2021,16549
33100,permits_multifamily,2022,12327
33100,permits_multifamily,2023,15227
33100,permits_multifamily,2024,10005
33100,permits_multifamily,2025,16699
33100,permits_single_family,2014,5791
33100,permits_single_family,2015,7142
33100,permits_single_family,2016,6705
33100,permits_single_family,2017,6655
33100,permits_single_family,2018,7022
33100,permits_single_family,2019,7241
33100,permits_single_family,2020,7808
33100,permits_single_family,2021,8316
33100,permits_single_family,2022,6971
33100,permits_single_family,2023,5512
33100,permits_single_family,2024,5825
33100,permits_single_family,2025,5873
33100,permits_units,2014,15259
33100,permits_units,2015,23450
33100,permits_units,2016,18742
33100,permits_units,2017,19723
33100,permits_units,2018,19553
33100,permits_units,2019,20688
33100,permits_units,2020,21758
33100,permits_units,2021,25313
33100,permits_units,2022,19721
33100,permits_units,2023,21320
33100,permits_units,2024,16352
33100,permits_units,2025,23453
33140,permits_multifamily,2014,24
33140,permits_multifamily,2015,50
33140,permits_multifamily,2016,0
33140,permits_multifamily,2017,6
33140,permits_multifamily,2018,0
33140,permits_multifamily,2019,0
33140,permits_multifamily,2020,0
33140,permits_multifamily,2021,0
33140,permits_multifamily,2022,195
33140,permits_multifamily,2023,72
33140,permits_multifamily,2024,75
33140,permits_multifamily,2025,87
33140,permits_single_family,2014,101
33140,permits_single_family,2015,99
33140,permits_single_family,2016,92
33140,permits_single_family,2017,147
33140,permits_single_family,2018,134
33140,permits_single_family,2019,113
33140,permits_single_family,2020,118
33140,permits_single_family,2021,136
33140,permits_single_family,2022,124
33140,permits_single_family,2023,161
33140,permits_single_family,2024,221
33140,permits_single_family,2025,204
33140,permits_units,2014,125
33140,permits_units,2015,159
33140,permits_units,2016,108
33140,permits_units,2017,157
33140,permits_units,2018,140
33140,permits_units,2019,115
33140,permits_units,2020,120
33140,permits_units,2021,138
33140,permits_units,2022,322
33140,permits_units,2023,233
33140,permits_units,2024,296
33140,permits_units,2025,291
33180,permits_multifamily,2024,0
33180,permits_multifamily,2025,0
33180,permits_single_family,2024,44
33180,permits_single_family,2025,41
33180,permits_units,2024,44
33180,permits_units,2025,41
33220,permits_multifamily,2014,137
33220,permits_multifamily,2015,0
33220,permits_multifamily,2016,0
33220,permits_multifamily,2017,0
33220,permits_multifamily,2018,0
33220,permits_multifamily,2019,0
33220,permits_multifamily,2020,0
33220,permits_multifamily,2021,0
33220,permits_multifamily,2022,0
33220,permits_multifamily,2023,50
33220,permits_multifamily,2024,204
33220,permits_multifamily,2025,0
33220,permits_single_family,2014,107
33220,permits_single_family,2015,108
33220,permits_single_family,2016,109
33220,permits_single_family,2017,118
33220,permits_single_family,2018,84
33220,permits_single_family,2019,108
33220,permits_single_family,2020,123
33220,permits_single_family,2021,141
33220,permits_single_family,2022,108
33220,permits_single_family,2023,102
33220,permits_single_family,2024,104
33220,permits_single_family,2025,114
33220,permits_units,2014,262
33220,permits_units,2015,130
33220,permits_units,2016,201
33220,permits_units,2017,142
33220,permits_units,2018,88
33220,permits_units,2019,114
33220,permits_units,2020,123
33220,permits_units,2021,159
33220,permits_units,2022,130
33220,permits_units,2023,156
33220,permits_units,2024,314
33220,permits_units,2025,128
33260,permits_multifamily,2014,636
33260,permits_multifamily,2015,264
33260,permits_multifamily,2016,0
33260,permits_multifamily,2017,0
33260,permits_multifamily,2018,0
33260,permits_multifamily,2019,0
33260,permits_multifamily,2020,0
33260,permits_multifamily,2021,0
33260,permits_multifamily,2022,0
33260,permits_multifamily,2023,0
33260,permits_multifamily,2024,0
33260,permits_multifamily,2025,0
33260,permits_single_family,2014,920
33260,permits_single_family,2015,766
33260,permits_single_family,2016,636
33260,permits_single_family,2017,766
33260,permits_single_family,2018,1227
33260,permits_single_family,2019,1306
33260,permits_single_family,2020,1292
33260,permits_single_family,2021,872
33260,permits_single_family,2022,594
33260,permits_single_family,2023,810
33260,permits_single_family,2024,1505
33260,permits_single_family,2025,1322
33260,permits_units,2014,1556
33260,permits_units,2015,1030
33260,permits_units,2016,676
33260,permits_units,2017,766
33260,permits_units,2018,1227
33260,permits_units,2019,1306
33260,permits_units,2020,1292
33260,permits_units,2021,872
33260,permits_units,2022,594
33260,permits_units,2023,818
33260,permits_units,2024,1509
33260,permits_units,2025,1322
33300,permits_multifamily,2024,12
33300,permits_multifamily,2025,13
33300,permits_single_family,2024,100
33300,permits_single_family,2025,79
33300,permits_units,2024,202
33300,permits_units,2025,95
33340,permits_multifamily,2014,1018
33340,permits_multifamily,2015,1588
33340,permits_multifamily,2016,2292
33340,permits_multifamily,2017,1975
33340,permits_multifamily,2018,1906
33340,permits_multifamily,2019,700
33340,permits_multifamily,2020,789
33340,permits_multifamily,2021,787
33340,permits_multifamily,2022,1249
33340,permits_multifamily,2023,1154
33340,permits_multifamily,2024,2016
33340,permits_multifamily,2025,1132
33340,permits_single_family,2014,1257
33340,permits_single_family,2015,1369
33340,permits_single_family,2016,1650
33340,permits_single_family,2017,1559
33340,permits_single_family,2018,1712
33340,permits_single_family,2019,1494
33340,permits_single_family,2020,1571
33340,permits_single_family,2021,1779
33340,permits_single_family,2022,1563
33340,permits_single_family,2023,1408
33340,permits_single_family,2024,1712
33340,permits_single_family,2025,1734
33340,permits_units,2014,2355
33340,permits_units,2015,3001
33340,permits_units,2016,3992
33340,permits_units,2017,3644
33340,permits_units,2018,3769
33340,permits_units,2019,2419
33340,permits_units,2020,2698
33340,permits_units,2021,2929
33340,permits_units,2022,3172
33340,permits_units,2023,2844
33340,permits_units,2024,4058
33340,permits_units,2025,3105
33380,permits_multifamily,2024,0
33380,permits_multifamily,2025,26
33380,permits_single_family,2024,35
33380,permits_single_family,2025,34
33380,permits_units,2024,35
33380,permits_units,2025,60
33420,permits_multifamily,2024,0
33420,permits_multifamily,2025,0
33420,permits_single_family,2024,22
33420,permits_single_family,2025,22
33420,permits_units,2024,24
33420,permits_units,2025,22
33460,permits_multifamily,2014,4609
33460,permits_multifamily,2015,4776
33460,permits_multifamily,2016,6106
33460,permits_multifamily,2017,6082
33460,permits_multifamily,2018,8996
33460,permits_multifamily,2019,12567
33460,permits_multifamily,2020,11778
33460,permits_multifamily,2021,13892
33460,permits_multifamily,2022,14225
33460,permits_multifamily,2023,10040
33460,permits_multifamily,2024,4333
33460,permits_multifamily,2025,5342
33460,permits_single_family,2014,6689
33460,permits_single_family,2015,6770
33460,permits_single_family,2016,7889
33460,permits_single_family,2017,8782
33460,permits_single_family,2018,8985
33460,permits_single_family,2019,9610
33460,permits_single_family,2020,10277
33460,permits_single_family,2021,11734
33460,permits_single_family,2022,9114
33460,permits_single_family,2023,8245
33460,permits_single_family,2024,9300
33460,permits_single_family,2025,8868
33460,permits_units,2014,11425
33460,permits_units,2015,11673
33460,permits_units,2016,14160
33460,permits_units,2017,15100
33460,permits_units,2018,18206
33460,permits_units,2019,22414
33460,permits_units,2020,22341
33460,permits_units,2021,26077
33460,permits_units,2022,23725
33460,permits_units,2023,18633
33460,permits_units,2024,14022
33460,permits_units,2025,14516
33500,permits_multifamily,2024,0
33500,permits_multifamily,2025,41
33500,permits_single_family,2024,121
33500,permits_single_family,2025,78
33500,permits_units,2024,141
33500,permits_units,2025,141
33540,permits_multifamily,2014,247
33540,permits_multifamily,2015,257
33540,permits_multifamily,2016,530
33540,permits_multifamily,2017,515
33540,permits_multifamily,2018,160
33540,permits_multifamily,2019,190
33540,permits_multifamily,2020,351
33540,permits_multifamily,2021,1316
33540,permits_multifamily,2022,696
33540,permits_multifamily,2023,323
33540,permits_multifamily,2024,354
33540,permits_multifamily,2025,387
33540,permits_single_family,2014,227
33540,permits_single_family,2015,292
33540,permits_single_family,2016,361
33540,permits_single_family,2017,395
33540,permits_single_family,2018,459
33540,permits_single_family,2019,422
33540,permits_single_family,2020,421
33540,permits_single_family,2021,436
33540,permits_single_family,2022,347
33540,permits_single_family,2023,309
33540,permits_single_family,2024,384
33540,permits_single_family,2025,426
33540,permits_units,2014,578
33540,permits_units,2015,574
33540,permits_units,2016,930
33540,permits_units,2017,972
33540,permits_units,2018,689
33540,permits_units,2019,664
33540,permits_units,2020,789
33540,permits_units,2021,1798
33540,permits_units,2022,1078
33540,permits_units,2023,656
33540,permits_units,2024,777
33540,permits_units,2025,889
33580,permits_multifamily,2024,0
33580,permits_multifamily,2025,0
33580,permits_single_family,2024,58
33580,permits_single_family,2025,65
33580,permits_units,2024,74
33580,permits_units,2025,78
33620,permits_multifamily,2024,0
33620,permits_multifamily,2025,0
33620,permits_single_family,2024,21
33620,permits_single_family,2025,89
33620,permits_units,2024,25
33620,permits_units,2025,89
33660,permits_multifamily,2014,0
33660,permits_multifamily,2015,249
33660,permits_multifamily,2016,408
33660,permits_multifamily,2017,332
33660,permits_multifamily,2018,20
33660,permits_multifamily,2019,0
33660,permits_multifamily,2020,0
33660,permits_multifamily,2021,52
33660,permits_multifamily,2022,0
33660,permits_multifamily,2023,56
33660,permits_multifamily,2024,264
33660,permits_multifamily,2025,102
33660,permits_single_family,2014,746
33660,permits_single_family,2015,648
33660,permits_single_family,2016,754
33660,permits_single_family,2017,660
33660,permits_single_family,2018,763
33660,permits_single_family,2019,743
33660,permits_single_family,2020,937
33660,permits_single_family,2021,970
33660,permits_single_family,2022,738
33660,permits_single_family,2023,851
33660,permits_single_family,2024,1377
33660,permits_single_family,2025,986
33660,permits_units,2014,746
33660,permits_units,2015,907
33660,permits_units,2016,1195
33660,permits_units,2017,998
33660,permits_units,2018,783
33660,permits_units,2019,746
33660,permits_units,2020,937
33660,permits_units,2021,1022
33660,permits_units,2022,750
33660,permits_units,2023,917
33660,permits_units,2024,1715
33660,permits_units,2025,1102
33700,permits_multifamily,2014,50
33700,permits_multifamily,2015,0
33700,permits_multifamily,2016,0
33700,permits_multifamily,2017,67
33700,permits_multifamily,2018,65
33700,permits_multifamily,2019,81
33700,permits_multifamily,2020,36
33700,permits_multifamily,2021,140
33700,permits_multifamily,2022,29
33700,permits_multifamily,2023,84
33700,permits_multifamily,2024,63
33700,permits_multifamily,2025,300
33700,permits_single_family,2014,404
33700,permits_single_family,2015,413
33700,permits_single_family,2016,573
33700,permits_single_family,2017,644
33700,permits_single_family,2018,684
33700,permits_single_family,2019,611
33700,permits_single_family,2020,512
33700,permits_single_family,2021,667
33700,permits_single_family,2022,636
33700,permits_single_family,2023,716
33700,permits_single_family,2024,833
33700,permits_single_family,2025,894
33700,permits_units,2014,454
33700,permits_units,2015,413
33700,permits_units,2016,573
33700,permits_units,2017,719
33700,permits_units,2018,759
33700,permits_units,2019,699
33700,permits_units,2020,552
33700,permits_units,2021,811
33700,permits_units,2022,674
33700,permits_units,2023,810
33700,permits_units,2024,902
33700,permits_units,2025,1205
33740,permits_multifamily,2014,51
33740,permits_multifamily,2015,25
33740,permits_multifamily,2016,52
33740,permits_multifamily,2017,45
33740,permits_multifamily,2018,32
33740,permits_multifamily,2019,110
33740,permits_multifamily,2020,57
33740,permits_multifamily,2021,127
33740,permits_multifamily,2022,31
33740,permits_multifamily,2023,78
33740,permits_multifamily,2024,0
33740,permits_multifamily,2025,11
33740,permits_single_family,2014,504
33740,permits_single_family,2015,555
33740,permits_single_family,2016,566
33740,permits_single_family,2017,660
33740,permits_single_family,2018,425
33740,permits_single_family,2019,353
33740,permits_single_family,2020,358
33740,permits_single_family,2021,436
33740,permits_single_family,2022,340
33740,permits_single_family,2023,294
33740,permits_single_family,2024,409
33740,permits_single_family,2025,512
33740,permits_units,2014,726
33740,permits_units,2015,605
33740,permits_units,2016,670
33740,permits_units,2017,752
33740,permits_units,2018,490
33740,permits_units,2019,516
33740,permits_units,2020,466
33740,permits_units,2021,620
33740,permits_units,2022,489
33740,permits_units,2023,417
33740,permits_units,2024,416
33740,permits_units,2025,530
33780,permits_multifamily,2014,0
33780,permits_multifamily,2015,44
33780,permits_multifamily,2016,222
33780,permits_multifamily,2017,144
33780,permits_multifamily,2018,221
33780,permits_multifamily,2019,16
33780,permits_multifamily,2020,84
33780,permits_multifamily,2021,36
33780,permits_multifamily,2022,59
33780,permits_multifamily,2023,52
33780,permits_multifamily,2024,6
33780,permits_multifamily,2025,0
33780,permits_single_family,2014,239
33780,permits_single_family,2015,243
33780,permits_single_family,2016,269
33780,permits_single_family,2017,298
33780,permits_single_family,2018,265
33780,permits_single_family,2019,303
33780,permits_single_family,2020,283
33780,permits_single_family,2021,221
33780,permits_single_family,2022,203
33780,permits_single_family,2023,180
33780,permits_single_family,2024,219
33780,permits_single_family,2025,177
33780,permits_units,2014,239
33780,permits_units,2015,291
33780,permits_units,2016,511
33780,permits_units,2017,450
33780,permits_units,2018,492
33780,permits_units,2019,323
33780,permits_units,2020,367
33780,permits_units,2021,265
33780,permits_units,2022,266
33780,permits_units,2023,258
33780,permits_units,2024,237
33780,permits_units,2025,191
33860,permits_multifamily,2014,390
33860,permits_multifamily,2015,319
33860,permits_multifamily,2016,89
33860,permits_multifamily,2017,0
33860,permits_multifamily,2018,0
33860,permits_multifamily,2019,0
33860,permits_multifamily,2020,5
33860,permits_multifamily,2021,0
33860,permits_multifamily,2022,0
33860,permits_multifamily,2023,104
33860,permits_multifamily,2024,37
33860,permits_multifamily,2025,264
33860,permits_single_family,2014,737
33860,permits_single_family,2015,764
33860,permits_single_family,2016,716
33860,permits_single_family,2017,761
33860,permits_single_family,2018,654
33860,permits_single_family,2019,769
33860,permits_single_family,2020,966
33860,permits_single_family,2021,993
33860,permits_single_family,2022,793
33860,permits_single_family,2023,740
33860,permits_single_family,2024,751
33860,permits_single_family,2025,809
33860,permits_units,2014,1129
33860,permits_units,2015,1099
33860,permits_units,2016,805
33860,permits_units,2017,761
33860,permits_units,2018,654
33860,permits_units,2019,775
33860,permits_units,2020,979
33860,permits_units,2021,1014
33860,permits_units,2022,797
33860,permits_units,2023,844
33860,permits_units,2024,790
33860,permits_units,2025,1073
33900,permits_multifamily,2024,0
33900,permits_multifamily,2025,0
33900,permits_single_family,2024,47
33900,permits_single_family,2025,33
33900,permits_units,2024,47
33900,permits_units,2025,37
33910,permits_multifamily,2024,5
33910,permits_multifamily,2025,69
33910,permits_single_family,2024,578
33910,permits_single_family,2025,474
33910,permits_units,2024,757
33910,permits_units,2025,568
33940,permits_multifamily,2024,22
33940,permits_multifamily,2025,60
33940,permits_single_family,2024,240
33940,permits_single_family,2025,207
33940,permits_units,2024,270
33940,permits_units,2025,279
33980,permits_multifamily,2024,360
33980,permits_multifamily,2025,0
33980,permits_single_family,2024,559
33980,permits_single_family,2025,468
33980,permits_units,2024,935
33980,permits_units,2025,471
34020,permits_multifamily,2024,20
34020,permits_multifamily,2025,0
34020,permits_single_family,2024,27
34020,permits_single_family,2025,38
34020,permits_units,2024,47
34020,permits_units,2025,40
34060,permits_multifamily,2014,75
34060,permits_multifamily,2015,137
34060,permits_multifamily,2016,0
34060,permits_multifamily,2017,52
34060,permits_multifamily,2018,245
34060,permits_multifamily,2019,8
34060,permits_multifamily,2020,0
34060,permits_multifamily,2021,0
34060,permits_multifamily,2022,0
34060,permits_multifamily,2023,0
34060,permits_multifamily,2024,0
34060,permits_multifamily,2025,0
34060,permits_single_family,2014,16
34060,permits_single_family,2015,24
34060,permits_single_family,2016,19
34060,permits_single_family,2017,25
34060,permits_single_family,2018,21
34060,permits_single_family,2019,26
34060,permits_single_family,2020,25
34060,permits_single_family,2021,21
34060,permits_single_family,2022,11
34060,permits_single_family,2023,17
34060,permits_single_family,2024,16
34060,permits_single_family,2025,30
34060,permits_units,2014,101
34060,permits_units,2015,166
34060,permits_units,2016,21
34060,permits_units,2017,77
34060,permits_units,2018,266
34060,permits_units,2019,34
34060,permits_units,2020,25
34060,permits_units,2021,21
34060,permits_units,2022,11
34060,permits_units,2023,17
34060,permits_units,2024,16
34060,permits_units,2025,30
34100,permits_multifamily,2014,0
34100,permits_multifamily,2015,0
34100,permits_multifamily,2016,14
34100,permits_multifamily,2017,0
34100,permits_multifamily,2018,0
34100,permits_multifamily,2019,0
34100,permits_multifamily,2020,68
34100,permits_multifamily,2021,72
34100,permits_multifamily,2022,0
34100,permits_multifamily,2023,32
34100,permits_multifamily,2024,48
34100,permits_multifamily,2025,0
34100,permits_single_family,2014,141
34100,permits_single_family,2015,186
34100,permits_single_family,2016,220
34100,permits_single_family,2017,252
34100,permits_single_family,2018,286
34100,permits_single_family,2019,450
34100,permits_single_family,2020,472
34100,permits_single_family,2021,909
34100,permits_single_family,2022,868
34100,permits_single_family,2023,685
34100,permits_single_family,2024,459
34100,permits_single_family,2025,544
34100,permits_units,2014,151
34100,permits_units,2015,188
34100,permits_units,2016,236
34100,permits_units,2017,268
34100,permits_units,2018,302
34100,permits_units,2019,454
34100,permits_units,2020,548
34100,permits_units,2021,993
34100,permits_units,2022,969
34100,permits_units,2023,832
34100,permits_units,2024,552
34100,permits_units,2025,589
34140,permits_multifamily,2024,72
34140,permits_multifamily,2025,88
34140,permits_single_family,2024,120
34140,permits_single_family,2025,130
34140,permits_units,2024,198
34140,permits_units,2025,240
34180,permits_multifamily,2024,35
34180,permits_multifamily,2025,5
34180,permits_single_family,2024,463
34180,permits_single_family,2025,374
34180,permits_units,2024,552
34180,permits_units,2025,431
34220,permits_multifamily,2024,0
34220,permits_multifamily,2025,0
34220,permits_single_family,2024,63
34220,permits_single_family,2025,81
34220,permits_units,2024,97
34220,permits_units,2025,111
34260,permits_multifamily,2024,0
34260,permits_multifamily,2025,5
34260,permits_single_family,2024,39
34260,permits_single_family,2025,69
34260,permits_units,2024,49
34260,permits_units,2025,80
34300,permits_multifamily,2024,0
34300,permits_multifamily,2025,0
34300,permits_single_family,2024,131
34300,permits_single_family,2025,164
34300,permits_units,2024,131
34300,permits_units,2025,164
34340,permits_multifamily,2024,0
34340,permits_multifamily,2025,0
34340,permits_single_family,2024,241
34340,permits_single_family,2025,236
34340,permits_units,2024,243
34340,permits_units,2025,244
34380,permits_multifamily,2024,0
34380,permits_multifamily,2025,0
34380,permits_single_family,2024,71
34380,permits_single_family,2025,88
34380,permits_units,2024,75
34380,permits_units,2025,90
34420,permits_multifamily,2024,0
34420,permits_multifamily,2025,240
34420,permits_single_family,2024,66
34420,permits_single_family,2025,26
34420,permits_units,2024,72
34420,permits_units,2025,268
34460,permits_multifamily,2024,0
34460,permits_multifamily,2025,0
34460,permits_single_family,2024,57
34460,permits_single_family,2025,51
34460,permits_units,2024,59
34460,permits_units,2025,53
34500,permits_multifamily,2024,0
34500,permits_multifamily,2025,0
34500,permits_single_family,2024,6
34500,permits_single_family,2025,12
34500,permits_units,2024,6
34500,permits_units,2025,12
34540,permits_multifamily,2024,0
34540,permits_multifamily,2025,112
34540,permits_single_family,2024,184
34540,permits_single_family,2025,154
34540,permits_units,2024,194
34540,permits_units,2025,270
34580,permits_multifamily,2014,0
34580,permits_multifamily,2015,0
34580,permits_multifamily,2016,53
34580,permits_multifamily,2017,92
34580,permits_multifamily,2018,20
34580,permits_multifamily,2019,72
34580,permits_multifamily,2020,233
34580,permits_multifamily,2021,534
34580,permits_multifamily,2022,267
34580,permits_multifamily,2023,304
34580,permits_multifamily,2024,259
34580,permits_multifamily,2025,186
34580,permits_single_family,2014,262
34580,permits_single_family,2015,410
34580,permits_single_family,2016,420
34580,permits_single_family,2017,534
34580,permits_single_family,2018,542
34580,permits_single_family,2019,436
34580,permits_single_family,2020,300
34580,permits_single_family,2021,332
34580,permits_single_family,2022,261
34580,permits_single_family,2023,165
34580,permits_single_family,2024,265
34580,permits_single_family,2025,168
34580,permits_units,2014,274
34580,permits_units,2015,438
34580,permits_units,2016,505
34580,permits_units,2017,663
34580,permits_units,2018,585
34580,permits_units,2019,518
34580,permits_units,2020,561
34580,permits_units,2021,914
34580,permits_units,2022,579
34580,permits_units,2023,486
34580,permits_units,2024,547
34580,permits_units,2025,373
34620,permits_multifamily,2014,44
34620,permits_multifamily,2015,0
34620,permits_multifamily,2016,22
34620,permits_multifamily,2017,0
34620,permits_multifamily,2018,0
34620,permits_multifamily,2019,0
34620,permits_multifamily,2020,55
34620,permits_multifamily,2021,13
34620,permits_multifamily,2022,0
34620,permits_multifamily,2023,0
34620,permits_multifamily,2024,57
34620,permits_multifamily,2025,234
34620,permits_single_family,2014,54
34620,permits_single_family,2015,46
34620,permits_single_family,2016,82
34620,permits_single_family,2017,68
34620,permits_single_family,2018,52
34620,permits_single_family,2019,58
34620,permits_single_family,2020,116
34620,permits_single_family,2021,100
34620,permits_single_family,2022,201
34620,permits_single_family,2023,82
34620,permits_single_family,2024,109
34620,permits_single_family,2025,94
34620,permits_units,2014,98
34620,permits_units,2015,46
34620,permits_units,2016,124
34620,permits_units,2017,72
34620,permits_units,2018,52
34620,permits_units,2019,58
34620,permits_units,2020,171
34620,permits_units,2021,113
34620,permits_units,2022,201
34620,permits_units,2023,82
34620,permits_units,2024,173
34620,permits_units,2025,328
34660,permits_multifamily,2024,66
34660,permits_multifamily,2025,0
34660,permits_single_family,2024,15
34660,permits_single_family,2025,12
34660,permits_units,2024,81
34660,permits_units,2025,20
34680,permits_multifamily,2024,0
34680,permits_multifamily,2025,0
34680,permits_single_family,2024,327
34680,permits_single_family,2025,377
34680,permits_units,2024,327
34680,permits_units,2025,377
34700,permits_multifamily,2024,45
34700,permits_multifamily,2025,65
34700,permits_single_family,2024,30
34700,permits_single_family,2025,41
34700,permits_units,2024,77
34700,permits_units,2025,119
34740,permits_multifamily,2014,0
34740,permits_multifamily,2015,0
34740,permits_multifamily,2016,0
34740,permits_multifamily,2017,0
34740,permits_multifamily,2018,12
34740,permits_multifamily,2019,0
34740,permits_multifamily,2020,0
34740,permits_multifamily,2021,0
34740,permits_multifamily,2022,217
34740,permits_multifamily,2023,0
34740,permits_multifamily,2024,115
34740,permits_multifamily,2025,0
34740,permits_single_family,2014,172
34740,permits_single_family,2015,241
34740,permits_single_family,2016,233
34740,permits_single_family,2017,257
34740,permits_single_family,2018,221
34740,permits_single_family,2019,339
34740,permits_single_family,2020,266
34740,permits_single_family,2021,302
34740,permits_single_family,2022,321
34740,permits_single_family,2023,308
34740,permits_single_family,2024,308
34740,permits_single_family,2025,351
34740,permits_units,2014,181
34740,permits_units,2015,241
34740,permits_units,2016,233
34740,permits_units,2017,257
34740,permits_units,2018,233
34740,permits_units,2019,339
34740,permits_units,2020,268
34740,permits_units,2021,328
34740,permits_units,2022,548
34740,permits_units,2023,312
34740,permits_units,2024,423
34740,permits_units,2025,451
34780,permits_multifamily,2024,0
34780,permits_multifamily,2025,0
34780,permits_single_family,2024,61
34780,permits_single_family,2025,51
34780,permits_units,2024,61
34780,permits_units,2025,53
34820,permits_multifamily,2014,340
34820,permits_multifamily,2015,276
34820,permits_multifamily,2016,164
34820,permits_multifamily,2017,977
34820,permits_multifamily,2018,689
34820,permits_multifamily,2019,773
34820,permits_multifamily,2020,838
34820,permits_multifamily,2021,902
34820,permits_multifamily,2022,411
34820,permits_multifamily,2023,1789
34820,permits_multifamily,2024,60
34820,permits_multifamily,2025,77
34820,permits_single_family,2014,5027
34820,permits_single_family,2015,5763
34820,permits_single_family,2016,6209
34820,permits_single_family,2017,7468
34820,permits_single_family,2018,6741
34820,permits_single_family,2019,6989
34820,permits_single_family,2020,8185
34820,permits_single_family,2021,11054
34820,permits_single_family,2022,11519
34820,permits_single_family,2023,11228
34820,permits_single_family,2024,7269
34820,permits_single_family,2025,6418
34820,permits_units,2014,5446
34820,permits_units,2015,6154
34820,permits_units,2016,6525
34820,permits_units,2017,8587
34820,permits_units,2018,7446
34820,permits_units,2019,7840
34820,permits_units,2020,9139
34820,permits_units,2021,12219
34820,permits_units,2022,12000
34820,permits_units,2023,13176
34820,permits_units,2024,7331
34820,permits_units,2025,6511
34860,permits_multifamily,2024,0
34860,permits_multifamily,2025,0
34860,permits_single_family,2024,35
34860,permits_single_family,2025,31
34860,permits_units,2024,35
34860,permits_units,2025,31
34880,permits_multifamily,2024,20
34880,permits_multifamily,2025,25
34880,permits_single_family,2024,218
34880,permits_single_family,2025,203
34880,permits_units,2024,262
34880,permits_units,2025,250
34900,permits_multifamily,2014,39
34900,permits_multifamily,2015,0
34900,permits_multifamily,2016,0
34900,permits_multifamily,2017,42
34900,permits_multifamily,2018,159
34900,permits_multifamily,2019,608
34900,permits_multifamily,2020,627
34900,permits_multifamily,2021,1039
34900,permits_multifamily,2022,872
34900,permits_multifamily,2023,50
34900,permits_multifamily,2024,189
34900,permits_multifamily,2025,92
34900,permits_single_family,2014,92
34900,permits_single_family,2015,170
34900,permits_single_family,2016,207
34900,permits_single_family,2017,83
34900,permits_single_family,2018,102
34900,permits_single_family,2019,135
34900,permits_single_family,2020,137
34900,permits_single_family,2021,161
34900,permits_single_family,2022,220
34900,permits_single_family,2023,281
34900,permits_single_family,2024,250
34900,permits_single_family,2025,258
34900,permits_units,2014,147
34900,permits_units,2015,172
34900,permits_units,2016,212
34900,permits_units,2017,183
34900,permits_units,2018,269
34900,permits_units,2019,749
34900,permits_units,2020,770
34900,permits_units,2021,1204
34900,permits_units,2022,1100
34900,permits_units,2023,331
34900,permits_units,2024,439
34900,permits_units,2025,364
34940,permits_multifamily,2014,961
34940,permits_multifamily,2015,723
34940,permits_multifamily,2016,703
34940,permits_multifamily,2017,1140
34940,permits_multifamily,2018,1047
34940,permits_multifamily,2019,577
34940,permits_multifamily,2020,1078
34940,permits_multifamily,2021,2203
34940,permits_multifamily,2022,1799
34940,permits_multifamily,2023,589
34940,permits_multifamily,2024,981
34940,permits_multifamily,2025,724
34940,permits_single_family,2014,2477
34940,permits_single_family,2015,3078
34940,permits_single_family,2016,2892
34940,permits_single_family,2017,2930
34940,permits_single_family,2018,3253
34940,permits_single_family,2019,3300
34940,permits_single_family,2020,3256
34940,permits_single_family,2021,4380
34940,permits_single_family,2022,3519
34940,permits_single_family,2023,2923
34940,permits_single_family,2024,2466
34940,permits_single_family,2025,1945
34940,permits_units,2014,3610
34940,permits_units,2015,4060
34940,permits_units,2016,3829
34940,permits_units,2017,4194
34940,permits_units,2018,4386
34940,permits_units,2019,3991
34940,permits_units,2020,4473
34940,permits_units,2021,6766
34940,permits_units,2022,5517
34940,permits_units,2023,3618
34940,permits_units,2024,3524
34940,permits_units,2025,2736
34980,permits_multifamily,2014,5775
34980,permits_multifamily,2015,6746
34980,permits_multifamily,2016,7199
34980,permits_multifamily,2017,6799
34980,permits_multifamily,2018,5590
34980,permits_multifamily,2019,8135
34980,permits_multifamily,2020,11256
34980,permits_multifamily,2021,14478
34980,permits_multifamily,2022,12594
34980,permits_multifamily,2023,9577
34980,permits_multifamily,2024,5410
34980,permits_multifamily,2025,5827
34980,permits_single_family,2014,9075
34980,permits_single_family,2015,11417
34980,permits_single_family,2016,12830
34980,permits_single_family,2017,13650
34980,permits_single_family,2018,13470
34980,permits_single_family,2019,14460
34980,permits_single_family,2020,15549
34980,permits_single_family,2021,17422
34980,permits_single_family,2022,15383
34980,permits_single_family,2023,13842
34980,permits_single_family,2024,14465
34980,permits_single_family,2025,13267
34980,permits_units,2014,14944
34980,permits_units,2015,18291
34980,permits_units,2016,20182
34980,permits_units,2017,20631
34980,permits_units,2018,19159
34980,permits_units,2019,22702
34980,permits_units,2020,27158
34980,permits_units,2021,32191
34980,permits_units,2022,28314
34980,permits_units,2023,23558
34980,permits_units,2024,20038
34980,permits_units,2025,19203
35020,permits_multifamily,2024,0
35020,permits_multifamily,2025,0
35020,permits_single_family,2024,31
35020,permits_single_family,2025,4
35020,permits_units,2024,31
35020,permits_units,2025,4
35060,permits_multifamily,2024,0
35060,permits_multifamily,2025,0
35060,permits_single_family,2024,40
35060,permits_single_family,2025,26
35060,permits_units,2024,40
35060,permits_units,2025,26
35100,permits_multifamily,2014,0
35100,permits_multifamily,2015,120
35100,permits_multifamily,2016,0
35100,permits_multifamily,2017,0
35100,permits_multifamily,2018,0
35100,permits_multifamily,2019,72
35100,permits_multifamily,2020,213
35100,permits_multifamily,2021,0
35100,permits_multifamily,2022,136
35100,permits_multifamily,2023,0
35100,permits_multifamily,2024,5
35100,permits_multifamily,2025,0
35100,permits_single_family,2014,264
35100,permits_single_family,2015,315
35100,permits_single_family,2016,292
35100,permits_single_family,2017,295
35100,permits_single_family,2018,389
35100,permits_single_family,2019,480
35100,permits_single_family,2020,522
35100,permits_single_family,2021,406
35100,permits_single_family,2022,552
35100,permits_single_family,2023,538
35100,permits_single_family,2024,612
35100,permits_single_family,2025,696
35100,permits_units,2014,264
35100,permits_units,2015,435
35100,permits_units,2016,292
35100,permits_units,2017,295
35100,permits_units,2018,389
35100,permits_units,2019,552
35100,permits_units,2020,735
35100,permits_units,2021,406
35100,permits_units,2022,690
35100,permits_units,2023,540
35100,permits_units,2024,631
35100,permits_units,2025,696
35140,permits_multifamily,2024,0
35140,permits_multifamily,2025,6
35140,permits_single_family,2024,155
35140,permits_single_family,2025,151
35140,permits_units,2024,155
35140,permits_units,2025,160
35220,permits_multifamily,2024,0
35220,permits_multifamily,2025,0
35220,permits_single_family,2024,43
35220,permits_single_family,2025,40
35220,permits_units,2024,51
35220,permits_units,2025,44
35300,permits_multifamily,2014,606
35300,permits_multifamily,2015,674
35300,permits_multifamily,2016,518
35300,permits_multifamily,2017,265
35300,permits_multifamily,2018,694
35300,permits_multifamily,2019,920
35300,permits_multifamily,2020,877
35300,permits_multifamily,2021,446
35300,permits_multifamily,2022,787
35300,permits_multifamily,2023,1380
35300,permits_multifamily,2024,722
35300,permits_multifamily,2025,762
35300,permits_single_family,2014,484
35300,permits_single_family,2015,422
35300,permits_single_family,2016,378
35300,permits_single_family,2017,469
35300,permits_single_family,2018,406
35300,permits_single_family,2019,399
35300,permits_single_family,2020,419
35300,permits_single_family,2021,497
35300,permits_single_family,2022,484
35300,permits_single_family,2023,423
35300,permits_single_family,2024,191
35300,permits_single_family,2025,161
35300,permits_units,2014,1140
35300,permits_units,2015,1161
35300,permits_units,2016,918
35300,permits_units,2017,750
35300,permits_units,2018,1166
35300,permits_units,2019,1453
35300,permits_units,2020,1373
35300,permits_units,2021,983
35300,permits_units,2022,1346
35300,permits_units,2023,1934
35300,permits_units,2024,1014
35300,permits_units,2025,1020
35340,permits_multifamily,2024,0
35340,permits_multifamily,2025,0
35340,permits_single_family,2024,99
35340,permits_single_family,2025,102
35340,permits_units,2024,103
35340,permits_units,2025,102
35380,permits_multifamily,2014,348
35380,permits_multifamily,2015,342
35380,permits_multifamily,2016,371
35380,permits_multifamily,2017,98
35380,permits_multifamily,2018,622
35380,permits_multifamily,2019,522
35380,permits_multifamily,2020,480
35380,permits_multifamily,2021,924
35380,permits_multifamily,2022,100
35380,permits_multifamily,2023,696
35380,permits_multifamily,2024,268
35380,permits_multifamily,2025,318
35380,permits_single_family,2014,2440
35380,permits_single_family,2015,2093
35380,permits_single_family,2016,2494
35380,permits_single_family,2017,2720
35380,permits_single_family,2018,3046
35380,permits_single_family,2019,3241
35380,permits_single_family,2020,3563
35380,permits_single_family,2021,4018
35380,permits_single_family,2022,2934
35380,permits_single_family,2023,1865
35380,permits_single_family,2024,1007
35380,permits_single_family,2025,922
35380,permits_units,2014,2991
35380,permits_units,2015,2495
35380,permits_units,2016,2986
35380,permits_units,2017,2966
35380,permits_units,2018,3864
35380,permits_units,2019,4026
35380,permits_units,2020,4348
35380,permits_units,2021,5282
35380,permits_units,2022,3443
35380,permits_units,2023,3072
35380,permits_units,2024,1611
35380,permits_units,2025,1694
35420,permits_multifamily,2024,0
35420,permits_multifamily,2025,0
35420,permits_single_family,2024,54
35420,permits_single_family,2025,61
35420,permits_units,2024,70
35420,permits_units,2025,69
35440,permits_multifamily,2024,107
35440,permits_multifamily,2025,81
35440,permits_single_family,2024,147
35440,permits_single_family,2025,116
35440,permits_units,2024,280
35440,permits_units,2025,209
35460,permits_multifamily,2024,0
35460,permits_multifamily,2025,0
35460,permits_single_family,2024,1
35460,permits_single_family,2025,1
35460,permits_units,2024,13
35460,permits_units,2025,7
35580,permits_multifamily,2024,8
35580,permits_multifamily,2025,6
35580,permits_single_family,2024,27
35580,permits_single_family,2025,25
35580,permits_units,2024,35
35580,permits_units,2025,33
35620,permits_multifamily,2014,33776
35620,permits_multifamily,2015,72887
35620,permits_multifamily,2016,30363
35620,permits_multifamily,2017,36396
35620,permits_multifamily,2018,35872
35620,permits_multifamily,2019,47021
35620,permits_multifamily,2020,41340
35620,permits_multifamily,2021,41258
35620,permits_multifamily,2022,55181
35620,permits_multifamily,2023,48561
35620,permits_multifamily,2024,42553
35620,permits_multifamily,2025,31550
35620,permits_single_family,2014,11799
35620,permits_single_family,2015,11167
35620,permits_single_family,2016,10397
35620,permits_single_family,2017,11289
35620,permits_single_family,2018,11077
35620,permits_single_family,2019,11072
35620,permits_single_family,2020,10993
35620,permits_single_family,2021,12947
35620,permits_single_family,2022,12235
35620,permits_single_family,2023,11734
35620,permits_single_family,2024,12530
35620,permits_single_family,2025,10477
35620,permits_units,2014,47984
35620,permits_units,2015,86424
35620,permits_units,2016,43231
35620,permits_units,2017,50578
35620,permits_units,2018,49692
35620,permits_units,2019,61168
35620,permits_units,2020,54835
35620,permits_units,2021,56661
35620,permits_units,2022,69753
35620,permits_units,2023,63030
35620,permits_units,2024,57929
35620,permits_units,2025,44444
35660,permits_multifamily,2014,0
35660,permits_multifamily,2015,28
35660,permits_multifamily,2016,64
35660,permits_multifamily,2017,13
35660,permits_multifamily,2018,63
35660,permits_multifamily,2019,0
35660,permits_multifamily,2020,0
35660,permits_multifamily,2021,6
35660,permits_multifamily,2022,5
35660,permits_multifamily,2023,48
35660,permits_multifamily,2024,0
35660,permits_multifamily,2025,73
35660,permits_single_family,2014,184
35660,permits_single_family,2015,168
35660,permits_single_family,2016,246
35660,permits_single_family,2017,224
35660,permits_single_family,2018,237
35660,permits_single_family,2019,201
35660,permits_single_family,2020,248
35660,permits_single_family,2021,325
35660,permits_single_family,2022,259
35660,permits_single_family,2023,303
35660,permits_single_family,2024,339
35660,permits_single_family,2025,255
35660,permits_units,2014,184
35660,permits_units,2015,208
35660,permits_units,2016,312
35660,permits_units,2017,237
35660,permits_units,2018,302
35660,permits_units,2019,206
35660,permits_units,2020,260
35660,permits_units,2021,331
35660,permits_units,2022,286
35660,permits_units,2023,355
35660,permits_units,2024,354
35660,permits_units,2025,372
35700,permits_multifamily,2024,0
35700,permits_multifamily,2025,0
35700,permits_single_family,2024,336
35700,permits_single_family,2025,353
35700,permits_units,2024,338
35700,permits_units,2025,353
35740,permits_multifamily,2024,196
35740,permits_multifamily,2025,0
35740,permits_single_family,2024,63
35740,permits_single_family,2025,71
35740,permits_units,2024,303
35740,permits_units,2025,91
35820,permits_multifamily,2024,0
35820,permits_multifamily,2025,175
35820,permits_single_family,2024,45
35820,permits_single_family,2025,44
35820,permits_units,2024,45
35820,permits_units,2025,235
35840,permits_multifamily,2014,1194
35840,permits_multifamily,2015,1886
35840,permits_multifamily,2016,1972
35840,permits_multifamily,2017,1953
35840,permits_multifamily,2018,3777
35840,permits_multifamily,2019,3251
35840,permits_multifamily,2020,780
35840,permits_multifamily,2021,3504
35840,permits_multifamily,2022,4362
35840,permits_multifamily,2023,5238
35840,permits_multifamily,2024,3920
35840,permits_multifamily,2025,5857
35840,permits_single_family,2014,4174
35840,permits_single_family,2015,4992
35840,permits_single_family,2016,5814
35840,permits_single_family,2017,5989
35840,permits_single_family,2018,6383
35840,permits_single_family,2019,6542
35840,permits_single_family,2020,8433
35840,permits_single_family,2021,12106
35840,permits_single_family,2022,10987
35840,permits_single_family,2023,10495
35840,permits_single_family,2024,10889
35840,permits_single_family,2025,11297
35840,permits_units,2014,5658
35840,permits_units,2015,7141
35840,permits_units,2016,8104
35840,permits_units,2017,8179
35840,permits_units,2018,10289
35840,permits_units,2019,10009
35840,permits_units,2020,9489
35840,permits_units,2021,15924
35840,permits_units,2022,15780
35840,permits_units,2023,15928
35840,permits_units,2024,14938
35840,permits_units,2025,17642
35900,permits_multifamily,2024,0
35900,permits_multifamily,2025,0
35900,permits_single_family,2024,134
35900,permits_single_family,2025,152
35900,permits_units,2024,134
35900,permits_units,2025,152
35940,permits_multifamily,2024,0
35940,permits_multifamily,2025,0
35940,permits_single_family,2024,44
35940,permits_single_family,2025,61
35940,permits_units,2024,46
35940,permits_units,2025,93
35980,permits_multifamily,2014,340
35980,permits_multifamily,2015,287
35980,permits_multifamily,2016,28
35980,permits_multifamily,2017,53
35980,permits_multifamily,2018,357
35980,permits_multifamily,2019,246
35980,permits_multifamily,2020,80
35980,permits_multifamily,2021,31
35980,permits_multifamily,2022,52
35980,permits_multifamily,2023,123
35980,permits_multifamily,2024,242
35980,permits_multifamily,2025,112
35980,permits_single_family,2014,288
35980,permits_single_family,2015,238
35980,permits_single_family,2016,258
35980,permits_single_family,2017,226
35980,permits_single_family,2018,297
35980,permits_single_family,2019,249
35980,permits_single_family,2020,307
35980,permits_single_family,2021,403
35980,permits_single_family,2022,379
35980,permits_single_family,2023,223
35980,permits_single_family,2024,261
35980,permits_single_family,2025,285
35980,permits_units,2014,646
35980,permits_units,2015,531
35980,permits_units,2016,330
35980,permits_units,2017,295
35980,permits_units,2018,666
35980,permits_units,2019,537
35980,permits_units,2020,456
35980,permits_units,2021,456
35980,permits_units,2022,445
35980,permits_units,2023,352
35980,permits_units,2024,509
35980,permits_units,2025,440
36020,permits_multifamily,2024,54
36020,permits_multifamily,2025,6
36020,permits_single_family,2024,297
36020,permits_single_family,2025,181
36020,permits_units,2024,402
36020,permits_units,2025,209
36100,permits_multifamily,2014,36
36100,permits_multifamily,2015,0
36100,permits_multifamily,2016,0
36100,permits_multifamily,2017,304
36100,permits_multifamily,2018,0
36100,permits_multifamily,2019,0
36100,permits_multifamily,2020,27
36100,permits_multifamily,2021,576
36100,permits_multifamily,2022,1167
36100,permits_multifamily,2023,96
36100,permits_multifamily,2024,534
36100,permits_multifamily,2025,379
36100,permits_single_family,2014,713
36100,permits_single_family,2015,1055
36100,permits_single_family,2016,1412
36100,permits_single_family,2017,1942
36100,permits_single_family,2018,2726
36100,permits_single_family,2019,2349
36100,permits_single_family,2020,3784
36100,permits_single_family,2021,5641
36100,permits_single_family,2022,5318
36100,permits_single_family,2023,5023
36100,permits_single_family,2024,6067
36100,permits_single_family,2025,5420
36100,permits_units,2014,754
36100,permits_units,2015,1055
36100,permits_units,2016,1428
36100,permits_units,2017,2246
36100,permits_units,2018,2817
36100,permits_units,2019,2367
36100,permits_units,2020,3827
36100,permits_units,2021,6229
36100,permits_units,2022,6489
36100,permits_units,2023,5197
36100,permits_units,2024,6729
36100,permits_units,2025,5985
36140,permits_multifamily,2014,10
36140,permits_multifamily,2015,18
36140,permits_multifamily,2016,10
36140,permits_multifamily,2017,78
36140,permits_multifamily,2018,34
36140,permits_multifamily,2019,98
36140,permits_multifamily,2020,10
36140,permits_multifamily,2021,10
36140,permits_multifamily,2022,47
36140,permits_multifamily,2023,20
36140,permits_single_family,2014,447
36140,permits_single_family,2015,453
36140,permits_single_family,2016,479
36140,permits_single_family,2017,542
36140,permits_single_family,2018,449
36140,permits_single_family,2019,552
36140,permits_single_family,2020,474
36140,permits_single_family,2021,680
36140,permits_single_family,2022,593
36140,permits_single_family,2023,548
36140,permits_units,2014,638
36140,permits_units,2015,614
36140,permits_units,2016,642
36140,permits_units,2017,809
36140,permits_units,2018,643
36140,permits_units,2019,863
36140,permits_units,2020,675
36140,permits_units,2021,917
36140,permits_units,2022,838
36140,permits_units,2023,803
36180,permits_multifamily,2024,6
36180,permits_multifamily,2025,0
36180,permits_single_family,2024,338
36180,permits_single_family,2025,242
36180,permits_units,2024,354
36180,permits_units,2025,242
36220,permits_multifamily,2014,120
36220,permits_multifamily,2015,144
36220,permits_multifamily,2016,0
36220,permits_multifamily,2017,0
36220,permits_multifamily,2018,0
36220,permits_multifamily,2019,1035
36220,permits_multifamily,2020,288
36220,permits_multifamily,2021,31
36220,permits_multifamily,2022,0
36220,permits_multifamily,2023,0
36220,permits_multifamily,2024,0
36220,permits_multifamily,2025,0
36220,permits_single_family,2014,430
36220,permits_single_family,2015,468
36220,permits_single_family,2016,448
36220,permits_single_family,2017,492
36220,permits_single_family,2018,716
36220,permits_single_family,2019,743
36220,permits_single_family,2020,898
36220,permits_single_family,2021,1373
36220,permits_single_family,2022,888
36220,permits_single_family,2023,690
36220,permits_single_family,2024,1004
36220,permits_single_family,2025,921
36220,permits_units,2014,556
36220,permits_units,2015,612
36220,permits_units,2016,448
36220,permits_units,2017,492
36220,permits_units,2018,740
36220,permits_units,2019,1782
36220,permits_units,2020,1188
36220,permits_units,2021,1406
36220,permits_units,2022,888
36220,permits_units,2023,690
36220,permits_units,2024,1004
36220,permits_units,2025,921
36260,permits_multifamily,2014,540
36260,permits_multifamily,2015,656
36260,permits_multifamily,2016,1058
36260,permits_multifamily,2017,686
36260,permits_multifamily,2018,620
36260,permits_multifamily,2019,816
36260,permits_multifamily,2020,980
36260,permits_multifamily,2021,3125
36260,permits_multifamily,2022,1891
36260,permits_multifamily,2023,1371
36260,permits_multifamily,2024,1058
36260,permits_multifamily,2025,1656
36260,permits_single_family,2014,1990
36260,permits_single_family,2015,2319
36260,permits_single_family,2016,2376
36260,permits_single_family,2017,2514
36260,permits_single_family,2018,2816
36260,permits_single_family,2019,2872
36260,permits_single_family,2020,4224
36260,permits_single_family,2021,4205
36260,permits_single_family,2022,2972
36260,permits_single_family,2023,1871
36260,permits_single_family,2024,2096
36260,permits_single_family,2025,1746
36260,permits_units,2014,2678
36260,permits_units,2015,3120
36260,permits_units,2016,3610
36260,permits_units,2017,3534
36260,permits_units,2018,3672
36260,permits_units,2019,3895
36260,permits_units,2020,5462
36260,permits_units,2021,7482
36260,permits_units,2022,5027
36260,permits_units,2023,3400
36260,permits_units,2024,3294
36260,permits_units,2025,3599
36340,permits_multifamily,2024,0
36340,permits_multifamily,2025,6
36340,permits_single_family,2024,40
36340,permits_single_family,2025,44
36340,permits_units,2024,40
36340,permits_units,2025,50
36380,permits_multifamily,2024,0
36380,permits_multifamily,2025,0
36380,permits_single_family,2024,18
36380,permits_single_family,2025,68
36380,permits_units,2024,18
36380,permits_units,2025,88
36420,permits_multifamily,2014,1689
36420,permits_multifamily,2015,286
36420,permits_multifamily,2016,1493
36420,permits_multifamily,2017,54
36420,permits_multifamily,2018,31
36420,permits_multifamily,2019,265
36420,permits_multifamily,2020,246
36420,permits_multifamily,2021,171
36420,permits_multifamily,2022,437
36420,permits_multifamily,2023,407
36420,permits_multifamily,2024,1260
36420,permits_multifamily,2025,1334
36420,permits_single_family,2014,5959
36420,permits_single_family,2015,5518
36420,permits_single_family,2016,5039
36420,permits_single_family,2017,5132
36420,permits_single_family,2018,5430
36420,permits_single_family,2019,5924
36420,permits_single_family,2020,6842
36420,permits_single_family,2021,7637
36420,permits_single_family,2022,5951
36420,permits_single_family,2023,5573
36420,permits_single_family,2024,6014
36420,permits_single_family,2025,6497
36420,permits_units,2014,7870
36420,permits_units,2015,6004
36420,permits_units,2016,6740
36420,permits_units,2017,5419
36420,permits_units,2018,5730
36420,permits_units,2019,6557
36420,permits_units,2020,7431
36420,permits_units,2021,8080
36420,permits_units,2022,7048
36420,permits_units,2023,6736
36420,permits_units,2024,7707
36420,permits_units,2025,8576
36460,permits_multifamily,2024,0
36460,permits_multifamily,2025,0
36460,permits_single_family,2024,96
36460,permits_single_family,2025,124
36460,permits_units,2024,100
36460,permits_units,2025,150
36500,permits_multifamily,2014,59
36500,permits_multifamily,2015,125
36500,permits_multifamily,2016,936
36500,permits_multifamily,2017,102
36500,permits_multifamily,2018,793
36500,permits_multifamily,2019,846
36500,permits_multifamily,2020,411
36500,permits_multifamily,2021,1220
36500,permits_multifamily,2022,913
36500,permits_multifamily,2023,667
36500,permits_multifamily,2024,508
36500,permits_multifamily,2025,908
36500,permits_single_family,2014,934
36500,permits_single_family,2015,881
36500,permits_single_family,2016,1084
36500,permits_single_family,2017,950
36500,permits_single_family,2018,912
36500,permits_single_family,2019,812
36500,permits_single_family,2020,708
36500,permits_single_family,2021,752
36500,permits_single_family,2022,584
36500,permits_single_family,2023,816
36500,permits_single_family,2024,672
36500,permits_single_family,2025,743
36500,permits_units,2014,1003
36500,permits_units,2015,1020
36500,permits_units,2016,2081
36500,permits_units,2017,1067
36500,permits_units,2018,1750
36500,permits_units,2019,1713
36500,permits_units,2020,1161
36500,permits_units,2021,2054
36500,permits_units,2022,1538
36500,permits_units,2023,1512
36500,permits_units,2024,1222
36500,permits_units,2025,1669
36540,permits_multifamily,2014,1533
36540,permits_multifamily,2015,1165
36540,permits_multifamily,2016,1279
36540,permits_multifamily,2017,1772
36540,permits_multifamily,2018,1932
36540,permits_multifamily,2019,1431
36540,permits_multifamily,2020,1956
36540,permits_multifamily,2021,2588
36540,permits_multifamily,2022,3122
36540,permits_multifamily,2023,1892
36540,permits_multifamily,2024,3543
36540,permits_multifamily,2025,2816
36540,permits_single_family,2014,2639
36540,permits_single_family,2015,2973
36540,permits_single_family,2016,2906
36540,permits_single_family,2017,3158
36540,permits_single_family,2018,2791
36540,permits_single_family,2019,2633
36540,permits_single_family,2020,3454
36540,permits_single_family,2021,3677
36540,permits_single_family,2022,2651
36540,permits_single_family,2023,2763
36540,permits_single_family,2024,3505
36540,permits_single_family,2025,3360
36540,permits_units,2014,4192
36540,permits_units,2015,4157
36540,permits_units,2016,4240
36540,permits_units,2017,4955
36540,permits_units,2018,4788
36540,permits_units,2019,4100
36540,permits_units,2020,5473
36540,permits_units,2021,6382
36540,permits_units,2022,6120
36540,permits_units,2023,4719
36540,permits_units,2024,7197
36540,permits_units,2025,6377
36580,permits_multifamily,2024,0
36580,permits_multifamily,2025,0
36580,permits_single_family,2024,123
36580,permits_single_family,2025,125
36580,permits_units,2024,123
36580,permits_units,2025,125
36620,permits_multifamily,2024,0
36620,permits_multifamily,2025,0
36620,permits_single_family,2024,241
36620,permits_single_family,2025,201
36620,permits_units,2024,276
36620,permits_units,2025,269
36660,permits_multifamily,2024,0
36660,permits_multifamily,2025,0
36660,permits_single_family,2024,139
36660,permits_single_family,2025,153
36660,permits_units,2024,139
36660,permits_units,2025,153
36700,permits_multifamily,2024,0
36700,permits_multifamily,2025,24
36700,permits_single_family,2024,101
36700,permits_single_family,2025,83
36700,permits_units,2024,101
36700,permits_units,2025,107
36740,permits_multifamily,2014,6106
36740,permits_multifamily,2015,8218
36740,permits_multifamily,2016,8609
36740,permits_multifamily,2017,4278
36740,permits_multifamily,2018,12122
36740,permits_multifamily,2019,9068
36740,permits_multifamily,2020,8693
36740,permits_multifamily,2021,12454
36740,permits_multifamily,2022,12114
36740,permits_multifamily,2023,8220
36740,permits_multifamily,2024,8512
36740,permits_multifamily,2025,13463
36740,permits_single_family,2014,9806
36740,permits_single_family,2015,12038
36740,permits_single_family,2016,14227
36740,permits_single_family,2017,14431
36740,permits_single_family,2018,16455
36740,permits_single_family,2019,14995
36740,permits_single_family,2020,15343
36740,permits_single_family,2021,17795
36740,permits_single_family,2022,16213
36740,permits_single_family,2023,17049
36740,permits_single_family,2024,15364
36740,permits_single_family,2025,14198
36740,permits_units,2014,16115
36740,permits_units,2015,20474
36740,permits_units,2016,23254
36740,permits_units,2017,19065
36740,permits_units,2018,28882
36740,permits_units,2019,24470
36740,permits_units,2020,24499
36740,permits_units,2021,30618
36740,permits_units,2022,28683
36740,permits_units,2023,25415
36740,permits_units,2024,24135
36740,permits_units,2025,27845
36780,permits_multifamily,2014,228
36780,permits_multifamily,2015,378
36780,permits_multifamily,2016,71
36780,permits_multifamily,2017,210
36780,permits_multifamily,2018,97
36780,permits_multifamily,2019,72
36780,permits_multifamily,2020,265
36780,permits_multifamily,2021,555
36780,permits_multifamily,2022,102
36780,permits_multifamily,2023,186
36780,permits_multifamily,2024,333
36780,permits_multifamily,2025,387
36780,permits_single_family,2014,267
36780,permits_single_family,2015,303
36780,permits_single_family,2016,322
36780,permits_single_family,2017,327
36780,permits_single_family,2018,275
36780,permits_single_family,2019,246
36780,permits_single_family,2020,252
36780,permits_single_family,2021,347
36780,permits_single_family,2022,325
36780,permits_single_family,2023,230
36780,permits_single_family,2024,293
36780,permits_single_family,2025,283
36780,permits_units,2014,511
36780,permits_units,2015,710
36780,permits_units,2016,411
36780,permits_units,2017,549
36780,permits_units,2018,378
36780,permits_units,2019,334
36780,permits_units,2020,554
36780,permits_units,2021,948
36780,permits_units,2022,459
36780,permits_units,2023,432
36780,permits_units,2024,656
36780,permits_units,2025,682
36820,permits_multifamily,2024,0
36820,permits_multifamily,2025,48
36820,permits_single_family,2024,12
36820,permits_single_family,2025,12
36820,permits_units,2024,16
36820,permits_units,2025,66
36830,permits_multifamily,2024,48
36830,permits_multifamily,2025,0
36830,permits_single_family,2024,33
36830,permits_single_family,2025,31
36830,permits_units,2024,85
36830,permits_units,2025,33
36837,permits_multifamily,2024,0
36837,permits_multifamily,2025,0
36837,permits_single_family,2024,100
36837,permits_single_family,2025,78
36837,permits_units,2024,105
36837,permits_units,2025,82
36840,permits_multifamily,2024,0
36840,permits_multifamily,2025,0
36840,permits_single_family,2024,76
36840,permits_single_family,2025,102
36840,permits_units,2024,118
36840,permits_units,2025,120
36900,permits_multifamily,2024,0
36900,permits_multifamily,2025,28
36900,permits_single_family,2024,39
36900,permits_single_family,2025,10
36900,permits_units,2024,45
36900,permits_units,2025,42
36940,permits_multifamily,2024,0
36940,permits_multifamily,2025,22
36940,permits_single_family,2024,24
36940,permits_single_family,2025,32
36940,permits_units,2024,28
36940,permits_units,2025,54
36980,permits_multifamily,2014,24
36980,permits_multifamily,2015,0
36980,permits_multifamily,2016,134
36980,permits_multifamily,2017,0
36980,permits_multifamily,2018,25
36980,permits_multifamily,2019,31
36980,permits_multifamily,2020,0
36980,permits_multifamily,2021,0
36980,permits_multifamily,2022,5
36980,permits_multifamily,2023,97
36980,permits_multifamily,2024,6
36980,permits_multifamily,2025,64
36980,permits_single_family,2014,257
36980,permits_single_family,2015,233
36980,permits_single_family,2016,239
36980,permits_single_family,2017,250
36980,permits_single_family,2018,231
36980,permits_single_family,2019,282
36980,permits_single_family,2020,310
36980,permits_single_family,2021,398
36980,permits_single_family,2022,219
36980,permits_single_family,2023,195
36980,permits_single_family,2024,198
36980,permits_single_family,2025,183
36980,permits_units,2014,323
36980,permits_units,2015,243
36980,permits_units,2016,377
36980,permits_units,2017,264
36980,permits_units,2018,258
36980,permits_units,2019,325
36980,permits_units,2020,348
36980,permits_units,2021,398
36980,permits_units,2022,247
36980,permits_units,2023,294
36980,permits_units,2024,230
36980,permits_units,2025,255
37020,permits_multifamily,2024,0
37020,permits_multifamily,2025,16
37020,permits_single_family,2024,65
37020,permits_single_family,2025,55
37020,permits_units,2024,67
37020,permits_units,2025,71
37060,permits_multifamily,2024,0
37060,permits_multifamily,2025,0
37060,permits_single_family,2024,474
37060,permits_single_family,2025,473
37060,permits_units,2024,546
37060,permits_units,2025,531
37100,permits_multifamily,2014,687
37100,permits_multifamily,2015,664
37100,permits_multifamily,2016,854
37100,permits_multifamily,2017,1375
37100,permits_multifamily,2018,522
37100,permits_multifamily,2019,472
37100,permits_multifamily,2020,762
37100,permits_multifamily,2021,709
37100,permits_multifamily,2022,847
37100,permits_multifamily,2023,672
37100,permits_multifamily,2024,1119
37100,permits_multifamily,2025,1042
37100,permits_single_family,2014,536
37100,permits_single_family,2015,678
37100,permits_single_family,2016,669
37100,permits_single_family,2017,1070
37100,permits_single_family,2018,625
37100,permits_single_family,2019,609
37100,permits_single_family,2020,669
37100,permits_single_family,2021,686
37100,permits_single_family,2022,474
37100,permits_single_family,2023,400
37100,permits_single_family,2024,499
37100,permits_single_family,2025,540
37100,permits_units,2014,1314
37100,permits_units,2015,1433
37100,permits_units,2016,1609
37100,permits_units,2017,2565
37100,permits_units,2018,1204
37100,permits_units,2019,1146
37100,permits_units,2020,1501
37100,permits_units,2021,1477
37100,permits_units,2022,1368
37100,permits_units,2023,1163
37100,permits_units,2024,1648
37100,permits_units,2025,1609
37120,permits_multifamily,2024,0
37120,permits_multifamily,2025,0
37120,permits_single_family,2024,39
37120,permits_single_family,2025,29
37120,permits_units,2024,39
37120,permits_units,2025,29
37140,permits_multifamily,2024,104
37140,permits_multifamily,2025,44
37140,permits_single_family,2024,79
37140,permits_single_family,2025,96
37140,permits_units,2024,195
37140,permits_units,2025,178
37260,permits_multifamily,2024,0
37260,permits_multifamily,2025,0
37260,permits_single_family,2024,110
37260,permits_single_family,2025,91
37260,permits_units,2024,110
37260,permits_units,2025,127
37300,permits_multifamily,2024,0
37300,permits_multifamily,2025,0
37300,permits_single_family,2024,18
37300,permits_single_family,2025,19
37300,permits_units,2024,27
37300,permits_units,2025,19
37340,permits_multifamily,2014,43
37340,permits_multifamily,2015,299
37340,permits_multifamily,2016,729
37340,permits_multifamily,2017,582
37340,permits_multifamily,2018,586
37340,permits_multifamily,2019,1740
37340,permits_multifamily,2020,1344
37340,permits_multifamily,2021,693
37340,permits_multifamily,2022,965
37340,permits_multifamily,2023,1551
37340,permits_multifamily,2024,702
37340,permits_multifamily,2025,1230
37340,permits_single_family,2014,1241
37340,permits_single_family,2015,1609
37340,permits_single_family,2016,2166
37340,permits_single_family,2017,2149
37340,permits_single_family,2018,2362
37340,permits_single_family,2019,2454
37340,permits_single_family,2020,3333
37340,permits_single_family,2021,4451
37340,permits_single_family,2022,4255
37340,permits_single_family,2023,4891
37340,permits_single_family,2024,3889
37340,permits_single_family,2025,3376
37340,permits_units,2014,1286
37340,permits_units,2015,1918
37340,permits_units,2016,2915
37340,permits_units,2017,2753
37340,permits_units,2018,2958
37340,permits_units,2019,4202
37340,permits_units,2020,4739
37340,permits_units,2021,5174
37340,permits_units,2022,5258
37340,permits_units,2023,6537
37340,permits_units,2024,4603
37340,permits_units,2025,4624
37420,permits_multifamily,2024,0
37420,permits_multifamily,2025,0
37420,permits_single_family,2024,3
37420,permits_single_family,2025,8
37420,permits_units,2024,3
37420,permits_units,2025,8
37460,permits_multifamily,2014,0
37460,permits_multifamily,2015,168
37460,permits_multifamily,2016,142
37460,permits_multifamily,2017,747
37460,permits_multifamily,2018,451
37460,permits_multifamily,2019,511
37460,permits_multifamily,2020,1499
37460,permits_multifamily,2021,1065
37460,permits_multifamily,2022,159
37460,permits_multifamily,2023,477
37460,permits_multifamily,2024,559
37460,permits_multifamily,2025,344
37460,permits_single_family,2014,687
37460,permits_single_family,2015,808
37460,permits_single_family,2016,883
37460,permits_single_family,2017,984
37460,permits_single_family,2018,1104
37460,permits_single_family,2019,1274
37460,permits_single_family,2020,1311
37460,permits_single_family,2021,1520
37460,permits_single_family,2022,2104
37460,permits_single_family,2023,1814
37460,permits_single_family,2024,2103
37460,permits_single_family,2025,1908
37460,permits_units,2014,693
37460,permits_units,2015,988
37460,permits_units,2016,1055
37460,permits_units,2017,1786
37460,permits_units,2018,1668
37460,permits_units,2019,1795
37460,permits_units,2020,2846
37460,permits_units,2021,2610
37460,permits_units,2022,2288
37460,permits_units,2023,2322
37460,permits_units,2024,2690
37460,permits_units,2025,2295
37500,permits_multifamily,2024,135
37500,permits_multifamily,2025,0
37500,permits_single_family,2024,105
37500,permits_single_family,2025,122
37500,permits_units,2024,265
37500,permits_units,2025,156
37540,permits_multifamily,2024,0
37540,permits_multifamily,2025,0
37540,permits_single_family,2024,19
37540,permits_single_family,2025,18
37540,permits_units,2024,19
37540,permits_units,2025,18
37580,permits_multifamily,2024,71
37580,permits_multifamily,2025,0
37580,permits_single_family,2024,42
37580,permits_single_family,2025,56
37580,permits_units,2024,129
37580,permits_units,2025,60
37620,permits_multifamily,2014,0
37620,permits_multifamily,2015,30
37620,permits_multifamily,2016,0
37620,permits_multifamily,2017,0
37620,permits_multifamily,2018,0
37620,permits_multifamily,2019,0
37620,permits_multifamily,2020,0
37620,permits_multifamily,2021,0
37620,permits_multifamily,2022,0
37620,permits_multifamily,2023,0
37620,permits_multifamily,2024,33
37620,permits_multifamily,2025,0
37620,permits_single_family,2014,122
37620,permits_single_family,2015,137
37620,permits_single_family,2016,130
37620,permits_single_family,2017,103
37620,permits_single_family,2018,87
37620,permits_single_family,2019,76
37620,permits_single_family,2020,83
37620,permits_single_family,2021,107
37620,permits_single_family,2022,66
37620,permits_single_family,2023,96
37620,permits_single_family,2024,105
37620,permits_single_family,2025,93
37620,permits_units,2014,124
37620,permits_units,2015,177
37620,permits_units,2016,132
37620,permits_units,2017,133
37620,permits_units,2018,125
37620,permits_units,2019,142
37620,permits_units,2020,83
37620,permits_units,2021,109
37620,permits_units,2022,66
37620,permits_units,2023,96
37620,permits_units,2024,138
37620,permits_units,2025,99
37740,permits_multifamily,2024,0
37740,permits_multifamily,2025,0
37740,permits_single_family,2024,149
37740,permits_single_family,2025,153
37740,permits_units,2024,151
37740,permits_units,2025,153
37800,permits_multifamily,2024,0
37800,permits_multifamily,2025,84
37800,permits_single_family,2024,101
37800,permits_single_family,2025,255
37800,permits_units,2024,107
37800,permits_units,2025,339
37860,permits_multifamily,2014,176
37860,permits_multifamily,2015,599
37860,permits_multifamily,2016,486
37860,permits_multifamily,2017,5
37860,permits_multifamily,2018,36
37860,permits_multifamily,2019,397
37860,permits_multifamily,2020,260
37860,permits_multifamily,2021,247
37860,permits_multifamily,2022,162
37860,permits_multifamily,2023,5
37860,permits_multifamily,2024,128
37860,permits_multifamily,2025,32
37860,permits_single_family,2014,1637
37860,permits_single_family,2015,2017
37860,permits_single_family,2016,2369
37860,permits_single_family,2017,2584
37860,permits_single_family,2018,2528
37860,permits_single_family,2019,2734
37860,permits_single_family,2020,4103
37860,permits_single_family,2021,3101
37860,permits_single_family,2022,3343
37860,permits_single_family,2023,2797
37860,permits_single_family,2024,3297
37860,permits_single_family,2025,3295
37860,permits_units,2014,1825
37860,permits_units,2015,2634
37860,permits_units,2016,2873
37860,permits_units,2017,2609
37860,permits_units,2018,2568
37860,permits_units,2019,3222
37860,permits_units,2020,4391
37860,permits_units,2021,4051
37860,permits_units,2022,3519
37860,permits_units,2023,2823
37860,permits_units,2024,3445
37860,permits_units,2025,3327
37900,permits_multifamily,2014,53
37900,permits_multifamily,2015,58
37900,permits_multifamily,2016,0
37900,permits_multifamily,2017,0
37900,permits_multifamily,2018,98
37900,permits_multifamily,2019,54
37900,permits_multifamily,2020,44
37900,permits_multifamily,2021,150
37900,permits_multifamily,2022,120
37900,permits_multifamily,2023,22
37900,permits_multifamily,2024,27
37900,permits_multifamily,2025,17
37900,permits_single_family,2014,835
37900,permits_single_family,2015,424
37900,permits_single_family,2016,326
37900,permits_single_family,2017,247
37900,permits_single_family,2018,228
37900,permits_single_family,2019,218
37900,permits_single_family,2020,224
37900,permits_single_family,2021,219
37900,permits_single_family,2022,168
37900,permits_single_family,2023,184
37900,permits_single_family,2024,190
37900,permits_single_family,2025,191
37900,permits_units,2014,890
37900,permits_units,2015,502
37900,permits_units,2016,350
37900,permits_units,2017,257
37900,permits_units,2018,334
37900,permits_units,2019,308
37900,permits_units,2020,272
37900,permits_units,2021,379
37900,permits_units,2022,290
37900,permits_units,2023,210
37900,permits_units,2024,230
37900,permits_units,2025,234
37940,permits_multifamily,2024,0
37940,permits_multifamily,2025,36
37940,permits_single_family,2024,35
37940,permits_single_family,2025,48
37940,permits_units,2024,35
37940,permits_units,2025,84
37950,permits_multifamily,2024,0
37950,permits_multifamily,2025,0
37950,permits_single_family,2024,159
37950,permits_single_family,2025,135
37950,permits_units,2024,161
37950,permits_units,2025,135
37980,permits_multifamily,2014,6523
37980,permits_multifamily,2015,5060
37980,permits_multifamily,2016,4463
37980,permits_multifamily,2017,5540
37980,permits_multifamily,2018,5375
37980,permits_multifamily,2019,7540
37980,permits_multifamily,2020,6951
37980,permits_multifamily,2021,25427
37980,permits_multifamily,2022,4891
37980,permits_multifamily,2023,5126
37980,permits_multifamily,2024,5044
37980,permits_multifamily,2025,4935
37980,permits_single_family,2014,6379
37980,permits_single_family,2015,6548
37980,permits_single_family,2016,7016
37980,permits_single_family,2017,7233
37980,permits_single_family,2018,6875
37980,permits_single_family,2019,6963
37980,permits_single_family,2020,7999
37980,permits_single_family,2021,8868
37980,permits_single_family,2022,8534
37980,permits_single_family,2023,6255
37980,permits_single_family,2024,8324
37980,permits_single_family,2025,7256
37980,permits_units,2014,13631
37980,permits_units,2015,12317
37980,permits_units,2016,12245
37980,permits_units,2017,13544
37980,permits_units,2018,13156
37980,permits_units,2019,15607
37980,permits_units,2020,16201
37980,permits_units,2021,36307
37980,permits_units,2022,14371
37980,permits_units,2023,12019
37980,permits_units,2024,14214
37980,permits_units,2025,12900
38060,permits_multifamily,2014,8503
38060,permits_multifamily,2015,5427
38060,permits_multifamily,2016,9579
38060,permits_multifamily,2017,8327
38060,permits_multifamily,2018,7148
38060,permits_multifamily,2019,10009
38060,permits_multifamily,2020,15673
38060,permits_multifamily,2021,14884
38060,permits_multifamily,2022,19242
38060,permits_multifamily,2023,19036
38060,permits_multifamily,2024,13835
38060,permits_multifamily,2025,14800
38060,permits_single_family,2014,11557
38060,permits_single_family,2015,16621
38060,permits_single_family,2016,18433
38060,permits_single_family,2017,20471
38060,permits_single_family,2018,23526
38060,permits_single_family,2019,25026
38060,permits_single_family,2020,31658
38060,permits_single_family,2021,34347
38060,permits_single_family,2022,26797
38060,permits_single_family,2023,24708
38060,permits_single_family,2024,30277
38060,permits_single_family,2025,23755
38060,permits_units,2014,20341
38060,permits_units,2015,22402
38060,permits_units,2016,28583
38060,permits_units,2017,29312
38060,permits_units,2018,31343
38060,permits_units,2019,35873
38060,permits_units,2020,48219
38060,permits_units,2021,50581
38060,permits_units,2022,47804
38060,permits_units,2023,45616
38060,permits_units,2024,45884
38060,permits_units,2025,39699
38100,permits_multifamily,2024,0
38100,permits_multifamily,2025,0
38100,permits_single_family,2024,322
38100,permits_single_family,2025,383
38100,permits_units,2024,330
38100,permits_units,2025,383
38180,permits_multifamily,2024,115
38180,permits_multifamily,2025,0
38180,permits_single_family,2024,31
38180,permits_single_family,2025,40
38180,permits_units,2024,146
38180,permits_units,2025,40
38210,permits_multifamily,2024,0
38210,permits_multifamily,2025,0
38210,permits_single_family,2024,7
38210,permits_single_family,2025,5
38210,permits_units,2024,9
38210,permits_units,2025,16
38220,permits_multifamily,2014,16
38220,permits_multifamily,2015,0
38220,permits_multifamily,2016,0
38220,permits_multifamily,2017,36
38220,permits_multifamily,2018,0
38220,permits_multifamily,2019,0
38220,permits_multifamily,2020,24
38220,permits_multifamily,2021,0
38220,permits_multifamily,2022,24
38220,permits_multifamily,2023,48
38220,permits_multifamily,2024,0
38220,permits_multifamily,2025,0
38220,permits_single_family,2014,39
38220,permits_single_family,2015,21
38220,permits_single_family,2016,32
38220,permits_single_family,2017,36
38220,permits_single_family,2018,20
38220,permits_single_family,2019,37
38220,permits_single_family,2020,49
38220,permits_single_family,2021,38
38220,permits_single_family,2022,43
38220,permits_single_family,2023,43
38220,permits_single_family,2024,53
38220,permits_single_family,2025,50
38220,permits_units,2014,55
38220,permits_units,2015,31
38220,permits_units,2016,46
38220,permits_units,2017,74
38220,permits_units,2018,30
38220,permits_units,2019,43
38220,permits_units,2020,73
38220,permits_units,2021,46
38220,permits_units,2022,67
38220,permits_units,2023,97
38220,permits_units,2024,63
38220,permits_units,2025,60
38240,permits_multifamily,2024,0
38240,permits_multifamily,2025,0
38240,permits_single_family,2024,942
38240,permits_single_family,2025,1043
38240,permits_units,2024,942
38240,permits_units,2025,1077
38260,permits_multifamily,2024,0
38260,permits_multifamily,2025,0
38260,permits_single_family,2024,60
38260,permits_single_family,2025,59
38260,permits_units,2024,62
38260,permits_units,2025,61
38300,permits_multifamily,2014,957
38300,permits_multifamily,2015,1743
38300,permits_multifamily,2016,1186
38300,permits_multifamily,2017,1124
38300,permits_multifamily,2018,917
38300,permits_multifamily,2019,1004
38300,permits_multifamily,2020,1047
38300,permits_multifamily,2021,1046
38300,permits_multifamily,2022,2564
38300,permits_multifamily,2023,2831
38300,permits_multifamily,2024,1749
38300,permits_multifamily,2025,2218
38300,permits_single_family,2014,3082
38300,permits_single_family,2015,3293
38300,permits_single_family,2016,3015
38300,permits_single_family,2017,2988
38300,permits_single_family,2018,2977
38300,permits_single_family,2019,2830
38300,permits_single_family,2020,3441
38300,permits_single_family,2021,3891
38300,permits_single_family,2022,3101
38300,permits_single_family,2023,3332
38300,permits_single_family,2024,3530
38300,permits_single_family,2025,3452
38300,permits_units,2014,4190
38300,permits_units,2015,5264
38300,permits_units,2016,4403
38300,permits_units,2017,4328
38300,permits_units,2018,4037
38300,permits_units,2019,3984
38300,permits_units,2020,4824
38300,permits_units,2021,5223
38300,permits_units,2022,5867
38300,permits_units,2023,6294
38300,permits_units,2024,5412
38300,permits_units,2025,5797
38340,permits_multifamily,2014,40
38340,permits_multifamily,2015,108
38340,permits_multifamily,2016,96
38340,permits_multifamily,2017,93
38340,permits_multifamily,2018,175
38340,permits_multifamily,2019,199
38340,permits_multifamily,2020,126
38340,permits_multifamily,2021,57
38340,permits_multifamily,2022,0
38340,permits_multifamily,2023,30
38340,permits_multifamily,2024,10
38340,permits_multifamily,2025,50
38340,permits_single_family,2014,137
38340,permits_single_family,2015,106
38340,permits_single_family,2016,95
38340,permits_single_family,2017,90
38340,permits_single_family,2018,87
38340,permits_single_family,2019,77
38340,permits_single_family,2020,85
38340,permits_single_family,2021,116
38340,permits_single_family,2022,112
38340,permits_single_family,2023,107
38340,permits_single_family,2024,108
38340,permits_single_family,2025,93
38340,permits_units,2014,177
38340,permits_units,2015,214
38340,permits_units,2016,191
38340,permits_units,2017,194
38340,permits_units,2018,262
38340,permits_units,2019,276
38340,permits_units,2020,211
38340,permits_units,2021,193
38340,permits_units,2022,126
38340,permits_units,2023,145
38340,permits_units,2024,127
38340,permits_units,2025,149
38380,permits_multifamily,2024,0
38380,permits_multifamily,2025,0
38380,permits_single_family,2024,7
38380,permits_single_family,2025,7
38380,permits_units,2024,7
38380,permits_units,2025,7
38420,permits_multifamily,2024,0
38420,permits_multifamily,2025,0
38420,permits_single_family,2024,107
38420,permits_single_family,2025,112
38420,permits_units,2024,115
38420,permits_units,2025,122
38460,permits_multifamily,2024,64
38460,permits_multifamily,2025,70
38460,permits_single_family,2024,117
38460,permits_single_family,2025,113
38460,permits_units,2024,183
38460,permits_units,2025,189
38500,permits_multifamily,2024,0
38500,permits_multifamily,2025,0
38500,permits_single_family,2024,147
38500,permits_single_family,2025,116
38500,permits_units,2024,147
38500,permits_units,2025,118
38540,permits_multifamily,2014,0
38540,permits_multifamily,2015,0
38540,permits_multifamily,2016,0
38540,permits_multifamily,2017,0
38540,permits_multifamily,2018,0
38540,permits_multifamily,2019,6
38540,permits_multifamily,2020,394
38540,permits_multifamily,2021,0
38540,permits_multifamily,2022,121
38540,permits_multifamily,2023,23
38540,permits_multifamily,2024,6
38540,permits_multifamily,2025,96
38540,permits_single_family,2014,142
38540,permits_single_family,2015,168
38540,permits_single_family,2016,202
38540,permits_single_family,2017,203
38540,permits_single_family,2018,372
38540,permits_single_family,2019,285
38540,permits_single_family,2020,295
38540,permits_single_family,2021,383
38540,permits_single_family,2022,284
38540,permits_single_family,2023,261
38540,permits_single_family,2024,277
38540,permits_single_family,2025,297
38540,permits_units,2014,162
38540,permits_units,2015,190
38540,permits_units,2016,202
38540,permits_units,2017,223
38540,permits_units,2018,404
38540,permits_units,2019,315
38540,permits_units,2020,772
38540,permits_units,2021,510
38540,permits_units,2022,542
38540,permits_units,2023,348
38540,permits_units,2024,323
38540,permits_units,2025,592
38620,permits_multifamily,2024,0
38620,permits_multifamily,2025,0
38620,permits_single_family,2024,15
38620,permits_single_family,2025,23
38620,permits_units,2024,15
38620,permits_units,2025,29
38660,permits_multifamily,2025,0
38660,permits_single_family,2025,153
38660,permits_units,2025,155
38700,permits_multifamily,2024,0
38700,permits_multifamily,2025,0
38700,permits_single_family,2024,47
38700,permits_single_family,2025,20
38700,permits_units,2024,53
38700,permits_units,2025,50
38740,permits_multifamily,2024,48
38740,permits_multifamily,2025,0
38740,permits_single_family,2024,7
38740,permits_single_family,2025,25
38740,permits_units,2024,63
38740,permits_units,2025,45
38820,permits_multifamily,2024,0
38820,permits_multifamily,2025,0
38820,permits_single_family,2024,142
38820,permits_single_family,2025,255
38820,permits_units,2024,166
38820,permits_units,2025,293
38860,permits_multifamily,2014,207
38860,permits_multifamily,2015,299
38860,permits_multifamily,2016,431
38860,permits_multifamily,2017,462
38860,permits_multifamily,2018,559
38860,permits_multifamily,2019,916
38860,permits_multifamily,2020,651
38860,permits_multifamily,2021,856
38860,permits_multifamily,2022,1482
38860,permits_multifamily,2023,949
38860,permits_multifamily,2024,814
38860,permits_multifamily,2025,1383
38860,permits_single_family,2014,1419
38860,permits_single_family,2015,1584
38860,permits_single_family,2016,1838
38860,permits_single_family,2017,1973
38860,permits_single_family,2018,1952
38860,permits_single_family,2019,1818
38860,permits_single_family,2020,2062
38860,permits_single_family,2021,2634
38860,permits_single_family,2022,2120
38860,permits_single_family,2023,1905
38860,permits_single_family,2024,1934
38860,permits_single_family,2025,1945
38860,permits_units,2014,1696
38860,permits_units,2015,1980
38860,permits_units,2016,2397
38860,permits_units,2017,2517
38860,permits_units,2018,2624
38860,permits_units,2019,2875
38860,permits_units,2020,2855
38860,permits_units,2021,3712
38860,permits_units,2022,3762
38860,permits_units,2023,3072
38860,permits_units,2024,2978
38860,permits_units,2025,3487
38900,permits_multifamily,2014,6681
38900,permits_multifamily,2015,6554
38900,permits_multifamily,2016,7098
38900,permits_multifamily,2017,9504
38900,permits_multifamily,2018,7048
38900,permits_multifamily,2019,8719
38900,permits_multifamily,2020,5681
38900,permits_multifamily,2021,6547
38900,permits_multifamily,2022,6754
38900,permits_multifamily,2023,4804
38900,permits_multifamily,2024,2913
38900,permits_multifamily,2025,1995
38900,permits_single_family,2014,5462
38900,permits_single_family,2015,7102
38900,permits_single_family,2016,7397
38900,permits_single_family,2017,6211
38900,permits_single_family,2018,6869
38900,permits_single_family,2019,7688
38900,permits_single_family,2020,7513
38900,permits_single_family,2021,8008
38900,permits_single_family,2022,6029
38900,permits_single_family,2023,6326
38900,permits_single_family,2024,6345
38900,permits_single_family,2025,6133
38900,permits_units,2014,12356
38900,permits_units,2015,13967
38900,permits_units,2016,14729
38900,permits_units,2017,15983
38900,permits_units,2018,14180
38900,permits_units,2019,16815
38900,permits_units,2020,13446
38900,permits_units,2021,15023
38900,permits_units,2022,12978
38900,permits_units,2023,11382
38900,permits_units,2024,9453
38900,permits_units,2025,8318
38920,permits_multifamily,2024,0
38920,permits_multifamily,2025,0
38920,permits_single_family,2024,94
38920,permits_single_family,2025,108
38920,permits_units,2024,94
38920,permits_units,2025,108
38940,permits_multifamily,2014,321
38940,permits_multifamily,2015,296
38940,permits_multifamily,2016,121
38940,permits_multifamily,2017,48
38940,permits_multifamily,2018,824
38940,permits_multifamily,2019,558
38940,permits_multifamily,2020,223
38940,permits_multifamily,2021,1703
38940,permits_multifamily,2022,2312
38940,permits_multifamily,2023,506
38940,permits_multifamily,2024,378
38940,permits_multifamily,2025,442
38940,permits_single_family,2014,1048
38940,permits_single_family,2015,1268
38940,permits_single_family,2016,1696
38940,permits_single_family,2017,2087
38940,permits_single_family,2018,2974
38940,permits_single_family,2019,3503
38940,permits_single_family,2020,4807
38940,permits_single_family,2021,6447
38940,permits_single_family,2022,5043
38940,permits_single_family,2023,5405
38940,permits_single_family,2024,5095
38940,permits_single_family,2025,4311
38940,permits_units,2014,1394
38940,permits_units,2015,1601
38940,permits_units,2016,1937
38940,permits_units,2017,2287
38940,permits_units,2018,3970
38940,permits_units,2019,4277
38940,permits_units,2020,5238
38940,permits_units,2021,8403
38940,permits_units,2022,7804
38940,permits_units,2023,6137
38940,permits_units,2024,5515
38940,permits_units,2025,4853
39020,permits_multifamily,2024,0
39020,permits_multifamily,2025,0
39020,permits_single_family,2024,8
39020,permits_single_family,2025,10
39020,permits_units,2024,8
39020,permits_units,2025,10
39040,permits_multifamily,2024,0
39040,permits_multifamily,2025,0
39040,permits_single_family,2024,147
39040,permits_single_family,2025,199
39040,permits_units,2024,147
39040,permits_units,2025,218
39060,permits_multifamily,2024,72
39060,permits_multifamily,2025,34
39060,permits_single_family,2024,167
39060,permits_single_family,2025,169
39060,permits_units,2024,239
39060,permits_units,2025,211
39150,permits_multifamily,2014,8
39150,permits_multifamily,2015,228
39150,permits_multifamily,2016,214
39150,permits_multifamily,2017,417
39150,permits_multifamily,2018,309
39150,permits_multifamily,2019,516
39150,permits_multifamily,2020,22
39150,permits_multifamily,2021,466
39150,permits_multifamily,2022,481
39150,permits_multifamily,2023,277
39150,permits_multifamily,2024,98
39150,permits_multifamily,2025,304
39150,permits_single_family,2014,948
39150,permits_single_family,2015,1120
39150,permits_single_family,2016,1366
39150,permits_single_family,2017,1493
39150,permits_single_family,2018,1696
39150,permits_single_family,2019,1588
39150,permits_single_family,2020,1729
39150,permits_single_family,2021,1905
39150,permits_single_family,2022,1745
39150,permits_single_family,2023,1218
39150,permits_single_family,2024,1836
39150,permits_single_family,2025,1347
39150,permits_units,2014,968
39150,permits_units,2015,1377
39150,permits_units,2016,1602
39150,permits_units,2017,1976
39150,permits_units,2018,2079
39150,permits_units,2019,2180
39150,permits_units,2020,1891
39150,permits_units,2021,2481
39150,permits_units,2022,2366
39150,permits_units,2023,1567
39150,permits_units,2024,2068
39150,permits_units,2025,1718
39220,permits_multifamily,2024,168
39220,permits_multifamily,2025,0
39220,permits_single_family,2024,28
39220,permits_single_family,2025,45
39220,permits_units,2024,196
39220,permits_units,2025,45
39300,permits_multifamily,2014,209
39300,permits_multifamily,2015,192
39300,permits_multifamily,2016,683
39300,permits_multifamily,2017,160
39300,permits_multifamily,2018,209
39300,permits_multifamily,2019,175
39300,permits_multifamily,2020,129
39300,permits_multifamily,2021,192
39300,permits_multifamily,2022,257
39300,permits_multifamily,2023,438
39300,permits_multifamily,2024,818
39300,permits_multifamily,2025,1180
39300,permits_single_family,2014,1441
39300,permits_single_family,2015,1482
39300,permits_single_family,2016,1662
39300,permits_single_family,2017,1722
39300,permits_single_family,2018,1553
39300,permits_single_family,2019,1592
39300,permits_single_family,2020,1621
39300,permits_single_family,2021,1788
39300,permits_single_family,2022,1560
39300,permits_single_family,2023,1255
39300,permits_single_family,2024,1339
39300,permits_single_family,2025,1169
39300,permits_units,2014,1775
39300,permits_units,2015,1818
39300,permits_units,2016,2564
39300,permits_units,2017,2010
39300,permits_units,2018,1963
39300,permits_units,2019,2048
39300,permits_units,2020,2068
39300,permits_units,2021,2258
39300,permits_units,2022,2123
39300,permits_units,2023,1930
39300,permits_units,2024,2620
39300,permits_units,2025,2894
39340,permits_multifamily,2014,2421
39340,permits_multifamily,2015,1303
39340,permits_multifamily,2016,756
39340,permits_multifamily,2017,1679
39340,permits_multifamily,2018,1254
39340,permits_multifamily,2019,1435
39340,permits_multifamily,2020,724
39340,permits_multifamily,2021,3265
39340,permits_multifamily,2022,2824
39340,permits_multifamily,2023,1346
39340,permits_multifamily,2024,1047
39340,permits_multifamily,2025,1695
39340,permits_single_family,2014,2679
39340,permits_single_family,2015,3098
39340,permits_single_family,2016,4429
39340,permits_single_family,2017,5090
39340,permits_single_family,2018,5516
39340,permits_single_family,2019,5423
39340,permits_single_family,2020,6800
39340,permits_single_family,2021,7562
39340,permits_single_family,2022,5153
39340,permits_single_family,2023,4663
39340,permits_single_family,2024,5246
39340,permits_single_family,2025,5395
39340,permits_units,2014,5295
39340,permits_units,2015,4549
39340,permits_units,2016,5317
39340,permits_units,2017,7245
39340,permits_units,2018,6841
39340,permits_units,2019,6947
39340,permits_units,2020,7967
39340,permits_units,2021,11175
39340,permits_units,2022,8287
39340,permits_units,2023,6181
39340,permits_units,2024,6428
39340,permits_units,2025,7304
39380,permits_multifamily,2014,0
39380,permits_multifamily,2015,62
39380,permits_multifamily,2016,13
39380,permits_multifamily,2017,10
39380,permits_multifamily,2018,0
39380,permits_multifamily,2019,0
39380,permits_multifamily,2020,0
39380,permits_multifamily,2021,0
39380,permits_multifamily,2022,0
39380,permits_multifamily,2023,0
39380,permits_multifamily,2024,0
39380,permits_multifamily,2025,0
39380,permits_single_family,2014,157
39380,permits_single_family,2015,200
39380,permits_single_family,2016,265
39380,permits_single_family,2017,352
39380,permits_single_family,2018,479
39380,permits_single_family,2019,484
39380,permits_single_family,2020,579
39380,permits_single_family,2021,742
39380,permits_single_family,2022,497
39380,permits_single_family,2023,297
39380,permits_single_family,2024,269
39380,permits_single_family,2025,226
39380,permits_units,2014,157
39380,permits_units,2015,282
39380,permits_units,2016,282
39380,permits_units,2017,368
39380,permits_units,2018,479
39380,permits_units,2019,488
39380,permits_units,2020,579
39380,permits_units,2021,742
39380,permits_units,2022,497
39380,permits_units,2023,297
39380,permits_units,2024,269
39380,permits_units,2025,226
39420,permits_multifamily,2024,0
39420,permits_multifamily,2025,0
39420,permits_single_family,2024,40
39420,permits_single_family,2025,22
39420,permits_units,2024,44
39420,permits_units,2025,26
39460,permits_multifamily,2014,0
39460,permits_multifamily,2015,172
39460,permits_multifamily,2016,0
39460,permits_multifamily,2017,0
39460,permits_multifamily,2018,39
39460,permits_multifamily,2019,114
39460,permits_multifamily,2020,374
39460,permits_multifamily,2021,1017
39460,permits_multifamily,2022,596
39460,permits_multifamily,2023,230
39460,permits_multifamily,2024,703
39460,permits_multifamily,2025,214
39460,permits_single_family,2014,610
39460,permits_single_family,2015,947
39460,permits_single_family,2016,657
39460,permits_single_family,2017,1251
39460,permits_single_family,2018,1932
39460,permits_single_family,2019,2075
39460,permits_single_family,2020,2381
39460,permits_single_family,2021,3435
39460,permits_single_family,2022,4637
39460,permits_single_family,2023,3804
39460,permits_single_family,2024,3583
39460,permits_single_family,2025,2571
39460,permits_units,2014,610
39460,permits_units,2015,1129
39460,permits_units,2016,665
39460,permits_units,2017,1297
39460,permits_units,2018,2068
39460,permits_units,2019,2329
39460,permits_units,2020,2933
39460,permits_units,2021,4830
39460,permits_units,2022,5676
39460,permits_units,2023,4429
39460,permits_units,2024,4585
39460,permits_units,2025,3015
39480,permits_multifamily,2024,0
39480,permits_multifamily,2025,0
39480,permits_single_family,2024,146
39480,permits_single_family,2025,183
39480,permits_units,2024,146
39480,permits_units,2025,185
39500,permits_multifamily,2024,0
39500,permits_multifamily,2025,5
39500,permits_single_family,2024,37
39500,permits_single_family,2025,27
39500,permits_units,2024,73
39500,permits_units,2025,40
39540,permits_multifamily,2014,24
39540,permits_multifamily,2015,0
39540,permits_multifamily,2016,120
39540,permits_multifamily,2017,0
39540,permits_multifamily,2018,73
39540,permits_multifamily,2019,84
39540,permits_multifamily,2020,36
39540,permits_multifamily,2021,60
39540,permits_multifamily,2022,0
39540,permits_multifamily,2023,362
39540,permits_multifamily,2024,60
39540,permits_multifamily,2025,363
39540,permits_single_family,2014,159
39540,permits_single_family,2015,189
39540,permits_single_family,2016,222
39540,permits_single_family,2017,244
39540,permits_single_family,2018,282
39540,permits_single_family,2019,192
39540,permits_single_family,2020,144
39540,permits_single_family,2021,159
39540,permits_single_family,2022,145
39540,permits_single_family,2023,156
39540,permits_single_family,2024,163
39540,permits_single_family,2025,232
39540,permits_units,2014,207
39540,permits_units,2015,217
39540,permits_units,2016,358
39540,permits_units,2017,278
39540,permits_units,2018,379
39540,permits_units,2019,322
39540,permits_units,2020,224
39540,permits_units,2021,245
39540,permits_units,2022,163
39540,permits_units,2023,524
39540,permits_units,2024,277
39540,permits_units,2025,667
39580,permits_multifamily,2014,3963
39580,permits_multifamily,2015,3267
39580,permits_multifamily,2016,4037
39580,permits_multifamily,2017,3396
39580,permits_multifamily,2018,4689
39580,permits_multifamily,2019,2117
39580,permits_multifamily,2020,4229
39580,permits_multifamily,2021,7368
39580,permits_multifamily,2022,9846
39580,permits_multifamily,2023,8387
39580,permits_multifamily,2024,5574
39580,permits_multifamily,2025,5542
39580,permits_single_family,2014,7680
39580,permits_single_family,2015,8694
39580,permits_single_family,2016,9442
39580,permits_single_family,2017,10752
39580,permits_single_family,2018,11160
39580,permits_single_family,2019,11142
39580,permits_single_family,2020,12697
39580,permits_single_family,2021,14227
39580,permits_single_family,2022,12488
39580,permits_single_family,2023,12147
39580,permits_single_family,2024,13343
39580,permits_single_family,2025,11760
39580,permits_units,2014,11647
39580,permits_units,2015,11987
39580,permits_units,2016,13514
39580,permits_units,2017,14180
39580,permits_units,2018,15950
39580,permits_units,2019,13320
39580,permits_units,2020,16958
39580,permits_units,2021,21649
39580,permits_units,2022,22390
39580,permits_units,2023,20619
39580,permits_units,2024,18979
39580,permits_units,2025,17543
39660,permits_multifamily,2014,134
39660,permits_multifamily,2015,226
39660,permits_multifamily,2016,427
39660,permits_multifamily,2017,177
39660,permits_multifamily,2018,258
39660,permits_multifamily,2019,189
39660,permits_multifamily,2020,679
39660,permits_multifamily,2021,838
39660,permits_multifamily,2022,997
39660,permits_multifamily,2023,977
39660,permits_multifamily,2024,735
39660,permits_multifamily,2025,80
39660,permits_single_family,2014,524
39660,permits_single_family,2015,572
39660,permits_single_family,2016,540
39660,permits_single_family,2017,560
39660,permits_single_family,2018,532
39660,permits_single_family,2019,469
39660,permits_single_family,2020,609
39660,permits_single_family,2021,684
39660,permits_single_family,2022,620
39660,permits_single_family,2023,511
39660,permits_single_family,2024,786
39660,permits_single_family,2025,860
39660,permits_units,2014,671
39660,permits_units,2015,798
39660,permits_units,2016,971
39660,permits_units,2017,779
39660,permits_units,2018,834
39660,permits_units,2019,722
39660,permits_units,2020,1320
39660,permits_units,2021,1562
39660,permits_units,2022,1645
39660,permits_units,2023,1574
39660,permits_units,2024,1553
39660,permits_units,2025,958
39700,permits_multifamily,2024,0
39700,permits_multifamily,2025,0
39700,permits_single_family,2024,36
39700,permits_single_family,2025,43
39700,permits_units,2024,36
39700,permits_units,2025,43
39740,permits_multifamily,2014,112
39740,permits_multifamily,2015,71
39740,permits_multifamily,2016,63
39740,permits_multifamily,2017,0
39740,permits_multifamily,2018,216
39740,permits_multifamily,2019,276
39740,permits_multifamily,2020,45
39740,permits_multifamily,2021,108
39740,permits_multifamily,2022,8
39740,permits_multifamily,2023,105
39740,permits_multifamily,2024,165
39740,permits_multifamily,2025,179
39740,permits_single_family,2014,322
39740,permits_single_family,2015,343
39740,permits_single_family,2016,366
39740,permits_single_family,2017,399
39740,permits_single_family,2018,380
39740,permits_single_family,2019,350
39740,permits_single_family,2020,466
39740,permits_single_family,2021,375
39740,permits_single_family,2022,372
39740,permits_single_family,2023,231
39740,permits_single_family,2024,214
39740,permits_single_family,2025,335
39740,permits_units,2014,458
39740,permits_units,2015,416
39740,permits_units,2016,436
39740,permits_units,2017,411
39740,permits_units,2018,600
39740,permits_units,2019,628
39740,permits_units,2020,515
39740,permits_units,2021,493
39740,permits_units,2022,386
39740,permits_units,2023,352
39740,permits_units,2024,397
39740,permits_units,2025,582
39780,permits_multifamily,2024,0
39780,permits_multifamily,2025,0
39780,permits_single_family,2024,186
39780,permits_single_family,2025,28
39780,permits_units,2024,186
39780,permits_units,2025,36
39820,permits_multifamily,2014,0
39820,permits_multifamily,2015,50
39820,permits_multifamily,2016,47
39820,permits_multifamily,2017,0
39820,permits_multifamily,2018,0
39820,permits_multifamily,2019,97
39820,permits_multifamily,2020,0
39820,permits_multifamily,2021,48
39820,permits_multifamily,2022,0
39820,permits_multifamily,2023,0
39820,permits_multifamily,2024,0
39820,permits_multifamily,2025,5
39820,permits_single_family,2014,240
39820,permits_single_family,2015,321
39820,permits_single_family,2016,349
39820,permits_single_family,2017,382
39820,permits_single_family,2018,306
39820,permits_single_family,2019,447
39820,permits_single_family,2020,389
39820,permits_single_family,2021,320
39820,permits_single_family,2022,375
39820,permits_single_family,2023,208
39820,permits_single_family,2024,246
39820,permits_single_family,2025,249
39820,permits_units,2014,242
39820,permits_units,2015,375
39820,permits_units,2016,400
39820,permits_units,2017,382
39820,permits_units,2018,306
39820,permits_units,2019,544
39820,permits_units,2020,393
39820,permits_units,2021,368
39820,permits_units,2022,375
39820,permits_units,2023,208
39820,permits_units,2024,246
39820,permits_units,2025,254
39860,permits_multifamily,2024,0
39860,permits_multifamily,2025,0
39860,permits_single_family,2024,78
39860,permits_single_family,2025,74
39860,permits_units,2024,86
39860,permits_units,2025,84
39900,permits_multifamily,2014,686
39900,permits_multifamily,2015,773
39900,permits_multifamily,2016,1610
39900,permits_multifamily,2017,2416
39900,permits_multifamily,2018,2155
39900,permits_multifamily,2019,3002
39900,permits_multifamily,2020,1779
39900,permits_multifamily,2021,2472
39900,permits_multifamily,2022,3443
39900,permits_multifamily,2023,2096
39900,permits_multifamily,2024,1714
39900,permits_multifamily,2025,965
39900,permits_single_family,2014,1507
39900,permits_single_family,2015,2000
39900,permits_single_family,2016,1868
39900,permits_single_family,2017,2091
39900,permits_single_family,2018,2255
39900,permits_single_family,2019,2157
39900,permits_single_family,2020,2629
39900,permits_single_family,2021,2717
39900,permits_single_family,2022,2184
39900,permits_single_family,2023,1992
39900,permits_single_family,2024,2474
39900,permits_single_family,2025,1914
39900,permits_units,2014,2216
39900,permits_units,2015,2787
39900,permits_units,2016,3600
39900,permits_units,2017,4564
39900,permits_units,2018,4450
39900,permits_units,2019,5263
39900,permits_units,2020,4504
39900,permits_units,2021,5337
39900,permits_units,2022,5812
39900,permits_units,2023,4271
39900,permits_units,2024,4391
39900,permits_units,2025,2951
39940,permits_multifamily,2024,80
39940,permits_multifamily,2025,270
39940,permits_single_family,2024,316
39940,permits_single_family,2025,540
39940,permits_units,2024,415
39940,permits_units,2025,998
39960,permits_multifamily,2024,8
39960,permits_multifamily,2025,0
39960,permits_single_family,2024,145
39960,permits_single_family,2025,144
39960,permits_units,2024,161
39960,permits_units,2025,152
39980,permits_multifamily,2024,0
39980,permits_multifamily,2025,222
39980,permits_single_family,2024,41
39980,permits_single_family,2025,47
39980,permits_units,2024,45
39980,permits_units,2025,271
40060,permits_multifamily,2014,1006
40060,permits_multifamily,2015,1154
40060,permits_multifamily,2016,777
40060,permits_multifamily,2017,2350
40060,permits_multifamily,2018,1184
40060,permits_multifamily,2019,3489
40060,permits_multifamily,2020,2259
40060,permits_multifamily,2021,3154
40060,permits_multifamily,2022,5766
40060,permits_multifamily,2023,5151
40060,permits_multifamily,2024,3408
40060,permits_multifamily,2025,4372
40060,permits_single_family,2014,3181
40060,permits_single_family,2015,3619
40060,permits_single_family,2016,4003
40060,permits_single_family,2017,4614
40060,permits_single_family,2018,4498
40060,permits_single_family,2019,4481
40060,permits_single_family,2020,5330
40060,permits_single_family,2021,5946
40060,permits_single_family,2022,4503
40060,permits_single_family,2023,4590
40060,permits_single_family,2024,5023
40060,permits_single_family,2025,4399
40060,permits_units,2014,4312
40060,permits_units,2015,4875
40060,permits_units,2016,4919
40060,permits_units,2017,7145
40060,permits_units,2018,6061
40060,permits_units,2019,8340
40060,permits_units,2020,8190
40060,permits_units,2021,9547
40060,permits_units,2022,10414
40060,permits_units,2023,9973
40060,permits_units,2024,8642
40060,permits_units,2025,9091
40080,permits_multifamily,2024,224
40080,permits_multifamily,2025,308
40080,permits_single_family,2024,537
40080,permits_single_family,2025,473
40080,permits_units,2024,817
40080,permits_units,2025,813
40090,permits_multifamily,2024,153
40090,permits_multifamily,2025,89
40090,permits_single_family,2024,154
40090,permits_single_family,2025,237
40090,permits_units,2024,321
40090,permits_units,2025,330
40100,permits_multifamily,2024,0
40100,permits_multifamily,2025,0
40100,permits_single_family,2024,0
40100,permits_single_family,2025,0
40100,permits_units,2024,0
40100,permits_units,2025,0
40140,permits_multifamily,2014,2649
40140,permits_multifamily,2015,1880
40140,permits_multifamily,2016,1934
40140,permits_multifamily,2017,3274
40140,permits_multifamily,2018,2773
40140,permits_multifamily,2019,3171
40140,permits_multifamily,2020,1800
40140,permits_multifamily,2021,3058
40140,permits_multifamily,2022,3657
40140,permits_multifamily,2023,7348
40140,permits_multifamily,2024,3728
40140,permits_multifamily,2025,5415
40140,permits_single_family,2014,7222
40140,permits_single_family,2015,7816
40140,permits_single_family,2016,8837
40140,permits_single_family,2017,10955
40140,permits_single_family,2018,11591
40140,permits_single_family,2019,11147
40140,permits_single_family,2020,12897
40140,permits_single_family,2021,11962
40140,permits_single_family,2022,12467
40140,permits_single_family,2023,12463
40140,permits_single_family,2024,11633
40140,permits_single_family,2025,9977
40140,permits_units,2014,10166
40140,permits_units,2015,9926
40140,permits_units,2016,10921
40140,permits_units,2017,14676
40140,permits_units,2018,14809
40140,permits_units,2019,14599
40140,permits_units,2020,15232
40140,permits_units,2021,15606
40140,permits_units,2022,16747
40140,permits_units,2023,20268
40140,permits_units,2024,15824
40140,permits_units,2025,15937
40180,permits_multifamily,2024,0
40180,permits_multifamily,2025,0
40180,permits_single_family,2024,14
40180,permits_single_family,2025,11
40180,permits_units,2024,14
40180,permits_units,2025,21
40220,permits_multifamily,2014,72
40220,permits_multifamily,2015,349
40220,permits_multifamily,2016,154
40220,permits_multifamily,2017,166
40220,permits_multifamily,2018,81
40220,permits_multifamily,2019,238
40220,permits_multifamily,2020,285
40220,permits_multifamily,2021,360
40220,permits_multifamily,2022,315
40220,permits_multifamily,2023,119
40220,permits_multifamily,2024,486
40220,permits_multifamily,2025,316
40220,permits_single_family,2014,425
40220,permits_single_family,2015,408
40220,permits_single_family,2016,380
40220,permits_single_family,2017,424
40220,permits_single_family,2018,432
40220,permits_single_family,2019,464
40220,permits_single_family,2020,478
40220,permits_single_family,2021,509
40220,permits_single_family,2022,452
40220,permits_single_family,2023,490
40220,permits_single_family,2024,541
40220,permits_single_family,2025,555
40220,permits_units,2014,511
40220,permits_units,2015,763
40220,permits_units,2016,542
40220,permits_units,2017,592
40220,permits_units,2018,515
40220,permits_units,2019,702
40220,permits_units,2020,769
40220,permits_units,2021,869
40220,permits_units,2022,771
40220,permits_units,2023,621
40220,permits_units,2024,1053
40220,permits_units,2025,877
40260,permits_multifamily,2024,0
40260,permits_multifamily,2025,0
40260,permits_single_family,2024,72
40260,permits_single_family,2025,88
40260,permits_units,2024,72
40260,permits_units,2025,90
40300,permits_multifamily,2024,0
40300,permits_multifamily,2025,0
40300,permits_single_family,2024,50
40300,permits_single_family,2025,81
40300,permits_units,2024,50
40300,permits_units,2025,87
40340,permits_multifamily,2014,189
40340,permits_multifamily,2015,1107
40340,permits_multifamily,2016,977
40340,permits_multifamily,2017,625
40340,permits_multifamily,2018,1110
40340,permits_multifamily,2019,484
40340,permits_multifamily,2020,245
40340,permits_multifamily,2021,402
40340,permits_multifamily,2022,1019
40340,permits_multifamily,2023,559
40340,permits_multifamily,2024,973
40340,permits_multifamily,2025,241
40340,permits_single_family,2014,621
40340,permits_single_family,2015,658
40340,permits_single_family,2016,744
40340,permits_single_family,2017,818
40340,permits_single_family,2018,690
40340,permits_single_family,2019,614
40340,permits_single_family,2020,642
40340,permits_single_family,2021,721
40340,permits_single_family,2022,643
40340,permits_single_family,2023,604
40340,permits_single_family,2024,491
40340,permits_single_family,2025,483
40340,permits_units,2014,832
40340,permits_units,2015,1776
40340,permits_units,2016,1737
40340,permits_units,2017,1449
40340,permits_units,2018,1816
40340,permits_units,2019,1111
40340,permits_units,2020,906
40340,permits_units,2021,1135
40340,permits_units,2022,1723
40340,permits_units,2023,1174
40340,permits_units,2024,1484
40340,permits_units,2025,734
40380,permits_multifamily,2014,428
40380,permits_multifamily,2015,1072
40380,permits_multifamily,2016,609
40380,permits_multifamily,2017,543
40380,permits_multifamily,2018,976
40380,permits_multifamily,2019,785
40380,permits_multifamily,2020,964
40380,permits_multifamily,2021,453
40380,permits_multifamily,2022,1272
40380,permits_multifamily,2023,642
40380,permits_multifamily,2024,724
40380,permits_multifamily,2025,404
40380,permits_single_family,2014,1269
40380,permits_single_family,2015,1381
40380,permits_single_family,2016,1315
40380,permits_single_family,2017,1185
40380,permits_single_family,2018,1176
40380,permits_single_family,2019,1116
40380,permits_single_family,2020,1149
40380,permits_single_family,2021,1180
40380,permits_single_family,2022,1151
40380,permits_single_family,2023,906
40380,permits_single_family,2024,917
40380,permits_single_family,2025,1251
40380,permits_units,2014,1791
40380,permits_units,2015,2652
40380,permits_units,2016,2067
40380,permits_units,2017,1778
40380,permits_units,2018,2206
40380,permits_units,2019,2021
40380,permits_units,2020,2242
40380,permits_units,2021,1774
40380,permits_units,2022,2653
40380,permits_units,2023,1723
40380,permits_units,2024,1801
40380,permits_units,2025,1750
40420,permits_multifamily,2014,0
40420,permits_multifamily,2015,0
40420,permits_multifamily,2016,0
40420,permits_multifamily,2017,0
40420,permits_multifamily,2018,0
40420,permits_multifamily,2019,0
40420,permits_multifamily,2020,0
40420,permits_multifamily,2021,8
40420,permits_multifamily,2022,0
40420,permits_multifamily,2023,0
40420,permits_multifamily,2024,0
40420,permits_multifamily,2025,0
40420,permits_single_family,2014,134
40420,permits_single_family,2015,90
40420,permits_single_family,2016,193
40420,permits_single_family,2017,228
40420,permits_single_family,2018,209
40420,permits_single_family,2019,229
40420,permits_single_family,2020,151
40420,permits_single_family,2021,254
40420,permits_single_family,2022,289
40420,permits_single_family,2023,179
40420,permits_single_family,2024,292
40420,permits_single_family,2025,363
40420,permits_units,2014,150
40420,permits_units,2015,134
40420,permits_units,2016,213
40420,permits_units,2017,235
40420,permits_units,2018,265
40420,permits_units,2019,300
40420,permits_units,2020,192
40420,permits_units,2021,280
40420,permits_units,2022,318
40420,permits_units,2023,200
40420,permits_units,2024,336
40420,permits_units,2025,377
40460,permits_multifamily,2024,0
40460,permits_multifamily,2025,56
40460,permits_single_family,2024,56
40460,permits_single_family,2025,53
40460,permits_units,2024,58
40460,permits_units,2025,109
40540,permits_multifamily,2024,0
40540,permits_multifamily,2025,0
40540,permits_single_family,2024,45
40540,permits_single_family,2025,35
40540,permits_units,2024,45
40540,permits_units,2025,35
40580,permits_multifamily,2014,0
40580,permits_multifamily,2015,0
40580,permits_multifamily,2016,64
40580,permits_multifamily,2017,0
40580,permits_multifamily,2018,0
40580,permits_multifamily,2019,0
40580,permits_multifamily,2020,0
40580,permits_multifamily,2021,0
40580,permits_multifamily,2022,0
40580,permits_multifamily,2023,30
40580,permits_multifamily,2024,5
40580,permits_multifamily,2025,0
40580,permits_single_family,2014,202
40580,permits_single_family,2015,249
40580,permits_single_family,2016,236
40580,permits_single_family,2017,215
40580,permits_single_family,2018,235
40580,permits_single_family,2019,232
40580,permits_single_family,2020,339
40580,permits_single_family,2021,640
40580,permits_single_family,2022,427
40580,permits_single_family,2023,584
40580,permits_single_family,2024,545
40580,permits_single_family,2025,534
40580,permits_units,2014,216
40580,permits_units,2015,263
40580,permits_units,2016,316
40580,permits_units,2017,215
40580,permits_units,2018,235
40580,permits_units,2019,232
40580,permits_units,2020,339
40580,permits_units,2021,640
40580,permits_units,2022,427
40580,permits_units,2023,614
40580,permits_units,2024,550
40580,permits_units,2025,536
40620,permits_multifamily,2024,63
40620,permits_multifamily,2025,0
40620,permits_single_family,2024,41
40620,permits_single_family,2025,59
40620,permits_units,2024,152
40620,permits_units,2025,101
40660,permits_multifamily,2014,5
40660,permits_multifamily,2015,0
40660,permits_multifamily,2016,124
40660,permits_multifamily,2017,0
40660,permits_multifamily,2018,0
40660,permits_multifamily,2019,0
40660,permits_multifamily,2020,0
40660,permits_multifamily,2021,0
40660,permits_multifamily,2022,0
40660,permits_multifamily,2023,0
40660,permits_multifamily,2024,0
40660,permits_multifamily,2025,0
40660,permits_single_family,2014,70
40660,permits_single_family,2015,89
40660,permits_single_family,2016,102
40660,permits_single_family,2017,157
40660,permits_single_family,2018,198
40660,permits_single_family,2019,263
40660,permits_single_family,2020,282
40660,permits_single_family,2021,204
40660,permits_single_family,2022,310
40660,permits_single_family,2023,327
40660,permits_single_family,2024,355
40660,permits_single_family,2025,330
40660,permits_units,2014,75
40660,permits_units,2015,93
40660,permits_units,2016,226
40660,permits_units,2017,157
40660,permits_units,2018,210
40660,permits_units,2019,263
40660,permits_units,2020,282
40660,permits_units,2021,204
40660,permits_units,2022,310
40660,permits_units,2023,327
40660,permits_units,2024,355
40660,permits_units,2025,330
40700,permits_multifamily,2024,0
40700,permits_multifamily,2025,0
40700,permits_single_family,2024,166
40700,permits_single_family,2025,162
40700,permits_units,2024,190
40700,permits_units,2025,182
40740,permits_multifamily,2024,0
40740,permits_multifamily,2025,0
40740,permits_single_family,2024,88
40740,permits_single_family,2025,75
40740,permits_units,2024,88
40740,permits_units,2025,75
40760,permits_multifamily,2024,0
40760,permits_multifamily,2025,0
40760,permits_single_family,2024,88
40760,permits_single_family,2025,111
40760,permits_units,2024,92
40760,permits_units,2025,111
40770,permits_multifamily,2024,0
40770,permits_multifamily,2025,12
40770,permits_single_family,2024,13
40770,permits_single_family,2025,15
40770,permits_units,2024,13
40770,permits_units,2025,27
40780,permits_multifamily,2024,0
40780,permits_multifamily,2025,0
40780,permits_single_family,2024,56
40780,permits_single_family,2025,45
40780,permits_units,2024,63
40780,permits_units,2025,70
40820,permits_multifamily,2024,0
40820,permits_multifamily,2025,0
40820,permits_single_family,2024,152
40820,permits_single_family,2025,191
40820,permits_units,2024,171
40820,permits_units,2025,193
40860,permits_multifamily,2024,44
40860,permits_multifamily,2025,0
40860,permits_single_family,2024,89
40860,permits_single_family,2025,87
40860,permits_units,2024,135
40860,permits_units,2025,89
40900,permits_multifamily,2014,423
40900,permits_multifamily,2015,905
40900,permits_multifamily,2016,939
40900,permits_multifamily,2017,2596
40900,permits_multifamily,2018,1425
40900,permits_multifamily,2019,2037
40900,permits_multifamily,2020,3684
40900,permits_multifamily,2021,2856
40900,permits_multifamily,2022,2327
40900,permits_multifamily,2023,3809
40900,permits_multifamily,2024,2701
40900,permits_multifamily,2025,2550
40900,permits_single_family,2014,3694
40900,permits_single_family,2015,5175
40900,permits_single_family,2016,6135
40900,permits_single_family,2017,6815
40900,permits_single_family,2018,6393
40900,permits_single_family,2019,7184
40900,permits_single_family,2020,7279
40900,permits_single_family,2021,9390
40900,permits_single_family,2022,8170
40900,permits_single_family,2023,7931
40900,permits_single_family,2024,8579
40900,permits_single_family,2025,7716
40900,permits_units,2014,4159
40900,permits_units,2015,6184
40900,permits_units,2016,7204
40900,permits_units,2017,9503
40900,permits_units,2018,7873
40900,permits_units,2019,9431
40900,permits_units,2020,11164
40900,permits_units,2021,12434
40900,permits_units,2022,10800
40900,permits_units,2023,11941
40900,permits_units,2024,11613
40900,permits_units,2025,10689
40940,permits_multifamily,2024,0
40940,permits_multifamily,2025,0
40940,permits_single_family,2024,133
40940,permits_single_family,2025,193
40940,permits_units,2024,137
40940,permits_units,2025,225
40980,permits_multifamily,2014,60
40980,permits_multifamily,2015,161
40980,permits_multifamily,2016,79
40980,permits_multifamily,2017,92
40980,permits_multifamily,2018,74
40980,permits_multifamily,2019,77
40980,permits_multifamily,2020,91
40980,permits_multifamily,2021,0
40980,permits_multifamily,2022,20
40980,permits_multifamily,2023,0
40980,permits_multifamily,2024,0
40980,permits_multifamily,2025,41
40980,permits_single_family,2014,104
40980,permits_single_family,2015,156
40980,permits_single_family,2016,149
40980,permits_single_family,2017,182
40980,permits_single_family,2018,179
40980,permits_single_family,2019,139
40980,permits_single_family,2020,148
40980,permits_single_family,2021,180
40980,permits_single_family,2022,143
40980,permits_single_family,2023,138
40980,permits_single_family,2024,121
40980,permits_single_family,2025,141
40980,permits_units,2014,214
40980,permits_units,2015,382
40980,permits_units,2016,281
40980,permits_units,2017,335
40980,permits_units,2018,333
40980,permits_units,2019,248
40980,permits_units,2020,245
40980,permits_units,2021,195
40980,permits_units,2022,175
40980,permits_units,2023,190
40980,permits_units,2024,141
40980,permits_units,2025,210
41060,permits_multifamily,2014,174
41060,permits_multifamily,2015,470
41060,permits_multifamily,2016,622
41060,permits_multifamily,2017,301
41060,permits_multifamily,2018,238
41060,permits_multifamily,2019,207
41060,permits_multifamily,2020,42
41060,permits_multifamily,2021,49
41060,permits_multifamily,2022,265
41060,permits_multifamily,2023,244
41060,permits_multifamily,2024,210
41060,permits_multifamily,2025,329
41060,permits_single_family,2014,387
41060,permits_single_family,2015,376
41060,permits_single_family,2016,475
41060,permits_single_family,2017,514
41060,permits_single_family,2018,532
41060,permits_single_family,2019,504
41060,permits_single_family,2020,529
41060,permits_single_family,2021,525
41060,permits_single_family,2022,431
41060,permits_single_family,2023,427
41060,permits_single_family,2024,431
41060,permits_single_family,2025,434
41060,permits_units,2014,577
41060,permits_units,2015,858
41060,permits_units,2016,1107
41060,permits_units,2017,819
41060,permits_units,2018,770
41060,permits_units,2019,718
41060,permits_units,2020,615
41060,permits_units,2021,624
41060,permits_units,2022,696
41060,permits_units,2023,681
41060,permits_units,2024,654
41060,permits_units,2025,787
41100,permits_multifamily,2014,51
41100,permits_multifamily,2015,25
41100,permits_multifamily,2016,213
41100,permits_multifamily,2017,709
41100,permits_multifamily,2018,282
41100,permits_multifamily,2019,863
41100,permits_multifamily,2020,310
41100,permits_multifamily,2021,194
41100,permits_multifamily,2022,670
41100,permits_multifamily,2023,638
41100,permits_multifamily,2024,650
41100,permits_multifamily,2025,326
41100,permits_single_family,2014,1573
41100,permits_single_family,2015,1614
41100,permits_single_family,2016,1889
41100,permits_single_family,2017,2315
41100,permits_single_family,2018,2351
41100,permits_single_family,2019,2420
41100,permits_single_family,2020,2939
41100,permits_single_family,2021,3218
41100,permits_single_family,2022,2486
41100,permits_single_family,2023,2134
41100,permits_single_family,2024,2467
41100,permits_single_family,2025,2497
41100,permits_units,2014,1628
41100,permits_units,2015,1658
41100,permits_units,2016,2196
41100,permits_units,2017,3209
41100,permits_units,2018,2889
41100,permits_units,2019,3557
41100,permits_units,2020,3314
41100,permits_units,2021,3484
41100,permits_units,2022,3196
41100,permits_units,2023,2820
41100,permits_units,2024,3152
41100,permits_units,2025,2857
41140,permits_multifamily,2014,0
41140,permits_multifamily,2015,109
41140,permits_multifamily,2016,0
41140,permits_multifamily,2017,6
41140,permits_multifamily,2018,0
41140,permits_multifamily,2019,94
41140,permits_multifamily,2020,147
41140,permits_multifamily,2021,0
41140,permits_multifamily,2022,0
41140,permits_multifamily,2023,20
41140,permits_multifamily,2024,0
41140,permits_multifamily,2025,0
41140,permits_single_family,2014,98
41140,permits_single_family,2015,94
41140,permits_single_family,2016,95
41140,permits_single_family,2017,101
41140,permits_single_family,2018,85
41140,permits_single_family,2019,124
41140,permits_single_family,2020,103
41140,permits_single_family,2021,100
41140,permits_single_family,2022,87
41140,permits_single_family,2023,75
41140,permits_single_family,2024,81
41140,permits_single_family,2025,57
41140,permits_units,2014,104
41140,permits_units,2015,211
41140,permits_units,2016,101
41140,permits_units,2017,109
41140,permits_units,2018,93
41140,permits_units,2019,220
41140,permits_units,2020,256
41140,permits_units,2021,108
41140,permits_units,2022,95
41140,permits_units,2023,97
41140,permits_units,2024,81
41140,permits_units,2025,59
41180,permits_multifamily,2014,2276
41180,permits_multifamily,2015,2495
41180,permits_multifamily,2016,2205
41180,permits_multifamily,2017,1572
41180,permits_multifamily,2018,1954
41180,permits_multifamily,2019,1630
41180,permits_multifamily,2020,1977
41180,permits_multifamily,2021,2435
41180,permits_multifamily,2022,4202
41180,permits_multifamily,2023,2282
41180,permits_multifamily,2024,2017
41180,permits_multifamily,2025,1523
41180,permits_single_family,2014,4538
41180,permits_single_family,2015,5054
41180,permits_single_family,2016,5378
41180,permits_single_family,2017,5608
41180,permits_single_family,2018,5242
41180,permits_single_family,2019,5179
41180,permits_single_family,2020,5719
41180,permits_single_family,2021,5716
41180,permits_single_family,2022,4742
41180,permits_single_family,2023,4599
41180,permits_single_family,2024,4653
41180,permits_single_family,2025,4142
41180,permits_units,2014,6992
41180,permits_units,2015,7698
41180,permits_units,2016,7711
41180,permits_units,2017,7295
41180,permits_units,2018,7338
41180,permits_units,2019,7054
41180,permits_units,2020,7863
41180,permits_units,2021,8326
41180,permits_units,2022,9130
41180,permits_units,2023,7107
41180,permits_units,2024,7017
41180,permits_units,2025,6066
41260,permits_multifamily,2024,0
41260,permits_multifamily,2025,0
41260,permits_single_family,2024,44
41260,permits_single_family,2025,21
41260,permits_units,2024,48
41260,permits_units,2025,23
41400,permits_multifamily,2024,0
41400,permits_multifamily,2025,0
41400,permits_single_family,2024,31
41400,permits_single_family,2025,36
41400,permits_units,2024,43
41400,permits_units,2025,58
41420,permits_multifamily,2014,208
41420,permits_multifamily,2015,480
41420,permits_multifamily,2016,610
41420,permits_multifamily,2017,695
41420,permits_multifamily,2018,400
41420,permits_multifamily,2019,901
41420,permits_multifamily,2020,814
41420,permits_multifamily,2021,759
41420,permits_multifamily,2022,1873
41420,permits_multifamily,2023,1054
41420,permits_multifamily,2024,797
41420,permits_multifamily,2025,496
41420,permits_single_family,2014,712
41420,permits_single_family,2015,807
41420,permits_single_family,2016,814
41420,permits_single_family,2017,790
41420,permits_single_family,2018,1168
41420,permits_single_family,2019,1039
41420,permits_single_family,2020,1134
41420,permits_single_family,2021,1368
41420,permits_single_family,2022,874
41420,permits_single_family,2023,826
41420,permits_single_family,2024,994
41420,permits_single_family,2025,873
41420,permits_units,2014,944
41420,permits_units,2015,1297
41420,permits_units,2016,1478
41420,permits_units,2017,1555
41420,permits_units,2018,1684
41420,permits_units,2019,2036
41420,permits_units,2020,2008
41420,permits_units,2021,2154
41420,permits_units,2022,2817
41420,permits_units,2023,1966
41420,permits_units,2024,1859
41420,permits_units,2025,1426
41460,permits_multifamily,2024,186
41460,permits_multifamily,2025,0
41460,permits_single_family,2024,105
41460,permits_single_family,2025,114
41460,permits_units,2024,303
41460,permits_units,2025,114
41500,permits_multifamily,2014,123
41500,permits_multifamily,2015,270
41500,permits_multifamily,2016,129
41500,permits_multifamily,2017,227
41500,permits_multifamily,2018,141
41500,permits_multifamily,2019,72
41500,permits_multifamily,2020,322
41500,permits_multifamily,2021,353
41500,permits_multifamily,2022,394
41500,permits_multifamily,2023,150
41500,permits_multifamily,2024,159
41500,permits_multifamily,2025,96
41500,permits_single_family,2014,236
41500,permits_single_family,2015,315
41500,permits_single_family,2016,471
41500,permits_single_family,2017,534
41500,permits_single_family,2018,571
41500,permits_single_family,2019,391
41500,permits_single_family,2020,415
41500,permits_single_family,2021,503
41500,permits_single_family,2022,611
41500,permits_single_family,2023,459
41500,permits_single_family,2024,512
41500,permits_single_family,2025,663
41500,permits_units,2014,361
41500,permits_units,2015,587
41500,permits_units,2016,627
41500,permits_units,2017,776
41500,permits_units,2018,732
41500,permits_units,2019,480
41500,permits_units,2020,753
41500,permits_units,2021,882
41500,permits_units,2022,1086
41500,permits_units,2023,617
41500,permits_units,2024,677
41500,permits_units,2025,775
41540,permits_multifamily,2014,351
41540,permits_multifamily,2015,318
41540,permits_multifamily,2016,266
41540,permits_multifamily,2017,274
41540,permits_multifamily,2018,150
41540,permits_multifamily,2019,323
41540,permits_multifamily,2020,328
41540,permits_multifamily,2021,290
41540,permits_multifamily,2022,460
41540,permits_multifamily,2023,607
41540,permits_multifamily,2024,44
41540,permits_multifamily,2025,33
41540,permits_single_family,2014,2237
41540,permits_single_family,2015,2512
41540,permits_single_family,2016,2668
41540,permits_single_family,2017,3032
41540,permits_single_family,2018,3271
41540,permits_single_family,2019,3524
41540,permits_single_family,2020,4482
41540,permits_single_family,2021,4983
41540,permits_single_family,2022,4235
41540,permits_single_family,2023,4177
41540,permits_single_family,2024,280
41540,permits_single_family,2025,164
41540,permits_units,2014,2796
41540,permits_units,2015,3031
41540,permits_units,2016,3227
41540,permits_units,2017,3605
41540,permits_units,2018,3642
41540,permits_units,2019,4074
41540,permits_units,2020,5108
41540,permits_units,2021,5552
41540,permits_units,2022,4919
41540,permits_units,2023,4894
41540,permits_units,2024,326
41540,permits_units,2025,205
41620,permits_multifamily,2014,2010
41620,permits_multifamily,2015,2807
41620,permits_multifamily,2016,4217
41620,permits_multifamily,2017,2225
41620,permits_multifamily,2018,2862
41620,permits_multifamily,2019,5572
41620,permits_multifamily,2020,5290
41620,permits_multifamily,2021,5851
41620,permits_multifamily,2022,5932
41620,permits_multifamily,2023,5682
41620,permits_multifamily,2024,1666
41620,permits_multifamily,2025,4471
41620,permits_single_family,2014,3159
41620,permits_single_family,2015,3762
41620,permits_single_family,2016,4351
41620,permits_single_family,2017,4918
41620,permits_single_family,2018,5391
41620,permits_single_family,2019,4760
41620,permits_single_family,2020,5203
41620,permits_single_family,2021,5338
41620,permits_single_family,2022,3992
41620,permits_single_family,2023,3163
41620,permits_single_family,2024,3525
41620,permits_single_family,2025,3015
41620,permits_units,2014,5318
41620,permits_units,2015,6755
41620,permits_units,2016,8731
41620,permits_units,2017,7367
41620,permits_units,2018,8750
41620,permits_units,2019,10680
41620,permits_units,2020,11033
41620,permits_units,2021,11642
41620,permits_units,2022,10102
41620,permits_units,2023,9235
41620,permits_units,2024,5447
41620,permits_units,2025,7702
41660,permits_multifamily,2014,400
41660,permits_multifamily,2015,0
41660,permits_multifamily,2016,0
41660,permits_multifamily,2017,0
41660,permits_multifamily,2018,0
41660,permits_multifamily,2019,0
41660,permits_multifamily,2020,0
41660,permits_multifamily,2021,0
41660,permits_multifamily,2022,0
41660,permits_multifamily,2023,0
41660,permits_multifamily,2024,0
41660,permits_multifamily,2025,0
41660,permits_single_family,2014,229
41660,permits_single_family,2015,236
41660,permits_single_family,2016,172
41660,permits_single_family,2017,193
41660,permits_single_family,2018,262
41660,permits_single_family,2019,283
41660,permits_single_family,2020,686
41660,permits_single_family,2021,333
41660,permits_single_family,2022,322
41660,permits_single_family,2023,252
41660,permits_single_family,2024,231
41660,permits_single_family,2025,333
41660,permits_units,2014,629
41660,permits_units,2015,236
41660,permits_units,2016,172
41660,permits_units,2017,197
41660,permits_units,2018,262
41660,permits_units,2019,283
41660,permits_units,2020,686
41660,permits_units,2021,333
41660,permits_units,2022,322
41660,permits_units,2023,252
41660,permits_units,2024,233
41660,permits_units,2025,335
41700,permits_multifamily,2014,3878
41700,permits_multifamily,2015,1186
41700,permits_multifamily,2016,5430
41700,permits_multifamily,2017,4596
41700,permits_multifamily,2018,3360
41700,permits_multifamily,2019,6550
41700,permits_multifamily,2020,5836
41700,permits_multifamily,2021,8076
41700,permits_multifamily,2022,13738
41700,permits_multifamily,2023,7248
41700,permits_multifamily,2024,3803
41700,permits_multifamily,2025,1846
41700,permits_single_family,2014,6220
41700,permits_single_family,2015,6478
41700,permits_single_family,2016,6464
41700,permits_single_family,2017,7535
41700,permits_single_family,2018,8013
41700,permits_single_family,2019,9103
41700,permits_single_family,2020,10541
41700,permits_single_family,2021,13945
41700,permits_single_family,2022,10223
41700,permits_single_family,2023,8718
41700,permits_single_family,2024,10999
41700,permits_single_family,2025,8651
41700,permits_units,2014,10332
41700,permits_units,2015,7824
41700,permits_units,2016,12241
41700,permits_units,2017,12516
41700,permits_units,2018,11497
41700,permits_units,2019,15895
41700,permits_units,2020,16697
41700,permits_units,2021,22264
41700,permits_units,2022,24336
41700,permits_units,2023,16485
41700,permits_units,2024,14857
41700,permits_units,2025,10546
41740,permits_multifamily,2014,4097
41740,permits_multifamily,2015,6378
41740,permits_multifamily,2016,7989
41740,permits_multifamily,2017,5687
41740,permits_multifamily,2018,5667
41740,permits_multifamily,2019,4681
41740,permits_multifamily,2020,6106
41740,permits_multifamily,2021,6399
41740,permits_multifamily,2022,5341
41740,permits_multifamily,2023,7952
41740,permits_multifamily,2024,7248
41740,permits_multifamily,2025,7311
41740,permits_single_family,2014,2487
41740,permits_single_family,2015,3222
41740,permits_single_family,2016,2351
41740,permits_single_family,2017,4056
41740,permits_single_family,2018,3489
41740,permits_single_family,2019,3019
41740,permits_single_family,2020,2900
41740,permits_single_family,2021,3227
41740,permits_single_family,2022,3517
41740,permits_single_family,2023,3049
41740,permits_single_family,2024,3377
41740,permits_single_family,2025,3506
41740,permits_units,2014,6875
41740,permits_units,2015,9883
41740,permits_units,2016,10791
41740,permits_units,2017,10441
41740,permits_units,2018,9834
41740,permits_units,2019,8216
41740,permits_units,2020,9472
41740,permits_units,2021,10048
41740,permits_units,2022,9346
41740,permits_units,2023,11469
41740,permits_units,2024,11572
41740,permits_units,2025,11707
41760,permits_multifamily,2024,24
41760,permits_multifamily,2025,90
41760,permits_single_family,2024,115
41760,permits_single_family,2025,102
41760,permits_units,2024,147
41760,permits_units,2025,207
41780,permits_multifamily,2024,0
41780,permits_multifamily,2025,13
41780,permits_single_family,2024,229
41780,permits_single_family,2025,306
41780,permits_units,2024,239
41780,permits_units,2025,325
41820,permits_multifamily,2024,0
41820,permits_multifamily,2025,0
41820,permits_single_family,2024,602
41820,permits_single_family,2025,674
41820,permits_units,2024,602
41820,permits_units,2025,674
41860,permits_multifamily,2014,6126
41860,permits_multifamily,2015,8337
41860,permits_multifamily,2016,9585
41860,permits_multifamily,2017,11873
41860,permits_multifamily,2018,12960
41860,permits_multifamily,2019,9528
41860,permits_multifamily,2020,6586
41860,permits_multifamily,2021,8964
41860,permits_multifamily,2022,7566
41860,permits_multifamily,2023,4352
41860,permits_multifamily,2024,2990
41860,permits_multifamily,2025,4884
41860,permits_single_family,2014,3716
41860,permits_single_family,2015,4804
41860,permits_single_family,2016,4967
41860,permits_single_family,2017,4777
41860,permits_single_family,2018,4048
41860,permits_single_family,2019,4076
41860,permits_single_family,2020,3386
41860,permits_single_family,2021,4301
41860,permits_single_family,2022,3376
41860,permits_single_family,2023,3015
41860,permits_single_family,2024,2776
41860,permits_single_family,2025,2713
41860,permits_units,2014,10001
41860,permits_units,2015,13386
41860,permits_units,2016,14787
41860,permits_units,2017,16952
41860,permits_units,2018,17421
41860,permits_units,2019,13881
41860,permits_units,2020,10156
41860,permits_units,2021,13606
41860,permits_units,2022,11180
41860,permits_units,2023,7530
41860,permits_units,2024,5914
41860,permits_units,2025,7750
41940,permits_multifamily,2014,8017
41940,permits_multifamily,2015,3779
41940,permits_multifamily,2016,3944
41940,permits_multifamily,2017,5865
41940,permits_multifamily,2018,6236
41940,permits_multifamily,2019,3552
41940,permits_multifamily,2020,4008
41940,permits_multifamily,2021,2087
41940,permits_multifamily,2022,5472
41940,permits_multifamily,2023,4131
41940,permits_multifamily,2024,1874
41940,permits_multifamily,2025,3483
41940,permits_single_family,2014,1861
41940,permits_single_family,2015,1897
41940,permits_single_family,2016,2099
41940,permits_single_family,2017,2592
41940,permits_single_family,2018,2466
41940,permits_single_family,2019,2603
41940,permits_single_family,2020,1814
41940,permits_single_family,2021,2400
41940,permits_single_family,2022,3928
41940,permits_single_family,2023,2037
41940,permits_single_family,2024,2207
41940,permits_single_family,2025,2042
41940,permits_units,2014,10037
41940,permits_units,2015,5788
41940,permits_units,2016,6167
41940,permits_units,2017,8539
41940,permits_units,2018,8744
41940,permits_units,2019,6230
41940,permits_units,2020,5851
41940,permits_units,2021,4529
41940,permits_units,2022,9428
41940,permits_units,2023,6227
41940,permits_units,2024,4115
41940,permits_units,2025,5570
41980,permits_multifamily,2025,62
41980,permits_single_family,2025,1459
41980,permits_units,2025,1546
42020,permits_multifamily,2014,134
42020,permits_multifamily,2015,125
42020,permits_multifamily,2016,244
42020,permits_multifamily,2017,277
42020,permits_multifamily,2018,279
42020,permits_multifamily,2019,400
42020,permits_multifamily,2020,115
42020,permits_multifamily,2021,360
42020,permits_multifamily,2022,419
42020,permits_multifamily,2023,369
42020,permits_multifamily,2024,273
42020,permits_multifamily,2025,7
42020,permits_single_family,2014,812
42020,permits_single_family,2015,692
42020,permits_single_family,2016,583
42020,permits_single_family,2017,693
42020,permits_single_family,2018,692
42020,permits_single_family,2019,680
42020,permits_single_family,2020,744
42020,permits_single_family,2021,678
42020,permits_single_family,2022,634
42020,permits_single_family,2023,589
42020,permits_single_family,2024,821
42020,permits_single_family,2025,642
42020,permits_units,2014,983
42020,permits_units,2015,821
42020,permits_units,2016,853
42020,permits_units,2017,1094
42020,permits_units,2018,1050
42020,permits_units,2019,1094
42020,permits_units,2020,911
42020,permits_units,2021,1120
42020,permits_units,2022,1111
42020,permits_units,2023,962
42020,permits_units,2024,1104
42020,permits_units,2025,663
42100,permits_multifamily,2014,104
42100,permits_multifamily,2015,120
42100,permits_multifamily,2016,250
42100,permits_multifamily,2017,163
42100,permits_multifamily,2018,154
42100,permits_multifamily,2019,165
42100,permits_multifamily,2020,71
42100,permits_multifamily,2021,283
42100,permits_multifamily,2022,200
42100,permits_multifamily,2023,278
42100,permits_multifamily,2024,61
42100,permits_multifamily,2025,303
42100,permits_single_family,2014,172
42100,permits_single_family,2015,202
42100,permits_single_family,2016,223
42100,permits_single_family,2017,218
42100,permits_single_family,2018,238
42100,permits_single_family,2019,236
42100,permits_single_family,2020,173
42100,permits_single_family,2021,304
42100,permits_single_family,2022,403
42100,permits_single_family,2023,242
42100,permits_single_family,2024,189
42100,permits_single_family,2025,163
42100,permits_units,2014,291
42100,permits_units,2015,335
42100,permits_units,2016,489
42100,permits_units,2017,407
42100,permits_units,2018,426
42100,permits_units,2019,429
42100,permits_units,2020,244
42100,permits_units,2021,598
42100,permits_units,2022,608
42100,permits_units,2023,540
42100,permits_units,2024,259
42100,permits_units,2025,470
42140,permits_multifamily,2014,0
42140,permits_multifamily,2015,0
42140,permits_multifamily,2016,0
42140,permits_multifamily,2017,0
42140,permits_multifamily,2018,30
42140,permits_multifamily,2019,245
42140,permits_multifamily,2020,298
42140,permits_multifamily,2021,612
42140,permits_multifamily,2022,399
42140,permits_multifamily,2023,662
42140,permits_multifamily,2024,0
42140,permits_multifamily,2025,244
42140,permits_single_family,2014,161
42140,permits_single_family,2015,110
42140,permits_single_family,2016,117
42140,permits_single_family,2017,221
42140,permits_single_family,2018,243
42140,permits_single_family,2019,344
42140,permits_single_family,2020,279
42140,permits_single_family,2021,228
42140,permits_single_family,2022,177
42140,permits_single_family,2023,264
42140,permits_single_family,2024,244
42140,permits_single_family,2025,251
42140,permits_units,2014,161
42140,permits_units,2015,110
42140,permits_units,2016,117
42140,permits_units,2017,221
42140,permits_units,2018,273
42140,permits_units,2019,589
42140,permits_units,2020,577
42140,permits_units,2021,840
42140,permits_units,2022,590
42140,permits_units,2023,926
42140,permits_units,2024,244
42140,permits_units,2025,495
42200,permits_multifamily,2014,351
42200,permits_multifamily,2015,552
42200,permits_multifamily,2016,380
42200,permits_multifamily,2017,411
42200,permits_multifamily,2018,161
42200,permits_multifamily,2019,454
42200,permits_multifamily,2020,521
42200,permits_multifamily,2021,575
42200,permits_multifamily,2022,689
42200,permits_multifamily,2023,80
42200,permits_multifamily,2024,249
42200,permits_multifamily,2025,936
42200,permits_single_family,2014,372
42200,permits_single_family,2015,411
42200,permits_single_family,2016,455
42200,permits_single_family,2017,832
42200,permits_single_family,2018,631
42200,permits_single_family,2019,631
42200,permits_single_family,2020,479
42200,permits_single_family,2021,534
42200,permits_single_family,2022,376
42200,permits_single_family,2023,360
42200,permits_single_family,2024,481
42200,permits_single_family,2025,433
42200,permits_units,2014,755
42200,permits_units,2015,1082
42200,permits_units,2016,842
42200,permits_units,2017,1280
42200,permits_units,2018,928
42200,permits_units,2019,1175
42200,permits_units,2020,1027
42200,permits_units,2021,1152
42200,permits_units,2022,1096
42200,permits_units,2023,471
42200,permits_units,2024,750
42200,permits_units,2025,1371
42220,permits_multifamily,2014,232
42220,permits_multifamily,2015,150
42220,permits_multifamily,2016,254
42220,permits_multifamily,2017,327
42220,permits_multifamily,2018,28
42220,permits_multifamily,2019,350
42220,permits_multifamily,2020,220
42220,permits_multifamily,2021,1348
42220,permits_multifamily,2022,1299
42220,permits_multifamily,2023,1321
42220,permits_multifamily,2024,163
42220,permits_multifamily,2025,892
42220,permits_single_family,2014,419
42220,permits_single_family,2015,431
42220,permits_single_family,2016,621
42220,permits_single_family,2017,840
42220,permits_single_family,2018,3169
42220,permits_single_family,2019,2079
42220,permits_single_family,2020,1171
42220,permits_single_family,2021,1227
42220,permits_single_family,2022,954
42220,permits_single_family,2023,1020
42220,permits_single_family,2024,832
42220,permits_single_family,2025,790
42220,permits_units,2014,663
42220,permits_units,2015,621
42220,permits_units,2016,919
42220,permits_units,2017,1178
42220,permits_units,2018,3279
42220,permits_units,2019,2429
42220,permits_units,2020,1395
42220,permits_units,2021,2618
42220,permits_units,2022,2264
42220,permits_units,2023,2353
42220,permits_units,2024,1012
42220,permits_units,2025,1690
42300,permits_multifamily,2024,0
42300,permits_multifamily,2025,17
42300,permits_single_family,2024,55
42300,permits_single_family,2025,69
42300,permits_units,2024,55
42300,permits_units,2025,86
42340,permits_multifamily,2014,348
42340,permits_multifamily,2015,48
42340,permits_multifamily,2016,194
42340,permits_multifamily,2017,212
42340,permits_multifamily,2018,1066
42340,permits_multifamily,2019,436
42340,permits_multifamily,2020,949
42340,permits_multifamily,2021,441
42340,permits_multifamily,2022,737
42340,permits_multifamily,2023,752
42340,permits_multifamily,2024,1087
42340,permits_multifamily,2025,2063
42340,permits_single_family,2014,1857
42340,permits_single_family,2015,2357
42340,permits_single_family,2016,1769
42340,permits_single_family,2017,1898
42340,permits_single_family,2018,2080
42340,permits_single_family,2019,2151
42340,permits_single_family,2020,2061
42340,permits_single_family,2021,2752
42340,permits_single_family,2022,2226
42340,permits_single_family,2023,2620
42340,permits_single_family,2024,2936
42340,permits_single_family,2025,3226
42340,permits_units,2014,2211
42340,permits_units,2015,2407
42340,permits_units,2016,1971
42340,permits_units,2017,2118
42340,permits_units,2018,3158
42340,permits_units,2019,2591
42340,permits_units,2020,3026
42340,permits_units,2021,3227
42340,permits_units,2022,3192
42340,permits_units,2023,3388
42340,permits_units,2024,4037
42340,permits_units,2025,5371
42380,permits_multifamily,2024,11
42380,permits_multifamily,2025,0
42380,permits_single_family,2024,77
42380,permits_single_family,2025,62
42380,permits_units,2024,92
42380,permits_units,2025,62
42420,permits_multifamily,2024,0
42420,permits_multifamily,2025,0
42420,permits_single_family,2024,44
42420,permits_single_family,2025,36
42420,permits_units,2024,44
42420,permits_units,2025,40
42460,permits_multifamily,2024,0
42460,permits_multifamily,2025,0
42460,permits_single_family,2024,53
42460,permits_single_family,2025,49
42460,permits_units,2024,53
42460,permits_units,2025,49
42540,permits_multifamily,2014,82
42540,permits_multifamily,2015,11
42540,permits_multifamily,2016,152
42540,permits_multifamily,2017,118
42540,permits_multifamily,2018,32
42540,permits_multifamily,2019,61
42540,permits_multifamily,2020,114
42540,permits_multifamily,2021,77
42540,permits_multifamily,2022,46
42540,permits_multifamily,2023,35
42540,permits_multifamily,2024,16
42540,permits_multifamily,2025,55
42540,permits_single_family,2014,2113
42540,permits_single_family,2015,800
42540,permits_single_family,2016,846
42540,permits_single_family,2017,425
42540,permits_single_family,2018,487
42540,permits_single_family,2019,450
42540,permits_single_family,2020,444
42540,permits_single_family,2021,537
42540,permits_single_family,2022,524
42540,permits_single_family,2023,488
42540,permits_single_family,2024,518
42540,permits_single_family,2025,517
42540,permits_units,2014,2301
42540,permits_units,2015,831
42540,permits_units,2016,1018
42540,permits_units,2017,580
42540,permits_units,2018,553
42540,permits_units,2019,528
42540,permits_units,2020,584
42540,permits_units,2021,644
42540,permits_units,2022,608
42540,permits_units,2023,573
42540,permits_units,2024,596
42540,permits_units,2025,639
42580,permits_multifamily,2024,344
42580,permits_multifamily,2025,493
42580,permits_single_family,2024,3816
42580,permits_single_family,2025,3264
42580,permits_units,2024,4354
42580,permits_units,2025,3885
42620,permits_multifamily,2024,36
42620,permits_multifamily,2025,0
42620,permits_single_family,2024,167
42620,permits_single_family,2025,250
42620,permits_units,2024,205
42620,permits_units,2025,254
42660,permits_multifamily,2014,12401
42660,permits_multifamily,2015,15317
42660,permits_multifamily,2016,15085
42660,permits_multifamily,2017,16239
42660,permits_multifamily,2018,17596
42660,permits_multifamily,2019,16426
42660,permits_multifamily,2020,12934
42660,permits_multifamily,2021,20321
42660,permits_multifamily,2022,17980
42660,permits_multifamily,2023,9635
42660,permits_multifamily,2024,10048
42660,permits_multifamily,2025,8199
42660,permits_single_family,2014,8665
42660,permits_single_family,2015,8646
42660,permits_single_family,2016,9425
42660,permits_single_family,2017,9997
42660,permits_single_family,2018,9134
42660,permits_single_family,2019,8737
42660,permits_single_family,2020,8860
42660,permits_single_family,2021,8828
42660,permits_single_family,2022,7029
42660,permits_single_family,2023,6296
42660,permits_single_family,2024,6489
42660,permits_single_family,2025,6136
42660,permits_units,2014,21953
42660,permits_units,2015,25008
42660,permits_units,2016,25489
42660,permits_units,2017,27334
42660,permits_units,2018,28186
42660,permits_units,2019,26599
42660,permits_units,2020,23039
42660,permits_units,2021,30743
42660,permits_units,2022,26661
42660,permits_units,2023,17223
42660,permits_units,2024,17920
42660,permits_units,2025,15659
42680,permits_multifamily,2014,0
42680,permits_multifamily,2015,24
42680,permits_multifamily,2016,39
42680,permits_multifamily,2017,0
42680,permits_multifamily,2018,42
42680,permits_multifamily,2019,0
42680,permits_multifamily,2020,0
42680,permits_multifamily,2021,0
42680,permits_multifamily,2022,0
42680,permits_multifamily,2023,380
42680,permits_multifamily,2024,276
42680,permits_multifamily,2025,72
42680,permits_single_family,2014,707
42680,permits_single_family,2015,849
42680,permits_single_family,2016,970
42680,permits_single_family,2017,1112
42680,permits_single_family,2018,1312
42680,permits_single_family,2019,1362
42680,permits_single_family,2020,1157
42680,permits_single_family,2021,1569
42680,permits_single_family,2022,1141
42680,permits_single_family,2023,1215
42680,permits_single_family,2024,279
42680,permits_single_family,2025,178
42680,permits_units,2014,707
42680,permits_units,2015,873
42680,permits_units,2016,1018
42680,permits_units,2017,1121
42680,permits_units,2018,1372
42680,permits_units,2019,1459
42680,permits_units,2020,1162
42680,permits_units,2021,1592
42680,permits_units,2022,1183
42680,permits_units,2023,1656
42680,permits_units,2024,557
42680,permits_units,2025,252
42700,permits_multifamily,2014,0
42700,permits_multifamily,2015,0
42700,permits_multifamily,2016,0
42700,permits_multifamily,2017,0
42700,permits_multifamily,2018,0
42700,permits_multifamily,2019,0
42700,permits_multifamily,2020,0
42700,permits_multifamily,2021,0
42700,permits_multifamily,2022,0
42700,permits_multifamily,2023,52
42700,permits_multifamily,2024,80
42700,permits_multifamily,2025,0
42700,permits_single_family,2014,92
42700,permits_single_family,2015,156
42700,permits_single_family,2016,122
42700,permits_single_family,2017,175
42700,permits_single_family,2018,211
42700,permits_single_family,2019,233
42700,permits_single_family,2020,374
42700,permits_single_family,2021,576
42700,permits_single_family,2022,641
42700,permits_single_family,2023,626
42700,permits_single_family,2024,846
42700,permits_single_family,2025,706
42700,permits_units,2014,92
42700,permits_units,2015,162
42700,permits_units,2016,128
42700,permits_units,2017,181
42700,permits_units,2018,271
42700,permits_units,2019,253
42700,permits_units,2020,384
42700,permits_units,2021,644
42700,permits_units,2022,663
42700,permits_units,2023,712
42700,permits_units,2024,980
42700,permits_units,2025,768
42740,permits_multifamily,2024,46
42740,permits_multifamily,2025,57
42740,permits_single_family,2024,24
42740,permits_single_family,2025,29
42740,permits_units,2024,99
42740,permits_units,2025,117
42780,permits_multifamily,2024,0
42780,permits_multifamily,2025,0
42780,permits_single_family,2024,48
42780,permits_single_family,2025,67
42780,permits_units,2024,48
42780,permits_units,2025,69
42820,permits_multifamily,2024,0
42820,permits_multifamily,2025,0
42820,permits_single_family,2024,6
42820,permits_single_family,2025,5
42820,permits_units,2024,6
42820,permits_units,2025,5
42860,permits_multifamily,2024,40
42860,permits_multifamily,2025,20
42860,permits_single_family,2024,608
42860,permits_single_family,2025,733
42860,permits_units,2024,648
42860,permits_units,2025,753
42900,permits_multifamily,2024,0
42900,permits_multifamily,2025,0
42900,permits_single_family,2024,48
42900,permits_single_family,2025,54
42900,permits_units,2024,48
42900,permits_units,2025,58
42940,permits_multifamily,2024,492
42940,permits_multifamily,2025,77
42940,permits_single_family,2024,882
42940,permits_single_family,2025,1011
42940,permits_units,2024,1441
42940,permits_units,2025,1139
42980,permits_multifamily,2024,0
42980,permits_multifamily,2025,0
42980,permits_single_family,2024,154
42980,permits_single_family,2025,95
42980,permits_units,2024,154
42980,permits_units,2025,114
43020,permits_multifamily,2024,0
43020,permits_multifamily,2025,0
43020,permits_single_family,2024,88
43020,permits_single_family,2025,121
43020,permits_units,2024,94
43020,permits_units,2025,123
43060,permits_multifamily,2024,16
43060,permits_multifamily,2025,34
43060,permits_single_family,2024,125
43060,permits_single_family,2025,121
43060,permits_units,2024,179
43060,permits_units,2025,194
43100,permits_multifamily,2014,20
43100,permits_multifamily,2015,18
43100,permits_multifamily,2016,132
43100,permits_multifamily,2017,208
43100,permits_multifamily,2018,8
43100,permits_multifamily,2019,41
43100,permits_multifamily,2020,160
43100,permits_multifamily,2021,80
43100,permits_multifamily,2022,0
43100,permits_multifamily,2023,351
43100,permits_multifamily,2024,44
43100,permits_multifamily,2025,189
43100,permits_single_family,2014,87
43100,permits_single_family,2015,101
43100,permits_single_family,2016,164
43100,permits_single_family,2017,154
43100,permits_single_family,2018,177
43100,permits_single_family,2019,127
43100,permits_single_family,2020,145
43100,permits_single_family,2021,166
43100,permits_single_family,2022,118
43100,permits_single_family,2023,191
43100,permits_single_family,2024,232
43100,permits_single_family,2025,163
43100,permits_units,2014,111
43100,permits_units,2015,123
43100,permits_units,2016,307
43100,permits_units,2017,390
43100,permits_units,2018,191
43100,permits_units,2019,186
43100,permits_units,2020,365
43100,permits_units,2021,268
43100,permits_units,2022,146
43100,permits_units,2023,560
43100,permits_units,2024,292
43100,permits_units,2025,364
43140,permits_multifamily,2024,48
43140,permits_multifamily,2025,102
43140,permits_single_family,2024,403
43140,permits_single_family,2025,396
43140,permits_units,2024,513
43140,permits_units,2025,555
43180,permits_multifamily,2024,6
43180,permits_multifamily,2025,0
43180,permits_single_family,2024,623
43180,permits_single_family,2025,376
43180,permits_units,2024,631
43180,permits_units,2025,378
43220,permits_multifamily,2024,0
43220,permits_multifamily,2025,0
43220,permits_single_family,2024,299
43220,permits_single_family,2025,200
43220,permits_units,2024,299
43220,permits_units,2025,204
43260,permits_multifamily,2024,92
43260,permits_multifamily,2025,104
43260,permits_single_family,2024,193
43260,permits_single_family,2025,293
43260,permits_units,2024,323
43260,permits_units,2025,423
43300,permits_multifamily,2014,64
43300,permits_multifamily,2015,6
43300,permits_multifamily,2016,270
43300,permits_multifamily,2017,171
43300,permits_multifamily,2018,164
43300,permits_multifamily,2019,309
43300,permits_multifamily,2020,313
43300,permits_multifamily,2021,96
43300,permits_multifamily,2022,588
43300,permits_multifamily,2023,1259
43300,permits_multifamily,2024,750
43300,permits_multifamily,2025,696
43300,permits_single_family,2014,203
43300,permits_single_family,2015,322
43300,permits_single_family,2016,374
43300,permits_single_family,2017,666
43300,permits_single_family,2018,531
43300,permits_single_family,2019,634
43300,permits_single_family,2020,798
43300,permits_single_family,2021,932
43300,permits_single_family,2022,1498
43300,permits_single_family,2023,1162
43300,permits_single_family,2024,1368
43300,permits_single_family,2025,1175
43300,permits_units,2014,271
43300,permits_units,2015,340
43300,permits_units,2016,730
43300,permits_units,2017,843
43300,permits_units,2018,757
43300,permits_units,2019,998
43300,permits_units,2020,1181
43300,permits_units,2021,1048
43300,permits_units,2022,2220
43300,permits_units,2023,2447
43300,permits_units,2024,2142
43300,permits_units,2025,1881
43320,permits_multifamily,2024,11
43320,permits_multifamily,2025,0
43320,permits_single_family,2024,451
43320,permits_single_family,2025,417
43320,permits_units,2024,487
43320,permits_units,2025,441
43340,permits_multifamily,2014,471
43340,permits_multifamily,2015,84
43340,permits_multifamily,2016,202
43340,permits_multifamily,2017,0
43340,permits_multifamily,2018,0
43340,permits_multifamily,2019,0
43340,permits_multifamily,2020,0
43340,permits_multifamily,2021,0
43340,permits_multifamily,2022,0
43340,permits_multifamily,2023,7
43340,permits_multifamily,2024,0
43340,permits_multifamily,2025,82
43340,permits_single_family,2014,1242
43340,permits_single_family,2015,1023
43340,permits_single_family,2016,984
43340,permits_single_family,2017,1125
43340,permits_single_family,2018,1219
43340,permits_single_family,2019,1040
43340,permits_single_family,2020,1000
43340,permits_single_family,2021,1136
43340,permits_single_family,2022,915
43340,permits_single_family,2023,965
43340,permits_single_family,2024,1118
43340,permits_single_family,2025,939
43340,permits_units,2014,1719
43340,permits_units,2015,1107
43340,permits_units,2016,1186
43340,permits_units,2017,1125
43340,permits_units,2018,1219
43340,permits_units,2019,1040
43340,permits_units,2020,1000
43340,permits_units,2021,1136
43340,permits_units,2022,915
43340,permits_units,2023,983
43340,permits_units,2024,1118
43340,permits_units,2025,1029
43380,permits_multifamily,2024,450
43380,permits_multifamily,2025,192
43380,permits_single_family,2024,113
43380,permits_single_family,2025,87
43380,permits_units,2024,563
43380,permits_units,2025,307
43420,permits_multifamily,2014,82
43420,permits_multifamily,2015,76
43420,permits_multifamily,2016,0
43420,permits_multifamily,2017,8
43420,permits_multifamily,2018,15
43420,permits_multifamily,2019,5
43420,permits_multifamily,2020,0
43420,permits_multifamily,2021,0
43420,permits_multifamily,2022,8
43420,permits_multifamily,2023,0
43420,permits_multifamily,2024,6
43420,permits_multifamily,2025,14
43420,permits_single_family,2014,179
43420,permits_single_family,2015,139
43420,permits_single_family,2016,149
43420,permits_single_family,2017,192
43420,permits_single_family,2018,212
43420,permits_single_family,2019,249
43420,permits_single_family,2020,333
43420,permits_single_family,2021,422
43420,permits_single_family,2022,508
43420,permits_single_family,2023,486
43420,permits_single_family,2024,435
43420,permits_single_family,2025,433
43420,permits_units,2014,261
43420,permits_units,2015,215
43420,permits_units,2016,149
43420,permits_units,2017,202
43420,permits_units,2018,227
43420,permits_units,2019,254
43420,permits_units,2020,337
43420,permits_units,2021,434
43420,permits_units,2022,529
43420,permits_units,2023,486
43420,permits_units,2024,441
43420,permits_units,2025,463
43460,permits_multifamily,2024,32
43460,permits_multifamily,2025,0
43460,permits_single_family,2024,88
43460,permits_single_family,2025,73
43460,permits_units,2024,128
43460,permits_units,2025,79
43580,permits_multifamily,2014,79
43580,permits_multifamily,2015,139
43580,permits_multifamily,2016,127
43580,permits_multifamily,2017,84
43580,permits_multifamily,2018,113
43580,permits_multifamily,2019,271
43580,permits_multifamily,2020,400
43580,permits_multifamily,2021,84
43580,permits_multifamily,2022,129
43580,permits_multifamily,2023,104
43580,permits_multifamily,2024,98
43580,permits_multifamily,2025,316
43580,permits_single_family,2014,301
43580,permits_single_family,2015,349
43580,permits_single_family,2016,391
43580,permits_single_family,2017,383
43580,permits_single_family,2018,327
43580,permits_single_family,2019,286
43580,permits_single_family,2020,340
43580,permits_single_family,2021,326
43580,permits_single_family,2022,282
43580,permits_single_family,2023,220
43580,permits_single_family,2024,148
43580,permits_single_family,2025,218
43580,permits_units,2014,408
43580,permits_units,2015,510
43580,permits_units,2016,534
43580,permits_units,2017,473
43580,permits_units,2018,468
43580,permits_units,2019,579
43580,permits_units,2020,779
43580,permits_units,2021,457
43580,permits_units,2022,449
43580,permits_units,2023,365
43580,permits_units,2024,252
43580,permits_units,2025,559
43620,permits_multifamily,2014,1057
43620,permits_multifamily,2015,670
43620,permits_multifamily,2016,1589
43620,permits_multifamily,2017,1292
43620,permits_multifamily,2018,938
43620,permits_multifamily,2019,705
43620,permits_multifamily,2020,1834
43620,permits_multifamily,2021,1890
43620,permits_multifamily,2022,3670
43620,permits_multifamily,2023,2090
43620,permits_multifamily,2024,1426
43620,permits_multifamily,2025,1026
43620,permits_single_family,2014,1134
43620,permits_single_family,2015,1069
43620,permits_single_family,2016,1431
43620,permits_single_family,2017,1533
43620,permits_single_family,2018,1380
43620,permits_single_family,2019,1376
43620,permits_single_family,2020,1597
43620,permits_single_family,2021,1893
43620,permits_single_family,2022,1626
43620,permits_single_family,2023,1155
43620,permits_single_family,2024,1270
43620,permits_single_family,2025,1225
43620,permits_units,2014,2330
43620,permits_units,2015,1926
43620,permits_units,2016,3084
43620,permits_units,2017,2914
43620,permits_units,2018,2388
43620,permits_units,2019,2119
43620,permits_units,2020,3550
43620,permits_units,2021,3986
43620,permits_units,2022,5554
43620,permits_units,2023,3439
43620,permits_units,2024,2802
43620,permits_units,2025,2327
43640,permits_multifamily,2024,0
43640,permits_multifamily,2025,0
43640,permits_single_family,2024,1062
43640,permits_single_family,2025,1086
43640,permits_units,2024,1066
43640,permits_units,2025,1096
43660,permits_multifamily,2024,0
43660,permits_multifamily,2025,0
43660,permits_single_family,2024,32
43660,permits_single_family,2025,1
43660,permits_units,2024,32
43660,permits_units,2025,1
43700,permits_multifamily,2024,50
43700,permits_multifamily,2025,107
43700,permits_single_family,2024,49
43700,permits_single_family,2025,22
43700,permits_units,2024,122
43700,permits_units,2025,129
43740,permits_multifamily,2024,0
43740,permits_multifamily,2025,0
43740,permits_single_family,2024,72
43740,permits_single_family,2025,57
43740,permits_units,2024,72
43740,permits_units,2025,57
43760,permits_multifamily,2024,0
43760,permits_multifamily,2025,0
43760,permits_single_family,2024,62
43760,permits_single_family,2025,88
43760,permits_units,2024,62
43760,permits_units,2025,88
43780,permits_multifamily,2014,168
43780,permits_multifamily,2015,144
43780,permits_multifamily,2016,66
43780,permits_multifamily,2017,480
43780,permits_multifamily,2018,316
43780,permits_multifamily,2019,0
43780,permits_multifamily,2020,0
43780,permits_multifamily,2021,0
43780,permits_multifamily,2022,309
43780,permits_multifamily,2023,18
43780,permits_multifamily,2024,460
43780,permits_multifamily,2025,191
43780,permits_single_family,2014,342
43780,permits_single_family,2015,380
43780,permits_single_family,2016,337
43780,permits_single_family,2017,479
43780,permits_single_family,2018,419
43780,permits_single_family,2019,428
43780,permits_single_family,2020,555
43780,permits_single_family,2021,489
43780,permits_single_family,2022,429
43780,permits_single_family,2023,364
43780,permits_single_family,2024,410
43780,permits_single_family,2025,517
43780,permits_units,2014,512
43780,permits_units,2015,524
43780,permits_units,2016,405
43780,permits_units,2017,959
43780,permits_units,2018,738
43780,permits_units,2019,428
43780,permits_units,2020,555
43780,permits_units,2021,492
43780,permits_units,2022,742
43780,permits_units,2023,422
43780,permits_units,2024,892
43780,permits_units,2025,751
43890,permits_multifamily,2024,0
43890,permits_multifamily,2025,0
43890,permits_single_family,2024,96
43890,permits_single_family,2025,106
43890,permits_units,2024,116
43890,permits_units,2025,116
43900,permits_multifamily,2014,0
43900,permits_multifamily,2015,0
43900,permits_multifamily,2016,0
43900,permits_multifamily,2017,0
43900,permits_multifamily,2018,0
43900,permits_multifamily,2019,0
43900,permits_multifamily,2020,0
43900,permits_multifamily,2021,220
43900,permits_multifamily,2022,0
43900,permits_multifamily,2023,41
43900,permits_multifamily,2024,40
43900,permits_multifamily,2025,276
43900,permits_single_family,2014,1084
43900,permits_single_family,2015,1418
43900,permits_single_family,2016,1921
43900,permits_single_family,2017,2316
43900,permits_single_family,2018,2685
43900,permits_single_family,2019,2599
43900,permits_single_family,2020,2876
43900,permits_single_family,2021,3394
43900,permits_single_family,2022,2596
43900,permits_single_family,2023,2824
43900,permits_single_family,2024,3190
43900,permits_single_family,2025,4075
43900,permits_units,2014,1104
43900,permits_units,2015,1418
43900,permits_units,2016,1921
43900,permits_units,2017,2316
43900,permits_units,2018,2685
43900,permits_units,2019,2599
43900,permits_units,2020,2876
43900,permits_units,2021,3614
43900,permits_units,2022,2596
43900,permits_units,2023,2867
43900,permits_units,2024,3230
43900,permits_units,2025,4359
43940,permits_multifamily,2024,11
43940,permits_multifamily,2025,30
43940,permits_single_family,2024,203
43940,permits_single_family,2025,194
43940,permits_units,2024,219
43940,permits_units,2025,232
43980,permits_multifamily,2024,0
43980,permits_multifamily,2025,30
43980,permits_single_family,2024,9
43980,permits_single_family,2025,14
43980,permits_units,2024,9
43980,permits_units,2025,61
44020,permits_multifamily,2024,16
44020,permits_multifamily,2025,35
44020,permits_single_family,2024,261
44020,permits_single_family,2025,78
44020,permits_units,2024,292
44020,permits_units,2025,117
44060,permits_multifamily,2014,722
44060,permits_multifamily,2015,1182
44060,permits_multifamily,2016,1789
44060,permits_multifamily,2017,1665
44060,permits_multifamily,2018,965
44060,permits_multifamily,2019,1181
44060,permits_multifamily,2020,1315
44060,permits_multifamily,2021,1211
44060,permits_multifamily,2022,1796
44060,permits_multifamily,2023,1911
44060,permits_multifamily,2024,1864
44060,permits_multifamily,2025,1425
44060,permits_single_family,2014,1135
44060,permits_single_family,2015,1461
44060,permits_single_family,2016,1819
44060,permits_single_family,2017,1785
44060,permits_single_family,2018,1944
44060,permits_single_family,2019,1888
44060,permits_single_family,2020,1848
44060,permits_single_family,2021,1908
44060,permits_single_family,2022,2022
44060,permits_single_family,2023,1706
44060,permits_single_family,2024,1882
44060,permits_single_family,2025,1571
44060,permits_units,2014,1960
44060,permits_units,2015,2738
44060,permits_units,2016,3764
44060,permits_units,2017,3641
44060,permits_units,2018,3174
44060,permits_units,2019,3300
44060,permits_units,2020,3362
44060,permits_units,2021,3415
44060,permits_units,2022,4022
44060,permits_units,2023,3903
44060,permits_units,2024,3961
44060,permits_units,2025,3172
44100,permits_multifamily,2014,89
44100,permits_multifamily,2015,37
44100,permits_multifamily,2016,96
44100,permits_multifamily,2017,64
44100,permits_multifamily,2018,277
44100,permits_multifamily,2019,148
44100,permits_multifamily,2020,76
44100,permits_multifamily,2021,11
44100,permits_multifamily,2022,42
44100,permits_multifamily,2023,53
44100,permits_multifamily,2024,48
44100,permits_multifamily,2025,0
44100,permits_single_family,2014,300
44100,permits_single_family,2015,289
44100,permits_single_family,2016,274
44100,permits_single_family,2017,210
44100,permits_single_family,2018,193
44100,permits_single_family,2019,149
44100,permits_single_family,2020,197
44100,permits_single_family,2021,239
44100,permits_single_family,2022,146
44100,permits_single_family,2023,163
44100,permits_single_family,2024,132
44100,permits_single_family,2025,191
44100,permits_units,2014,455
44100,permits_units,2015,383
44100,permits_units,2016,426
44100,permits_units,2017,322
44100,permits_units,2018,506
44100,permits_units,2019,329
44100,permits_units,2020,335
44100,permits_units,2021,332
44100,permits_units,2022,210
44100,permits_units,2023,246
44100,permits_units,2024,200
44100,permits_units,2025,235
44140,permits_multifamily,2014,41
44140,permits_multifamily,2015,15
44140,permits_multifamily,2016,29
44140,permits_multifamily,2017,74
44140,permits_multifamily,2018,134
44140,permits_multifamily,2019,304
44140,permits_multifamily,2020,175
44140,permits_multifamily,2021,234
44140,permits_multifamily,2022,275
44140,permits_multifamily,2023,267
44140,permits_multifamily,2024,106
44140,permits_multifamily,2025,18
44140,permits_single_family,2014,420
44140,permits_single_family,2015,405
44140,permits_single_family,2016,535
44140,permits_single_family,2017,441
44140,permits_single_family,2018,492
44140,permits_single_family,2019,461
44140,permits_single_family,2020,557
44140,permits_single_family,2021,495
44140,permits_single_family,2022,431
44140,permits_single_family,2023,417
44140,permits_single_family,2024,289
44140,permits_single_family,2025,286
44140,permits_units,2014,506
44140,permits_units,2015,458
44140,permits_units,2016,585
44140,permits_units,2017,521
44140,permits_units,2018,659
44140,permits_units,2019,794
44140,permits_units,2020,760
44140,permits_units,2021,745
44140,permits_units,2022,740
44140,permits_units,2023,708
44140,permits_units,2024,443
44140,permits_units,2025,318
44180,permits_multifamily,2014,969
44180,permits_multifamily,2015,949
44180,permits_multifamily,2016,587
44180,permits_multifamily,2017,441
44180,permits_multifamily,2018,558
44180,permits_multifamily,2019,195
44180,permits_multifamily,2020,401
44180,permits_multifamily,2021,897
44180,permits_multifamily,2022,229
44180,permits_multifamily,2023,426
44180,permits_multifamily,2024,314
44180,permits_multifamily,2025,256
44180,permits_single_family,2014,1116
44180,permits_single_family,2015,1256
44180,permits_single_family,2016,1280
44180,permits_single_family,2017,1352
44180,permits_single_family,2018,1333
44180,permits_single_family,2019,1261
44180,permits_single_family,2020,1684
44180,permits_single_family,2021,1685
44180,permits_single_family,2022,1415
44180,permits_single_family,2023,1580
44180,permits_single_family,2024,1763
44180,permits_single_family,2025,1407
44180,permits_units,2014,2105
44180,permits_units,2015,2223
44180,permits_units,2016,1977
44180,permits_units,2017,1904
44180,permits_units,2018,1953
44180,permits_units,2019,1621
44180,permits_units,2020,2213
44180,permits_units,2021,2638
44180,permits_units,2022,1706
44180,permits_units,2023,2177
44180,permits_units,2024,2228
44180,permits_units,2025,1761
44220,permits_multifamily,2014,0
44220,permits_multifamily,2015,0
44220,permits_multifamily,2016,0
44220,permits_multifamily,2017,24
44220,permits_multifamily,2018,0
44220,permits_multifamily,2019,6
44220,permits_multifamily,2020,6
44220,permits_multifamily,2021,6
44220,permits_multifamily,2022,20
44220,permits_multifamily,2023,40
44220,permits_multifamily,2024,116
44220,permits_multifamily,2025,158
44220,permits_single_family,2014,49
44220,permits_single_family,2015,61
44220,permits_single_family,2016,55
44220,permits_single_family,2017,69
44220,permits_single_family,2018,68
44220,permits_single_family,2019,70
44220,permits_single_family,2020,129
44220,permits_single_family,2021,189
44220,permits_single_family,2022,112
44220,permits_single_family,2023,107
44220,permits_single_family,2024,102
44220,permits_single_family,2025,225
44220,permits_units,2014,53
44220,permits_units,2015,63
44220,permits_units,2016,55
44220,permits_units,2017,121
44220,permits_units,2018,68
44220,permits_units,2019,76
44220,permits_units,2020,139
44220,permits_units,2021,199
44220,permits_units,2022,183
44220,permits_units,2023,215
44220,permits_units,2024,232
44220,permits_units,2025,387
44260,permits_multifamily,2024,12
44260,permits_multifamily,2025,0
44260,permits_single_family,2024,60
44260,permits_single_family,2025,63
44260,permits_units,2024,72
44260,permits_units,2025,65
44300,permits_multifamily,2014,134
44300,permits_multifamily,2015,69
44300,permits_multifamily,2016,40
44300,permits_multifamily,2017,122
44300,permits_multifamily,2018,21
44300,permits_multifamily,2019,50
44300,permits_multifamily,2020,0
44300,permits_multifamily,2021,363
44300,permits_multifamily,2022,338
44300,permits_multifamily,2023,10
44300,permits_multifamily,2024,21
44300,permits_multifamily,2025,15
44300,permits_single_family,2014,365
44300,permits_single_family,2015,314
44300,permits_single_family,2016,326
44300,permits_single_family,2017,319
44300,permits_single_family,2018,265
44300,permits_single_family,2019,351
44300,permits_single_family,2020,374
44300,permits_single_family,2021,264
44300,permits_single_family,2022,288
44300,permits_single_family,2023,316
44300,permits_single_family,2024,290
44300,permits_single_family,2025,255
44300,permits_units,2014,511
44300,permits_units,2015,389
44300,permits_units,2016,393
44300,permits_units,2017,467
44300,permits_units,2018,328
44300,permits_units,2019,441
44300,permits_units,2020,380
44300,permits_units,2021,654
44300,permits_units,2022,654
44300,permits_units,2023,344
44300,permits_units,2024,367
44300,permits_units,2025,314
44340,permits_multifamily,2024,6
44340,permits_multifamily,2025,298
44340,permits_single_family,2024,759
44340,permits_single_family,2025,945
44340,permits_units,2024,876
44340,permits_units,2025,1414
44420,permits_multifamily,2014,350
44420,permits_multifamily,2015,0
44420,permits_multifamily,2016,51
44420,permits_multifamily,2017,0
44420,permits_multifamily,2018,68
44420,permits_multifamily,2019,324
44420,permits_multifamily,2020,80
44420,permits_multifamily,2021,68
44420,permits_multifamily,2022,57
44420,permits_multifamily,2023,181
44420,permits_multifamily,2024,322
44420,permits_multifamily,2025,470
44420,permits_single_family,2014,249
44420,permits_single_family,2015,287
44420,permits_single_family,2016,237
44420,permits_single_family,2017,281
44420,permits_single_family,2018,232
44420,permits_single_family,2019,312
44420,permits_single_family,2020,421
44420,permits_single_family,2021,341
44420,permits_single_family,2022,379
44420,permits_single_family,2023,415
44420,permits_single_family,2024,481
44420,permits_single_family,2025,517
44420,permits_units,2014,603
44420,permits_units,2015,287
44420,permits_units,2016,302
44420,permits_units,2017,307
44420,permits_units,2018,317
44420,permits_units,2019,654
44420,permits_units,2020,501
44420,permits_units,2021,413
44420,permits_units,2022,442
44420,permits_units,2023,605
44420,permits_units,2024,818
44420,permits_units,2025,995
44460,permits_multifamily,2024,418
44460,permits_multifamily,2025,19
44460,permits_single_family,2024,183
44460,permits_single_family,2025,220
44460,permits_units,2024,613
44460,permits_units,2025,242
44500,permits_multifamily,2024,61
44500,permits_multifamily,2025,16
44500,permits_single_family,2024,27
44500,permits_single_family,2025,16
44500,permits_units,2024,110
44500,permits_units,2025,36
44540,permits_multifamily,2024,0
44540,permits_multifamily,2025,0
44540,permits_single_family,2024,12
44540,permits_single_family,2025,5
44540,permits_units,2024,12
44540,permits_units,2025,5
44580,permits_multifamily,2024,0
44580,permits_multifamily,2025,0
44580,permits_single_family,2024,21
44580,permits_single_family,2025,23
44580,permits_units,2024,25
44580,permits_units,2025,23
44620,permits_multifamily,2024,115
44620,permits_multifamily,2025,64
44620,permits_single_family,2024,114
44620,permits_single_family,2025,122
44620,permits_units,2024,279
44620,permits_units,2025,244
44660,permits_multifamily,2024,12
44660,permits_multifamily,2025,52
44660,permits_single_family,2024,131
44660,permits_single_family,2025,137
44660,permits_units,2024,145
44660,permits_units,2025,217
44700,permits_multifamily,2014,20
44700,permits_multifamily,2015,699
44700,permits_multifamily,2016,132
44700,permits_multifamily,2017,652
44700,permits_multifamily,2018,266
44700,permits_multifamily,2019,826
44700,permits_multifamily,2020,803
44700,permits_multifamily,2021,667
44700,permits_multifamily,2022,256
44700,permits_multifamily,2023,0
44700,permits_multifamily,2024,0
44700,permits_multifamily,2025,0
44700,permits_single_family,2014,1245
44700,permits_single_family,2015,1708
44700,permits_single_family,2016,1862
44700,permits_single_family,2017,2107
44700,permits_single_family,2018,2920
44700,permits_single_family,2019,2628
44700,permits_single_family,2020,3086
44700,permits_single_family,2021,3718
44700,permits_single_family,2022,3205
44700,permits_single_family,2023,2167
44700,permits_single_family,2024,3773
44700,permits_single_family,2025,2520
44700,permits_units,2014,1265
44700,permits_units,2015,2431
44700,permits_units,2016,1998
44700,permits_units,2017,2779
44700,permits_units,2018,3280
44700,permits_units,2019,3499
44700,permits_units,2020,3914
44700,permits_units,2021,4389
44700,permits_units,2022,3485
44700,permits_units,2023,2170
44700,permits_units,2024,3779
44700,permits_units,2025,2522
44740,permits_multifamily,2024,71
44740,permits_multifamily,2025,0
44740,permits_single_family,2024,91
44740,permits_single_family,2025,14
44740,permits_units,2024,172
44740,permits_units,2025,16
44780,permits_multifamily,2024,78
44780,permits_multifamily,2025,90
44780,permits_single_family,2024,102
44780,permits_single_family,2025,142
44780,permits_units,2024,180
44780,permits_units,2025,240
44860,permits_multifamily,2024,0
44860,permits_multifamily,2025,0
44860,permits_single_family,2024,65
44860,permits_single_family,2025,62
44860,permits_units,2024,65
44860,permits_units,2025,62
44900,permits_multifamily,2024,0
44900,permits_multifamily,2025,0
44900,permits_single_family,2024,2
44900,permits_single_family,2025,2
44900,permits_units,2024,2
44900,permits_units,2025,2
44940,permits_multifamily,2014,20
44940,permits_multifamily,2015,0
44940,permits_multifamily,2016,30
44940,permits_multifamily,2017,0
44940,permits_multifamily,2018,0
44940,permits_multifamily,2019,48
44940,permits_multifamily,2020,0
44940,permits_multifamily,2021,0
44940,permits_multifamily,2022,36
44940,permits_multifamily,2023,0
44940,permits_multifamily,2024,0
44940,permits_multifamily,2025,0
44940,permits_single_family,2014,269
44940,permits_single_family,2015,217
44940,permits_single_family,2016,243
44940,permits_single_family,2017,222
44940,permits_single_family,2018,279
44940,permits_single_family,2019,343
44940,permits_single_family,2020,378
44940,permits_single_family,2021,468
44940,permits_single_family,2022,402
44940,permits_single_family,2023,435
44940,permits_single_family,2024,344
44940,permits_single_family,2025,320
44940,permits_units,2014,289
44940,permits_units,2015,217
44940,permits_units,2016,273
44940,permits_units,2017,222
44940,permits_units,2018,279
44940,permits_units,2019,407
44940,permits_units,2020,408
44940,permits_units,2021,472
44940,permits_units,2022,502
44940,permits_units,2023,473
44940,permits_units,2024,386
44940,permits_units,2025,358
44980,permits_multifamily,2024,0
44980,permits_multifamily,2025,0
44980,permits_single_family,2024,76
44980,permits_single_family,2025,49
44980,permits_units,2024,78
44980,permits_units,2025,49
45000,permits_multifamily,2024,0
45000,permits_multifamily,2025,0
45000,permits_single_family,2024,6
45000,permits_single_family,2025,9
45000,permits_units,2024,6
45000,permits_units,2025,17
45020,permits_multifamily,2024,0
45020,permits_multifamily,2025,0
45020,permits_single_family,2024,19
45020,permits_single_family,2025,8
45020,permits_units,2024,19
45020,permits_units,2025,8
45060,permits_multifamily,2014,439
45060,permits_multifamily,2015,556
45060,permits_multifamily,2016,722
45060,permits_multifamily,2017,602
45060,permits_multifamily,2018,147
45060,permits_multifamily,2019,206
45060,permits_multifamily,2020,198
45060,permits_multifamily,2021,143
45060,permits_multifamily,2022,44
45060,permits_multifamily,2023,127
45060,permits_multifamily,2024,346
45060,permits_multifamily,2025,1363
45060,permits_single_family,2014,652
45060,permits_single_family,2015,615
45060,permits_single_family,2016,634
45060,permits_single_family,2017,557
45060,permits_single_family,2018,570
45060,permits_single_family,2019,538
45060,permits_single_family,2020,523
45060,permits_single_family,2021,537
45060,permits_single_family,2022,466
45060,permits_single_family,2023,509
45060,permits_single_family,2024,554
45060,permits_single_family,2025,617
45060,permits_units,2014,1163
45060,permits_units,2015,1194
45060,permits_units,2016,1370
45060,permits_units,2017,1159
45060,permits_units,2018,738
45060,permits_units,2019,757
45060,permits_units,2020,777
45060,permits_units,2021,693
45060,permits_units,2022,532
45060,permits_units,2023,643
45060,permits_units,2024,936
45060,permits_units,2025,2041
45140,permits_multifamily,2024,0
45140,permits_multifamily,2025,0
45140,permits_single_family,2024,32
45140,permits_single_family,2025,16
45140,permits_units,2024,48
45140,permits_units,2025,22
45180,permits_multifamily,2024,14
45180,permits_multifamily,2025,72
45180,permits_single_family,2024,181
45180,permits_single_family,2025,123
45180,permits_units,2024,195
45180,permits_units,2025,195
45220,permits_multifamily,2014,625
45220,permits_multifamily,2015,152
45220,permits_multifamily,2016,791
45220,permits_multifamily,2017,1146
45220,permits_multifamily,2018,1114
45220,permits_multifamily,2019,1261
45220,permits_multifamily,2020,1088
45220,permits_multifamily,2021,1293
45220,permits_multifamily,2022,1645
45220,permits_multifamily,2023,1237
45220,permits_multifamily,2024,1011
45220,permits_multifamily,2025,1458
45220,permits_single_family,2014,628
45220,permits_single_family,2015,737
45220,permits_single_family,2016,810
45220,permits_single_family,2017,1897
45220,permits_single_family,2018,2073
45220,permits_single_family,2019,1070
45220,permits_single_family,2020,1337
45220,permits_single_family,2021,1592
45220,permits_single_family,2022,1396
45220,permits_single_family,2023,1433
45220,permits_single_family,2024,1373
45220,permits_single_family,2025,1234
45220,permits_units,2014,1260
45220,permits_units,2015,896
45220,permits_units,2016,1613
45220,permits_units,2017,3053
45220,permits_units,2018,3201
45220,permits_units,2019,2345
45220,permits_units,2020,2445
45220,permits_units,2021,2905
45220,permits_units,2022,3059
45220,permits_units,2023,2690
45220,permits_units,2024,2406
45220,permits_units,2025,2742
45300,permits_multifamily,2014,4855
45300,permits_multifamily,2015,5717
45300,permits_multifamily,2016,6906
45300,permits_multifamily,2017,5455
45300,permits_multifamily,2018,3086
45300,permits_multifamily,2019,8601
45300,permits_multifamily,2020,4142
45300,permits_multifamily,2021,5434
45300,permits_multifamily,2022,13292
45300,permits_multifamily,2023,9971
45300,permits_multifamily,2024,7545
45300,permits_multifamily,2025,8771
45300,permits_single_family,2014,7267
45300,permits_single_family,2015,9739
45300,permits_single_family,2016,10685
45300,permits_single_family,2017,12732
45300,permits_single_family,2018,14228
45300,permits_single_family,2019,14670
45300,permits_single_family,2020,16088
45300,permits_single_family,2021,19305
45300,permits_single_family,2022,15678
45300,permits_single_family,2023,14852
45300,permits_single_family,2024,13205
45300,permits_single_family,2025,13596
45300,permits_units,2014,12386
45300,permits_units,2015,15653
45300,permits_units,2016,17752
45300,permits_units,2017,18268
45300,permits_units,2018,17452
45300,permits_units,2019,23540
45300,permits_units,2020,20348
45300,permits_units,2021,24831
45300,permits_units,2022,29968
45300,permits_units,2023,25386
45300,permits_units,2024,20950
45300,permits_units,2025,22747
45340,permits_multifamily,2024,0
45340,permits_multifamily,2025,0
45340,permits_single_family,2024,125
45340,permits_single_family,2025,103
45340,permits_units,2024,127
45340,permits_units,2025,105
45380,permits_multifamily,2024,0
45380,permits_multifamily,2025,0
45380,permits_single_family,2024,63
45380,permits_single_family,2025,60
45380,permits_units,2024,63
45380,permits_units,2025,60
45460,permits_multifamily,2014,235
45460,permits_multifamily,2015,42
45460,permits_multifamily,2016,314
45460,permits_multifamily,2017,203
45460,permits_multifamily,2018,27
45460,permits_multifamily,2019,0
45460,permits_multifamily,2020,0
45460,permits_multifamily,2021,38
45460,permits_multifamily,2022,54
45460,permits_multifamily,2023,0
45460,permits_multifamily,2024,0
45460,permits_multifamily,2025,184
45460,permits_single_family,2014,75
45460,permits_single_family,2015,79
45460,permits_single_family,2016,70
45460,permits_single_family,2017,48
45460,permits_single_family,2018,85
45460,permits_single_family,2019,63
45460,permits_single_family,2020,108
45460,permits_single_family,2021,110
45460,permits_single_family,2022,118
45460,permits_single_family,2023,126
45460,permits_single_family,2024,193
45460,permits_single_family,2025,109
45460,permits_units,2014,338
45460,permits_units,2015,215
45460,permits_units,2016,414
45460,permits_units,2017,275
45460,permits_units,2018,130
45460,permits_units,2019,87
45460,permits_units,2020,140
45460,permits_units,2021,170
45460,permits_units,2022,216
45460,permits_units,2023,140
45460,permits_units,2024,193
45460,permits_units,2025,295
45500,permits_multifamily,2014,0
45500,permits_multifamily,2015,256
45500,permits_multifamily,2016,0
45500,permits_multifamily,2017,100
45500,permits_multifamily,2018,100
45500,permits_multifamily,2019,0
45500,permits_multifamily,2020,0
45500,permits_multifamily,2021,0
45500,permits_multifamily,2022,5
45500,permits_multifamily,2023,30
45500,permits_multifamily,2024,5
45500,permits_multifamily,2025,104
45500,permits_single_family,2014,129
45500,permits_single_family,2015,69
45500,permits_single_family,2016,121
45500,permits_single_family,2017,85
45500,permits_single_family,2018,83
45500,permits_single_family,2019,80
45500,permits_single_family,2020,92
45500,permits_single_family,2021,259
45500,permits_single_family,2022,130
45500,permits_single_family,2023,94
45500,permits_single_family,2024,77
45500,permits_single_family,2025,156
45500,permits_units,2014,133
45500,permits_units,2015,333
45500,permits_units,2016,129
45500,permits_units,2017,185
45500,permits_units,2018,191
45500,permits_units,2019,82
45500,permits_units,2020,96
45500,permits_units,2021,259
45500,permits_units,2022,161
45500,permits_units,2023,247
45500,permits_units,2024,156
45500,permits_units,2025,294
45520,permits_multifamily,2024,0
45520,permits_multifamily,2025,0
45520,permits_single_family,2024,42
45520,permits_single_family,2025,37
45520,permits_units,2024,48
45520,permits_units,2025,39
45580,permits_multifamily,2024,0
45580,permits_multifamily,2025,0
45580,permits_single_family,2024,129
45580,permits_single_family,2025,127
45580,permits_units,2024,133
45580,permits_units,2025,127
45620,permits_multifamily,2024,72
45620,permits_multifamily,2025,72
45620,permits_single_family,2024,199
45620,permits_single_family,2025,186
45620,permits_units,2024,271
45620,permits_units,2025,258
45660,permits_multifamily,2024,0
45660,permits_multifamily,2025,0
45660,permits_single_family,2024,39
45660,permits_single_family,2025,51
45660,permits_units,2024,43
45660,permits_units,2025,81
45700,permits_multifamily,2024,60
45700,permits_multifamily,2025,66
45700,permits_single_family,2024,120
45700,permits_single_family,2025,114
45700,permits_units,2024,180
45700,permits_units,2025,180
45740,permits_multifamily,2024,0
45740,permits_multifamily,2025,0
45740,permits_single_family,2024,54
45740,permits_single_family,2025,36
45740,permits_units,2024,54
45740,permits_units,2025,36
45780,permits_multifamily,2014,467
45780,permits_multifamily,2015,22
45780,permits_multifamily,2016,60
45780,permits_multifamily,2017,159
45780,permits_multifamily,2018,220
45780,permits_multifamily,2019,453
45780,permits_multifamily,2020,619
45780,permits_multifamily,2021,278
45780,permits_multifamily,2022,436
45780,permits_multifamily,2023,442
45780,permits_multifamily,2024,170
45780,permits_multifamily,2025,60
45780,permits_single_family,2014,598
45780,permits_single_family,2015,649
45780,permits_single_family,2016,694
45780,permits_single_family,2017,704
45780,permits_single_family,2018,785
45780,permits_single_family,2019,892
45780,permits_single_family,2020,832
45780,permits_single_family,2021,882
45780,permits_single_family,2022,653
45780,permits_single_family,2023,789
45780,permits_single_family,2024,630
45780,permits_single_family,2025,423
45780,permits_units,2014,1075
45780,permits_units,2015,715
45780,permits_units,2016,827
45780,permits_units,2017,971
45780,permits_units,2018,1096
45780,permits_units,2019,1414
45780,permits_units,2020,1557
45780,permits_units,2021,1210
45780,permits_units,2022,1119
45780,permits_units,2023,1339
45780,permits_units,2024,928
45780,permits_units,2025,493
45820,permits_multifamily,2014,24
45820,permits_multifamily,2015,0
45820,permits_multifamily,2016,0
45820,permits_multifamily,2017,0
45820,permits_multifamily,2018,0
45820,permits_multifamily,2019,0
45820,permits_multifamily,2020,152
45820,permits_multifamily,2021,289
45820,permits_multifamily,2022,0
45820,permits_multifamily,2023,0
45820,permits_multifamily,2024,25
45820,permits_multifamily,2025,250
45820,permits_single_family,2014,285
45820,permits_single_family,2015,354
45820,permits_single_family,2016,368
45820,permits_single_family,2017,327
45820,permits_single_family,2018,330
45820,permits_single_family,2019,301
45820,permits_single_family,2020,380
45820,permits_single_family,2021,417
45820,permits_single_family,2022,413
45820,permits_single_family,2023,303
45820,permits_single_family,2024,317
45820,permits_single_family,2025,333
45820,permits_units,2014,315
45820,permits_units,2015,388
45820,permits_units,2016,388
45820,permits_units,2017,335
45820,permits_units,2018,356
45820,permits_units,2019,322
45820,permits_units,2020,544
45820,permits_units,2021,717
45820,permits_units,2022,429
45820,permits_units,2023,353
45820,permits_units,2024,382
45820,permits_units,2025,635
45860,permits_multifamily,2024,6
45860,permits_multifamily,2025,0
45860,permits_single_family,2024,124
45860,permits_single_family,2025,124
45860,permits_units,2024,141
45860,permits_units,2025,133
45880,permits_multifamily,2024,0
45880,permits_multifamily,2025,0
45880,permits_single_family,2024,30
45880,permits_single_family,2025,26
45880,permits_units,2024,30
45880,permits_units,2025,41
45900,permits_multifamily,2024,501
45900,permits_multifamily,2025,6
45900,permits_single_family,2024,702
45900,permits_single_family,2025,786
45900,permits_units,2024,1232
45900,permits_units,2025,808
45940,permits_multifamily,2014,121
45940,permits_multifamily,2015,597
45940,permits_multifamily,2016,451
45940,permits_multifamily,2017,277
45940,permits_multifamily,2018,273
45940,permits_multifamily,2019,302
45940,permits_multifamily,2020,587
45940,permits_multifamily,2021,264
45940,permits_multifamily,2022,471
45940,permits_multifamily,2023,559
45940,permits_multifamily,2024,1183
45940,permits_multifamily,2025,340
45940,permits_single_family,2014,239
45940,permits_single_family,2015,284
45940,permits_single_family,2016,175
45940,permits_single_family,2017,152
45940,permits_single_family,2018,180
45940,permits_single_family,2019,181
45940,permits_single_family,2020,220
45940,permits_single_family,2021,278
45940,permits_single_family,2022,165
45940,permits_single_family,2023,402
45940,permits_single_family,2024,827
45940,permits_single_family,2025,805
45940,permits_units,2014,368
45940,permits_units,2015,896
45940,permits_units,2016,711
45940,permits_units,2017,605
45940,permits_units,2018,501
45940,permits_units,2019,538
45940,permits_units,2020,832
45940,permits_units,2021,544
45940,permits_units,2022,643
45940,permits_units,2023,969
45940,permits_units,2024,2026
45940,permits_units,2025,1164
45980,permits_multifamily,2024,0
45980,permits_multifamily,2025,0
45980,permits_single_family,2024,43
45980,permits_single_family,2025,27
45980,permits_units,2024,43
45980,permits_units,2025,27
46020,permits_multifamily,2024,0
46020,permits_multifamily,2025,0
46020,permits_single_family,2024,215
46020,permits_single_family,2025,194
46020,permits_units,2024,215
46020,permits_units,2025,198
46060,permits_multifamily,2014,922
46060,permits_multifamily,2015,184
46060,permits_multifamily,2016,40
46060,permits_multifamily,2017,1561
46060,permits_multifamily,2018,1122
46060,permits_multifamily,2019,771
46060,permits_multifamily,2020,670
46060,permits_multifamily,2021,1118
46060,permits_multifamily,2022,1905
46060,permits_multifamily,2023,1419
46060,permits_multifamily,2024,996
46060,permits_multifamily,2025,1018
46060,permits_single_family,2014,2296
46060,permits_single_family,2015,2226
46060,permits_single_family,2016,2420
46060,permits_single_family,2017,2888
46060,permits_single_family,2018,3240
46060,permits_single_family,2019,3490
46060,permits_single_family,2020,4242
46060,permits_single_family,2021,5116
46060,permits_single_family,2022,3735
46060,permits_single_family,2023,3688
46060,permits_single_family,2024,4150
46060,permits_single_family,2025,3592
46060,permits_units,2014,3250
46060,permits_units,2015,2428
46060,permits_units,2016,2466
46060,permits_units,2017,4495
46060,permits_units,2018,4404
46060,permits_units,2019,4313
46060,permits_units,2020,4958
46060,permits_units,2021,6284
46060,permits_units,2022,5714
46060,permits_units,2023,5255
46060,permits_units,2024,5250
46060,permits_units,2025,4658
46100,permits_multifamily,2024,6
46100,permits_multifamily,2025,85
46100,permits_single_family,2024,347
46100,permits_single_family,2025,483
46100,permits_units,2024,398
46100,permits_units,2025,573
46140,permits_multifamily,2014,1339
46140,permits_multifamily,2015,735
46140,permits_multifamily,2016,594
46140,permits_multifamily,2017,436
46140,permits_multifamily,2018,513
46140,permits_multifamily,2019,879
46140,permits_multifamily,2020,803
46140,permits_multifamily,2021,446
46140,permits_multifamily,2022,1214
46140,permits_multifamily,2023,1477
46140,permits_multifamily,2024,601
46140,permits_multifamily,2025,1292
46140,permits_single_family,2014,3022
46140,permits_single_family,2015,2885
46140,permits_single_family,2016,3036
46140,permits_single_family,2017,3160
46140,permits_single_family,2018,2845
46140,permits_single_family,2019,3377
46140,permits_single_family,2020,4039
46140,permits_single_family,2021,4354
46140,permits_single_family,2022,3843
46140,permits_single_family,2023,3393
46140,permits_single_family,2024,3602
46140,permits_single_family,2025,3740
46140,permits_units,2014,4533
46140,permits_units,2015,3774
46140,permits_units,2016,3752
46140,permits_units,2017,3644
46140,permits_units,2018,3412
46140,permits_units,2019,4306
46140,permits_units,2020,4924
46140,permits_units,2021,4920
46140,permits_units,2022,5123
46140,permits_units,2023,5009
46140,permits_units,2024,4311
46140,permits_units,2025,5154
46180,permits_multifamily,2024,24
46180,permits_multifamily,2025,5
46180,permits_single_family,2024,110
46180,permits_single_family,2025,184
46180,permits_units,2024,160
46180,permits_units,2025,194
46220,permits_multifamily,2014,843
46220,permits_multifamily,2015,196
46220,permits_multifamily,2016,858
46220,permits_multifamily,2017,507
46220,permits_multifamily,2018,417
46220,permits_multifamily,2019,689
46220,permits_multifamily,2020,459
46220,permits_multifamily,2021,604
46220,permits_multifamily,2022,271
46220,permits_multifamily,2023,61
46220,permits_multifamily,2024,69
46220,permits_multifamily,2025,64
46220,permits_single_family,2014,440
46220,permits_single_family,2015,453
46220,permits_single_family,2016,537
46220,permits_single_family,2017,572
46220,permits_single_family,2018,578
46220,permits_single_family,2019,630
46220,permits_single_family,2020,656
46220,permits_single_family,2021,771
46220,permits_single_family,2022,714
46220,permits_single_family,2023,575
46220,permits_single_family,2024,528
46220,permits_single_family,2025,501
46220,permits_units,2014,1386
46220,permits_units,2015,747
46220,permits_units,2016,1465
46220,permits_units,2017,1169
46220,permits_units,2018,1047
46220,permits_units,2019,1474
46220,permits_units,2020,1269
46220,permits_units,2021,1496
46220,permits_units,2022,1043
46220,permits_units,2023,695
46220,permits_units,2024,649
46220,permits_units,2025,616
46300,permits_multifamily,2019,6
46300,permits_multifamily,2020,84
46300,permits_multifamily,2021,68
46300,permits_multifamily,2022,100
46300,permits_multifamily,2023,9
46300,permits_multifamily,2024,12
46300,permits_multifamily,2025,6
46300,permits_single_family,2019,599
46300,permits_single_family,2020,891
46300,permits_single_family,2021,894
46300,permits_single_family,2022,483
46300,permits_single_family,2023,384
46300,permits_single_family,2024,637
46300,permits_single_family,2025,644
46300,permits_units,2019,835
46300,permits_units,2020,1053
46300,permits_units,2021,1068
46300,permits_units,2022,605
46300,permits_units,2023,455
46300,permits_units,2024,733
46300,permits_units,2025,670
46340,permits_multifamily,2014,0
46340,permits_multifamily,2015,0
46340,permits_multifamily,2016,24
46340,permits_multifamily,2017,142
46340,permits_multifamily,2018,5
46340,permits_multifamily,2019,5
46340,permits_multifamily,2020,17
46340,permits_multifamily,2021,41
46340,permits_multifamily,2022,35
46340,permits_multifamily,2023,13
46340,permits_multifamily,2024,45
46340,permits_multifamily,2025,10
46340,permits_single_family,2014,377
46340,permits_single_family,2015,420
46340,permits_single_family,2016,454
46340,permits_single_family,2017,472
46340,permits_single_family,2018,478
46340,permits_single_family,2019,592
46340,permits_single_family,2020,635
46340,permits_single_family,2021,741
46340,permits_single_family,2022,701
46340,permits_single_family,2023,468
46340,permits_single_family,2024,464
46340,permits_single_family,2025,517
46340,permits_units,2014,389
46340,permits_units,2015,470
46340,permits_units,2016,581
46340,permits_units,2017,678
46340,permits_units,2018,660
46340,permits_units,2019,657
46340,permits_units,2020,828
46340,permits_units,2021,912
46340,permits_units,2022,830
46340,permits_units,2023,753
46340,permits_units,2024,608
46340,permits_units,2025,543
46380,permits_multifamily,2024,0
46380,permits_multifamily,2025,0
46380,permits_single_family,2024,9
46380,permits_single_family,2025,3
46380,permits_units,2024,9
46380,permits_units,2025,3
46460,permits_multifamily,2024,0
46460,permits_multifamily,2025,0
46460,permits_single_family,2024,21
46460,permits_single_family,2025,27
46460,permits_units,2024,21
46460,permits_units,2025,27
46500,permits_multifamily,2024,0
46500,permits_multifamily,2025,0
46500,permits_single_family,2024,42
46500,permits_single_family,2025,45
46500,permits_units,2024,42
46500,permits_units,2025,45
46520,permits_multifamily,2014,691
46520,permits_multifamily,2015,2851
46520,permits_multifamily,2016,812
46520,permits_multifamily,2017,940
46520,permits_multifamily,2018,1427
46520,permits_multifamily,2019,1343
46520,permits_multifamily,2020,753
46520,permits_multifamily,2021,446
46520,permits_multifamily,2022,1714
46520,permits_multifamily,2023,1041
46520,permits_multifamily,2024,793
46520,permits_multifamily,2025,717
46520,permits_single_family,2014,875
46520,permits_single_family,2015,982
46520,permits_single_family,2016,846
46520,permits_single_family,2017,1028
46520,permits_single_family,2018,983
46520,permits_single_family,2019,912
46520,permits_single_family,2020,862
46520,permits_single_family,2021,938
46520,permits_single_family,2022,662
46520,permits_single_family,2023,657
46520,permits_single_family,2024,706
46520,permits_single_family,2025,607
46520,permits_units,2014,1578
46520,permits_units,2015,3833
46520,permits_units,2016,1658
46520,permits_units,2017,1968
46520,permits_units,2018,2410
46520,permits_units,2019,2279
46520,permits_units,2020,1621
46520,permits_units,2021,1438
46520,permits_units,2022,2526
46520,permits_units,2023,1851
46520,permits_units,2024,1638
46520,permits_units,2025,1446
46540,permits_multifamily,2014,16
46540,permits_multifamily,2015,16
46540,permits_multifamily,2016,15
46540,permits_multifamily,2017,149
46540,permits_multifamily,2018,88
46540,permits_multifamily,2019,150
46540,permits_multifamily,2020,231
46540,permits_multifamily,2021,286
46540,permits_multifamily,2022,76
46540,permits_multifamily,2023,58
46540,permits_multifamily,2024,94
46540,permits_multifamily,2025,89
46540,permits_single_family,2014,220
46540,permits_single_family,2015,224
46540,permits_single_family,2016,217
46540,permits_single_family,2017,193
46540,permits_single_family,2018,183
46540,permits_single_family,2019,199
46540,permits_single_family,2020,177
46540,permits_single_family,2021,160
46540,permits_single_family,2022,244
46540,permits_single_family,2023,194
46540,permits_single_family,2024,175
46540,permits_single_family,2025,219
46540,permits_units,2014,236
46540,permits_units,2015,246
46540,permits_units,2016,234
46540,permits_units,2017,347
46540,permits_units,2018,275
46540,permits_units,2019,352
46540,permits_units,2020,414
46540,permits_units,2021,456
46540,permits_units,2022,324
46540,permits_units,2023,252
46540,permits_units,2024,271
46540,permits_units,2025,308
46580,permits_multifamily,2025,0
46580,permits_single_family,2025,15
46580,permits_units,2025,15
46620,permits_multifamily,2024,0
46620,permits_multifamily,2025,0
46620,permits_single_family,2024,15
46620,permits_single_family,2025,11
46620,permits_units,2024,17
46620,permits_units,2025,11
46660,permits_multifamily,2014,10
46660,permits_multifamily,2015,10
46660,permits_multifamily,2016,80
46660,permits_multifamily,2017,91
46660,permits_multifamily,2018,83
46660,permits_multifamily,2019,92
46660,permits_multifamily,2020,103
46660,permits_multifamily,2021,130
46660,permits_multifamily,2022,0
46660,permits_multifamily,2023,73
46660,permits_multifamily,2024,0
46660,permits_multifamily,2025,0
46660,permits_single_family,2014,384
46660,permits_single_family,2015,603
46660,permits_single_family,2016,934
46660,permits_single_family,2017,988
46660,permits_single_family,2018,1039
46660,permits_single_family,2019,1174
46660,permits_single_family,2020,1251
46660,permits_single_family,2021,1389
46660,permits_single_family,2022,1280
46660,permits_single_family,2023,883
46660,permits_single_family,2024,966
46660,permits_single_family,2025,901
46660,permits_units,2014,410
46660,permits_units,2015,627
46660,permits_units,2016,1018
46660,permits_units,2017,1089
46660,permits_units,2018,1126
46660,permits_units,2019,1276
46660,permits_units,2020,1366
46660,permits_units,2021,1535
46660,permits_units,2022,1302
46660,permits_units,2023,962
46660,permits_units,2024,972
46660,permits_units,2025,905
46700,permits_multifamily,2014,0
46700,permits_multifamily,2015,396
46700,permits_multifamily,2016,117
46700,permits_multifamily,2017,67
46700,permits_multifamily,2018,34
46700,permits_multifamily,2019,11
46700,permits_multifamily,2020,727
46700,permits_multifamily,2021,235
46700,permits_multifamily,2022,206
46700,permits_multifamily,2023,476
46700,permits_multifamily,2024,180
46700,permits_multifamily,2025,120
46700,permits_single_family,2014,646
46700,permits_single_family,2015,1036
46700,permits_single_family,2016,827
46700,permits_single_family,2017,840
46700,permits_single_family,2018,954
46700,permits_single_family,2019,1078
46700,permits_single_family,2020,1006
46700,permits_single_family,2021,1141
46700,permits_single_family,2022,948
46700,permits_single_family,2023,938
46700,permits_single_family,2024,1271
46700,permits_single_family,2025,750
46700,permits_units,2014,646
46700,permits_units,2015,1434
46700,permits_units,2016,944
46700,permits_units,2017,907
46700,permits_units,2018,990
46700,permits_units,2019,1089
46700,permits_units,2020,1733
46700,permits_units,2021,1378
46700,permits_units,2022,1154
46700,permits_units,2023,1414
46700,permits_units,2024,1455
46700,permits_units,2025,881
46780,permits_multifamily,2024,0
46780,permits_multifamily,2025,0
46780,permits_single_family,2024,38
46780,permits_single_family,2025,45
46780,permits_units,2024,38
46780,permits_units,2025,45
46820,permits_multifamily,2024,10
46820,permits_multifamily,2025,5
46820,permits_single_family,2024,18
46820,permits_single_family,2025,16
46820,permits_units,2024,28
46820,permits_units,2025,21
46860,permits_multifamily,2024,0
46860,permits_multifamily,2025,68
46860,permits_single_family,2024,74
46860,permits_single_family,2025,98
46860,permits_units,2024,86
46860,permits_units,2025,170
46900,permits_multifamily,2024,0
46900,permits_multifamily,2025,0
46900,permits_single_family,2024,3
46900,permits_single_family,2025,6
46900,permits_units,2024,3
46900,permits_units,2025,6
46980,permits_multifamily,2024,0
46980,permits_multifamily,2025,0
46980,permits_single_family,2024,12
46980,permits_single_family,2025,6
46980,permits_units,2024,12
46980,permits_units,2025,6
47020,permits_multifamily,2014,604
47020,permits_multifamily,2015,0
47020,permits_multifamily,2016,0
47020,permits_multifamily,2017,0
47020,permits_multifamily,2018,0
47020,permits_multifamily,2019,0
47020,permits_multifamily,2020,0
47020,permits_multifamily,2021,168
47020,permits_multifamily,2022,0
47020,permits_multifamily,2023,0
47020,permits_multifamily,2024,0
47020,permits_multifamily,2025,143
47020,permits_single_family,2014,163
47020,permits_single_family,2015,139
47020,permits_single_family,2016,65
47020,permits_single_family,2017,61
47020,permits_single_family,2018,70
47020,permits_single_family,2019,141
47020,permits_single_family,2020,132
47020,permits_single_family,2021,223
47020,permits_single_family,2022,204
47020,permits_single_family,2023,62
47020,permits_single_family,2024,33
47020,permits_single_family,2025,43
47020,permits_units,2014,835
47020,permits_units,2015,139
47020,permits_units,2016,65
47020,permits_units,2017,61
47020,permits_units,2018,70
47020,permits_units,2019,201
47020,permits_units,2020,132
47020,permits_units,2021,391
47020,permits_units,2022,204
47020,permits_units,2023,90
47020,permits_units,2024,43
47020,permits_units,2025,186
47080,permits_multifamily,2024,0
47080,permits_multifamily,2025,10
47080,permits_single_family,2024,30
47080,permits_single_family,2025,37
47080,permits_units,2024,54
47080,permits_units,2025,53
47180,permits_multifamily,2024,0
47180,permits_multifamily,2025,0
47180,permits_single_family,2024,36
47180,permits_single_family,2025,39
47180,permits_units,2024,36
47180,permits_units,2025,39
47220,permits_multifamily,2014,30
47220,permits_multifamily,2015,52
47220,permits_multifamily,2016,20
47220,permits_multifamily,2017,0
47220,permits_multifamily,2018,0
47220,permits_multifamily,2019,0
47220,permits_multifamily,2020,0
47220,permits_multifamily,2021,63
47220,permits_multifamily,2022,5
47220,permits_multifamily,2023,0
47220,permits_multifamily,2024,129
47220,permits_multifamily,2025,0
47220,permits_single_family,2014,182
47220,permits_single_family,2015,185
47220,permits_single_family,2016,114
47220,permits_single_family,2017,88
47220,permits_single_family,2018,70
47220,permits_single_family,2019,132
47220,permits_single_family,2020,179
47220,permits_single_family,2021,122
47220,permits_single_family,2022,115
47220,permits_single_family,2023,103
47220,permits_single_family,2024,120
47220,permits_single_family,2025,143
47220,permits_units,2014,212
47220,permits_units,2015,237
47220,permits_units,2016,134
47220,permits_units,2017,88
47220,permits_units,2018,74
47220,permits_units,2019,132
47220,permits_units,2020,179
47220,permits_units,2021,185
47220,permits_units,2022,120
47220,permits_units,2023,103
47220,permits_units,2024,253
47220,permits_units,2025,143
47240,permits_multifamily,2024,0
47240,permits_multifamily,2025,48
47240,permits_single_family,2024,97
47240,permits_single_family,2025,99
47240,permits_units,2024,103
47240,permits_units,2025,183
47260,permits_multifamily,2014,1857
47260,permits_multifamily,2015,2608
47260,permits_multifamily,2016,1943
47260,permits_multifamily,2017,1571
47260,permits_multifamily,2018,1354
47260,permits_multifamily,2019,1465
47260,permits_multifamily,2020,1647
47260,permits_multifamily,2021,2550
47260,permits_multifamily,2022,2584
47260,permits_multifamily,2023,2674
47260,permits_multifamily,2024,792
47260,permits_multifamily,2025,657
47260,permits_single_family,2014,3766
47260,permits_single_family,2015,4024
47260,permits_single_family,2016,4095
47260,permits_single_family,2017,4404
47260,permits_single_family,2018,4168
47260,permits_single_family,2019,4345
47260,permits_single_family,2020,5242
47260,permits_single_family,2021,4712
47260,permits_single_family,2022,3680
47260,permits_single_family,2023,3393
47260,permits_single_family,2024,3544
47260,permits_single_family,2025,3223
47260,permits_units,2014,5715
47260,permits_units,2015,6722
47260,permits_units,2016,6213
47260,permits_units,2017,6182
47260,permits_units,2018,5604
47260,permits_units,2019,5908
47260,permits_units,2020,6951
47260,permits_units,2021,7377
47260,permits_units,2022,6313
47260,permits_units,2023,6114
47260,permits_units,2024,4406
47260,permits_units,2025,3953
47300,permits_multifamily,2014,248
47300,permits_multifamily,2015,90
47300,permits_multifamily,2016,80
47300,permits_multifamily,2017,124
47300,permits_multifamily,2018,292
47300,permits_multifamily,2019,202
47300,permits_multifamily,2020,60
47300,permits_multifamily,2021,156
47300,permits_multifamily,2022,919
47300,permits_multifamily,2023,69
47300,permits_multifamily,2024,307
47300,permits_multifamily,2025,130
47300,permits_single_family,2014,836
47300,permits_single_family,2015,1129
47300,permits_single_family,2016,1190
47300,permits_single_family,2017,1162
47300,permits_single_family,2018,1206
47300,permits_single_family,2019,1619
47300,permits_single_family,2020,1406
47300,permits_single_family,2021,1300
47300,permits_single_family,2022,1420
47300,permits_single_family,2023,1035
47300,permits_single_family,2024,1112
47300,permits_single_family,2025,1567
47300,permits_units,2014,1092
47300,permits_units,2015,1275
47300,permits_units,2016,1316
47300,permits_units,2017,1314
47300,permits_units,2018,1528
47300,permits_units,2019,1872
47300,permits_units,2020,1575
47300,permits_units,2021,1510
47300,permits_units,2022,2385
47300,permits_units,2023,1165
47300,permits_units,2024,1447
47300,permits_units,2025,1790
47340,permits_multifamily,2024,0
47340,permits_multifamily,2025,6
47340,permits_single_family,2024,46
47340,permits_single_family,2025,87
47340,permits_units,2024,46
47340,permits_units,2025,93
47380,permits_multifamily,2014,814
47380,permits_multifamily,2015,741
47380,permits_multifamily,2016,1011
47380,permits_multifamily,2017,167
47380,permits_multifamily,2018,45
47380,permits_multifamily,2019,276
47380,permits_multifamily,2020,118
47380,permits_multifamily,2021,49
47380,permits_multifamily,2022,379
47380,permits_multifamily,2023,847
47380,permits_multifamily,2024,200
47380,permits_multifamily,2025,568
47380,permits_single_family,2014,607
47380,permits_single_family,2015,592
47380,permits_single_family,2016,640
47380,permits_single_family,2017,768
47380,permits_single_family,2018,764
47380,permits_single_family,2019,876
47380,permits_single_family,2020,971
47380,permits_single_family,2021,983
47380,permits_single_family,2022,954
47380,permits_single_family,2023,744
47380,permits_single_family,2024,761
47380,permits_single_family,2025,786
47380,permits_units,2014,1471
47380,permits_units,2015,1507
47380,permits_units,2016,1765
47380,permits_units,2017,1007
47380,permits_units,2018,850
47380,permits_units,2019,1222
47380,permits_units,2020,1214
47380,permits_units,2021,1107
47380,permits_units,2022,1393
47380,permits_units,2023,1759
47380,permits_units,2024,1065
47380,permits_units,2025,1460
47420,permits_multifamily,2024,0
47420,permits_multifamily,2025,0
47420,permits_single_family,2024,43
47420,permits_single_family,2025,53
47420,permits_units,2024,47
47420,permits_units,2025,53
47460,permits_multifamily,2014,16
47460,permits_multifamily,2015,16
47460,permits_multifamily,2016,28
47460,permits_multifamily,2017,0
47460,permits_multifamily,2018,0
47460,permits_multifamily,2019,20
47460,permits_multifamily,2020,0
47460,permits_multifamily,2021,112
47460,permits_multifamily,2022,0
47460,permits_multifamily,2023,64
47460,permits_multifamily,2024,50
47460,permits_multifamily,2025,0
47460,permits_single_family,2014,190
47460,permits_single_family,2015,194
47460,permits_single_family,2016,184
47460,permits_single_family,2017,148
47460,permits_single_family,2018,225
47460,permits_single_family,2019,160
47460,permits_single_family,2020,132
47460,permits_single_family,2021,137
47460,permits_single_family,2022,114
47460,permits_single_family,2023,177
47460,permits_single_family,2024,143
47460,permits_single_family,2025,161
47460,permits_units,2014,214
47460,permits_units,2015,214
47460,permits_units,2016,220
47460,permits_units,2017,148
47460,permits_units,2018,225
47460,permits_units,2019,190
47460,permits_units,2020,154
47460,permits_units,2021,261
47460,permits_units,2022,170
47460,permits_units,2023,275
47460,permits_units,2024,205
47460,permits_units,2025,163
47540,permits_multifamily,2024,0
47540,permits_multifamily,2025,0
47540,permits_single_family,2024,85
47540,permits_single_family,2025,87
47540,permits_units,2024,87
47540,permits_units,2025,97
47580,permits_multifamily,2014,110
47580,permits_multifamily,2015,300
47580,permits_multifamily,2016,0
47580,permits_multifamily,2017,180
47580,permits_multifamily,2018,474
47580,permits_multifamily,2019,164
47580,permits_multifamily,2020,90
47580,permits_multifamily,2021,82
47580,permits_multifamily,2022,1050
47580,permits_multifamily,2023,676
47580,permits_multifamily,2024,330
47580,permits_multifamily,2025,84
47580,permits_single_family,2014,659
47580,permits_single_family,2015,748
47580,permits_single_family,2016,839
47580,permits_single_family,2017,1016
47580,permits_single_family,2018,895
47580,permits_single_family,2019,1114
47580,permits_single_family,2020,1191
47580,permits_single_family,2021,1390
47580,permits_single_family,2022,1445
47580,permits_single_family,2023,1167
47580,permits_single_family,2024,1296
47580,permits_single_family,2025,1271
47580,permits_units,2014,780
47580,permits_units,2015,1048
47580,permits_units,2016,839
47580,permits_units,2017,1196
47580,permits_units,2018,1378
47580,permits_units,2019,1282
47580,permits_units,2020,1307
47580,permits_units,2021,1534
47580,permits_units,2022,2495
47580,permits_units,2023,1845
47580,permits_units,2024,1675
47580,permits_units,2025,1357
47620,permits_multifamily,2024,30
47620,permits_multifamily,2025,0
47620,permits_single_family,2024,26
47620,permits_single_family,2025,31
47620,permits_units,2024,56
47620,permits_units,2025,35
47660,permits_multifamily,2024,27
47660,permits_multifamily,2025,8
47660,permits_single_family,2024,39
47660,permits_single_family,2025,33
47660,permits_units,2024,102
47660,permits_units,2025,113
47700,permits_multifamily,2024,10
47700,permits_multifamily,2025,85
47700,permits_single_family,2024,249
47700,permits_single_family,2025,316
47700,permits_units,2024,261
47700,permits_units,2025,409
47780,permits_multifamily,2024,0
47780,permits_multifamily,2025,46
47780,permits_single_family,2024,39
47780,permits_single_family,2025,26
47780,permits_units,2024,71
47780,permits_units,2025,74
47820,permits_multifamily,2024,0
47820,permits_multifamily,2025,0
47820,permits_single_family,2024,216
47820,permits_single_family,2025,119
47820,permits_units,2024,216
47820,permits_units,2025,119
47900,permits_multifamily,2014,12239
47900,permits_multifamily,2015,10199
47900,permits_multifamily,2016,12207
47900,permits_multifamily,2017,12910
47900,permits_multifamily,2018,12037
47900,permits_multifamily,2019,13597
47900,permits_multifamily,2020,11056
47900,permits_multifamily,2021,13590
47900,permits_multifamily,2022,23799
47900,permits_multifamily,2023,12419
47900,permits_multifamily,2024,9606
47900,permits_multifamily,2025,7392
47900,permits_single_family,2014,12411
47900,permits_single_family,2015,12638
47900,permits_single_family,2016,13384
47900,permits_single_family,2017,14225
47900,permits_single_family,2018,13588
47900,permits_single_family,2019,12977
47900,permits_single_family,2020,13991
47900,permits_single_family,2021,13729
47900,permits_single_family,2022,12013
47900,permits_single_family,2023,10936
47900,permits_single_family,2024,11743
47900,permits_single_family,2025,10168
47900,permits_units,2014,24804
47900,permits_units,2015,23007
47900,permits_units,2016,25687
47900,permits_units,2017,27265
47900,permits_units,2018,25757
47900,permits_units,2019,26804
47900,permits_units,2020,25166
47900,permits_units,2021,27414
47900,permits_units,2022,35906
47900,permits_units,2023,23493
47900,permits_units,2024,21487
47900,permits_units,2025,17990
47920,permits_multifamily,2024,0
47920,permits_multifamily,2025,0
47920,permits_single_family,2024,52
47920,permits_single_family,2025,79
47920,permits_units,2024,71
47920,permits_units,2025,81
47930,permits_multifamily,2024,21
47930,permits_multifamily,2025,206
47930,permits_single_family,2024,264
47930,permits_single_family,2025,288
47930,permits_units,2024,317
47930,permits_units,2025,513
47940,permits_multifamily,2014,40
47940,permits_multifamily,2015,80
47940,permits_multifamily,2016,192
47940,permits_multifamily,2017,386
47940,permits_multifamily,2018,70
47940,permits_multifamily,2019,200
47940,permits_multifamily,2020,8
47940,permits_multifamily,2021,0
47940,permits_multifamily,2022,43
47940,permits_multifamily,2023,222
47940,permits_multifamily,2024,67
47940,permits_multifamily,2025,283
47940,permits_single_family,2014,334
47940,permits_single_family,2015,328
47940,permits_single_family,2016,357
47940,permits_single_family,2017,304
47940,permits_single_family,2018,261
47940,permits_single_family,2019,269
47940,permits_single_family,2020,303
47940,permits_single_family,2021,203
47940,permits_single_family,2022,187
47940,permits_single_family,2023,235
47940,permits_single_family,2024,211
47940,permits_single_family,2025,221
47940,permits_units,2014,407
47940,permits_units,2015,414
47940,permits_units,2016,551
47940,permits_units,2017,708
47940,permits_units,2018,335
47940,permits_units,2019,489
47940,permits_units,2020,351
47940,permits_units,2021,205
47940,permits_units,2022,264
47940,permits_units,2023,481
47940,permits_units,2024,337
47940,permits_units,2025,554
47980,permits_multifamily,2024,63
47980,permits_multifamily,2025,42
47980,permits_single_family,2024,80
47980,permits_single_family,2025,92
47980,permits_units,2024,159
47980,permits_units,2025,142
48020,permits_multifamily,2024,0
48020,permits_multifamily,2025,228
48020,permits_single_family,2024,132
48020,permits_single_family,2025,172
48020,permits_units,2024,146
48020,permits_units,2025,420
48060,permits_multifamily,2014,408
48060,permits_multifamily,2015,10
48060,permits_multifamily,2016,0
48060,permits_multifamily,2017,0
48060,permits_multifamily,2018,0
48060,permits_multifamily,2019,0
48060,permits_multifamily,2020,0
48060,permits_multifamily,2021,0
48060,permits_multifamily,2022,0
48060,permits_multifamily,2023,0
48060,permits_multifamily,2024,0
48060,permits_multifamily,2025,62
48060,permits_single_family,2014,107
48060,permits_single_family,2015,137
48060,permits_single_family,2016,103
48060,permits_single_family,2017,141
48060,permits_single_family,2018,138
48060,permits_single_family,2019,138
48060,permits_single_family,2020,129
48060,permits_single_family,2021,161
48060,permits_single_family,2022,176
48060,permits_single_family,2023,194
48060,permits_single_family,2024,191
48060,permits_single_family,2025,226
48060,permits_units,2014,519
48060,permits_units,2015,147
48060,permits_units,2016,105
48060,permits_units,2017,141
48060,permits_units,2018,138
48060,permits_units,2019,138
48060,permits_units,2020,129
48060,permits_units,2021,161
48060,permits_units,2022,179
48060,permits_units,2023,194
48060,permits_units,2024,191
48060,permits_units,2025,288
48140,permits_multifamily,2014,165
48140,permits_multifamily,2015,0
48140,permits_multifamily,2016,0
48140,permits_multifamily,2017,292
48140,permits_multifamily,2018,0
48140,permits_multifamily,2019,178
48140,permits_multifamily,2020,69
48140,permits_multifamily,2021,273
48140,permits_multifamily,2022,124
48140,permits_multifamily,2023,205
48140,permits_multifamily,2024,192
48140,permits_multifamily,2025,98
48140,permits_single_family,2014,218
48140,permits_single_family,2015,229
48140,permits_single_family,2016,243
48140,permits_single_family,2017,291
48140,permits_single_family,2018,274
48140,permits_single_family,2019,371
48140,permits_single_family,2020,448
48140,permits_single_family,2021,387
48140,permits_single_family,2022,351
48140,permits_single_family,2023,328
48140,permits_single_family,2024,216
48140,permits_single_family,2025,236
48140,permits_units,2014,383
48140,permits_units,2015,241
48140,permits_units,2016,245
48140,permits_units,2017,611
48140,permits_units,2018,308
48140,permits_units,2019,579
48140,permits_units,2020,532
48140,permits_units,2021,680
48140,permits_units,2022,487
48140,permits_units,2023,570
48140,permits_units,2024,408
48140,permits_units,2025,348
48180,permits_multifamily,2024,0
48180,permits_multifamily,2025,72
48180,permits_single_family,2024,117
48180,permits_single_family,2025,104
48180,permits_units,2024,138
48180,permits_units,2025,187
48200,permits_multifamily,2024,150
48200,permits_multifamily,2025,160
48200,permits_single_family,2024,373
48200,permits_single_family,2025,352
48200,permits_units,2024,537
48200,permits_units,2025,514
48220,permits_multifamily,2024,5
48220,permits_multifamily,2025,5
48220,permits_single_family,2024,26
48220,permits_single_family,2025,26
48220,permits_units,2024,31
48220,permits_units,2025,39
48260,permits_multifamily,2014,0
48260,permits_multifamily,2015,0
48260,permits_multifamily,2016,0
48260,permits_multifamily,2017,0
48260,permits_multifamily,2018,0
48260,permits_multifamily,2019,0
48260,permits_multifamily,2020,0
48260,permits_multifamily,2021,0
48260,permits_multifamily,2022,0
48260,permits_multifamily,2023,0
48260,permits_multifamily,2024,0
48260,permits_multifamily,2025,0
48260,permits_single_family,2014,25
48260,permits_single_family,2015,48
48260,permits_single_family,2016,35
48260,permits_single_family,2017,27
48260,permits_single_family,2018,24
48260,permits_single_family,2019,25
48260,permits_single_family,2020,30
48260,permits_single_family,2021,34
48260,permits_single_family,2022,33
48260,permits_single_family,2023,14
48260,permits_single_family,2024,18
48260,permits_single_family,2025,17
48260,permits_units,2014,41
48260,permits_units,2015,48
48260,permits_units,2016,35
48260,permits_units,2017,29
48260,permits_units,2018,26
48260,permits_units,2019,25
48260,permits_units,2020,30
48260,permits_units,2021,34
48260,permits_units,2022,33
48260,permits_units,2023,16
48260,permits_units,2024,18
48260,permits_units,2025,17
48300,permits_multifamily,2014,21
48300,permits_multifamily,2015,89
48300,permits_multifamily,2016,21
48300,permits_multifamily,2017,14
48300,permits_multifamily,2018,171
48300,permits_multifamily,2019,289
48300,permits_multifamily,2020,262
48300,permits_multifamily,2021,159
48300,permits_multifamily,2022,245
48300,permits_multifamily,2023,66
48300,permits_multifamily,2024,377
48300,permits_multifamily,2025,521
48300,permits_single_family,2014,433
48300,permits_single_family,2015,490
48300,permits_single_family,2016,543
48300,permits_single_family,2017,599
48300,permits_single_family,2018,626
48300,permits_single_family,2019,632
48300,permits_single_family,2020,706
48300,permits_single_family,2021,803
48300,permits_single_family,2022,570
48300,permits_single_family,2023,505
48300,permits_single_family,2024,558
48300,permits_single_family,2025,530
48300,permits_units,2014,460
48300,permits_units,2015,593
48300,permits_units,2016,574
48300,permits_units,2017,629
48300,permits_units,2018,807
48300,permits_units,2019,955
48300,permits_units,2020,991
48300,permits_units,2021,1000
48300,permits_units,2022,861
48300,permits_units,2023,586
48300,permits_units,2024,992
48300,permits_units,2025,1086
48460,permits_multifamily,2024,0
48460,permits_multifamily,2025,0
48460,permits_single_family,2024,28
48460,permits_single_family,2025,62
48460,permits_units,2024,53
48460,permits_units,2025,67
48540,permits_multifamily,2014,52
48540,permits_multifamily,2015,42
48540,permits_multifamily,2016,16
48540,permits_multifamily,2017,0
48540,permits_multifamily,2018,100
48540,permits_multifamily,2019,0
48540,permits_multifamily,2020,39
48540,permits_multifamily,2021,84
48540,permits_multifamily,2022,0
48540,permits_multifamily,2023,0
48540,permits_multifamily,2024,0
48540,permits_multifamily,2025,0
48540,permits_single_family,2014,9
48540,permits_single_family,2015,71
48540,permits_single_family,2016,18
48540,permits_single_family,2017,18
48540,permits_single_family,2018,9
48540,permits_single_family,2019,10
48540,permits_single_family,2020,12
48540,permits_single_family,2021,6
48540,permits_single_family,2022,14
48540,permits_single_family,2023,9
48540,permits_single_family,2024,7
48540,permits_single_family,2025,5
48540,permits_units,2014,61
48540,permits_units,2015,115
48540,permits_units,2016,34
48540,permits_units,2017,20
48540,permits_units,2018,116
48540,permits_units,2019,12
48540,permits_units,2020,55
48540,permits_units,2021,96
48540,permits_units,2022,18
48540,permits_units,2023,11
48540,permits_units,2024,9
48540,permits_units,2025,5
48580,permits_multifamily,2024,77
48580,permits_multifamily,2025,250
48580,permits_single_family,2024,378
48580,permits_single_family,2025,405
48580,permits_units,2024,477
48580,permits_units,2025,691
48620,permits_multifamily,2014,130
48620,permits_multifamily,2015,452
48620,permits_multifamily,2016,542
48620,permits_multifamily,2017,703
48620,permits_multifamily,2018,217
48620,permits_multifamily,2019,211
48620,permits_multifamily,2020,0
48620,permits_multifamily,2021,0
48620,permits_multifamily,2022,396
48620,permits_multifamily,2023,731
48620,permits_multifamily,2024,277
48620,permits_multifamily,2025,134
48620,permits_single_family,2014,1177
48620,permits_single_family,2015,1153
48620,permits_single_family,2016,1240
48620,permits_single_family,2017,1634
48620,permits_single_family,2018,1223
48620,permits_single_family,2019,1389
48620,permits_single_family,2020,1553
48620,permits_single_family,2021,1618
48620,permits_single_family,2022,1586
48620,permits_single_family,2023,1470
48620,permits_single_family,2024,1479
48620,permits_single_family,2025,1463
48620,permits_units,2014,1514
48620,permits_units,2015,2021
48620,permits_units,2016,2098
48620,permits_units,2017,2731
48620,permits_units,2018,1958
48620,permits_units,2019,2126
48620,permits_units,2020,2024
48620,permits_units,2021,2384
48620,permits_units,2022,2850
48620,permits_units,2023,3533
48620,permits_units,2024,3039
48620,permits_units,2025,3111
48660,permits_multifamily,2014,48
48660,permits_multifamily,2015,0
48660,permits_multifamily,2016,127
48660,permits_multifamily,2017,0
48660,permits_multifamily,2018,195
48660,permits_multifamily,2019,36
48660,permits_multifamily,2020,0
48660,permits_multifamily,2021,0
48660,permits_multifamily,2022,216
48660,permits_multifamily,2023,52
48660,permits_multifamily,2024,8
48660,permits_multifamily,2025,8
48660,permits_single_family,2014,107
48660,permits_single_family,2015,80
48660,permits_single_family,2016,94
48660,permits_single_family,2017,108
48660,permits_single_family,2018,117
48660,permits_single_family,2019,133
48660,permits_single_family,2020,210
48660,permits_single_family,2021,189
48660,permits_single_family,2022,162
48660,permits_single_family,2023,207
48660,permits_single_family,2024,207
48660,permits_single_family,2025,133
48660,permits_units,2014,157
48660,permits_units,2015,80
48660,permits_units,2016,226
48660,permits_units,2017,119
48660,permits_units,2018,320
48660,permits_units,2019,189
48660,permits_units,2020,238
48660,permits_units,2021,191
48660,permits_units,2022,378
48660,permits_units,2023,274
48660,permits_units,2024,239
48660,permits_units,2025,160
48680,permits_multifamily,2014,0
48680,permits_multifamily,2015,0
48680,permits_multifamily,2016,0
48680,permits_multifamily,2017,0
48680,permits_multifamily,2018,0
48680,permits_multifamily,2019,271
48680,permits_multifamily,2020,748
48680,permits_multifamily,2021,604
48680,permits_multifamily,2022,520
48680,permits_multifamily,2023,0
48680,permits_multifamily,2024,248
48680,permits_multifamily,2025,225
48680,permits_single_family,2014,2570
48680,permits_single_family,2015,1568
48680,permits_single_family,2016,1068
48680,permits_single_family,2017,1814
48680,permits_single_family,2018,2076
48680,permits_single_family,2019,2657
48680,permits_single_family,2020,2942
48680,permits_single_family,2021,4007
48680,permits_single_family,2022,3919
48680,permits_single_family,2023,3339
48680,permits_single_family,2024,3537
48680,permits_single_family,2025,3105
48680,permits_units,2014,2570
48680,permits_units,2015,1568
48680,permits_units,2016,1072
48680,permits_units,2017,1814
48680,permits_units,2018,2076
48680,permits_units,2019,2928
48680,permits_units,2020,3698
48680,permits_units,2021,4611
48680,permits_units,2022,4439
48680,permits_units,2023,3339
48680,permits_units,2024,3961
48680,permits_units,2025,3516
48700,permits_multifamily,2014,95
48700,permits_multifamily,2015,0
48700,permits_multifamily,2016,0
48700,permits_multifamily,2017,0
48700,permits_multifamily,2018,23
48700,permits_multifamily,2019,0
48700,permits_multifamily,2020,0
48700,permits_multifamily,2021,0
48700,permits_multifamily,2022,43
48700,permits_multifamily,2023,0
48700,permits_multifamily,2024,0
48700,permits_multifamily,2025,0
48700,permits_single_family,2014,107
48700,permits_single_family,2015,143
48700,permits_single_family,2016,89
48700,permits_single_family,2017,133
48700,permits_single_family,2018,103
48700,permits_single_family,2019,66
48700,permits_single_family,2020,52
48700,permits_single_family,2021,54
48700,permits_single_family,2022,70
48700,permits_single_family,2023,57
48700,permits_single_family,2024,63
48700,permits_single_family,2025,67
48700,permits_units,2014,214
48700,permits_units,2015,159
48700,permits_units,2016,93
48700,permits_units,2017,137
48700,permits_units,2018,140
48700,permits_units,2019,78
48700,permits_units,2020,52
48700,permits_units,2021,56
48700,permits_units,2022,113
48700,permits_units,2023,57
48700,permits_units,2024,65
48700,permits_units,2025,69
48780,permits_multifamily,2024,0
48780,permits_multifamily,2025,0
48780,permits_single_family,2024,88
48780,permits_single_family,2025,145
48780,permits_units,2024,90
48780,permits_units,2025,145
48820,permits_multifamily,2024,118
48820,permits_multifamily,2025,0
48820,permits_single_family,2024,70
48820,permits_single_family,2025,57
48820,permits_units,2024,194
48820,permits_units,2025,73
48900,permits_multifamily,2014,823
48900,permits_multifamily,2015,570
48900,permits_multifamily,2016,1127
48900,permits_multifamily,2017,517
48900,permits_multifamily,2018,530
48900,permits_multifamily,2019,1598
48900,permits_multifamily,2020,1505
48900,permits_multifamily,2021,1561
48900,permits_multifamily,2022,1776
48900,permits_multifamily,2023,1535
48900,permits_multifamily,2024,2175
48900,permits_multifamily,2025,1126
48900,permits_single_family,2014,1367
48900,permits_single_family,2015,1646
48900,permits_single_family,2016,1774
48900,permits_single_family,2017,2193
48900,permits_single_family,2018,1868
48900,permits_single_family,2019,1950
48900,permits_single_family,2020,2248
48900,permits_single_family,2021,2671
48900,permits_single_family,2022,2489
48900,permits_single_family,2023,2228
48900,permits_single_family,2024,7263
48900,permits_single_family,2025,6378
48900,permits_units,2014,2208
48900,permits_units,2015,2358
48900,permits_units,2016,2947
48900,permits_units,2017,2762
48900,permits_units,2018,2450
48900,permits_units,2019,3575
48900,permits_units,2020,3857
48900,permits_units,2021,4418
48900,permits_units,2022,4421
48900,permits_units,2023,3965
48900,permits_units,2024,9618
48900,permits_units,2025,7622
48940,permits_multifamily,2024,0
48940,permits_multifamily,2025,0
48940,permits_single_family,2024,115
48940,permits_single_family,2025,102
48940,permits_units,2024,120
48940,permits_units,2025,102
48980,permits_multifamily,2024,168
48980,permits_multifamily,2025,24
48980,permits_single_family,2024,398
48980,permits_single_family,2025,357
48980,permits_units,2024,580
48980,permits_units,2025,411
49010,permits_multifamily,2024,5
49010,permits_multifamily,2025,0
49010,permits_single_family,2024,387
49010,permits_single_family,2025,315
49010,permits_units,2024,422
49010,permits_units,2025,323
49020,permits_multifamily,2014,0
49020,permits_multifamily,2015,137
49020,permits_multifamily,2016,5
49020,permits_multifamily,2017,192
49020,permits_multifamily,2018,268
49020,permits_multifamily,2019,96
49020,permits_multifamily,2020,10
49020,permits_multifamily,2021,194
49020,permits_multifamily,2022,300
49020,permits_multifamily,2023,0
49020,permits_multifamily,2024,52
49020,permits_multifamily,2025,0
49020,permits_single_family,2014,523
49020,permits_single_family,2015,637
49020,permits_single_family,2016,877
49020,permits_single_family,2017,637
49020,permits_single_family,2018,605
49020,permits_single_family,2019,719
49020,permits_single_family,2020,786
49020,permits_single_family,2021,813
49020,permits_single_family,2022,741
49020,permits_single_family,2023,1002
49020,permits_single_family,2024,1031
49020,permits_single_family,2025,900
49020,permits_units,2014,525
49020,permits_units,2015,774
49020,permits_units,2016,882
49020,permits_units,2017,888
49020,permits_units,2018,934
49020,permits_units,2019,896
49020,permits_units,2020,798
49020,permits_units,2021,1022
49020,permits_units,2022,1041
49020,permits_units,2023,1006
49020,permits_units,2024,1083
49020,permits_units,2025,904
49080,permits_multifamily,2024,0
49080,permits_multifamily,2025,0
49080,permits_single_family,2024,37
49080,permits_single_family,2025,23
49080,permits_units,2024,37
49080,permits_units,2025,27
49100,permits_multifamily,2024,0
49100,permits_multifamily,2025,14
49100,permits_single_family,2024,32
49100,permits_single_family,2025,26
49100,permits_units,2024,41
49100,permits_units,2025,42
49180,permits_multifamily,2014,577
49180,permits_multifamily,2015,430
49180,permits_multifamily,2016,466
49180,permits_multifamily,2017,949
49180,permits_multifamily,2018,374
49180,permits_multifamily,2019,170
49180,permits_multifamily,2020,80
49180,permits_multifamily,2021,317
49180,permits_multifamily,2022,1490
49180,permits_multifamily,2023,1494
49180,permits_multifamily,2024,1329
49180,permits_multifamily,2025,336
49180,permits_single_family,2014,1424
49180,permits_single_family,2015,1602
49180,permits_single_family,2016,2243
49180,permits_single_family,2017,2784
49180,permits_single_family,2018,3123
49180,permits_single_family,2019,3160
49180,permits_single_family,2020,4126
49180,permits_single_family,2021,3887
49180,permits_single_family,2022,3983
49180,permits_single_family,2023,3567
49180,permits_single_family,2024,4010
49180,permits_single_family,2025,4342
49180,permits_units,2014,2085
49180,permits_units,2015,2044
49180,permits_units,2016,2727
49180,permits_units,2017,3765
49180,permits_units,2018,3499
49180,permits_units,2019,3334
49180,permits_units,2020,4216
49180,permits_units,2021,4206
49180,permits_units,2022,5480
49180,permits_units,2023,5074
49180,permits_units,2024,5456
49180,permits_units,2025,4699
49220,permits_multifamily,2024,0
49220,permits_multifamily,2025,0
49220,permits_single_family,2024,130
49220,permits_single_family,2025,130
49220,permits_units,2024,138
49220,permits_units,2025,156
49260,permits_multifamily,2024,0
49260,permits_multifamily,2025,0
49260,permits_single_family,2024,1
49260,permits_single_family,2025,6
49260,permits_units,2024,1
49260,permits_units,2025,6
49300,permits_multifamily,2024,42
49300,permits_multifamily,2025,0
49300,permits_single_family,2024,228
49300,permits_single_family,2025,223
49300,permits_units,2024,282
49300,permits_units,2025,232
49340,permits_multifamily,2014,58
49340,permits_multifamily,2015,196
49340,permits_multifamily,2016,258
49340,permits_multifamily,2017,425
49340,permits_multifamily,2018,364
49340,permits_multifamily,2019,622
49340,permits_multifamily,2020,506
49340,permits_multifamily,2021,760
49340,permits_multifamily,2022,976
49340,permits_multifamily,2023,303
49340,permits_multifamily,2024,1434
49340,permits_multifamily,2025,807
49340,permits_single_family,2014,1274
49340,permits_single_family,2015,1152
49340,permits_single_family,2016,1323
49340,permits_single_family,2017,1297
49340,permits_single_family,2018,1300
49340,permits_single_family,2019,1188
49340,permits_single_family,2020,1284
49340,permits_single_family,2021,1177
49340,permits_single_family,2022,1172
49340,permits_single_family,2023,919
49340,permits_single_family,2024,964
49340,permits_single_family,2025,776
49340,permits_units,2014,1384
49340,permits_units,2015,1385
49340,permits_units,2016,1623
49340,permits_units,2017,1768
49340,permits_units,2018,1769
49340,permits_units,2019,1917
49340,permits_units,2020,1830
49340,permits_units,2021,2053
49340,permits_units,2022,2252
49340,permits_units,2023,1349
49340,permits_units,2024,2506
49340,permits_units,2025,1690
49380,permits_multifamily,2024,0
49380,permits_multifamily,2025,76
49380,permits_single_family,2024,16
49380,permits_single_family,2025,10
49380,permits_units,2024,18
49380,permits_units,2025,94
49420,permits_multifamily,2014,82
49420,permits_multifamily,2015,0
49420,permits_multifamily,2016,0
49420,permits_multifamily,2017,0
49420,permits_multifamily,2018,15
49420,permits_multifamily,2019,370
49420,permits_multifamily,2020,13
49420,permits_multifamily,2021,351
49420,permits_multifamily,2022,159
49420,permits_multifamily,2023,58
49420,permits_multifamily,2024,23
49420,permits_multifamily,2025,80
49420,permits_single_family,2014,352
49420,permits_single_family,2015,390
49420,permits_single_family,2016,405
49420,permits_single_family,2017,412
49420,permits_single_family,2018,480
49420,permits_single_family,2019,569
49420,permits_single_family,2020,494
49420,permits_single_family,2021,631
49420,permits_single_family,2022,426
49420,permits_single_family,2023,453
49420,permits_single_family,2024,418
49420,permits_single_family,2025,602
49420,permits_units,2014,442
49420,permits_units,2015,395
49420,permits_units,2016,422
49420,permits_units,2017,434
49420,permits_units,2018,578
49420,permits_units,2019,1043
49420,permits_units,2020,575
49420,permits_units,2021,1103
49420,permits_units,2022,706
49420,permits_units,2023,650
49420,permits_units,2024,515
49420,permits_units,2025,713
49460,permits_multifamily,2024,130
49460,permits_multifamily,2025,47
49460,permits_single_family,2024,41
49460,permits_single_family,2025,37
49460,permits_units,2024,179
49460,permits_units,2025,90
49620,permits_multifamily,2014,78
49620,permits_multifamily,2015,53
49620,permits_multifamily,2016,34
49620,permits_multifamily,2017,83
49620,permits_multifamily,2018,26
49620,permits_multifamily,2019,389
49620,permits_multifamily,2020,326
49620,permits_multifamily,2021,150
49620,permits_multifamily,2022,292
49620,permits_multifamily,2023,146
49620,permits_multifamily,2024,338
49620,permits_multifamily,2025,554
49620,permits_single_family,2014,720
49620,permits_single_family,2015,707
49620,permits_single_family,2016,769
49620,permits_single_family,2017,678
49620,permits_single_family,2018,788
49620,permits_single_family,2019,858
49620,permits_single_family,2020,789
49620,permits_single_family,2021,1164
49620,permits_single_family,2022,1062
49620,permits_single_family,2023,983
49620,permits_single_family,2024,952
49620,permits_single_family,2025,1025
49620,permits_units,2014,816
49620,permits_units,2015,778
49620,permits_units,2016,878
49620,permits_units,2017,838
49620,permits_units,2018,916
49620,permits_units,2019,1313
49620,permits_units,2020,1204
49620,permits_units,2021,1316
49620,permits_units,2022,1362
49620,permits_units,2023,1167
49620,permits_units,2024,1335
49620,permits_units,2025,1589
49660,permits_multifamily,2014,12
49660,permits_multifamily,2015,12
49660,permits_multifamily,2016,127
49660,permits_multifamily,2017,0
49660,permits_multifamily,2018,0
49660,permits_multifamily,2019,0
49660,permits_multifamily,2020,0
49660,permits_multifamily,2021,0
49660,permits_multifamily,2022,12
49660,permits_multifamily,2023,0
49660,permits_multifamily,2024,0
49660,permits_multifamily,2025,0
49660,permits_single_family,2014,301
49660,permits_single_family,2015,299
49660,permits_single_family,2016,327
49660,permits_single_family,2017,310
49660,permits_single_family,2018,366
49660,permits_single_family,2019,323
49660,permits_single_family,2020,311
49660,permits_single_family,2021,373
49660,permits_single_family,2022,347
49660,permits_single_family,2023,282
49660,permits_single_family,2024,265
49660,permits_single_family,2025,276
49660,permits_units,2014,313
49660,permits_units,2015,311
49660,permits_units,2016,466
49660,permits_units,2017,324
49660,permits_units,2018,374
49660,permits_units,2019,330
49660,permits_units,2020,324
49660,permits_units,2021,400
49660,permits_units,2022,364
49660,permits_units,2023,290
49660,permits_units,2024,274
49660,permits_units,2025,286
49700,permits_multifamily,2014,0
49700,permits_multifamily,2015,97
49700,permits_multifamily,2016,0
49700,permits_multifamily,2017,0
49700,permits_multifamily,2018,0
49700,permits_multifamily,2019,24
49700,permits_multifamily,2020,0
49700,permits_multifamily,2021,252
49700,permits_multifamily,2022,118
49700,permits_multifamily,2023,0
49700,permits_multifamily,2024,46
49700,permits_multifamily,2025,211
49700,permits_single_family,2014,270
49700,permits_single_family,2015,242
49700,permits_single_family,2016,257
49700,permits_single_family,2017,299
49700,permits_single_family,2018,470
49700,permits_single_family,2019,654
49700,permits_single_family,2020,576
49700,permits_single_family,2021,725
49700,permits_single_family,2022,592
49700,permits_single_family,2023,589
49700,permits_single_family,2024,809
49700,permits_single_family,2025,589
49700,permits_units,2014,280
49700,permits_units,2015,371
49700,permits_units,2016,261
49700,permits_units,2017,303
49700,permits_units,2018,476
49700,permits_units,2019,678
49700,permits_units,2020,586
49700,permits_units,2021,981
49700,permits_units,2022,738
49700,permits_units,2023,609
49700,permits_units,2024,873
49700,permits_units,2025,821
49740,permits_multifamily,2014,0
49740,permits_multifamily,2015,0
49740,permits_multifamily,2016,0
49740,permits_multifamily,2017,68
49740,permits_multifamily,2018,0
49740,permits_multifamily,2019,0
49740,permits_multifamily,2020,5
49740,permits_multifamily,2021,190
49740,permits_multifamily,2022,98
49740,permits_multifamily,2023,88
49740,permits_multifamily,2024,180
49740,permits_multifamily,2025,308
49740,permits_single_family,2014,594
49740,permits_single_family,2015,765
49740,permits_single_family,2016,890
49740,permits_single_family,2017,1005
49740,permits_single_family,2018,1011
49740,permits_single_family,2019,1200
49740,permits_single_family,2020,1181
49740,permits_single_family,2021,1096
49740,permits_single_family,2022,728
49740,permits_single_family,2023,761
49740,permits_single_family,2024,1183
49740,permits_single_family,2025,806
49740,permits_units,2014,594
49740,permits_units,2015,768
49740,permits_units,2016,897
49740,permits_units,2017,1101
49740,permits_units,2018,1015
49740,permits_units,2019,1206
49740,permits_units,2020,1290
49740,permits_units,2021,1291
49740,permits_units,2022,852
49740,permits_units,2023,873
49740,permits_units,2024,1401
49740,permits_units,2025,1155
49780,permits_multifamily,2024,42
49780,permits_multifamily,2025,155
49780,permits_single_family,2024,35
49780,permits_single_family,2025,25
49780,permits_units,2024,95
49780,permits_units,2025,202
